model_id,.chain,.iteration,.draw,mu,tau
rc_a33_point_primary_hn1,1,1,1,-1.38717,1.15331
rc_a33_point_primary_hn1,1,2,2,-1.49555,1.35153
rc_a33_point_primary_hn1,1,3,3,-1.64629,1.48681
rc_a33_point_primary_hn1,1,4,4,-1.61467,1.2896
rc_a33_point_primary_hn1,1,5,5,-0.918746,0.699678
rc_a33_point_primary_hn1,1,6,6,-0.689445,0.472956
rc_a33_point_primary_hn1,1,7,7,-0.626381,0.406336
rc_a33_point_primary_hn1,1,8,8,-0.621868,0.40547
rc_a33_point_primary_hn1,1,9,9,-0.834268,0.410792
rc_a33_point_primary_hn1,1,10,10,-0.627358,0.498709
rc_a33_point_primary_hn1,1,11,11,-0.684478,0.421432
rc_a33_point_primary_hn1,1,12,12,-1.11599,0.632617
rc_a33_point_primary_hn1,1,13,13,-0.245129,0.865293
rc_a33_point_primary_hn1,1,14,14,-0.47836,0.842877
rc_a33_point_primary_hn1,1,15,15,-0.472205,1.02027
rc_a33_point_primary_hn1,1,16,16,-0.524598,0.950768
rc_a33_point_primary_hn1,1,17,17,-0.443336,0.691013
rc_a33_point_primary_hn1,1,18,18,-0.4021,1.26258
rc_a33_point_primary_hn1,1,19,19,-0.496719,1.00315
rc_a33_point_primary_hn1,1,20,20,-0.30525,1.7161
rc_a33_point_primary_hn1,1,21,21,-0.317555,0.577219
rc_a33_point_primary_hn1,1,22,22,-0.32115899999999997,0.608692
rc_a33_point_primary_hn1,1,23,23,-0.483597,0.435157
rc_a33_point_primary_hn1,1,24,24,-0.56036300000000006,0.50983
rc_a33_point_primary_hn1,1,25,25,-0.61691,1.01153
rc_a33_point_primary_hn1,1,26,26,-0.438653,0.960577
rc_a33_point_primary_hn1,1,27,27,-0.413053,1.03265
rc_a33_point_primary_hn1,1,28,28,-0.992577,1.58649
rc_a33_point_primary_hn1,1,29,29,-1.00979,1.58748
rc_a33_point_primary_hn1,1,30,30,-0.745603,1.1726
rc_a33_point_primary_hn1,1,31,31,-0.697092,0.97596
rc_a33_point_primary_hn1,1,32,32,-0.647427,0.391296
rc_a33_point_primary_hn1,1,33,33,-0.704398,0.418555
rc_a33_point_primary_hn1,1,34,34,-0.824326,0.626441
rc_a33_point_primary_hn1,1,35,35,-0.804461,0.53405
rc_a33_point_primary_hn1,1,36,36,-0.786601,0.724537
rc_a33_point_primary_hn1,1,37,37,-0.954442,0.727342
rc_a33_point_primary_hn1,1,38,38,-0.315287,0.817724
rc_a33_point_primary_hn1,1,39,39,-0.398818,1.04386
rc_a33_point_primary_hn1,1,40,40,-0.498532,1.05371
rc_a33_point_primary_hn1,1,41,41,-0.312597,0.478989
rc_a33_point_primary_hn1,1,42,42,-0.021315,0.588578
rc_a33_point_primary_hn1,1,43,43,-0.151449,0.827003
rc_a33_point_primary_hn1,1,44,44,-0.203141,0.857461
rc_a33_point_primary_hn1,1,45,45,-0.402619,0.77601
rc_a33_point_primary_hn1,1,46,46,-0.416903,0.974098
rc_a33_point_primary_hn1,1,47,47,-1.16018,0.94976
rc_a33_point_primary_hn1,1,48,48,-1.04842,1.08869
rc_a33_point_primary_hn1,1,49,49,-1.14187,0.868363
rc_a33_point_primary_hn1,1,50,50,-0.962613,1.01299
rc_a33_point_primary_hn1,1,51,51,-1.10205,0.901653
rc_a33_point_primary_hn1,1,52,52,-1.03678,0.880407
rc_a33_point_primary_hn1,1,53,53,-1.19039,0.878333
rc_a33_point_primary_hn1,1,54,54,-0.671224,0.75965800000000006
rc_a33_point_primary_hn1,1,55,55,-0.325683,0.8765
rc_a33_point_primary_hn1,1,56,56,-0.405162,1.1084
rc_a33_point_primary_hn1,1,57,57,-0.192934,0.94997
rc_a33_point_primary_hn1,1,58,58,-0.557994,1.00797
rc_a33_point_primary_hn1,1,59,59,-0.420696,0.759114
rc_a33_point_primary_hn1,1,60,60,-0.51041,0.825313
rc_a33_point_primary_hn1,1,61,61,-1.02702,0.763553
rc_a33_point_primary_hn1,1,62,62,-0.942278,0.772524
rc_a33_point_primary_hn1,1,63,63,-0.426946,1.33241
rc_a33_point_primary_hn1,1,64,64,-0.436543,1.21923
rc_a33_point_primary_hn1,1,65,65,-0.376467,1.18638
rc_a33_point_primary_hn1,1,66,66,-0.442292,1.29133
rc_a33_point_primary_hn1,1,67,67,-0.22392,0.877261
rc_a33_point_primary_hn1,1,68,68,-0.346628,0.473879
rc_a33_point_primary_hn1,1,69,69,-0.304734,0.495787
rc_a33_point_primary_hn1,1,70,70,-0.21071,0.608175
rc_a33_point_primary_hn1,1,71,71,-0.329329,0.714538
rc_a33_point_primary_hn1,1,72,72,-0.863537,0.41828
rc_a33_point_primary_hn1,1,73,73,-1.02566,0.411705
rc_a33_point_primary_hn1,1,74,74,-0.630197,0.480511
rc_a33_point_primary_hn1,1,75,75,-0.589238,0.664607
rc_a33_point_primary_hn1,1,76,76,-0.678976,0.447887
rc_a33_point_primary_hn1,1,77,77,-0.596172,0.466171
rc_a33_point_primary_hn1,1,78,78,-0.704044,0.558689
rc_a33_point_primary_hn1,1,79,79,-0.724125,0.503645
rc_a33_point_primary_hn1,1,80,80,-0.890039,0.549329
rc_a33_point_primary_hn1,1,81,81,-0.802627,0.541781
rc_a33_point_primary_hn1,1,82,82,-0.702996,0.569115
rc_a33_point_primary_hn1,1,83,83,-0.648273,0.338501
rc_a33_point_primary_hn1,1,84,84,-0.585855,0.325249
rc_a33_point_primary_hn1,1,85,85,-0.807899,0.511748
rc_a33_point_primary_hn1,1,86,86,-0.717709,0.579119
rc_a33_point_primary_hn1,1,87,87,-0.91357,0.432583
rc_a33_point_primary_hn1,1,88,88,-0.737302,0.342243
rc_a33_point_primary_hn1,1,89,89,-0.794366,0.324533
rc_a33_point_primary_hn1,1,90,90,-0.452882,0.465457
rc_a33_point_primary_hn1,1,91,91,-0.695468,0.757871
rc_a33_point_primary_hn1,1,92,92,-0.678315,0.804889
rc_a33_point_primary_hn1,1,93,93,-0.534349,0.685397
rc_a33_point_primary_hn1,1,94,94,-0.515254,0.589733
rc_a33_point_primary_hn1,1,95,95,-0.588131,0.36686
rc_a33_point_primary_hn1,1,96,96,-0.619372,0.443264
rc_a33_point_primary_hn1,1,97,97,-0.435165,0.357382
rc_a33_point_primary_hn1,1,98,98,-1.04091,0.772266
rc_a33_point_primary_hn1,1,99,99,-0.434552,1.00008
rc_a33_point_primary_hn1,1,100,100,-1.27132,0.624391
rc_a33_point_primary_hn1,1,101,101,-0.521816,0.41783
rc_a33_point_primary_hn1,1,102,102,-1.00666,0.520015
rc_a33_point_primary_hn1,1,103,103,-0.584845,0.8708
rc_a33_point_primary_hn1,1,104,104,-0.428425,0.772891
rc_a33_point_primary_hn1,1,105,105,-0.508916,0.499194
rc_a33_point_primary_hn1,1,106,106,-0.390453,0.522773
rc_a33_point_primary_hn1,1,107,107,-0.42468,0.840395
rc_a33_point_primary_hn1,1,108,108,-0.426245,0.708358
rc_a33_point_primary_hn1,1,109,109,-0.393866,0.567925
rc_a33_point_primary_hn1,1,110,110,-0.318449,0.743034
rc_a33_point_primary_hn1,1,111,111,-0.379613,0.850944
rc_a33_point_primary_hn1,1,112,112,-0.759987,0.73495
rc_a33_point_primary_hn1,1,113,113,-0.787871,0.738394
rc_a33_point_primary_hn1,1,114,114,-1.02335,0.834752
rc_a33_point_primary_hn1,1,115,115,-0.731869,0.344532
rc_a33_point_primary_hn1,1,116,116,-0.726216,0.367965
rc_a33_point_primary_hn1,1,117,117,-0.751254,0.497192
rc_a33_point_primary_hn1,1,118,118,-0.760869,0.50876999999999994
rc_a33_point_primary_hn1,1,119,119,-0.950633,0.463065
rc_a33_point_primary_hn1,1,120,120,-0.794664,0.386226
rc_a33_point_primary_hn1,1,121,121,-0.884119,0.45119
rc_a33_point_primary_hn1,1,122,122,-0.787116,0.401353
rc_a33_point_primary_hn1,1,123,123,-0.779385,0.363732
rc_a33_point_primary_hn1,1,124,124,-0.923472,0.478609
rc_a33_point_primary_hn1,1,125,125,-0.763879,0.435536
rc_a33_point_primary_hn1,1,126,126,-0.551215,1.1674
rc_a33_point_primary_hn1,1,127,127,-0.308561,1.44551
rc_a33_point_primary_hn1,1,128,128,-0.239852,1.41929
rc_a33_point_primary_hn1,1,129,129,-0.806734,0.645552
rc_a33_point_primary_hn1,1,130,130,-0.71937,0.572414
rc_a33_point_primary_hn1,1,131,131,-0.596121,0.453851
rc_a33_point_primary_hn1,1,132,132,-0.967027,0.770332
rc_a33_point_primary_hn1,1,133,133,-1.0967,0.763086
rc_a33_point_primary_hn1,1,134,134,-1.2685,0.79011
rc_a33_point_primary_hn1,1,135,135,-1.27783,0.792656
rc_a33_point_primary_hn1,1,136,136,-1.105,0.897028
rc_a33_point_primary_hn1,1,137,137,-1.06805,0.877225
rc_a33_point_primary_hn1,1,138,138,-1.01322,0.910588
rc_a33_point_primary_hn1,1,139,139,-1.02911,0.791952
rc_a33_point_primary_hn1,1,140,140,-1.02646,0.803625
rc_a33_point_primary_hn1,1,141,141,-0.9941,0.567087
rc_a33_point_primary_hn1,1,142,142,-0.547933,0.588691
rc_a33_point_primary_hn1,1,143,143,-0.54392,0.593055
rc_a33_point_primary_hn1,1,144,144,-0.579487,0.647972
rc_a33_point_primary_hn1,1,145,145,-0.935997,1.36839
rc_a33_point_primary_hn1,1,146,146,-1.09022,1.2317
rc_a33_point_primary_hn1,1,147,147,-0.771886,0.646083
rc_a33_point_primary_hn1,1,148,148,-0.903296,0.615081
rc_a33_point_primary_hn1,1,149,149,-0.9916,0.612436
rc_a33_point_primary_hn1,1,150,150,-1.0326,0.634979
rc_a33_point_primary_hn1,1,151,151,-1.38925,0.970638
rc_a33_point_primary_hn1,1,152,152,-1.54353,0.854586
rc_a33_point_primary_hn1,1,153,153,0.529089,1.83091
rc_a33_point_primary_hn1,1,154,154,-0.857086,0.556757
rc_a33_point_primary_hn1,1,155,155,-1.11254,0.715827
rc_a33_point_primary_hn1,1,156,156,-1.21092,0.864388
rc_a33_point_primary_hn1,1,157,157,-1.07685,0.870603
rc_a33_point_primary_hn1,1,158,158,-1.04931,0.863529
rc_a33_point_primary_hn1,1,159,159,-1.0454,1.04258
rc_a33_point_primary_hn1,1,160,160,-0.58571,0.518294
rc_a33_point_primary_hn1,1,161,161,-1.11708,0.632595
rc_a33_point_primary_hn1,1,162,162,-1.02528,0.827509
rc_a33_point_primary_hn1,1,163,163,-1.33192,1.47236
rc_a33_point_primary_hn1,1,164,164,-0.839166,0.844553
rc_a33_point_primary_hn1,1,165,165,-0.962196,0.910927
rc_a33_point_primary_hn1,1,166,166,-1.00814,0.841389
rc_a33_point_primary_hn1,1,167,167,-0.948258,1.01627
rc_a33_point_primary_hn1,1,168,168,-0.985254,1.0485
rc_a33_point_primary_hn1,1,169,169,-1.32918,0.96163
rc_a33_point_primary_hn1,1,170,170,-0.780764,0.719536
rc_a33_point_primary_hn1,1,171,171,-0.813059,0.824132
rc_a33_point_primary_hn1,1,172,172,-0.769513,0.646294
rc_a33_point_primary_hn1,1,173,173,-0.798501,0.791036
rc_a33_point_primary_hn1,1,174,174,-0.781143,1.01383
rc_a33_point_primary_hn1,1,175,175,-0.673674,0.539337
rc_a33_point_primary_hn1,1,176,176,-0.50065,0.516371
rc_a33_point_primary_hn1,1,177,177,-0.159777,1.1106
rc_a33_point_primary_hn1,1,178,178,0.0585196,0.84666
rc_a33_point_primary_hn1,1,179,179,-0.0278314,0.948558
rc_a33_point_primary_hn1,1,180,180,0.061629,0.86558
rc_a33_point_primary_hn1,1,181,181,-0.115164,1.23042
rc_a33_point_primary_hn1,1,182,182,-0.0568703,1.18112
rc_a33_point_primary_hn1,1,183,183,-0.149342,1.21477
rc_a33_point_primary_hn1,1,184,184,-0.764736,0.583362
rc_a33_point_primary_hn1,1,185,185,-0.282777,0.85652
rc_a33_point_primary_hn1,1,186,186,-0.341246,0.740143
rc_a33_point_primary_hn1,1,187,187,-0.322039,0.767665
rc_a33_point_primary_hn1,1,188,188,-0.379332,0.804541
rc_a33_point_primary_hn1,1,189,189,-0.678789,0.851532
rc_a33_point_primary_hn1,1,190,190,-0.627656,0.81235
rc_a33_point_primary_hn1,1,191,191,-0.675386,0.522123
rc_a33_point_primary_hn1,1,192,192,-0.637026,0.338089
rc_a33_point_primary_hn1,1,193,193,-0.708872,0.387538
rc_a33_point_primary_hn1,1,194,194,-0.947639,0.777259
rc_a33_point_primary_hn1,1,195,195,-1.02504,0.746004
rc_a33_point_primary_hn1,1,196,196,-0.741574,0.586686
rc_a33_point_primary_hn1,1,197,197,-0.640056,0.936606
rc_a33_point_primary_hn1,1,198,198,-0.693706,0.720873
rc_a33_point_primary_hn1,1,199,199,-0.532226,0.996721
rc_a33_point_primary_hn1,1,200,200,-0.384841,0.667253
rc_a33_point_primary_hn1,1,201,201,-0.629339,0.636859
rc_a33_point_primary_hn1,1,202,202,-0.379171,0.631657
rc_a33_point_primary_hn1,1,203,203,-0.762234,0.666482
rc_a33_point_primary_hn1,1,204,204,-0.918205,0.72025
rc_a33_point_primary_hn1,1,205,205,-0.862693,0.539518
rc_a33_point_primary_hn1,1,206,206,-0.786136,0.437581
rc_a33_point_primary_hn1,1,207,207,-0.807279,0.675266
rc_a33_point_primary_hn1,1,208,208,-0.788687,0.55935
rc_a33_point_primary_hn1,1,209,209,-0.36246,0.416466
rc_a33_point_primary_hn1,1,210,210,-0.708915,0.304818
rc_a33_point_primary_hn1,1,211,211,-0.809241,0.454075
rc_a33_point_primary_hn1,1,212,212,-0.855666,0.596507
rc_a33_point_primary_hn1,1,213,213,-1.12388,0.735209
rc_a33_point_primary_hn1,1,214,214,-1.15368,0.664174
rc_a33_point_primary_hn1,1,215,215,-1.03553,0.637869
rc_a33_point_primary_hn1,1,216,216,-0.75449,0.801055
rc_a33_point_primary_hn1,1,217,217,-0.732437,0.613452
rc_a33_point_primary_hn1,1,218,218,-0.636911,0.806281
rc_a33_point_primary_hn1,1,219,219,-0.300403,1.10338
rc_a33_point_primary_hn1,1,220,220,-0.80318,0.861851
rc_a33_point_primary_hn1,1,221,221,-0.881791,0.989452
rc_a33_point_primary_hn1,1,222,222,-0.870466,0.436886
rc_a33_point_primary_hn1,1,223,223,-0.556702,0.614007
rc_a33_point_primary_hn1,1,224,224,-0.431299,0.903403
rc_a33_point_primary_hn1,1,225,225,-0.707775,0.961851
rc_a33_point_primary_hn1,1,226,226,-0.596736,0.82217
rc_a33_point_primary_hn1,1,227,227,-0.212815,0.618996
rc_a33_point_primary_hn1,1,228,228,-0.605104,0.722737
rc_a33_point_primary_hn1,1,229,229,-0.72633,0.792394
rc_a33_point_primary_hn1,1,230,230,-0.612168,0.668862
rc_a33_point_primary_hn1,1,231,231,-0.668558,0.647008
rc_a33_point_primary_hn1,1,232,232,-0.650683,0.592264
rc_a33_point_primary_hn1,1,233,233,-0.740382,0.6903
rc_a33_point_primary_hn1,1,234,234,-0.855266,0.611492
rc_a33_point_primary_hn1,1,235,235,-1.05325,1.05397
rc_a33_point_primary_hn1,1,236,236,-0.591602,0.567805
rc_a33_point_primary_hn1,1,237,237,-0.733698,0.655994
rc_a33_point_primary_hn1,1,238,238,-0.699727,0.594044
rc_a33_point_primary_hn1,1,239,239,-0.753464,0.55655
rc_a33_point_primary_hn1,1,240,240,-0.703575,0.418004
rc_a33_point_primary_hn1,1,241,241,-0.507508,0.628453
rc_a33_point_primary_hn1,1,242,242,-0.548953,0.689553
rc_a33_point_primary_hn1,1,243,243,-0.526706,0.545224
rc_a33_point_primary_hn1,1,244,244,-0.714195,0.429224
rc_a33_point_primary_hn1,1,245,245,-0.678123,0.436899
rc_a33_point_primary_hn1,1,246,246,-0.519913,0.354863
rc_a33_point_primary_hn1,1,247,247,-0.822853,0.732696
rc_a33_point_primary_hn1,1,248,248,-0.776263,0.849617
rc_a33_point_primary_hn1,1,249,249,-0.63394,0.855401
rc_a33_point_primary_hn1,1,250,250,-0.643156,0.863237
rc_a33_point_primary_hn1,1,251,251,-0.477567,0.795835
rc_a33_point_primary_hn1,1,252,252,-0.876755,0.609736
rc_a33_point_primary_hn1,1,253,253,-0.775486,0.703398
rc_a33_point_primary_hn1,1,254,254,-0.642097,0.570287
rc_a33_point_primary_hn1,1,255,255,-0.51997,0.592085
rc_a33_point_primary_hn1,1,256,256,-0.443655,0.659201
rc_a33_point_primary_hn1,1,257,257,-0.942619,0.76199
rc_a33_point_primary_hn1,1,258,258,-1.00849,0.91251
rc_a33_point_primary_hn1,1,259,259,-0.779053,0.445339
rc_a33_point_primary_hn1,1,260,260,-0.880263,0.391777
rc_a33_point_primary_hn1,1,261,261,-0.778979,0.336858
rc_a33_point_primary_hn1,1,262,262,-0.790822,0.450823
rc_a33_point_primary_hn1,1,263,263,-0.915462,0.360951
rc_a33_point_primary_hn1,1,264,264,-1.2007,0.603541
rc_a33_point_primary_hn1,1,265,265,-0.899751,0.859288
rc_a33_point_primary_hn1,1,266,266,-0.900375,0.592888
rc_a33_point_primary_hn1,1,267,267,-0.86612,0.539746
rc_a33_point_primary_hn1,1,268,268,-0.792059,0.915004
rc_a33_point_primary_hn1,1,269,269,-0.900066,0.879159
rc_a33_point_primary_hn1,1,270,270,-1.04019,0.851011
rc_a33_point_primary_hn1,1,271,271,-1.09949,0.528876
rc_a33_point_primary_hn1,1,272,272,-1.3028,0.679538
rc_a33_point_primary_hn1,1,273,273,-0.937091,0.568408
rc_a33_point_primary_hn1,1,274,274,-0.678055,0.509096
rc_a33_point_primary_hn1,1,275,275,-0.736185,0.719735
rc_a33_point_primary_hn1,1,276,276,-1.01773,0.406481
rc_a33_point_primary_hn1,1,277,277,-0.932651,0.425173
rc_a33_point_primary_hn1,1,278,278,-0.643942,0.355708
rc_a33_point_primary_hn1,1,279,279,-0.624064,0.596323
rc_a33_point_primary_hn1,1,280,280,-0.753346,0.564105
rc_a33_point_primary_hn1,1,281,281,-0.895246,0.792775
rc_a33_point_primary_hn1,1,282,282,-0.648804,0.653017
rc_a33_point_primary_hn1,1,283,283,-0.78404,0.580246
rc_a33_point_primary_hn1,1,284,284,-0.776321,0.467677
rc_a33_point_primary_hn1,1,285,285,-0.724376,0.366832
rc_a33_point_primary_hn1,1,286,286,-0.83566,0.682941
rc_a33_point_primary_hn1,1,287,287,-0.685226,0.244532
rc_a33_point_primary_hn1,1,288,288,-0.741351,0.495537
rc_a33_point_primary_hn1,1,289,289,-0.647469,0.244305
rc_a33_point_primary_hn1,1,290,290,-0.865278,0.378077
rc_a33_point_primary_hn1,1,291,291,-1.24825,0.40526
rc_a33_point_primary_hn1,1,292,292,-1.13711,0.347875
rc_a33_point_primary_hn1,1,293,293,-0.909047,0.774053
rc_a33_point_primary_hn1,1,294,294,-0.694427,0.659937
rc_a33_point_primary_hn1,1,295,295,-0.193688,1.23765
rc_a33_point_primary_hn1,1,296,296,-0.94036,0.515176
rc_a33_point_primary_hn1,1,297,297,-0.889544,0.369971
rc_a33_point_primary_hn1,1,298,298,-0.884375,0.557115
rc_a33_point_primary_hn1,1,299,299,-0.961914,0.518293
rc_a33_point_primary_hn1,1,300,300,-0.981058,0.635515
rc_a33_point_primary_hn1,1,301,301,-1.17169,0.642199
rc_a33_point_primary_hn1,1,302,302,-1.08867,0.653211
rc_a33_point_primary_hn1,1,303,303,-1.03696,0.453666
rc_a33_point_primary_hn1,1,304,304,-0.911975,0.467634
rc_a33_point_primary_hn1,1,305,305,-0.895907,0.455574
rc_a33_point_primary_hn1,1,306,306,-0.824755,0.646477
rc_a33_point_primary_hn1,1,307,307,-0.886042,0.29986
rc_a33_point_primary_hn1,1,308,308,-0.893962,0.388488
rc_a33_point_primary_hn1,1,309,309,-0.948455,0.752587
rc_a33_point_primary_hn1,1,310,310,-0.863497,0.852958
rc_a33_point_primary_hn1,1,311,311,-1.12475,0.718552
rc_a33_point_primary_hn1,1,312,312,-1.14398,1.02099
rc_a33_point_primary_hn1,1,313,313,-0.956403,0.724169
rc_a33_point_primary_hn1,1,314,314,-0.356946,1.56045
rc_a33_point_primary_hn1,1,315,315,-0.347482,1.24314
rc_a33_point_primary_hn1,1,316,316,-0.365107,1.47057
rc_a33_point_primary_hn1,1,317,317,-0.359943,1.51867
rc_a33_point_primary_hn1,1,318,318,-0.519945,1.14694
rc_a33_point_primary_hn1,1,319,319,-0.437356,1.28022
rc_a33_point_primary_hn1,1,320,320,-0.532888,1.25671
rc_a33_point_primary_hn1,1,321,321,-0.809876,0.718788
rc_a33_point_primary_hn1,1,322,322,-0.883463,0.837699
rc_a33_point_primary_hn1,1,323,323,-1.74651,0.871853
rc_a33_point_primary_hn1,1,324,324,-1.76567,0.844764
rc_a33_point_primary_hn1,1,325,325,-1.66846,0.670937
rc_a33_point_primary_hn1,1,326,326,-1.08949,0.321563
rc_a33_point_primary_hn1,1,327,327,-1.08302,0.29198
rc_a33_point_primary_hn1,1,328,328,-1.03295,0.308232
rc_a33_point_primary_hn1,1,329,329,-1.12382,0.562947
rc_a33_point_primary_hn1,1,330,330,-1.23514,0.803273
rc_a33_point_primary_hn1,1,331,331,-0.635458,0.478648
rc_a33_point_primary_hn1,1,332,332,-0.673239,0.346419
rc_a33_point_primary_hn1,1,333,333,-0.539922,0.48247
rc_a33_point_primary_hn1,1,334,334,-0.673879,0.633255
rc_a33_point_primary_hn1,1,335,335,-0.564876,0.376239
rc_a33_point_primary_hn1,1,336,336,-0.731241,0.615696
rc_a33_point_primary_hn1,1,337,337,-0.704007,0.54971
rc_a33_point_primary_hn1,1,338,338,-0.715766,0.615642
rc_a33_point_primary_hn1,1,339,339,-0.800213,0.353734
rc_a33_point_primary_hn1,1,340,340,-0.906901,0.350626
rc_a33_point_primary_hn1,1,341,341,-0.751899,0.542845
rc_a33_point_primary_hn1,1,342,342,-0.565465,0.418457
rc_a33_point_primary_hn1,1,343,343,-0.825699,0.540417
rc_a33_point_primary_hn1,1,344,344,-0.606249,0.577991
rc_a33_point_primary_hn1,1,345,345,-0.449985,0.617149
rc_a33_point_primary_hn1,1,346,346,-0.517786,0.579021
rc_a33_point_primary_hn1,1,347,347,-0.458273,0.601843
rc_a33_point_primary_hn1,1,348,348,-0.280877,0.512481
rc_a33_point_primary_hn1,1,349,349,-0.36521,0.506741
rc_a33_point_primary_hn1,1,350,350,-0.245081,0.726316
rc_a33_point_primary_hn1,1,351,351,-0.240552,0.681422
rc_a33_point_primary_hn1,1,352,352,-0.274113,0.516874
rc_a33_point_primary_hn1,1,353,353,-0.101357,1.06655
rc_a33_point_primary_hn1,1,354,354,-0.211837,0.925095
rc_a33_point_primary_hn1,1,355,355,-0.306468,0.800214
rc_a33_point_primary_hn1,1,356,356,-0.654716,0.653654
rc_a33_point_primary_hn1,1,357,357,-0.629532,0.612309
rc_a33_point_primary_hn1,1,358,358,-0.677479,0.611443
rc_a33_point_primary_hn1,1,359,359,-0.659113,0.614259
rc_a33_point_primary_hn1,1,360,360,-0.290741,1.22761
rc_a33_point_primary_hn1,1,361,361,-0.145362,1.27115
rc_a33_point_primary_hn1,1,362,362,-0.855285,0.433131
rc_a33_point_primary_hn1,1,363,363,-0.896869,0.611853
rc_a33_point_primary_hn1,1,364,364,-0.782133,0.403963
rc_a33_point_primary_hn1,1,365,365,-0.708627,0.537403
rc_a33_point_primary_hn1,1,366,366,-0.534607,0.357446
rc_a33_point_primary_hn1,1,367,367,-0.814784,0.578182
rc_a33_point_primary_hn1,1,368,368,-0.990614,0.623955
rc_a33_point_primary_hn1,1,369,369,-0.952206,0.792824
rc_a33_point_primary_hn1,1,370,370,-1.0469,0.966059
rc_a33_point_primary_hn1,1,371,371,-0.922071,1.01269
rc_a33_point_primary_hn1,1,372,372,-1.0626,1.13824
rc_a33_point_primary_hn1,1,373,373,-0.966912,0.936857
rc_a33_point_primary_hn1,1,374,374,-0.798495,0.502119
rc_a33_point_primary_hn1,1,375,375,-0.76429,0.480892
rc_a33_point_primary_hn1,1,376,376,-0.584308,0.431322
rc_a33_point_primary_hn1,1,377,377,-0.714048,0.574003
rc_a33_point_primary_hn1,1,378,378,-1.02574,0.649069
rc_a33_point_primary_hn1,1,379,379,-1.03471,0.537997
rc_a33_point_primary_hn1,1,380,380,-0.921915,0.576567
rc_a33_point_primary_hn1,1,381,381,-0.794735,0.510592
rc_a33_point_primary_hn1,1,382,382,-0.930443,0.369513
rc_a33_point_primary_hn1,1,383,383,-0.700701,0.273827
rc_a33_point_primary_hn1,1,384,384,-0.901553,0.404918
rc_a33_point_primary_hn1,1,385,385,-0.900274,0.280095
rc_a33_point_primary_hn1,1,386,386,-0.680204,0.258845
rc_a33_point_primary_hn1,1,387,387,-0.690143,0.304331
rc_a33_point_primary_hn1,1,388,388,-0.611105,0.291668
rc_a33_point_primary_hn1,1,389,389,-0.823745,0.492732
rc_a33_point_primary_hn1,1,390,390,-0.755137,0.347904
rc_a33_point_primary_hn1,1,391,391,-0.63355,0.385358
rc_a33_point_primary_hn1,1,392,392,-0.792609,0.463887
rc_a33_point_primary_hn1,1,393,393,-0.812353,0.430714
rc_a33_point_primary_hn1,1,394,394,-0.93159,0.263144
rc_a33_point_primary_hn1,1,395,395,-0.853415,0.29495
rc_a33_point_primary_hn1,1,396,396,-0.951727,0.50096
rc_a33_point_primary_hn1,1,397,397,-0.614711,0.529418
rc_a33_point_primary_hn1,1,398,398,-0.506067,0.555784
rc_a33_point_primary_hn1,1,399,399,-0.729213,0.64925
rc_a33_point_primary_hn1,1,400,400,-0.627287,0.680883
rc_a33_point_primary_hn1,1,401,401,-0.505141,0.474897
rc_a33_point_primary_hn1,1,402,402,-0.453714,0.576667
rc_a33_point_primary_hn1,1,403,403,-1.06041,0.618459
rc_a33_point_primary_hn1,1,404,404,-0.729291,0.463803
rc_a33_point_primary_hn1,1,405,405,-0.784549,0.425304
rc_a33_point_primary_hn1,1,406,406,-0.506258,0.605295
rc_a33_point_primary_hn1,1,407,407,-0.718946,0.289476
rc_a33_point_primary_hn1,1,408,408,-1.00317,0.473846
rc_a33_point_primary_hn1,1,409,409,-0.705138,0.35764
rc_a33_point_primary_hn1,1,410,410,-0.819349,0.842029
rc_a33_point_primary_hn1,1,411,411,-0.740368,0.71859
rc_a33_point_primary_hn1,1,412,412,-0.997114,0.489351
rc_a33_point_primary_hn1,1,413,413,-1.05416,0.253207
rc_a33_point_primary_hn1,1,414,414,-0.834162,0.820822
rc_a33_point_primary_hn1,1,415,415,-0.786884,0.863309
rc_a33_point_primary_hn1,1,416,416,-0.880335,0.806745
rc_a33_point_primary_hn1,1,417,417,-0.433463,1.17064
rc_a33_point_primary_hn1,1,418,418,-0.450923,1.10347
rc_a33_point_primary_hn1,1,419,419,-0.59625,1.01497
rc_a33_point_primary_hn1,1,420,420,-0.352295,0.882131
rc_a33_point_primary_hn1,1,421,421,-0.776781,0.388676
rc_a33_point_primary_hn1,1,422,422,-0.636188,0.535028
rc_a33_point_primary_hn1,1,423,423,-0.664412,0.566661
rc_a33_point_primary_hn1,1,424,424,-0.633602,0.749935
rc_a33_point_primary_hn1,1,425,425,-1.34864,0.941288
rc_a33_point_primary_hn1,1,426,426,-1.46925,1.08174
rc_a33_point_primary_hn1,1,427,427,-1.26219,0.604212
rc_a33_point_primary_hn1,1,428,428,-1.32443,0.963329
rc_a33_point_primary_hn1,1,429,429,-1.15577,0.791682
rc_a33_point_primary_hn1,1,430,430,-1.39539,0.992392
rc_a33_point_primary_hn1,1,431,431,-0.900037,0.445676
rc_a33_point_primary_hn1,1,432,432,-0.769109,0.745229
rc_a33_point_primary_hn1,1,433,433,-0.848824,0.616488
rc_a33_point_primary_hn1,1,434,434,-0.914571,0.748901
rc_a33_point_primary_hn1,1,435,435,-1.02033,0.719396
rc_a33_point_primary_hn1,1,436,436,-0.959954,0.667348
rc_a33_point_primary_hn1,1,437,437,-0.797892,0.938551
rc_a33_point_primary_hn1,1,438,438,-0.876394,0.750632
rc_a33_point_primary_hn1,1,439,439,-0.935576,0.984473
rc_a33_point_primary_hn1,1,440,440,-0.90184,0.967296
rc_a33_point_primary_hn1,1,441,441,-0.715229,0.874867
rc_a33_point_primary_hn1,1,442,442,-0.438275,0.664616
rc_a33_point_primary_hn1,1,443,443,-0.750082,0.884009
rc_a33_point_primary_hn1,1,444,444,-0.28959,0.797308
rc_a33_point_primary_hn1,1,445,445,-0.37011,0.932986
rc_a33_point_primary_hn1,1,446,446,-0.199123,0.850249
rc_a33_point_primary_hn1,1,447,447,-0.507672,0.404026
rc_a33_point_primary_hn1,1,448,448,-0.611288,0.68129
rc_a33_point_primary_hn1,1,449,449,-0.622714,0.701442
rc_a33_point_primary_hn1,1,450,450,-0.786568,0.94897
rc_a33_point_primary_hn1,1,451,451,-0.817152,0.67179
rc_a33_point_primary_hn1,1,452,452,-0.685125,0.553725
rc_a33_point_primary_hn1,1,453,453,-0.962814,0.580923
rc_a33_point_primary_hn1,1,454,454,-0.959317,0.695694
rc_a33_point_primary_hn1,1,455,455,-0.832027,0.575119
rc_a33_point_primary_hn1,1,456,456,-0.799034,0.558338
rc_a33_point_primary_hn1,1,457,457,-1.14216,0.447254
rc_a33_point_primary_hn1,1,458,458,-1.15728,0.504761
rc_a33_point_primary_hn1,1,459,459,-1.03142,0.635662
rc_a33_point_primary_hn1,1,460,460,-0.886181,0.9369
rc_a33_point_primary_hn1,1,461,461,-1.12005,1.00713
rc_a33_point_primary_hn1,1,462,462,-0.671046,0.833132
rc_a33_point_primary_hn1,1,463,463,-0.616652,0.982202
rc_a33_point_primary_hn1,1,464,464,-0.466314,0.667262
rc_a33_point_primary_hn1,1,465,465,-0.6995,1.15775
rc_a33_point_primary_hn1,1,466,466,-0.906656,0.76399
rc_a33_point_primary_hn1,1,467,467,-0.920192,0.660388
rc_a33_point_primary_hn1,1,468,468,-0.708188,0.579899
rc_a33_point_primary_hn1,1,469,469,-0.833676,0.408022
rc_a33_point_primary_hn1,1,470,470,-0.986524,0.487583
rc_a33_point_primary_hn1,1,471,471,-0.540084,0.850559
rc_a33_point_primary_hn1,1,472,472,-0.903123,0.447813
rc_a33_point_primary_hn1,1,473,473,-0.818935,0.606774
rc_a33_point_primary_hn1,1,474,474,-0.682794,0.798279
rc_a33_point_primary_hn1,1,475,475,-0.659393,0.624116
rc_a33_point_primary_hn1,1,476,476,-0.659762,0.625685
rc_a33_point_primary_hn1,1,477,477,-0.738606,0.675657
rc_a33_point_primary_hn1,1,478,478,-0.82394,0.388282
rc_a33_point_primary_hn1,1,479,479,-0.876905,0.432555
rc_a33_point_primary_hn1,1,480,480,-0.54901,0.701528
rc_a33_point_primary_hn1,1,481,481,-0.377552,1.39242
rc_a33_point_primary_hn1,1,482,482,-0.459529,1.23559
rc_a33_point_primary_hn1,1,483,483,-0.585155,0.845662
rc_a33_point_primary_hn1,1,484,484,-0.737179,0.631248
rc_a33_point_primary_hn1,1,485,485,-0.563211,0.611718
rc_a33_point_primary_hn1,1,486,486,-0.55113,1.33292
rc_a33_point_primary_hn1,1,487,487,-0.698751,1.37421
rc_a33_point_primary_hn1,1,488,488,-0.708448,1.32537
rc_a33_point_primary_hn1,1,489,489,-0.733573,1.28788
rc_a33_point_primary_hn1,1,490,490,-0.801597,0.858394
rc_a33_point_primary_hn1,1,491,491,-0.726771,0.711565
rc_a33_point_primary_hn1,1,492,492,-0.674699,0.733705
rc_a33_point_primary_hn1,1,493,493,-0.361169,0.831499
rc_a33_point_primary_hn1,1,494,494,-0.322356,0.8402
rc_a33_point_primary_hn1,1,495,495,-0.327769,0.939487
rc_a33_point_primary_hn1,1,496,496,-0.274907,0.844372
rc_a33_point_primary_hn1,1,497,497,-0.220698,0.720068
rc_a33_point_primary_hn1,1,498,498,-0.63412,0.218061
rc_a33_point_primary_hn1,1,499,499,-0.624931,0.61759
rc_a33_point_primary_hn1,1,500,500,-0.500051,0.644557
rc_a33_point_primary_hn1,1,501,501,-0.810105,0.55389
rc_a33_point_primary_hn1,1,502,502,-0.82540500000000006,0.772025
rc_a33_point_primary_hn1,1,503,503,-0.845876,0.30878100000000003
rc_a33_point_primary_hn1,1,504,504,-0.889166,0.491086
rc_a33_point_primary_hn1,1,505,505,-0.763098,0.342275
rc_a33_point_primary_hn1,1,506,506,-0.929581,0.652656
rc_a33_point_primary_hn1,1,507,507,-1.03806,0.595566
rc_a33_point_primary_hn1,1,508,508,-0.855016,0.721598
rc_a33_point_primary_hn1,1,509,509,-0.591786,0.473886
rc_a33_point_primary_hn1,1,510,510,-0.377429,0.461198
rc_a33_point_primary_hn1,1,511,511,-0.524379,0.580889
rc_a33_point_primary_hn1,1,512,512,-0.483222,0.352321
rc_a33_point_primary_hn1,1,513,513,-0.582435,0.390826
rc_a33_point_primary_hn1,1,514,514,-0.448991,0.358328
rc_a33_point_primary_hn1,1,515,515,-0.320582,0.546607
rc_a33_point_primary_hn1,1,516,516,-0.434841,0.35775
rc_a33_point_primary_hn1,1,517,517,-0.61283,0.39047
rc_a33_point_primary_hn1,1,518,518,-0.856021,0.353693
rc_a33_point_primary_hn1,1,519,519,-1.03552,0.379999
rc_a33_point_primary_hn1,1,520,520,-0.843015,0.364913
rc_a33_point_primary_hn1,1,521,521,-1.01662,0.605342
rc_a33_point_primary_hn1,1,522,522,-1.0879,0.553324
rc_a33_point_primary_hn1,1,523,523,-0.752509,0.583185
rc_a33_point_primary_hn1,1,524,524,-0.852541,0.378934
rc_a33_point_primary_hn1,1,525,525,-0.626622,0.301483
rc_a33_point_primary_hn1,1,526,526,-0.872926,0.528727
rc_a33_point_primary_hn1,1,527,527,-0.828218,0.533914
rc_a33_point_primary_hn1,1,528,528,-0.86084,0.310137
rc_a33_point_primary_hn1,1,529,529,-0.601371,0.442363
rc_a33_point_primary_hn1,1,530,530,-0.505837,0.428507
rc_a33_point_primary_hn1,1,531,531,-0.726497,0.513696
rc_a33_point_primary_hn1,1,532,532,-0.585277,0.578206
rc_a33_point_primary_hn1,1,533,533,-0.48657,0.610886
rc_a33_point_primary_hn1,1,534,534,-0.496188,0.725858
rc_a33_point_primary_hn1,1,535,535,-0.608775,0.707333
rc_a33_point_primary_hn1,1,536,536,-0.432002,0.616972
rc_a33_point_primary_hn1,1,537,537,-0.46007,0.767079
rc_a33_point_primary_hn1,1,538,538,-0.592341,0.361659
rc_a33_point_primary_hn1,1,539,539,-0.752386,0.418946
rc_a33_point_primary_hn1,1,540,540,-0.70647,0.453144
rc_a33_point_primary_hn1,1,541,541,-0.92597,0.271702
rc_a33_point_primary_hn1,1,542,542,-0.913006,0.37587
rc_a33_point_primary_hn1,1,543,543,-1.00689,0.389602
rc_a33_point_primary_hn1,1,544,544,-0.927859,0.606137
rc_a33_point_primary_hn1,1,545,545,-0.931469,0.628137
rc_a33_point_primary_hn1,1,546,546,-0.53044500000000006,0.734716
rc_a33_point_primary_hn1,1,547,547,-0.525815,0.750472
rc_a33_point_primary_hn1,1,548,548,-0.475027,0.949145
rc_a33_point_primary_hn1,1,549,549,-0.577951,0.919553
rc_a33_point_primary_hn1,1,550,550,0.0263501,0.945189
rc_a33_point_primary_hn1,1,551,551,-0.264919,1.06442
rc_a33_point_primary_hn1,1,552,552,-0.285615,1.0532
rc_a33_point_primary_hn1,1,553,553,-0.981476,0.655309
rc_a33_point_primary_hn1,1,554,554,-0.765728,0.746613
rc_a33_point_primary_hn1,1,555,555,-0.983045,0.759832
rc_a33_point_primary_hn1,1,556,556,-0.358322,0.692142
rc_a33_point_primary_hn1,1,557,557,-0.518712,0.667196
rc_a33_point_primary_hn1,1,558,558,-0.447989,0.603797
rc_a33_point_primary_hn1,1,559,559,-0.527694,0.62609
rc_a33_point_primary_hn1,1,560,560,-1.22558,0.496218
rc_a33_point_primary_hn1,1,561,561,-0.899996,0.692465
rc_a33_point_primary_hn1,1,562,562,-0.956382,0.735232
rc_a33_point_primary_hn1,1,563,563,-0.642315,0.371145
rc_a33_point_primary_hn1,1,564,564,-0.740548,0.300237
rc_a33_point_primary_hn1,1,565,565,-0.750638,0.435827
rc_a33_point_primary_hn1,1,566,566,-0.71729,0.457893
rc_a33_point_primary_hn1,1,567,567,-0.813891,0.605571
rc_a33_point_primary_hn1,1,568,568,-0.701498,0.675219
rc_a33_point_primary_hn1,1,569,569,-0.685108,0.86884
rc_a33_point_primary_hn1,1,570,570,-1.23081,0.444868
rc_a33_point_primary_hn1,1,571,571,-0.664873,0.310246
rc_a33_point_primary_hn1,1,572,572,-0.886565,0.430884
rc_a33_point_primary_hn1,1,573,573,-0.927509,0.408887
rc_a33_point_primary_hn1,1,574,574,-0.973785,0.42412
rc_a33_point_primary_hn1,1,575,575,-0.852844,0.641342
rc_a33_point_primary_hn1,1,576,576,-0.595035,0.539546
rc_a33_point_primary_hn1,1,577,577,-0.697299,0.573663
rc_a33_point_primary_hn1,1,578,578,-0.673011,0.517939
rc_a33_point_primary_hn1,1,579,579,-0.629091,0.408653
rc_a33_point_primary_hn1,1,580,580,-0.727389,0.428623
rc_a33_point_primary_hn1,1,581,581,-0.659899,0.423216
rc_a33_point_primary_hn1,1,582,582,-0.669456,0.436914
rc_a33_point_primary_hn1,1,583,583,-0.668759,0.604859
rc_a33_point_primary_hn1,1,584,584,-0.497835,0.509391
rc_a33_point_primary_hn1,1,585,585,-0.848676,0.806388
rc_a33_point_primary_hn1,1,586,586,-0.606915,0.917843
rc_a33_point_primary_hn1,1,587,587,-0.539192,0.630741
rc_a33_point_primary_hn1,1,588,588,-0.55255,0.95243
rc_a33_point_primary_hn1,1,589,589,-0.698609,0.692548
rc_a33_point_primary_hn1,1,590,590,-0.767163,0.982809
rc_a33_point_primary_hn1,1,591,591,-1.42366,0.787451
rc_a33_point_primary_hn1,1,592,592,-1.30691,0.595562
rc_a33_point_primary_hn1,1,593,593,-1.11009,0.459454
rc_a33_point_primary_hn1,1,594,594,-1.07351,0.525227
rc_a33_point_primary_hn1,1,595,595,-1.20012,0.501521
rc_a33_point_primary_hn1,1,596,596,-1.13225,0.462125
rc_a33_point_primary_hn1,1,597,597,-1.01652,0.393054
rc_a33_point_primary_hn1,1,598,598,-0.880415,0.359709
rc_a33_point_primary_hn1,1,599,599,-0.86421,0.357792
rc_a33_point_primary_hn1,1,600,600,-1.20099,0.415444
rc_a33_point_primary_hn1,1,601,601,-1.18564,0.397566
rc_a33_point_primary_hn1,1,602,602,-1.20634,0.601861
rc_a33_point_primary_hn1,1,603,603,-1.38711,0.549957
rc_a33_point_primary_hn1,1,604,604,-1.08374,0.55079
rc_a33_point_primary_hn1,1,605,605,-0.989384,0.375797
rc_a33_point_primary_hn1,1,606,606,-1.03485,0.812059
rc_a33_point_primary_hn1,1,607,607,-1.16392,0.955736
rc_a33_point_primary_hn1,1,608,608,-0.730031,0.481202
rc_a33_point_primary_hn1,1,609,609,-0.63944,0.570665
rc_a33_point_primary_hn1,1,610,610,-0.781649,0.542494
rc_a33_point_primary_hn1,1,611,611,-0.813762,0.531742
rc_a33_point_primary_hn1,1,612,612,-0.669456,0.631622
rc_a33_point_primary_hn1,1,613,613,-0.839695,0.439523
rc_a33_point_primary_hn1,1,614,614,-0.889193,0.254176
rc_a33_point_primary_hn1,1,615,615,-0.840161,0.368693
rc_a33_point_primary_hn1,1,616,616,-0.657477,0.606779
rc_a33_point_primary_hn1,1,617,617,-0.597473,0.48247
rc_a33_point_primary_hn1,1,618,618,-0.383215,0.682232
rc_a33_point_primary_hn1,1,619,619,-1.36492,0.94054
rc_a33_point_primary_hn1,1,620,620,-1.82511,1.01326
rc_a33_point_primary_hn1,1,621,621,-1.37716,0.769979
rc_a33_point_primary_hn1,1,622,622,-0.896542,0.464808
rc_a33_point_primary_hn1,1,623,623,-1.02493,0.543559
rc_a33_point_primary_hn1,1,624,624,-1.03241,0.351125
rc_a33_point_primary_hn1,1,625,625,-0.839042,0.39281
rc_a33_point_primary_hn1,1,626,626,-0.972951,0.463165
rc_a33_point_primary_hn1,1,627,627,-0.6874,0.424445
rc_a33_point_primary_hn1,1,628,628,-0.888566,0.402434
rc_a33_point_primary_hn1,1,629,629,-0.786183,0.314624
rc_a33_point_primary_hn1,1,630,630,-1.02881,0.323955
rc_a33_point_primary_hn1,1,631,631,-1.08378,0.710506
rc_a33_point_primary_hn1,1,632,632,-0.971979,0.633076
rc_a33_point_primary_hn1,1,633,633,-0.932,0.367321
rc_a33_point_primary_hn1,1,634,634,-0.87646,0.421415
rc_a33_point_primary_hn1,1,635,635,-0.770863,0.806652
rc_a33_point_primary_hn1,1,636,636,-0.717995,0.617349
rc_a33_point_primary_hn1,1,637,637,-0.733314,0.609268
rc_a33_point_primary_hn1,1,638,638,-0.682745,0.632681
rc_a33_point_primary_hn1,1,639,639,-0.479936,0.804223
rc_a33_point_primary_hn1,1,640,640,-0.442048,0.793856
rc_a33_point_primary_hn1,1,641,641,-0.760599,0.722737
rc_a33_point_primary_hn1,1,642,642,-0.579937,0.544268
rc_a33_point_primary_hn1,1,643,643,-0.74759,0.490494
rc_a33_point_primary_hn1,1,644,644,-0.539935,0.462618
rc_a33_point_primary_hn1,1,645,645,-1.14364,0.522646
rc_a33_point_primary_hn1,1,646,646,-0.916876,0.572971
rc_a33_point_primary_hn1,1,647,647,-0.999142,0.489297
rc_a33_point_primary_hn1,1,648,648,-1.08203,0.693064
rc_a33_point_primary_hn1,1,649,649,-0.626485,0.688262
rc_a33_point_primary_hn1,1,650,650,-0.476923,0.663664
rc_a33_point_primary_hn1,1,651,651,-0.328908,0.705271
rc_a33_point_primary_hn1,1,652,652,-0.424922,0.425637
rc_a33_point_primary_hn1,1,653,653,-0.559739,0.462506
rc_a33_point_primary_hn1,1,654,654,-0.945428,0.353242
rc_a33_point_primary_hn1,1,655,655,-0.69251,0.871377
rc_a33_point_primary_hn1,1,656,656,-0.988914,0.728568
rc_a33_point_primary_hn1,1,657,657,-0.974854,0.879329
rc_a33_point_primary_hn1,1,658,658,-0.559573,0.804838
rc_a33_point_primary_hn1,1,659,659,-0.474337,0.929751
rc_a33_point_primary_hn1,1,660,660,-1.1499,0.563721
rc_a33_point_primary_hn1,1,661,661,-1.01645,0.608674
rc_a33_point_primary_hn1,1,662,662,-0.631661,0.669891
rc_a33_point_primary_hn1,1,663,663,-0.749248,0.794633
rc_a33_point_primary_hn1,1,664,664,-0.687229,0.671831
rc_a33_point_primary_hn1,1,665,665,-0.565734,1.00386
rc_a33_point_primary_hn1,1,666,666,-1.05413,0.578327
rc_a33_point_primary_hn1,1,667,667,-0.304371,0.698829
rc_a33_point_primary_hn1,1,668,668,-0.349323,0.651919
rc_a33_point_primary_hn1,1,669,669,-0.371567,0.798665
rc_a33_point_primary_hn1,1,670,670,-0.348819,0.654318
rc_a33_point_primary_hn1,1,671,671,-0.42002,0.644064
rc_a33_point_primary_hn1,1,672,672,-0.511887,0.683585
rc_a33_point_primary_hn1,1,673,673,-0.574752,0.395703
rc_a33_point_primary_hn1,1,674,674,-0.596722,0.475376
rc_a33_point_primary_hn1,1,675,675,-0.575872,0.60396
rc_a33_point_primary_hn1,1,676,676,-0.453648,0.597703
rc_a33_point_primary_hn1,1,677,677,-0.390204,0.600976
rc_a33_point_primary_hn1,1,678,678,-0.343646,0.599268
rc_a33_point_primary_hn1,1,679,679,-0.57091,0.476351
rc_a33_point_primary_hn1,1,680,680,-0.399306,0.612516
rc_a33_point_primary_hn1,1,681,681,-0.498526,0.419338
rc_a33_point_primary_hn1,1,682,682,-0.648145,0.43803
rc_a33_point_primary_hn1,1,683,683,-0.588832,0.495135
rc_a33_point_primary_hn1,1,684,684,-0.80728,0.272013
rc_a33_point_primary_hn1,1,685,685,-0.619111,0.492144
rc_a33_point_primary_hn1,1,686,686,-0.745493,0.491097
rc_a33_point_primary_hn1,1,687,687,-1.05463,0.357488
rc_a33_point_primary_hn1,1,688,688,-0.664954,1.50496
rc_a33_point_primary_hn1,1,689,689,-0.342692,0.568069
rc_a33_point_primary_hn1,1,690,690,-0.317748,0.400282
rc_a33_point_primary_hn1,1,691,691,-0.641771,0.392637
rc_a33_point_primary_hn1,1,692,692,-0.854334,0.32956
rc_a33_point_primary_hn1,1,693,693,-0.711684,0.416691
rc_a33_point_primary_hn1,1,694,694,-0.63324,0.814167
rc_a33_point_primary_hn1,1,695,695,-0.901397,0.491415
rc_a33_point_primary_hn1,1,696,696,-0.812536,0.251668
rc_a33_point_primary_hn1,1,697,697,-0.392764,0.530987
rc_a33_point_primary_hn1,1,698,698,-0.485945,0.383874
rc_a33_point_primary_hn1,1,699,699,-0.730143,0.930056
rc_a33_point_primary_hn1,1,700,700,-0.657418,0.504996
rc_a33_point_primary_hn1,1,701,701,-0.775405,0.437151
rc_a33_point_primary_hn1,1,702,702,-0.74606,0.355657
rc_a33_point_primary_hn1,1,703,703,-0.751824,0.41832
rc_a33_point_primary_hn1,1,704,704,-0.848337,0.432421
rc_a33_point_primary_hn1,1,705,705,-0.755836,0.5166
rc_a33_point_primary_hn1,1,706,706,-0.720269,0.367643
rc_a33_point_primary_hn1,1,707,707,-1.07403,0.632257
rc_a33_point_primary_hn1,1,708,708,-0.994172,0.491713
rc_a33_point_primary_hn1,1,709,709,-1.08236,0.653186
rc_a33_point_primary_hn1,1,710,710,-1.14911,0.623888
rc_a33_point_primary_hn1,1,711,711,-1.06489,0.547897
rc_a33_point_primary_hn1,1,712,712,-1.18767,0.61218
rc_a33_point_primary_hn1,1,713,713,-0.989475,0.387026
rc_a33_point_primary_hn1,1,714,714,-0.672703,0.569733
rc_a33_point_primary_hn1,1,715,715,-0.693452,0.589566
rc_a33_point_primary_hn1,1,716,716,-0.628193,0.687925
rc_a33_point_primary_hn1,1,717,717,-0.635591,0.584233
rc_a33_point_primary_hn1,1,718,718,-0.751369,0.555178
rc_a33_point_primary_hn1,1,719,719,-0.591066,0.702626
rc_a33_point_primary_hn1,1,720,720,-0.633014,0.797504
rc_a33_point_primary_hn1,1,721,721,-0.480902,0.85396
rc_a33_point_primary_hn1,1,722,722,-0.681778,1.02955
rc_a33_point_primary_hn1,1,723,723,-0.870047,0.690116
rc_a33_point_primary_hn1,1,724,724,-1.12137,0.490485
rc_a33_point_primary_hn1,1,725,725,-0.721791,0.642582
rc_a33_point_primary_hn1,1,726,726,-0.819378,0.439723
rc_a33_point_primary_hn1,1,727,727,-0.907106,0.604908
rc_a33_point_primary_hn1,1,728,728,-0.905095,0.493683
rc_a33_point_primary_hn1,1,729,729,-0.834566,0.654819
rc_a33_point_primary_hn1,1,730,730,-0.923304,0.590271
rc_a33_point_primary_hn1,1,731,731,-0.903116,0.461016
rc_a33_point_primary_hn1,1,732,732,-0.885251,0.26155
rc_a33_point_primary_hn1,1,733,733,-0.849062,0.308302
rc_a33_point_primary_hn1,1,734,734,-0.601444,0.305147
rc_a33_point_primary_hn1,1,735,735,-0.702527,0.384824
rc_a33_point_primary_hn1,1,736,736,-0.824747,0.405287
rc_a33_point_primary_hn1,1,737,737,-0.7472,0.831776
rc_a33_point_primary_hn1,1,738,738,-0.747015,0.43654
rc_a33_point_primary_hn1,1,739,739,-0.592527,0.589587
rc_a33_point_primary_hn1,1,740,740,-0.481904,0.901929
rc_a33_point_primary_hn1,1,741,741,-0.491687,0.765125
rc_a33_point_primary_hn1,1,742,742,-0.825715,0.366462
rc_a33_point_primary_hn1,1,743,743,-0.358506,0.974078
rc_a33_point_primary_hn1,1,744,744,-0.339362,1.07691
rc_a33_point_primary_hn1,1,745,745,-0.321038,0.781976
rc_a33_point_primary_hn1,1,746,746,-0.395333,0.744212
rc_a33_point_primary_hn1,1,747,747,-0.854215,0.703577
rc_a33_point_primary_hn1,1,748,748,-0.957882,0.663635
rc_a33_point_primary_hn1,1,749,749,-0.778548,0.950303
rc_a33_point_primary_hn1,1,750,750,-0.756288,0.948195
rc_a33_point_primary_hn1,1,751,751,-0.795218,1.15248
rc_a33_point_primary_hn1,1,752,752,-1.01316,0.71373
rc_a33_point_primary_hn1,1,753,753,-1.07114,0.61259
rc_a33_point_primary_hn1,1,754,754,-1.03706,0.611754
rc_a33_point_primary_hn1,1,755,755,-0.765434,0.280367
rc_a33_point_primary_hn1,1,756,756,-0.715445,0.267553
rc_a33_point_primary_hn1,1,757,757,-0.640607,0.520429
rc_a33_point_primary_hn1,1,758,758,-0.939589,0.748279
rc_a33_point_primary_hn1,1,759,759,-0.988143,0.457986
rc_a33_point_primary_hn1,1,760,760,-0.961868,0.463374
rc_a33_point_primary_hn1,1,761,761,-0.992327,0.578035
rc_a33_point_primary_hn1,1,762,762,-0.973946,0.562753
rc_a33_point_primary_hn1,1,763,763,-0.787663,0.584024
rc_a33_point_primary_hn1,1,764,764,-0.706371,0.600582
rc_a33_point_primary_hn1,1,765,765,-0.742123,0.614753
rc_a33_point_primary_hn1,1,766,766,-0.931005,0.839904
rc_a33_point_primary_hn1,1,767,767,-0.862161,0.586924
rc_a33_point_primary_hn1,1,768,768,-1.12225,1.03362
rc_a33_point_primary_hn1,1,769,769,-1.06852,1.07032
rc_a33_point_primary_hn1,1,770,770,-1.07744,0.84461
rc_a33_point_primary_hn1,1,771,771,-1.00278,0.568398
rc_a33_point_primary_hn1,1,772,772,-0.966602,0.561465
rc_a33_point_primary_hn1,1,773,773,-1.11441,0.576106
rc_a33_point_primary_hn1,1,774,774,-0.898202,0.375083
rc_a33_point_primary_hn1,1,775,775,-0.84528,0.370627
rc_a33_point_primary_hn1,1,776,776,-1.17961,0.589233
rc_a33_point_primary_hn1,1,777,777,-0.785601,1.17973
rc_a33_point_primary_hn1,1,778,778,-0.980128,0.975225
rc_a33_point_primary_hn1,1,779,779,-1.12137,0.870109
rc_a33_point_primary_hn1,1,780,780,-1.12856,0.42296
rc_a33_point_primary_hn1,1,781,781,-1.29076,0.621749
rc_a33_point_primary_hn1,1,782,782,-1.18964,0.588368
rc_a33_point_primary_hn1,1,783,783,-0.661091,0.33009
rc_a33_point_primary_hn1,1,784,784,-0.652418,0.359019
rc_a33_point_primary_hn1,1,785,785,-1.05191,0.668151
rc_a33_point_primary_hn1,1,786,786,-1.29609,0.688977
rc_a33_point_primary_hn1,1,787,787,-0.793838,0.374367
rc_a33_point_primary_hn1,1,788,788,-1.52948,0.759645
rc_a33_point_primary_hn1,1,789,789,-1.57505,0.957171
rc_a33_point_primary_hn1,1,790,790,-1.42884,0.818515
rc_a33_point_primary_hn1,1,791,791,-0.77848,0.747598
rc_a33_point_primary_hn1,1,792,792,-0.699731,0.726535
rc_a33_point_primary_hn1,1,793,793,-0.7836,0.779853
rc_a33_point_primary_hn1,1,794,794,-0.672272,0.525603
rc_a33_point_primary_hn1,1,795,795,-1.06147,0.717785
rc_a33_point_primary_hn1,1,796,796,-1.01243,0.820631
rc_a33_point_primary_hn1,1,797,797,-1.25802,0.908859
rc_a33_point_primary_hn1,1,798,798,-1.27655,0.920242
rc_a33_point_primary_hn1,1,799,799,-0.929208,1.08128
rc_a33_point_primary_hn1,1,800,800,-0.793689,0.842683
rc_a33_point_primary_hn1,1,801,801,-0.900209,0.737064
rc_a33_point_primary_hn1,1,802,802,-0.920111,0.374742
rc_a33_point_primary_hn1,1,803,803,-0.957882,0.407265
rc_a33_point_primary_hn1,1,804,804,-0.98239,0.406466
rc_a33_point_primary_hn1,1,805,805,-0.695295,0.339159
rc_a33_point_primary_hn1,1,806,806,-0.677261,0.465036
rc_a33_point_primary_hn1,1,807,807,-0.699613,0.468081
rc_a33_point_primary_hn1,1,808,808,-0.813058,0.405235
rc_a33_point_primary_hn1,1,809,809,-0.569556,0.354167
rc_a33_point_primary_hn1,1,810,810,-0.613772,0.374038
rc_a33_point_primary_hn1,1,811,811,-0.472402,0.330562
rc_a33_point_primary_hn1,1,812,812,-0.277628,0.56661
rc_a33_point_primary_hn1,1,813,813,-0.341557,0.62247
rc_a33_point_primary_hn1,1,814,814,-0.37883,0.657067
rc_a33_point_primary_hn1,1,815,815,-0.463157,0.400586
rc_a33_point_primary_hn1,1,816,816,-0.532764,0.446377
rc_a33_point_primary_hn1,1,817,817,-0.592116,0.393994
rc_a33_point_primary_hn1,1,818,818,-0.675845,0.272655
rc_a33_point_primary_hn1,1,819,819,-0.673883,0.49545
rc_a33_point_primary_hn1,1,820,820,-0.767981,0.561555
rc_a33_point_primary_hn1,1,821,821,-0.787802,0.464738
rc_a33_point_primary_hn1,1,822,822,-0.246322,0.586213
rc_a33_point_primary_hn1,1,823,823,-0.825226,0.327164
rc_a33_point_primary_hn1,1,824,824,-0.816504,0.428637
rc_a33_point_primary_hn1,1,825,825,-0.710733,0.298778
rc_a33_point_primary_hn1,1,826,826,-0.687483,0.250244
rc_a33_point_primary_hn1,1,827,827,-0.728778,0.313544
rc_a33_point_primary_hn1,1,828,828,-0.700501,0.629761
rc_a33_point_primary_hn1,1,829,829,-0.58826,0.462768
rc_a33_point_primary_hn1,1,830,830,-0.761459,0.615843
rc_a33_point_primary_hn1,1,831,831,-0.649155,0.439902
rc_a33_point_primary_hn1,1,832,832,-0.606101,0.440763
rc_a33_point_primary_hn1,1,833,833,-0.660467,0.503901
rc_a33_point_primary_hn1,1,834,834,-0.608003,0.570387
rc_a33_point_primary_hn1,1,835,835,-1.0185,0.533239
rc_a33_point_primary_hn1,1,836,836,-0.834067,0.571267
rc_a33_point_primary_hn1,1,837,837,-0.949699,0.613245
rc_a33_point_primary_hn1,1,838,838,-0.88363100000000006,0.588444
rc_a33_point_primary_hn1,1,839,839,-0.6879,0.683896
rc_a33_point_primary_hn1,1,840,840,-0.91301,0.559574
rc_a33_point_primary_hn1,1,841,841,-0.8878,0.348153
rc_a33_point_primary_hn1,1,842,842,-0.958873,0.726885
rc_a33_point_primary_hn1,1,843,843,-1.04697,0.687054
rc_a33_point_primary_hn1,1,844,844,-0.841671,0.528216
rc_a33_point_primary_hn1,1,845,845,-1.05053,0.846669
rc_a33_point_primary_hn1,1,846,846,-1.14882,0.768636
rc_a33_point_primary_hn1,1,847,847,-0.969636,0.453756
rc_a33_point_primary_hn1,1,848,848,-0.877795,0.758481
rc_a33_point_primary_hn1,1,849,849,-1.02191,0.701998
rc_a33_point_primary_hn1,1,850,850,-0.802221,0.558012
rc_a33_point_primary_hn1,1,851,851,-0.940249,0.747601
rc_a33_point_primary_hn1,1,852,852,-0.797673,0.610177
rc_a33_point_primary_hn1,1,853,853,-0.82368,0.559024
rc_a33_point_primary_hn1,1,854,854,-0.382994,0.783842
rc_a33_point_primary_hn1,1,855,855,-0.253275,0.647279
rc_a33_point_primary_hn1,1,856,856,-0.450846,0.592748
rc_a33_point_primary_hn1,1,857,857,0.068321,0.556864
rc_a33_point_primary_hn1,1,858,858,0.130119,0.627492
rc_a33_point_primary_hn1,1,859,859,0.065447,0.785845
rc_a33_point_primary_hn1,1,860,860,0.243106,0.895017
rc_a33_point_primary_hn1,1,861,861,0.0741126,0.697855
rc_a33_point_primary_hn1,1,862,862,-0.769406,1.13278
rc_a33_point_primary_hn1,1,863,863,-0.768688,1.27084
rc_a33_point_primary_hn1,1,864,864,-0.649013,1.13527
rc_a33_point_primary_hn1,1,865,865,-0.693761,1.12133
rc_a33_point_primary_hn1,1,866,866,-0.761611,0.808166
rc_a33_point_primary_hn1,1,867,867,-0.836607,0.321401
rc_a33_point_primary_hn1,1,868,868,-0.917942,0.467139
rc_a33_point_primary_hn1,1,869,869,-0.889967,0.608377
rc_a33_point_primary_hn1,1,870,870,-1.00688,0.472614
rc_a33_point_primary_hn1,1,871,871,-1.05101,0.505638
rc_a33_point_primary_hn1,1,872,872,-1.08861,0.55573
rc_a33_point_primary_hn1,1,873,873,-1.30339,0.890833
rc_a33_point_primary_hn1,1,874,874,-0.125803,0.635756
rc_a33_point_primary_hn1,1,875,875,-0.55094,0.515218
rc_a33_point_primary_hn1,1,876,876,-0.430875,0.884003
rc_a33_point_primary_hn1,1,877,877,-0.236585,0.794748
rc_a33_point_primary_hn1,1,878,878,-0.357611,0.64233
rc_a33_point_primary_hn1,1,879,879,-1.1251,0.508411
rc_a33_point_primary_hn1,1,880,880,-0.87365,0.406319
rc_a33_point_primary_hn1,1,881,881,-0.610799,0.451051
rc_a33_point_primary_hn1,1,882,882,-0.585027,0.456988
rc_a33_point_primary_hn1,1,883,883,-1.04273,0.528869
rc_a33_point_primary_hn1,1,884,884,-0.995591,0.552535
rc_a33_point_primary_hn1,1,885,885,-0.898555,0.611275
rc_a33_point_primary_hn1,1,886,886,-0.831148,0.805406
rc_a33_point_primary_hn1,1,887,887,-0.981476,0.5502
rc_a33_point_primary_hn1,1,888,888,-1.03721,0.577583
rc_a33_point_primary_hn1,1,889,889,-0.642342,0.479661
rc_a33_point_primary_hn1,1,890,890,-0.619837,0.56033
rc_a33_point_primary_hn1,1,891,891,-0.569645,0.39731
rc_a33_point_primary_hn1,1,892,892,-0.707951,0.851715
rc_a33_point_primary_hn1,1,893,893,-0.778797,0.670702
rc_a33_point_primary_hn1,1,894,894,-0.794897,0.458329
rc_a33_point_primary_hn1,1,895,895,-1.12079,0.624191
rc_a33_point_primary_hn1,1,896,896,-1.13368,0.546955
rc_a33_point_primary_hn1,1,897,897,-1.15217,0.745991
rc_a33_point_primary_hn1,1,898,898,-0.970399,0.501835
rc_a33_point_primary_hn1,1,899,899,-0.884158,1.08232
rc_a33_point_primary_hn1,1,900,900,-0.594826,0.882443
rc_a33_point_primary_hn1,1,901,901,-0.417609,0.814718
rc_a33_point_primary_hn1,1,902,902,-0.563823,0.96114
rc_a33_point_primary_hn1,1,903,903,-0.84833,0.24125
rc_a33_point_primary_hn1,1,904,904,-0.957663,0.354271
rc_a33_point_primary_hn1,1,905,905,-0.625498,0.38257
rc_a33_point_primary_hn1,1,906,906,-0.56143,0.367642
rc_a33_point_primary_hn1,1,907,907,-0.332082,0.68258
rc_a33_point_primary_hn1,1,908,908,-0.0940342,0.835351
rc_a33_point_primary_hn1,1,909,909,-1.02169,0.36095
rc_a33_point_primary_hn1,1,910,910,-0.95368,0.510748
rc_a33_point_primary_hn1,1,911,911,-0.779939,0.58552
rc_a33_point_primary_hn1,1,912,912,-0.570288,0.443168
rc_a33_point_primary_hn1,1,913,913,-0.693449,0.485848
rc_a33_point_primary_hn1,1,914,914,-0.659226,0.467917
rc_a33_point_primary_hn1,1,915,915,-0.545964,0.523828
rc_a33_point_primary_hn1,1,916,916,-0.514124,0.508469
rc_a33_point_primary_hn1,1,917,917,-1.40272,1.36079
rc_a33_point_primary_hn1,1,918,918,-1.4356,1.27299
rc_a33_point_primary_hn1,1,919,919,-1.37412,1.18488
rc_a33_point_primary_hn1,1,920,920,-1.42738,1.29325
rc_a33_point_primary_hn1,1,921,921,-0.483822,0.836244
rc_a33_point_primary_hn1,1,922,922,-0.446436,0.631056
rc_a33_point_primary_hn1,1,923,923,-1.19108,0.972126
rc_a33_point_primary_hn1,1,924,924,-0.955804,0.690236
rc_a33_point_primary_hn1,1,925,925,-0.77381,0.628397
rc_a33_point_primary_hn1,1,926,926,-0.759489,0.521941
rc_a33_point_primary_hn1,1,927,927,-0.883356,0.629402
rc_a33_point_primary_hn1,1,928,928,-0.866947,0.623134
rc_a33_point_primary_hn1,1,929,929,-0.844357,0.505511
rc_a33_point_primary_hn1,1,930,930,-0.95307,0.476769
rc_a33_point_primary_hn1,1,931,931,-1.08889,0.555041
rc_a33_point_primary_hn1,1,932,932,-1.05898,0.588072
rc_a33_point_primary_hn1,1,933,933,-0.922394,0.492225
rc_a33_point_primary_hn1,1,934,934,-0.976476,0.454721
rc_a33_point_primary_hn1,1,935,935,-0.890171,0.433449
rc_a33_point_primary_hn1,1,936,936,-0.776433,0.365448
rc_a33_point_primary_hn1,1,937,937,-0.919236,0.398131
rc_a33_point_primary_hn1,1,938,938,-1.03542,0.376692
rc_a33_point_primary_hn1,1,939,939,-0.635137,0.290745
rc_a33_point_primary_hn1,1,940,940,-0.89664,0.264542
rc_a33_point_primary_hn1,1,941,941,-0.551834,0.263758
rc_a33_point_primary_hn1,1,942,942,-0.943222,0.803739
rc_a33_point_primary_hn1,1,943,943,-0.961674,0.771883
rc_a33_point_primary_hn1,1,944,944,-0.446467,0.748104
rc_a33_point_primary_hn1,1,945,945,-0.366258,0.907807
rc_a33_point_primary_hn1,1,946,946,-0.819051,1.20688
rc_a33_point_primary_hn1,1,947,947,-1.19612,0.853781
rc_a33_point_primary_hn1,1,948,948,-1.00701,0.740085
rc_a33_point_primary_hn1,1,949,949,-1.11068,0.721922
rc_a33_point_primary_hn1,1,950,950,-0.923969,0.635279
rc_a33_point_primary_hn1,1,951,951,-0.961447,0.746324
rc_a33_point_primary_hn1,1,952,952,-1.03797,0.423205
rc_a33_point_primary_hn1,1,953,953,-0.952954,0.464488
rc_a33_point_primary_hn1,1,954,954,-0.912592,0.36791
rc_a33_point_primary_hn1,1,955,955,-0.977658,0.443352
rc_a33_point_primary_hn1,1,956,956,-1.06699,0.625085
rc_a33_point_primary_hn1,1,957,957,-1.01588,0.539002
rc_a33_point_primary_hn1,1,958,958,-1.19718,0.638397
rc_a33_point_primary_hn1,1,959,959,-1.03514,0.633413
rc_a33_point_primary_hn1,1,960,960,-1.1907,0.649221
rc_a33_point_primary_hn1,1,961,961,-0.757267,1.12466
rc_a33_point_primary_hn1,1,962,962,-0.797951,1.08312
rc_a33_point_primary_hn1,1,963,963,-0.974427,0.684495
rc_a33_point_primary_hn1,1,964,964,-0.936993,0.790462
rc_a33_point_primary_hn1,1,965,965,-0.843655,0.690465
rc_a33_point_primary_hn1,1,966,966,-0.722816,0.50592
rc_a33_point_primary_hn1,1,967,967,-0.46053,0.720259
rc_a33_point_primary_hn1,1,968,968,-0.427843,0.644844
rc_a33_point_primary_hn1,1,969,969,-0.940365,0.620398
rc_a33_point_primary_hn1,1,970,970,-0.709295,0.416474
rc_a33_point_primary_hn1,1,971,971,-0.757429,0.505038
rc_a33_point_primary_hn1,1,972,972,-0.826474,0.551681
rc_a33_point_primary_hn1,1,973,973,-0.858062,0.650788
rc_a33_point_primary_hn1,1,974,974,-0.888731,0.50449
rc_a33_point_primary_hn1,1,975,975,-0.777643,0.773318
rc_a33_point_primary_hn1,1,976,976,-0.692666,0.587931
rc_a33_point_primary_hn1,1,977,977,-0.705404,0.678149
rc_a33_point_primary_hn1,1,978,978,-0.8088,0.343873
rc_a33_point_primary_hn1,1,979,979,-1.07629,0.389463
rc_a33_point_primary_hn1,1,980,980,-0.909057,0.449156
rc_a33_point_primary_hn1,1,981,981,-0.746323,0.253135
rc_a33_point_primary_hn1,1,982,982,-0.530733,0.370924
rc_a33_point_primary_hn1,1,983,983,-0.690615,0.228044
rc_a33_point_primary_hn1,1,984,984,-0.731921,0.275382
rc_a33_point_primary_hn1,1,985,985,-0.820096,0.215707
rc_a33_point_primary_hn1,1,986,986,-0.512877,0.353645
rc_a33_point_primary_hn1,1,987,987,-0.620462,0.387465
rc_a33_point_primary_hn1,1,988,988,-0.923306,0.442829
rc_a33_point_primary_hn1,1,989,989,-0.852342,0.341744
rc_a33_point_primary_hn1,1,990,990,-0.993926,0.284635
rc_a33_point_primary_hn1,1,991,991,-1.08027,0.436465
rc_a33_point_primary_hn1,1,992,992,-0.976993,0.265523
rc_a33_point_primary_hn1,1,993,993,-1.20021,0.720826
rc_a33_point_primary_hn1,1,994,994,-0.949674,0.398573
rc_a33_point_primary_hn1,1,995,995,-0.573799,0.394822
rc_a33_point_primary_hn1,1,996,996,-0.510804,0.664873
rc_a33_point_primary_hn1,1,997,997,-0.438591,0.559769
rc_a33_point_primary_hn1,1,998,998,-0.524306,0.467446
rc_a33_point_primary_hn1,1,999,999,-0.478406,0.541428
rc_a33_point_primary_hn1,1,1000,1000,-0.455476,0.428498
rc_a33_point_primary_hn1,1,1001,1001,-0.478296,0.377061
rc_a33_point_primary_hn1,1,1002,1002,-0.535211,0.803558
rc_a33_point_primary_hn1,1,1003,1003,-0.771353,0.627433
rc_a33_point_primary_hn1,1,1004,1004,-0.538216,0.944419
rc_a33_point_primary_hn1,1,1005,1005,-0.450305,0.912867
rc_a33_point_primary_hn1,1,1006,1006,-0.402805,0.571096
rc_a33_point_primary_hn1,1,1007,1007,-0.504174,0.78349
rc_a33_point_primary_hn1,1,1008,1008,-0.485504,0.642372
rc_a33_point_primary_hn1,1,1009,1009,-0.626683,0.399323
rc_a33_point_primary_hn1,1,1010,1010,-0.66171,0.313162
rc_a33_point_primary_hn1,1,1011,1011,-1.33373,1.67364
rc_a33_point_primary_hn1,1,1012,1012,-1.29183,1.37183
rc_a33_point_primary_hn1,1,1013,1013,-1.05528,0.982595
rc_a33_point_primary_hn1,1,1014,1014,-1.03961,0.989141
rc_a33_point_primary_hn1,1,1015,1015,-0.970594,0.954755
rc_a33_point_primary_hn1,1,1016,1016,-1.06923,0.889248
rc_a33_point_primary_hn1,1,1017,1017,-0.923036,0.854794
rc_a33_point_primary_hn1,1,1018,1018,-1.03582,0.761348
rc_a33_point_primary_hn1,1,1019,1019,-0.895203,0.762344
rc_a33_point_primary_hn1,1,1020,1020,-0.812249,0.673257
rc_a33_point_primary_hn1,1,1021,1021,-0.618299,0.327473
rc_a33_point_primary_hn1,1,1022,1022,-0.0103865,0.765689
rc_a33_point_primary_hn1,1,1023,1023,0.217401,0.786404
rc_a33_point_primary_hn1,1,1024,1024,0.265918,0.873576
rc_a33_point_primary_hn1,1,1025,1025,0.17505,0.775459
rc_a33_point_primary_hn1,1,1026,1026,-1.24506,0.527582
rc_a33_point_primary_hn1,1,1027,1027,-1.23518,0.543241
rc_a33_point_primary_hn1,1,1028,1028,-1.4389,0.711881
rc_a33_point_primary_hn1,1,1029,1029,-1.26699,0.609403
rc_a33_point_primary_hn1,1,1030,1030,-1.2209,0.519959
rc_a33_point_primary_hn1,1,1031,1031,-0.890099,0.557617
rc_a33_point_primary_hn1,1,1032,1032,-0.680205,0.661298
rc_a33_point_primary_hn1,1,1033,1033,-0.641342,0.571808
rc_a33_point_primary_hn1,1,1034,1034,-0.653781,0.497074
rc_a33_point_primary_hn1,1,1035,1035,-0.585252,0.542196
rc_a33_point_primary_hn1,1,1036,1036,-0.557214,0.543416
rc_a33_point_primary_hn1,1,1037,1037,-0.680829,0.67534
rc_a33_point_primary_hn1,1,1038,1038,-0.544966,0.593068
rc_a33_point_primary_hn1,1,1039,1039,-0.718996,0.569233
rc_a33_point_primary_hn1,1,1040,1040,-0.837456,0.673538
rc_a33_point_primary_hn1,1,1041,1041,-0.875071,0.686355
rc_a33_point_primary_hn1,1,1042,1042,-0.926249,0.64978
rc_a33_point_primary_hn1,1,1043,1043,-0.626524,0.556644
rc_a33_point_primary_hn1,1,1044,1044,-0.676759,0.624033
rc_a33_point_primary_hn1,1,1045,1045,-0.604431,0.396171
rc_a33_point_primary_hn1,1,1046,1046,-0.676145,0.705991
rc_a33_point_primary_hn1,1,1047,1047,-0.727049,0.449414
rc_a33_point_primary_hn1,1,1048,1048,-0.837974,0.72006
rc_a33_point_primary_hn1,1,1049,1049,-0.558461,0.639982
rc_a33_point_primary_hn1,1,1050,1050,-0.931802,0.746973
rc_a33_point_primary_hn1,1,1051,1051,-0.839244,0.479793
rc_a33_point_primary_hn1,1,1052,1052,-0.531764,0.693562
rc_a33_point_primary_hn1,1,1053,1053,-0.395712,0.68518
rc_a33_point_primary_hn1,1,1054,1054,-0.497066,0.461106
rc_a33_point_primary_hn1,1,1055,1055,-0.712661,0.688531
rc_a33_point_primary_hn1,1,1056,1056,-0.723382,0.670783
rc_a33_point_primary_hn1,1,1057,1057,-0.683493,0.680224
rc_a33_point_primary_hn1,1,1058,1058,-0.744352,0.864954
rc_a33_point_primary_hn1,1,1059,1059,-0.830308,0.656415
rc_a33_point_primary_hn1,1,1060,1060,-0.86609,0.661138
rc_a33_point_primary_hn1,1,1061,1061,-0.62027,0.828439
rc_a33_point_primary_hn1,1,1062,1062,-0.534633,0.788276
rc_a33_point_primary_hn1,1,1063,1063,-0.973749,0.296664
rc_a33_point_primary_hn1,1,1064,1064,-0.507389,0.474472
rc_a33_point_primary_hn1,1,1065,1065,-0.659366,0.973217
rc_a33_point_primary_hn1,1,1066,1066,-1.06272,0.483937
rc_a33_point_primary_hn1,1,1067,1067,-1.0499,0.692978
rc_a33_point_primary_hn1,1,1068,1068,-1.03076,0.625614
rc_a33_point_primary_hn1,1,1069,1069,-1.01798,0.619096
rc_a33_point_primary_hn1,1,1070,1070,-1.12298,0.619456
rc_a33_point_primary_hn1,1,1071,1071,-0.623675,0.494046
rc_a33_point_primary_hn1,1,1072,1072,-0.759951,0.488613
rc_a33_point_primary_hn1,1,1073,1073,-0.646838,0.67812
rc_a33_point_primary_hn1,1,1074,1074,-0.662242,0.721714
rc_a33_point_primary_hn1,1,1075,1075,-0.621512,0.610461
rc_a33_point_primary_hn1,1,1076,1076,-0.686147,0.60623
rc_a33_point_primary_hn1,1,1077,1077,-0.860914,0.498988
rc_a33_point_primary_hn1,1,1078,1078,-0.373124,0.795831
rc_a33_point_primary_hn1,1,1079,1079,-0.92078,0.787488
rc_a33_point_primary_hn1,1,1080,1080,-0.571617,1.24505
rc_a33_point_primary_hn1,1,1081,1081,-0.534182,0.778355
rc_a33_point_primary_hn1,1,1082,1082,-0.685132,0.950996
rc_a33_point_primary_hn1,1,1083,1083,-0.696897,0.549102
rc_a33_point_primary_hn1,1,1084,1084,-0.758257,0.548883
rc_a33_point_primary_hn1,1,1085,1085,-0.654029,0.412466
rc_a33_point_primary_hn1,1,1086,1086,-0.834967,0.519333
rc_a33_point_primary_hn1,1,1087,1087,-0.894756,0.435342
rc_a33_point_primary_hn1,1,1088,1088,-0.875256,0.399246
rc_a33_point_primary_hn1,1,1089,1089,-0.98339,0.446936
rc_a33_point_primary_hn1,1,1090,1090,-0.929729,0.292529
rc_a33_point_primary_hn1,1,1091,1091,-0.711056,0.294663
rc_a33_point_primary_hn1,1,1092,1092,-0.944779,0.339166
rc_a33_point_primary_hn1,1,1093,1093,-1.1352,0.32303
rc_a33_point_primary_hn1,1,1094,1094,-1.0552,0.333264
rc_a33_point_primary_hn1,1,1095,1095,-1.02406,0.419983
rc_a33_point_primary_hn1,1,1096,1096,-1.12428,0.318365
rc_a33_point_primary_hn1,1,1097,1097,-0.989146,0.415615
rc_a33_point_primary_hn1,1,1098,1098,-0.80855,0.454453
rc_a33_point_primary_hn1,1,1099,1099,-0.787976,0.451712
rc_a33_point_primary_hn1,1,1100,1100,-0.473031,0.384359
rc_a33_point_primary_hn1,1,1101,1101,-0.548901,1.13577
rc_a33_point_primary_hn1,1,1102,1102,-0.39806,0.931132
rc_a33_point_primary_hn1,1,1103,1103,-0.463208,1.08418
rc_a33_point_primary_hn1,1,1104,1104,-0.875346,0.415033
rc_a33_point_primary_hn1,1,1105,1105,-0.779945,0.56113
rc_a33_point_primary_hn1,1,1106,1106,-0.581507,0.478957
rc_a33_point_primary_hn1,1,1107,1107,-0.406468,0.346382
rc_a33_point_primary_hn1,1,1108,1108,-0.41856,0.440843
rc_a33_point_primary_hn1,1,1109,1109,-0.549017,0.428921
rc_a33_point_primary_hn1,1,1110,1110,-0.559123,0.469051
rc_a33_point_primary_hn1,1,1111,1111,-0.627248,0.456231
rc_a33_point_primary_hn1,1,1112,1112,-0.675615,0.574229
rc_a33_point_primary_hn1,1,1113,1113,-0.94298,0.526841
rc_a33_point_primary_hn1,1,1114,1114,-0.564336,0.533811
rc_a33_point_primary_hn1,1,1115,1115,-0.681472,0.570092
rc_a33_point_primary_hn1,1,1116,1116,-0.546664,0.43104
rc_a33_point_primary_hn1,1,1117,1117,-0.603899,0.353954
rc_a33_point_primary_hn1,1,1118,1118,-0.809151,0.33585
rc_a33_point_primary_hn1,1,1119,1119,-0.880798,0.423552
rc_a33_point_primary_hn1,1,1120,1120,-0.729463,0.685281
rc_a33_point_primary_hn1,1,1121,1121,-0.834255,0.428343
rc_a33_point_primary_hn1,1,1122,1122,-0.750901,0.447289
rc_a33_point_primary_hn1,1,1123,1123,-0.825164,0.272891
rc_a33_point_primary_hn1,1,1124,1124,-0.810809,0.570034
rc_a33_point_primary_hn1,1,1125,1125,-0.837655,0.541178
rc_a33_point_primary_hn1,1,1126,1126,-0.798891,0.317564
rc_a33_point_primary_hn1,1,1127,1127,-0.953055,0.483533
rc_a33_point_primary_hn1,1,1128,1128,-0.936875,0.47673
rc_a33_point_primary_hn1,1,1129,1129,-1.074,0.523564
rc_a33_point_primary_hn1,1,1130,1130,-1.15603,0.641935
rc_a33_point_primary_hn1,1,1131,1131,-1.102,0.544204
rc_a33_point_primary_hn1,1,1132,1132,-1.11941,0.542205
rc_a33_point_primary_hn1,1,1133,1133,-1.17029,0.551873
rc_a33_point_primary_hn1,1,1134,1134,-0.869564,0.655163
rc_a33_point_primary_hn1,1,1135,1135,-0.507688,0.792943
rc_a33_point_primary_hn1,1,1136,1136,-0.614762,0.574028
rc_a33_point_primary_hn1,1,1137,1137,-0.644512,0.734561
rc_a33_point_primary_hn1,1,1138,1138,-0.785323,0.745214
rc_a33_point_primary_hn1,1,1139,1139,-0.800767,1.00462
rc_a33_point_primary_hn1,1,1140,1140,-0.853526,1.0585
rc_a33_point_primary_hn1,1,1141,1141,-0.599953,1.06614
rc_a33_point_primary_hn1,1,1142,1142,-0.589207,0.846323
rc_a33_point_primary_hn1,1,1143,1143,-0.717867,0.562189
rc_a33_point_primary_hn1,1,1144,1144,-0.444118,0.796683
rc_a33_point_primary_hn1,1,1145,1145,-0.150582,1.42382
rc_a33_point_primary_hn1,1,1146,1146,-0.384756,1.46242
rc_a33_point_primary_hn1,1,1147,1147,-0.456107,1.19162
rc_a33_point_primary_hn1,1,1148,1148,-0.469637,1.17868
rc_a33_point_primary_hn1,1,1149,1149,-0.513684,1.15731
rc_a33_point_primary_hn1,1,1150,1150,-1.27232,0.735136
rc_a33_point_primary_hn1,1,1151,1151,-0.601473,0.411514
rc_a33_point_primary_hn1,1,1152,1152,-0.91658,0.735808
rc_a33_point_primary_hn1,1,1153,1153,-0.370969,0.717598
rc_a33_point_primary_hn1,1,1154,1154,-0.254315,0.634735
rc_a33_point_primary_hn1,1,1155,1155,-0.331344,0.850725
rc_a33_point_primary_hn1,1,1156,1156,-0.318166,1.37721
rc_a33_point_primary_hn1,1,1157,1157,-0.681337,0.430891
rc_a33_point_primary_hn1,1,1158,1158,-0.792622,0.767458
rc_a33_point_primary_hn1,1,1159,1159,-0.848635,0.808999
rc_a33_point_primary_hn1,1,1160,1160,-0.756266,0.856004
rc_a33_point_primary_hn1,1,1161,1161,-0.824198,0.453119
rc_a33_point_primary_hn1,1,1162,1162,-0.991604,0.470853
rc_a33_point_primary_hn1,1,1163,1163,-0.690951,0.653789
rc_a33_point_primary_hn1,1,1164,1164,-0.606757,0.273562
rc_a33_point_primary_hn1,1,1165,1165,-0.415115,0.342093
rc_a33_point_primary_hn1,1,1166,1166,-0.497402,0.297509
rc_a33_point_primary_hn1,1,1167,1167,-0.381254,0.32465
rc_a33_point_primary_hn1,1,1168,1168,-0.707127,0.555993
rc_a33_point_primary_hn1,1,1169,1169,-0.534907,0.279881
rc_a33_point_primary_hn1,1,1170,1170,-0.58626,0.732681
rc_a33_point_primary_hn1,1,1171,1171,-0.565598,0.610233
rc_a33_point_primary_hn1,1,1172,1172,-0.694891,0.588746
rc_a33_point_primary_hn1,1,1173,1173,-0.55914,0.590937
rc_a33_point_primary_hn1,1,1174,1174,-0.790014,0.622235
rc_a33_point_primary_hn1,1,1175,1175,-0.530884,0.658266
rc_a33_point_primary_hn1,1,1176,1176,-1.02605,0.823784
rc_a33_point_primary_hn1,1,1177,1177,-0.971981,0.414176
rc_a33_point_primary_hn1,1,1178,1178,-0.133597,0.772538
rc_a33_point_primary_hn1,1,1179,1179,-0.118397,0.811448
rc_a33_point_primary_hn1,1,1180,1180,-0.114883,0.978399
rc_a33_point_primary_hn1,1,1181,1181,-0.744433,0.914843
rc_a33_point_primary_hn1,1,1182,1182,-0.740005,0.905822
rc_a33_point_primary_hn1,1,1183,1183,-0.67525,0.714451
rc_a33_point_primary_hn1,1,1184,1184,-0.741335,0.915914
rc_a33_point_primary_hn1,1,1185,1185,-0.692648,0.670458
rc_a33_point_primary_hn1,1,1186,1186,-0.600134,0.788218
rc_a33_point_primary_hn1,1,1187,1187,-0.651984,0.696778
rc_a33_point_primary_hn1,1,1188,1188,-0.781625,0.773707
rc_a33_point_primary_hn1,1,1189,1189,-0.382932,0.461308
rc_a33_point_primary_hn1,1,1190,1190,-0.485044,0.394151
rc_a33_point_primary_hn1,1,1191,1191,-0.393525,0.546556
rc_a33_point_primary_hn1,1,1192,1192,-0.289339,0.477571
rc_a33_point_primary_hn1,1,1193,1193,-0.34058,0.531212
rc_a33_point_primary_hn1,1,1194,1194,-0.746076,0.634091
rc_a33_point_primary_hn1,1,1195,1195,-0.874171,0.713633
rc_a33_point_primary_hn1,1,1196,1196,-0.804231,0.560481
rc_a33_point_primary_hn1,1,1197,1197,-0.740741,0.67394
rc_a33_point_primary_hn1,1,1198,1198,-0.849891,0.796435
rc_a33_point_primary_hn1,1,1199,1199,-0.771091,0.765168
rc_a33_point_primary_hn1,1,1200,1200,-0.724139,0.619616
rc_a33_point_primary_hn1,1,1201,1201,-0.701103,0.545792
rc_a33_point_primary_hn1,1,1202,1202,-1.28403,0.641208
rc_a33_point_primary_hn1,1,1203,1203,-1.13577,0.736872
rc_a33_point_primary_hn1,1,1204,1204,-0.585506,0.604292
rc_a33_point_primary_hn1,1,1205,1205,-0.763235,0.688226
rc_a33_point_primary_hn1,1,1206,1206,-0.694271,0.536642
rc_a33_point_primary_hn1,1,1207,1207,-0.633839,0.609091
rc_a33_point_primary_hn1,1,1208,1208,-0.643744,0.270694
rc_a33_point_primary_hn1,1,1209,1209,-0.625451,0.347291
rc_a33_point_primary_hn1,1,1210,1210,-0.744204,0.48995
rc_a33_point_primary_hn1,1,1211,1211,-0.661434,0.433915
rc_a33_point_primary_hn1,1,1212,1212,-0.569537,0.450615
rc_a33_point_primary_hn1,1,1213,1213,-0.438034,0.423827
rc_a33_point_primary_hn1,1,1214,1214,-0.894995,0.473847
rc_a33_point_primary_hn1,1,1215,1215,-0.551385,0.528445
rc_a33_point_primary_hn1,1,1216,1216,-0.693419,0.589823
rc_a33_point_primary_hn1,1,1217,1217,-0.854854,0.552572
rc_a33_point_primary_hn1,1,1218,1218,-0.818559,0.642367
rc_a33_point_primary_hn1,1,1219,1219,-0.805094,0.346918
rc_a33_point_primary_hn1,1,1220,1220,-0.857945,0.287023
rc_a33_point_primary_hn1,1,1221,1221,-0.865601,0.73339
rc_a33_point_primary_hn1,1,1222,1222,-0.784959,0.42522
rc_a33_point_primary_hn1,1,1223,1223,-0.983683,0.226068
rc_a33_point_primary_hn1,1,1224,1224,-0.964038,0.287068
rc_a33_point_primary_hn1,1,1225,1225,-0.367609,0.820795
rc_a33_point_primary_hn1,1,1226,1226,-0.287706,0.719183
rc_a33_point_primary_hn1,1,1227,1227,-0.986595,0.466519
rc_a33_point_primary_hn1,1,1228,1228,-0.887674,0.540532
rc_a33_point_primary_hn1,1,1229,1229,-0.893135,0.45378
rc_a33_point_primary_hn1,1,1230,1230,-0.816644,0.464345
rc_a33_point_primary_hn1,1,1231,1231,-0.678298,0.568831
rc_a33_point_primary_hn1,1,1232,1232,-0.900351,0.354928
rc_a33_point_primary_hn1,1,1233,1233,-0.827409,0.382216
rc_a33_point_primary_hn1,1,1234,1234,-0.755917,0.380189
rc_a33_point_primary_hn1,1,1235,1235,-0.774328,0.366966
rc_a33_point_primary_hn1,1,1236,1236,-0.785938,0.361941
rc_a33_point_primary_hn1,1,1237,1237,-0.828359,0.28884
rc_a33_point_primary_hn1,1,1238,1238,-0.870635,0.797297
rc_a33_point_primary_hn1,1,1239,1239,-0.598442,0.536055
rc_a33_point_primary_hn1,1,1240,1240,-0.675683,0.364573
rc_a33_point_primary_hn1,1,1241,1241,-1.10321,0.458646
rc_a33_point_primary_hn1,1,1242,1242,-1.25843,0.623196
rc_a33_point_primary_hn1,1,1243,1243,-0.981392,0.605966
rc_a33_point_primary_hn1,1,1244,1244,-0.844393,0.574819
rc_a33_point_primary_hn1,1,1245,1245,-0.897236,0.671633
rc_a33_point_primary_hn1,1,1246,1246,-0.508672,0.764087
rc_a33_point_primary_hn1,1,1247,1247,-1.06696,0.732789
rc_a33_point_primary_hn1,1,1248,1248,-0.86522,0.586045
rc_a33_point_primary_hn1,1,1249,1249,-1.06971,0.727259
rc_a33_point_primary_hn1,1,1250,1250,-0.665179,0.240932
rc_a33_point_primary_hn1,1,1251,1251,-0.443943,0.455455
rc_a33_point_primary_hn1,1,1252,1252,-1.01183,0.692898
rc_a33_point_primary_hn1,1,1253,1253,-1.07199,0.859868
rc_a33_point_primary_hn1,1,1254,1254,-1.02163,0.583636
rc_a33_point_primary_hn1,1,1255,1255,-1.04211,0.510694
rc_a33_point_primary_hn1,1,1256,1256,-0.846813,0.404345
rc_a33_point_primary_hn1,1,1257,1257,-0.829906,0.42122
rc_a33_point_primary_hn1,1,1258,1258,-0.940368,0.525816
rc_a33_point_primary_hn1,1,1259,1259,-0.909727,0.529542
rc_a33_point_primary_hn1,1,1260,1260,-0.885757,0.657095
rc_a33_point_primary_hn1,1,1261,1261,-0.794774,0.748292
rc_a33_point_primary_hn1,1,1262,1262,-0.8848,0.36456
rc_a33_point_primary_hn1,1,1263,1263,-0.855935,0.392294
rc_a33_point_primary_hn1,1,1264,1264,-1.11164,0.412216
rc_a33_point_primary_hn1,1,1265,1265,-0.8458,0.634263
rc_a33_point_primary_hn1,1,1266,1266,-0.753268,0.622976
rc_a33_point_primary_hn1,1,1267,1267,-0.787011,0.805288
rc_a33_point_primary_hn1,1,1268,1268,-1.04306,0.710065
rc_a33_point_primary_hn1,1,1269,1269,-0.528949,0.629878
rc_a33_point_primary_hn1,1,1270,1270,-0.71685,0.47086
rc_a33_point_primary_hn1,1,1271,1271,-0.748697,0.490399
rc_a33_point_primary_hn1,1,1272,1272,-0.228578,1.01965
rc_a33_point_primary_hn1,1,1273,1273,-1.13368,0.9759
rc_a33_point_primary_hn1,1,1274,1274,-0.418109,0.392833
rc_a33_point_primary_hn1,1,1275,1275,-0.316321,0.483197
rc_a33_point_primary_hn1,1,1276,1276,-0.493143,0.457562
rc_a33_point_primary_hn1,1,1277,1277,-0.827792,0.57212
rc_a33_point_primary_hn1,1,1278,1278,-1.01241,0.336555
rc_a33_point_primary_hn1,1,1279,1279,-0.931348,0.326305
rc_a33_point_primary_hn1,1,1280,1280,-0.544866,0.591778
rc_a33_point_primary_hn1,1,1281,1281,-0.899136,0.850165
rc_a33_point_primary_hn1,1,1282,1282,-0.839848,0.859461
rc_a33_point_primary_hn1,1,1283,1283,-0.847318,0.755222
rc_a33_point_primary_hn1,1,1284,1284,-0.854259,0.69259
rc_a33_point_primary_hn1,1,1285,1285,-0.80527,0.572415
rc_a33_point_primary_hn1,1,1286,1286,-0.916838,0.523924
rc_a33_point_primary_hn1,1,1287,1287,-0.736654,0.780015
rc_a33_point_primary_hn1,1,1288,1288,-0.691114,0.895856
rc_a33_point_primary_hn1,1,1289,1289,-0.396638,1.30729
rc_a33_point_primary_hn1,1,1290,1290,-0.657129,1.37761
rc_a33_point_primary_hn1,1,1291,1291,-0.902574,0.27147
rc_a33_point_primary_hn1,1,1292,1292,-0.850342,0.287077
rc_a33_point_primary_hn1,1,1293,1293,-0.710531,0.73036
rc_a33_point_primary_hn1,1,1294,1294,-0.625602,0.691888
rc_a33_point_primary_hn1,1,1295,1295,-0.796326,0.843315
rc_a33_point_primary_hn1,1,1296,1296,-0.417199,0.655864
rc_a33_point_primary_hn1,1,1297,1297,-0.643155,0.873308
rc_a33_point_primary_hn1,1,1298,1298,-0.762796,1.15385
rc_a33_point_primary_hn1,1,1299,1299,-1.00528,0.662752
rc_a33_point_primary_hn1,1,1300,1300,-1.15999,0.569238
rc_a33_point_primary_hn1,1,1301,1301,-0.501305,0.430944
rc_a33_point_primary_hn1,1,1302,1302,-0.557559,0.445054
rc_a33_point_primary_hn1,1,1303,1303,-0.716956,0.502447
rc_a33_point_primary_hn1,1,1304,1304,-0.699261,0.763105
rc_a33_point_primary_hn1,1,1305,1305,-0.592235,0.633133
rc_a33_point_primary_hn1,1,1306,1306,-0.72128,0.832044
rc_a33_point_primary_hn1,1,1307,1307,-0.604742,0.640992
rc_a33_point_primary_hn1,1,1308,1308,-0.554874,0.475627
rc_a33_point_primary_hn1,1,1309,1309,-0.846824,0.449659
rc_a33_point_primary_hn1,1,1310,1310,-0.79842900000000006,0.493576
rc_a33_point_primary_hn1,1,1311,1311,-0.886809,0.746249
rc_a33_point_primary_hn1,1,1312,1312,-1.03607,0.422164
rc_a33_point_primary_hn1,1,1313,1313,-0.723026,0.427545
rc_a33_point_primary_hn1,1,1314,1314,-0.718529,0.501087
rc_a33_point_primary_hn1,1,1315,1315,-0.632002,0.470811
rc_a33_point_primary_hn1,1,1316,1316,-0.65074,0.434161
rc_a33_point_primary_hn1,1,1317,1317,-0.615753,0.457107
rc_a33_point_primary_hn1,1,1318,1318,-0.669584,0.38454
rc_a33_point_primary_hn1,1,1319,1319,-0.739567,0.323656
rc_a33_point_primary_hn1,1,1320,1320,-0.717343,0.567006
rc_a33_point_primary_hn1,1,1321,1321,-0.721864,0.603108
rc_a33_point_primary_hn1,1,1322,1322,-0.644093,0.509775
rc_a33_point_primary_hn1,1,1323,1323,-0.392893,0.579526
rc_a33_point_primary_hn1,1,1324,1324,-0.65462,0.660272
rc_a33_point_primary_hn1,1,1325,1325,-0.52787,0.704947
rc_a33_point_primary_hn1,1,1326,1326,-0.548889,0.437802
rc_a33_point_primary_hn1,1,1327,1327,-0.563643,0.501907
rc_a33_point_primary_hn1,1,1328,1328,-0.731966,0.336825
rc_a33_point_primary_hn1,1,1329,1329,-0.499723,0.450537
rc_a33_point_primary_hn1,1,1330,1330,-0.53162,0.504049
rc_a33_point_primary_hn1,1,1331,1331,-0.700382,0.531117
rc_a33_point_primary_hn1,1,1332,1332,-0.846308,0.387751
rc_a33_point_primary_hn1,1,1333,1333,-0.755875,0.621029
rc_a33_point_primary_hn1,1,1334,1334,-0.729604,0.717278
rc_a33_point_primary_hn1,1,1335,1335,-0.654209,0.921259
rc_a33_point_primary_hn1,1,1336,1336,-0.63101,0.850908
rc_a33_point_primary_hn1,1,1337,1337,-0.947366,1.44361
rc_a33_point_primary_hn1,1,1338,1338,-0.836577,1.42624
rc_a33_point_primary_hn1,1,1339,1339,-0.94481,0.877637
rc_a33_point_primary_hn1,1,1340,1340,-0.539163,0.584895
rc_a33_point_primary_hn1,1,1341,1341,-0.632281,0.47211
rc_a33_point_primary_hn1,1,1342,1342,-1.35057,0.698188
rc_a33_point_primary_hn1,1,1343,1343,-1.39918,0.936361
rc_a33_point_primary_hn1,1,1344,1344,-1.02315,0.683171
rc_a33_point_primary_hn1,1,1345,1345,-0.991911,0.621375
rc_a33_point_primary_hn1,1,1346,1346,-0.927701,0.397253
rc_a33_point_primary_hn1,1,1347,1347,-0.923828,0.371424
rc_a33_point_primary_hn1,1,1348,1348,-1.04821,0.336183
rc_a33_point_primary_hn1,1,1349,1349,-1.17915,0.50322
rc_a33_point_primary_hn1,1,1350,1350,-1.00376,0.47689
rc_a33_point_primary_hn1,1,1351,1351,-0.962824,0.476395
rc_a33_point_primary_hn1,1,1352,1352,-0.918362,0.546442
rc_a33_point_primary_hn1,1,1353,1353,-0.949754,0.590139
rc_a33_point_primary_hn1,1,1354,1354,-1.25107,0.536095
rc_a33_point_primary_hn1,1,1355,1355,-1.30461,0.589133
rc_a33_point_primary_hn1,1,1356,1356,-1.33216,0.619466
rc_a33_point_primary_hn1,1,1357,1357,-1.23263,0.595311
rc_a33_point_primary_hn1,1,1358,1358,-0.870405,0.756863
rc_a33_point_primary_hn1,1,1359,1359,-0.827911,0.817015
rc_a33_point_primary_hn1,1,1360,1360,-0.902205,0.841967
rc_a33_point_primary_hn1,1,1361,1361,-0.803554,0.816109
rc_a33_point_primary_hn1,1,1362,1362,-0.850615,0.854664
rc_a33_point_primary_hn1,1,1363,1363,-0.500594,0.927307
rc_a33_point_primary_hn1,1,1364,1364,-0.836307,0.431973
rc_a33_point_primary_hn1,1,1365,1365,-1.02517,0.332694
rc_a33_point_primary_hn1,1,1366,1366,-1.03133,0.461163
rc_a33_point_primary_hn1,1,1367,1367,-0.380728,0.547614
rc_a33_point_primary_hn1,1,1368,1368,-0.273341,0.604455
rc_a33_point_primary_hn1,1,1369,1369,-0.661356,0.635439
rc_a33_point_primary_hn1,1,1370,1370,-0.793007,0.459922
rc_a33_point_primary_hn1,1,1371,1371,-0.719362,0.542293
rc_a33_point_primary_hn1,1,1372,1372,-0.746015,0.426139
rc_a33_point_primary_hn1,1,1373,1373,-0.743257,0.409372
rc_a33_point_primary_hn1,1,1374,1374,-0.904771,1.01781
rc_a33_point_primary_hn1,1,1375,1375,-0.851392,0.866858
rc_a33_point_primary_hn1,1,1376,1376,-0.77712,0.433171
rc_a33_point_primary_hn1,1,1377,1377,-0.777397,0.405122
rc_a33_point_primary_hn1,1,1378,1378,-0.922435,0.462804
rc_a33_point_primary_hn1,1,1379,1379,-0.773739,0.606583
rc_a33_point_primary_hn1,1,1380,1380,-0.903616,0.509978
rc_a33_point_primary_hn1,1,1381,1381,-0.742728,0.53494
rc_a33_point_primary_hn1,1,1382,1382,-0.711932,0.394073
rc_a33_point_primary_hn1,1,1383,1383,-0.640248,0.624183
rc_a33_point_primary_hn1,1,1384,1384,-1.25193,0.858012
rc_a33_point_primary_hn1,1,1385,1385,-1.34691,0.955248
rc_a33_point_primary_hn1,1,1386,1386,-0.993804,1.39365
rc_a33_point_primary_hn1,1,1387,1387,-1.03753,1.17723
rc_a33_point_primary_hn1,1,1388,1388,-1.11869,1.02968
rc_a33_point_primary_hn1,1,1389,1389,-1.0103,0.871915
rc_a33_point_primary_hn1,1,1390,1390,-1.12147,0.527563
rc_a33_point_primary_hn1,1,1391,1391,-0.949674,0.831478
rc_a33_point_primary_hn1,1,1392,1392,-1.10216,0.799966
rc_a33_point_primary_hn1,1,1393,1393,-0.973175,0.881453
rc_a33_point_primary_hn1,1,1394,1394,-1.14819,0.706735
rc_a33_point_primary_hn1,1,1395,1395,-0.635462,0.728957
rc_a33_point_primary_hn1,1,1396,1396,-0.759699,0.673424
rc_a33_point_primary_hn1,1,1397,1397,-0.977505,0.536106
rc_a33_point_primary_hn1,1,1398,1398,-0.895635,0.630286
rc_a33_point_primary_hn1,1,1399,1399,-0.929359,0.604268
rc_a33_point_primary_hn1,1,1400,1400,-0.597109,0.525678
rc_a33_point_primary_hn1,1,1401,1401,-1.3836,1.21549
rc_a33_point_primary_hn1,1,1402,1402,-1.17464,0.898014
rc_a33_point_primary_hn1,1,1403,1403,-1.22404,0.873244
rc_a33_point_primary_hn1,1,1404,1404,-1.05932,1.22544
rc_a33_point_primary_hn1,1,1405,1405,-1.09432,1.02686
rc_a33_point_primary_hn1,1,1406,1406,-1.23193,0.944131
rc_a33_point_primary_hn1,1,1407,1407,-0.972138,0.745797
rc_a33_point_primary_hn1,1,1408,1408,-1.14426,0.704311
rc_a33_point_primary_hn1,1,1409,1409,-1.25142,0.613218
rc_a33_point_primary_hn1,1,1410,1410,-1.08258,0.641548
rc_a33_point_primary_hn1,1,1411,1411,-1.25662,0.716281
rc_a33_point_primary_hn1,1,1412,1412,-1.34189,0.837717
rc_a33_point_primary_hn1,1,1413,1413,-1.14098,0.88843
rc_a33_point_primary_hn1,1,1414,1414,-1.16044,0.964764
rc_a33_point_primary_hn1,1,1415,1415,-1.09571,0.990951
rc_a33_point_primary_hn1,1,1416,1416,-1.2377,0.820331
rc_a33_point_primary_hn1,1,1417,1417,-0.746248,0.348208
rc_a33_point_primary_hn1,1,1418,1418,-0.660711,0.363159
rc_a33_point_primary_hn1,1,1419,1419,-0.716793,0.289165
rc_a33_point_primary_hn1,1,1420,1420,-0.716322,0.381057
rc_a33_point_primary_hn1,1,1421,1421,-0.916008,0.331302
rc_a33_point_primary_hn1,1,1422,1422,-1.00482,0.323755
rc_a33_point_primary_hn1,1,1423,1423,-1.02497,0.410344
rc_a33_point_primary_hn1,1,1424,1424,-0.703005,0.897336
rc_a33_point_primary_hn1,1,1425,1425,-0.834686,0.702995
rc_a33_point_primary_hn1,1,1426,1426,-1.01126,0.704776
rc_a33_point_primary_hn1,1,1427,1427,-0.858908,0.376916
rc_a33_point_primary_hn1,1,1428,1428,-1.01787,0.798768
rc_a33_point_primary_hn1,1,1429,1429,-0.806854,0.778713
rc_a33_point_primary_hn1,1,1430,1430,-0.791549,0.872732
rc_a33_point_primary_hn1,1,1431,1431,-0.82988,0.73087
rc_a33_point_primary_hn1,1,1432,1432,-0.762147,0.657336
rc_a33_point_primary_hn1,1,1433,1433,-0.681156,0.659721
rc_a33_point_primary_hn1,1,1434,1434,-0.82148,0.766226
rc_a33_point_primary_hn1,1,1435,1435,-0.605115,0.695963
rc_a33_point_primary_hn1,1,1436,1436,-1.56053,0.801509
rc_a33_point_primary_hn1,1,1437,1437,-1.54322,0.749132
rc_a33_point_primary_hn1,1,1438,1438,-1.49376,0.6798
rc_a33_point_primary_hn1,1,1439,1439,-0.932784,0.603518
rc_a33_point_primary_hn1,1,1440,1440,-0.910479,0.636715
rc_a33_point_primary_hn1,1,1441,1441,-0.732347,0.441706
rc_a33_point_primary_hn1,1,1442,1442,-0.741165,0.835908
rc_a33_point_primary_hn1,1,1443,1443,-0.411806,1.12912
rc_a33_point_primary_hn1,1,1444,1444,-0.375477,1.09172
rc_a33_point_primary_hn1,1,1445,1445,-0.603586,0.486558
rc_a33_point_primary_hn1,1,1446,1446,-0.510114,0.687327
rc_a33_point_primary_hn1,1,1447,1447,-0.498273,0.643048
rc_a33_point_primary_hn1,1,1448,1448,-0.514598,0.650766
rc_a33_point_primary_hn1,1,1449,1449,-0.628098,1.07071
rc_a33_point_primary_hn1,1,1450,1450,-0.72651,0.832577
rc_a33_point_primary_hn1,1,1451,1451,-0.593045,0.498674
rc_a33_point_primary_hn1,1,1452,1452,-0.896145,0.665241
rc_a33_point_primary_hn1,1,1453,1453,0.00299093,0.900576
rc_a33_point_primary_hn1,1,1454,1454,-0.27404,0.561597
rc_a33_point_primary_hn1,1,1455,1455,-0.0697249,0.76634
rc_a33_point_primary_hn1,1,1456,1456,-1.63682,0.93300399999999994
rc_a33_point_primary_hn1,1,1457,1457,-1.62751,0.900326
rc_a33_point_primary_hn1,1,1458,1458,-1.20029,0.76424
rc_a33_point_primary_hn1,1,1459,1459,-1.11005,0.699264
rc_a33_point_primary_hn1,1,1460,1460,-1.1904,0.640452
rc_a33_point_primary_hn1,1,1461,1461,-1.17215,0.587358
rc_a33_point_primary_hn1,1,1462,1462,-1.17797,0.655436
rc_a33_point_primary_hn1,1,1463,1463,-1.00648,0.765038
rc_a33_point_primary_hn1,1,1464,1464,-0.960109,0.599131
rc_a33_point_primary_hn1,1,1465,1465,-0.936813,0.550456
rc_a33_point_primary_hn1,1,1466,1466,-1.15447,0.576166
rc_a33_point_primary_hn1,1,1467,1467,-1.14145,0.785495
rc_a33_point_primary_hn1,1,1468,1468,-1.24978,0.730798
rc_a33_point_primary_hn1,1,1469,1469,-1.22828,0.682454
rc_a33_point_primary_hn1,1,1470,1470,-0.72209,0.657947
rc_a33_point_primary_hn1,1,1471,1471,-0.586156,0.751042
rc_a33_point_primary_hn1,1,1472,1472,-0.870025,0.720007
rc_a33_point_primary_hn1,1,1473,1473,-0.894199,0.750432
rc_a33_point_primary_hn1,1,1474,1474,-0.958454,0.421052
rc_a33_point_primary_hn1,1,1475,1475,-1.18629,0.604217
rc_a33_point_primary_hn1,1,1476,1476,-1.13129,0.475142
rc_a33_point_primary_hn1,1,1477,1477,-1.35788,0.592557
rc_a33_point_primary_hn1,1,1478,1478,-0.487674,0.405387
rc_a33_point_primary_hn1,1,1479,1479,-0.604555,0.528872
rc_a33_point_primary_hn1,1,1480,1480,-0.495754,0.391152
rc_a33_point_primary_hn1,1,1481,1481,-0.42634,0.664779
rc_a33_point_primary_hn1,1,1482,1482,-0.649043,0.404953
rc_a33_point_primary_hn1,1,1483,1483,-0.719924,0.308081
rc_a33_point_primary_hn1,1,1484,1484,-0.81934,0.451575
rc_a33_point_primary_hn1,1,1485,1485,-0.913202,0.36943
rc_a33_point_primary_hn1,1,1486,1486,-0.929387,0.358916
rc_a33_point_primary_hn1,1,1487,1487,-0.786801,0.425379
rc_a33_point_primary_hn1,1,1488,1488,-0.690646,0.338531
rc_a33_point_primary_hn1,1,1489,1489,-0.729266,0.545874
rc_a33_point_primary_hn1,1,1490,1490,-0.847484,0.542703
rc_a33_point_primary_hn1,1,1491,1491,-0.930846,0.699915
rc_a33_point_primary_hn1,1,1492,1492,-0.890153,0.515006
rc_a33_point_primary_hn1,1,1493,1493,-1.05184,0.533194
rc_a33_point_primary_hn1,1,1494,1494,-1.02895,0.348523
rc_a33_point_primary_hn1,1,1495,1495,-0.926378,0.239612
rc_a33_point_primary_hn1,1,1496,1496,-0.962514,0.487285
rc_a33_point_primary_hn1,1,1497,1497,-1.06487,0.513464
rc_a33_point_primary_hn1,1,1498,1498,-0.812161,0.278663
rc_a33_point_primary_hn1,1,1499,1499,-0.872318,0.304605
rc_a33_point_primary_hn1,1,1500,1500,-0.893028,0.420075
rc_a33_point_primary_hn1,1,1501,1501,-0.924934,0.437587
rc_a33_point_primary_hn1,1,1502,1502,-0.863747,0.392663
rc_a33_point_primary_hn1,1,1503,1503,-0.699099,0.393419
rc_a33_point_primary_hn1,1,1504,1504,-0.409374,0.346884
rc_a33_point_primary_hn1,1,1505,1505,-0.492256,0.388462
rc_a33_point_primary_hn1,1,1506,1506,-0.598401,0.37659
rc_a33_point_primary_hn1,1,1507,1507,-0.473811,0.381664
rc_a33_point_primary_hn1,1,1508,1508,-0.75248,1.64919
rc_a33_point_primary_hn1,1,1509,1509,-0.705673,1.16554
rc_a33_point_primary_hn1,1,1510,1510,-0.849236,1.17871
rc_a33_point_primary_hn1,1,1511,1511,-0.600692,1.1326
rc_a33_point_primary_hn1,1,1512,1512,-0.668799,0.424325
rc_a33_point_primary_hn1,1,1513,1513,-0.631812,0.454551
rc_a33_point_primary_hn1,1,1514,1514,-0.711356,0.440807
rc_a33_point_primary_hn1,1,1515,1515,-0.815529,0.732295
rc_a33_point_primary_hn1,1,1516,1516,-0.824712,0.358216
rc_a33_point_primary_hn1,1,1517,1517,-0.78945,0.375953
rc_a33_point_primary_hn1,1,1518,1518,-0.947289,0.607511
rc_a33_point_primary_hn1,1,1519,1519,-0.842505,0.460533
rc_a33_point_primary_hn1,1,1520,1520,-0.765735,0.369832
rc_a33_point_primary_hn1,1,1521,1521,-0.737797,0.369103
rc_a33_point_primary_hn1,1,1522,1522,-0.9313,0.36826
rc_a33_point_primary_hn1,1,1523,1523,-0.760728,0.423913
rc_a33_point_primary_hn1,1,1524,1524,-0.451966,0.520091
rc_a33_point_primary_hn1,1,1525,1525,-0.544905,0.463256
rc_a33_point_primary_hn1,1,1526,1526,-0.566081,0.548757
rc_a33_point_primary_hn1,1,1527,1527,-0.590147,0.5116
rc_a33_point_primary_hn1,1,1528,1528,-0.394593,0.723029
rc_a33_point_primary_hn1,1,1529,1529,-0.150687,1.00391
rc_a33_point_primary_hn1,1,1530,1530,-0.0962491,1.00824
rc_a33_point_primary_hn1,1,1531,1531,0.0633715,1.12073
rc_a33_point_primary_hn1,1,1532,1532,0.00623948,0.994445
rc_a33_point_primary_hn1,1,1533,1533,-0.0496056,0.934523
rc_a33_point_primary_hn1,1,1534,1534,-0.159532,0.951586
rc_a33_point_primary_hn1,1,1535,1535,0.0920311,0.88544
rc_a33_point_primary_hn1,1,1536,1536,-0.137332,0.710247
rc_a33_point_primary_hn1,1,1537,1537,-0.25893,1.1252
rc_a33_point_primary_hn1,1,1538,1538,-0.522064,0.730563
rc_a33_point_primary_hn1,1,1539,1539,-0.831957,1.13731
rc_a33_point_primary_hn1,1,1540,1540,-0.870602,1.17724
rc_a33_point_primary_hn1,1,1541,1541,-0.759421,0.847792
rc_a33_point_primary_hn1,1,1542,1542,-0.723626,1.06583
rc_a33_point_primary_hn1,1,1543,1543,-0.7258,1.01287
rc_a33_point_primary_hn1,1,1544,1544,-0.644918,1.00195
rc_a33_point_primary_hn1,1,1545,1545,-1.04201,0.43151
rc_a33_point_primary_hn1,1,1546,1546,-0.975488,0.403392
rc_a33_point_primary_hn1,1,1547,1547,-1.50375,0.79524
rc_a33_point_primary_hn1,1,1548,1548,-1.57188,0.70648
rc_a33_point_primary_hn1,1,1549,1549,-1.40705,0.509535
rc_a33_point_primary_hn1,1,1550,1550,-0.883878,0.617465
rc_a33_point_primary_hn1,1,1551,1551,-0.846801,0.423883
rc_a33_point_primary_hn1,1,1552,1552,-0.795755,0.454292
rc_a33_point_primary_hn1,1,1553,1553,-0.762286,0.389269
rc_a33_point_primary_hn1,1,1554,1554,-0.630933,0.417223
rc_a33_point_primary_hn1,1,1555,1555,-0.760009,0.41942
rc_a33_point_primary_hn1,1,1556,1556,-0.525363,0.467836
rc_a33_point_primary_hn1,1,1557,1557,-0.639502,0.657586
rc_a33_point_primary_hn1,1,1558,1558,-0.123783,0.664821
rc_a33_point_primary_hn1,1,1559,1559,-0.750665,0.646313
rc_a33_point_primary_hn1,1,1560,1560,-0.396052,0.764381
rc_a33_point_primary_hn1,1,1561,1561,-0.489618,0.650747
rc_a33_point_primary_hn1,1,1562,1562,-1.23707,0.639241
rc_a33_point_primary_hn1,1,1563,1563,-1.22943,0.416438
rc_a33_point_primary_hn1,1,1564,1564,-1.21411,0.497529
rc_a33_point_primary_hn1,1,1565,1565,-1.03727,0.461599
rc_a33_point_primary_hn1,1,1566,1566,-0.795819,0.325321
rc_a33_point_primary_hn1,1,1567,1567,-0.378548,0.413046
rc_a33_point_primary_hn1,1,1568,1568,-0.540658,0.294241
rc_a33_point_primary_hn1,1,1569,1569,-0.779413,0.386814
rc_a33_point_primary_hn1,1,1570,1570,-0.371658,0.723625
rc_a33_point_primary_hn1,1,1571,1571,-0.508084,0.705836
rc_a33_point_primary_hn1,1,1572,1572,-0.875201,0.455841
rc_a33_point_primary_hn1,1,1573,1573,-0.746704,0.32023
rc_a33_point_primary_hn1,1,1574,1574,-0.732553,0.385016
rc_a33_point_primary_hn1,1,1575,1575,-0.734576,0.309038
rc_a33_point_primary_hn1,1,1576,1576,-0.8003,0.38866
rc_a33_point_primary_hn1,1,1577,1577,-0.779729,1.18341
rc_a33_point_primary_hn1,1,1578,1578,-0.703307,0.853298
rc_a33_point_primary_hn1,1,1579,1579,-0.765699,0.925652
rc_a33_point_primary_hn1,1,1580,1580,-0.735629,1.59164
rc_a33_point_primary_hn1,1,1581,1581,-0.858986,0.549901
rc_a33_point_primary_hn1,1,1582,1582,-1.05335,0.618197
rc_a33_point_primary_hn1,1,1583,1583,-0.998296,0.588081
rc_a33_point_primary_hn1,1,1584,1584,-1.30759,0.664725
rc_a33_point_primary_hn1,1,1585,1585,-1.47101,0.711797
rc_a33_point_primary_hn1,1,1586,1586,-0.471726,0.49334
rc_a33_point_primary_hn1,1,1587,1587,-0.511078,0.500259
rc_a33_point_primary_hn1,1,1588,1588,-0.467426,0.555121
rc_a33_point_primary_hn1,1,1589,1589,-0.456148,0.537904
rc_a33_point_primary_hn1,1,1590,1590,-0.443678,0.561478
rc_a33_point_primary_hn1,1,1591,1591,-0.235863,0.897451
rc_a33_point_primary_hn1,1,1592,1592,-0.346051,0.611244
rc_a33_point_primary_hn1,1,1593,1593,-0.433276,1.09156
rc_a33_point_primary_hn1,1,1594,1594,-0.17023,0.935365
rc_a33_point_primary_hn1,1,1595,1595,-0.090177,0.847764
rc_a33_point_primary_hn1,1,1596,1596,-0.0882417,0.810843
rc_a33_point_primary_hn1,1,1597,1597,-0.296638,0.506133
rc_a33_point_primary_hn1,1,1598,1598,-0.2887,0.791321
rc_a33_point_primary_hn1,1,1599,1599,-0.362807,0.732535
rc_a33_point_primary_hn1,1,1600,1600,-0.375694,0.754534
rc_a33_point_primary_hn1,1,1601,1601,-0.610987,0.623716
rc_a33_point_primary_hn1,1,1602,1602,-0.640682,0.520374
rc_a33_point_primary_hn1,1,1603,1603,-0.718781,0.480559
rc_a33_point_primary_hn1,1,1604,1604,-0.644924,0.434896
rc_a33_point_primary_hn1,1,1605,1605,-1.03869,0.510979
rc_a33_point_primary_hn1,1,1606,1606,-1.05939,0.789363
rc_a33_point_primary_hn1,1,1607,1607,-1.03711,0.813857
rc_a33_point_primary_hn1,1,1608,1608,-1.19848,0.538543
rc_a33_point_primary_hn1,1,1609,1609,-1.26168,0.643474
rc_a33_point_primary_hn1,1,1610,1610,-1.34893,0.686277
rc_a33_point_primary_hn1,1,1611,1611,-1.2322,1.33377
rc_a33_point_primary_hn1,1,1612,1612,-1.05846,1.5274
rc_a33_point_primary_hn1,1,1613,1613,-1.18766,1.99242
rc_a33_point_primary_hn1,1,1614,1614,-1.13745,1.70827
rc_a33_point_primary_hn1,1,1615,1615,-1.18023,1.47792
rc_a33_point_primary_hn1,1,1616,1616,-1.77754,1.05332
rc_a33_point_primary_hn1,1,1617,1617,-1.86201,1.20459
rc_a33_point_primary_hn1,1,1618,1618,-2.04615,1.20423
rc_a33_point_primary_hn1,1,1619,1619,-2.39337,1.12609
rc_a33_point_primary_hn1,1,1620,1620,-2.39286,1.29093
rc_a33_point_primary_hn1,1,1621,1621,-2.36743,1.11709
rc_a33_point_primary_hn1,1,1622,1622,-0.688973,0.609473
rc_a33_point_primary_hn1,1,1623,1623,-0.724279,0.608515
rc_a33_point_primary_hn1,1,1624,1624,-0.491395,0.73805
rc_a33_point_primary_hn1,1,1625,1625,-0.661651,0.697574
rc_a33_point_primary_hn1,1,1626,1626,-0.141765,1.04357
rc_a33_point_primary_hn1,1,1627,1627,-0.156993,1.13159
rc_a33_point_primary_hn1,1,1628,1628,-0.18881,1.18189
rc_a33_point_primary_hn1,1,1629,1629,-0.112361,1.26414
rc_a33_point_primary_hn1,1,1630,1630,-0.555058,0.887316
rc_a33_point_primary_hn1,1,1631,1631,-0.0716915,0.923262
rc_a33_point_primary_hn1,1,1632,1632,-0.149323,0.945842
rc_a33_point_primary_hn1,1,1633,1633,-0.241889,1.08958
rc_a33_point_primary_hn1,1,1634,1634,-0.910113,1.0295
rc_a33_point_primary_hn1,1,1635,1635,-1.54005,1.48879
rc_a33_point_primary_hn1,1,1636,1636,-1.42633,1.14675
rc_a33_point_primary_hn1,1,1637,1637,-1.39148,1.25897
rc_a33_point_primary_hn1,1,1638,1638,-0.83331,0.642673
rc_a33_point_primary_hn1,1,1639,1639,-0.582142,1.30081
rc_a33_point_primary_hn1,1,1640,1640,-0.783505,0.533654
rc_a33_point_primary_hn1,1,1641,1641,-0.837635,0.522739
rc_a33_point_primary_hn1,1,1642,1642,-0.687501,0.631651
rc_a33_point_primary_hn1,1,1643,1643,-0.826977,0.790345
rc_a33_point_primary_hn1,1,1644,1644,-0.848567,0.933544
rc_a33_point_primary_hn1,1,1645,1645,-0.587373,1.00727
rc_a33_point_primary_hn1,1,1646,1646,-0.721571,0.772272
rc_a33_point_primary_hn1,1,1647,1647,-0.63503,0.639205
rc_a33_point_primary_hn1,1,1648,1648,-0.84389,0.866374
rc_a33_point_primary_hn1,1,1649,1649,-0.791023,0.830862
rc_a33_point_primary_hn1,1,1650,1650,-0.682067,0.486447
rc_a33_point_primary_hn1,1,1651,1651,-0.68802,0.669721
rc_a33_point_primary_hn1,1,1652,1652,-0.847397,0.47828
rc_a33_point_primary_hn1,1,1653,1653,-0.551988,0.57959
rc_a33_point_primary_hn1,1,1654,1654,-0.507321,0.540396
rc_a33_point_primary_hn1,1,1655,1655,-0.5121,0.621361
rc_a33_point_primary_hn1,1,1656,1656,-0.631749,0.548652
rc_a33_point_primary_hn1,1,1657,1657,-0.714101,0.70843
rc_a33_point_primary_hn1,1,1658,1658,-0.708543,0.498622
rc_a33_point_primary_hn1,1,1659,1659,-1.03425,0.496591
rc_a33_point_primary_hn1,1,1660,1660,-0.831051,0.772501
rc_a33_point_primary_hn1,1,1661,1661,-1.01199,0.638892
rc_a33_point_primary_hn1,1,1662,1662,-1.03671,0.876267
rc_a33_point_primary_hn1,1,1663,1663,-1.0312,0.932541
rc_a33_point_primary_hn1,1,1664,1664,-0.991334,1.21879
rc_a33_point_primary_hn1,1,1665,1665,-0.648042,0.946521
rc_a33_point_primary_hn1,1,1666,1666,-0.480485,0.39783
rc_a33_point_primary_hn1,1,1667,1667,-0.542946,0.467095
rc_a33_point_primary_hn1,1,1668,1668,-0.920279,0.320757
rc_a33_point_primary_hn1,1,1669,1669,-0.854021,0.420396
rc_a33_point_primary_hn1,1,1670,1670,-0.935268,0.454872
rc_a33_point_primary_hn1,1,1671,1671,-0.782954,0.525449
rc_a33_point_primary_hn1,1,1672,1672,-0.903459,0.576566
rc_a33_point_primary_hn1,1,1673,1673,-0.862676,0.466639
rc_a33_point_primary_hn1,1,1674,1674,-0.871734,0.442657
rc_a33_point_primary_hn1,1,1675,1675,-0.868795,0.350704
rc_a33_point_primary_hn1,1,1676,1676,-0.913655,0.297393
rc_a33_point_primary_hn1,1,1677,1677,-0.898167,0.455704
rc_a33_point_primary_hn1,1,1678,1678,-0.744854,0.420899
rc_a33_point_primary_hn1,1,1679,1679,-0.640796,0.770274
rc_a33_point_primary_hn1,1,1680,1680,-0.435256,0.835232
rc_a33_point_primary_hn1,1,1681,1681,-0.445726,0.853179
rc_a33_point_primary_hn1,1,1682,1682,-0.395989,0.820605
rc_a33_point_primary_hn1,1,1683,1683,-0.524998,0.668051
rc_a33_point_primary_hn1,1,1684,1684,-0.31188,0.850999
rc_a33_point_primary_hn1,1,1685,1685,-0.503885,0.88588
rc_a33_point_primary_hn1,1,1686,1686,-0.950707,0.775848
rc_a33_point_primary_hn1,1,1687,1687,-0.861282,0.694167
rc_a33_point_primary_hn1,1,1688,1688,-0.765223,0.46123
rc_a33_point_primary_hn1,1,1689,1689,-1.14498,0.440977
rc_a33_point_primary_hn1,1,1690,1690,-1.12053,0.47216
rc_a33_point_primary_hn1,1,1691,1691,-0.825963,0.253856
rc_a33_point_primary_hn1,1,1692,1692,-0.946003,0.241581
rc_a33_point_primary_hn1,1,1693,1693,-1.40754,0.52517
rc_a33_point_primary_hn1,1,1694,1694,-1.08177,0.57041
rc_a33_point_primary_hn1,1,1695,1695,-1.20368,0.694421
rc_a33_point_primary_hn1,1,1696,1696,-0.603803,0.490778
rc_a33_point_primary_hn1,1,1697,1697,-0.727022,0.464351
rc_a33_point_primary_hn1,1,1698,1698,-0.883365,0.626689
rc_a33_point_primary_hn1,1,1699,1699,-1.16233,0.512016
rc_a33_point_primary_hn1,1,1700,1700,-1.35864,0.670072
rc_a33_point_primary_hn1,1,1701,1701,-1.43892,0.697576
rc_a33_point_primary_hn1,1,1702,1702,-1.58199,0.964296
rc_a33_point_primary_hn1,1,1703,1703,-0.655148,0.715748
rc_a33_point_primary_hn1,1,1704,1704,-0.525262,0.586549
rc_a33_point_primary_hn1,1,1705,1705,-0.817416,0.624614
rc_a33_point_primary_hn1,1,1706,1706,-0.624431,0.556377
rc_a33_point_primary_hn1,1,1707,1707,-0.3862,0.61685
rc_a33_point_primary_hn1,1,1708,1708,-0.321172,0.597618
rc_a33_point_primary_hn1,1,1709,1709,0.0524536,0.76235
rc_a33_point_primary_hn1,1,1710,1710,0.12844,0.821901
rc_a33_point_primary_hn1,1,1711,1711,-0.0669561,0.672807
rc_a33_point_primary_hn1,1,1712,1712,-0.907198,0.454624
rc_a33_point_primary_hn1,1,1713,1713,-0.898162,0.382083
rc_a33_point_primary_hn1,1,1714,1714,-0.885579,0.413367
rc_a33_point_primary_hn1,1,1715,1715,-0.884246,0.487949
rc_a33_point_primary_hn1,1,1716,1716,-1.09488,0.556771
rc_a33_point_primary_hn1,1,1717,1717,-1.15028,0.44277
rc_a33_point_primary_hn1,1,1718,1718,-1.10751,0.534505
rc_a33_point_primary_hn1,1,1719,1719,-0.937094,0.344756
rc_a33_point_primary_hn1,1,1720,1720,-1.02093,0.680007
rc_a33_point_primary_hn1,1,1721,1721,-0.429403,0.453198
rc_a33_point_primary_hn1,1,1722,1722,-0.89409400000000006,0.561187
rc_a33_point_primary_hn1,1,1723,1723,-0.932112,0.658624
rc_a33_point_primary_hn1,1,1724,1724,-1.16644,0.810701
rc_a33_point_primary_hn1,1,1725,1725,-1.27494,0.541663
rc_a33_point_primary_hn1,1,1726,1726,-1.05586,0.580737
rc_a33_point_primary_hn1,1,1727,1727,-1.08587,0.414903
rc_a33_point_primary_hn1,1,1728,1728,-1.20745,0.548458
rc_a33_point_primary_hn1,1,1729,1729,-1.19835,0.564699
rc_a33_point_primary_hn1,1,1730,1730,-0.909784,0.470232
rc_a33_point_primary_hn1,1,1731,1731,-0.64801,0.588849
rc_a33_point_primary_hn1,1,1732,1732,-0.667592,0.432035
rc_a33_point_primary_hn1,1,1733,1733,-0.70281,0.491423
rc_a33_point_primary_hn1,1,1734,1734,-0.887249,0.417768
rc_a33_point_primary_hn1,1,1735,1735,-0.80652,0.462065
rc_a33_point_primary_hn1,1,1736,1736,-0.843915,0.448458
rc_a33_point_primary_hn1,1,1737,1737,-0.961342,0.533598
rc_a33_point_primary_hn1,1,1738,1738,-0.82523,0.43466
rc_a33_point_primary_hn1,1,1739,1739,-0.778252,0.43134
rc_a33_point_primary_hn1,1,1740,1740,-1.14347,0.68111
rc_a33_point_primary_hn1,1,1741,1741,-1.11577,0.781437
rc_a33_point_primary_hn1,1,1742,1742,-1.11404,0.790619
rc_a33_point_primary_hn1,1,1743,1743,-1.17787,0.944939
rc_a33_point_primary_hn1,1,1744,1744,-1.51574,0.965237
rc_a33_point_primary_hn1,1,1745,1745,-0.959532,0.418586
rc_a33_point_primary_hn1,1,1746,1746,-1.01594,0.539619
rc_a33_point_primary_hn1,1,1747,1747,-0.771504,0.564423
rc_a33_point_primary_hn1,1,1748,1748,-0.574431,0.418958
rc_a33_point_primary_hn1,1,1749,1749,-0.67445,0.496686
rc_a33_point_primary_hn1,1,1750,1750,-0.669674,0.49555
rc_a33_point_primary_hn1,1,1751,1751,-1.14925,0.87134
rc_a33_point_primary_hn1,1,1752,1752,-1.13815,0.914767
rc_a33_point_primary_hn1,1,1753,1753,-1.11175,0.967262
rc_a33_point_primary_hn1,1,1754,1754,-0.854288,0.939031
rc_a33_point_primary_hn1,1,1755,1755,-0.979818,0.464427
rc_a33_point_primary_hn1,1,1756,1756,-0.99784,0.473524
rc_a33_point_primary_hn1,1,1757,1757,-0.754823,0.342931
rc_a33_point_primary_hn1,1,1758,1758,-0.603543,0.481071
rc_a33_point_primary_hn1,1,1759,1759,-0.521081,0.551487
rc_a33_point_primary_hn1,1,1760,1760,-0.646456,0.546216
rc_a33_point_primary_hn1,1,1761,1761,-0.731022,0.564828
rc_a33_point_primary_hn1,1,1762,1762,-0.79858,0.546178
rc_a33_point_primary_hn1,1,1763,1763,-0.496145,0.53513
rc_a33_point_primary_hn1,1,1764,1764,-1.0797,0.576426
rc_a33_point_primary_hn1,1,1765,1765,-0.970021,0.655277
rc_a33_point_primary_hn1,1,1766,1766,-0.843344,0.896958
rc_a33_point_primary_hn1,1,1767,1767,-0.993347,0.864039
rc_a33_point_primary_hn1,1,1768,1768,-1.04032,0.365621
rc_a33_point_primary_hn1,1,1769,1769,-0.9989,0.549131
rc_a33_point_primary_hn1,1,1770,1770,-1.09261,0.615765
rc_a33_point_primary_hn1,1,1771,1771,-1.00389,0.553437
rc_a33_point_primary_hn1,1,1772,1772,-1.28196,0.822369
rc_a33_point_primary_hn1,1,1773,1773,-1.12579,0.77875
rc_a33_point_primary_hn1,1,1774,1774,-1.34019,0.955879
rc_a33_point_primary_hn1,1,1775,1775,-0.66159,0.575753
rc_a33_point_primary_hn1,1,1776,1776,-0.607236,0.487284
rc_a33_point_primary_hn1,1,1777,1777,-0.678704,0.39902
rc_a33_point_primary_hn1,1,1778,1778,-0.572862,0.449007
rc_a33_point_primary_hn1,1,1779,1779,-0.884177,0.492576
rc_a33_point_primary_hn1,1,1780,1780,-0.776614,0.372056
rc_a33_point_primary_hn1,1,1781,1781,-0.739167,0.383889
rc_a33_point_primary_hn1,1,1782,1782,-0.920415,0.367631
rc_a33_point_primary_hn1,1,1783,1783,-0.951645,0.391359
rc_a33_point_primary_hn1,1,1784,1784,-0.681803,0.432405
rc_a33_point_primary_hn1,1,1785,1785,-0.927524,0.784587
rc_a33_point_primary_hn1,1,1786,1786,-0.393874,0.720922
rc_a33_point_primary_hn1,1,1787,1787,-0.294083,0.648647
rc_a33_point_primary_hn1,1,1788,1788,-0.490771,0.589571
rc_a33_point_primary_hn1,1,1789,1789,-0.549377,0.68291
rc_a33_point_primary_hn1,1,1790,1790,-0.39285,0.924373
rc_a33_point_primary_hn1,1,1791,1791,-0.583217,0.840964
rc_a33_point_primary_hn1,1,1792,1792,-0.501868,0.827148
rc_a33_point_primary_hn1,1,1793,1793,-0.51703,0.701031
rc_a33_point_primary_hn1,1,1794,1794,-0.591356,0.901451
rc_a33_point_primary_hn1,1,1795,1795,-0.840127,0.596324
rc_a33_point_primary_hn1,1,1796,1796,-0.715676,0.558183
rc_a33_point_primary_hn1,1,1797,1797,-1.25937,0.976576
rc_a33_point_primary_hn1,1,1798,1798,-1.32191,0.748933
rc_a33_point_primary_hn1,1,1799,1799,-1.0897,0.487092
rc_a33_point_primary_hn1,1,1800,1800,-1.1259,0.579383
rc_a33_point_primary_hn1,1,1801,1801,-1.09501,0.534313
rc_a33_point_primary_hn1,1,1802,1802,-1.11428,0.456458
rc_a33_point_primary_hn1,1,1803,1803,-1.24804,0.528304
rc_a33_point_primary_hn1,1,1804,1804,-1.21863,0.487635
rc_a33_point_primary_hn1,1,1805,1805,-0.901378,0.491892
rc_a33_point_primary_hn1,1,1806,1806,-0.794282,0.585051
rc_a33_point_primary_hn1,1,1807,1807,-0.683645,0.517884
rc_a33_point_primary_hn1,1,1808,1808,-0.821488,0.682551
rc_a33_point_primary_hn1,1,1809,1809,-0.974659,0.734346
rc_a33_point_primary_hn1,1,1810,1810,-1.20333,0.83647
rc_a33_point_primary_hn1,1,1811,1811,-0.717775,0.424373
rc_a33_point_primary_hn1,1,1812,1812,-0.541041,0.594259
rc_a33_point_primary_hn1,1,1813,1813,-0.58588,0.601067
rc_a33_point_primary_hn1,1,1814,1814,-0.512502,0.692691
rc_a33_point_primary_hn1,1,1815,1815,-0.618862,0.663077
rc_a33_point_primary_hn1,1,1816,1816,-0.682838,0.554449
rc_a33_point_primary_hn1,1,1817,1817,-0.554702,0.497993
rc_a33_point_primary_hn1,1,1818,1818,-0.653444,0.460541
rc_a33_point_primary_hn1,1,1819,1819,-0.766318,0.509641
rc_a33_point_primary_hn1,1,1820,1820,-0.594431,0.603296
rc_a33_point_primary_hn1,1,1821,1821,-0.55379,0.549157
rc_a33_point_primary_hn1,1,1822,1822,-0.499898,0.686364
rc_a33_point_primary_hn1,1,1823,1823,-0.255982,0.671132
rc_a33_point_primary_hn1,1,1824,1824,-0.203658,0.871794
rc_a33_point_primary_hn1,1,1825,1825,-0.281991,0.636832
rc_a33_point_primary_hn1,1,1826,1826,-0.418319,0.545924
rc_a33_point_primary_hn1,1,1827,1827,-0.478648,0.618519
rc_a33_point_primary_hn1,1,1828,1828,-0.369275,0.866425
rc_a33_point_primary_hn1,1,1829,1829,-0.717045,0.484291
rc_a33_point_primary_hn1,1,1830,1830,-0.929546,0.404937
rc_a33_point_primary_hn1,1,1831,1831,-0.361552,0.75477
rc_a33_point_primary_hn1,1,1832,1832,-0.151286,0.713296
rc_a33_point_primary_hn1,1,1833,1833,-0.0470657,0.810977
rc_a33_point_primary_hn1,1,1834,1834,-0.055411,0.888917
rc_a33_point_primary_hn1,1,1835,1835,-1.50693,0.875949
rc_a33_point_primary_hn1,1,1836,1836,-1.54392,0.778435
rc_a33_point_primary_hn1,1,1837,1837,-1.14692,0.479324
rc_a33_point_primary_hn1,1,1838,1838,-0.920177,0.854643
rc_a33_point_primary_hn1,1,1839,1839,-0.981064,0.784332
rc_a33_point_primary_hn1,1,1840,1840,-0.862349,0.750958
rc_a33_point_primary_hn1,1,1841,1841,-0.827465,0.613124
rc_a33_point_primary_hn1,1,1842,1842,-0.708149,0.565771
rc_a33_point_primary_hn1,1,1843,1843,-0.724262,0.437786
rc_a33_point_primary_hn1,1,1844,1844,-0.852717,0.586054
rc_a33_point_primary_hn1,1,1845,1845,-0.873077,0.370437
rc_a33_point_primary_hn1,1,1846,1846,-0.816167,0.382234
rc_a33_point_primary_hn1,1,1847,1847,-1.31807,0.607863
rc_a33_point_primary_hn1,1,1848,1848,-1.21858,0.649332
rc_a33_point_primary_hn1,1,1849,1849,-1.21628,0.644915
rc_a33_point_primary_hn1,1,1850,1850,-0.795389,0.511784
rc_a33_point_primary_hn1,1,1851,1851,-0.887417,0.54997
rc_a33_point_primary_hn1,1,1852,1852,-0.737787,0.584673
rc_a33_point_primary_hn1,1,1853,1853,-0.850098,0.393172
rc_a33_point_primary_hn1,1,1854,1854,-0.856508,0.364434
rc_a33_point_primary_hn1,1,1855,1855,-0.862433,0.290708
rc_a33_point_primary_hn1,1,1856,1856,-0.826207,0.724374
rc_a33_point_primary_hn1,1,1857,1857,-0.92965,0.550689
rc_a33_point_primary_hn1,1,1858,1858,-0.912533,0.457128
rc_a33_point_primary_hn1,1,1859,1859,-0.935762,0.49606
rc_a33_point_primary_hn1,1,1860,1860,-0.929264,0.458339
rc_a33_point_primary_hn1,1,1861,1861,-0.92994,0.384774
rc_a33_point_primary_hn1,1,1862,1862,-0.756121,0.590854
rc_a33_point_primary_hn1,1,1863,1863,-0.900582,0.411205
rc_a33_point_primary_hn1,1,1864,1864,-0.875801,0.419944
rc_a33_point_primary_hn1,1,1865,1865,-0.929788,0.422961
rc_a33_point_primary_hn1,1,1866,1866,-0.99396,0.360889
rc_a33_point_primary_hn1,1,1867,1867,-1.04778,0.279045
rc_a33_point_primary_hn1,1,1868,1868,-0.68781,0.301798
rc_a33_point_primary_hn1,1,1869,1869,-0.755746,0.33916
rc_a33_point_primary_hn1,1,1870,1870,-0.687391,0.607423
rc_a33_point_primary_hn1,1,1871,1871,-0.66344,0.558371
rc_a33_point_primary_hn1,1,1872,1872,-0.693916,0.571962
rc_a33_point_primary_hn1,1,1873,1873,-1.03966,0.483538
rc_a33_point_primary_hn1,1,1874,1874,-0.928521,0.346258
rc_a33_point_primary_hn1,1,1875,1875,-0.865804,0.296153
rc_a33_point_primary_hn1,1,1876,1876,-0.81232,0.579501
rc_a33_point_primary_hn1,1,1877,1877,-0.710403,0.644002
rc_a33_point_primary_hn1,1,1878,1878,-0.806641,0.500412
rc_a33_point_primary_hn1,1,1879,1879,-0.725697,0.539691
rc_a33_point_primary_hn1,1,1880,1880,-0.496001,0.53863
rc_a33_point_primary_hn1,1,1881,1881,-0.67007,0.54078
rc_a33_point_primary_hn1,1,1882,1882,-0.739524,0.422302
rc_a33_point_primary_hn1,1,1883,1883,-0.77024,0.461575
rc_a33_point_primary_hn1,1,1884,1884,-0.689579,0.25429
rc_a33_point_primary_hn1,1,1885,1885,-0.863456,0.478112
rc_a33_point_primary_hn1,1,1886,1886,-0.899816,0.330051
rc_a33_point_primary_hn1,1,1887,1887,-0.851224,0.561903
rc_a33_point_primary_hn1,1,1888,1888,-0.426525,0.534124
rc_a33_point_primary_hn1,1,1889,1889,-0.523913,0.406648
rc_a33_point_primary_hn1,1,1890,1890,-0.57589,0.562754
rc_a33_point_primary_hn1,1,1891,1891,-0.836122,0.363951
rc_a33_point_primary_hn1,1,1892,1892,-0.650172,0.382599
rc_a33_point_primary_hn1,1,1893,1893,-1.04067,0.917909
rc_a33_point_primary_hn1,1,1894,1894,-0.350951,0.644002
rc_a33_point_primary_hn1,1,1895,1895,-0.384559,0.449598
rc_a33_point_primary_hn1,1,1896,1896,-0.520693,0.544353
rc_a33_point_primary_hn1,1,1897,1897,-0.457779,0.571722
rc_a33_point_primary_hn1,1,1898,1898,-0.726968,0.556157
rc_a33_point_primary_hn1,1,1899,1899,-0.487445,0.759312
rc_a33_point_primary_hn1,1,1900,1900,-0.434722,0.834654
rc_a33_point_primary_hn1,1,1901,1901,-0.428371,0.857737
rc_a33_point_primary_hn1,1,1902,1902,-0.440679,0.89273
rc_a33_point_primary_hn1,1,1903,1903,-0.585097,0.498019
rc_a33_point_primary_hn1,1,1904,1904,-0.70593,0.501823
rc_a33_point_primary_hn1,1,1905,1905,-0.629731,0.703807
rc_a33_point_primary_hn1,1,1906,1906,-0.787213,0.704719
rc_a33_point_primary_hn1,1,1907,1907,-0.97944,0.316459
rc_a33_point_primary_hn1,1,1908,1908,-1.01302,0.447678
rc_a33_point_primary_hn1,1,1909,1909,-0.878941,0.357038
rc_a33_point_primary_hn1,1,1910,1910,-1.08366,0.634504
rc_a33_point_primary_hn1,1,1911,1911,-1.04835,0.601298
rc_a33_point_primary_hn1,1,1912,1912,-0.96019,1.60476
rc_a33_point_primary_hn1,1,1913,1913,-0.949085,0.883114
rc_a33_point_primary_hn1,1,1914,1914,-0.597747,0.763333
rc_a33_point_primary_hn1,1,1915,1915,-0.410971,1.21344
rc_a33_point_primary_hn1,1,1916,1916,-0.686347,0.524156
rc_a33_point_primary_hn1,1,1917,1917,-0.606927,0.296435
rc_a33_point_primary_hn1,1,1918,1918,-0.608141,0.383682
rc_a33_point_primary_hn1,1,1919,1919,-0.481873,0.751786
rc_a33_point_primary_hn1,1,1920,1920,-0.74952,0.445709
rc_a33_point_primary_hn1,1,1921,1921,-0.626122,0.735632
rc_a33_point_primary_hn1,1,1922,1922,-0.777916,0.507015
rc_a33_point_primary_hn1,1,1923,1923,-0.901997,0.648844
rc_a33_point_primary_hn1,1,1924,1924,-0.709632,0.628003
rc_a33_point_primary_hn1,1,1925,1925,-1.09661,0.349069
rc_a33_point_primary_hn1,1,1926,1926,-1.18686,0.451348
rc_a33_point_primary_hn1,1,1927,1927,-0.579396,0.53806
rc_a33_point_primary_hn1,1,1928,1928,-0.929471,0.37103
rc_a33_point_primary_hn1,1,1929,1929,-0.739022,0.56844
rc_a33_point_primary_hn1,1,1930,1930,-0.709461,0.504676
rc_a33_point_primary_hn1,1,1931,1931,-0.653447,0.413481
rc_a33_point_primary_hn1,1,1932,1932,-0.534489,0.560423
rc_a33_point_primary_hn1,1,1933,1933,-0.588328,0.411183
rc_a33_point_primary_hn1,1,1934,1934,0.00936824,0.846808
rc_a33_point_primary_hn1,1,1935,1935,-0.456472,0.616817
rc_a33_point_primary_hn1,1,1936,1936,-1.11473,0.820412
rc_a33_point_primary_hn1,1,1937,1937,-1.22471,0.877078
rc_a33_point_primary_hn1,1,1938,1938,-1.10313,0.669938
rc_a33_point_primary_hn1,1,1939,1939,-0.980164,0.668424
rc_a33_point_primary_hn1,1,1940,1940,-0.854733,0.586636
rc_a33_point_primary_hn1,1,1941,1941,-1.06794,0.661959
rc_a33_point_primary_hn1,1,1942,1942,-0.861015,0.542109
rc_a33_point_primary_hn1,1,1943,1943,-0.667068,0.96328
rc_a33_point_primary_hn1,1,1944,1944,-0.687644,1.00188
rc_a33_point_primary_hn1,1,1945,1945,-0.736879,1.28401
rc_a33_point_primary_hn1,1,1946,1946,-0.118086,0.977465
rc_a33_point_primary_hn1,1,1947,1947,-0.374207,0.93049
rc_a33_point_primary_hn1,1,1948,1948,-0.409874,0.74468
rc_a33_point_primary_hn1,1,1949,1949,-0.235582,0.913906
rc_a33_point_primary_hn1,1,1950,1950,-0.286752,1.03475
rc_a33_point_primary_hn1,1,1951,1951,-0.669405,0.793143
rc_a33_point_primary_hn1,1,1952,1952,-0.713359,0.727695
rc_a33_point_primary_hn1,1,1953,1953,-0.603211,0.734374
rc_a33_point_primary_hn1,1,1954,1954,-0.55228,0.751903
rc_a33_point_primary_hn1,1,1955,1955,-0.682212,0.573841
rc_a33_point_primary_hn1,1,1956,1956,-0.696871,0.567366
rc_a33_point_primary_hn1,1,1957,1957,-0.678381,0.623337
rc_a33_point_primary_hn1,1,1958,1958,-0.652492,0.979043
rc_a33_point_primary_hn1,1,1959,1959,-0.757266,1.10027
rc_a33_point_primary_hn1,1,1960,1960,-0.718828,1.13882
rc_a33_point_primary_hn1,1,1961,1961,-0.74528,1.16685
rc_a33_point_primary_hn1,1,1962,1962,-1.05187,1.45319
rc_a33_point_primary_hn1,1,1963,1963,-1.05658,1.01637
rc_a33_point_primary_hn1,1,1964,1964,-1.07244,1.0856
rc_a33_point_primary_hn1,1,1965,1965,-1.15949,1.35941
rc_a33_point_primary_hn1,1,1966,1966,-1.39993,1.06982
rc_a33_point_primary_hn1,1,1967,1967,-1.37311,1.09986
rc_a33_point_primary_hn1,1,1968,1968,-1.15748,0.69114
rc_a33_point_primary_hn1,1,1969,1969,-1.17165,0.596419
rc_a33_point_primary_hn1,1,1970,1970,-0.735439,0.458868
rc_a33_point_primary_hn1,1,1971,1971,-0.863482,0.393382
rc_a33_point_primary_hn1,1,1972,1972,-0.578956,0.372334
rc_a33_point_primary_hn1,1,1973,1973,-0.601128,0.34907
rc_a33_point_primary_hn1,1,1974,1974,-0.566798,0.367571
rc_a33_point_primary_hn1,1,1975,1975,-0.629912,0.325826
rc_a33_point_primary_hn1,1,1976,1976,-1.10084,0.45375
rc_a33_point_primary_hn1,1,1977,1977,-0.623716,0.508153
rc_a33_point_primary_hn1,1,1978,1978,-0.589719,0.290038
rc_a33_point_primary_hn1,1,1979,1979,-0.978983,0.440964
rc_a33_point_primary_hn1,1,1980,1980,-0.872533,0.449809
rc_a33_point_primary_hn1,1,1981,1981,-0.783264,0.443545
rc_a33_point_primary_hn1,1,1982,1982,-0.771572,0.327436
rc_a33_point_primary_hn1,1,1983,1983,-0.754499,0.574843
rc_a33_point_primary_hn1,1,1984,1984,-0.739399,0.587495
rc_a33_point_primary_hn1,1,1985,1985,-0.792373,0.560898
rc_a33_point_primary_hn1,1,1986,1986,-0.920688,0.68272
rc_a33_point_primary_hn1,1,1987,1987,-0.71992,0.543294
rc_a33_point_primary_hn1,1,1988,1988,-0.767317,0.38549
rc_a33_point_primary_hn1,1,1989,1989,-0.856784,0.483988
rc_a33_point_primary_hn1,1,1990,1990,-0.780557,0.426842
rc_a33_point_primary_hn1,1,1991,1991,-0.987907,0.662373
rc_a33_point_primary_hn1,1,1992,1992,-0.897935,0.309097
rc_a33_point_primary_hn1,1,1993,1993,-0.930261,0.522054
rc_a33_point_primary_hn1,1,1994,1994,-0.844971,0.400382
rc_a33_point_primary_hn1,1,1995,1995,-0.804021,0.396576
rc_a33_point_primary_hn1,1,1996,1996,-0.75988,0.444849
rc_a33_point_primary_hn1,1,1997,1997,-0.714209,0.427052
rc_a33_point_primary_hn1,1,1998,1998,-0.588724,0.404546
rc_a33_point_primary_hn1,1,1999,1999,-0.794995,0.388317
rc_a33_point_primary_hn1,1,2000,2000,-0.921221,0.43552
rc_a33_point_primary_hn1,1,2001,2001,-1.04949,0.358327
rc_a33_point_primary_hn1,1,2002,2002,-1.31563,0.625168
rc_a33_point_primary_hn1,1,2003,2003,-1.39036,0.571562
rc_a33_point_primary_hn1,1,2004,2004,-0.776165,0.517461
rc_a33_point_primary_hn1,1,2005,2005,-1.09673,0.454775
rc_a33_point_primary_hn1,1,2006,2006,-0.590822,0.351114
rc_a33_point_primary_hn1,1,2007,2007,-0.888346,0.387501
rc_a33_point_primary_hn1,1,2008,2008,-1.11243,0.433251
rc_a33_point_primary_hn1,1,2009,2009,-0.813105,0.539372
rc_a33_point_primary_hn1,1,2010,2010,-0.953779,0.501741
rc_a33_point_primary_hn1,1,2011,2011,-1.04026,0.625518
rc_a33_point_primary_hn1,1,2012,2012,-0.682871,0.754203
rc_a33_point_primary_hn1,1,2013,2013,-0.613668,0.782529
rc_a33_point_primary_hn1,1,2014,2014,-0.504045,0.702639
rc_a33_point_primary_hn1,1,2015,2015,-0.918086,0.988037
rc_a33_point_primary_hn1,1,2016,2016,-0.950434,0.958152
rc_a33_point_primary_hn1,1,2017,2017,-1.0487899999999999,0.834637
rc_a33_point_primary_hn1,1,2018,2018,-1.66217,1.27294
rc_a33_point_primary_hn1,1,2019,2019,-1.86942,1.42082
rc_a33_point_primary_hn1,1,2020,2020,-1.75587,1.55984
rc_a33_point_primary_hn1,1,2021,2021,-1.54622,1.34834
rc_a33_point_primary_hn1,1,2022,2022,-1.49948,1.27982
rc_a33_point_primary_hn1,1,2023,2023,-1.4569,1.37527
rc_a33_point_primary_hn1,1,2024,2024,-1.13937,1.0099
rc_a33_point_primary_hn1,1,2025,2025,-0.500066,1.02724
rc_a33_point_primary_hn1,1,2026,2026,-0.553376,1.1124
rc_a33_point_primary_hn1,1,2027,2027,-0.541386,1.02954
rc_a33_point_primary_hn1,1,2028,2028,-0.926677,0.65118
rc_a33_point_primary_hn1,1,2029,2029,-1.27601,0.839182
rc_a33_point_primary_hn1,1,2030,2030,-1.36577,0.810427
rc_a33_point_primary_hn1,1,2031,2031,-0.770546,1.02058
rc_a33_point_primary_hn1,1,2032,2032,-0.764966,0.728506
rc_a33_point_primary_hn1,1,2033,2033,-0.9182,0.82131
rc_a33_point_primary_hn1,1,2034,2034,-0.673763,0.787355
rc_a33_point_primary_hn1,1,2035,2035,-0.703585,0.419917
rc_a33_point_primary_hn1,1,2036,2036,-0.80477,0.555654
rc_a33_point_primary_hn1,1,2037,2037,-0.625723,0.528504
rc_a33_point_primary_hn1,1,2038,2038,-0.491243,0.881418
rc_a33_point_primary_hn1,1,2039,2039,-0.875533,0.439782
rc_a33_point_primary_hn1,1,2040,2040,-0.820775,0.403919
rc_a33_point_primary_hn1,1,2041,2041,-0.438675,0.742081
rc_a33_point_primary_hn1,1,2042,2042,-0.712993,0.603269
rc_a33_point_primary_hn1,1,2043,2043,-0.504372,0.67862
rc_a33_point_primary_hn1,1,2044,2044,-0.818673,0.761518
rc_a33_point_primary_hn1,1,2045,2045,-0.716013,0.738191
rc_a33_point_primary_hn1,1,2046,2046,-0.520278,0.867705
rc_a33_point_primary_hn1,1,2047,2047,-0.591224,0.724581
rc_a33_point_primary_hn1,1,2048,2048,-0.454004,0.709597
rc_a33_point_primary_hn1,1,2049,2049,-0.743552,0.518187
rc_a33_point_primary_hn1,1,2050,2050,-0.822659,0.525206
rc_a33_point_primary_hn1,1,2051,2051,-0.74426,0.442178
rc_a33_point_primary_hn1,1,2052,2052,-0.693567,0.441047
rc_a33_point_primary_hn1,1,2053,2053,-0.772024,0.47131
rc_a33_point_primary_hn1,1,2054,2054,-0.878505,0.388766
rc_a33_point_primary_hn1,1,2055,2055,-0.584328,0.440475
rc_a33_point_primary_hn1,1,2056,2056,-0.879386,0.364144
rc_a33_point_primary_hn1,1,2057,2057,-0.953923,0.424552
rc_a33_point_primary_hn1,1,2058,2058,-0.694438,0.59112
rc_a33_point_primary_hn1,1,2059,2059,-0.702361,0.601804
rc_a33_point_primary_hn1,1,2060,2060,-0.694447,0.590852
rc_a33_point_primary_hn1,1,2061,2061,-1.13716,0.544005
rc_a33_point_primary_hn1,1,2062,2062,-0.382269,0.614121
rc_a33_point_primary_hn1,1,2063,2063,-0.418836,0.523218
rc_a33_point_primary_hn1,1,2064,2064,-0.677745,0.939601
rc_a33_point_primary_hn1,1,2065,2065,-0.886523,0.994817
rc_a33_point_primary_hn1,1,2066,2066,-0.651234,0.987762
rc_a33_point_primary_hn1,1,2067,2067,-0.708172,0.582371
rc_a33_point_primary_hn1,1,2068,2068,-0.649991,0.860083
rc_a33_point_primary_hn1,1,2069,2069,-1.05537,0.444755
rc_a33_point_primary_hn1,1,2070,2070,-0.77412,0.60036
rc_a33_point_primary_hn1,1,2071,2071,-0.830599,0.49215
rc_a33_point_primary_hn1,1,2072,2072,-0.744091,0.595461
rc_a33_point_primary_hn1,1,2073,2073,-0.915702,0.479455
rc_a33_point_primary_hn1,1,2074,2074,-0.609373,0.528193
rc_a33_point_primary_hn1,1,2075,2075,-0.799945,0.466413
rc_a33_point_primary_hn1,1,2076,2076,-0.940625,0.525639
rc_a33_point_primary_hn1,1,2077,2077,-0.816904,0.361426
rc_a33_point_primary_hn1,1,2078,2078,-0.732358,0.504719
rc_a33_point_primary_hn1,1,2079,2079,-0.812413,0.734744
rc_a33_point_primary_hn1,1,2080,2080,-0.726087,0.509843
rc_a33_point_primary_hn1,1,2081,2081,-0.697091,0.583591
rc_a33_point_primary_hn1,1,2082,2082,-0.515578,0.586251
rc_a33_point_primary_hn1,1,2083,2083,-0.440679,0.422604
rc_a33_point_primary_hn1,1,2084,2084,-0.344753,0.432357
rc_a33_point_primary_hn1,1,2085,2085,-0.510911,0.282076
rc_a33_point_primary_hn1,1,2086,2086,-0.764027,0.426172
rc_a33_point_primary_hn1,1,2087,2087,-0.861222,0.677269
rc_a33_point_primary_hn1,1,2088,2088,-0.766934,0.230338
rc_a33_point_primary_hn1,1,2089,2089,-0.747254,0.471404
rc_a33_point_primary_hn1,1,2090,2090,-0.715562,0.517819
rc_a33_point_primary_hn1,1,2091,2091,-0.713778,0.543159
rc_a33_point_primary_hn1,1,2092,2092,-0.757555,0.533832
rc_a33_point_primary_hn1,1,2093,2093,-0.732964,0.461394
rc_a33_point_primary_hn1,1,2094,2094,-0.531628,0.538375
rc_a33_point_primary_hn1,1,2095,2095,-0.572924,0.37225
rc_a33_point_primary_hn1,1,2096,2096,-0.871561,0.221942
rc_a33_point_primary_hn1,1,2097,2097,-0.786859,0.597067
rc_a33_point_primary_hn1,1,2098,2098,-0.709209,0.613193
rc_a33_point_primary_hn1,1,2099,2099,-0.672039,0.67075
rc_a33_point_primary_hn1,1,2100,2100,-0.707573,0.362074
rc_a33_point_primary_hn1,1,2101,2101,-0.876418,0.317048
rc_a33_point_primary_hn1,1,2102,2102,-0.786709,0.280031
rc_a33_point_primary_hn1,1,2103,2103,-0.734149,0.513089
rc_a33_point_primary_hn1,1,2104,2104,-0.749637,0.172988
rc_a33_point_primary_hn1,1,2105,2105,-0.81095,0.404633
rc_a33_point_primary_hn1,1,2106,2106,-0.83529,0.487087
rc_a33_point_primary_hn1,1,2107,2107,-0.814152,0.335022
rc_a33_point_primary_hn1,1,2108,2108,-1.03363,0.40689
rc_a33_point_primary_hn1,1,2109,2109,-0.884816,0.425867
rc_a33_point_primary_hn1,1,2110,2110,-0.743648,0.468103
rc_a33_point_primary_hn1,1,2111,2111,-0.753462,0.430644
rc_a33_point_primary_hn1,1,2112,2112,-0.746197,0.440344
rc_a33_point_primary_hn1,1,2113,2113,-0.601122,0.415604
rc_a33_point_primary_hn1,1,2114,2114,-0.514854,0.397627
rc_a33_point_primary_hn1,1,2115,2115,-0.90769,0.379257
rc_a33_point_primary_hn1,1,2116,2116,-0.897559,0.381031
rc_a33_point_primary_hn1,1,2117,2117,-0.904168,0.537013
rc_a33_point_primary_hn1,1,2118,2118,-0.791417,0.668375
rc_a33_point_primary_hn1,1,2119,2119,-0.855152,0.524884
rc_a33_point_primary_hn1,1,2120,2120,-0.555091,0.580271
rc_a33_point_primary_hn1,1,2121,2121,-0.605677,0.519145
rc_a33_point_primary_hn1,1,2122,2122,-0.880652,0.431449
rc_a33_point_primary_hn1,1,2123,2123,-0.918774,0.548533
rc_a33_point_primary_hn1,1,2124,2124,-0.945165,0.520842
rc_a33_point_primary_hn1,1,2125,2125,-0.898786,0.503232
rc_a33_point_primary_hn1,1,2126,2126,-1.02715,0.573028
rc_a33_point_primary_hn1,1,2127,2127,-0.988383,0.690011
rc_a33_point_primary_hn1,1,2128,2128,-0.97327,1.03706
rc_a33_point_primary_hn1,1,2129,2129,-0.856732,0.703605
rc_a33_point_primary_hn1,1,2130,2130,-0.771053,0.559931
rc_a33_point_primary_hn1,1,2131,2131,-0.685322,0.570887
rc_a33_point_primary_hn1,1,2132,2132,-0.759814,0.633707
rc_a33_point_primary_hn1,1,2133,2133,-0.870652,0.400807
rc_a33_point_primary_hn1,1,2134,2134,-0.775634,0.433035
rc_a33_point_primary_hn1,1,2135,2135,-1.241,0.42504
rc_a33_point_primary_hn1,1,2136,2136,-1.28071,0.516033
rc_a33_point_primary_hn1,1,2137,2137,-1.41346,0.581638
rc_a33_point_primary_hn1,1,2138,2138,-1.087,0.514735
rc_a33_point_primary_hn1,1,2139,2139,-1.12983,0.515092
rc_a33_point_primary_hn1,1,2140,2140,-0.826797,0.421867
rc_a33_point_primary_hn1,1,2141,2141,-0.602704,0.500461
rc_a33_point_primary_hn1,1,2142,2142,-0.766072,0.516106
rc_a33_point_primary_hn1,1,2143,2143,-0.60404,0.356285
rc_a33_point_primary_hn1,1,2144,2144,-0.692885,0.277392
rc_a33_point_primary_hn1,1,2145,2145,-0.750906,0.341347
rc_a33_point_primary_hn1,1,2146,2146,-0.613397,0.349902
rc_a33_point_primary_hn1,1,2147,2147,-0.723504,0.433411
rc_a33_point_primary_hn1,1,2148,2148,-0.979183,0.69966
rc_a33_point_primary_hn1,1,2149,2149,-1.06751,0.48073
rc_a33_point_primary_hn1,1,2150,2150,-0.660702,0.560611
rc_a33_point_primary_hn1,1,2151,2151,-0.418235,0.538446
rc_a33_point_primary_hn1,1,2152,2152,-0.573491,0.643239
rc_a33_point_primary_hn1,1,2153,2153,-0.514431,0.378362
rc_a33_point_primary_hn1,1,2154,2154,-0.752986,0.418698
rc_a33_point_primary_hn1,1,2155,2155,-0.811955,0.409328
rc_a33_point_primary_hn1,1,2156,2156,-0.951672,0.463003
rc_a33_point_primary_hn1,1,2157,2157,-0.937541,0.512044
rc_a33_point_primary_hn1,1,2158,2158,-0.81842,0.445375
rc_a33_point_primary_hn1,1,2159,2159,-0.632572,0.586389
rc_a33_point_primary_hn1,1,2160,2160,-0.676631,0.565953
rc_a33_point_primary_hn1,1,2161,2161,-0.745605,0.387492
rc_a33_point_primary_hn1,1,2162,2162,-0.545022,0.695586
rc_a33_point_primary_hn1,1,2163,2163,-0.692111,0.667029
rc_a33_point_primary_hn1,1,2164,2164,-0.65731,0.437008
rc_a33_point_primary_hn1,1,2165,2165,-0.593782,0.292617
rc_a33_point_primary_hn1,1,2166,2166,-0.755193,0.61985
rc_a33_point_primary_hn1,1,2167,2167,-0.674666,0.401763
rc_a33_point_primary_hn1,1,2168,2168,-0.717479,0.587801
rc_a33_point_primary_hn1,1,2169,2169,-0.607438,0.432793
rc_a33_point_primary_hn1,1,2170,2170,-0.716106,0.400037
rc_a33_point_primary_hn1,1,2171,2171,-0.55477,0.413609
rc_a33_point_primary_hn1,1,2172,2172,-0.611412,0.85103
rc_a33_point_primary_hn1,1,2173,2173,-0.609673,0.793035
rc_a33_point_primary_hn1,1,2174,2174,-0.841235,0.744301
rc_a33_point_primary_hn1,1,2175,2175,-0.873649,0.564565
rc_a33_point_primary_hn1,1,2176,2176,-0.635726,0.581268
rc_a33_point_primary_hn1,1,2177,2177,-0.89551,0.563946
rc_a33_point_primary_hn1,1,2178,2178,-0.866294,0.595908
rc_a33_point_primary_hn1,1,2179,2179,-0.638059,0.491138
rc_a33_point_primary_hn1,1,2180,2180,-0.707619,0.496943
rc_a33_point_primary_hn1,1,2181,2181,-0.131146,0.784961
rc_a33_point_primary_hn1,1,2182,2182,-0.0534839,0.78982
rc_a33_point_primary_hn1,1,2183,2183,-0.183974,0.687882
rc_a33_point_primary_hn1,1,2184,2184,-0.132347,0.561246
rc_a33_point_primary_hn1,1,2185,2185,-1.04753,0.56616
rc_a33_point_primary_hn1,1,2186,2186,-0.88962,0.548043
rc_a33_point_primary_hn1,1,2187,2187,-1.02817,0.842481
rc_a33_point_primary_hn1,1,2188,2188,-1.63444,0.884864
rc_a33_point_primary_hn1,1,2189,2189,-1.65473,1.01008
rc_a33_point_primary_hn1,1,2190,2190,-1.65337,0.972351
rc_a33_point_primary_hn1,1,2191,2191,-1.6127,1.01755
rc_a33_point_primary_hn1,1,2192,2192,-0.561053,0.513183
rc_a33_point_primary_hn1,1,2193,2193,-0.62233,0.432823
rc_a33_point_primary_hn1,1,2194,2194,-0.806655,0.450762
rc_a33_point_primary_hn1,1,2195,2195,-0.75824,0.63105
rc_a33_point_primary_hn1,1,2196,2196,-0.513239,0.557592
rc_a33_point_primary_hn1,1,2197,2197,-0.55409,0.490307
rc_a33_point_primary_hn1,1,2198,2198,-0.577759,0.608812
rc_a33_point_primary_hn1,1,2199,2199,-0.626939,0.532132
rc_a33_point_primary_hn1,1,2200,2200,-0.702273,0.747871
rc_a33_point_primary_hn1,1,2201,2201,-0.724563,0.624196
rc_a33_point_primary_hn1,1,2202,2202,-0.607139,0.673215
rc_a33_point_primary_hn1,1,2203,2203,-0.758159,0.445125
rc_a33_point_primary_hn1,1,2204,2204,-0.94668,0.347558
rc_a33_point_primary_hn1,1,2205,2205,-0.813699,0.259539
rc_a33_point_primary_hn1,1,2206,2206,-0.719854,0.252804
rc_a33_point_primary_hn1,1,2207,2207,-0.790441,0.34833
rc_a33_point_primary_hn1,1,2208,2208,-0.910297,0.549432
rc_a33_point_primary_hn1,1,2209,2209,-0.935733,0.578777
rc_a33_point_primary_hn1,1,2210,2210,-1.29423,0.577026
rc_a33_point_primary_hn1,1,2211,2211,-1.51721,0.966232
rc_a33_point_primary_hn1,1,2212,2212,-1.60622,0.91795
rc_a33_point_primary_hn1,1,2213,2213,-1.02685,0.5466
rc_a33_point_primary_hn1,1,2214,2214,-1.0774,0.571775
rc_a33_point_primary_hn1,1,2215,2215,-0.608935,0.511762
rc_a33_point_primary_hn1,1,2216,2216,-1.02854,0.414226
rc_a33_point_primary_hn1,1,2217,2217,-0.509653,0.365781
rc_a33_point_primary_hn1,1,2218,2218,-0.402375,0.463506
rc_a33_point_primary_hn1,1,2219,2219,-0.461394,0.451423
rc_a33_point_primary_hn1,1,2220,2220,-0.404323,0.408703
rc_a33_point_primary_hn1,1,2221,2221,-0.214618,0.556784
rc_a33_point_primary_hn1,1,2222,2222,-0.722504,0.4504
rc_a33_point_primary_hn1,1,2223,2223,-0.444166,0.67787
rc_a33_point_primary_hn1,1,2224,2224,-0.421071,0.784295
rc_a33_point_primary_hn1,1,2225,2225,-0.53606,0.859064
rc_a33_point_primary_hn1,1,2226,2226,-0.535656,0.892646
rc_a33_point_primary_hn1,1,2227,2227,-0.503411,0.893993
rc_a33_point_primary_hn1,1,2228,2228,-0.641872,0.984604
rc_a33_point_primary_hn1,1,2229,2229,-0.743327,1.04156
rc_a33_point_primary_hn1,1,2230,2230,-0.886502,0.99725
rc_a33_point_primary_hn1,1,2231,2231,-0.900263,1.15453
rc_a33_point_primary_hn1,1,2232,2232,-0.922909,0.971985
rc_a33_point_primary_hn1,1,2233,2233,-0.62212,0.597195
rc_a33_point_primary_hn1,1,2234,2234,-0.730159,0.674021
rc_a33_point_primary_hn1,1,2235,2235,-0.538509,0.807414
rc_a33_point_primary_hn1,1,2236,2236,-0.54074,0.827743
rc_a33_point_primary_hn1,1,2237,2237,-0.645455,0.725981
rc_a33_point_primary_hn1,1,2238,2238,-0.558428,0.713673
rc_a33_point_primary_hn1,1,2239,2239,-0.559482,0.46659
rc_a33_point_primary_hn1,1,2240,2240,-0.678908,0.576307
rc_a33_point_primary_hn1,1,2241,2241,-0.61048500000000006,0.458845
rc_a33_point_primary_hn1,1,2242,2242,-1.14707,0.440291
rc_a33_point_primary_hn1,1,2243,2243,-1.11008,0.399578
rc_a33_point_primary_hn1,1,2244,2244,-0.878611,0.5283
rc_a33_point_primary_hn1,1,2245,2245,-1.35931,0.521203
rc_a33_point_primary_hn1,1,2246,2246,-1.07795,0.686081
rc_a33_point_primary_hn1,1,2247,2247,-1.04131,0.520842
rc_a33_point_primary_hn1,1,2248,2248,-1.06542,0.530701
rc_a33_point_primary_hn1,1,2249,2249,-0.980001,0.575089
rc_a33_point_primary_hn1,1,2250,2250,-1.04258,0.493702
rc_a33_point_primary_hn1,1,2251,2251,-0.80048,0.982224
rc_a33_point_primary_hn1,1,2252,2252,-0.83701,0.971645
rc_a33_point_primary_hn1,1,2253,2253,-0.774515,1.07676
rc_a33_point_primary_hn1,1,2254,2254,-0.0450466,1.01735
rc_a33_point_primary_hn1,1,2255,2255,-0.351508,0.725689
rc_a33_point_primary_hn1,1,2256,2256,-0.625811,0.497899
rc_a33_point_primary_hn1,1,2257,2257,-0.577666,0.377305
rc_a33_point_primary_hn1,1,2258,2258,-0.792401,0.316002
rc_a33_point_primary_hn1,1,2259,2259,-0.533765,0.401962
rc_a33_point_primary_hn1,1,2260,2260,-0.489038,0.400745
rc_a33_point_primary_hn1,1,2261,2261,-0.563847,0.371984
rc_a33_point_primary_hn1,1,2262,2262,-0.362146,0.414807
rc_a33_point_primary_hn1,1,2263,2263,-0.579356,0.537386
rc_a33_point_primary_hn1,1,2264,2264,-0.704472,0.693439
rc_a33_point_primary_hn1,1,2265,2265,-0.672843,0.847076
rc_a33_point_primary_hn1,1,2266,2266,-0.732392,0.730676
rc_a33_point_primary_hn1,1,2267,2267,-0.613772,0.697063
rc_a33_point_primary_hn1,1,2268,2268,-0.659253,0.485714
rc_a33_point_primary_hn1,1,2269,2269,-0.844471,0.594872
rc_a33_point_primary_hn1,1,2270,2270,-0.823816,0.466452
rc_a33_point_primary_hn1,1,2271,2271,-0.956706,0.665737
rc_a33_point_primary_hn1,1,2272,2272,-1.17529,1.00942
rc_a33_point_primary_hn1,1,2273,2273,-0.645672,0.689797
rc_a33_point_primary_hn1,1,2274,2274,-0.81859,0.750339
rc_a33_point_primary_hn1,1,2275,2275,-0.56922,0.558596
rc_a33_point_primary_hn1,1,2276,2276,-0.562777,0.672769
rc_a33_point_primary_hn1,1,2277,2277,-0.215289,0.655572
rc_a33_point_primary_hn1,1,2278,2278,-0.231869,0.739749
rc_a33_point_primary_hn1,1,2279,2279,-0.244901,0.78608
rc_a33_point_primary_hn1,1,2280,2280,-0.24189,0.635135
rc_a33_point_primary_hn1,1,2281,2281,-0.342204,0.888607
rc_a33_point_primary_hn1,1,2282,2282,-0.596159,0.672476
rc_a33_point_primary_hn1,1,2283,2283,-0.515342,0.451387
rc_a33_point_primary_hn1,1,2284,2284,-0.669183,0.884506
rc_a33_point_primary_hn1,1,2285,2285,-0.682446,0.668292
rc_a33_point_primary_hn1,1,2286,2286,-0.667964,0.72288
rc_a33_point_primary_hn1,1,2287,2287,-0.621674,0.657866
rc_a33_point_primary_hn1,1,2288,2288,-0.381752,0.367124
rc_a33_point_primary_hn1,1,2289,2289,-0.217443,0.68054
rc_a33_point_primary_hn1,1,2290,2290,-0.163405,0.703456
rc_a33_point_primary_hn1,1,2291,2291,0.0533045,0.85856
rc_a33_point_primary_hn1,1,2292,2292,0.00622008,0.940406
rc_a33_point_primary_hn1,1,2293,2293,-0.112182,0.585319
rc_a33_point_primary_hn1,1,2294,2294,-0.364314,1.06124
rc_a33_point_primary_hn1,1,2295,2295,-0.403694,1.21744
rc_a33_point_primary_hn1,1,2296,2296,-1.22136,0.494737
rc_a33_point_primary_hn1,1,2297,2297,-1.60556,0.734811
rc_a33_point_primary_hn1,1,2298,2298,-1.38209,0.620762
rc_a33_point_primary_hn1,1,2299,2299,-1.39445,0.93992
rc_a33_point_primary_hn1,1,2300,2300,-0.819103,0.667639
rc_a33_point_primary_hn1,1,2301,2301,-0.864547,0.677856
rc_a33_point_primary_hn1,1,2302,2302,-0.958973,0.70953599999999994
rc_a33_point_primary_hn1,1,2303,2303,-0.843966,0.71153
rc_a33_point_primary_hn1,1,2304,2304,-0.745451,0.77066
rc_a33_point_primary_hn1,1,2305,2305,-0.402674,0.690575
rc_a33_point_primary_hn1,1,2306,2306,-1.1543,1.50404
rc_a33_point_primary_hn1,1,2307,2307,-0.404613,1.19711
rc_a33_point_primary_hn1,1,2308,2308,-1.01335,0.706827
rc_a33_point_primary_hn1,1,2309,2309,-1.0135,0.968082
rc_a33_point_primary_hn1,1,2310,2310,-1.07555,0.837771
rc_a33_point_primary_hn1,1,2311,2311,-0.69677,0.48468
rc_a33_point_primary_hn1,1,2312,2312,-0.740979,0.533471
rc_a33_point_primary_hn1,1,2313,2313,-0.716949,0.441849
rc_a33_point_primary_hn1,1,2314,2314,-0.972433,0.76896
rc_a33_point_primary_hn1,1,2315,2315,-0.725684,0.402396
rc_a33_point_primary_hn1,1,2316,2316,-0.504304,0.354446
rc_a33_point_primary_hn1,1,2317,2317,-0.251652,0.576167
rc_a33_point_primary_hn1,1,2318,2318,-0.309379,0.522755
rc_a33_point_primary_hn1,1,2319,2319,-0.288277,0.514499
rc_a33_point_primary_hn1,1,2320,2320,-0.429638,0.396228
rc_a33_point_primary_hn1,1,2321,2321,-0.516622,0.507702
rc_a33_point_primary_hn1,1,2322,2322,-0.574366,0.332636
rc_a33_point_primary_hn1,1,2323,2323,-0.599428,0.539506
rc_a33_point_primary_hn1,1,2324,2324,-0.601625,0.622477
rc_a33_point_primary_hn1,1,2325,2325,-0.548869,0.676062
rc_a33_point_primary_hn1,1,2326,2326,-0.68846,0.543907
rc_a33_point_primary_hn1,1,2327,2327,-0.617528,0.869198
rc_a33_point_primary_hn1,1,2328,2328,-0.604671,0.611198
rc_a33_point_primary_hn1,1,2329,2329,-0.675005,0.45421
rc_a33_point_primary_hn1,1,2330,2330,-0.879819,0.78541
rc_a33_point_primary_hn1,1,2331,2331,-1.02576,0.634925
rc_a33_point_primary_hn1,1,2332,2332,-0.650552,0.451944
rc_a33_point_primary_hn1,1,2333,2333,-0.965879,0.504368
rc_a33_point_primary_hn1,1,2334,2334,-0.904222,0.404616
rc_a33_point_primary_hn1,1,2335,2335,0.159362,0.898645
rc_a33_point_primary_hn1,1,2336,2336,-0.462505,1.17134
rc_a33_point_primary_hn1,1,2337,2337,-0.532204,0.577407
rc_a33_point_primary_hn1,1,2338,2338,-0.422727,0.809857
rc_a33_point_primary_hn1,1,2339,2339,-0.40929,0.636224
rc_a33_point_primary_hn1,1,2340,2340,-0.175939,0.60478
rc_a33_point_primary_hn1,1,2341,2341,-0.283153,0.517546
rc_a33_point_primary_hn1,1,2342,2342,-0.297069,0.503524
rc_a33_point_primary_hn1,1,2343,2343,-0.14006,0.733906
rc_a33_point_primary_hn1,1,2344,2344,-0.296572,0.794625
rc_a33_point_primary_hn1,1,2345,2345,-0.239627,0.498681
rc_a33_point_primary_hn1,1,2346,2346,-0.538019,0.60388
rc_a33_point_primary_hn1,1,2347,2347,-0.990686,0.474445
rc_a33_point_primary_hn1,1,2348,2348,-0.78847,0.978164
rc_a33_point_primary_hn1,1,2349,2349,-0.956672,0.714824
rc_a33_point_primary_hn1,1,2350,2350,-0.972017,0.722526
rc_a33_point_primary_hn1,1,2351,2351,-0.77127,0.395889
rc_a33_point_primary_hn1,1,2352,2352,-0.560777,0.500603
rc_a33_point_primary_hn1,1,2353,2353,-0.532261,0.498029
rc_a33_point_primary_hn1,1,2354,2354,-0.817398,0.714262
rc_a33_point_primary_hn1,1,2355,2355,-0.839403,0.639118
rc_a33_point_primary_hn1,1,2356,2356,-0.830914,0.82099
rc_a33_point_primary_hn1,1,2357,2357,-0.921589,1.08105
rc_a33_point_primary_hn1,1,2358,2358,-0.74611,1.07386
rc_a33_point_primary_hn1,1,2359,2359,-1.21207,0.958971
rc_a33_point_primary_hn1,1,2360,2360,-1.21323,1.01902
rc_a33_point_primary_hn1,1,2361,2361,-0.712949,0.664786
rc_a33_point_primary_hn1,1,2362,2362,-0.634131,0.657535
rc_a33_point_primary_hn1,1,2363,2363,-0.76394,0.629759
rc_a33_point_primary_hn1,1,2364,2364,-0.659353,0.766882
rc_a33_point_primary_hn1,1,2365,2365,-0.910463,0.727841
rc_a33_point_primary_hn1,1,2366,2366,-0.828276,0.535433
rc_a33_point_primary_hn1,1,2367,2367,-0.897247,0.9038
rc_a33_point_primary_hn1,1,2368,2368,-0.712987,0.943039
rc_a33_point_primary_hn1,1,2369,2369,-0.732532,0.953748
rc_a33_point_primary_hn1,1,2370,2370,-0.925538,0.99734
rc_a33_point_primary_hn1,1,2371,2371,-0.381878,1.09393
rc_a33_point_primary_hn1,1,2372,2372,-0.204094,1.86599
rc_a33_point_primary_hn1,1,2373,2373,-0.22114,1.96953
rc_a33_point_primary_hn1,1,2374,2374,-0.258155,1.5532
rc_a33_point_primary_hn1,1,2375,2375,-0.268337,1.4984
rc_a33_point_primary_hn1,1,2376,2376,0.0293244,0.857159
rc_a33_point_primary_hn1,1,2377,2377,0.11594,0.979452
rc_a33_point_primary_hn1,1,2378,2378,0.0927589,0.989975
rc_a33_point_primary_hn1,1,2379,2379,0.179197,0.920496
rc_a33_point_primary_hn1,1,2380,2380,-0.437567,0.614434
rc_a33_point_primary_hn1,1,2381,2381,-0.257061,0.675812
rc_a33_point_primary_hn1,1,2382,2382,-0.225231,0.625224
rc_a33_point_primary_hn1,1,2383,2383,-0.857075,0.821154
rc_a33_point_primary_hn1,1,2384,2384,-0.848294,0.719855
rc_a33_point_primary_hn1,1,2385,2385,-0.859431,0.737219
rc_a33_point_primary_hn1,1,2386,2386,-0.842331,0.749876
rc_a33_point_primary_hn1,1,2387,2387,-0.949401,1.04125
rc_a33_point_primary_hn1,1,2388,2388,-1.00273,0.835971
rc_a33_point_primary_hn1,1,2389,2389,-0.480339,0.887969
rc_a33_point_primary_hn1,1,2390,2390,-0.551775,1.10824
rc_a33_point_primary_hn1,1,2391,2391,-0.603689,0.353748
rc_a33_point_primary_hn1,1,2392,2392,-0.834944,0.765856
rc_a33_point_primary_hn1,1,2393,2393,-0.630952,0.873787
rc_a33_point_primary_hn1,1,2394,2394,-0.618813,0.795907
rc_a33_point_primary_hn1,1,2395,2395,-0.666616,0.860848
rc_a33_point_primary_hn1,1,2396,2396,-0.597959,0.940868
rc_a33_point_primary_hn1,1,2397,2397,-1.01851,0.345345
rc_a33_point_primary_hn1,1,2398,2398,-1.05337,0.41709
rc_a33_point_primary_hn1,1,2399,2399,-0.655668,0.370297
rc_a33_point_primary_hn1,1,2400,2400,-0.576262,0.330486
rc_a33_point_primary_hn1,1,2401,2401,-0.627136,0.629973
rc_a33_point_primary_hn1,1,2402,2402,-0.539063,0.647685
rc_a33_point_primary_hn1,1,2403,2403,-0.773086,0.658361
rc_a33_point_primary_hn1,1,2404,2404,-0.509007,0.501211
rc_a33_point_primary_hn1,1,2405,2405,-0.614057,0.440999
rc_a33_point_primary_hn1,1,2406,2406,-0.670779,0.345029
rc_a33_point_primary_hn1,1,2407,2407,-0.701079,0.363514
rc_a33_point_primary_hn1,1,2408,2408,-0.76178,0.42938
rc_a33_point_primary_hn1,1,2409,2409,-1.00472,0.511295
rc_a33_point_primary_hn1,1,2410,2410,-0.941169,0.456818
rc_a33_point_primary_hn1,1,2411,2411,-0.275432,0.9141
rc_a33_point_primary_hn1,1,2412,2412,-0.267195,0.826254
rc_a33_point_primary_hn1,1,2413,2413,-0.364481,0.798228
rc_a33_point_primary_hn1,1,2414,2414,-0.231601,0.845886
rc_a33_point_primary_hn1,1,2415,2415,-1.02954,0.440726
rc_a33_point_primary_hn1,1,2416,2416,-0.98102,0.330546
rc_a33_point_primary_hn1,1,2417,2417,-1.12749,0.406083
rc_a33_point_primary_hn1,1,2418,2418,-1.04604,0.440889
rc_a33_point_primary_hn1,1,2419,2419,-0.810667,0.438847
rc_a33_point_primary_hn1,1,2420,2420,-0.819454,0.46755
rc_a33_point_primary_hn1,1,2421,2421,-0.753272,0.494589
rc_a33_point_primary_hn1,1,2422,2422,-0.889663,0.636845
rc_a33_point_primary_hn1,1,2423,2423,-0.794951,0.500725
rc_a33_point_primary_hn1,1,2424,2424,-0.784499,0.788028
rc_a33_point_primary_hn1,1,2425,2425,-0.223731,0.545135
rc_a33_point_primary_hn1,1,2426,2426,-0.369969,0.497228
rc_a33_point_primary_hn1,1,2427,2427,-0.212137,0.722637
rc_a33_point_primary_hn1,1,2428,2428,-0.445367,0.501367
rc_a33_point_primary_hn1,1,2429,2429,-0.481596,0.45719
rc_a33_point_primary_hn1,1,2430,2430,-0.356818,0.449171
rc_a33_point_primary_hn1,1,2431,2431,-0.627291,0.441806
rc_a33_point_primary_hn1,1,2432,2432,-0.672887,0.310736
rc_a33_point_primary_hn1,1,2433,2433,-0.431939,0.685429
rc_a33_point_primary_hn1,1,2434,2434,-0.625815,0.575743
rc_a33_point_primary_hn1,1,2435,2435,-0.596065,0.445323
rc_a33_point_primary_hn1,1,2436,2436,-0.572895,0.567287
rc_a33_point_primary_hn1,1,2437,2437,-0.741897,0.475179
rc_a33_point_primary_hn1,1,2438,2438,-0.611058,0.364259
rc_a33_point_primary_hn1,1,2439,2439,-0.779953,0.337631
rc_a33_point_primary_hn1,1,2440,2440,-0.639573,0.574252
rc_a33_point_primary_hn1,1,2441,2441,-0.937507,0.53328
rc_a33_point_primary_hn1,1,2442,2442,-0.873363,0.48816
rc_a33_point_primary_hn1,1,2443,2443,-0.806486,0.50901
rc_a33_point_primary_hn1,1,2444,2444,-0.867636,0.726076
rc_a33_point_primary_hn1,1,2445,2445,-0.828526,0.594058
rc_a33_point_primary_hn1,1,2446,2446,-0.89205,0.654039
rc_a33_point_primary_hn1,1,2447,2447,-0.784772,1.1643
rc_a33_point_primary_hn1,1,2448,2448,-0.325532,0.825035
rc_a33_point_primary_hn1,1,2449,2449,-0.619164,1.1769
rc_a33_point_primary_hn1,1,2450,2450,-0.647726,0.88278
rc_a33_point_primary_hn1,1,2451,2451,-0.75252,0.805161
rc_a33_point_primary_hn1,1,2452,2452,-0.787369,0.641902
rc_a33_point_primary_hn1,1,2453,2453,-0.859173,0.817694
rc_a33_point_primary_hn1,1,2454,2454,-0.869287,0.791565
rc_a33_point_primary_hn1,1,2455,2455,-0.697624,0.496635
rc_a33_point_primary_hn1,1,2456,2456,-0.476364,0.765261
rc_a33_point_primary_hn1,1,2457,2457,-0.706269,0.450606
rc_a33_point_primary_hn1,1,2458,2458,-0.660685,0.576409
rc_a33_point_primary_hn1,1,2459,2459,-0.925551,0.897119
rc_a33_point_primary_hn1,1,2460,2460,-0.819865,0.71852
rc_a33_point_primary_hn1,1,2461,2461,-0.750325,0.781334
rc_a33_point_primary_hn1,1,2462,2462,-0.303671,0.901075
rc_a33_point_primary_hn1,1,2463,2463,-0.232443,0.845694
rc_a33_point_primary_hn1,1,2464,2464,-0.229538,0.837404
rc_a33_point_primary_hn1,1,2465,2465,-0.136772,0.783743
rc_a33_point_primary_hn1,1,2466,2466,-0.472802,0.435374
rc_a33_point_primary_hn1,1,2467,2467,-0.5962,0.310853
rc_a33_point_primary_hn1,1,2468,2468,-0.571493,0.463332
rc_a33_point_primary_hn1,1,2469,2469,-0.610046,0.373571
rc_a33_point_primary_hn1,1,2470,2470,-0.489354,0.481509
rc_a33_point_primary_hn1,1,2471,2471,-0.348819,0.441365
rc_a33_point_primary_hn1,1,2472,2472,-0.259105,0.633256
rc_a33_point_primary_hn1,1,2473,2473,-0.373072,0.585266
rc_a33_point_primary_hn1,1,2474,2474,-0.362491,0.568774
rc_a33_point_primary_hn1,1,2475,2475,-0.658127,0.421854
rc_a33_point_primary_hn1,1,2476,2476,-0.536645,0.479922
rc_a33_point_primary_hn1,1,2477,2477,-0.870983,0.543422
rc_a33_point_primary_hn1,1,2478,2478,-0.727416,0.468485
rc_a33_point_primary_hn1,1,2479,2479,-0.618798,0.453063
rc_a33_point_primary_hn1,1,2480,2480,-0.950133,0.522034
rc_a33_point_primary_hn1,1,2481,2481,-0.835401,0.302095
rc_a33_point_primary_hn1,1,2482,2482,-1.00965,0.304603
rc_a33_point_primary_hn1,1,2483,2483,-0.310366,0.823309
rc_a33_point_primary_hn1,1,2484,2484,-0.444592,0.694486
rc_a33_point_primary_hn1,1,2485,2485,-0.601703,0.462311
rc_a33_point_primary_hn1,1,2486,2486,-0.942145,0.374151
rc_a33_point_primary_hn1,1,2487,2487,-0.939452,0.650213
rc_a33_point_primary_hn1,1,2488,2488,-0.883967,0.496277
rc_a33_point_primary_hn1,1,2489,2489,-0.766816,0.400279
rc_a33_point_primary_hn1,1,2490,2490,-0.661166,0.269108
rc_a33_point_primary_hn1,1,2491,2491,-0.60134,0.519406
rc_a33_point_primary_hn1,1,2492,2492,-0.715344,0.555208
rc_a33_point_primary_hn1,1,2493,2493,-0.526649,0.506144
rc_a33_point_primary_hn1,1,2494,2494,-0.491692,0.590915
rc_a33_point_primary_hn1,1,2495,2495,-0.637025,0.496096
rc_a33_point_primary_hn1,1,2496,2496,-0.578777,0.46206
rc_a33_point_primary_hn1,1,2497,2497,-0.673811,0.335093
rc_a33_point_primary_hn1,1,2498,2498,-0.892633,0.610414
rc_a33_point_primary_hn1,1,2499,2499,-0.910515,0.594579
rc_a33_point_primary_hn1,1,2500,2500,-0.762818,0.376343
rc_a33_point_primary_hn1,1,2501,2501,-0.875439,0.344928
rc_a33_point_primary_hn1,1,2502,2502,-0.833292,0.672744
rc_a33_point_primary_hn1,1,2503,2503,-0.601813,0.443033
rc_a33_point_primary_hn1,1,2504,2504,-0.631525,0.468888
rc_a33_point_primary_hn1,1,2505,2505,-0.690427,0.476283
rc_a33_point_primary_hn1,1,2506,2506,-0.907133,0.960677
rc_a33_point_primary_hn1,1,2507,2507,-1.00831,1.04159
rc_a33_point_primary_hn1,1,2508,2508,-0.908996,1.09416
rc_a33_point_primary_hn1,1,2509,2509,-0.923333,0.5614
rc_a33_point_primary_hn1,1,2510,2510,-1.01649,0.628367
rc_a33_point_primary_hn1,1,2511,2511,-0.970424,0.50272
rc_a33_point_primary_hn1,1,2512,2512,-0.60435,0.61874
rc_a33_point_primary_hn1,1,2513,2513,-0.612548,0.679802
rc_a33_point_primary_hn1,1,2514,2514,-0.97957,0.520265
rc_a33_point_primary_hn1,1,2515,2515,-0.878341,0.406741
rc_a33_point_primary_hn1,1,2516,2516,-0.945501,0.371572
rc_a33_point_primary_hn1,1,2517,2517,-0.881976,0.613845
rc_a33_point_primary_hn1,1,2518,2518,-0.965659,0.415463
rc_a33_point_primary_hn1,1,2519,2519,-0.938497,0.533229
rc_a33_point_primary_hn1,1,2520,2520,-1.02098,0.54566
rc_a33_point_primary_hn1,1,2521,2521,-0.991559,0.617982
rc_a33_point_primary_hn1,1,2522,2522,-0.984622,0.546068
rc_a33_point_primary_hn1,1,2523,2523,-0.894866,0.346627
rc_a33_point_primary_hn1,1,2524,2524,-0.928784,0.453831
rc_a33_point_primary_hn1,1,2525,2525,-0.846262,0.441227
rc_a33_point_primary_hn1,1,2526,2526,-0.885105,0.477165
rc_a33_point_primary_hn1,1,2527,2527,-0.716268,0.895223
rc_a33_point_primary_hn1,1,2528,2528,-0.878204,0.547898
rc_a33_point_primary_hn1,1,2529,2529,-0.844333,0.471817
rc_a33_point_primary_hn1,1,2530,2530,-0.830332,0.452368
rc_a33_point_primary_hn1,1,2531,2531,-0.815524,0.441827
rc_a33_point_primary_hn1,1,2532,2532,-0.936983,0.542188
rc_a33_point_primary_hn1,1,2533,2533,-1.0392,0.487866
rc_a33_point_primary_hn1,1,2534,2534,-1.1287,0.693676
rc_a33_point_primary_hn1,1,2535,2535,-0.822266,0.490088
rc_a33_point_primary_hn1,1,2536,2536,-0.889449,0.570656
rc_a33_point_primary_hn1,1,2537,2537,-0.816644,0.605544
rc_a33_point_primary_hn1,1,2538,2538,-0.789956,0.644299
rc_a33_point_primary_hn1,1,2539,2539,-1.27308,0.941896
rc_a33_point_primary_hn1,1,2540,2540,-1.20216,1.16605
rc_a33_point_primary_hn1,1,2541,2541,-1.03734,0.728544
rc_a33_point_primary_hn1,1,2542,2542,-1.07381,0.904115
rc_a33_point_primary_hn1,1,2543,2543,-1.12155,0.920621
rc_a33_point_primary_hn1,1,2544,2544,-0.542425,0.535729
rc_a33_point_primary_hn1,1,2545,2545,-0.474278,0.686232
rc_a33_point_primary_hn1,1,2546,2546,-0.686543,0.296083
rc_a33_point_primary_hn1,1,2547,2547,-0.72733,0.783827
rc_a33_point_primary_hn1,1,2548,2548,-0.765906,0.612489
rc_a33_point_primary_hn1,1,2549,2549,-0.722227,0.622185
rc_a33_point_primary_hn1,1,2550,2550,-1.01936,0.738936
rc_a33_point_primary_hn1,1,2551,2551,-0.636288,0.676297
rc_a33_point_primary_hn1,1,2552,2552,-0.856121,0.759436
rc_a33_point_primary_hn1,1,2553,2553,-0.820353,0.764583
rc_a33_point_primary_hn1,1,2554,2554,-0.630699,0.822317
rc_a33_point_primary_hn1,1,2555,2555,-0.573395,0.781552
rc_a33_point_primary_hn1,1,2556,2556,-0.83672,0.642483
rc_a33_point_primary_hn1,1,2557,2557,-0.899815,0.665808
rc_a33_point_primary_hn1,1,2558,2558,-0.947805,0.535957
rc_a33_point_primary_hn1,1,2559,2559,-0.876504,0.470844
rc_a33_point_primary_hn1,1,2560,2560,-0.725072,0.825147
rc_a33_point_primary_hn1,1,2561,2561,-0.744025,0.754811
rc_a33_point_primary_hn1,1,2562,2562,-1.03746,0.396248
rc_a33_point_primary_hn1,1,2563,2563,-0.774168,0.393845
rc_a33_point_primary_hn1,1,2564,2564,-0.592731,0.335799
rc_a33_point_primary_hn1,1,2565,2565,-0.733395,0.370902
rc_a33_point_primary_hn1,1,2566,2566,-0.890345,0.386146
rc_a33_point_primary_hn1,1,2567,2567,-1.00994,0.397634
rc_a33_point_primary_hn1,1,2568,2568,-0.846841,0.440535
rc_a33_point_primary_hn1,1,2569,2569,-0.703778,0.599905
rc_a33_point_primary_hn1,1,2570,2570,-0.563609,0.669596
rc_a33_point_primary_hn1,1,2571,2571,-0.644728,0.604639
rc_a33_point_primary_hn1,1,2572,2572,-0.558019,0.926606
rc_a33_point_primary_hn1,1,2573,2573,0.244361,0.752893
rc_a33_point_primary_hn1,1,2574,2574,0.10068,0.650099
rc_a33_point_primary_hn1,1,2575,2575,-0.101586,0.57855
rc_a33_point_primary_hn1,1,2576,2576,-0.253644,0.546054
rc_a33_point_primary_hn1,1,2577,2577,-0.243705,0.532699
rc_a33_point_primary_hn1,1,2578,2578,-0.433876,0.529026
rc_a33_point_primary_hn1,1,2579,2579,-0.504332,0.432969
rc_a33_point_primary_hn1,1,2580,2580,-0.147269,0.508504
rc_a33_point_primary_hn1,1,2581,2581,-0.306498,0.512651
rc_a33_point_primary_hn1,1,2582,2582,-0.794885,0.509893
rc_a33_point_primary_hn1,1,2583,2583,-0.99058,0.593678
rc_a33_point_primary_hn1,1,2584,2584,-0.672292,0.667851
rc_a33_point_primary_hn1,1,2585,2585,-0.913941,0.410924
rc_a33_point_primary_hn1,1,2586,2586,-0.816972,0.330072
rc_a33_point_primary_hn1,1,2587,2587,-0.971833,0.52659
rc_a33_point_primary_hn1,1,2588,2588,-0.73065,0.403213
rc_a33_point_primary_hn1,1,2589,2589,-0.526009,0.705823
rc_a33_point_primary_hn1,1,2590,2590,-0.881322,0.937105
rc_a33_point_primary_hn1,1,2591,2591,-0.877706,0.657036
rc_a33_point_primary_hn1,1,2592,2592,-0.485493,0.40795
rc_a33_point_primary_hn1,1,2593,2593,-0.448624,0.449012
rc_a33_point_primary_hn1,1,2594,2594,-0.468979,0.422667
rc_a33_point_primary_hn1,1,2595,2595,-0.271764,0.936415
rc_a33_point_primary_hn1,1,2596,2596,-0.68264,0.605788
rc_a33_point_primary_hn1,1,2597,2597,-0.66973,0.517972
rc_a33_point_primary_hn1,1,2598,2598,-0.941624,0.38275
rc_a33_point_primary_hn1,1,2599,2599,-0.89299,0.466476
rc_a33_point_primary_hn1,1,2600,2600,-0.865586,0.57423
rc_a33_point_primary_hn1,1,2601,2601,-0.875607,0.453106
rc_a33_point_primary_hn1,1,2602,2602,-0.638254,0.498155
rc_a33_point_primary_hn1,1,2603,2603,-0.691682,0.604813
rc_a33_point_primary_hn1,1,2604,2604,-0.578848,0.532142
rc_a33_point_primary_hn1,1,2605,2605,-0.511314,0.624245
rc_a33_point_primary_hn1,1,2606,2606,-0.63235,0.834652
rc_a33_point_primary_hn1,1,2607,2607,-0.600454,0.570949
rc_a33_point_primary_hn1,1,2608,2608,-0.669556,0.484859
rc_a33_point_primary_hn1,1,2609,2609,-0.607188,0.499467
rc_a33_point_primary_hn1,1,2610,2610,-0.575269,0.504793
rc_a33_point_primary_hn1,1,2611,2611,-0.692866,0.452727
rc_a33_point_primary_hn1,1,2612,2612,-0.625397,0.472326
rc_a33_point_primary_hn1,1,2613,2613,-0.594553,0.412328
rc_a33_point_primary_hn1,1,2614,2614,-0.7973,0.485246
rc_a33_point_primary_hn1,1,2615,2615,-0.703953,0.273526
rc_a33_point_primary_hn1,1,2616,2616,-0.72965,0.609928
rc_a33_point_primary_hn1,1,2617,2617,-0.727234,0.273987
rc_a33_point_primary_hn1,1,2618,2618,-0.493149,0.558619
rc_a33_point_primary_hn1,1,2619,2619,-0.626778,0.483146
rc_a33_point_primary_hn1,1,2620,2620,-0.693334,0.474188
rc_a33_point_primary_hn1,1,2621,2621,-0.828517,0.552465
rc_a33_point_primary_hn1,1,2622,2622,-1.07259,0.593697
rc_a33_point_primary_hn1,1,2623,2623,-0.879904,0.494836
rc_a33_point_primary_hn1,1,2624,2624,-0.88894,0.53326
rc_a33_point_primary_hn1,1,2625,2625,-0.766991,0.555009
rc_a33_point_primary_hn1,1,2626,2626,-0.754135,0.649105
rc_a33_point_primary_hn1,1,2627,2627,-1.2824,0.730732
rc_a33_point_primary_hn1,1,2628,2628,-1.2576,0.631747
rc_a33_point_primary_hn1,1,2629,2629,-0.984059,0.445949
rc_a33_point_primary_hn1,1,2630,2630,-1.06219,0.955974
rc_a33_point_primary_hn1,1,2631,2631,-0.931127,0.978262
rc_a33_point_primary_hn1,1,2632,2632,-1.13442,0.63691
rc_a33_point_primary_hn1,1,2633,2633,-1.01482,0.983542
rc_a33_point_primary_hn1,1,2634,2634,-0.827224,0.557002
rc_a33_point_primary_hn1,1,2635,2635,-0.938636,0.763213
rc_a33_point_primary_hn1,1,2636,2636,-1.10299,0.817288
rc_a33_point_primary_hn1,1,2637,2637,-0.997297,0.716868
rc_a33_point_primary_hn1,1,2638,2638,-0.91045,0.582574
rc_a33_point_primary_hn1,1,2639,2639,-0.741117,0.56929
rc_a33_point_primary_hn1,1,2640,2640,-0.900222,0.449436
rc_a33_point_primary_hn1,1,2641,2641,-0.613655,0.40942
rc_a33_point_primary_hn1,1,2642,2642,-0.622889,0.432832
rc_a33_point_primary_hn1,1,2643,2643,-0.647546,0.381078
rc_a33_point_primary_hn1,1,2644,2644,-0.585195,0.370464
rc_a33_point_primary_hn1,1,2645,2645,-0.412902,0.51854
rc_a33_point_primary_hn1,1,2646,2646,-0.30084,0.434279
rc_a33_point_primary_hn1,1,2647,2647,-0.449516,0.542748
rc_a33_point_primary_hn1,1,2648,2648,-0.552491,0.462603
rc_a33_point_primary_hn1,1,2649,2649,-0.563918,0.451002
rc_a33_point_primary_hn1,1,2650,2650,-0.694908,0.383075
rc_a33_point_primary_hn1,1,2651,2651,-0.756499,0.559075
rc_a33_point_primary_hn1,1,2652,2652,-0.887048,0.758912
rc_a33_point_primary_hn1,1,2653,2653,-1.09882,0.625386
rc_a33_point_primary_hn1,1,2654,2654,-0.826999,0.46414299999999997
rc_a33_point_primary_hn1,1,2655,2655,-0.98043,1.06244
rc_a33_point_primary_hn1,1,2656,2656,-0.925758,0.516879
rc_a33_point_primary_hn1,1,2657,2657,-0.835227,0.601217
rc_a33_point_primary_hn1,1,2658,2658,-0.953442,0.438595
rc_a33_point_primary_hn1,1,2659,2659,-0.928853,0.54428
rc_a33_point_primary_hn1,1,2660,2660,-0.904811,0.569117
rc_a33_point_primary_hn1,1,2661,2661,-1.0088,0.491624
rc_a33_point_primary_hn1,1,2662,2662,-0.805515,0.501644
rc_a33_point_primary_hn1,1,2663,2663,-0.882403,0.517469
rc_a33_point_primary_hn1,1,2664,2664,-0.608593,0.558045
rc_a33_point_primary_hn1,1,2665,2665,-0.630946,0.903895
rc_a33_point_primary_hn1,1,2666,2666,-0.858278,0.684452
rc_a33_point_primary_hn1,1,2667,2667,-1.04689,0.605439
rc_a33_point_primary_hn1,1,2668,2668,-0.854472,0.966105
rc_a33_point_primary_hn1,1,2669,2669,-0.86446,0.899584
rc_a33_point_primary_hn1,1,2670,2670,-0.47109,0.990273
rc_a33_point_primary_hn1,1,2671,2671,-0.508335,1.04674
rc_a33_point_primary_hn1,1,2672,2672,-0.45077,0.981417
rc_a33_point_primary_hn1,1,2673,2673,-0.577107,1.32862
rc_a33_point_primary_hn1,1,2674,2674,-0.587276,1.23234
rc_a33_point_primary_hn1,1,2675,2675,-0.313731,0.940563
rc_a33_point_primary_hn1,1,2676,2676,-0.35631,1.03324
rc_a33_point_primary_hn1,1,2677,2677,-0.468039,0.937425
rc_a33_point_primary_hn1,1,2678,2678,-0.339454,1.11438
rc_a33_point_primary_hn1,1,2679,2679,-1.12169,0.510149
rc_a33_point_primary_hn1,1,2680,2680,-0.972557,0.749318
rc_a33_point_primary_hn1,1,2681,2681,-1.00746,0.553952
rc_a33_point_primary_hn1,1,2682,2682,-0.580244,0.421391
rc_a33_point_primary_hn1,1,2683,2683,-0.440451,0.390857
rc_a33_point_primary_hn1,1,2684,2684,-0.60334,0.367269
rc_a33_point_primary_hn1,1,2685,2685,-0.891674,0.459814
rc_a33_point_primary_hn1,1,2686,2686,-0.851489,0.454283
rc_a33_point_primary_hn1,1,2687,2687,-0.810877,0.448055
rc_a33_point_primary_hn1,1,2688,2688,-0.780044,0.579314
rc_a33_point_primary_hn1,1,2689,2689,-0.843072,0.453655
rc_a33_point_primary_hn1,1,2690,2690,-0.670988,0.456215
rc_a33_point_primary_hn1,1,2691,2691,-0.703816,0.38723
rc_a33_point_primary_hn1,1,2692,2692,-0.554725,0.455697
rc_a33_point_primary_hn1,1,2693,2693,-1.048,0.371884
rc_a33_point_primary_hn1,1,2694,2694,-1.03992,0.43097800000000003
rc_a33_point_primary_hn1,1,2695,2695,-1.03617,0.54399
rc_a33_point_primary_hn1,1,2696,2696,-0.509803,0.580795
rc_a33_point_primary_hn1,1,2697,2697,-0.94505,0.551728
rc_a33_point_primary_hn1,1,2698,2698,-0.915777,0.356543
rc_a33_point_primary_hn1,1,2699,2699,-0.933524,0.361253
rc_a33_point_primary_hn1,1,2700,2700,-1.01016,0.348774
rc_a33_point_primary_hn1,1,2701,2701,-0.680097,0.861028
rc_a33_point_primary_hn1,1,2702,2702,-0.606706,0.867188
rc_a33_point_primary_hn1,1,2703,2703,-0.676547,0.797299
rc_a33_point_primary_hn1,1,2704,2704,-0.605107,0.849317
rc_a33_point_primary_hn1,1,2705,2705,-0.619452,1.09023
rc_a33_point_primary_hn1,1,2706,2706,-0.69799,1.12202
rc_a33_point_primary_hn1,1,2707,2707,-0.412301,1.05536
rc_a33_point_primary_hn1,1,2708,2708,-0.388839,0.98607
rc_a33_point_primary_hn1,1,2709,2709,-0.47274,1.16015
rc_a33_point_primary_hn1,1,2710,2710,-0.623734,1.28015
rc_a33_point_primary_hn1,1,2711,2711,-0.616419,1.32121
rc_a33_point_primary_hn1,1,2712,2712,-0.67368,1.1281
rc_a33_point_primary_hn1,1,2713,2713,-0.584331,1.04461
rc_a33_point_primary_hn1,1,2714,2714,-1.22434,0.877332
rc_a33_point_primary_hn1,1,2715,2715,-1.15634,0.800298
rc_a33_point_primary_hn1,1,2716,2716,-1.19416,0.793779
rc_a33_point_primary_hn1,1,2717,2717,-0.800446,0.566663
rc_a33_point_primary_hn1,1,2718,2718,-0.731161,0.556821
rc_a33_point_primary_hn1,1,2719,2719,-0.695822,0.514342
rc_a33_point_primary_hn1,1,2720,2720,-0.642671,0.481914
rc_a33_point_primary_hn1,1,2721,2721,-0.773816,0.267618
rc_a33_point_primary_hn1,1,2722,2722,-0.87844,0.390782
rc_a33_point_primary_hn1,1,2723,2723,-0.892961,0.515829
rc_a33_point_primary_hn1,1,2724,2724,-0.648402,0.500821
rc_a33_point_primary_hn1,1,2725,2725,-0.670589,0.479995
rc_a33_point_primary_hn1,1,2726,2726,-0.88871,0.473808
rc_a33_point_primary_hn1,1,2727,2727,-1.04894,0.528015
rc_a33_point_primary_hn1,1,2728,2728,-1.09629,1.16714
rc_a33_point_primary_hn1,1,2729,2729,-0.686349,0.632319
rc_a33_point_primary_hn1,1,2730,2730,-0.799278,0.483184
rc_a33_point_primary_hn1,1,2731,2731,-0.667981,0.287916
rc_a33_point_primary_hn1,1,2732,2732,-0.507901,0.638901
rc_a33_point_primary_hn1,1,2733,2733,-0.418133,0.448125
rc_a33_point_primary_hn1,1,2734,2734,-0.482467,0.549766
rc_a33_point_primary_hn1,1,2735,2735,-0.603316,0.50283
rc_a33_point_primary_hn1,1,2736,2736,-0.532589,0.576092
rc_a33_point_primary_hn1,1,2737,2737,-0.839606,0.447721
rc_a33_point_primary_hn1,1,2738,2738,-0.786962,0.550697
rc_a33_point_primary_hn1,1,2739,2739,-0.487128,0.673428
rc_a33_point_primary_hn1,1,2740,2740,-0.332951,0.5155
rc_a33_point_primary_hn1,1,2741,2741,0.0198548,0.66072
rc_a33_point_primary_hn1,1,2742,2742,-0.34007,0.515502
rc_a33_point_primary_hn1,1,2743,2743,-0.340511,0.499698
rc_a33_point_primary_hn1,1,2744,2744,-0.868074,0.469627
rc_a33_point_primary_hn1,1,2745,2745,-1.01998,0.436551
rc_a33_point_primary_hn1,1,2746,2746,-0.874212,0.430437
rc_a33_point_primary_hn1,1,2747,2747,-0.750962,0.441213
rc_a33_point_primary_hn1,1,2748,2748,-1.78077,1.79188
rc_a33_point_primary_hn1,1,2749,2749,-1.70783,1.55076
rc_a33_point_primary_hn1,1,2750,2750,-0.774599,0.482634
rc_a33_point_primary_hn1,1,2751,2751,-0.984102,0.64188
rc_a33_point_primary_hn1,1,2752,2752,-0.966264,0.448207
rc_a33_point_primary_hn1,1,2753,2753,-0.809446,0.390655
rc_a33_point_primary_hn1,1,2754,2754,-0.677682,0.58848
rc_a33_point_primary_hn1,1,2755,2755,-0.562989,0.584889
rc_a33_point_primary_hn1,1,2756,2756,-0.581538,0.57424
rc_a33_point_primary_hn1,1,2757,2757,-0.609188,0.534639
rc_a33_point_primary_hn1,1,2758,2758,-0.630601,0.40541
rc_a33_point_primary_hn1,1,2759,2759,-0.644443,0.389612
rc_a33_point_primary_hn1,1,2760,2760,-0.551396,0.371712
rc_a33_point_primary_hn1,1,2761,2761,-0.278024,0.848184
rc_a33_point_primary_hn1,1,2762,2762,-0.82458,0.579289
rc_a33_point_primary_hn1,1,2763,2763,-0.880039,0.491855
rc_a33_point_primary_hn1,1,2764,2764,-0.682277,0.562586
rc_a33_point_primary_hn1,1,2765,2765,-0.743501,0.483417
rc_a33_point_primary_hn1,1,2766,2766,-0.854088,0.530954
rc_a33_point_primary_hn1,1,2767,2767,-0.643726,0.688791
rc_a33_point_primary_hn1,1,2768,2768,-1.11543,0.827507
rc_a33_point_primary_hn1,1,2769,2769,-0.693925,0.599795
rc_a33_point_primary_hn1,1,2770,2770,-0.584887,0.640461
rc_a33_point_primary_hn1,1,2771,2771,-0.987519,0.653635
rc_a33_point_primary_hn1,1,2772,2772,-1.02087,0.554602
rc_a33_point_primary_hn1,1,2773,2773,-0.980019,0.502124
rc_a33_point_primary_hn1,1,2774,2774,-0.672745,0.579662
rc_a33_point_primary_hn1,1,2775,2775,-0.68594,0.502087
rc_a33_point_primary_hn1,1,2776,2776,-0.813079,0.560846
rc_a33_point_primary_hn1,1,2777,2777,-0.859288,0.478854
rc_a33_point_primary_hn1,1,2778,2778,-0.766422,0.422852
rc_a33_point_primary_hn1,1,2779,2779,-0.891705,0.332313
rc_a33_point_primary_hn1,1,2780,2780,-1.04089,0.331143
rc_a33_point_primary_hn1,1,2781,2781,-0.526609,0.742097
rc_a33_point_primary_hn1,1,2782,2782,-0.532594,0.509207
rc_a33_point_primary_hn1,1,2783,2783,-0.690907,0.362737
rc_a33_point_primary_hn1,1,2784,2784,-0.734236,0.263759
rc_a33_point_primary_hn1,1,2785,2785,-0.698541,0.551015
rc_a33_point_primary_hn1,1,2786,2786,-0.630065,0.499244
rc_a33_point_primary_hn1,1,2787,2787,-0.583085,0.420342
rc_a33_point_primary_hn1,1,2788,2788,-0.484468,0.426939
rc_a33_point_primary_hn1,1,2789,2789,-0.682264,0.502641
rc_a33_point_primary_hn1,1,2790,2790,-0.618754,0.308626
rc_a33_point_primary_hn1,1,2791,2791,-0.885441,0.450576
rc_a33_point_primary_hn1,1,2792,2792,-0.476754,0.446345
rc_a33_point_primary_hn1,1,2793,2793,-0.759223,0.397292
rc_a33_point_primary_hn1,1,2794,2794,-0.521096,0.339918
rc_a33_point_primary_hn1,1,2795,2795,-0.634139,0.414692
rc_a33_point_primary_hn1,1,2796,2796,-0.566913,0.441676
rc_a33_point_primary_hn1,1,2797,2797,-0.857344,0.291936
rc_a33_point_primary_hn1,1,2798,2798,-0.70165,0.944535
rc_a33_point_primary_hn1,1,2799,2799,-1.0638,0.760579
rc_a33_point_primary_hn1,1,2800,2800,-1.25095,0.354609
rc_a33_point_primary_hn1,1,2801,2801,-1.19187,0.433812
rc_a33_point_primary_hn1,1,2802,2802,-1.14211,0.381267
rc_a33_point_primary_hn1,1,2803,2803,-1.03414,0.515624
rc_a33_point_primary_hn1,1,2804,2804,-0.628078,0.620989
rc_a33_point_primary_hn1,1,2805,2805,-0.607722,0.299079
rc_a33_point_primary_hn1,1,2806,2806,-0.721226,0.564695
rc_a33_point_primary_hn1,1,2807,2807,-0.615874,0.96603000000000006
rc_a33_point_primary_hn1,1,2808,2808,-0.691372,0.47407
rc_a33_point_primary_hn1,1,2809,2809,-0.950715,0.432745
rc_a33_point_primary_hn1,1,2810,2810,-0.418613,0.567026
rc_a33_point_primary_hn1,1,2811,2811,-0.440468,0.505947
rc_a33_point_primary_hn1,1,2812,2812,-0.465833,0.624113
rc_a33_point_primary_hn1,1,2813,2813,-0.804037,0.659655
rc_a33_point_primary_hn1,1,2814,2814,-0.910529,0.401756
rc_a33_point_primary_hn1,1,2815,2815,-0.97922,0.763198
rc_a33_point_primary_hn1,1,2816,2816,-0.807138,0.422309
rc_a33_point_primary_hn1,1,2817,2817,-0.948791,0.538453
rc_a33_point_primary_hn1,1,2818,2818,-0.719262,0.329917
rc_a33_point_primary_hn1,1,2819,2819,-0.902658,0.427914
rc_a33_point_primary_hn1,1,2820,2820,-0.813632,0.338336
rc_a33_point_primary_hn1,1,2821,2821,-0.819361,0.290414
rc_a33_point_primary_hn1,1,2822,2822,-0.785831,0.375102
rc_a33_point_primary_hn1,1,2823,2823,-0.835687,0.329689
rc_a33_point_primary_hn1,1,2824,2824,-0.679258,0.370197
rc_a33_point_primary_hn1,1,2825,2825,-0.536787,0.582497
rc_a33_point_primary_hn1,1,2826,2826,-0.603358,0.754511
rc_a33_point_primary_hn1,1,2827,2827,-0.497603,0.524336
rc_a33_point_primary_hn1,1,2828,2828,-0.498511,0.524322
rc_a33_point_primary_hn1,1,2829,2829,-0.683769,0.728901
rc_a33_point_primary_hn1,1,2830,2830,-0.783594,0.470552
rc_a33_point_primary_hn1,1,2831,2831,-0.8613,0.668958
rc_a33_point_primary_hn1,1,2832,2832,-1.05614,0.871089
rc_a33_point_primary_hn1,1,2833,2833,-0.852184,0.877985
rc_a33_point_primary_hn1,1,2834,2834,-0.814469,0.545785
rc_a33_point_primary_hn1,1,2835,2835,-0.885936,0.516526
rc_a33_point_primary_hn1,1,2836,2836,-0.575694,0.505182
rc_a33_point_primary_hn1,1,2837,2837,-0.629727,0.436387
rc_a33_point_primary_hn1,1,2838,2838,-0.513077,0.569438
rc_a33_point_primary_hn1,1,2839,2839,-0.423704,0.794709
rc_a33_point_primary_hn1,1,2840,2840,-0.543923,0.647331
rc_a33_point_primary_hn1,1,2841,2841,-0.25274,0.768232
rc_a33_point_primary_hn1,1,2842,2842,-0.174136,0.679281
rc_a33_point_primary_hn1,1,2843,2843,-0.0287321,0.803072
rc_a33_point_primary_hn1,1,2844,2844,0.0579113,0.988194
rc_a33_point_primary_hn1,1,2845,2845,0.0569011,1.01518
rc_a33_point_primary_hn1,1,2846,2846,0.0843015,1.25587
rc_a33_point_primary_hn1,1,2847,2847,0.0521011,1.12759
rc_a33_point_primary_hn1,1,2848,2848,0.046733,1.15356
rc_a33_point_primary_hn1,1,2849,2849,-0.0538649,1.23627
rc_a33_point_primary_hn1,1,2850,2850,-0.851731,0.82401
rc_a33_point_primary_hn1,1,2851,2851,-0.500744,0.89172
rc_a33_point_primary_hn1,1,2852,2852,-0.58743,0.587438
rc_a33_point_primary_hn1,1,2853,2853,-0.346066,0.668836
rc_a33_point_primary_hn1,1,2854,2854,-0.738482,0.710803
rc_a33_point_primary_hn1,1,2855,2855,-0.941722,0.566755
rc_a33_point_primary_hn1,1,2856,2856,-0.817077,0.471083
rc_a33_point_primary_hn1,1,2857,2857,-1.22646,0.634878
rc_a33_point_primary_hn1,1,2858,2858,-1.20849,1.02427
rc_a33_point_primary_hn1,1,2859,2859,-0.896033,0.423786
rc_a33_point_primary_hn1,1,2860,2860,-1.02759,0.678185
rc_a33_point_primary_hn1,1,2861,2861,-1.0061,0.525752
rc_a33_point_primary_hn1,1,2862,2862,-1.00202,0.488366
rc_a33_point_primary_hn1,1,2863,2863,-1.07201,0.50681
rc_a33_point_primary_hn1,1,2864,2864,-1.04755,0.659758
rc_a33_point_primary_hn1,1,2865,2865,-0.272507,0.999926
rc_a33_point_primary_hn1,1,2866,2866,-0.401544,0.83242
rc_a33_point_primary_hn1,1,2867,2867,-0.541543,0.508178
rc_a33_point_primary_hn1,1,2868,2868,-0.589222,0.581858
rc_a33_point_primary_hn1,1,2869,2869,-0.535483,0.740722
rc_a33_point_primary_hn1,1,2870,2870,-0.650441,0.532671
rc_a33_point_primary_hn1,1,2871,2871,-0.695569,0.437783
rc_a33_point_primary_hn1,1,2872,2872,-0.994834,0.391198
rc_a33_point_primary_hn1,1,2873,2873,-1.17259,0.454922
rc_a33_point_primary_hn1,1,2874,2874,-0.87286300000000006,0.378972
rc_a33_point_primary_hn1,1,2875,2875,-0.817077,0.466742
rc_a33_point_primary_hn1,1,2876,2876,-1.03651,0.525191
rc_a33_point_primary_hn1,1,2877,2877,-1.1033,0.600576
rc_a33_point_primary_hn1,1,2878,2878,-1.15207,0.477146
rc_a33_point_primary_hn1,1,2879,2879,-0.976045,0.396588
rc_a33_point_primary_hn1,1,2880,2880,-0.756923,0.408202
rc_a33_point_primary_hn1,1,2881,2881,-0.687049,0.426314
rc_a33_point_primary_hn1,1,2882,2882,-0.664918,0.620637
rc_a33_point_primary_hn1,1,2883,2883,-0.463868,0.465885
rc_a33_point_primary_hn1,1,2884,2884,-0.368219,0.75401
rc_a33_point_primary_hn1,1,2885,2885,-0.357893,1.00259
rc_a33_point_primary_hn1,1,2886,2886,-0.968592,0.52835
rc_a33_point_primary_hn1,1,2887,2887,-0.20284,0.922455
rc_a33_point_primary_hn1,1,2888,2888,-0.294157,1.11145
rc_a33_point_primary_hn1,1,2889,2889,-1.08751,0.838035
rc_a33_point_primary_hn1,1,2890,2890,-0.992272,0.688877
rc_a33_point_primary_hn1,1,2891,2891,-0.926711,0.553728
rc_a33_point_primary_hn1,1,2892,2892,-0.8707,0.523386
rc_a33_point_primary_hn1,1,2893,2893,-0.845706,0.608661
rc_a33_point_primary_hn1,1,2894,2894,-0.586769,0.637494
rc_a33_point_primary_hn1,1,2895,2895,-0.874747,0.456833
rc_a33_point_primary_hn1,1,2896,2896,-0.912305,0.4778
rc_a33_point_primary_hn1,1,2897,2897,-0.707299,0.528283
rc_a33_point_primary_hn1,1,2898,2898,-0.72151,0.278488
rc_a33_point_primary_hn1,1,2899,2899,-0.57761,0.472513
rc_a33_point_primary_hn1,1,2900,2900,-0.717355,0.289944
rc_a33_point_primary_hn1,1,2901,2901,-0.415605,0.536279
rc_a33_point_primary_hn1,1,2902,2902,-0.616644,0.503093
rc_a33_point_primary_hn1,1,2903,2903,-0.364304,0.618541
rc_a33_point_primary_hn1,1,2904,2904,-0.433886,0.525338
rc_a33_point_primary_hn1,1,2905,2905,-0.656919,0.565539
rc_a33_point_primary_hn1,1,2906,2906,-0.605599,0.947999
rc_a33_point_primary_hn1,1,2907,2907,-0.864808,0.599771
rc_a33_point_primary_hn1,1,2908,2908,-0.959599,0.632452
rc_a33_point_primary_hn1,1,2909,2909,-0.927055,0.379379
rc_a33_point_primary_hn1,1,2910,2910,-0.88504,0.431717
rc_a33_point_primary_hn1,1,2911,2911,-0.815308,0.361069
rc_a33_point_primary_hn1,1,2912,2912,-1.12513,0.63713
rc_a33_point_primary_hn1,1,2913,2913,-0.838651,0.404788
rc_a33_point_primary_hn1,1,2914,2914,-0.903243,0.50503
rc_a33_point_primary_hn1,1,2915,2915,-0.88557,0.391625
rc_a33_point_primary_hn1,1,2916,2916,-0.738879,0.466122
rc_a33_point_primary_hn1,1,2917,2917,-0.868457,0.484753
rc_a33_point_primary_hn1,1,2918,2918,-0.661771,0.338777
rc_a33_point_primary_hn1,1,2919,2919,-0.594441,0.355271
rc_a33_point_primary_hn1,1,2920,2920,-0.583246,0.46395
rc_a33_point_primary_hn1,1,2921,2921,-0.615227,0.466171
rc_a33_point_primary_hn1,1,2922,2922,-0.581538,0.310282
rc_a33_point_primary_hn1,1,2923,2923,-0.715579,0.722389
rc_a33_point_primary_hn1,1,2924,2924,-0.741997,0.691047
rc_a33_point_primary_hn1,1,2925,2925,-0.706469,0.594755
rc_a33_point_primary_hn1,1,2926,2926,-0.841555,0.666197
rc_a33_point_primary_hn1,1,2927,2927,-0.706567,0.323724
rc_a33_point_primary_hn1,1,2928,2928,-1.04728,0.511348
rc_a33_point_primary_hn1,1,2929,2929,-0.772661,0.725603
rc_a33_point_primary_hn1,1,2930,2930,-1.15007,0.412316
rc_a33_point_primary_hn1,1,2931,2931,-1.27176,0.745337
rc_a33_point_primary_hn1,1,2932,2932,-0.791976,0.392374
rc_a33_point_primary_hn1,1,2933,2933,-0.931377,0.370336
rc_a33_point_primary_hn1,1,2934,2934,-1.01876,0.372096
rc_a33_point_primary_hn1,1,2935,2935,-0.782881,0.502552
rc_a33_point_primary_hn1,1,2936,2936,-0.788693,0.502672
rc_a33_point_primary_hn1,1,2937,2937,-0.820064,0.509052
rc_a33_point_primary_hn1,1,2938,2938,-0.84643,0.45762
rc_a33_point_primary_hn1,1,2939,2939,-0.665671,0.515184
rc_a33_point_primary_hn1,1,2940,2940,-0.802071,0.37022
rc_a33_point_primary_hn1,1,2941,2941,-0.916875,0.355624
rc_a33_point_primary_hn1,1,2942,2942,-0.752879,0.695634
rc_a33_point_primary_hn1,1,2943,2943,-0.791853,0.550873
rc_a33_point_primary_hn1,1,2944,2944,-0.798975,0.487984
rc_a33_point_primary_hn1,1,2945,2945,-0.880839,0.604062
rc_a33_point_primary_hn1,1,2946,2946,-0.961575,0.649707
rc_a33_point_primary_hn1,1,2947,2947,-1.09433,0.564866
rc_a33_point_primary_hn1,1,2948,2948,-1.02886,0.603509
rc_a33_point_primary_hn1,1,2949,2949,-0.946129,0.529925
rc_a33_point_primary_hn1,1,2950,2950,-0.537588,0.587114
rc_a33_point_primary_hn1,1,2951,2951,-0.642954,0.862989
rc_a33_point_primary_hn1,1,2952,2952,-0.686704,0.634598
rc_a33_point_primary_hn1,1,2953,2953,-0.134342,0.622525
rc_a33_point_primary_hn1,1,2954,2954,-0.492505,0.330275
rc_a33_point_primary_hn1,1,2955,2955,-0.744834,0.518799
rc_a33_point_primary_hn1,1,2956,2956,-0.914715,0.620201
rc_a33_point_primary_hn1,1,2957,2957,-0.543856,0.337611
rc_a33_point_primary_hn1,1,2958,2958,-0.617557,0.314822
rc_a33_point_primary_hn1,1,2959,2959,-0.692427,0.479937
rc_a33_point_primary_hn1,1,2960,2960,-0.759738,0.542143
rc_a33_point_primary_hn1,1,2961,2961,-0.549855,0.547263
rc_a33_point_primary_hn1,1,2962,2962,-1.19453,0.653926
rc_a33_point_primary_hn1,1,2963,2963,-1.2626,0.747454
rc_a33_point_primary_hn1,1,2964,2964,-1.27702,0.488131
rc_a33_point_primary_hn1,1,2965,2965,-0.465397,0.730745
rc_a33_point_primary_hn1,1,2966,2966,-0.402422,1.0746
rc_a33_point_primary_hn1,1,2967,2967,-0.349689,1.13035
rc_a33_point_primary_hn1,1,2968,2968,-0.299585,1.17057
rc_a33_point_primary_hn1,1,2969,2969,-0.174453,1.56067
rc_a33_point_primary_hn1,1,2970,2970,-0.667078,0.836641
rc_a33_point_primary_hn1,1,2971,2971,-0.709548,1.10422
rc_a33_point_primary_hn1,1,2972,2972,-0.632789,0.827352
rc_a33_point_primary_hn1,1,2973,2973,-0.624877,0.9018
rc_a33_point_primary_hn1,1,2974,2974,-1.23449,1.21459
rc_a33_point_primary_hn1,1,2975,2975,-1.20357,1.1051
rc_a33_point_primary_hn1,1,2976,2976,-1.32505,1.39511
rc_a33_point_primary_hn1,1,2977,2977,-0.828275,0.684516
rc_a33_point_primary_hn1,1,2978,2978,-0.99856,0.812413
rc_a33_point_primary_hn1,1,2979,2979,-0.821692,0.51961
rc_a33_point_primary_hn1,1,2980,2980,-1.11162,0.694387
rc_a33_point_primary_hn1,1,2981,2981,-1.23307,0.69294
rc_a33_point_primary_hn1,1,2982,2982,-1.40973,0.813617
rc_a33_point_primary_hn1,1,2983,2983,-1.13248,0.593233
rc_a33_point_primary_hn1,1,2984,2984,-1.11328,0.670552
rc_a33_point_primary_hn1,1,2985,2985,-0.886836,0.468759
rc_a33_point_primary_hn1,1,2986,2986,-1.1486,0.419656
rc_a33_point_primary_hn1,1,2987,2987,-0.960403,0.418225
rc_a33_point_primary_hn1,1,2988,2988,-0.828238,0.416717
rc_a33_point_primary_hn1,1,2989,2989,-1.13527,0.931916
rc_a33_point_primary_hn1,1,2990,2990,-1.01332,0.785765
rc_a33_point_primary_hn1,1,2991,2991,-0.760948,0.933049
rc_a33_point_primary_hn1,1,2992,2992,-1.15142,0.659108
rc_a33_point_primary_hn1,1,2993,2993,-0.814533,0.53308
rc_a33_point_primary_hn1,1,2994,2994,-0.798776,0.499932
rc_a33_point_primary_hn1,1,2995,2995,-0.55141,0.604407
rc_a33_point_primary_hn1,1,2996,2996,-0.54287,0.621206
rc_a33_point_primary_hn1,1,2997,2997,-0.673206,0.676557
rc_a33_point_primary_hn1,1,2998,2998,-0.850228,0.511745
rc_a33_point_primary_hn1,1,2999,2999,-1.17629,0.613537
rc_a33_point_primary_hn1,1,3000,3000,-0.993388,0.579435
rc_a33_point_primary_hn1,1,3001,3001,-0.963827,0.510402
rc_a33_point_primary_hn1,1,3002,3002,-0.936005,0.626143
rc_a33_point_primary_hn1,1,3003,3003,-0.998353,0.48655
rc_a33_point_primary_hn1,1,3004,3004,-0.618222,0.636124
rc_a33_point_primary_hn1,1,3005,3005,-0.577046,0.463012
rc_a33_point_primary_hn1,1,3006,3006,-0.660117,0.472641
rc_a33_point_primary_hn1,1,3007,3007,-0.593589,0.513693
rc_a33_point_primary_hn1,1,3008,3008,-0.656297,0.420453
rc_a33_point_primary_hn1,1,3009,3009,-0.986555,0.508058
rc_a33_point_primary_hn1,1,3010,3010,-1.01964,0.495164
rc_a33_point_primary_hn1,1,3011,3011,-0.985818,0.684003
rc_a33_point_primary_hn1,1,3012,3012,-0.693638,0.48194
rc_a33_point_primary_hn1,1,3013,3013,-0.731207,0.744523
rc_a33_point_primary_hn1,1,3014,3014,-0.721505,0.278837
rc_a33_point_primary_hn1,1,3015,3015,-0.901904,0.305952
rc_a33_point_primary_hn1,1,3016,3016,-0.739084,0.316156
rc_a33_point_primary_hn1,1,3017,3017,-0.68362,0.364894
rc_a33_point_primary_hn1,1,3018,3018,-0.586618,0.581634
rc_a33_point_primary_hn1,1,3019,3019,-0.665682,0.596817
rc_a33_point_primary_hn1,1,3020,3020,-0.791361,0.62057
rc_a33_point_primary_hn1,1,3021,3021,-0.68835,0.663351
rc_a33_point_primary_hn1,1,3022,3022,-0.703852,0.557405
rc_a33_point_primary_hn1,1,3023,3023,-0.613571,0.580324
rc_a33_point_primary_hn1,1,3024,3024,-0.608052,0.679952
rc_a33_point_primary_hn1,1,3025,3025,-0.825334,0.619521
rc_a33_point_primary_hn1,1,3026,3026,-0.895399,0.654671
rc_a33_point_primary_hn1,1,3027,3027,-0.918166,0.584594
rc_a33_point_primary_hn1,1,3028,3028,-0.705137,0.717882
rc_a33_point_primary_hn1,1,3029,3029,-0.872469,0.400946
rc_a33_point_primary_hn1,1,3030,3030,-0.557105,0.637145
rc_a33_point_primary_hn1,1,3031,3031,-0.764009,0.493336
rc_a33_point_primary_hn1,1,3032,3032,-0.480686,0.614034
rc_a33_point_primary_hn1,1,3033,3033,-0.641713,0.571182
rc_a33_point_primary_hn1,1,3034,3034,-0.687526,0.618031
rc_a33_point_primary_hn1,1,3035,3035,-0.682391,0.667642
rc_a33_point_primary_hn1,1,3036,3036,-0.867424,0.628857
rc_a33_point_primary_hn1,1,3037,3037,-0.715575,0.730069
rc_a33_point_primary_hn1,1,3038,3038,-0.638601,0.314603
rc_a33_point_primary_hn1,1,3039,3039,-0.934471,0.655745
rc_a33_point_primary_hn1,1,3040,3040,-0.685491,0.371032
rc_a33_point_primary_hn1,1,3041,3041,-0.839462,0.351353
rc_a33_point_primary_hn1,1,3042,3042,-0.855319,0.520454
rc_a33_point_primary_hn1,1,3043,3043,-0.959596,0.509448
rc_a33_point_primary_hn1,1,3044,3044,-0.784217,0.508575
rc_a33_point_primary_hn1,1,3045,3045,-0.67495,0.592377
rc_a33_point_primary_hn1,1,3046,3046,-0.757148,0.753324
rc_a33_point_primary_hn1,1,3047,3047,-0.695609,0.91476
rc_a33_point_primary_hn1,1,3048,3048,-0.817806,1.10796
rc_a33_point_primary_hn1,1,3049,3049,-0.889256,1.39887
rc_a33_point_primary_hn1,1,3050,3050,-1.04053,1.27229
rc_a33_point_primary_hn1,1,3051,3051,-0.816213,1.08689
rc_a33_point_primary_hn1,1,3052,3052,-0.850672,1.20705
rc_a33_point_primary_hn1,1,3053,3053,-1.04419,1.19991
rc_a33_point_primary_hn1,1,3054,3054,-0.514941,0.396825
rc_a33_point_primary_hn1,1,3055,3055,-0.731642,0.566476
rc_a33_point_primary_hn1,1,3056,3056,-0.514259,0.499281
rc_a33_point_primary_hn1,1,3057,3057,-0.657393,0.577647
rc_a33_point_primary_hn1,1,3058,3058,-1.0427,1.11339
rc_a33_point_primary_hn1,1,3059,3059,-0.995902,1.21434
rc_a33_point_primary_hn1,1,3060,3060,-0.769271,0.375486
rc_a33_point_primary_hn1,1,3061,3061,-0.715193,0.390176
rc_a33_point_primary_hn1,1,3062,3062,-0.926595,0.616639
rc_a33_point_primary_hn1,1,3063,3063,-0.466014,0.560461
rc_a33_point_primary_hn1,1,3064,3064,-0.70583,0.605312
rc_a33_point_primary_hn1,1,3065,3065,-0.919746,0.70054
rc_a33_point_primary_hn1,1,3066,3066,-1.0627,0.646513
rc_a33_point_primary_hn1,1,3067,3067,-1.04715,0.597251
rc_a33_point_primary_hn1,1,3068,3068,-0.880336,0.833963
rc_a33_point_primary_hn1,1,3069,3069,-0.940277,1.07558
rc_a33_point_primary_hn1,1,3070,3070,-0.889678,1.08094
rc_a33_point_primary_hn1,1,3071,3071,-0.644403,0.737585
rc_a33_point_primary_hn1,1,3072,3072,-0.778725,0.57132
rc_a33_point_primary_hn1,1,3073,3073,-0.776611,0.918326
rc_a33_point_primary_hn1,1,3074,3074,-0.80505,0.96944
rc_a33_point_primary_hn1,1,3075,3075,-0.660707,0.896944
rc_a33_point_primary_hn1,1,3076,3076,-0.656952,0.207649
rc_a33_point_primary_hn1,1,3077,3077,-0.505282,0.277634
rc_a33_point_primary_hn1,1,3078,3078,-0.689765,0.310599
rc_a33_point_primary_hn1,1,3079,3079,-0.643832,0.359246
rc_a33_point_primary_hn1,1,3080,3080,-0.397686,0.423691
rc_a33_point_primary_hn1,1,3081,3081,-0.528376,0.367717
rc_a33_point_primary_hn1,1,3082,3082,-0.539954,0.45499
rc_a33_point_primary_hn1,1,3083,3083,-0.602129,0.388536
rc_a33_point_primary_hn1,1,3084,3084,-0.762346,0.567273
rc_a33_point_primary_hn1,1,3085,3085,-0.713588,0.443244
rc_a33_point_primary_hn1,1,3086,3086,-0.778263,1.07433
rc_a33_point_primary_hn1,1,3087,3087,-0.889442,0.773261
rc_a33_point_primary_hn1,1,3088,3088,-0.609987,0.81654
rc_a33_point_primary_hn1,1,3089,3089,-0.727455,0.730151
rc_a33_point_primary_hn1,1,3090,3090,-0.847689,0.836576
rc_a33_point_primary_hn1,1,3091,3091,-1.24071,0.6119
rc_a33_point_primary_hn1,1,3092,3092,-1.06094,0.482419
rc_a33_point_primary_hn1,1,3093,3093,-1.28416,0.874119
rc_a33_point_primary_hn1,1,3094,3094,-1.31222,0.935446
rc_a33_point_primary_hn1,1,3095,3095,-1.65768,1.46968
rc_a33_point_primary_hn1,1,3096,3096,-1.44794,1.17215
rc_a33_point_primary_hn1,1,3097,3097,-1.40968,1.34181
rc_a33_point_primary_hn1,1,3098,3098,-1.17982,0.52868
rc_a33_point_primary_hn1,1,3099,3099,-1.139,0.539007
rc_a33_point_primary_hn1,1,3100,3100,-1.30454,0.964577
rc_a33_point_primary_hn1,1,3101,3101,-0.973363,0.826874
rc_a33_point_primary_hn1,1,3102,3102,-1.05444,0.690774
rc_a33_point_primary_hn1,1,3103,3103,-1.19517,0.720148
rc_a33_point_primary_hn1,1,3104,3104,-0.697907,0.334174
rc_a33_point_primary_hn1,1,3105,3105,-0.630081,0.312742
rc_a33_point_primary_hn1,1,3106,3106,-0.585615,0.345869
rc_a33_point_primary_hn1,1,3107,3107,-0.688875,0.28563499999999997
rc_a33_point_primary_hn1,1,3108,3108,-0.630769,0.31325
rc_a33_point_primary_hn1,1,3109,3109,-0.576233,0.574086
rc_a33_point_primary_hn1,1,3110,3110,-0.613246,0.425408
rc_a33_point_primary_hn1,1,3111,3111,-0.725011,0.446527
rc_a33_point_primary_hn1,1,3112,3112,-0.761585,0.515367
rc_a33_point_primary_hn1,1,3113,3113,-0.846621,0.707121
rc_a33_point_primary_hn1,1,3114,3114,-0.897503,0.795628
rc_a33_point_primary_hn1,1,3115,3115,-0.720341,0.557623
rc_a33_point_primary_hn1,1,3116,3116,-1.11763,0.852997
rc_a33_point_primary_hn1,1,3117,3117,-0.946904,0.669096
rc_a33_point_primary_hn1,1,3118,3118,-0.965115,0.805845
rc_a33_point_primary_hn1,1,3119,3119,-1.04457,0.59077
rc_a33_point_primary_hn1,1,3120,3120,-0.994274,0.689296
rc_a33_point_primary_hn1,1,3121,3121,-1.06049,0.515548
rc_a33_point_primary_hn1,1,3122,3122,-0.928517,0.490872
rc_a33_point_primary_hn1,1,3123,3123,-0.507667,0.423349
rc_a33_point_primary_hn1,1,3124,3124,-0.887588,0.320148
rc_a33_point_primary_hn1,1,3125,3125,-0.715838,0.330408
rc_a33_point_primary_hn1,1,3126,3126,-0.667654,0.411134
rc_a33_point_primary_hn1,1,3127,3127,-0.640192,0.423629
rc_a33_point_primary_hn1,1,3128,3128,-0.704079,0.452312
rc_a33_point_primary_hn1,1,3129,3129,-0.653944,0.45556
rc_a33_point_primary_hn1,1,3130,3130,-0.639941,0.343142
rc_a33_point_primary_hn1,1,3131,3131,-0.489649,0.636892
rc_a33_point_primary_hn1,1,3132,3132,-0.939587,0.61231
rc_a33_point_primary_hn1,1,3133,3133,-0.781246,0.531786
rc_a33_point_primary_hn1,1,3134,3134,-0.799841,0.585465
rc_a33_point_primary_hn1,1,3135,3135,-0.693257,0.539678
rc_a33_point_primary_hn1,1,3136,3136,-0.49692,0.503204
rc_a33_point_primary_hn1,1,3137,3137,-0.758527,0.628303
rc_a33_point_primary_hn1,1,3138,3138,-0.660663,0.396466
rc_a33_point_primary_hn1,1,3139,3139,-0.53964,0.461316
rc_a33_point_primary_hn1,1,3140,3140,-0.807176,0.419973
rc_a33_point_primary_hn1,1,3141,3141,-0.89502,0.478672
rc_a33_point_primary_hn1,1,3142,3142,-0.717374,0.491197
rc_a33_point_primary_hn1,1,3143,3143,-0.507772,0.31397
rc_a33_point_primary_hn1,1,3144,3144,-0.621849,0.524916
rc_a33_point_primary_hn1,1,3145,3145,-0.813671,0.373932
rc_a33_point_primary_hn1,1,3146,3146,-0.766112,0.36149
rc_a33_point_primary_hn1,1,3147,3147,-0.664966,0.517338
rc_a33_point_primary_hn1,1,3148,3148,-0.695579,0.526639
rc_a33_point_primary_hn1,1,3149,3149,-0.611366,0.592643
rc_a33_point_primary_hn1,1,3150,3150,-1.01741,0.781353
rc_a33_point_primary_hn1,1,3151,3151,-1.09869,0.809478
rc_a33_point_primary_hn1,1,3152,3152,-1.0976,0.855027
rc_a33_point_primary_hn1,1,3153,3153,-1.3273,1.13253
rc_a33_point_primary_hn1,1,3154,3154,-1.24552,1.27942
rc_a33_point_primary_hn1,1,3155,3155,-1.03956,0.5957
rc_a33_point_primary_hn1,1,3156,3156,-0.723213,0.430263
rc_a33_point_primary_hn1,1,3157,3157,-0.799139,0.608458
rc_a33_point_primary_hn1,1,3158,3158,-0.404686,1.50261
rc_a33_point_primary_hn1,1,3159,3159,-0.0428773,1.00314
rc_a33_point_primary_hn1,1,3160,3160,-0.142389,1.04598
rc_a33_point_primary_hn1,1,3161,3161,-0.315935,0.576084
rc_a33_point_primary_hn1,1,3162,3162,-0.196754,0.832996
rc_a33_point_primary_hn1,1,3163,3163,-0.204385,1.1046
rc_a33_point_primary_hn1,1,3164,3164,0.0152278,1.05555
rc_a33_point_primary_hn1,1,3165,3165,-0.274562,1.07666
rc_a33_point_primary_hn1,1,3166,3166,-0.323701,1.49217
rc_a33_point_primary_hn1,1,3167,3167,-0.302633,1.46012
rc_a33_point_primary_hn1,1,3168,3168,-0.316987,1.56721
rc_a33_point_primary_hn1,1,3169,3169,-0.462887,0.965419
rc_a33_point_primary_hn1,1,3170,3170,-0.16502,0.883591
rc_a33_point_primary_hn1,1,3171,3171,-0.163908,1.1059
rc_a33_point_primary_hn1,1,3172,3172,-0.165834,1.08007
rc_a33_point_primary_hn1,1,3173,3173,0.246137,0.984721
rc_a33_point_primary_hn1,1,3174,3174,0.0843616,0.851557
rc_a33_point_primary_hn1,1,3175,3175,-0.379265,1.04841
rc_a33_point_primary_hn1,1,3176,3176,-0.451613,1.20835
rc_a33_point_primary_hn1,1,3177,3177,-0.483305,0.94705
rc_a33_point_primary_hn1,1,3178,3178,-1.29622,0.720371
rc_a33_point_primary_hn1,1,3179,3179,-1.03881,0.684583
rc_a33_point_primary_hn1,1,3180,3180,-1.34618,1.20485
rc_a33_point_primary_hn1,1,3181,3181,-1.21706,0.888273
rc_a33_point_primary_hn1,1,3182,3182,-1.41404,1.04172
rc_a33_point_primary_hn1,1,3183,3183,-1.02269,1.13999
rc_a33_point_primary_hn1,1,3184,3184,-1.07487,0.911285
rc_a33_point_primary_hn1,1,3185,3185,-1.17773,0.628042
rc_a33_point_primary_hn1,1,3186,3186,-0.760171,0.484354
rc_a33_point_primary_hn1,1,3187,3187,-0.702715,0.441602
rc_a33_point_primary_hn1,1,3188,3188,-0.728082,0.489238
rc_a33_point_primary_hn1,1,3189,3189,-0.615167,0.516806
rc_a33_point_primary_hn1,1,3190,3190,-0.299515,0.983199
rc_a33_point_primary_hn1,1,3191,3191,-0.332658,0.759566
rc_a33_point_primary_hn1,1,3192,3192,-0.443083,0.948007
rc_a33_point_primary_hn1,1,3193,3193,-0.569917,0.462693
rc_a33_point_primary_hn1,1,3194,3194,-0.59023,0.751824
rc_a33_point_primary_hn1,1,3195,3195,-0.704805,0.464556
rc_a33_point_primary_hn1,1,3196,3196,-0.765054,0.489173
rc_a33_point_primary_hn1,1,3197,3197,-0.550478,0.286088
rc_a33_point_primary_hn1,1,3198,3198,-0.732107,0.444151
rc_a33_point_primary_hn1,1,3199,3199,-0.827306,0.451298
rc_a33_point_primary_hn1,1,3200,3200,-0.596211,0.400004
rc_a33_point_primary_hn1,1,3201,3201,-0.699949,0.932202
rc_a33_point_primary_hn1,1,3202,3202,-0.654385,0.501716
rc_a33_point_primary_hn1,1,3203,3203,-0.909086,0.656464
rc_a33_point_primary_hn1,1,3204,3204,-0.818851,0.64887
rc_a33_point_primary_hn1,1,3205,3205,-0.891882,0.53724
rc_a33_point_primary_hn1,1,3206,3206,-1.03631,0.633215
rc_a33_point_primary_hn1,1,3207,3207,-0.923274,0.516215
rc_a33_point_primary_hn1,1,3208,3208,-1.06291,0.454294
rc_a33_point_primary_hn1,1,3209,3209,-1.2357,0.925126
rc_a33_point_primary_hn1,1,3210,3210,-0.738678,0.351954
rc_a33_point_primary_hn1,1,3211,3211,-0.759699,0.428171
rc_a33_point_primary_hn1,1,3212,3212,-0.711189,0.57632
rc_a33_point_primary_hn1,1,3213,3213,-0.632407,0.419596
rc_a33_point_primary_hn1,1,3214,3214,-0.860322,0.339468
rc_a33_point_primary_hn1,1,3215,3215,-0.755329,0.35672
rc_a33_point_primary_hn1,1,3216,3216,-0.816901,0.280982
rc_a33_point_primary_hn1,1,3217,3217,-0.853679,0.263251
rc_a33_point_primary_hn1,1,3218,3218,-0.916588,0.432547
rc_a33_point_primary_hn1,1,3219,3219,-0.816613,0.416169
rc_a33_point_primary_hn1,1,3220,3220,-0.889055,0.56152
rc_a33_point_primary_hn1,1,3221,3221,-0.645911,0.519841
rc_a33_point_primary_hn1,1,3222,3222,-0.74302,0.572486
rc_a33_point_primary_hn1,1,3223,3223,-0.755789,0.597166
rc_a33_point_primary_hn1,1,3224,3224,-1.43829,0.804418
rc_a33_point_primary_hn1,1,3225,3225,-1.45134,0.978478
rc_a33_point_primary_hn1,1,3226,3226,-1.13047,1.12096
rc_a33_point_primary_hn1,1,3227,3227,-1.14354,1.16179
rc_a33_point_primary_hn1,1,3228,3228,-1.20843,1.06023
rc_a33_point_primary_hn1,1,3229,3229,-1.18749,1.15547
rc_a33_point_primary_hn1,1,3230,3230,-0.97307,0.40957
rc_a33_point_primary_hn1,1,3231,3231,-1.02439,0.336513
rc_a33_point_primary_hn1,1,3232,3232,-0.550329,0.395026
rc_a33_point_primary_hn1,1,3233,3233,-0.655293,0.275484
rc_a33_point_primary_hn1,1,3234,3234,-1.01421,1.13424
rc_a33_point_primary_hn1,1,3235,3235,-0.99757,1.17073
rc_a33_point_primary_hn1,1,3236,3236,-1.02944,1.00877
rc_a33_point_primary_hn1,1,3237,3237,-1.03901,0.670563
rc_a33_point_primary_hn1,1,3238,3238,-0.791967,0.512824
rc_a33_point_primary_hn1,1,3239,3239,-0.782531,0.837299
rc_a33_point_primary_hn1,1,3240,3240,-0.891854,0.546918
rc_a33_point_primary_hn1,1,3241,3241,-0.759024,0.370817
rc_a33_point_primary_hn1,1,3242,3242,-0.785761,0.218956
rc_a33_point_primary_hn1,1,3243,3243,-0.769879,0.420029
rc_a33_point_primary_hn1,1,3244,3244,-0.789646,0.26836
rc_a33_point_primary_hn1,1,3245,3245,-0.83178,0.410012
rc_a33_point_primary_hn1,1,3246,3246,-0.924101,0.516824
rc_a33_point_primary_hn1,1,3247,3247,-1.02459,0.645564
rc_a33_point_primary_hn1,1,3248,3248,-0.854971,0.503422
rc_a33_point_primary_hn1,1,3249,3249,-0.891253,0.739751
rc_a33_point_primary_hn1,1,3250,3250,-0.768698,0.811685
rc_a33_point_primary_hn1,1,3251,3251,-1.19563,0.766663
rc_a33_point_primary_hn1,1,3252,3252,-1.15228,0.598846
rc_a33_point_primary_hn1,1,3253,3253,-0.720605,0.469165
rc_a33_point_primary_hn1,1,3254,3254,-0.710099,0.351498
rc_a33_point_primary_hn1,1,3255,3255,-0.79467,0.362329
rc_a33_point_primary_hn1,1,3256,3256,-0.756988,0.254611
rc_a33_point_primary_hn1,1,3257,3257,-0.974696,0.30125
rc_a33_point_primary_hn1,1,3258,3258,-0.948022,0.283163
rc_a33_point_primary_hn1,1,3259,3259,-0.869016,0.283582
rc_a33_point_primary_hn1,1,3260,3260,-0.877029,0.330218
rc_a33_point_primary_hn1,1,3261,3261,-0.881929,0.348227
rc_a33_point_primary_hn1,1,3262,3262,-0.823592,0.371428
rc_a33_point_primary_hn1,1,3263,3263,-1.00785,0.641097
rc_a33_point_primary_hn1,1,3264,3264,-0.963476,0.578431
rc_a33_point_primary_hn1,1,3265,3265,-0.947659,0.704957
rc_a33_point_primary_hn1,1,3266,3266,-0.938308,0.588027
rc_a33_point_primary_hn1,1,3267,3267,-0.946767,0.609819
rc_a33_point_primary_hn1,1,3268,3268,-1.02008,0.537354
rc_a33_point_primary_hn1,1,3269,3269,-0.976751,0.451534
rc_a33_point_primary_hn1,1,3270,3270,-0.514925,0.435499
rc_a33_point_primary_hn1,1,3271,3271,-0.581905,0.400527
rc_a33_point_primary_hn1,1,3272,3272,-0.556799,0.562288
rc_a33_point_primary_hn1,1,3273,3273,-0.359093,0.756354
rc_a33_point_primary_hn1,1,3274,3274,-0.338358,0.747647
rc_a33_point_primary_hn1,1,3275,3275,-0.438365,0.372758
rc_a33_point_primary_hn1,1,3276,3276,-0.53530199999999994,0.417556
rc_a33_point_primary_hn1,1,3277,3277,-0.390901,1.4109
rc_a33_point_primary_hn1,1,3278,3278,-0.405016,1.41286
rc_a33_point_primary_hn1,1,3279,3279,-0.704872,0.860465
rc_a33_point_primary_hn1,1,3280,3280,-0.345617,0.843291
rc_a33_point_primary_hn1,1,3281,3281,-0.484821,0.831067
rc_a33_point_primary_hn1,1,3282,3282,-0.486643,0.823194
rc_a33_point_primary_hn1,1,3283,3283,-0.258508,0.977421
rc_a33_point_primary_hn1,1,3284,3284,-0.0243046,0.939386
rc_a33_point_primary_hn1,1,3285,3285,-0.863417,1.56407
rc_a33_point_primary_hn1,1,3286,3286,-0.781972,1.3942
rc_a33_point_primary_hn1,1,3287,3287,-1.02676,1.43872
rc_a33_point_primary_hn1,1,3288,3288,-0.573307,0.512479
rc_a33_point_primary_hn1,1,3289,3289,-0.595359,0.686204
rc_a33_point_primary_hn1,1,3290,3290,-0.470795,0.710433
rc_a33_point_primary_hn1,1,3291,3291,-0.598435,0.648791
rc_a33_point_primary_hn1,1,3292,3292,-0.372349,0.889883
rc_a33_point_primary_hn1,1,3293,3293,-0.0740411,0.698357
rc_a33_point_primary_hn1,1,3294,3294,-0.434165,0.571623
rc_a33_point_primary_hn1,1,3295,3295,-0.372498,0.806699
rc_a33_point_primary_hn1,1,3296,3296,-0.617299,0.551443
rc_a33_point_primary_hn1,1,3297,3297,-0.515812,0.486372
rc_a33_point_primary_hn1,1,3298,3298,-0.34003,0.518148
rc_a33_point_primary_hn1,1,3299,3299,-0.39733,0.483448
rc_a33_point_primary_hn1,1,3300,3300,-0.335224,0.497415
rc_a33_point_primary_hn1,1,3301,3301,-0.316376,0.427573
rc_a33_point_primary_hn1,1,3302,3302,0.0402955,0.95123
rc_a33_point_primary_hn1,1,3303,3303,-0.459118,0.412689
rc_a33_point_primary_hn1,1,3304,3304,-0.507549,0.531471
rc_a33_point_primary_hn1,1,3305,3305,-0.368479,0.463581
rc_a33_point_primary_hn1,1,3306,3306,-0.337073,0.515065
rc_a33_point_primary_hn1,1,3307,3307,-0.269082,0.596266
rc_a33_point_primary_hn1,1,3308,3308,-0.427019,0.48335
rc_a33_point_primary_hn1,1,3309,3309,-0.160581,1.09698
rc_a33_point_primary_hn1,1,3310,3310,-0.249371,1.01565
rc_a33_point_primary_hn1,1,3311,3311,-0.886668,0.544748
rc_a33_point_primary_hn1,1,3312,3312,-0.915986,0.428077
rc_a33_point_primary_hn1,1,3313,3313,-0.653923,0.401619
rc_a33_point_primary_hn1,1,3314,3314,-0.575833,0.452893
rc_a33_point_primary_hn1,1,3315,3315,-1.14687,0.564119
rc_a33_point_primary_hn1,1,3316,3316,-1.12788,0.777464
rc_a33_point_primary_hn1,1,3317,3317,-0.874653,0.601832
rc_a33_point_primary_hn1,1,3318,3318,-0.921769,0.573752
rc_a33_point_primary_hn1,1,3319,3319,-0.829322,0.574481
rc_a33_point_primary_hn1,1,3320,3320,-0.609096,0.589593
rc_a33_point_primary_hn1,1,3321,3321,-0.971198,0.877015
rc_a33_point_primary_hn1,1,3322,3322,-0.46148,0.810132
rc_a33_point_primary_hn1,1,3323,3323,-0.833864,0.93234
rc_a33_point_primary_hn1,1,3324,3324,-0.578158,0.852024
rc_a33_point_primary_hn1,1,3325,3325,-0.777078,0.62964
rc_a33_point_primary_hn1,1,3326,3326,-1.28157,0.748213
rc_a33_point_primary_hn1,1,3327,3327,-1.17683,0.701427
rc_a33_point_primary_hn1,1,3328,3328,-0.718919,0.424526
rc_a33_point_primary_hn1,1,3329,3329,-0.8478,0.535082
rc_a33_point_primary_hn1,1,3330,3330,-0.850356,0.563986
rc_a33_point_primary_hn1,1,3331,3331,-0.930748,0.45908
rc_a33_point_primary_hn1,1,3332,3332,-0.972987,0.429884
rc_a33_point_primary_hn1,1,3333,3333,-1.06244,0.611747
rc_a33_point_primary_hn1,1,3334,3334,-1.02284,0.433883
rc_a33_point_primary_hn1,1,3335,3335,-0.735782,0.576299
rc_a33_point_primary_hn1,1,3336,3336,-0.781038,0.545535
rc_a33_point_primary_hn1,1,3337,3337,-0.705862,0.536262
rc_a33_point_primary_hn1,1,3338,3338,-0.776958,0.538918
rc_a33_point_primary_hn1,1,3339,3339,-0.94895,0.597264
rc_a33_point_primary_hn1,1,3340,3340,-0.877947,0.604056
rc_a33_point_primary_hn1,1,3341,3341,-0.376598,0.494528
rc_a33_point_primary_hn1,1,3342,3342,-0.338804,0.538393
rc_a33_point_primary_hn1,1,3343,3343,-0.490742,0.522597
rc_a33_point_primary_hn1,1,3344,3344,-0.54774,0.694101
rc_a33_point_primary_hn1,1,3345,3345,-0.503595,0.433277
rc_a33_point_primary_hn1,1,3346,3346,-0.452753,0.431626
rc_a33_point_primary_hn1,1,3347,3347,-0.54008,0.439559
rc_a33_point_primary_hn1,1,3348,3348,-0.275091,0.563735
rc_a33_point_primary_hn1,1,3349,3349,-0.346608,0.397789
rc_a33_point_primary_hn1,1,3350,3350,-0.221298,0.97412
rc_a33_point_primary_hn1,1,3351,3351,-0.93811,1.08554
rc_a33_point_primary_hn1,1,3352,3352,-0.568324,0.913024
rc_a33_point_primary_hn1,1,3353,3353,-0.598761,0.70274
rc_a33_point_primary_hn1,1,3354,3354,-0.531986,0.479146
rc_a33_point_primary_hn1,1,3355,3355,-0.72739,0.28801
rc_a33_point_primary_hn1,1,3356,3356,-0.761065,0.382266
rc_a33_point_primary_hn1,1,3357,3357,-0.882435,0.375575
rc_a33_point_primary_hn1,1,3358,3358,-1.49558,0.787181
rc_a33_point_primary_hn1,1,3359,3359,-1.38022,0.822642
rc_a33_point_primary_hn1,1,3360,3360,-0.723271,0.584244
rc_a33_point_primary_hn1,1,3361,3361,-0.721532,0.54725
rc_a33_point_primary_hn1,1,3362,3362,-0.800682,0.397711
rc_a33_point_primary_hn1,1,3363,3363,-0.73107,0.413282
rc_a33_point_primary_hn1,1,3364,3364,-0.554589,0.255438
rc_a33_point_primary_hn1,1,3365,3365,-0.594741,0.465717
rc_a33_point_primary_hn1,1,3366,3366,-0.708048,0.546484
rc_a33_point_primary_hn1,1,3367,3367,-0.668759,0.883923
rc_a33_point_primary_hn1,1,3368,3368,-0.675952,0.51742
rc_a33_point_primary_hn1,1,3369,3369,-0.465823,0.457282
rc_a33_point_primary_hn1,1,3370,3370,-0.545129,0.448776
rc_a33_point_primary_hn1,1,3371,3371,-0.682872,0.295866
rc_a33_point_primary_hn1,1,3372,3372,-0.738792,0.206527
rc_a33_point_primary_hn1,1,3373,3373,-0.652754,0.418651
rc_a33_point_primary_hn1,1,3374,3374,-1.2094800000000001,0.624528
rc_a33_point_primary_hn1,1,3375,3375,-1.03905,0.528221
rc_a33_point_primary_hn1,1,3376,3376,-0.932646,0.337985
rc_a33_point_primary_hn1,1,3377,3377,-1.00756,0.407038
rc_a33_point_primary_hn1,1,3378,3378,-0.696321,0.701154
rc_a33_point_primary_hn1,1,3379,3379,-0.911906,0.577123
rc_a33_point_primary_hn1,1,3380,3380,-0.986444,0.854241
rc_a33_point_primary_hn1,1,3381,3381,-0.995799,0.783637
rc_a33_point_primary_hn1,1,3382,3382,-0.707635,0.543388
rc_a33_point_primary_hn1,1,3383,3383,-0.557419,0.335686
rc_a33_point_primary_hn1,1,3384,3384,-0.676378,0.571331
rc_a33_point_primary_hn1,1,3385,3385,-0.753164,0.450996
rc_a33_point_primary_hn1,1,3386,3386,-0.744785,0.302035
rc_a33_point_primary_hn1,1,3387,3387,-0.848752,0.370197
rc_a33_point_primary_hn1,1,3388,3388,-0.986834,0.410017
rc_a33_point_primary_hn1,1,3389,3389,-1.04027,0.868803
rc_a33_point_primary_hn1,1,3390,3390,-1.15662,0.634955
rc_a33_point_primary_hn1,1,3391,3391,-1.03079,0.57607
rc_a33_point_primary_hn1,1,3392,3392,-0.956629,0.608703
rc_a33_point_primary_hn1,1,3393,3393,-0.932623,0.557227
rc_a33_point_primary_hn1,1,3394,3394,-0.953451,0.662479
rc_a33_point_primary_hn1,1,3395,3395,-0.655081,0.768241
rc_a33_point_primary_hn1,1,3396,3396,-0.70723,0.776253
rc_a33_point_primary_hn1,1,3397,3397,-0.453178,0.385359
rc_a33_point_primary_hn1,1,3398,3398,-0.664664,0.435013
rc_a33_point_primary_hn1,1,3399,3399,-0.637245,0.282886
rc_a33_point_primary_hn1,1,3400,3400,-0.73169,0.312604
rc_a33_point_primary_hn1,1,3401,3401,-0.645253,0.275381
rc_a33_point_primary_hn1,1,3402,3402,-1.15684,0.826596
rc_a33_point_primary_hn1,1,3403,3403,-1.53696,1.18246
rc_a33_point_primary_hn1,1,3404,3404,-1.31411,0.676226
rc_a33_point_primary_hn1,1,3405,3405,-1.53612,0.972221
rc_a33_point_primary_hn1,1,3406,3406,-1.37703,0.91794
rc_a33_point_primary_hn1,1,3407,3407,-0.825531,0.610698
rc_a33_point_primary_hn1,1,3408,3408,-0.779384,0.814753
rc_a33_point_primary_hn1,1,3409,3409,-0.870349,0.867392
rc_a33_point_primary_hn1,1,3410,3410,-0.476572,1.37069
rc_a33_point_primary_hn1,1,3411,3411,-0.840839,0.427543
rc_a33_point_primary_hn1,1,3412,3412,-0.883235,0.710067
rc_a33_point_primary_hn1,1,3413,3413,-0.781305,0.777851
rc_a33_point_primary_hn1,1,3414,3414,-0.858727,0.493548
rc_a33_point_primary_hn1,1,3415,3415,-1.12142,0.669813
rc_a33_point_primary_hn1,1,3416,3416,-1.16381,0.622232
rc_a33_point_primary_hn1,1,3417,3417,-0.932744,0.54022
rc_a33_point_primary_hn1,1,3418,3418,-0.97133,0.590844
rc_a33_point_primary_hn1,1,3419,3419,-0.718441,0.633056
rc_a33_point_primary_hn1,1,3420,3420,-0.660023,0.562216
rc_a33_point_primary_hn1,1,3421,3421,-0.598709,0.570621
rc_a33_point_primary_hn1,1,3422,3422,-0.815455,0.654545
rc_a33_point_primary_hn1,1,3423,3423,-0.875669,0.774106
rc_a33_point_primary_hn1,1,3424,3424,-0.454214,0.740798
rc_a33_point_primary_hn1,1,3425,3425,-0.778323,0.433893
rc_a33_point_primary_hn1,1,3426,3426,-0.51334,0.664332
rc_a33_point_primary_hn1,1,3427,3427,-0.512907,0.609487
rc_a33_point_primary_hn1,1,3428,3428,-0.568972,0.562612
rc_a33_point_primary_hn1,1,3429,3429,-0.966598,0.759151
rc_a33_point_primary_hn1,1,3430,3430,-0.927284,0.83301
rc_a33_point_primary_hn1,1,3431,3431,-0.934664,0.861895
rc_a33_point_primary_hn1,1,3432,3432,-0.605571,0.362622
rc_a33_point_primary_hn1,1,3433,3433,-0.584322,0.368761
rc_a33_point_primary_hn1,1,3434,3434,-0.441951,0.657676
rc_a33_point_primary_hn1,1,3435,3435,-0.277863,0.648318
rc_a33_point_primary_hn1,1,3436,3436,-0.341862,0.633284
rc_a33_point_primary_hn1,1,3437,3437,-0.979111,0.338562
rc_a33_point_primary_hn1,1,3438,3438,-0.833271,0.399063
rc_a33_point_primary_hn1,1,3439,3439,-0.909716,0.335843
rc_a33_point_primary_hn1,1,3440,3440,-0.909901,0.411939
rc_a33_point_primary_hn1,1,3441,3441,-0.847607,0.470092
rc_a33_point_primary_hn1,1,3442,3442,-0.916397,0.454322
rc_a33_point_primary_hn1,1,3443,3443,-0.777647,0.573817
rc_a33_point_primary_hn1,1,3444,3444,-0.929373,0.351111
rc_a33_point_primary_hn1,1,3445,3445,-1.1566,1.34454
rc_a33_point_primary_hn1,1,3446,3446,-1.10511,1.0643
rc_a33_point_primary_hn1,1,3447,3447,-1.2021,0.802907
rc_a33_point_primary_hn1,1,3448,3448,-1.04206,1.26057
rc_a33_point_primary_hn1,1,3449,3449,-0.988303,1.23996
rc_a33_point_primary_hn1,1,3450,3450,-0.917392,1.12868
rc_a33_point_primary_hn1,1,3451,3451,-0.862863,1.06179
rc_a33_point_primary_hn1,1,3452,3452,-0.765524,1.16669
rc_a33_point_primary_hn1,1,3453,3453,-1.23256,0.939125
rc_a33_point_primary_hn1,1,3454,3454,-1.26448,0.821699
rc_a33_point_primary_hn1,1,3455,3455,-1.18907,0.823827
rc_a33_point_primary_hn1,1,3456,3456,-0.305789,1.07754
rc_a33_point_primary_hn1,1,3457,3457,-0.439912,1.212
rc_a33_point_primary_hn1,1,3458,3458,-0.353445,1.19222
rc_a33_point_primary_hn1,1,3459,3459,-0.177908,1.40344
rc_a33_point_primary_hn1,1,3460,3460,-1.14889,0.563659
rc_a33_point_primary_hn1,1,3461,3461,-1.18316,0.569961
rc_a33_point_primary_hn1,1,3462,3462,-1.13236,0.409643
rc_a33_point_primary_hn1,1,3463,3463,-0.748071,0.760571
rc_a33_point_primary_hn1,1,3464,3464,-0.718597,0.709374
rc_a33_point_primary_hn1,1,3465,3465,-0.656829,0.692353
rc_a33_point_primary_hn1,1,3466,3466,-0.814221,0.429678
rc_a33_point_primary_hn1,1,3467,3467,-0.874039,0.380708
rc_a33_point_primary_hn1,1,3468,3468,-0.555051,0.430504
rc_a33_point_primary_hn1,1,3469,3469,-0.703723,0.295542
rc_a33_point_primary_hn1,1,3470,3470,-0.534089,0.468283
rc_a33_point_primary_hn1,1,3471,3471,-0.679598,0.360886
rc_a33_point_primary_hn1,1,3472,3472,-0.618134,0.430961
rc_a33_point_primary_hn1,1,3473,3473,-0.679922,0.455975
rc_a33_point_primary_hn1,1,3474,3474,0.894177,1.02714
rc_a33_point_primary_hn1,1,3475,3475,0.0556584,0.999596
rc_a33_point_primary_hn1,1,3476,3476,-1.66478,1.05315
rc_a33_point_primary_hn1,1,3477,3477,-0.82279,0.452793
rc_a33_point_primary_hn1,1,3478,3478,-0.990747,0.378903
rc_a33_point_primary_hn1,1,3479,3479,-1.36079,0.608948
rc_a33_point_primary_hn1,1,3480,3480,-0.534876,0.751844
rc_a33_point_primary_hn1,1,3481,3481,-0.606837,0.620124
rc_a33_point_primary_hn1,1,3482,3482,-0.542892,0.5634
rc_a33_point_primary_hn1,1,3483,3483,-0.538869,0.567305
rc_a33_point_primary_hn1,1,3484,3484,-0.541939,0.467602
rc_a33_point_primary_hn1,1,3485,3485,-0.490031,0.379997
rc_a33_point_primary_hn1,1,3486,3486,-0.64856,0.446781
rc_a33_point_primary_hn1,1,3487,3487,-0.773859,0.423662
rc_a33_point_primary_hn1,1,3488,3488,-0.337874,0.728564
rc_a33_point_primary_hn1,1,3489,3489,-0.683633,0.971733
rc_a33_point_primary_hn1,1,3490,3490,-0.850656,0.680268
rc_a33_point_primary_hn1,1,3491,3491,-0.783901,0.57833
rc_a33_point_primary_hn1,1,3492,3492,-0.791171,0.621472
rc_a33_point_primary_hn1,1,3493,3493,-0.841819,0.593949
rc_a33_point_primary_hn1,1,3494,3494,-0.838232,0.644791
rc_a33_point_primary_hn1,1,3495,3495,-0.840154,0.596516
rc_a33_point_primary_hn1,1,3496,3496,-0.798816,0.574047
rc_a33_point_primary_hn1,1,3497,3497,-0.696887,0.617096
rc_a33_point_primary_hn1,1,3498,3498,-0.702863,0.424543
rc_a33_point_primary_hn1,1,3499,3499,-0.612142,0.29554
rc_a33_point_primary_hn1,1,3500,3500,-0.807275,0.4545
rc_a33_point_primary_hn1,1,3501,3501,-0.911151,0.401505
rc_a33_point_primary_hn1,1,3502,3502,-0.697697,0.275909
rc_a33_point_primary_hn1,1,3503,3503,-0.859625,0.392937
rc_a33_point_primary_hn1,1,3504,3504,-0.916,0.312808
rc_a33_point_primary_hn1,1,3505,3505,-0.933321,0.297469
rc_a33_point_primary_hn1,1,3506,3506,-0.970132,0.540702
rc_a33_point_primary_hn1,1,3507,3507,-1.03397,0.509743
rc_a33_point_primary_hn1,1,3508,3508,-1.1348,0.599908
rc_a33_point_primary_hn1,1,3509,3509,-0.952501,0.515331
rc_a33_point_primary_hn1,1,3510,3510,-0.95563,0.525113
rc_a33_point_primary_hn1,1,3511,3511,-1.09302,0.625937
rc_a33_point_primary_hn1,1,3512,3512,-0.811458,0.708048
rc_a33_point_primary_hn1,1,3513,3513,0.106606,0.883322
rc_a33_point_primary_hn1,1,3514,3514,0.0997856,0.971418
rc_a33_point_primary_hn1,1,3515,3515,-0.0852629,1.14592
rc_a33_point_primary_hn1,1,3516,3516,-1.37784,0.718335
rc_a33_point_primary_hn1,1,3517,3517,-0.753535,0.449576
rc_a33_point_primary_hn1,1,3518,3518,-0.740864,0.345357
rc_a33_point_primary_hn1,1,3519,3519,-0.979154,0.468281
rc_a33_point_primary_hn1,1,3520,3520,-0.884307,0.608791
rc_a33_point_primary_hn1,1,3521,3521,-0.463644,0.376632
rc_a33_point_primary_hn1,1,3522,3522,-0.961239,0.90635
rc_a33_point_primary_hn1,1,3523,3523,-1.10117,0.745935
rc_a33_point_primary_hn1,1,3524,3524,-0.496474,0.483188
rc_a33_point_primary_hn1,1,3525,3525,-0.796961,0.749759
rc_a33_point_primary_hn1,1,3526,3526,-0.581644,0.381904
rc_a33_point_primary_hn1,1,3527,3527,-0.515877,0.396447
rc_a33_point_primary_hn1,1,3528,3528,-0.780537,0.375079
rc_a33_point_primary_hn1,1,3529,3529,-0.734746,0.548729
rc_a33_point_primary_hn1,1,3530,3530,-0.757826,0.348544
rc_a33_point_primary_hn1,1,3531,3531,-0.672,0.469686
rc_a33_point_primary_hn1,1,3532,3532,-0.659335,0.468166
rc_a33_point_primary_hn1,1,3533,3533,-0.648595,0.459113
rc_a33_point_primary_hn1,1,3534,3534,-0.874822,0.529488
rc_a33_point_primary_hn1,1,3535,3535,-0.626414,0.447524
rc_a33_point_primary_hn1,1,3536,3536,-0.761841,0.432611
rc_a33_point_primary_hn1,1,3537,3537,-0.781912,0.278382
rc_a33_point_primary_hn1,1,3538,3538,-0.672578,0.373466
rc_a33_point_primary_hn1,1,3539,3539,-0.627254,0.467262
rc_a33_point_primary_hn1,1,3540,3540,-0.719522,0.521045
rc_a33_point_primary_hn1,1,3541,3541,-0.587124,0.547976
rc_a33_point_primary_hn1,1,3542,3542,-0.718825,0.530123
rc_a33_point_primary_hn1,1,3543,3543,-0.599992,0.606573
rc_a33_point_primary_hn1,1,3544,3544,-0.724525,0.636603
rc_a33_point_primary_hn1,1,3545,3545,-0.726446,0.579788
rc_a33_point_primary_hn1,1,3546,3546,-0.92283,0.396339
rc_a33_point_primary_hn1,1,3547,3547,-0.707235,0.345421
rc_a33_point_primary_hn1,1,3548,3548,-0.455235,0.496455
rc_a33_point_primary_hn1,1,3549,3549,-0.363326,0.607661
rc_a33_point_primary_hn1,1,3550,3550,-0.324283,0.529359
rc_a33_point_primary_hn1,1,3551,3551,-0.346913,0.651811
rc_a33_point_primary_hn1,1,3552,3552,-0.495249,0.440594
rc_a33_point_primary_hn1,1,3553,3553,-0.381853,0.485344
rc_a33_point_primary_hn1,1,3554,3554,-0.378949,0.480897
rc_a33_point_primary_hn1,1,3555,3555,-0.613078,0.512719
rc_a33_point_primary_hn1,1,3556,3556,0.270848,1.22645
rc_a33_point_primary_hn1,1,3557,3557,0.354565,1.14371
rc_a33_point_primary_hn1,1,3558,3558,-0.166927,0.731336
rc_a33_point_primary_hn1,1,3559,3559,-0.0894492,0.903503
rc_a33_point_primary_hn1,1,3560,3560,-0.0265203,0.894706
rc_a33_point_primary_hn1,1,3561,3561,-0.957924,0.462942
rc_a33_point_primary_hn1,1,3562,3562,-0.819235,0.606829
rc_a33_point_primary_hn1,1,3563,3563,-0.815036,0.596589
rc_a33_point_primary_hn1,1,3564,3564,-0.922104,0.69357
rc_a33_point_primary_hn1,1,3565,3565,-0.811614,0.562859
rc_a33_point_primary_hn1,1,3566,3566,-0.579103,0.300499
rc_a33_point_primary_hn1,1,3567,3567,-0.747937,0.396655
rc_a33_point_primary_hn1,1,3568,3568,-0.853267,0.481069
rc_a33_point_primary_hn1,1,3569,3569,-0.768482,0.497761
rc_a33_point_primary_hn1,1,3570,3570,-0.175095,0.991281
rc_a33_point_primary_hn1,1,3571,3571,-0.184487,0.928956
rc_a33_point_primary_hn1,1,3572,3572,-0.121089,1.03841
rc_a33_point_primary_hn1,1,3573,3573,-0.0698884,0.952567
rc_a33_point_primary_hn1,1,3574,3574,0.0294956,1.04799
rc_a33_point_primary_hn1,1,3575,3575,-0.55154,0.859961
rc_a33_point_primary_hn1,1,3576,3576,-0.607434,0.540761
rc_a33_point_primary_hn1,1,3577,3577,-0.547468,0.298089
rc_a33_point_primary_hn1,1,3578,3578,-0.761373,0.584495
rc_a33_point_primary_hn1,1,3579,3579,-0.819719,0.334996
rc_a33_point_primary_hn1,1,3580,3580,-0.882256,0.438578
rc_a33_point_primary_hn1,1,3581,3581,-0.739406,0.442556
rc_a33_point_primary_hn1,1,3582,3582,-0.952977,0.453534
rc_a33_point_primary_hn1,1,3583,3583,-0.831527,0.399742
rc_a33_point_primary_hn1,1,3584,3584,-0.880692,0.716253
rc_a33_point_primary_hn1,1,3585,3585,-1.00733,1.14198
rc_a33_point_primary_hn1,1,3586,3586,-0.897842,0.685095
rc_a33_point_primary_hn1,1,3587,3587,-0.882212,0.599357
rc_a33_point_primary_hn1,1,3588,3588,-0.946226,0.871033
rc_a33_point_primary_hn1,1,3589,3589,-0.863449,0.700277
rc_a33_point_primary_hn1,1,3590,3590,-0.490631,0.992779
rc_a33_point_primary_hn1,1,3591,3591,-0.465709,0.899951
rc_a33_point_primary_hn1,1,3592,3592,-0.851465,0.617876
rc_a33_point_primary_hn1,1,3593,3593,-0.844709,0.739974
rc_a33_point_primary_hn1,1,3594,3594,-0.947062,0.644342
rc_a33_point_primary_hn1,1,3595,3595,-1.02941,0.394176
rc_a33_point_primary_hn1,1,3596,3596,-0.93816,0.524055
rc_a33_point_primary_hn1,1,3597,3597,-0.893859,0.412377
rc_a33_point_primary_hn1,1,3598,3598,-1.12846,0.594846
rc_a33_point_primary_hn1,1,3599,3599,-0.963573,0.291461
rc_a33_point_primary_hn1,1,3600,3600,-0.871751,0.956733
rc_a33_point_primary_hn1,1,3601,3601,-0.91129,1.27494
rc_a33_point_primary_hn1,1,3602,3602,-0.999886,1.25495
rc_a33_point_primary_hn1,1,3603,3603,-1.06379,0.778333
rc_a33_point_primary_hn1,1,3604,3604,-1.23983,0.727876
rc_a33_point_primary_hn1,1,3605,3605,-0.913046,0.406988
rc_a33_point_primary_hn1,1,3606,3606,-0.653698,0.642616
rc_a33_point_primary_hn1,1,3607,3607,-0.734606,0.540953
rc_a33_point_primary_hn1,1,3608,3608,-0.538523,0.811192
rc_a33_point_primary_hn1,1,3609,3609,-0.439016,0.818045
rc_a33_point_primary_hn1,1,3610,3610,-0.84649,0.758911
rc_a33_point_primary_hn1,1,3611,3611,-0.897337,0.667126
rc_a33_point_primary_hn1,1,3612,3612,-0.657054,0.351826
rc_a33_point_primary_hn1,1,3613,3613,-0.448011,0.589042
rc_a33_point_primary_hn1,1,3614,3614,-0.50776,0.580879
rc_a33_point_primary_hn1,1,3615,3615,-0.638285,0.528842
rc_a33_point_primary_hn1,1,3616,3616,-0.482266,0.616382
rc_a33_point_primary_hn1,1,3617,3617,-0.546852,0.320523
rc_a33_point_primary_hn1,1,3618,3618,-0.644488,0.71161
rc_a33_point_primary_hn1,1,3619,3619,-0.753679,0.414975
rc_a33_point_primary_hn1,1,3620,3620,-0.75872,0.685004
rc_a33_point_primary_hn1,1,3621,3621,-0.68898,0.437116
rc_a33_point_primary_hn1,1,3622,3622,-0.665102,0.466897
rc_a33_point_primary_hn1,1,3623,3623,-0.850853,0.48412
rc_a33_point_primary_hn1,1,3624,3624,-0.26263,0.679738
rc_a33_point_primary_hn1,1,3625,3625,-0.694842,0.769681
rc_a33_point_primary_hn1,1,3626,3626,-0.397212,0.717331
rc_a33_point_primary_hn1,1,3627,3627,-0.471406,0.713415
rc_a33_point_primary_hn1,1,3628,3628,-0.307764,0.615347
rc_a33_point_primary_hn1,1,3629,3629,-0.584561,0.661148
rc_a33_point_primary_hn1,1,3630,3630,-0.820622,0.450191
rc_a33_point_primary_hn1,1,3631,3631,-0.643147,0.301726
rc_a33_point_primary_hn1,1,3632,3632,-0.877687,0.56945
rc_a33_point_primary_hn1,1,3633,3633,-0.844373,0.32232
rc_a33_point_primary_hn1,1,3634,3634,-0.863673,0.395853
rc_a33_point_primary_hn1,1,3635,3635,-0.986723,0.371638
rc_a33_point_primary_hn1,1,3636,3636,-1.03275,0.615087
rc_a33_point_primary_hn1,1,3637,3637,-0.849703,0.678675
rc_a33_point_primary_hn1,1,3638,3638,-0.716245,0.701727
rc_a33_point_primary_hn1,1,3639,3639,-0.856588,0.891518
rc_a33_point_primary_hn1,1,3640,3640,-0.901929,0.732248
rc_a33_point_primary_hn1,1,3641,3641,-1.00445,0.822982
rc_a33_point_primary_hn1,1,3642,3642,-1.12829,0.453891
rc_a33_point_primary_hn1,1,3643,3643,-0.74104,0.425723
rc_a33_point_primary_hn1,1,3644,3644,-0.838876,0.510596
rc_a33_point_primary_hn1,1,3645,3645,-0.828918,0.415016
rc_a33_point_primary_hn1,1,3646,3646,-0.896558,0.513918
rc_a33_point_primary_hn1,1,3647,3647,-0.820596,0.411751
rc_a33_point_primary_hn1,1,3648,3648,-1.13232,0.664483
rc_a33_point_primary_hn1,1,3649,3649,-1.28209,0.704004
rc_a33_point_primary_hn1,1,3650,3650,-0.992104,0.473044
rc_a33_point_primary_hn1,1,3651,3651,-0.767775,0.441245
rc_a33_point_primary_hn1,1,3652,3652,-0.610191,0.411346
rc_a33_point_primary_hn1,1,3653,3653,-0.667513,0.711331
rc_a33_point_primary_hn1,1,3654,3654,-0.652916,0.410832
rc_a33_point_primary_hn1,1,3655,3655,-0.474794,0.770837
rc_a33_point_primary_hn1,1,3656,3656,-0.461089,0.760359
rc_a33_point_primary_hn1,1,3657,3657,-0.66117,0.404839
rc_a33_point_primary_hn1,1,3658,3658,-0.311629,0.663724
rc_a33_point_primary_hn1,1,3659,3659,-0.440567,0.663262
rc_a33_point_primary_hn1,1,3660,3660,-0.459394,0.621234
rc_a33_point_primary_hn1,1,3661,3661,-0.728632,0.527303
rc_a33_point_primary_hn1,1,3662,3662,-0.474078,0.396698
rc_a33_point_primary_hn1,1,3663,3663,-0.330627,0.523489
rc_a33_point_primary_hn1,1,3664,3664,-1.00745,0.707196
rc_a33_point_primary_hn1,1,3665,3665,-0.815626,0.432229
rc_a33_point_primary_hn1,1,3666,3666,-0.892912,0.482266
rc_a33_point_primary_hn1,1,3667,3667,-0.744952,0.632931
rc_a33_point_primary_hn1,1,3668,3668,-0.963239,0.827213
rc_a33_point_primary_hn1,1,3669,3669,-0.914817,0.776383
rc_a33_point_primary_hn1,1,3670,3670,-0.749176,0.641868
rc_a33_point_primary_hn1,1,3671,3671,-0.787518,0.74862
rc_a33_point_primary_hn1,1,3672,3672,-0.576228,0.611074
rc_a33_point_primary_hn1,1,3673,3673,-1.80503,0.739699
rc_a33_point_primary_hn1,1,3674,3674,-1.79369,0.875172
rc_a33_point_primary_hn1,1,3675,3675,-0.959824,0.471121
rc_a33_point_primary_hn1,1,3676,3676,-0.926277,0.401973
rc_a33_point_primary_hn1,1,3677,3677,-0.865877,0.35878
rc_a33_point_primary_hn1,1,3678,3678,-0.767754,0.458545
rc_a33_point_primary_hn1,1,3679,3679,-0.73906,0.549713
rc_a33_point_primary_hn1,1,3680,3680,-0.976717,0.550994
rc_a33_point_primary_hn1,1,3681,3681,-0.767538,0.43101
rc_a33_point_primary_hn1,1,3682,3682,-1.1891,0.511883
rc_a33_point_primary_hn1,1,3683,3683,-1.01412,0.550726
rc_a33_point_primary_hn1,1,3684,3684,-1.07813,0.566508
rc_a33_point_primary_hn1,1,3685,3685,-1.14596,0.594948
rc_a33_point_primary_hn1,1,3686,3686,-1.01543,0.523465
rc_a33_point_primary_hn1,1,3687,3687,-0.931847,0.455888
rc_a33_point_primary_hn1,1,3688,3688,-0.939027,0.473686
rc_a33_point_primary_hn1,1,3689,3689,-1.04912,0.537604
rc_a33_point_primary_hn1,1,3690,3690,-1.16822,0.75813
rc_a33_point_primary_hn1,1,3691,3691,-1.03945,0.591721
rc_a33_point_primary_hn1,1,3692,3692,-1.35957,0.835034
rc_a33_point_primary_hn1,1,3693,3693,-0.91612,0.383735
rc_a33_point_primary_hn1,1,3694,3694,-0.828968,0.26629
rc_a33_point_primary_hn1,1,3695,3695,-0.868673,0.364237
rc_a33_point_primary_hn1,1,3696,3696,-0.823257,0.290955
rc_a33_point_primary_hn1,1,3697,3697,-0.941342,0.280162
rc_a33_point_primary_hn1,1,3698,3698,-0.891643,0.262286
rc_a33_point_primary_hn1,1,3699,3699,-0.769528,0.231357
rc_a33_point_primary_hn1,1,3700,3700,-0.961532,0.476605
rc_a33_point_primary_hn1,1,3701,3701,-0.948717,0.603392
rc_a33_point_primary_hn1,1,3702,3702,-0.829048,0.43625
rc_a33_point_primary_hn1,1,3703,3703,-1.35585,0.667177
rc_a33_point_primary_hn1,1,3704,3704,-1.28264,0.619936
rc_a33_point_primary_hn1,1,3705,3705,-1.0669,0.490635
rc_a33_point_primary_hn1,1,3706,3706,-0.745897,0.565371
rc_a33_point_primary_hn1,1,3707,3707,-0.863604,0.554411
rc_a33_point_primary_hn1,1,3708,3708,-0.95619,0.424743
rc_a33_point_primary_hn1,1,3709,3709,-0.78359,0.368139
rc_a33_point_primary_hn1,1,3710,3710,-0.718755,0.377382
rc_a33_point_primary_hn1,1,3711,3711,-0.777394,0.31805
rc_a33_point_primary_hn1,1,3712,3712,-0.907536,0.444507
rc_a33_point_primary_hn1,1,3713,3713,-0.82763,0.467
rc_a33_point_primary_hn1,1,3714,3714,-0.586268,0.679188
rc_a33_point_primary_hn1,1,3715,3715,-0.84807,0.545246
rc_a33_point_primary_hn1,1,3716,3716,-0.666818,0.471833
rc_a33_point_primary_hn1,1,3717,3717,-0.74659,0.570669
rc_a33_point_primary_hn1,1,3718,3718,-0.842728,0.565095
rc_a33_point_primary_hn1,1,3719,3719,-0.837117,0.46564
rc_a33_point_primary_hn1,1,3720,3720,-0.797274,0.519922
rc_a33_point_primary_hn1,1,3721,3721,-0.800998,0.52708
rc_a33_point_primary_hn1,1,3722,3722,-0.554279,0.487726
rc_a33_point_primary_hn1,1,3723,3723,-0.512937,0.527575
rc_a33_point_primary_hn1,1,3724,3724,-0.512434,0.556258
rc_a33_point_primary_hn1,1,3725,3725,-0.568381,0.376033
rc_a33_point_primary_hn1,1,3726,3726,0.0236375,0.714347
rc_a33_point_primary_hn1,1,3727,3727,-0.0206715,0.785921
rc_a33_point_primary_hn1,1,3728,3728,-0.0113164,0.579806
rc_a33_point_primary_hn1,1,3729,3729,-0.0762622,0.547289
rc_a33_point_primary_hn1,1,3730,3730,-0.256515,0.450581
rc_a33_point_primary_hn1,1,3731,3731,-0.12353,0.460137
rc_a33_point_primary_hn1,1,3732,3732,-0.448551,0.580769
rc_a33_point_primary_hn1,1,3733,3733,-0.46123,0.423966
rc_a33_point_primary_hn1,1,3734,3734,-0.552369,0.43399
rc_a33_point_primary_hn1,1,3735,3735,-0.319934,0.593824
rc_a33_point_primary_hn1,1,3736,3736,-0.641824,0.452232
rc_a33_point_primary_hn1,1,3737,3737,-0.570613,0.464488
rc_a33_point_primary_hn1,1,3738,3738,-0.681934,0.57277
rc_a33_point_primary_hn1,1,3739,3739,-0.680335,0.622254
rc_a33_point_primary_hn1,1,3740,3740,-0.873759,0.933291
rc_a33_point_primary_hn1,1,3741,3741,-0.705468,0.758117
rc_a33_point_primary_hn1,1,3742,3742,-0.812592,0.577588
rc_a33_point_primary_hn1,1,3743,3743,-0.703078,0.494611
rc_a33_point_primary_hn1,1,3744,3744,-0.626029,0.406108
rc_a33_point_primary_hn1,1,3745,3745,-0.575067,0.526078
rc_a33_point_primary_hn1,1,3746,3746,-0.667986,0.711337
rc_a33_point_primary_hn1,1,3747,3747,-0.690946,0.60831
rc_a33_point_primary_hn1,1,3748,3748,-0.611914,0.513602
rc_a33_point_primary_hn1,1,3749,3749,-0.607191,0.417688
rc_a33_point_primary_hn1,1,3750,3750,-0.658148,0.410197
rc_a33_point_primary_hn1,1,3751,3751,-0.332975,0.474335
rc_a33_point_primary_hn1,1,3752,3752,-0.766372,0.242229
rc_a33_point_primary_hn1,1,3753,3753,-0.706252,0.245782
rc_a33_point_primary_hn1,1,3754,3754,-0.816972,0.524608
rc_a33_point_primary_hn1,1,3755,3755,-0.906225,0.42489
rc_a33_point_primary_hn1,1,3756,3756,-0.661337,0.452609
rc_a33_point_primary_hn1,1,3757,3757,-0.581204,0.358571
rc_a33_point_primary_hn1,1,3758,3758,-0.833977,0.449302
rc_a33_point_primary_hn1,1,3759,3759,-0.855507,0.61077
rc_a33_point_primary_hn1,1,3760,3760,-0.763273,0.55766
rc_a33_point_primary_hn1,1,3761,3761,-0.885035,0.638013
rc_a33_point_primary_hn1,1,3762,3762,-0.751817,0.558846
rc_a33_point_primary_hn1,1,3763,3763,-0.691466,0.636621
rc_a33_point_primary_hn1,1,3764,3764,-0.52166,0.638646
rc_a33_point_primary_hn1,1,3765,3765,-0.775888,0.927833
rc_a33_point_primary_hn1,1,3766,3766,-0.88883,1.2453
rc_a33_point_primary_hn1,1,3767,3767,-0.73305,1.10082
rc_a33_point_primary_hn1,1,3768,3768,-0.576508,1.0217
rc_a33_point_primary_hn1,1,3769,3769,-0.568756,0.64984
rc_a33_point_primary_hn1,1,3770,3770,-0.503306,0.744976
rc_a33_point_primary_hn1,1,3771,3771,-0.280587,0.975887
rc_a33_point_primary_hn1,1,3772,3772,-0.261589,0.55952
rc_a33_point_primary_hn1,1,3773,3773,-0.224721,0.523182
rc_a33_point_primary_hn1,1,3774,3774,-0.253197,0.621456
rc_a33_point_primary_hn1,1,3775,3775,-0.177963,0.484746
rc_a33_point_primary_hn1,1,3776,3776,-1.15357,0.510302
rc_a33_point_primary_hn1,1,3777,3777,-0.888394,0.350972
rc_a33_point_primary_hn1,1,3778,3778,-0.965788,0.388216
rc_a33_point_primary_hn1,1,3779,3779,-0.893197,0.546905
rc_a33_point_primary_hn1,1,3780,3780,-0.703891,0.389413
rc_a33_point_primary_hn1,1,3781,3781,-0.935688,0.360247
rc_a33_point_primary_hn1,1,3782,3782,-0.866903,0.528499
rc_a33_point_primary_hn1,1,3783,3783,-0.59542,0.501051
rc_a33_point_primary_hn1,1,3784,3784,-0.530274,0.489155
rc_a33_point_primary_hn1,1,3785,3785,-0.648189,0.485947
rc_a33_point_primary_hn1,1,3786,3786,-0.683832,0.362345
rc_a33_point_primary_hn1,1,3787,3787,-0.735312,0.66703
rc_a33_point_primary_hn1,1,3788,3788,-1.07579,0.859794
rc_a33_point_primary_hn1,1,3789,3789,-0.309709,0.659177
rc_a33_point_primary_hn1,1,3790,3790,-0.0854226,0.647696
rc_a33_point_primary_hn1,1,3791,3791,-0.790655,0.41024
rc_a33_point_primary_hn1,1,3792,3792,-0.675424,0.581555
rc_a33_point_primary_hn1,1,3793,3793,-0.56733,0.60397
rc_a33_point_primary_hn1,1,3794,3794,-0.636671,0.605805
rc_a33_point_primary_hn1,1,3795,3795,-0.510151,0.612845
rc_a33_point_primary_hn1,1,3796,3796,-0.44097,0.607839
rc_a33_point_primary_hn1,1,3797,3797,-0.762486,0.51215
rc_a33_point_primary_hn1,1,3798,3798,-0.555743,0.445933
rc_a33_point_primary_hn1,1,3799,3799,-0.617428,0.589676
rc_a33_point_primary_hn1,1,3800,3800,-0.400344,0.662627
rc_a33_point_primary_hn1,1,3801,3801,-0.575839,0.531601
rc_a33_point_primary_hn1,1,3802,3802,-0.504713,0.415877
rc_a33_point_primary_hn1,1,3803,3803,-0.676798,0.39538
rc_a33_point_primary_hn1,1,3804,3804,-0.663223,0.388928
rc_a33_point_primary_hn1,1,3805,3805,-0.250159,0.433164
rc_a33_point_primary_hn1,1,3806,3806,-1.42067,0.626855
rc_a33_point_primary_hn1,1,3807,3807,-1.67252,0.787697
rc_a33_point_primary_hn1,1,3808,3808,-2.01828,0.922893
rc_a33_point_primary_hn1,1,3809,3809,-1.0514,0.648045
rc_a33_point_primary_hn1,1,3810,3810,-0.957025,0.505871
rc_a33_point_primary_hn1,1,3811,3811,-0.968146,0.537854
rc_a33_point_primary_hn1,1,3812,3812,-1.01665,0.582702
rc_a33_point_primary_hn1,1,3813,3813,-0.990565,0.634623
rc_a33_point_primary_hn1,1,3814,3814,-0.464958,0.836058
rc_a33_point_primary_hn1,1,3815,3815,-0.540586,0.912985
rc_a33_point_primary_hn1,1,3816,3816,-0.675979,0.658825
rc_a33_point_primary_hn1,1,3817,3817,-0.64336,0.59868
rc_a33_point_primary_hn1,1,3818,3818,-0.77987,0.259884
rc_a33_point_primary_hn1,1,3819,3819,-0.615997,0.320597
rc_a33_point_primary_hn1,1,3820,3820,-0.738489,0.2582
rc_a33_point_primary_hn1,1,3821,3821,-0.705834,0.425282
rc_a33_point_primary_hn1,1,3822,3822,-0.993053,0.362057
rc_a33_point_primary_hn1,1,3823,3823,-1.0557,0.594442
rc_a33_point_primary_hn1,1,3824,3824,-1.07882,0.74191
rc_a33_point_primary_hn1,1,3825,3825,-1.02405,0.712925
rc_a33_point_primary_hn1,1,3826,3826,-0.875203,0.568938
rc_a33_point_primary_hn1,1,3827,3827,-1.01582,0.456413
rc_a33_point_primary_hn1,1,3828,3828,-0.710409,0.460571
rc_a33_point_primary_hn1,1,3829,3829,-0.755027,0.527972
rc_a33_point_primary_hn1,1,3830,3830,-0.883046,0.540125
rc_a33_point_primary_hn1,1,3831,3831,-0.730024,0.413923
rc_a33_point_primary_hn1,1,3832,3832,-0.760834,0.375851
rc_a33_point_primary_hn1,1,3833,3833,-0.821446,0.513348
rc_a33_point_primary_hn1,1,3834,3834,-0.695929,0.575895
rc_a33_point_primary_hn1,1,3835,3835,-0.838607,0.665344
rc_a33_point_primary_hn1,1,3836,3836,-0.804905,0.690399
rc_a33_point_primary_hn1,1,3837,3837,-0.7397,0.866494
rc_a33_point_primary_hn1,1,3838,3838,-0.719633,0.769794
rc_a33_point_primary_hn1,1,3839,3839,-1.00782,0.730934
rc_a33_point_primary_hn1,1,3840,3840,-0.677992,0.523062
rc_a33_point_primary_hn1,1,3841,3841,-1.02756,0.451614
rc_a33_point_primary_hn1,1,3842,3842,-0.676831,0.805286
rc_a33_point_primary_hn1,1,3843,3843,-0.679398,0.465744
rc_a33_point_primary_hn1,1,3844,3844,-0.741817,0.430021
rc_a33_point_primary_hn1,1,3845,3845,-0.822114,0.416215
rc_a33_point_primary_hn1,1,3846,3846,-0.941952,0.891158
rc_a33_point_primary_hn1,1,3847,3847,-0.950839,1.06436
rc_a33_point_primary_hn1,1,3848,3848,-0.678997,0.783511
rc_a33_point_primary_hn1,1,3849,3849,-0.982694,0.899725
rc_a33_point_primary_hn1,1,3850,3850,-1.3644,0.928205
rc_a33_point_primary_hn1,1,3851,3851,-1.38074,0.849935
rc_a33_point_primary_hn1,1,3852,3852,-1.29658,0.876511
rc_a33_point_primary_hn1,1,3853,3853,-1.1476,0.431369
rc_a33_point_primary_hn1,1,3854,3854,-1.08898,0.498316
rc_a33_point_primary_hn1,1,3855,3855,-0.80916,0.92931
rc_a33_point_primary_hn1,1,3856,3856,-0.736374,1.02922
rc_a33_point_primary_hn1,1,3857,3857,-0.477302,0.400481
rc_a33_point_primary_hn1,1,3858,3858,-0.487169,0.488376
rc_a33_point_primary_hn1,1,3859,3859,-0.237641,0.585559
rc_a33_point_primary_hn1,1,3860,3860,-0.493714,0.512621
rc_a33_point_primary_hn1,1,3861,3861,-0.591657,0.541725
rc_a33_point_primary_hn1,1,3862,3862,-0.590602,0.709746
rc_a33_point_primary_hn1,1,3863,3863,-0.632963,0.899046
rc_a33_point_primary_hn1,1,3864,3864,-0.526254,1.00429
rc_a33_point_primary_hn1,1,3865,3865,-0.556713,1.06383
rc_a33_point_primary_hn1,1,3866,3866,-0.860034,1.43799
rc_a33_point_primary_hn1,1,3867,3867,-0.596637,1.14404
rc_a33_point_primary_hn1,1,3868,3868,-0.571432,1.08471
rc_a33_point_primary_hn1,1,3869,3869,-0.948775,0.538948
rc_a33_point_primary_hn1,1,3870,3870,-0.883007,0.500737
rc_a33_point_primary_hn1,1,3871,3871,-0.923139,0.437336
rc_a33_point_primary_hn1,1,3872,3872,-0.759341,0.407564
rc_a33_point_primary_hn1,1,3873,3873,-0.937388,0.326288
rc_a33_point_primary_hn1,1,3874,3874,-0.905147,0.27422
rc_a33_point_primary_hn1,1,3875,3875,-1.24063,0.45678
rc_a33_point_primary_hn1,1,3876,3876,-0.706917,0.525181
rc_a33_point_primary_hn1,1,3877,3877,-0.792504,0.506098
rc_a33_point_primary_hn1,1,3878,3878,-0.919153,0.492848
rc_a33_point_primary_hn1,1,3879,3879,-0.756352,0.472029
rc_a33_point_primary_hn1,1,3880,3880,-0.837594,0.570721
rc_a33_point_primary_hn1,1,3881,3881,-0.764117,0.527441
rc_a33_point_primary_hn1,1,3882,3882,-0.719853,0.468602
rc_a33_point_primary_hn1,1,3883,3883,-0.77914,0.778108
rc_a33_point_primary_hn1,1,3884,3884,-0.73665,0.756579
rc_a33_point_primary_hn1,1,3885,3885,-1.07528,0.493873
rc_a33_point_primary_hn1,1,3886,3886,-1.03279,0.338049
rc_a33_point_primary_hn1,1,3887,3887,-0.891028,0.26598
rc_a33_point_primary_hn1,1,3888,3888,-1.06601,0.376602
rc_a33_point_primary_hn1,1,3889,3889,-1.0843,0.44754
rc_a33_point_primary_hn1,1,3890,3890,-1.24614,0.57789
rc_a33_point_primary_hn1,1,3891,3891,-1.03416,0.39376
rc_a33_point_primary_hn1,1,3892,3892,-1.24993,0.714001
rc_a33_point_primary_hn1,1,3893,3893,-0.742621,0.525952
rc_a33_point_primary_hn1,1,3894,3894,-0.486943,0.713806
rc_a33_point_primary_hn1,1,3895,3895,-0.662372,0.431942
rc_a33_point_primary_hn1,1,3896,3896,-0.772318,0.437568
rc_a33_point_primary_hn1,1,3897,3897,-0.578327,0.47022
rc_a33_point_primary_hn1,1,3898,3898,-0.931301,0.854339
rc_a33_point_primary_hn1,1,3899,3899,-0.654891,0.578191
rc_a33_point_primary_hn1,1,3900,3900,-0.658057,0.517817
rc_a33_point_primary_hn1,1,3901,3901,-0.671954,0.673622
rc_a33_point_primary_hn1,1,3902,3902,-0.929573,1.46221
rc_a33_point_primary_hn1,1,3903,3903,-0.923386,0.896796
rc_a33_point_primary_hn1,1,3904,3904,-0.79569,0.754701
rc_a33_point_primary_hn1,1,3905,3905,-0.603899,0.437538
rc_a33_point_primary_hn1,1,3906,3906,-0.723316,0.460433
rc_a33_point_primary_hn1,1,3907,3907,-0.677273,0.477667
rc_a33_point_primary_hn1,1,3908,3908,-0.784391,0.351322
rc_a33_point_primary_hn1,1,3909,3909,-0.728943,0.514353
rc_a33_point_primary_hn1,1,3910,3910,-0.58474,0.709644
rc_a33_point_primary_hn1,1,3911,3911,-0.580604,0.691403
rc_a33_point_primary_hn1,1,3912,3912,-0.225957,1.14925
rc_a33_point_primary_hn1,1,3913,3913,-0.253827,0.994896
rc_a33_point_primary_hn1,1,3914,3914,-0.333332,0.857935
rc_a33_point_primary_hn1,1,3915,3915,-0.234689,0.939156
rc_a33_point_primary_hn1,1,3916,3916,-0.451145,0.919369
rc_a33_point_primary_hn1,1,3917,3917,-0.479989,0.720754
rc_a33_point_primary_hn1,1,3918,3918,-0.516387,0.786493
rc_a33_point_primary_hn1,1,3919,3919,-0.337066,0.822393
rc_a33_point_primary_hn1,1,3920,3920,-0.600816,0.944105
rc_a33_point_primary_hn1,1,3921,3921,-0.835321,1.23922
rc_a33_point_primary_hn1,1,3922,3922,-0.779989,1.43212
rc_a33_point_primary_hn1,1,3923,3923,-0.785001,1.24363
rc_a33_point_primary_hn1,1,3924,3924,-0.761131,1.27068
rc_a33_point_primary_hn1,1,3925,3925,-0.709003,1.58352
rc_a33_point_primary_hn1,1,3926,3926,-0.723095,1.52379
rc_a33_point_primary_hn1,1,3927,3927,-0.774114,1.69659
rc_a33_point_primary_hn1,1,3928,3928,-0.181662,1.17522
rc_a33_point_primary_hn1,1,3929,3929,-0.438899,0.586699
rc_a33_point_primary_hn1,1,3930,3930,-0.411145,0.781105
rc_a33_point_primary_hn1,1,3931,3931,-0.436357,0.777383
rc_a33_point_primary_hn1,1,3932,3932,-0.501474,0.920222
rc_a33_point_primary_hn1,1,3933,3933,-0.628032,0.615109
rc_a33_point_primary_hn1,1,3934,3934,-0.522958,0.49695
rc_a33_point_primary_hn1,1,3935,3935,-0.539551,0.828148
rc_a33_point_primary_hn1,1,3936,3936,-0.906423,0.385252
rc_a33_point_primary_hn1,1,3937,3937,-0.917972,0.542972
rc_a33_point_primary_hn1,1,3938,3938,-0.990706,0.455883
rc_a33_point_primary_hn1,1,3939,3939,-1.04973,0.69618
rc_a33_point_primary_hn1,1,3940,3940,-0.140004,0.748231
rc_a33_point_primary_hn1,1,3941,3941,-0.270386,0.626297
rc_a33_point_primary_hn1,1,3942,3942,-0.696075,0.653548
rc_a33_point_primary_hn1,1,3943,3943,-0.656539,0.693684
rc_a33_point_primary_hn1,1,3944,3944,-0.854036,0.759248
rc_a33_point_primary_hn1,1,3945,3945,-0.979626,0.783476
rc_a33_point_primary_hn1,1,3946,3946,-1.01385,0.826853
rc_a33_point_primary_hn1,1,3947,3947,-1.08458,0.912118
rc_a33_point_primary_hn1,1,3948,3948,-0.987185,0.829516
rc_a33_point_primary_hn1,1,3949,3949,-0.860878,0.742027
rc_a33_point_primary_hn1,1,3950,3950,-0.799395,0.52026
rc_a33_point_primary_hn1,1,3951,3951,-0.744831,0.532049
rc_a33_point_primary_hn1,1,3952,3952,-0.782984,0.498124
rc_a33_point_primary_hn1,1,3953,3953,-1.34144,0.568542
rc_a33_point_primary_hn1,1,3954,3954,-1.23637,0.712654
rc_a33_point_primary_hn1,1,3955,3955,-0.207646,0.567347
rc_a33_point_primary_hn1,1,3956,3956,-0.34565,0.565946
rc_a33_point_primary_hn1,1,3957,3957,-0.359639,0.792121
rc_a33_point_primary_hn1,1,3958,3958,-1.16759,0.323534
rc_a33_point_primary_hn1,1,3959,3959,-0.681577,0.403986
rc_a33_point_primary_hn1,1,3960,3960,-0.620433,0.24638
rc_a33_point_primary_hn1,1,3961,3961,-0.830045,0.487451
rc_a33_point_primary_hn1,1,3962,3962,-0.683773,0.358302
rc_a33_point_primary_hn1,1,3963,3963,-0.836541,0.343801
rc_a33_point_primary_hn1,1,3964,3964,-0.691776,0.363086
rc_a33_point_primary_hn1,1,3965,3965,-0.615635,0.331929
rc_a33_point_primary_hn1,1,3966,3966,-0.60911,0.417935
rc_a33_point_primary_hn1,1,3967,3967,-0.74154,0.434834
rc_a33_point_primary_hn1,1,3968,3968,-0.717871,0.445516
rc_a33_point_primary_hn1,1,3969,3969,-0.598867,0.534501
rc_a33_point_primary_hn1,1,3970,3970,-0.746001,0.388088
rc_a33_point_primary_hn1,1,3971,3971,-1.24485,0.837877
rc_a33_point_primary_hn1,1,3972,3972,-1.11674,0.529963
rc_a33_point_primary_hn1,1,3973,3973,-0.992591,0.671135
rc_a33_point_primary_hn1,1,3974,3974,-0.941175,0.578508
rc_a33_point_primary_hn1,1,3975,3975,-0.969453,0.621507
rc_a33_point_primary_hn1,1,3976,3976,-0.978688,0.62911
rc_a33_point_primary_hn1,1,3977,3977,-1.13282,0.633551
rc_a33_point_primary_hn1,1,3978,3978,-0.870801,0.844808
rc_a33_point_primary_hn1,1,3979,3979,-0.944403,0.827052
rc_a33_point_primary_hn1,1,3980,3980,-0.757803,0.714222
rc_a33_point_primary_hn1,1,3981,3981,-0.620393,0.436436
rc_a33_point_primary_hn1,1,3982,3982,-0.923871,0.543662
rc_a33_point_primary_hn1,1,3983,3983,-0.980523,0.446805
rc_a33_point_primary_hn1,1,3984,3984,-0.884613,0.460826
rc_a33_point_primary_hn1,1,3985,3985,-0.980083,0.50331
rc_a33_point_primary_hn1,1,3986,3986,-1.24408,0.585253
rc_a33_point_primary_hn1,1,3987,3987,-1.1255,0.561001
rc_a33_point_primary_hn1,1,3988,3988,-1.17578,0.508276
rc_a33_point_primary_hn1,1,3989,3989,-1.488,0.992296
rc_a33_point_primary_hn1,1,3990,3990,-1.03426,0.45022
rc_a33_point_primary_hn1,1,3991,3991,-0.9537,0.45165
rc_a33_point_primary_hn1,1,3992,3992,-1.06191,1.21797
rc_a33_point_primary_hn1,1,3993,3993,-1.22267,0.890648
rc_a33_point_primary_hn1,1,3994,3994,-1.18795,1.07498
rc_a33_point_primary_hn1,1,3995,3995,-1.53151,1.27997
rc_a33_point_primary_hn1,1,3996,3996,-1.78382,1.13041
rc_a33_point_primary_hn1,1,3997,3997,-1.79919,1.11185
rc_a33_point_primary_hn1,1,3998,3998,-1.64052,1.45435
rc_a33_point_primary_hn1,1,3999,3999,-1.67255,0.971335
rc_a33_point_primary_hn1,1,4000,4000,-0.449796,1.05672
rc_a33_point_primary_hn1,2,1,4001,-0.684325,0.463504
rc_a33_point_primary_hn1,2,2,4002,-0.960078,0.462181
rc_a33_point_primary_hn1,2,3,4003,-1.34213,0.454559
rc_a33_point_primary_hn1,2,4,4004,-1.19292,0.416065
rc_a33_point_primary_hn1,2,5,4005,-1.45386,0.677122
rc_a33_point_primary_hn1,2,6,4006,-0.91773,0.572934
rc_a33_point_primary_hn1,2,7,4007,-1.19779,0.629601
rc_a33_point_primary_hn1,2,8,4008,-1.15278,0.579122
rc_a33_point_primary_hn1,2,9,4009,-0.855733,0.900835
rc_a33_point_primary_hn1,2,10,4010,-0.86774,0.936926
rc_a33_point_primary_hn1,2,11,4011,-0.877999,0.306758
rc_a33_point_primary_hn1,2,12,4012,-1.03946,0.530205
rc_a33_point_primary_hn1,2,13,4013,-0.779743,0.584506
rc_a33_point_primary_hn1,2,14,4014,-0.59744,0.61216
rc_a33_point_primary_hn1,2,15,4015,-0.776406,0.505787
rc_a33_point_primary_hn1,2,16,4016,-0.837769,0.552976
rc_a33_point_primary_hn1,2,17,4017,-0.939779,0.881827
rc_a33_point_primary_hn1,2,18,4018,-0.85791,0.909479
rc_a33_point_primary_hn1,2,19,4019,-0.931943,0.70258
rc_a33_point_primary_hn1,2,20,4020,-0.955738,0.574985
rc_a33_point_primary_hn1,2,21,4021,-1.05785,0.66726
rc_a33_point_primary_hn1,2,22,4022,-0.739554,0.507526
rc_a33_point_primary_hn1,2,23,4023,-0.661508,0.569643
rc_a33_point_primary_hn1,2,24,4024,-0.892496,0.395704
rc_a33_point_primary_hn1,2,25,4025,-0.863842,0.456246
rc_a33_point_primary_hn1,2,26,4026,-0.612058,0.632561
rc_a33_point_primary_hn1,2,27,4027,-0.604453,0.843817
rc_a33_point_primary_hn1,2,28,4028,-0.770977,0.642057
rc_a33_point_primary_hn1,2,29,4029,-0.895323,0.38679
rc_a33_point_primary_hn1,2,30,4030,-0.549515,0.841679
rc_a33_point_primary_hn1,2,31,4031,-1.09978,0.585026
rc_a33_point_primary_hn1,2,32,4032,-1.08812,0.570025
rc_a33_point_primary_hn1,2,33,4033,-1.21554,0.554583
rc_a33_point_primary_hn1,2,34,4034,-1.18033,1.00028
rc_a33_point_primary_hn1,2,35,4035,-1.12103,0.978515
rc_a33_point_primary_hn1,2,36,4036,-1.14146,0.93301
rc_a33_point_primary_hn1,2,37,4037,-0.993912,0.510778
rc_a33_point_primary_hn1,2,38,4038,-0.999107,0.584951
rc_a33_point_primary_hn1,2,39,4039,-1.26451,0.56489
rc_a33_point_primary_hn1,2,40,4040,-1.20095,0.551441
rc_a33_point_primary_hn1,2,41,4041,-0.827449,0.467802
rc_a33_point_primary_hn1,2,42,4042,-0.703982,0.490308
rc_a33_point_primary_hn1,2,43,4043,-0.67235,0.314693
rc_a33_point_primary_hn1,2,44,4044,-0.840846,0.447099
rc_a33_point_primary_hn1,2,45,4045,-0.719927,0.291355
rc_a33_point_primary_hn1,2,46,4046,-0.847482,0.358517
rc_a33_point_primary_hn1,2,47,4047,-0.571336,0.630208
rc_a33_point_primary_hn1,2,48,4048,-0.996825,0.941338
rc_a33_point_primary_hn1,2,49,4049,-1.094,0.880831
rc_a33_point_primary_hn1,2,50,4050,-0.883656,0.589645
rc_a33_point_primary_hn1,2,51,4051,-1.17013,0.651551
rc_a33_point_primary_hn1,2,52,4052,-0.699411,0.995377
rc_a33_point_primary_hn1,2,53,4053,-0.604472,0.842492
rc_a33_point_primary_hn1,2,54,4054,-0.634796,0.815902
rc_a33_point_primary_hn1,2,55,4055,-0.464754,0.63959
rc_a33_point_primary_hn1,2,56,4056,-0.497407,0.563995
rc_a33_point_primary_hn1,2,57,4057,-0.738214,0.578596
rc_a33_point_primary_hn1,2,58,4058,-0.734363,0.52863
rc_a33_point_primary_hn1,2,59,4059,-0.569946,0.517554
rc_a33_point_primary_hn1,2,60,4060,-0.564541,0.665022
rc_a33_point_primary_hn1,2,61,4061,-0.840101,0.594158
rc_a33_point_primary_hn1,2,62,4062,-0.810427,0.519412
rc_a33_point_primary_hn1,2,63,4063,-0.48640099999999997,0.413723
rc_a33_point_primary_hn1,2,64,4064,-0.292005,0.41819
rc_a33_point_primary_hn1,2,65,4065,-0.0112194,0.974468
rc_a33_point_primary_hn1,2,66,4066,-0.093121399999999993,1.10294
rc_a33_point_primary_hn1,2,67,4067,-0.483415,1.46784
rc_a33_point_primary_hn1,2,68,4068,-0.402093,1.33009
rc_a33_point_primary_hn1,2,69,4069,-0.55354,1.85025
rc_a33_point_primary_hn1,2,70,4070,-0.529603,1.63663
rc_a33_point_primary_hn1,2,71,4071,-0.435703,0.959101
rc_a33_point_primary_hn1,2,72,4072,-0.258877,0.899177
rc_a33_point_primary_hn1,2,73,4073,-0.345129,0.533509
rc_a33_point_primary_hn1,2,74,4074,-1.54365,0.768074
rc_a33_point_primary_hn1,2,75,4075,-0.819873,1.08233
rc_a33_point_primary_hn1,2,76,4076,-0.886859,0.78599
rc_a33_point_primary_hn1,2,77,4077,-0.876347,0.503086
rc_a33_point_primary_hn1,2,78,4078,-0.349453,1.11002
rc_a33_point_primary_hn1,2,79,4079,-0.884126,0.586885
rc_a33_point_primary_hn1,2,80,4080,-0.795467,0.466701
rc_a33_point_primary_hn1,2,81,4081,-0.395787,0.589391
rc_a33_point_primary_hn1,2,82,4082,-0.422838,0.530182
rc_a33_point_primary_hn1,2,83,4083,-0.636241,0.93906
rc_a33_point_primary_hn1,2,84,4084,-0.459152,0.84657
rc_a33_point_primary_hn1,2,85,4085,-0.490618,0.796351
rc_a33_point_primary_hn1,2,86,4086,-0.623648,0.756303
rc_a33_point_primary_hn1,2,87,4087,-0.684921,0.466504
rc_a33_point_primary_hn1,2,88,4088,-0.694594,0.363059
rc_a33_point_primary_hn1,2,89,4089,-0.415141,0.448099
rc_a33_point_primary_hn1,2,90,4090,-0.662965,0.463624
rc_a33_point_primary_hn1,2,91,4091,-0.594272,0.463373
rc_a33_point_primary_hn1,2,92,4092,-0.516734,0.556221
rc_a33_point_primary_hn1,2,93,4093,-0.747906,0.575653
rc_a33_point_primary_hn1,2,94,4094,-0.739072,0.348987
rc_a33_point_primary_hn1,2,95,4095,-0.733209,0.362088
rc_a33_point_primary_hn1,2,96,4096,-0.77533,0.348906
rc_a33_point_primary_hn1,2,97,4097,-0.739535,0.443967
rc_a33_point_primary_hn1,2,98,4098,-0.841637,0.455333
rc_a33_point_primary_hn1,2,99,4099,-0.906489,0.488748
rc_a33_point_primary_hn1,2,100,4100,-0.925415,0.57533
rc_a33_point_primary_hn1,2,101,4101,-0.7445,0.300088
rc_a33_point_primary_hn1,2,102,4102,-0.568015,0.554724
rc_a33_point_primary_hn1,2,103,4103,-0.831929,0.443907
rc_a33_point_primary_hn1,2,104,4104,-0.792523,0.4291
rc_a33_point_primary_hn1,2,105,4105,-0.80677,0.478084
rc_a33_point_primary_hn1,2,106,4106,-0.723346,0.50672
rc_a33_point_primary_hn1,2,107,4107,-0.708019,0.373882
rc_a33_point_primary_hn1,2,108,4108,-0.487686,0.402708
rc_a33_point_primary_hn1,2,109,4109,-0.580395,0.481447
rc_a33_point_primary_hn1,2,110,4110,-0.498138,0.5015
rc_a33_point_primary_hn1,2,111,4111,-0.695496,0.46985
rc_a33_point_primary_hn1,2,112,4112,-0.450973,0.741271
rc_a33_point_primary_hn1,2,113,4113,-0.53262,0.508885
rc_a33_point_primary_hn1,2,114,4114,-0.388012,0.536941
rc_a33_point_primary_hn1,2,115,4115,-0.872482,0.415966
rc_a33_point_primary_hn1,2,116,4116,-0.890354,0.43449
rc_a33_point_primary_hn1,2,117,4117,-0.794804,0.488784
rc_a33_point_primary_hn1,2,118,4118,-0.788333,0.459998
rc_a33_point_primary_hn1,2,119,4119,-0.799995,0.588352
rc_a33_point_primary_hn1,2,120,4120,-0.895222,0.565797
rc_a33_point_primary_hn1,2,121,4121,-0.842623,0.953853
rc_a33_point_primary_hn1,2,122,4122,-0.90161500000000006,1.18483
rc_a33_point_primary_hn1,2,123,4123,-0.872914,0.996
rc_a33_point_primary_hn1,2,124,4124,-0.734542,1.01869
rc_a33_point_primary_hn1,2,125,4125,-0.564963,0.490251
rc_a33_point_primary_hn1,2,126,4126,-0.717842,0.523282
rc_a33_point_primary_hn1,2,127,4127,-0.605438,0.54709700000000006
rc_a33_point_primary_hn1,2,128,4128,-0.945643,0.485509
rc_a33_point_primary_hn1,2,129,4129,-1.09186,0.412671
rc_a33_point_primary_hn1,2,130,4130,-1.28545,0.759778
rc_a33_point_primary_hn1,2,131,4131,-0.990935,0.458316
rc_a33_point_primary_hn1,2,132,4132,-1.00396,0.512606
rc_a33_point_primary_hn1,2,133,4133,-0.648545,0.627147
rc_a33_point_primary_hn1,2,134,4134,-0.603291,0.552796
rc_a33_point_primary_hn1,2,135,4135,-0.722153,1.18447
rc_a33_point_primary_hn1,2,136,4136,-0.947649,0.748473
rc_a33_point_primary_hn1,2,137,4137,-0.871085,0.474408
rc_a33_point_primary_hn1,2,138,4138,-0.854386,0.727001
rc_a33_point_primary_hn1,2,139,4139,-1.02096,0.493567
rc_a33_point_primary_hn1,2,140,4140,-0.757815,1.0074
rc_a33_point_primary_hn1,2,141,4141,-0.40084,0.790406
rc_a33_point_primary_hn1,2,142,4142,-0.517738,0.744003
rc_a33_point_primary_hn1,2,143,4143,-0.708494,0.47088
rc_a33_point_primary_hn1,2,144,4144,-0.799524,0.457727
rc_a33_point_primary_hn1,2,145,4145,-0.794637,0.448455
rc_a33_point_primary_hn1,2,146,4146,-0.520254,0.589416
rc_a33_point_primary_hn1,2,147,4147,-0.425495,0.46919
rc_a33_point_primary_hn1,2,148,4148,-0.331677,0.66413
rc_a33_point_primary_hn1,2,149,4149,-0.54215,0.464528
rc_a33_point_primary_hn1,2,150,4150,-0.455825,0.540362
rc_a33_point_primary_hn1,2,151,4151,-0.503326,0.543964
rc_a33_point_primary_hn1,2,152,4152,-0.578819,0.561934
rc_a33_point_primary_hn1,2,153,4153,-0.658725,0.443345
rc_a33_point_primary_hn1,2,154,4154,-0.403646,0.612669
rc_a33_point_primary_hn1,2,155,4155,-0.969265,0.387877
rc_a33_point_primary_hn1,2,156,4156,-0.868036,0.953718
rc_a33_point_primary_hn1,2,157,4157,-0.484919,0.617008
rc_a33_point_primary_hn1,2,158,4158,-0.444063,0.680049
rc_a33_point_primary_hn1,2,159,4159,-0.953135,0.610921
rc_a33_point_primary_hn1,2,160,4160,-0.471566,0.578828
rc_a33_point_primary_hn1,2,161,4161,-0.495951,0.240857
rc_a33_point_primary_hn1,2,162,4162,-0.584825,0.342932
rc_a33_point_primary_hn1,2,163,4163,-0.39337,0.571307
rc_a33_point_primary_hn1,2,164,4164,-0.41548,0.384848
rc_a33_point_primary_hn1,2,165,4165,-0.517448,0.481173
rc_a33_point_primary_hn1,2,166,4166,-0.102134,0.706854
rc_a33_point_primary_hn1,2,167,4167,-0.223814,0.608117
rc_a33_point_primary_hn1,2,168,4168,-0.278907,0.648723
rc_a33_point_primary_hn1,2,169,4169,-0.345526,0.55
rc_a33_point_primary_hn1,2,170,4170,-0.566426,0.567664
rc_a33_point_primary_hn1,2,171,4171,-0.828599,0.62351
rc_a33_point_primary_hn1,2,172,4172,-1.06518,0.369486
rc_a33_point_primary_hn1,2,173,4173,-0.600632,0.578447
rc_a33_point_primary_hn1,2,174,4174,-0.640419,0.303752
rc_a33_point_primary_hn1,2,175,4175,-0.699341,0.483788
rc_a33_point_primary_hn1,2,176,4176,-0.712832,0.41474
rc_a33_point_primary_hn1,2,177,4177,-0.802225,0.578665
rc_a33_point_primary_hn1,2,178,4178,-0.706467,0.336905
rc_a33_point_primary_hn1,2,179,4179,-0.854348,0.504873
rc_a33_point_primary_hn1,2,180,4180,-0.957281,0.7372
rc_a33_point_primary_hn1,2,181,4181,-0.846493,0.866307
rc_a33_point_primary_hn1,2,182,4182,-0.549364,0.683156
rc_a33_point_primary_hn1,2,183,4183,-1.11945,0.550362
rc_a33_point_primary_hn1,2,184,4184,-0.976528,0.326616
rc_a33_point_primary_hn1,2,185,4185,-1.00114,0.425744
rc_a33_point_primary_hn1,2,186,4186,-0.934642,0.684465
rc_a33_point_primary_hn1,2,187,4187,-1.26847,0.655874
rc_a33_point_primary_hn1,2,188,4188,-1.06992,0.628132
rc_a33_point_primary_hn1,2,189,4189,-1.33056,0.7594
rc_a33_point_primary_hn1,2,190,4190,-1.3295,0.84497
rc_a33_point_primary_hn1,2,191,4191,-0.727548,0.567955
rc_a33_point_primary_hn1,2,192,4192,-1.21663,0.925343
rc_a33_point_primary_hn1,2,193,4193,-1.22794,1.19793
rc_a33_point_primary_hn1,2,194,4194,-0.572716,0.409535
rc_a33_point_primary_hn1,2,195,4195,-0.569715,0.509493
rc_a33_point_primary_hn1,2,196,4196,-1.00797,0.415687
rc_a33_point_primary_hn1,2,197,4197,-0.732642,0.506834
rc_a33_point_primary_hn1,2,198,4198,-0.838538,0.370704
rc_a33_point_primary_hn1,2,199,4199,-0.896793,0.47096
rc_a33_point_primary_hn1,2,200,4200,-1.00969,0.285018
rc_a33_point_primary_hn1,2,201,4201,-1.049,0.283086
rc_a33_point_primary_hn1,2,202,4202,-1.30735,0.459643
rc_a33_point_primary_hn1,2,203,4203,-1.10568,0.373783
rc_a33_point_primary_hn1,2,204,4204,-1.13626,0.394462
rc_a33_point_primary_hn1,2,205,4205,-0.797915,0.324519
rc_a33_point_primary_hn1,2,206,4206,-0.854489,0.219808
rc_a33_point_primary_hn1,2,207,4207,-0.674611,0.310588
rc_a33_point_primary_hn1,2,208,4208,-0.760809,0.427018
rc_a33_point_primary_hn1,2,209,4209,-0.762868,0.344216
rc_a33_point_primary_hn1,2,210,4210,-0.880303,0.645458
rc_a33_point_primary_hn1,2,211,4211,-0.748455,0.435238
rc_a33_point_primary_hn1,2,212,4212,-0.803572,0.490376
rc_a33_point_primary_hn1,2,213,4213,-1.06809,0.409587
rc_a33_point_primary_hn1,2,214,4214,-0.847539,0.547207
rc_a33_point_primary_hn1,2,215,4215,-0.873788,0.491409
rc_a33_point_primary_hn1,2,216,4216,-0.982885,0.56935
rc_a33_point_primary_hn1,2,217,4217,-0.969264,0.561724
rc_a33_point_primary_hn1,2,218,4218,-1.09955,0.506477
rc_a33_point_primary_hn1,2,219,4219,-1.06255,0.514368
rc_a33_point_primary_hn1,2,220,4220,-0.845681,0.438885
rc_a33_point_primary_hn1,2,221,4221,-0.833009,0.499962
rc_a33_point_primary_hn1,2,222,4222,-0.819164,0.387541
rc_a33_point_primary_hn1,2,223,4223,-0.945579,0.5799
rc_a33_point_primary_hn1,2,224,4224,-0.753592,0.650112
rc_a33_point_primary_hn1,2,225,4225,-0.397987,0.313998
rc_a33_point_primary_hn1,2,226,4226,-0.28952,0.473972
rc_a33_point_primary_hn1,2,227,4227,-0.810874,0.291421
rc_a33_point_primary_hn1,2,228,4228,-1.01274,0.472079
rc_a33_point_primary_hn1,2,229,4229,0.0251982,1.14644
rc_a33_point_primary_hn1,2,230,4230,-0.532125,0.724982
rc_a33_point_primary_hn1,2,231,4231,-0.888294,0.781562
rc_a33_point_primary_hn1,2,232,4232,-0.821861,0.818959
rc_a33_point_primary_hn1,2,233,4233,-0.558171,0.537449
rc_a33_point_primary_hn1,2,234,4234,-0.623481,0.492486
rc_a33_point_primary_hn1,2,235,4235,-0.755542,0.483169
rc_a33_point_primary_hn1,2,236,4236,-0.453577,0.560152
rc_a33_point_primary_hn1,2,237,4237,-0.428854,0.634041
rc_a33_point_primary_hn1,2,238,4238,-0.428681,0.68675
rc_a33_point_primary_hn1,2,239,4239,-0.643154,0.446359
rc_a33_point_primary_hn1,2,240,4240,-0.69313,0.459621
rc_a33_point_primary_hn1,2,241,4241,-0.656728,0.430331
rc_a33_point_primary_hn1,2,242,4242,-0.722239,0.584019
rc_a33_point_primary_hn1,2,243,4243,-0.590664,0.444912
rc_a33_point_primary_hn1,2,244,4244,-0.620414,0.563459
rc_a33_point_primary_hn1,2,245,4245,-0.65095,0.614557
rc_a33_point_primary_hn1,2,246,4246,-0.603577,0.408962
rc_a33_point_primary_hn1,2,247,4247,-0.683469,0.523133
rc_a33_point_primary_hn1,2,248,4248,-0.610161,0.384559
rc_a33_point_primary_hn1,2,249,4249,-0.876823,0.717865
rc_a33_point_primary_hn1,2,250,4250,-0.67664,0.385001
rc_a33_point_primary_hn1,2,251,4251,-0.673858,0.61485
rc_a33_point_primary_hn1,2,252,4252,-0.572902,0.487393
rc_a33_point_primary_hn1,2,253,4253,-0.94573,0.361163
rc_a33_point_primary_hn1,2,254,4254,-0.873155,0.578541
rc_a33_point_primary_hn1,2,255,4255,-0.910669,0.42189
rc_a33_point_primary_hn1,2,256,4256,-0.852611,0.42577
rc_a33_point_primary_hn1,2,257,4257,-0.743425,0.343981
rc_a33_point_primary_hn1,2,258,4258,-0.539269,0.62963
rc_a33_point_primary_hn1,2,259,4259,-0.912873,0.577743
rc_a33_point_primary_hn1,2,260,4260,-0.926026,0.725011
rc_a33_point_primary_hn1,2,261,4261,-0.899557,0.537815
rc_a33_point_primary_hn1,2,262,4262,-0.964402,0.481898
rc_a33_point_primary_hn1,2,263,4263,-0.814593,0.451907
rc_a33_point_primary_hn1,2,264,4264,-0.819194,0.457924
rc_a33_point_primary_hn1,2,265,4265,-0.841789,0.613893
rc_a33_point_primary_hn1,2,266,4266,-0.887574,0.74451
rc_a33_point_primary_hn1,2,267,4267,-0.711563,0.583971
rc_a33_point_primary_hn1,2,268,4268,-0.781704,0.722814
rc_a33_point_primary_hn1,2,269,4269,-0.742509,0.892867
rc_a33_point_primary_hn1,2,270,4270,-0.711357,0.69976
rc_a33_point_primary_hn1,2,271,4271,-0.530085,0.918229
rc_a33_point_primary_hn1,2,272,4272,-0.443364,1.0238
rc_a33_point_primary_hn1,2,273,4273,-0.495022,1.06386
rc_a33_point_primary_hn1,2,274,4274,-0.909157,0.722176
rc_a33_point_primary_hn1,2,275,4275,-0.845666,0.742602
rc_a33_point_primary_hn1,2,276,4276,-0.682157,0.775665
rc_a33_point_primary_hn1,2,277,4277,-1.08335,0.862887
rc_a33_point_primary_hn1,2,278,4278,-1.25204,0.937585
rc_a33_point_primary_hn1,2,279,4279,-1.12533,1.02404
rc_a33_point_primary_hn1,2,280,4280,-1.13829,1.14443
rc_a33_point_primary_hn1,2,281,4281,-1.08102,0.864404
rc_a33_point_primary_hn1,2,282,4282,-1.10608,0.949384
rc_a33_point_primary_hn1,2,283,4283,-1.03416,0.702978
rc_a33_point_primary_hn1,2,284,4284,-0.984638,0.623401
rc_a33_point_primary_hn1,2,285,4285,-0.836052,0.817145
rc_a33_point_primary_hn1,2,286,4286,-1.02617,0.860161
rc_a33_point_primary_hn1,2,287,4287,-0.803655,0.537174
rc_a33_point_primary_hn1,2,288,4288,-0.781223,0.473929
rc_a33_point_primary_hn1,2,289,4289,-0.905969,0.560214
rc_a33_point_primary_hn1,2,290,4290,-0.894468,0.555178
rc_a33_point_primary_hn1,2,291,4291,-1.01879,0.77816
rc_a33_point_primary_hn1,2,292,4292,-0.441227,0.692074
rc_a33_point_primary_hn1,2,293,4293,-0.624999,1.14996
rc_a33_point_primary_hn1,2,294,4294,-0.562983,0.524836
rc_a33_point_primary_hn1,2,295,4295,-1.09267,0.47029
rc_a33_point_primary_hn1,2,296,4296,-1.26425,0.648802
rc_a33_point_primary_hn1,2,297,4297,-0.911151,0.624175
rc_a33_point_primary_hn1,2,298,4298,-1.04783,0.658231
rc_a33_point_primary_hn1,2,299,4299,-0.912844,0.527004
rc_a33_point_primary_hn1,2,300,4300,-0.915702,0.64487
rc_a33_point_primary_hn1,2,301,4301,-0.945161,0.631218
rc_a33_point_primary_hn1,2,302,4302,-0.784739,0.666789
rc_a33_point_primary_hn1,2,303,4303,-0.824979,0.585192
rc_a33_point_primary_hn1,2,304,4304,-0.925445,0.690204
rc_a33_point_primary_hn1,2,305,4305,-0.957827,0.992643
rc_a33_point_primary_hn1,2,306,4306,-1.08818,0.952525
rc_a33_point_primary_hn1,2,307,4307,-0.910297,1.18856
rc_a33_point_primary_hn1,2,308,4308,-0.928517,1.22921
rc_a33_point_primary_hn1,2,309,4309,-0.986917,1.05251
rc_a33_point_primary_hn1,2,310,4310,-1.01021,1.17901
rc_a33_point_primary_hn1,2,311,4311,-1.11664,1.00376
rc_a33_point_primary_hn1,2,312,4312,-1.76637,1.2485
rc_a33_point_primary_hn1,2,313,4313,-1.527,1.24153
rc_a33_point_primary_hn1,2,314,4314,-1.45569,1.13929
rc_a33_point_primary_hn1,2,315,4315,-1.38822,1.0737
rc_a33_point_primary_hn1,2,316,4316,-1.43336,1.01895
rc_a33_point_primary_hn1,2,317,4317,-0.275596,0.728916
rc_a33_point_primary_hn1,2,318,4318,-0.304938,0.81243
rc_a33_point_primary_hn1,2,319,4319,-0.484135,0.708816
rc_a33_point_primary_hn1,2,320,4320,-0.548999,0.675491
rc_a33_point_primary_hn1,2,321,4321,-0.779374,0.922818
rc_a33_point_primary_hn1,2,322,4322,-0.976203,1.00063
rc_a33_point_primary_hn1,2,323,4323,-0.95664,1.18905
rc_a33_point_primary_hn1,2,324,4324,-0.635631,0.7747
rc_a33_point_primary_hn1,2,325,4325,-0.681412,0.70004
rc_a33_point_primary_hn1,2,326,4326,-0.625937,0.67291
rc_a33_point_primary_hn1,2,327,4327,-0.838506,0.655275
rc_a33_point_primary_hn1,2,328,4328,-0.696224,0.374128
rc_a33_point_primary_hn1,2,329,4329,-0.670348,0.419843
rc_a33_point_primary_hn1,2,330,4330,-0.622854,0.536434
rc_a33_point_primary_hn1,2,331,4331,-1.12893,0.535589
rc_a33_point_primary_hn1,2,332,4332,-1.23374,0.380716
rc_a33_point_primary_hn1,2,333,4333,-1.1657,1.39395
rc_a33_point_primary_hn1,2,334,4334,-1.36485,0.934057
rc_a33_point_primary_hn1,2,335,4335,-1.32142,0.871505
rc_a33_point_primary_hn1,2,336,4336,-1.4214,0.944363
rc_a33_point_primary_hn1,2,337,4337,-1.44535,0.999039
rc_a33_point_primary_hn1,2,338,4338,-0.972059,0.838655
rc_a33_point_primary_hn1,2,339,4339,-1.07988,0.786419
rc_a33_point_primary_hn1,2,340,4340,-0.994508,0.914074
rc_a33_point_primary_hn1,2,341,4341,-0.665595,0.939599
rc_a33_point_primary_hn1,2,342,4342,-0.677603,1.11632
rc_a33_point_primary_hn1,2,343,4343,-0.728044,1.16692
rc_a33_point_primary_hn1,2,344,4344,-0.534532,1.21519
rc_a33_point_primary_hn1,2,345,4345,-1.2054,1.05066
rc_a33_point_primary_hn1,2,346,4346,-0.982275,0.665986
rc_a33_point_primary_hn1,2,347,4347,-1.03971,0.821021
rc_a33_point_primary_hn1,2,348,4348,-0.866636,0.634241
rc_a33_point_primary_hn1,2,349,4349,-0.543173,0.788746
rc_a33_point_primary_hn1,2,350,4350,-0.871278,0.680186
rc_a33_point_primary_hn1,2,351,4351,-0.939924,0.558364
rc_a33_point_primary_hn1,2,352,4352,-0.204076,0.924327
rc_a33_point_primary_hn1,2,353,4353,-0.133002,0.838137
rc_a33_point_primary_hn1,2,354,4354,-0.920109,0.963025
rc_a33_point_primary_hn1,2,355,4355,-0.527999,0.759657
rc_a33_point_primary_hn1,2,356,4356,-0.814366,0.779023
rc_a33_point_primary_hn1,2,357,4357,-1.13258,0.730156
rc_a33_point_primary_hn1,2,358,4358,-0.902715,0.793108
rc_a33_point_primary_hn1,2,359,4359,-1.06935,0.634542
rc_a33_point_primary_hn1,2,360,4360,-0.997214,0.651189
rc_a33_point_primary_hn1,2,361,4361,-0.883007,0.96236
rc_a33_point_primary_hn1,2,362,4362,-0.592196,0.910736
rc_a33_point_primary_hn1,2,363,4363,-0.781176,0.771372
rc_a33_point_primary_hn1,2,364,4364,-0.722433,0.783162
rc_a33_point_primary_hn1,2,365,4365,-0.577801,0.347371
rc_a33_point_primary_hn1,2,366,4366,-0.529915,0.53172
rc_a33_point_primary_hn1,2,367,4367,-0.601042,0.476362
rc_a33_point_primary_hn1,2,368,4368,-0.802859,0.356969
rc_a33_point_primary_hn1,2,369,4369,-0.652679,0.324683
rc_a33_point_primary_hn1,2,370,4370,-0.555703,0.41593
rc_a33_point_primary_hn1,2,371,4371,-0.487258,0.392509
rc_a33_point_primary_hn1,2,372,4372,-0.411876,0.509544
rc_a33_point_primary_hn1,2,373,4373,-0.373343,0.291275
rc_a33_point_primary_hn1,2,374,4374,-0.48018,0.284834
rc_a33_point_primary_hn1,2,375,4375,-0.584058,0.317515
rc_a33_point_primary_hn1,2,376,4376,-0.676336,0.328673
rc_a33_point_primary_hn1,2,377,4377,-0.712508,0.307831
rc_a33_point_primary_hn1,2,378,4378,-0.713017,0.61057
rc_a33_point_primary_hn1,2,379,4379,-0.799238,0.463946
rc_a33_point_primary_hn1,2,380,4380,-1.15576,0.763076
rc_a33_point_primary_hn1,2,381,4381,-0.981367,0.626593
rc_a33_point_primary_hn1,2,382,4382,-0.807673,0.635053
rc_a33_point_primary_hn1,2,383,4383,-0.836949,0.476928
rc_a33_point_primary_hn1,2,384,4384,-0.970395,0.462823
rc_a33_point_primary_hn1,2,385,4385,-0.832672,0.434384
rc_a33_point_primary_hn1,2,386,4386,-0.86284400000000006,0.370741
rc_a33_point_primary_hn1,2,387,4387,-0.669538,0.430963
rc_a33_point_primary_hn1,2,388,4388,-0.486955,0.705812
rc_a33_point_primary_hn1,2,389,4389,-0.429707,0.658911
rc_a33_point_primary_hn1,2,390,4390,-0.689639,0.443467
rc_a33_point_primary_hn1,2,391,4391,-0.581869,0.538573
rc_a33_point_primary_hn1,2,392,4392,-1.08772,0.657871
rc_a33_point_primary_hn1,2,393,4393,-0.676209,0.468278
rc_a33_point_primary_hn1,2,394,4394,-0.695545,0.515277
rc_a33_point_primary_hn1,2,395,4395,-0.667993,0.508522
rc_a33_point_primary_hn1,2,396,4396,-0.618903,0.484018
rc_a33_point_primary_hn1,2,397,4397,-0.535376,0.499692
rc_a33_point_primary_hn1,2,398,4398,-0.527351,0.709245
rc_a33_point_primary_hn1,2,399,4399,-0.586243,0.675397
rc_a33_point_primary_hn1,2,400,4400,-0.751608,0.684318
rc_a33_point_primary_hn1,2,401,4401,-0.611815,0.866613
rc_a33_point_primary_hn1,2,402,4402,-0.49528,0.984333
rc_a33_point_primary_hn1,2,403,4403,-0.502307,0.967928
rc_a33_point_primary_hn1,2,404,4404,-0.976066,0.567737
rc_a33_point_primary_hn1,2,405,4405,-1.33335,0.549416
rc_a33_point_primary_hn1,2,406,4406,-1.21517,0.677865
rc_a33_point_primary_hn1,2,407,4407,-0.770669,0.368328
rc_a33_point_primary_hn1,2,408,4408,-0.811779,0.387232
rc_a33_point_primary_hn1,2,409,4409,-0.934281,0.428112
rc_a33_point_primary_hn1,2,410,4410,-0.797375,0.495805
rc_a33_point_primary_hn1,2,411,4411,-0.961487,0.351749
rc_a33_point_primary_hn1,2,412,4412,-0.838905,0.379622
rc_a33_point_primary_hn1,2,413,4413,-0.495493,0.448474
rc_a33_point_primary_hn1,2,414,4414,-0.590911,0.380548
rc_a33_point_primary_hn1,2,415,4415,-0.623367,0.494781
rc_a33_point_primary_hn1,2,416,4416,-0.486638,0.80684
rc_a33_point_primary_hn1,2,417,4417,-0.596963,0.721645
rc_a33_point_primary_hn1,2,418,4418,-0.787059,0.855671
rc_a33_point_primary_hn1,2,419,4419,-0.745153,0.651012
rc_a33_point_primary_hn1,2,420,4420,-0.592,0.50265
rc_a33_point_primary_hn1,2,421,4421,-0.642278,0.552844
rc_a33_point_primary_hn1,2,422,4422,-0.839162,0.380165
rc_a33_point_primary_hn1,2,423,4423,-0.539214,0.763817
rc_a33_point_primary_hn1,2,424,4424,-1.13529,0.32914
rc_a33_point_primary_hn1,2,425,4425,-0.107711,0.912263
rc_a33_point_primary_hn1,2,426,4426,-0.845959,0.640609
rc_a33_point_primary_hn1,2,427,4427,-0.787413,0.696743
rc_a33_point_primary_hn1,2,428,4428,-0.762686,0.637976
rc_a33_point_primary_hn1,2,429,4429,-0.666651,0.615243
rc_a33_point_primary_hn1,2,430,4430,-0.890696,0.707672
rc_a33_point_primary_hn1,2,431,4431,-0.954612,0.371698
rc_a33_point_primary_hn1,2,432,4432,-0.799357,0.788884
rc_a33_point_primary_hn1,2,433,4433,-0.663071,0.619778
rc_a33_point_primary_hn1,2,434,4434,-0.743464,0.651481
rc_a33_point_primary_hn1,2,435,4435,-0.743349,0.610423
rc_a33_point_primary_hn1,2,436,4436,-0.809841,0.999111
rc_a33_point_primary_hn1,2,437,4437,-1.1541,1.30048
rc_a33_point_primary_hn1,2,438,4438,-0.176001,0.549494
rc_a33_point_primary_hn1,2,439,4439,-0.393197,0.46414299999999997
rc_a33_point_primary_hn1,2,440,4440,-0.382569,1.09318
rc_a33_point_primary_hn1,2,441,4441,-0.276554,1.06504
rc_a33_point_primary_hn1,2,442,4442,-0.272704,1.09682
rc_a33_point_primary_hn1,2,443,4443,-0.529987,0.948862
rc_a33_point_primary_hn1,2,444,4444,-0.34189,1.19982
rc_a33_point_primary_hn1,2,445,4445,-0.314586,0.961536
rc_a33_point_primary_hn1,2,446,4446,-0.6299,0.9935
rc_a33_point_primary_hn1,2,447,4447,-0.669604,0.564544
rc_a33_point_primary_hn1,2,448,4448,-0.937517,0.622902
rc_a33_point_primary_hn1,2,449,4449,-0.805038,0.557097
rc_a33_point_primary_hn1,2,450,4450,-0.753038,0.403543
rc_a33_point_primary_hn1,2,451,4451,-0.952854,0.446953
rc_a33_point_primary_hn1,2,452,4452,-0.867412,0.428496
rc_a33_point_primary_hn1,2,453,4453,-0.950505,0.358249
rc_a33_point_primary_hn1,2,454,4454,-0.866774,0.527278
rc_a33_point_primary_hn1,2,455,4455,-0.791923,0.539757
rc_a33_point_primary_hn1,2,456,4456,-0.469314,0.741594
rc_a33_point_primary_hn1,2,457,4457,-0.454811,0.908006
rc_a33_point_primary_hn1,2,458,4458,-0.443562,0.836969
rc_a33_point_primary_hn1,2,459,4459,-0.522815,0.714069
rc_a33_point_primary_hn1,2,460,4460,-0.538762,1.08625
rc_a33_point_primary_hn1,2,461,4461,-1.16188,0.763707
rc_a33_point_primary_hn1,2,462,4462,-1.1333,0.728056
rc_a33_point_primary_hn1,2,463,4463,-0.884162,0.619251
rc_a33_point_primary_hn1,2,464,4464,-1.12204,0.468611
rc_a33_point_primary_hn1,2,465,4465,-0.562795,0.553475
rc_a33_point_primary_hn1,2,466,4466,-0.946016,0.640913
rc_a33_point_primary_hn1,2,467,4467,-0.764732,0.614543
rc_a33_point_primary_hn1,2,468,4468,-0.836174,0.670805
rc_a33_point_primary_hn1,2,469,4469,-0.49886,0.608226
rc_a33_point_primary_hn1,2,470,4470,-0.457969,0.717952
rc_a33_point_primary_hn1,2,471,4471,-1.02695,0.78781
rc_a33_point_primary_hn1,2,472,4472,-1.06299,0.566545
rc_a33_point_primary_hn1,2,473,4473,-1.36121,0.888598
rc_a33_point_primary_hn1,2,474,4474,-1.08359,0.582567
rc_a33_point_primary_hn1,2,475,4475,-1.19078,0.802639
rc_a33_point_primary_hn1,2,476,4476,-0.74047,0.763849
rc_a33_point_primary_hn1,2,477,4477,-1.04994,0.824102
rc_a33_point_primary_hn1,2,478,4478,-0.71428,0.547386
rc_a33_point_primary_hn1,2,479,4479,-0.520515,0.451778
rc_a33_point_primary_hn1,2,480,4480,-1.24043,1.2484
rc_a33_point_primary_hn1,2,481,4481,-1.4257,1.42874
rc_a33_point_primary_hn1,2,482,4482,-1.18646,1.08454
rc_a33_point_primary_hn1,2,483,4483,-0.971386,0.44597
rc_a33_point_primary_hn1,2,484,4484,-0.587795,0.45551
rc_a33_point_primary_hn1,2,485,4485,-0.679658,0.690641
rc_a33_point_primary_hn1,2,486,4486,-0.849992,0.699655
rc_a33_point_primary_hn1,2,487,4487,-0.89398,0.765527
rc_a33_point_primary_hn1,2,488,4488,-0.797538,0.642708
rc_a33_point_primary_hn1,2,489,4489,-0.740374,0.377297
rc_a33_point_primary_hn1,2,490,4490,-0.367628,0.895488
rc_a33_point_primary_hn1,2,491,4491,-0.48938,0.827074
rc_a33_point_primary_hn1,2,492,4492,-1.04575,0.495693
rc_a33_point_primary_hn1,2,493,4493,-0.985469,0.371109
rc_a33_point_primary_hn1,2,494,4494,-1.01167,0.479973
rc_a33_point_primary_hn1,2,495,4495,-1.12393,0.782011
rc_a33_point_primary_hn1,2,496,4496,-1.22345,0.714638
rc_a33_point_primary_hn1,2,497,4497,-1.18813,0.607485
rc_a33_point_primary_hn1,2,498,4498,-1.18273,0.46254
rc_a33_point_primary_hn1,2,499,4499,-1.34727,0.430838
rc_a33_point_primary_hn1,2,500,4500,-0.462033,0.588352
rc_a33_point_primary_hn1,2,501,4501,-0.591183,0.495887
rc_a33_point_primary_hn1,2,502,4502,-1.16856,0.733789
rc_a33_point_primary_hn1,2,503,4503,-1.27406,0.688095
rc_a33_point_primary_hn1,2,504,4504,-1.29941,0.851142
rc_a33_point_primary_hn1,2,505,4505,-1.52729,0.850559
rc_a33_point_primary_hn1,2,506,4506,-1.33484,0.801172
rc_a33_point_primary_hn1,2,507,4507,-1.17021,0.607084
rc_a33_point_primary_hn1,2,508,4508,-0.423869,0.8846
rc_a33_point_primary_hn1,2,509,4509,-0.646884,0.464366
rc_a33_point_primary_hn1,2,510,4510,-0.682796,0.460106
rc_a33_point_primary_hn1,2,511,4511,-0.784696,0.67663
rc_a33_point_primary_hn1,2,512,4512,-0.892545,0.656246
rc_a33_point_primary_hn1,2,513,4513,-0.748321,0.605504
rc_a33_point_primary_hn1,2,514,4514,-0.963841,0.904608
rc_a33_point_primary_hn1,2,515,4515,-0.985738,0.873546
rc_a33_point_primary_hn1,2,516,4516,-0.838902,0.738546
rc_a33_point_primary_hn1,2,517,4517,-1.08797,0.551926
rc_a33_point_primary_hn1,2,518,4518,-1.13671,0.478582
rc_a33_point_primary_hn1,2,519,4519,-0.971537,0.911743
rc_a33_point_primary_hn1,2,520,4520,-0.998492,0.882478
rc_a33_point_primary_hn1,2,521,4521,-0.84502,0.699703
rc_a33_point_primary_hn1,2,522,4522,-0.994492,0.86441
rc_a33_point_primary_hn1,2,523,4523,-1.15705,0.774218
rc_a33_point_primary_hn1,2,524,4524,-1.12135,0.758356
rc_a33_point_primary_hn1,2,525,4525,-1.19324,1.052
rc_a33_point_primary_hn1,2,526,4526,-1.00598,0.575912
rc_a33_point_primary_hn1,2,527,4527,-1.10123,0.67929
rc_a33_point_primary_hn1,2,528,4528,-1.53981,0.579309
rc_a33_point_primary_hn1,2,529,4529,-0.370889,0.378057
rc_a33_point_primary_hn1,2,530,4530,-0.330366,0.435338
rc_a33_point_primary_hn1,2,531,4531,-0.301494,0.506815
rc_a33_point_primary_hn1,2,532,4532,0.0304511,0.690879
rc_a33_point_primary_hn1,2,533,4533,0.175933,0.771917
rc_a33_point_primary_hn1,2,534,4534,0.399214,0.979529
rc_a33_point_primary_hn1,2,535,4535,-0.494098,0.617173
rc_a33_point_primary_hn1,2,536,4536,-0.528873,0.692852
rc_a33_point_primary_hn1,2,537,4537,-0.426274,0.715404
rc_a33_point_primary_hn1,2,538,4538,-0.57967900000000006,0.794993
rc_a33_point_primary_hn1,2,539,4539,-0.54457,0.660564
rc_a33_point_primary_hn1,2,540,4540,-0.784827,0.477509
rc_a33_point_primary_hn1,2,541,4541,-0.969939,0.330331
rc_a33_point_primary_hn1,2,542,4542,-0.934076,0.346043
rc_a33_point_primary_hn1,2,543,4543,-0.336764,0.656004
rc_a33_point_primary_hn1,2,544,4544,-0.462648,0.709873
rc_a33_point_primary_hn1,2,545,4545,-0.522044,1.07142
rc_a33_point_primary_hn1,2,546,4546,-1.41041,1.31822
rc_a33_point_primary_hn1,2,547,4547,-1.17522,1.12616
rc_a33_point_primary_hn1,2,548,4548,-1.07142,0.979246
rc_a33_point_primary_hn1,2,549,4549,-1.1894,0.904938
rc_a33_point_primary_hn1,2,550,4550,-0.891836,0.71349
rc_a33_point_primary_hn1,2,551,4551,-1.0293,0.687031
rc_a33_point_primary_hn1,2,552,4552,-0.786386,0.731857
rc_a33_point_primary_hn1,2,553,4553,-0.396412,1.20415
rc_a33_point_primary_hn1,2,554,4554,-1.13528,0.97846
rc_a33_point_primary_hn1,2,555,4555,-1.21876,0.758408
rc_a33_point_primary_hn1,2,556,4556,-0.877379,0.628533
rc_a33_point_primary_hn1,2,557,4557,-0.43772,0.703803
rc_a33_point_primary_hn1,2,558,4558,-0.235922,0.665554
rc_a33_point_primary_hn1,2,559,4559,-0.755302,0.709583
rc_a33_point_primary_hn1,2,560,4560,-0.744913,0.757641
rc_a33_point_primary_hn1,2,561,4561,-0.797401,0.602729
rc_a33_point_primary_hn1,2,562,4562,-0.78106,0.513686
rc_a33_point_primary_hn1,2,563,4563,-0.691174,0.436171
rc_a33_point_primary_hn1,2,564,4564,-0.637166,0.430677
rc_a33_point_primary_hn1,2,565,4565,-0.854954,0.488375
rc_a33_point_primary_hn1,2,566,4566,-0.77373,0.615823
rc_a33_point_primary_hn1,2,567,4567,-0.666569,0.491281
rc_a33_point_primary_hn1,2,568,4568,-0.553608,0.693005
rc_a33_point_primary_hn1,2,569,4569,-0.591819,0.555267
rc_a33_point_primary_hn1,2,570,4570,-0.903102,0.54047
rc_a33_point_primary_hn1,2,571,4571,-0.759692,0.472122
rc_a33_point_primary_hn1,2,572,4572,-0.869284,0.526688
rc_a33_point_primary_hn1,2,573,4573,-0.84289,0.389876
rc_a33_point_primary_hn1,2,574,4574,-0.651328,0.413197
rc_a33_point_primary_hn1,2,575,4575,-0.501486,0.365377
rc_a33_point_primary_hn1,2,576,4576,-0.779897,0.387653
rc_a33_point_primary_hn1,2,577,4577,-0.720744,0.39707
rc_a33_point_primary_hn1,2,578,4578,-0.69028,0.280109
rc_a33_point_primary_hn1,2,579,4579,-0.759005,0.194117
rc_a33_point_primary_hn1,2,580,4580,-0.635907,0.273599
rc_a33_point_primary_hn1,2,581,4581,-0.717045,0.523171
rc_a33_point_primary_hn1,2,582,4582,-0.98857,0.597936
rc_a33_point_primary_hn1,2,583,4583,-0.456487,0.375624
rc_a33_point_primary_hn1,2,584,4584,-0.665738,0.44002
rc_a33_point_primary_hn1,2,585,4585,-0.452129,0.60423
rc_a33_point_primary_hn1,2,586,4586,-0.889286,0.999691
rc_a33_point_primary_hn1,2,587,4587,-0.894693,1.04061
rc_a33_point_primary_hn1,2,588,4588,-0.481691,0.81207
rc_a33_point_primary_hn1,2,589,4589,-0.982794,0.855467
rc_a33_point_primary_hn1,2,590,4590,-0.606752,0.66848
rc_a33_point_primary_hn1,2,591,4591,-0.658924,0.68392
rc_a33_point_primary_hn1,2,592,4592,-0.751851,0.769584
rc_a33_point_primary_hn1,2,593,4593,-0.752678,0.775132
rc_a33_point_primary_hn1,2,594,4594,-0.835819,0.461659
rc_a33_point_primary_hn1,2,595,4595,-0.899903,0.590064
rc_a33_point_primary_hn1,2,596,4596,-0.918561,0.655699
rc_a33_point_primary_hn1,2,597,4597,-0.761712,0.754875
rc_a33_point_primary_hn1,2,598,4598,-0.702901,0.429035
rc_a33_point_primary_hn1,2,599,4599,-0.55322,0.368502
rc_a33_point_primary_hn1,2,600,4600,-0.60532,0.27552
rc_a33_point_primary_hn1,2,601,4601,-0.517684,0.503359
rc_a33_point_primary_hn1,2,602,4602,-0.871443,0.38025
rc_a33_point_primary_hn1,2,603,4603,-0.829761,0.472523
rc_a33_point_primary_hn1,2,604,4604,-0.598227,0.683027
rc_a33_point_primary_hn1,2,605,4605,-0.729526,0.801075
rc_a33_point_primary_hn1,2,606,4606,-0.849353,0.782472
rc_a33_point_primary_hn1,2,607,4607,-0.852228,0.424338
rc_a33_point_primary_hn1,2,608,4608,-0.836073,0.502228
rc_a33_point_primary_hn1,2,609,4609,-0.957098,0.55202
rc_a33_point_primary_hn1,2,610,4610,-0.957209,0.816068
rc_a33_point_primary_hn1,2,611,4611,-0.791376,0.596699
rc_a33_point_primary_hn1,2,612,4612,-0.616821,0.563979
rc_a33_point_primary_hn1,2,613,4613,-0.309479,0.824163
rc_a33_point_primary_hn1,2,614,4614,-0.375428,0.930932
rc_a33_point_primary_hn1,2,615,4615,-0.991454,0.614015
rc_a33_point_primary_hn1,2,616,4616,-1.12012,0.654704
rc_a33_point_primary_hn1,2,617,4617,-0.603535,0.539185
rc_a33_point_primary_hn1,2,618,4618,-0.964316,0.567065
rc_a33_point_primary_hn1,2,619,4619,-0.670283,0.519789
rc_a33_point_primary_hn1,2,620,4620,-0.613951,0.411021
rc_a33_point_primary_hn1,2,621,4621,-0.47746,0.480839
rc_a33_point_primary_hn1,2,622,4622,-0.624731,0.280146
rc_a33_point_primary_hn1,2,623,4623,-0.51007,0.416184
rc_a33_point_primary_hn1,2,624,4624,-0.598032,0.415708
rc_a33_point_primary_hn1,2,625,4625,-0.39063,0.71315
rc_a33_point_primary_hn1,2,626,4626,-0.357991,0.664233
rc_a33_point_primary_hn1,2,627,4627,-0.223463,0.685977
rc_a33_point_primary_hn1,2,628,4628,-0.525441,1.00333
rc_a33_point_primary_hn1,2,629,4629,-0.364865,1.09755
rc_a33_point_primary_hn1,2,630,4630,-0.350889,1.02546
rc_a33_point_primary_hn1,2,631,4631,-0.890918,0.745977
rc_a33_point_primary_hn1,2,632,4632,-0.741051,0.56123
rc_a33_point_primary_hn1,2,633,4633,-0.81388,0.536613
rc_a33_point_primary_hn1,2,634,4634,-1.19033,0.696161
rc_a33_point_primary_hn1,2,635,4635,-0.895203,0.428307
rc_a33_point_primary_hn1,2,636,4636,-0.829955,0.638853
rc_a33_point_primary_hn1,2,637,4637,-1.34048,1.32048
rc_a33_point_primary_hn1,2,638,4638,-0.369776,0.41948
rc_a33_point_primary_hn1,2,639,4639,-0.546493,0.647425
rc_a33_point_primary_hn1,2,640,4640,-0.598569,1.15605
rc_a33_point_primary_hn1,2,641,4641,-0.669713,1.22543
rc_a33_point_primary_hn1,2,642,4642,-0.735058,1.28363
rc_a33_point_primary_hn1,2,643,4643,-0.614432,1.218
rc_a33_point_primary_hn1,2,644,4644,-1.10634,0.802369
rc_a33_point_primary_hn1,2,645,4645,-1.18581,0.760698
rc_a33_point_primary_hn1,2,646,4646,-1.13679,0.893627
rc_a33_point_primary_hn1,2,647,4647,-1.33626,1.14426
rc_a33_point_primary_hn1,2,648,4648,-1.32082,1.17281
rc_a33_point_primary_hn1,2,649,4649,-1.0517,0.419778
rc_a33_point_primary_hn1,2,650,4650,-1.11893,1.01597
rc_a33_point_primary_hn1,2,651,4651,-0.576112,0.629445
rc_a33_point_primary_hn1,2,652,4652,-0.55859,0.638793
rc_a33_point_primary_hn1,2,653,4653,-0.758305,0.338313
rc_a33_point_primary_hn1,2,654,4654,-0.831558,0.329075
rc_a33_point_primary_hn1,2,655,4655,-0.774884,0.462094
rc_a33_point_primary_hn1,2,656,4656,-0.562231,0.528949
rc_a33_point_primary_hn1,2,657,4657,-0.663857,0.726544
rc_a33_point_primary_hn1,2,658,4658,-0.685756,0.841327
rc_a33_point_primary_hn1,2,659,4659,-0.565093,0.838128
rc_a33_point_primary_hn1,2,660,4660,-0.472507,0.881648
rc_a33_point_primary_hn1,2,661,4661,-0.489882,0.641126
rc_a33_point_primary_hn1,2,662,4662,-1.03079,1.00583
rc_a33_point_primary_hn1,2,663,4663,-0.669747,1.0071
rc_a33_point_primary_hn1,2,664,4664,-0.598341,1.00233
rc_a33_point_primary_hn1,2,665,4665,-0.731986,0.866118
rc_a33_point_primary_hn1,2,666,4666,-0.569902,0.627089
rc_a33_point_primary_hn1,2,667,4667,-0.640246,0.580696
rc_a33_point_primary_hn1,2,668,4668,-0.589189,0.501811
rc_a33_point_primary_hn1,2,669,4669,-0.566974,0.57774
rc_a33_point_primary_hn1,2,670,4670,-0.762131,0.56506
rc_a33_point_primary_hn1,2,671,4671,-0.796949,0.779529
rc_a33_point_primary_hn1,2,672,4672,-0.908187,0.613977
rc_a33_point_primary_hn1,2,673,4673,-0.734511,0.396411
rc_a33_point_primary_hn1,2,674,4674,-0.769234,0.307197
rc_a33_point_primary_hn1,2,675,4675,-0.705226,0.424225
rc_a33_point_primary_hn1,2,676,4676,-0.580075,0.476754
rc_a33_point_primary_hn1,2,677,4677,-0.685437,0.543465
rc_a33_point_primary_hn1,2,678,4678,-0.739238,0.555746
rc_a33_point_primary_hn1,2,679,4679,-1.02824,0.526721
rc_a33_point_primary_hn1,2,680,4680,-0.729731,0.566914
rc_a33_point_primary_hn1,2,681,4681,-0.850441,0.641918
rc_a33_point_primary_hn1,2,682,4682,-0.866869,0.460926
rc_a33_point_primary_hn1,2,683,4683,-0.868314,0.511282
rc_a33_point_primary_hn1,2,684,4684,-0.832364,0.461536
rc_a33_point_primary_hn1,2,685,4685,-0.862985,0.464136
rc_a33_point_primary_hn1,2,686,4686,-0.7328,0.467418
rc_a33_point_primary_hn1,2,687,4687,-0.716631,0.41839
rc_a33_point_primary_hn1,2,688,4688,-0.701212,0.676632
rc_a33_point_primary_hn1,2,689,4689,-0.637572,0.25633
rc_a33_point_primary_hn1,2,690,4690,-0.668963,0.432674
rc_a33_point_primary_hn1,2,691,4691,-0.76573,0.589567
rc_a33_point_primary_hn1,2,692,4692,-0.880753,0.559963
rc_a33_point_primary_hn1,2,693,4693,-0.675262,0.415583
rc_a33_point_primary_hn1,2,694,4694,-1.07927,0.427888
rc_a33_point_primary_hn1,2,695,4695,-1.0209,0.422415
rc_a33_point_primary_hn1,2,696,4696,-0.951169,0.433908
rc_a33_point_primary_hn1,2,697,4697,-0.97805,0.419474
rc_a33_point_primary_hn1,2,698,4698,-1.01039,0.402281
rc_a33_point_primary_hn1,2,699,4699,-1.14853,0.509501
rc_a33_point_primary_hn1,2,700,4700,-1.02573,0.587493
rc_a33_point_primary_hn1,2,701,4701,-1.10878,0.612625
rc_a33_point_primary_hn1,2,702,4702,-0.555258,0.604667
rc_a33_point_primary_hn1,2,703,4703,-0.627721,0.55428
rc_a33_point_primary_hn1,2,704,4704,-0.72615,0.712691
rc_a33_point_primary_hn1,2,705,4705,-0.814154,0.502646
rc_a33_point_primary_hn1,2,706,4706,-0.780907,0.446852
rc_a33_point_primary_hn1,2,707,4707,-0.805406,0.39535
rc_a33_point_primary_hn1,2,708,4708,-0.893212,0.280427
rc_a33_point_primary_hn1,2,709,4709,-1.00735,0.39918
rc_a33_point_primary_hn1,2,710,4710,-0.66773,0.593726
rc_a33_point_primary_hn1,2,711,4711,-0.576242,0.632357
rc_a33_point_primary_hn1,2,712,4712,-0.461491,0.586797
rc_a33_point_primary_hn1,2,713,4713,-0.557097,0.686181
rc_a33_point_primary_hn1,2,714,4714,-0.745746,0.608196
rc_a33_point_primary_hn1,2,715,4715,-0.609774,0.829682
rc_a33_point_primary_hn1,2,716,4716,-0.625301,0.829973
rc_a33_point_primary_hn1,2,717,4717,-0.471037,1.00982
rc_a33_point_primary_hn1,2,718,4718,-0.483323,0.424766
rc_a33_point_primary_hn1,2,719,4719,-0.880757,0.59313
rc_a33_point_primary_hn1,2,720,4720,-1.06797,0.601924
rc_a33_point_primary_hn1,2,721,4721,-1.03186,0.822064
rc_a33_point_primary_hn1,2,722,4722,-0.929307,0.391285
rc_a33_point_primary_hn1,2,723,4723,-0.742083,0.776306
rc_a33_point_primary_hn1,2,724,4724,-0.659763,0.456669
rc_a33_point_primary_hn1,2,725,4725,0.536627,1.80515
rc_a33_point_primary_hn1,2,726,4726,0.540047,1.76832
rc_a33_point_primary_hn1,2,727,4727,0.521719,1.86986
rc_a33_point_primary_hn1,2,728,4728,0.412157,1.72119
rc_a33_point_primary_hn1,2,729,4729,0.137599,1.63528
rc_a33_point_primary_hn1,2,730,4730,-0.372335,1.28242
rc_a33_point_primary_hn1,2,731,4731,-0.254044,1.08895
rc_a33_point_primary_hn1,2,732,4732,-0.289998,1.60615
rc_a33_point_primary_hn1,2,733,4733,-0.275465,1.71993
rc_a33_point_primary_hn1,2,734,4734,-0.875619,0.699275
rc_a33_point_primary_hn1,2,735,4735,-0.817787,0.439267
rc_a33_point_primary_hn1,2,736,4736,-0.774361,0.65218
rc_a33_point_primary_hn1,2,737,4737,-0.743625,0.408378
rc_a33_point_primary_hn1,2,738,4738,-1.09644,0.6272
rc_a33_point_primary_hn1,2,739,4739,-0.585898,0.436218
rc_a33_point_primary_hn1,2,740,4740,-0.842437,0.364384
rc_a33_point_primary_hn1,2,741,4741,-0.844404,0.671134
rc_a33_point_primary_hn1,2,742,4742,-0.710262,0.878322
rc_a33_point_primary_hn1,2,743,4743,-0.607712,0.902525
rc_a33_point_primary_hn1,2,744,4744,-0.584003,0.854124
rc_a33_point_primary_hn1,2,745,4745,-0.774417,0.714004
rc_a33_point_primary_hn1,2,746,4746,-0.567905,0.48863
rc_a33_point_primary_hn1,2,747,4747,-0.336842,0.734289
rc_a33_point_primary_hn1,2,748,4748,-0.617654,0.390638
rc_a33_point_primary_hn1,2,749,4749,-0.660783,0.673752
rc_a33_point_primary_hn1,2,750,4750,-0.595202,0.47144200000000003
rc_a33_point_primary_hn1,2,751,4751,-0.239427,0.841188
rc_a33_point_primary_hn1,2,752,4752,-0.505675,0.74967
rc_a33_point_primary_hn1,2,753,4753,-0.729487,0.45863
rc_a33_point_primary_hn1,2,754,4754,-0.730034,0.50542
rc_a33_point_primary_hn1,2,755,4755,-0.691675,0.2608
rc_a33_point_primary_hn1,2,756,4756,-0.65780400000000006,0.34708
rc_a33_point_primary_hn1,2,757,4757,0.232673,1.37396
rc_a33_point_primary_hn1,2,758,4758,0.248609,1.17949
rc_a33_point_primary_hn1,2,759,4759,0.237133,1.15006
rc_a33_point_primary_hn1,2,760,4760,0.102171,1.05556
rc_a33_point_primary_hn1,2,761,4761,0.173539,1.00823
rc_a33_point_primary_hn1,2,762,4762,0.173643,0.899247
rc_a33_point_primary_hn1,2,763,4763,-0.122731,0.699689
rc_a33_point_primary_hn1,2,764,4764,-0.323609,0.468325
rc_a33_point_primary_hn1,2,765,4765,-0.635091,0.522413
rc_a33_point_primary_hn1,2,766,4766,-0.525187,0.442811
rc_a33_point_primary_hn1,2,767,4767,-1.1132,0.383503
rc_a33_point_primary_hn1,2,768,4768,-1.17514,0.451402
rc_a33_point_primary_hn1,2,769,4769,-1.10499,0.437754
rc_a33_point_primary_hn1,2,770,4770,-0.979782,0.358424
rc_a33_point_primary_hn1,2,771,4771,-0.839745,0.362895
rc_a33_point_primary_hn1,2,772,4772,-0.866672,0.39809
rc_a33_point_primary_hn1,2,773,4773,-0.848066,0.423548
rc_a33_point_primary_hn1,2,774,4774,-0.935455,0.322608
rc_a33_point_primary_hn1,2,775,4775,-1.02984,0.305282
rc_a33_point_primary_hn1,2,776,4776,-1.01684,0.342227
rc_a33_point_primary_hn1,2,777,4777,-0.991195,0.323306
rc_a33_point_primary_hn1,2,778,4778,-1.0833,0.350155
rc_a33_point_primary_hn1,2,779,4779,-1.10388,0.406158
rc_a33_point_primary_hn1,2,780,4780,-0.928731,0.67599
rc_a33_point_primary_hn1,2,781,4781,-0.249064,0.703144
rc_a33_point_primary_hn1,2,782,4782,-0.158199,0.774227
rc_a33_point_primary_hn1,2,783,4783,-0.0301731,0.824007
rc_a33_point_primary_hn1,2,784,4784,-0.197155,1.04748
rc_a33_point_primary_hn1,2,785,4785,-0.19638,0.856605
rc_a33_point_primary_hn1,2,786,4786,-0.269662,0.78507
rc_a33_point_primary_hn1,2,787,4787,-0.206298,0.829409
rc_a33_point_primary_hn1,2,788,4788,-0.592282,1.20085
rc_a33_point_primary_hn1,2,789,4789,-0.459938,1.01648
rc_a33_point_primary_hn1,2,790,4790,-0.405385,1.01067
rc_a33_point_primary_hn1,2,791,4791,-0.311735,1.02497
rc_a33_point_primary_hn1,2,792,4792,-0.426959,1.09944
rc_a33_point_primary_hn1,2,793,4793,-0.470573,0.965185
rc_a33_point_primary_hn1,2,794,4794,-0.548818,0.86233
rc_a33_point_primary_hn1,2,795,4795,-0.40242,0.722931
rc_a33_point_primary_hn1,2,796,4796,-0.833033,0.485479
rc_a33_point_primary_hn1,2,797,4797,-0.813336,0.309909
rc_a33_point_primary_hn1,2,798,4798,-0.821977,0.440985
rc_a33_point_primary_hn1,2,799,4799,-0.980058,0.31804
rc_a33_point_primary_hn1,2,800,4800,-1.04811,0.447938
rc_a33_point_primary_hn1,2,801,4801,-0.976011,0.375528
rc_a33_point_primary_hn1,2,802,4802,-0.959176,0.240133
rc_a33_point_primary_hn1,2,803,4803,-0.792808,0.398437
rc_a33_point_primary_hn1,2,804,4804,-1.15949,0.480987
rc_a33_point_primary_hn1,2,805,4805,-1.15679,0.788334
rc_a33_point_primary_hn1,2,806,4806,-1.14917,0.962467
rc_a33_point_primary_hn1,2,807,4807,-0.905779,0.382615
rc_a33_point_primary_hn1,2,808,4808,-0.961886,0.50219
rc_a33_point_primary_hn1,2,809,4809,-0.831838,0.458433
rc_a33_point_primary_hn1,2,810,4810,-0.840518,0.843061
rc_a33_point_primary_hn1,2,811,4811,-0.881303,0.651444
rc_a33_point_primary_hn1,2,812,4812,-0.768741,1.43099
rc_a33_point_primary_hn1,2,813,4813,-0.738231,1.08934
rc_a33_point_primary_hn1,2,814,4814,-0.99534,0.972682
rc_a33_point_primary_hn1,2,815,4815,-1.07869,0.995022
rc_a33_point_primary_hn1,2,816,4816,-0.71294,1.10921
rc_a33_point_primary_hn1,2,817,4817,-1.06669,1.64099
rc_a33_point_primary_hn1,2,818,4818,-0.442999,0.68562
rc_a33_point_primary_hn1,2,819,4819,-0.419958,0.618579
rc_a33_point_primary_hn1,2,820,4820,-0.81364,1.05615
rc_a33_point_primary_hn1,2,821,4821,-0.776708,1.13919
rc_a33_point_primary_hn1,2,822,4822,-0.309998,1.41318
rc_a33_point_primary_hn1,2,823,4823,-0.37518,1.81548
rc_a33_point_primary_hn1,2,824,4824,-0.181234,1.37456
rc_a33_point_primary_hn1,2,825,4825,-0.261163,1.12307
rc_a33_point_primary_hn1,2,826,4826,-0.295459,1.4196
rc_a33_point_primary_hn1,2,827,4827,-0.33215,1.18899
rc_a33_point_primary_hn1,2,828,4828,-0.164861,1.39165
rc_a33_point_primary_hn1,2,829,4829,-0.214499,1.25066
rc_a33_point_primary_hn1,2,830,4830,-0.251974,1.57832
rc_a33_point_primary_hn1,2,831,4831,-0.345447,1.25543
rc_a33_point_primary_hn1,2,832,4832,-0.520022,0.744228
rc_a33_point_primary_hn1,2,833,4833,-0.491187,0.602551
rc_a33_point_primary_hn1,2,834,4834,-0.490549,0.503476
rc_a33_point_primary_hn1,2,835,4835,-0.464817,0.458634
rc_a33_point_primary_hn1,2,836,4836,-0.324347,0.619339
rc_a33_point_primary_hn1,2,837,4837,-0.238626,0.763256
rc_a33_point_primary_hn1,2,838,4838,-0.643526,0.591289
rc_a33_point_primary_hn1,2,839,4839,-0.601668,1.33328
rc_a33_point_primary_hn1,2,840,4840,-0.511961,1.28308
rc_a33_point_primary_hn1,2,841,4841,-0.55058,0.716497
rc_a33_point_primary_hn1,2,842,4842,-1.16578,0.519545
rc_a33_point_primary_hn1,2,843,4843,-1.06495,0.585273
rc_a33_point_primary_hn1,2,844,4844,-1.00284,0.598302
rc_a33_point_primary_hn1,2,845,4845,-0.84067,0.501196
rc_a33_point_primary_hn1,2,846,4846,-0.955794,0.440139
rc_a33_point_primary_hn1,2,847,4847,-0.991783,0.355273
rc_a33_point_primary_hn1,2,848,4848,-0.714815,0.466768
rc_a33_point_primary_hn1,2,849,4849,-0.849474,0.353991
rc_a33_point_primary_hn1,2,850,4850,-0.791066,0.456619
rc_a33_point_primary_hn1,2,851,4851,-0.209921,0.812543
rc_a33_point_primary_hn1,2,852,4852,-0.499259,0.665897
rc_a33_point_primary_hn1,2,853,4853,-0.541371,0.60524
rc_a33_point_primary_hn1,2,854,4854,-0.625242,0.657798
rc_a33_point_primary_hn1,2,855,4855,-0.688807,0.539893
rc_a33_point_primary_hn1,2,856,4856,-0.884267,0.654641
rc_a33_point_primary_hn1,2,857,4857,-0.654594,0.454487
rc_a33_point_primary_hn1,2,858,4858,-0.829956,0.557809
rc_a33_point_primary_hn1,2,859,4859,-0.698105,0.582159
rc_a33_point_primary_hn1,2,860,4860,-0.696154,0.658411
rc_a33_point_primary_hn1,2,861,4861,-0.923303,0.519909
rc_a33_point_primary_hn1,2,862,4862,-0.753924,0.566242
rc_a33_point_primary_hn1,2,863,4863,-0.583142,0.540636
rc_a33_point_primary_hn1,2,864,4864,-0.704779,0.45906
rc_a33_point_primary_hn1,2,865,4865,-0.471786,0.421219
rc_a33_point_primary_hn1,2,866,4866,-0.636608,0.36443
rc_a33_point_primary_hn1,2,867,4867,-0.657698,0.483444
rc_a33_point_primary_hn1,2,868,4868,-0.767074,0.497751
rc_a33_point_primary_hn1,2,869,4869,-0.809514,0.660529
rc_a33_point_primary_hn1,2,870,4870,-1.09754,0.383735
rc_a33_point_primary_hn1,2,871,4871,-1.01568,0.502758
rc_a33_point_primary_hn1,2,872,4872,-1.05135,0.474068
rc_a33_point_primary_hn1,2,873,4873,-0.935017,0.720268
rc_a33_point_primary_hn1,2,874,4874,-1.02439,0.429122
rc_a33_point_primary_hn1,2,875,4875,-1.10466,0.365903
rc_a33_point_primary_hn1,2,876,4876,-1.23654,0.392125
rc_a33_point_primary_hn1,2,877,4877,-1.33635,0.536564
rc_a33_point_primary_hn1,2,878,4878,-1.36846,0.485969
rc_a33_point_primary_hn1,2,879,4879,-1.29321,0.454351
rc_a33_point_primary_hn1,2,880,4880,-1.02196,0.309744
rc_a33_point_primary_hn1,2,881,4881,-0.0379328,0.700892
rc_a33_point_primary_hn1,2,882,4882,-0.176503,0.657657
rc_a33_point_primary_hn1,2,883,4883,-0.312863,0.737074
rc_a33_point_primary_hn1,2,884,4884,-0.137305,0.807991
rc_a33_point_primary_hn1,2,885,4885,-0.229144,0.898958
rc_a33_point_primary_hn1,2,886,4886,-0.0971219,0.87279
rc_a33_point_primary_hn1,2,887,4887,0.088588,0.892306
rc_a33_point_primary_hn1,2,888,4888,-0.493137,0.665623
rc_a33_point_primary_hn1,2,889,4889,-0.691022,0.465516
rc_a33_point_primary_hn1,2,890,4890,-0.57716,0.629925
rc_a33_point_primary_hn1,2,891,4891,-0.800573,0.549007
rc_a33_point_primary_hn1,2,892,4892,-0.416983,0.381024
rc_a33_point_primary_hn1,2,893,4893,-0.411964,0.408041
rc_a33_point_primary_hn1,2,894,4894,-0.667638,0.624287
rc_a33_point_primary_hn1,2,895,4895,-0.556643,0.638197
rc_a33_point_primary_hn1,2,896,4896,-0.526154,0.483655
rc_a33_point_primary_hn1,2,897,4897,-0.515661,0.50088
rc_a33_point_primary_hn1,2,898,4898,-0.593433,0.561296
rc_a33_point_primary_hn1,2,899,4899,-0.633026,0.353997
rc_a33_point_primary_hn1,2,900,4900,-0.737853,0.343984
rc_a33_point_primary_hn1,2,901,4901,-0.801915,0.443754
rc_a33_point_primary_hn1,2,902,4902,-0.528046,0.55235
rc_a33_point_primary_hn1,2,903,4903,-0.654829,0.533497
rc_a33_point_primary_hn1,2,904,4904,-0.434106,0.371007
rc_a33_point_primary_hn1,2,905,4905,-0.489146,0.399349
rc_a33_point_primary_hn1,2,906,4906,-0.514941,0.34348
rc_a33_point_primary_hn1,2,907,4907,-0.66634,0.645026
rc_a33_point_primary_hn1,2,908,4908,-0.673151,0.568782
rc_a33_point_primary_hn1,2,909,4909,-0.827378,0.983171
rc_a33_point_primary_hn1,2,910,4910,-0.658089,0.62179
rc_a33_point_primary_hn1,2,911,4911,-0.65678,1.0758
rc_a33_point_primary_hn1,2,912,4912,-0.872098,1.19058
rc_a33_point_primary_hn1,2,913,4913,-0.848667,1.01452
rc_a33_point_primary_hn1,2,914,4914,-0.719029,0.874777
rc_a33_point_primary_hn1,2,915,4915,-0.720429,1.02693
rc_a33_point_primary_hn1,2,916,4916,-0.710364,0.889848
rc_a33_point_primary_hn1,2,917,4917,-0.641197,0.996452
rc_a33_point_primary_hn1,2,918,4918,-0.543171,0.958058
rc_a33_point_primary_hn1,2,919,4919,-0.706443,0.909757
rc_a33_point_primary_hn1,2,920,4920,-0.656975,1.15511
rc_a33_point_primary_hn1,2,921,4921,-0.617846,1.23637
rc_a33_point_primary_hn1,2,922,4922,-0.776463,0.957759
rc_a33_point_primary_hn1,2,923,4923,-0.559373,0.816635
rc_a33_point_primary_hn1,2,924,4924,-0.754221,0.782667
rc_a33_point_primary_hn1,2,925,4925,-0.67133,0.735446
rc_a33_point_primary_hn1,2,926,4926,-0.75694,0.789895
rc_a33_point_primary_hn1,2,927,4927,-0.917292,0.677489
rc_a33_point_primary_hn1,2,928,4928,-0.818857,0.732811
rc_a33_point_primary_hn1,2,929,4929,-0.87532,0.518695
rc_a33_point_primary_hn1,2,930,4930,-0.923865,0.470974
rc_a33_point_primary_hn1,2,931,4931,-0.989993,0.521083
rc_a33_point_primary_hn1,2,932,4932,-1.07901,0.550883
rc_a33_point_primary_hn1,2,933,4933,-0.870297,0.537769
rc_a33_point_primary_hn1,2,934,4934,-1.13115,0.683064
rc_a33_point_primary_hn1,2,935,4935,-0.992448,0.826778
rc_a33_point_primary_hn1,2,936,4936,-0.278753,0.648821
rc_a33_point_primary_hn1,2,937,4937,-1.21901,0.676548
rc_a33_point_primary_hn1,2,938,4938,-1.18222,0.46319
rc_a33_point_primary_hn1,2,939,4939,-0.835696,0.372345
rc_a33_point_primary_hn1,2,940,4940,-0.892165,0.271918
rc_a33_point_primary_hn1,2,941,4941,-0.853283,0.573474
rc_a33_point_primary_hn1,2,942,4942,-0.913543,0.88744
rc_a33_point_primary_hn1,2,943,4943,-0.794498,0.489275
rc_a33_point_primary_hn1,2,944,4944,-0.603368,0.535386
rc_a33_point_primary_hn1,2,945,4945,-0.385882,0.586823
rc_a33_point_primary_hn1,2,946,4946,-0.676021,0.674647
rc_a33_point_primary_hn1,2,947,4947,-0.505452,0.578412
rc_a33_point_primary_hn1,2,948,4948,-0.42012,0.496323
rc_a33_point_primary_hn1,2,949,4949,-0.489003,0.435026
rc_a33_point_primary_hn1,2,950,4950,-0.58198,0.715498
rc_a33_point_primary_hn1,2,951,4951,-0.940735,0.435786
rc_a33_point_primary_hn1,2,952,4952,-0.840913,0.481688
rc_a33_point_primary_hn1,2,953,4953,-0.982235,0.659999
rc_a33_point_primary_hn1,2,954,4954,-0.758431,0.750368
rc_a33_point_primary_hn1,2,955,4955,-0.720689,0.382763
rc_a33_point_primary_hn1,2,956,4956,-0.734839,0.351108
rc_a33_point_primary_hn1,2,957,4957,-0.929343,0.309297
rc_a33_point_primary_hn1,2,958,4958,-0.710608,0.35014
rc_a33_point_primary_hn1,2,959,4959,-0.939294,0.64399
rc_a33_point_primary_hn1,2,960,4960,-1.14816,0.832068
rc_a33_point_primary_hn1,2,961,4961,-1.21335,0.991588
rc_a33_point_primary_hn1,2,962,4962,-1.24946,0.958918
rc_a33_point_primary_hn1,2,963,4963,-1.39035,1.03536
rc_a33_point_primary_hn1,2,964,4964,-1.24565,0.982031
rc_a33_point_primary_hn1,2,965,4965,-1.38236,0.890922
rc_a33_point_primary_hn1,2,966,4966,-1.34825,0.840843
rc_a33_point_primary_hn1,2,967,4967,-0.866663,0.425648
rc_a33_point_primary_hn1,2,968,4968,-0.829099,0.356082
rc_a33_point_primary_hn1,2,969,4969,-0.952394,0.426877
rc_a33_point_primary_hn1,2,970,4970,-1.32992,1.01168
rc_a33_point_primary_hn1,2,971,4971,-1.33505,0.847344
rc_a33_point_primary_hn1,2,972,4972,-1.22704,0.726477
rc_a33_point_primary_hn1,2,973,4973,-1.2081,0.777756
rc_a33_point_primary_hn1,2,974,4974,-0.782207,0.225335
rc_a33_point_primary_hn1,2,975,4975,-0.721696,0.374443
rc_a33_point_primary_hn1,2,976,4976,-0.732311,0.293432
rc_a33_point_primary_hn1,2,977,4977,-0.812305,0.241264
rc_a33_point_primary_hn1,2,978,4978,-0.720178,0.400274
rc_a33_point_primary_hn1,2,979,4979,-0.822113,0.393068
rc_a33_point_primary_hn1,2,980,4980,-0.824278,0.418665
rc_a33_point_primary_hn1,2,981,4981,-0.782553,0.543917
rc_a33_point_primary_hn1,2,982,4982,-0.826045,0.510103
rc_a33_point_primary_hn1,2,983,4983,-0.858095,0.857581
rc_a33_point_primary_hn1,2,984,4984,-0.747849,0.496204
rc_a33_point_primary_hn1,2,985,4985,-0.815904,0.425574
rc_a33_point_primary_hn1,2,986,4986,-0.822747,0.642915
rc_a33_point_primary_hn1,2,987,4987,-0.638606,0.53908
rc_a33_point_primary_hn1,2,988,4988,-0.416539,0.752107
rc_a33_point_primary_hn1,2,989,4989,-0.743841,0.590701
rc_a33_point_primary_hn1,2,990,4990,-0.437259,0.72269
rc_a33_point_primary_hn1,2,991,4991,-0.638563,0.632089
rc_a33_point_primary_hn1,2,992,4992,-0.435845,0.498295
rc_a33_point_primary_hn1,2,993,4993,-0.782466,0.463063
rc_a33_point_primary_hn1,2,994,4994,-0.790891,0.654412
rc_a33_point_primary_hn1,2,995,4995,-0.848795,0.611079
rc_a33_point_primary_hn1,2,996,4996,-0.760409,0.473785
rc_a33_point_primary_hn1,2,997,4997,-1.17195,0.761503
rc_a33_point_primary_hn1,2,998,4998,-1.22565,0.623118
rc_a33_point_primary_hn1,2,999,4999,-0.991605,1.24605
rc_a33_point_primary_hn1,2,1000,5000,-0.984477,1.58226
rc_a33_point_primary_hn1,2,1001,5001,-1.00061,1.50238
rc_a33_point_primary_hn1,2,1002,5002,-0.997253,1.46083
rc_a33_point_primary_hn1,2,1003,5003,-0.650469,0.611575
rc_a33_point_primary_hn1,2,1004,5004,-1.31201,0.849126
rc_a33_point_primary_hn1,2,1005,5005,-1.30507,0.929333
rc_a33_point_primary_hn1,2,1006,5006,-1.31866,0.88735
rc_a33_point_primary_hn1,2,1007,5007,-1.1881,0.851322
rc_a33_point_primary_hn1,2,1008,5008,-1.20881,0.726736
rc_a33_point_primary_hn1,2,1009,5009,-1.0833,0.666351
rc_a33_point_primary_hn1,2,1010,5010,-0.963622,0.715271
rc_a33_point_primary_hn1,2,1011,5011,-0.876355,0.613006
rc_a33_point_primary_hn1,2,1012,5012,-0.901921,0.524384
rc_a33_point_primary_hn1,2,1013,5013,-0.804662,0.578831
rc_a33_point_primary_hn1,2,1014,5014,-0.569404,0.583207
rc_a33_point_primary_hn1,2,1015,5015,-0.642731,0.481853
rc_a33_point_primary_hn1,2,1016,5016,-0.75661,0.355004
rc_a33_point_primary_hn1,2,1017,5017,-0.830157,0.359516
rc_a33_point_primary_hn1,2,1018,5018,-0.788723,0.844457
rc_a33_point_primary_hn1,2,1019,5019,-0.811593,0.949266
rc_a33_point_primary_hn1,2,1020,5020,-0.864659,1.18306
rc_a33_point_primary_hn1,2,1021,5021,-0.889394,0.929149
rc_a33_point_primary_hn1,2,1022,5022,-0.851459,0.641751
rc_a33_point_primary_hn1,2,1023,5023,-0.877104,0.652646
rc_a33_point_primary_hn1,2,1024,5024,-0.843467,0.579998
rc_a33_point_primary_hn1,2,1025,5025,-0.81535,0.491376
rc_a33_point_primary_hn1,2,1026,5026,-0.981884,0.545738
rc_a33_point_primary_hn1,2,1027,5027,-0.981496,0.378287
rc_a33_point_primary_hn1,2,1028,5028,-0.986199,0.494647
rc_a33_point_primary_hn1,2,1029,5029,-0.990941,0.72031
rc_a33_point_primary_hn1,2,1030,5030,-0.956453,0.764367
rc_a33_point_primary_hn1,2,1031,5031,-0.812239,0.409097
rc_a33_point_primary_hn1,2,1032,5032,-0.444428,0.471657
rc_a33_point_primary_hn1,2,1033,5033,-0.300447,1.19561
rc_a33_point_primary_hn1,2,1034,5034,-0.789477,0.34651
rc_a33_point_primary_hn1,2,1035,5035,-0.722719,0.375174
rc_a33_point_primary_hn1,2,1036,5036,-0.801418,0.458981
rc_a33_point_primary_hn1,2,1037,5037,-0.118642,0.824524
rc_a33_point_primary_hn1,2,1038,5038,-0.577546,0.747207
rc_a33_point_primary_hn1,2,1039,5039,-0.514796,0.583967
rc_a33_point_primary_hn1,2,1040,5040,-0.49654,0.566358
rc_a33_point_primary_hn1,2,1041,5041,-0.849116,0.335861
rc_a33_point_primary_hn1,2,1042,5042,-0.837486,0.480571
rc_a33_point_primary_hn1,2,1043,5043,-0.852045,0.389988
rc_a33_point_primary_hn1,2,1044,5044,-0.65122,0.631016
rc_a33_point_primary_hn1,2,1045,5045,-0.492291,0.547599
rc_a33_point_primary_hn1,2,1046,5046,-0.655994,0.566974
rc_a33_point_primary_hn1,2,1047,5047,-0.345442,0.720429
rc_a33_point_primary_hn1,2,1048,5048,-0.52665,0.459742
rc_a33_point_primary_hn1,2,1049,5049,-0.513958,0.44954
rc_a33_point_primary_hn1,2,1050,5050,-0.752165,0.534544
rc_a33_point_primary_hn1,2,1051,5051,-0.50606,1.03564
rc_a33_point_primary_hn1,2,1052,5052,-0.503749,1.17443
rc_a33_point_primary_hn1,2,1053,5053,-0.459557,1.01008
rc_a33_point_primary_hn1,2,1054,5054,-0.594174,1.08084
rc_a33_point_primary_hn1,2,1055,5055,-0.575035,1.08456
rc_a33_point_primary_hn1,2,1056,5056,-0.576803,1.14232
rc_a33_point_primary_hn1,2,1057,5057,-0.269858,0.998677
rc_a33_point_primary_hn1,2,1058,5058,-0.661006,1.10662
rc_a33_point_primary_hn1,2,1059,5059,-0.733927,0.962991
rc_a33_point_primary_hn1,2,1060,5060,-0.892789,0.669485
rc_a33_point_primary_hn1,2,1061,5061,-0.763948,0.74927
rc_a33_point_primary_hn1,2,1062,5062,-0.816535,0.744485
rc_a33_point_primary_hn1,2,1063,5063,-0.506403,0.752406
rc_a33_point_primary_hn1,2,1064,5064,-0.545142,0.668696
rc_a33_point_primary_hn1,2,1065,5065,-0.345298,0.727127
rc_a33_point_primary_hn1,2,1066,5066,-0.427111,0.567167
rc_a33_point_primary_hn1,2,1067,5067,-0.799167,0.722104
rc_a33_point_primary_hn1,2,1068,5068,-0.732078,0.59506
rc_a33_point_primary_hn1,2,1069,5069,-0.780339,0.693289
rc_a33_point_primary_hn1,2,1070,5070,-0.585542,0.6798
rc_a33_point_primary_hn1,2,1071,5071,-0.861909,0.446266
rc_a33_point_primary_hn1,2,1072,5072,-1.02287,0.739726
rc_a33_point_primary_hn1,2,1073,5073,-0.832894,0.366049
rc_a33_point_primary_hn1,2,1074,5074,-0.64865,0.420146
rc_a33_point_primary_hn1,2,1075,5075,-0.730501,0.409573
rc_a33_point_primary_hn1,2,1076,5076,-0.848198,0.49056
rc_a33_point_primary_hn1,2,1077,5077,-0.945505,0.588368
rc_a33_point_primary_hn1,2,1078,5078,-0.970147,0.391124
rc_a33_point_primary_hn1,2,1079,5079,-0.859671,0.629756
rc_a33_point_primary_hn1,2,1080,5080,-0.917889,0.473214
rc_a33_point_primary_hn1,2,1081,5081,-0.413196,0.980838
rc_a33_point_primary_hn1,2,1082,5082,-0.344177,0.743653
rc_a33_point_primary_hn1,2,1083,5083,-0.307264,1.0606
rc_a33_point_primary_hn1,2,1084,5084,-0.792076,0.773731
rc_a33_point_primary_hn1,2,1085,5085,-0.782914,0.609768
rc_a33_point_primary_hn1,2,1086,5086,-0.879605,0.861102
rc_a33_point_primary_hn1,2,1087,5087,-0.891714,0.824782
rc_a33_point_primary_hn1,2,1088,5088,-0.782153,0.250523
rc_a33_point_primary_hn1,2,1089,5089,-0.765886,0.294996
rc_a33_point_primary_hn1,2,1090,5090,-0.653928,0.353028
rc_a33_point_primary_hn1,2,1091,5091,-0.599294,0.338105
rc_a33_point_primary_hn1,2,1092,5092,-0.856014,0.483299
rc_a33_point_primary_hn1,2,1093,5093,-0.772347,0.370355
rc_a33_point_primary_hn1,2,1094,5094,-0.803318,0.568981
rc_a33_point_primary_hn1,2,1095,5095,-0.845879,0.583413
rc_a33_point_primary_hn1,2,1096,5096,-0.81177,0.563411
rc_a33_point_primary_hn1,2,1097,5097,-0.655568,0.331043
rc_a33_point_primary_hn1,2,1098,5098,-0.553775,0.37866
rc_a33_point_primary_hn1,2,1099,5099,-0.814426,0.262163
rc_a33_point_primary_hn1,2,1100,5100,-0.696316,0.533222
rc_a33_point_primary_hn1,2,1101,5101,-0.34025,0.538659
rc_a33_point_primary_hn1,2,1102,5102,-0.702714,0.430656
rc_a33_point_primary_hn1,2,1103,5103,-0.73308,0.404895
rc_a33_point_primary_hn1,2,1104,5104,-0.984421,0.701233
rc_a33_point_primary_hn1,2,1105,5105,-0.954477,0.699522
rc_a33_point_primary_hn1,2,1106,5106,-1.01641,0.600608
rc_a33_point_primary_hn1,2,1107,5107,-0.790752,0.438335
rc_a33_point_primary_hn1,2,1108,5108,-0.93174,0.41633
rc_a33_point_primary_hn1,2,1109,5109,-0.926777,0.278298
rc_a33_point_primary_hn1,2,1110,5110,-0.608396,0.364004
rc_a33_point_primary_hn1,2,1111,5111,-0.842547,0.424538
rc_a33_point_primary_hn1,2,1112,5112,-0.846382,0.523761
rc_a33_point_primary_hn1,2,1113,5113,-0.97364,0.516665
rc_a33_point_primary_hn1,2,1114,5114,-0.809175,0.423388
rc_a33_point_primary_hn1,2,1115,5115,-0.767232,0.416054
rc_a33_point_primary_hn1,2,1116,5116,-0.5609,0.420169
rc_a33_point_primary_hn1,2,1117,5117,-0.482934,0.477553
rc_a33_point_primary_hn1,2,1118,5118,-0.789416,0.402901
rc_a33_point_primary_hn1,2,1119,5119,-0.796387,0.314418
rc_a33_point_primary_hn1,2,1120,5120,-0.629696,0.936727
rc_a33_point_primary_hn1,2,1121,5121,-0.568732,0.720916
rc_a33_point_primary_hn1,2,1122,5122,-0.654576,0.760478
rc_a33_point_primary_hn1,2,1123,5123,-0.399993,0.674299
rc_a33_point_primary_hn1,2,1124,5124,-0.425648,0.691404
rc_a33_point_primary_hn1,2,1125,5125,-0.796153,0.706842
rc_a33_point_primary_hn1,2,1126,5126,-0.808874,0.840767
rc_a33_point_primary_hn1,2,1127,5127,-0.499668,0.397954
rc_a33_point_primary_hn1,2,1128,5128,-0.938056,0.474822
rc_a33_point_primary_hn1,2,1129,5129,-0.911891,0.388252
rc_a33_point_primary_hn1,2,1130,5130,-0.957631,0.386004
rc_a33_point_primary_hn1,2,1131,5131,-0.964592,0.342897
rc_a33_point_primary_hn1,2,1132,5132,-1.05428,0.533183
rc_a33_point_primary_hn1,2,1133,5133,-0.780279,0.499654
rc_a33_point_primary_hn1,2,1134,5134,-0.826116,0.411525
rc_a33_point_primary_hn1,2,1135,5135,-0.837738,0.511523
rc_a33_point_primary_hn1,2,1136,5136,-0.812562,0.497693
rc_a33_point_primary_hn1,2,1137,5137,-0.821979,0.591128
rc_a33_point_primary_hn1,2,1138,5138,-0.700719,0.976193
rc_a33_point_primary_hn1,2,1139,5139,-0.647417,0.762923
rc_a33_point_primary_hn1,2,1140,5140,-0.663933,0.926233
rc_a33_point_primary_hn1,2,1141,5141,-0.812488,0.671488
rc_a33_point_primary_hn1,2,1142,5142,-0.641414,0.462075
rc_a33_point_primary_hn1,2,1143,5143,-0.601008,0.584019
rc_a33_point_primary_hn1,2,1144,5144,-0.541331,0.345978
rc_a33_point_primary_hn1,2,1145,5145,-1.10341,0.579033
rc_a33_point_primary_hn1,2,1146,5146,-0.908685,0.464789
rc_a33_point_primary_hn1,2,1147,5147,-1.02436,0.692374
rc_a33_point_primary_hn1,2,1148,5148,-1.05753,0.572351
rc_a33_point_primary_hn1,2,1149,5149,-0.729345,0.380591
rc_a33_point_primary_hn1,2,1150,5150,-0.822568,0.389273
rc_a33_point_primary_hn1,2,1151,5151,-0.716625,0.388605
rc_a33_point_primary_hn1,2,1152,5152,-0.767255,0.389255
rc_a33_point_primary_hn1,2,1153,5153,-0.984828,0.659456
rc_a33_point_primary_hn1,2,1154,5154,-0.948351,0.583125
rc_a33_point_primary_hn1,2,1155,5155,-0.957622,0.857473
rc_a33_point_primary_hn1,2,1156,5156,-0.934225,1.08562
rc_a33_point_primary_hn1,2,1157,5157,-0.776736,0.989894
rc_a33_point_primary_hn1,2,1158,5158,-0.958434,0.753515
rc_a33_point_primary_hn1,2,1159,5159,-0.984189,0.574401
rc_a33_point_primary_hn1,2,1160,5160,-1.21918,0.651233
rc_a33_point_primary_hn1,2,1161,5161,-0.550504,0.716305
rc_a33_point_primary_hn1,2,1162,5162,-0.314326,0.735705
rc_a33_point_primary_hn1,2,1163,5163,-0.528715,0.642507
rc_a33_point_primary_hn1,2,1164,5164,-0.441639,0.594868
rc_a33_point_primary_hn1,2,1165,5165,-0.373517,0.652121
rc_a33_point_primary_hn1,2,1166,5166,-0.533394,0.588508
rc_a33_point_primary_hn1,2,1167,5167,-0.718033,0.695487
rc_a33_point_primary_hn1,2,1168,5168,-0.674089,0.497181
rc_a33_point_primary_hn1,2,1169,5169,-0.61678,0.455882
rc_a33_point_primary_hn1,2,1170,5170,-0.934788,0.546678
rc_a33_point_primary_hn1,2,1171,5171,-0.724083,0.377003
rc_a33_point_primary_hn1,2,1172,5172,-0.566929,0.261888
rc_a33_point_primary_hn1,2,1173,5173,-0.695457,0.340366
rc_a33_point_primary_hn1,2,1174,5174,-0.752879,0.394984
rc_a33_point_primary_hn1,2,1175,5175,-0.720314,0.403958
rc_a33_point_primary_hn1,2,1176,5176,-0.770114,0.697717
rc_a33_point_primary_hn1,2,1177,5177,-0.689371,0.626999
rc_a33_point_primary_hn1,2,1178,5178,-0.759137,0.495322
rc_a33_point_primary_hn1,2,1179,5179,-0.843345,0.751869
rc_a33_point_primary_hn1,2,1180,5180,-0.855736,0.811911
rc_a33_point_primary_hn1,2,1181,5181,-1.13172,0.805298
rc_a33_point_primary_hn1,2,1182,5182,-0.358896,1.04218
rc_a33_point_primary_hn1,2,1183,5183,-0.631712,0.573491
rc_a33_point_primary_hn1,2,1184,5184,-0.545821,0.671644
rc_a33_point_primary_hn1,2,1185,5185,-0.571442,0.47177
rc_a33_point_primary_hn1,2,1186,5186,-0.539422,0.397692
rc_a33_point_primary_hn1,2,1187,5187,-0.633118,0.690647
rc_a33_point_primary_hn1,2,1188,5188,-0.702209,0.596275
rc_a33_point_primary_hn1,2,1189,5189,-0.646846,0.556705
rc_a33_point_primary_hn1,2,1190,5190,-0.851406,0.599606
rc_a33_point_primary_hn1,2,1191,5191,-0.696296,0.405909
rc_a33_point_primary_hn1,2,1192,5192,-0.944367,0.518431
rc_a33_point_primary_hn1,2,1193,5193,-1.21154,0.700824
rc_a33_point_primary_hn1,2,1194,5194,-1.22001,0.713421
rc_a33_point_primary_hn1,2,1195,5195,-0.515438,0.791286
rc_a33_point_primary_hn1,2,1196,5196,-0.505152,0.846257
rc_a33_point_primary_hn1,2,1197,5197,-0.645231,0.819588
rc_a33_point_primary_hn1,2,1198,5198,-0.525758,0.608629
rc_a33_point_primary_hn1,2,1199,5199,-0.622092,0.624975
rc_a33_point_primary_hn1,2,1200,5200,-0.378156,0.460905
rc_a33_point_primary_hn1,2,1201,5201,-0.500386,0.418582
rc_a33_point_primary_hn1,2,1202,5202,-0.353982,0.430471
rc_a33_point_primary_hn1,2,1203,5203,-0.704825,1.16168
rc_a33_point_primary_hn1,2,1204,5204,-0.714057,1.12211
rc_a33_point_primary_hn1,2,1205,5205,-0.742808,1.35303
rc_a33_point_primary_hn1,2,1206,5206,-0.943706,1.02744
rc_a33_point_primary_hn1,2,1207,5207,-0.833614,1.16891
rc_a33_point_primary_hn1,2,1208,5208,-0.462095,0.580103
rc_a33_point_primary_hn1,2,1209,5209,-0.404495,1.0702
rc_a33_point_primary_hn1,2,1210,5210,-0.393917,1.06534
rc_a33_point_primary_hn1,2,1211,5211,-0.329454,0.995676
rc_a33_point_primary_hn1,2,1212,5212,-0.547725,0.944252
rc_a33_point_primary_hn1,2,1213,5213,-0.502191,1.18523
rc_a33_point_primary_hn1,2,1214,5214,-0.695721,0.571444
rc_a33_point_primary_hn1,2,1215,5215,-0.63007,0.60641
rc_a33_point_primary_hn1,2,1216,5216,-0.523843,0.568197
rc_a33_point_primary_hn1,2,1217,5217,-0.378966,0.607973
rc_a33_point_primary_hn1,2,1218,5218,-0.425714,0.519354
rc_a33_point_primary_hn1,2,1219,5219,-0.421001,0.489081
rc_a33_point_primary_hn1,2,1220,5220,-0.144336,0.986485
rc_a33_point_primary_hn1,2,1221,5221,-0.169914,1.00033
rc_a33_point_primary_hn1,2,1222,5222,-0.302446,0.815527
rc_a33_point_primary_hn1,2,1223,5223,-0.31924,0.887862
rc_a33_point_primary_hn1,2,1224,5224,-0.591177,0.614105
rc_a33_point_primary_hn1,2,1225,5225,-0.492865,0.629241
rc_a33_point_primary_hn1,2,1226,5226,-0.489512,1.10887
rc_a33_point_primary_hn1,2,1227,5227,-0.697404,1.39718
rc_a33_point_primary_hn1,2,1228,5228,-0.661533,1.24999
rc_a33_point_primary_hn1,2,1229,5229,-0.689171,1.28673
rc_a33_point_primary_hn1,2,1230,5230,-0.754914,1.11017
rc_a33_point_primary_hn1,2,1231,5231,-1.31143,1.17031
rc_a33_point_primary_hn1,2,1232,5232,-0.569121,0.720005
rc_a33_point_primary_hn1,2,1233,5233,-0.500142,0.833169
rc_a33_point_primary_hn1,2,1234,5234,-0.768241,0.292867
rc_a33_point_primary_hn1,2,1235,5235,-0.584606,0.310073
rc_a33_point_primary_hn1,2,1236,5236,-0.661842,0.344055
rc_a33_point_primary_hn1,2,1237,5237,-0.661496,0.355255
rc_a33_point_primary_hn1,2,1238,5238,-0.760099,0.36865
rc_a33_point_primary_hn1,2,1239,5239,-0.384269,0.840196
rc_a33_point_primary_hn1,2,1240,5240,-0.189354,0.672003
rc_a33_point_primary_hn1,2,1241,5241,-0.226982,0.622756
rc_a33_point_primary_hn1,2,1242,5242,-0.844909,0.307564
rc_a33_point_primary_hn1,2,1243,5243,-0.8672,0.372597
rc_a33_point_primary_hn1,2,1244,5244,-1.00012,0.334058
rc_a33_point_primary_hn1,2,1245,5245,-0.898246,0.303958
rc_a33_point_primary_hn1,2,1246,5246,-0.993339,0.329936
rc_a33_point_primary_hn1,2,1247,5247,-1.21197,0.456508
rc_a33_point_primary_hn1,2,1248,5248,-1.14843,0.448601
rc_a33_point_primary_hn1,2,1249,5249,-1.1217,0.375229
rc_a33_point_primary_hn1,2,1250,5250,-1.18779,0.456748
rc_a33_point_primary_hn1,2,1251,5251,-1.11853,0.407852
rc_a33_point_primary_hn1,2,1252,5252,-1.04001,0.454134
rc_a33_point_primary_hn1,2,1253,5253,6.35626e-4,1.08518
rc_a33_point_primary_hn1,2,1254,5254,0.054764,0.945193
rc_a33_point_primary_hn1,2,1255,5255,-0.65757,0.68456
rc_a33_point_primary_hn1,2,1256,5256,-0.744344,0.457122
rc_a33_point_primary_hn1,2,1257,5257,-0.754744,0.452645
rc_a33_point_primary_hn1,2,1258,5258,-0.693869,0.253811
rc_a33_point_primary_hn1,2,1259,5259,-0.748093,0.437589
rc_a33_point_primary_hn1,2,1260,5260,-0.724226,0.265393
rc_a33_point_primary_hn1,2,1261,5261,-0.854228,0.380066
rc_a33_point_primary_hn1,2,1262,5262,-0.47064,0.695874
rc_a33_point_primary_hn1,2,1263,5263,0.21662,0.949056
rc_a33_point_primary_hn1,2,1264,5264,0.193532,0.943338
rc_a33_point_primary_hn1,2,1265,5265,-0.932818,0.388121
rc_a33_point_primary_hn1,2,1266,5266,-1.14658,0.375477
rc_a33_point_primary_hn1,2,1267,5267,-0.79156,0.453368
rc_a33_point_primary_hn1,2,1268,5268,-0.706835,0.362867
rc_a33_point_primary_hn1,2,1269,5269,-0.524775,0.44496
rc_a33_point_primary_hn1,2,1270,5270,-0.64306,0.602001
rc_a33_point_primary_hn1,2,1271,5271,-0.682753,0.528083
rc_a33_point_primary_hn1,2,1272,5272,-0.593704,0.596832
rc_a33_point_primary_hn1,2,1273,5273,-0.786553,0.711482
rc_a33_point_primary_hn1,2,1274,5274,-0.956865,0.799086
rc_a33_point_primary_hn1,2,1275,5275,-0.802185,0.770503
rc_a33_point_primary_hn1,2,1276,5276,-0.945899,0.768453
rc_a33_point_primary_hn1,2,1277,5277,-0.771588,0.51422
rc_a33_point_primary_hn1,2,1278,5278,-0.857152,0.274414
rc_a33_point_primary_hn1,2,1279,5279,-0.609376,1.50232
rc_a33_point_primary_hn1,2,1280,5280,-0.375677,1.11773
rc_a33_point_primary_hn1,2,1281,5281,-0.953133,0.816228
rc_a33_point_primary_hn1,2,1282,5282,-0.971741,0.80354
rc_a33_point_primary_hn1,2,1283,5283,-0.991194,0.78821
rc_a33_point_primary_hn1,2,1284,5284,-0.706065,0.519844
rc_a33_point_primary_hn1,2,1285,5285,-0.617932,1.02151
rc_a33_point_primary_hn1,2,1286,5286,-0.620692,0.933826
rc_a33_point_primary_hn1,2,1287,5287,-0.549277,0.853944
rc_a33_point_primary_hn1,2,1288,5288,-0.489241,0.733679
rc_a33_point_primary_hn1,2,1289,5289,-0.631275,0.334878
rc_a33_point_primary_hn1,2,1290,5290,-0.773189,0.349496
rc_a33_point_primary_hn1,2,1291,5291,-0.940745,0.483513
rc_a33_point_primary_hn1,2,1292,5292,-0.778921,0.426923
rc_a33_point_primary_hn1,2,1293,5293,-0.236606,0.762082
rc_a33_point_primary_hn1,2,1294,5294,0.0243763,0.874854
rc_a33_point_primary_hn1,2,1295,5295,-0.123581,0.90945
rc_a33_point_primary_hn1,2,1296,5296,-0.207539,0.869954
rc_a33_point_primary_hn1,2,1297,5297,-0.141829,0.811756
rc_a33_point_primary_hn1,2,1298,5298,-0.28838,0.865212
rc_a33_point_primary_hn1,2,1299,5299,-0.304946,0.827529
rc_a33_point_primary_hn1,2,1300,5300,-0.234111,0.759625
rc_a33_point_primary_hn1,2,1301,5301,-0.223142,0.825561
rc_a33_point_primary_hn1,2,1302,5302,-0.182737,0.927804
rc_a33_point_primary_hn1,2,1303,5303,-0.165265,0.831021
rc_a33_point_primary_hn1,2,1304,5304,-0.26451,0.602103
rc_a33_point_primary_hn1,2,1305,5305,-0.267418,0.479681
rc_a33_point_primary_hn1,2,1306,5306,-0.879399,0.866568
rc_a33_point_primary_hn1,2,1307,5307,-0.894616,0.844492
rc_a33_point_primary_hn1,2,1308,5308,-1.19022,1.06525
rc_a33_point_primary_hn1,2,1309,5309,-1.15063,1.16721
rc_a33_point_primary_hn1,2,1310,5310,-1.07264,0.847385
rc_a33_point_primary_hn1,2,1311,5311,-1.02439,1.05439
rc_a33_point_primary_hn1,2,1312,5312,-1.08384,0.961767
rc_a33_point_primary_hn1,2,1313,5313,-0.694521,0.572002
rc_a33_point_primary_hn1,2,1314,5314,-0.634435,0.593181
rc_a33_point_primary_hn1,2,1315,5315,-0.877545,0.551739
rc_a33_point_primary_hn1,2,1316,5316,-0.720202,0.645763
rc_a33_point_primary_hn1,2,1317,5317,-0.729475,0.630157
rc_a33_point_primary_hn1,2,1318,5318,-0.601098,0.562755
rc_a33_point_primary_hn1,2,1319,5319,-0.636749,0.458716
rc_a33_point_primary_hn1,2,1320,5320,-0.578103,0.481073
rc_a33_point_primary_hn1,2,1321,5321,-0.481732,0.484721
rc_a33_point_primary_hn1,2,1322,5322,-0.533624,0.516069
rc_a33_point_primary_hn1,2,1323,5323,-0.569806,0.355849
rc_a33_point_primary_hn1,2,1324,5324,-0.50519,0.355362
rc_a33_point_primary_hn1,2,1325,5325,-0.502177,0.483109
rc_a33_point_primary_hn1,2,1326,5326,-0.608246,0.573317
rc_a33_point_primary_hn1,2,1327,5327,-1.14799,0.670301
rc_a33_point_primary_hn1,2,1328,5328,-0.797074,0.947666
rc_a33_point_primary_hn1,2,1329,5329,-0.750749,0.948618
rc_a33_point_primary_hn1,2,1330,5330,-0.746064,0.994579
rc_a33_point_primary_hn1,2,1331,5331,-0.495434,0.758808
rc_a33_point_primary_hn1,2,1332,5332,-0.637374,0.814165
rc_a33_point_primary_hn1,2,1333,5333,-0.535665,1.03842
rc_a33_point_primary_hn1,2,1334,5334,-0.519932,0.987235
rc_a33_point_primary_hn1,2,1335,5335,-0.536982,0.501406
rc_a33_point_primary_hn1,2,1336,5336,-0.541422,0.712832
rc_a33_point_primary_hn1,2,1337,5337,-0.515767,0.671314
rc_a33_point_primary_hn1,2,1338,5338,-0.553522,0.689641
rc_a33_point_primary_hn1,2,1339,5339,-0.297891,0.904518
rc_a33_point_primary_hn1,2,1340,5340,-0.446057,0.652008
rc_a33_point_primary_hn1,2,1341,5341,-0.560479,0.541744
rc_a33_point_primary_hn1,2,1342,5342,-0.488831,0.572804
rc_a33_point_primary_hn1,2,1343,5343,-0.823952,0.577869
rc_a33_point_primary_hn1,2,1344,5344,-0.537614,0.743736
rc_a33_point_primary_hn1,2,1345,5345,-0.416708,0.986485
rc_a33_point_primary_hn1,2,1346,5346,-0.824199,0.611713
rc_a33_point_primary_hn1,2,1347,5347,-0.738875,0.631733
rc_a33_point_primary_hn1,2,1348,5348,-0.892242,0.705867
rc_a33_point_primary_hn1,2,1349,5349,-0.955017,0.720659
rc_a33_point_primary_hn1,2,1350,5350,-0.905677,0.797875
rc_a33_point_primary_hn1,2,1351,5351,-0.726872,0.634794
rc_a33_point_primary_hn1,2,1352,5352,-0.647843,0.490202
rc_a33_point_primary_hn1,2,1353,5353,-0.493943,0.430288
rc_a33_point_primary_hn1,2,1354,5354,-0.351468,0.588411
rc_a33_point_primary_hn1,2,1355,5355,-0.251276,0.556053
rc_a33_point_primary_hn1,2,1356,5356,-0.584142,0.38786
rc_a33_point_primary_hn1,2,1357,5357,-0.553404,0.418023
rc_a33_point_primary_hn1,2,1358,5358,-0.653619,0.545632
rc_a33_point_primary_hn1,2,1359,5359,-0.608555,0.492062
rc_a33_point_primary_hn1,2,1360,5360,-0.926575,0.936051
rc_a33_point_primary_hn1,2,1361,5361,-0.727673,0.76658
rc_a33_point_primary_hn1,2,1362,5362,-0.750454,0.797724
rc_a33_point_primary_hn1,2,1363,5363,-0.705751,0.783515
rc_a33_point_primary_hn1,2,1364,5364,-0.288428,0.740499
rc_a33_point_primary_hn1,2,1365,5365,-0.408759,0.761249
rc_a33_point_primary_hn1,2,1366,5366,-0.525915,0.896877
rc_a33_point_primary_hn1,2,1367,5367,-0.454308,0.553349
rc_a33_point_primary_hn1,2,1368,5368,-0.952384,0.934286
rc_a33_point_primary_hn1,2,1369,5369,-0.812363,0.505277
rc_a33_point_primary_hn1,2,1370,5370,-0.810436,0.504098
rc_a33_point_primary_hn1,2,1371,5371,-0.826946,0.354087
rc_a33_point_primary_hn1,2,1372,5372,-0.833816,0.421237
rc_a33_point_primary_hn1,2,1373,5373,-0.901578,0.451523
rc_a33_point_primary_hn1,2,1374,5374,-0.746474,0.398649
rc_a33_point_primary_hn1,2,1375,5375,-0.807476,0.537444
rc_a33_point_primary_hn1,2,1376,5376,-0.899121,0.635432
rc_a33_point_primary_hn1,2,1377,5377,-0.637857,0.44933
rc_a33_point_primary_hn1,2,1378,5378,-0.520055,0.402811
rc_a33_point_primary_hn1,2,1379,5379,-0.538026,0.345457
rc_a33_point_primary_hn1,2,1380,5380,-0.466951,0.6947
rc_a33_point_primary_hn1,2,1381,5381,-0.53171,0.411667
rc_a33_point_primary_hn1,2,1382,5382,-0.55293,0.324602
rc_a33_point_primary_hn1,2,1383,5383,-0.548172,0.485184
rc_a33_point_primary_hn1,2,1384,5384,-0.957162,0.335374
rc_a33_point_primary_hn1,2,1385,5385,-0.966011,0.447673
rc_a33_point_primary_hn1,2,1386,5386,-0.907104,0.450138
rc_a33_point_primary_hn1,2,1387,5387,-0.890909,0.618371
rc_a33_point_primary_hn1,2,1388,5388,-0.863742,0.661577
rc_a33_point_primary_hn1,2,1389,5389,-0.888602,0.570002
rc_a33_point_primary_hn1,2,1390,5390,-0.67593,0.725322
rc_a33_point_primary_hn1,2,1391,5391,-0.577523,0.42987
rc_a33_point_primary_hn1,2,1392,5392,-0.485419,0.507669
rc_a33_point_primary_hn1,2,1393,5393,-0.489505,0.585294
rc_a33_point_primary_hn1,2,1394,5394,-0.35384,0.521186
rc_a33_point_primary_hn1,2,1395,5395,-0.490688,0.520183
rc_a33_point_primary_hn1,2,1396,5396,-0.63425,0.389822
rc_a33_point_primary_hn1,2,1397,5397,-0.604514,0.485393
rc_a33_point_primary_hn1,2,1398,5398,-0.708876,0.47611
rc_a33_point_primary_hn1,2,1399,5399,-0.571709,1.09754
rc_a33_point_primary_hn1,2,1400,5400,-0.706042,0.931285
rc_a33_point_primary_hn1,2,1401,5401,-0.770348,0.890838
rc_a33_point_primary_hn1,2,1402,5402,-0.857931,0.834247
rc_a33_point_primary_hn1,2,1403,5403,-0.695849,0.741398
rc_a33_point_primary_hn1,2,1404,5404,-0.96065,0.468482
rc_a33_point_primary_hn1,2,1405,5405,-0.953774,0.514383
rc_a33_point_primary_hn1,2,1406,5406,-0.766482,0.607067
rc_a33_point_primary_hn1,2,1407,5407,-0.745928,0.601104
rc_a33_point_primary_hn1,2,1408,5408,-0.650572,0.340022
rc_a33_point_primary_hn1,2,1409,5409,-0.533509,0.344745
rc_a33_point_primary_hn1,2,1410,5410,0.296182,2.25224
rc_a33_point_primary_hn1,2,1411,5411,0.244729,2.21949
rc_a33_point_primary_hn1,2,1412,5412,0.294321,2.22034
rc_a33_point_primary_hn1,2,1413,5413,-0.645971,0.7688
rc_a33_point_primary_hn1,2,1414,5414,-0.568645,0.651352
rc_a33_point_primary_hn1,2,1415,5415,-0.654391,0.860595
rc_a33_point_primary_hn1,2,1416,5416,-0.171025,0.857985
rc_a33_point_primary_hn1,2,1417,5417,-0.317991,0.781908
rc_a33_point_primary_hn1,2,1418,5418,-0.398652,0.506954
rc_a33_point_primary_hn1,2,1419,5419,-0.28645,0.601277
rc_a33_point_primary_hn1,2,1420,5420,-0.234387,0.53325
rc_a33_point_primary_hn1,2,1421,5421,-0.349905,0.50633
rc_a33_point_primary_hn1,2,1422,5422,-0.585451,0.80159
rc_a33_point_primary_hn1,2,1423,5423,-0.675317,0.733945
rc_a33_point_primary_hn1,2,1424,5424,-0.668819,0.73146
rc_a33_point_primary_hn1,2,1425,5425,-0.657028,0.744279
rc_a33_point_primary_hn1,2,1426,5426,-0.418965,0.916186
rc_a33_point_primary_hn1,2,1427,5427,-0.778242,0.920625
rc_a33_point_primary_hn1,2,1428,5428,-0.553269,0.79885
rc_a33_point_primary_hn1,2,1429,5429,-0.393482,1.39272
rc_a33_point_primary_hn1,2,1430,5430,-0.394875,0.939045
rc_a33_point_primary_hn1,2,1431,5431,-0.53004,0.508007
rc_a33_point_primary_hn1,2,1432,5432,-0.440799,0.379609
rc_a33_point_primary_hn1,2,1433,5433,-0.762853,0.46914
rc_a33_point_primary_hn1,2,1434,5434,-0.760657,0.241384
rc_a33_point_primary_hn1,2,1435,5435,-0.577774,0.53193
rc_a33_point_primary_hn1,2,1436,5436,-0.776848,0.474475
rc_a33_point_primary_hn1,2,1437,5437,-0.623738,0.683606
rc_a33_point_primary_hn1,2,1438,5438,-0.765806,0.514544
rc_a33_point_primary_hn1,2,1439,5439,-0.70891,0.589935
rc_a33_point_primary_hn1,2,1440,5440,-0.567084,0.460032
rc_a33_point_primary_hn1,2,1441,5441,-0.70399,0.661328
rc_a33_point_primary_hn1,2,1442,5442,-0.731339,0.33659
rc_a33_point_primary_hn1,2,1443,5443,-1.33796,0.786552
rc_a33_point_primary_hn1,2,1444,5444,-0.785664,0.404041
rc_a33_point_primary_hn1,2,1445,5445,-0.757674,0.403378
rc_a33_point_primary_hn1,2,1446,5446,-0.831222,0.337646
rc_a33_point_primary_hn1,2,1447,5447,-0.781799,0.450887
rc_a33_point_primary_hn1,2,1448,5448,-0.569611,0.392385
rc_a33_point_primary_hn1,2,1449,5449,-0.7217,0.500916
rc_a33_point_primary_hn1,2,1450,5450,-0.607143,0.492482
rc_a33_point_primary_hn1,2,1451,5451,-0.692756,0.646951
rc_a33_point_primary_hn1,2,1452,5452,-0.766203,0.286354
rc_a33_point_primary_hn1,2,1453,5453,-0.783329,0.291814
rc_a33_point_primary_hn1,2,1454,5454,-0.799648,0.612351
rc_a33_point_primary_hn1,2,1455,5455,-0.759417,0.549683
rc_a33_point_primary_hn1,2,1456,5456,-0.736879,0.751082
rc_a33_point_primary_hn1,2,1457,5457,-0.868079,0.445091
rc_a33_point_primary_hn1,2,1458,5458,-0.833999,0.434429
rc_a33_point_primary_hn1,2,1459,5459,-0.909388,0.470545
rc_a33_point_primary_hn1,2,1460,5460,-1.12074,0.546226
rc_a33_point_primary_hn1,2,1461,5461,-0.56242,0.379656
rc_a33_point_primary_hn1,2,1462,5462,-0.461651,0.38249
rc_a33_point_primary_hn1,2,1463,5463,-0.615841,0.417602
rc_a33_point_primary_hn1,2,1464,5464,-0.614566,0.427873
rc_a33_point_primary_hn1,2,1465,5465,-0.744985,0.568877
rc_a33_point_primary_hn1,2,1466,5466,-0.961506,0.318812
rc_a33_point_primary_hn1,2,1467,5467,-1.06417,0.423379
rc_a33_point_primary_hn1,2,1468,5468,-1.28497,0.530149
rc_a33_point_primary_hn1,2,1469,5469,-0.171633,0.642973
rc_a33_point_primary_hn1,2,1470,5470,-0.830909,0.717102
rc_a33_point_primary_hn1,2,1471,5471,-1.05881,0.635674
rc_a33_point_primary_hn1,2,1472,5472,-0.988738,0.56556
rc_a33_point_primary_hn1,2,1473,5473,-0.984708,0.615683
rc_a33_point_primary_hn1,2,1474,5474,-0.909335,0.638546
rc_a33_point_primary_hn1,2,1475,5475,-0.935778,0.584561
rc_a33_point_primary_hn1,2,1476,5476,-1.15704,0.725657
rc_a33_point_primary_hn1,2,1477,5477,-0.96645,0.604095
rc_a33_point_primary_hn1,2,1478,5478,-0.632736,1.1198
rc_a33_point_primary_hn1,2,1479,5479,-0.674687,1.32509
rc_a33_point_primary_hn1,2,1480,5480,-0.811677,1.0815
rc_a33_point_primary_hn1,2,1481,5481,-0.799252,1.04481
rc_a33_point_primary_hn1,2,1482,5482,-0.754517,0.867539
rc_a33_point_primary_hn1,2,1483,5483,-0.898664,0.71512
rc_a33_point_primary_hn1,2,1484,5484,-0.8381,0.68624
rc_a33_point_primary_hn1,2,1485,5485,-0.726578,0.639068
rc_a33_point_primary_hn1,2,1486,5486,-0.933749,0.838461
rc_a33_point_primary_hn1,2,1487,5487,-0.686214,0.759962
rc_a33_point_primary_hn1,2,1488,5488,-0.30037,0.618318
rc_a33_point_primary_hn1,2,1489,5489,-0.623909,0.49649
rc_a33_point_primary_hn1,2,1490,5490,-0.620707,0.525986
rc_a33_point_primary_hn1,2,1491,5491,-0.916494,0.592603
rc_a33_point_primary_hn1,2,1492,5492,-0.748879,0.653807
rc_a33_point_primary_hn1,2,1493,5493,-1.00459,0.599749
rc_a33_point_primary_hn1,2,1494,5494,-1.04057,0.723097
rc_a33_point_primary_hn1,2,1495,5495,-1.11331,0.757932
rc_a33_point_primary_hn1,2,1496,5496,-0.83133,0.610646
rc_a33_point_primary_hn1,2,1497,5497,-0.829116,0.530645
rc_a33_point_primary_hn1,2,1498,5498,-0.847441,0.468001
rc_a33_point_primary_hn1,2,1499,5499,-0.866089,0.436264
rc_a33_point_primary_hn1,2,1500,5500,-0.85641,0.389627
rc_a33_point_primary_hn1,2,1501,5501,-1.36338,0.661377
rc_a33_point_primary_hn1,2,1502,5502,-1.32372,0.535917
rc_a33_point_primary_hn1,2,1503,5503,-0.952387,0.433189
rc_a33_point_primary_hn1,2,1504,5504,-0.679562,0.577435
rc_a33_point_primary_hn1,2,1505,5505,-0.73881,0.48662300000000003
rc_a33_point_primary_hn1,2,1506,5506,-0.644339,0.464071
rc_a33_point_primary_hn1,2,1507,5507,-0.629872,0.513908
rc_a33_point_primary_hn1,2,1508,5508,-0.861109,0.570546
rc_a33_point_primary_hn1,2,1509,5509,-0.686131,0.501858
rc_a33_point_primary_hn1,2,1510,5510,-0.650142,0.705144
rc_a33_point_primary_hn1,2,1511,5511,-1.15431,0.466914
rc_a33_point_primary_hn1,2,1512,5512,-1.09164,0.568969
rc_a33_point_primary_hn1,2,1513,5513,-0.443337,0.399323
rc_a33_point_primary_hn1,2,1514,5514,-0.535232,0.405333
rc_a33_point_primary_hn1,2,1515,5515,-0.710782,0.507193
rc_a33_point_primary_hn1,2,1516,5516,-0.841701,0.446202
rc_a33_point_primary_hn1,2,1517,5517,-0.824643,0.491723
rc_a33_point_primary_hn1,2,1518,5518,-0.689388,0.41017
rc_a33_point_primary_hn1,2,1519,5519,-0.611139,0.397834
rc_a33_point_primary_hn1,2,1520,5520,-0.680774,0.457508
rc_a33_point_primary_hn1,2,1521,5521,-0.900903,0.556463
rc_a33_point_primary_hn1,2,1522,5522,-0.951375,0.344798
rc_a33_point_primary_hn1,2,1523,5523,-0.60429600000000006,0.462089
rc_a33_point_primary_hn1,2,1524,5524,-0.565688,0.531714
rc_a33_point_primary_hn1,2,1525,5525,-1.10396,0.592602
rc_a33_point_primary_hn1,2,1526,5526,-1.18511,0.739806
rc_a33_point_primary_hn1,2,1527,5527,-1.16674,0.720203
rc_a33_point_primary_hn1,2,1528,5528,-0.743669,0.745532
rc_a33_point_primary_hn1,2,1529,5529,-0.564587,0.574894
rc_a33_point_primary_hn1,2,1530,5530,-0.576205,0.337775
rc_a33_point_primary_hn1,2,1531,5531,-0.599177,0.440096
rc_a33_point_primary_hn1,2,1532,5532,-0.513214,0.436071
rc_a33_point_primary_hn1,2,1533,5533,-0.538753,0.45317
rc_a33_point_primary_hn1,2,1534,5534,-0.555189,0.437673
rc_a33_point_primary_hn1,2,1535,5535,-0.438999,0.489079
rc_a33_point_primary_hn1,2,1536,5536,-0.356982,0.765215
rc_a33_point_primary_hn1,2,1537,5537,-0.46709,0.636135
rc_a33_point_primary_hn1,2,1538,5538,-1.26074,0.652293
rc_a33_point_primary_hn1,2,1539,5539,-1.31875,0.784137
rc_a33_point_primary_hn1,2,1540,5540,-1.25467,0.869103
rc_a33_point_primary_hn1,2,1541,5541,-1.19857,0.632298
rc_a33_point_primary_hn1,2,1542,5542,-0.848605,0.621708
rc_a33_point_primary_hn1,2,1543,5543,-0.555025,1.35112
rc_a33_point_primary_hn1,2,1544,5544,-0.563424,0.438461
rc_a33_point_primary_hn1,2,1545,5545,-0.578722,0.723849
rc_a33_point_primary_hn1,2,1546,5546,-0.766581,0.370202
rc_a33_point_primary_hn1,2,1547,5547,-0.943866,1.15376
rc_a33_point_primary_hn1,2,1548,5548,-0.898673,0.797953
rc_a33_point_primary_hn1,2,1549,5549,-0.866581,0.815055
rc_a33_point_primary_hn1,2,1550,5550,-0.890172,0.731198
rc_a33_point_primary_hn1,2,1551,5551,-0.466518,0.536578
rc_a33_point_primary_hn1,2,1552,5552,-0.411806,0.546637
rc_a33_point_primary_hn1,2,1553,5553,-0.681828,0.416402
rc_a33_point_primary_hn1,2,1554,5554,-0.813981,0.499964
rc_a33_point_primary_hn1,2,1555,5555,-0.683513,0.473098
rc_a33_point_primary_hn1,2,1556,5556,-0.81608,0.375402
rc_a33_point_primary_hn1,2,1557,5557,-0.795608,0.47561
rc_a33_point_primary_hn1,2,1558,5558,-0.714672,0.576568
rc_a33_point_primary_hn1,2,1559,5559,-0.779116,0.401185
rc_a33_point_primary_hn1,2,1560,5560,-0.729758,0.269641
rc_a33_point_primary_hn1,2,1561,5561,-0.809203,0.30555
rc_a33_point_primary_hn1,2,1562,5562,-0.630011,0.490686
rc_a33_point_primary_hn1,2,1563,5563,-0.738593,0.50855
rc_a33_point_primary_hn1,2,1564,5564,-0.582686,0.404351
rc_a33_point_primary_hn1,2,1565,5565,-1.11204,0.558523
rc_a33_point_primary_hn1,2,1566,5566,-1.03262,0.419394
rc_a33_point_primary_hn1,2,1567,5567,-1.12304,0.359359
rc_a33_point_primary_hn1,2,1568,5568,-0.855877,0.539832
rc_a33_point_primary_hn1,2,1569,5569,-0.909235,0.471582
rc_a33_point_primary_hn1,2,1570,5570,-0.810206,0.404376
rc_a33_point_primary_hn1,2,1571,5571,-0.914039,0.581786
rc_a33_point_primary_hn1,2,1572,5572,-0.729053,0.442342
rc_a33_point_primary_hn1,2,1573,5573,-0.730189,0.756649
rc_a33_point_primary_hn1,2,1574,5574,-0.610239,0.607787
rc_a33_point_primary_hn1,2,1575,5575,-0.543099,1.0523
rc_a33_point_primary_hn1,2,1576,5576,-0.854157,0.634646
rc_a33_point_primary_hn1,2,1577,5577,-0.658028,0.94212
rc_a33_point_primary_hn1,2,1578,5578,-0.894711,0.839682
rc_a33_point_primary_hn1,2,1579,5579,-0.953911,1.01347
rc_a33_point_primary_hn1,2,1580,5580,-0.327748,1.01171
rc_a33_point_primary_hn1,2,1581,5581,-0.367543,1.02794
rc_a33_point_primary_hn1,2,1582,5582,-0.389033,1.1051
rc_a33_point_primary_hn1,2,1583,5583,-0.362656,1.07655
rc_a33_point_primary_hn1,2,1584,5584,-0.523635,0.794092
rc_a33_point_primary_hn1,2,1585,5585,-0.765635,0.858316
rc_a33_point_primary_hn1,2,1586,5586,-0.634008,0.860532
rc_a33_point_primary_hn1,2,1587,5587,-0.718887,0.716846
rc_a33_point_primary_hn1,2,1588,5588,-0.812014,0.520119
rc_a33_point_primary_hn1,2,1589,5589,-0.887764,0.409698
rc_a33_point_primary_hn1,2,1590,5590,-0.941025,0.515836
rc_a33_point_primary_hn1,2,1591,5591,-1.01201,0.493015
rc_a33_point_primary_hn1,2,1592,5592,-0.917205,0.44367
rc_a33_point_primary_hn1,2,1593,5593,-0.718411,0.371817
rc_a33_point_primary_hn1,2,1594,5594,-0.824106,0.835043
rc_a33_point_primary_hn1,2,1595,5595,-0.855042,0.83435
rc_a33_point_primary_hn1,2,1596,5596,-0.74556,0.808332
rc_a33_point_primary_hn1,2,1597,5597,-0.986538,0.986938
rc_a33_point_primary_hn1,2,1598,5598,-1.05496,0.994886
rc_a33_point_primary_hn1,2,1599,5599,-0.612829,0.838607
rc_a33_point_primary_hn1,2,1600,5600,-0.519068,0.889501
rc_a33_point_primary_hn1,2,1601,5601,-0.609823,0.604496
rc_a33_point_primary_hn1,2,1602,5602,-0.572919,0.61889
rc_a33_point_primary_hn1,2,1603,5603,-0.62801,0.660829
rc_a33_point_primary_hn1,2,1604,5604,-0.639963,0.860773
rc_a33_point_primary_hn1,2,1605,5605,-0.896409,0.585383
rc_a33_point_primary_hn1,2,1606,5606,-1.0818,0.600904
rc_a33_point_primary_hn1,2,1607,5607,-1.44333,0.840617
rc_a33_point_primary_hn1,2,1608,5608,-1.39902,0.840281
rc_a33_point_primary_hn1,2,1609,5609,-0.738373,0.690636
rc_a33_point_primary_hn1,2,1610,5610,-0.75813,0.492077
rc_a33_point_primary_hn1,2,1611,5611,-0.673133,0.520092
rc_a33_point_primary_hn1,2,1612,5612,-0.81645,0.681716
rc_a33_point_primary_hn1,2,1613,5613,-1.06986,0.633712
rc_a33_point_primary_hn1,2,1614,5614,-0.803151,0.545412
rc_a33_point_primary_hn1,2,1615,5615,-0.684133,0.618549
rc_a33_point_primary_hn1,2,1616,5616,-0.980565,0.655067
rc_a33_point_primary_hn1,2,1617,5617,-0.277448,0.553546
rc_a33_point_primary_hn1,2,1618,5618,-0.0740419,0.959969
rc_a33_point_primary_hn1,2,1619,5619,-0.364215,0.679907
rc_a33_point_primary_hn1,2,1620,5620,-0.501555,0.633266
rc_a33_point_primary_hn1,2,1621,5621,-0.422977,0.553373
rc_a33_point_primary_hn1,2,1622,5622,-0.530616,0.572325
rc_a33_point_primary_hn1,2,1623,5623,-0.397877,0.557338
rc_a33_point_primary_hn1,2,1624,5624,-1.09903,0.536839
rc_a33_point_primary_hn1,2,1625,5625,-1.10345,0.571874
rc_a33_point_primary_hn1,2,1626,5626,-0.713836,0.915482
rc_a33_point_primary_hn1,2,1627,5627,-0.643444,0.632724
rc_a33_point_primary_hn1,2,1628,5628,-0.45201,0.747989
rc_a33_point_primary_hn1,2,1629,5629,-0.376349,0.741876
rc_a33_point_primary_hn1,2,1630,5630,-0.825312,0.54345
rc_a33_point_primary_hn1,2,1631,5631,-0.841343,0.328803
rc_a33_point_primary_hn1,2,1632,5632,-0.914461,0.557176
rc_a33_point_primary_hn1,2,1633,5633,-0.880224,0.580563
rc_a33_point_primary_hn1,2,1634,5634,-0.435179,0.380102
rc_a33_point_primary_hn1,2,1635,5635,-0.690253,0.934684
rc_a33_point_primary_hn1,2,1636,5636,-1.00926,0.380161
rc_a33_point_primary_hn1,2,1637,5637,-0.921699,0.477481
rc_a33_point_primary_hn1,2,1638,5638,-0.987158,0.450304
rc_a33_point_primary_hn1,2,1639,5639,-1.0189,0.514915
rc_a33_point_primary_hn1,2,1640,5640,-0.863424,0.563885
rc_a33_point_primary_hn1,2,1641,5641,-1.17311,0.643101
rc_a33_point_primary_hn1,2,1642,5642,-1.16531,0.675488
rc_a33_point_primary_hn1,2,1643,5643,-1.32309,0.503583
rc_a33_point_primary_hn1,2,1644,5644,-1.26376,0.533368
rc_a33_point_primary_hn1,2,1645,5645,-0.760676,0.583213
rc_a33_point_primary_hn1,2,1646,5646,-0.724322,0.876191
rc_a33_point_primary_hn1,2,1647,5647,-0.746216,1.22964
rc_a33_point_primary_hn1,2,1648,5648,-0.746327,1.33899
rc_a33_point_primary_hn1,2,1649,5649,-0.884016,0.581859
rc_a33_point_primary_hn1,2,1650,5650,-1.16532,1.06369
rc_a33_point_primary_hn1,2,1651,5651,-1.17179,1.51107
rc_a33_point_primary_hn1,2,1652,5652,-1.23658,1.32725
rc_a33_point_primary_hn1,2,1653,5653,-1.16875,1.60682
rc_a33_point_primary_hn1,2,1654,5654,-1.10049,1.5558
rc_a33_point_primary_hn1,2,1655,5655,-0.709882,1.45416
rc_a33_point_primary_hn1,2,1656,5656,-0.795432,1.39834
rc_a33_point_primary_hn1,2,1657,5657,-1.16228,0.748366
rc_a33_point_primary_hn1,2,1658,5658,-1.09167,0.446872
rc_a33_point_primary_hn1,2,1659,5659,-0.935988,0.562423
rc_a33_point_primary_hn1,2,1660,5660,-0.919516,0.370076
rc_a33_point_primary_hn1,2,1661,5661,-0.706074,0.572956
rc_a33_point_primary_hn1,2,1662,5662,-0.932103,0.409909
rc_a33_point_primary_hn1,2,1663,5663,-0.70021,0.43378100000000003
rc_a33_point_primary_hn1,2,1664,5664,-1.01013,0.382436
rc_a33_point_primary_hn1,2,1665,5665,-0.928057,0.422721
rc_a33_point_primary_hn1,2,1666,5666,-1.28169,0.650712
rc_a33_point_primary_hn1,2,1667,5667,-0.820274,0.368963
rc_a33_point_primary_hn1,2,1668,5668,-1.0763,0.409528
rc_a33_point_primary_hn1,2,1669,5669,-1.06533,0.41801
rc_a33_point_primary_hn1,2,1670,5670,-1.29442,1.09553
rc_a33_point_primary_hn1,2,1671,5671,-1.19506,0.561306
rc_a33_point_primary_hn1,2,1672,5672,-0.561916,0.586697
rc_a33_point_primary_hn1,2,1673,5673,-0.95349,0.449952
rc_a33_point_primary_hn1,2,1674,5674,-0.804513,0.307036
rc_a33_point_primary_hn1,2,1675,5675,-0.790408,0.29057500000000003
rc_a33_point_primary_hn1,2,1676,5676,-0.8544,0.498725
rc_a33_point_primary_hn1,2,1677,5677,-0.742728,0.383646
rc_a33_point_primary_hn1,2,1678,5678,-0.867052,0.290216
rc_a33_point_primary_hn1,2,1679,5679,-0.80874,0.309703
rc_a33_point_primary_hn1,2,1680,5680,-0.656271,0.214488
rc_a33_point_primary_hn1,2,1681,5681,-0.833086,0.350818
rc_a33_point_primary_hn1,2,1682,5682,-0.829733,0.386988
rc_a33_point_primary_hn1,2,1683,5683,-0.897589,0.613637
rc_a33_point_primary_hn1,2,1684,5684,-0.903358,0.543033
rc_a33_point_primary_hn1,2,1685,5685,-0.744687,0.837837
rc_a33_point_primary_hn1,2,1686,5686,-0.842916,0.740971
rc_a33_point_primary_hn1,2,1687,5687,-0.824975,0.733651
rc_a33_point_primary_hn1,2,1688,5688,-0.790568,0.820322
rc_a33_point_primary_hn1,2,1689,5689,-1.03345,0.82368
rc_a33_point_primary_hn1,2,1690,5690,-0.992538,0.927613
rc_a33_point_primary_hn1,2,1691,5691,-0.852948,0.583337
rc_a33_point_primary_hn1,2,1692,5692,-1.16798,0.832664
rc_a33_point_primary_hn1,2,1693,5693,-1.08135,0.577636
rc_a33_point_primary_hn1,2,1694,5694,-0.57377,0.400007
rc_a33_point_primary_hn1,2,1695,5695,-0.542342,0.494546
rc_a33_point_primary_hn1,2,1696,5696,-0.472248,0.524386
rc_a33_point_primary_hn1,2,1697,5697,-0.449125,0.693042
rc_a33_point_primary_hn1,2,1698,5698,-0.508052,0.537274
rc_a33_point_primary_hn1,2,1699,5699,-0.396656,0.681206
rc_a33_point_primary_hn1,2,1700,5700,-0.467458,0.510389
rc_a33_point_primary_hn1,2,1701,5701,-0.57685,0.471879
rc_a33_point_primary_hn1,2,1702,5702,-0.477268,1.11102
rc_a33_point_primary_hn1,2,1703,5703,-0.384554,0.874144
rc_a33_point_primary_hn1,2,1704,5704,-0.985337,0.597799
rc_a33_point_primary_hn1,2,1705,5705,-0.969231,0.485327
rc_a33_point_primary_hn1,2,1706,5706,-1.01551,0.667981
rc_a33_point_primary_hn1,2,1707,5707,-0.985296,0.610909
rc_a33_point_primary_hn1,2,1708,5708,-1.12185,0.695705
rc_a33_point_primary_hn1,2,1709,5709,-0.869599,0.505413
rc_a33_point_primary_hn1,2,1710,5710,-0.673571,0.630107
rc_a33_point_primary_hn1,2,1711,5711,-0.91344,0.766717
rc_a33_point_primary_hn1,2,1712,5712,-0.91831,0.785401
rc_a33_point_primary_hn1,2,1713,5713,-0.931066,0.856926
rc_a33_point_primary_hn1,2,1714,5714,-0.942399,0.732986
rc_a33_point_primary_hn1,2,1715,5715,-0.61913,0.378707
rc_a33_point_primary_hn1,2,1716,5716,-0.736646,0.381035
rc_a33_point_primary_hn1,2,1717,5717,-0.542776,0.406004
rc_a33_point_primary_hn1,2,1718,5718,-0.780367,0.453347
rc_a33_point_primary_hn1,2,1719,5719,-0.683304,0.496175
rc_a33_point_primary_hn1,2,1720,5720,-1.01509,0.705379
rc_a33_point_primary_hn1,2,1721,5721,-0.735666,0.975508
rc_a33_point_primary_hn1,2,1722,5722,-0.81145,0.913339
rc_a33_point_primary_hn1,2,1723,5723,-1.10256,0.394031
rc_a33_point_primary_hn1,2,1724,5724,-1.5967,0.791018
rc_a33_point_primary_hn1,2,1725,5725,-0.225961,0.444631
rc_a33_point_primary_hn1,2,1726,5726,-0.0810079,0.737297
rc_a33_point_primary_hn1,2,1727,5727,-0.294176,0.523622
rc_a33_point_primary_hn1,2,1728,5728,-0.378598,0.442383
rc_a33_point_primary_hn1,2,1729,5729,-0.614255,0.463112
rc_a33_point_primary_hn1,2,1730,5730,-0.681223,0.722617
rc_a33_point_primary_hn1,2,1731,5731,-0.75508,0.717574
rc_a33_point_primary_hn1,2,1732,5732,-0.469443,0.548695
rc_a33_point_primary_hn1,2,1733,5733,-0.296208,0.618856
rc_a33_point_primary_hn1,2,1734,5734,-0.675499,0.485968
rc_a33_point_primary_hn1,2,1735,5735,-0.676695,0.515495
rc_a33_point_primary_hn1,2,1736,5736,-0.632926,0.546773
rc_a33_point_primary_hn1,2,1737,5737,-1.06675,0.495831
rc_a33_point_primary_hn1,2,1738,5738,-1.03234,0.516585
rc_a33_point_primary_hn1,2,1739,5739,-1.32949,0.840493
rc_a33_point_primary_hn1,2,1740,5740,-1.39107,0.784701
rc_a33_point_primary_hn1,2,1741,5741,-1.09019,0.401821
rc_a33_point_primary_hn1,2,1742,5742,-0.615948,0.356687
rc_a33_point_primary_hn1,2,1743,5743,-0.416629,0.505117
rc_a33_point_primary_hn1,2,1744,5744,-0.361468,0.481588
rc_a33_point_primary_hn1,2,1745,5745,-0.480195,0.414255
rc_a33_point_primary_hn1,2,1746,5746,-0.466984,0.486419
rc_a33_point_primary_hn1,2,1747,5747,-0.33272,0.460141
rc_a33_point_primary_hn1,2,1748,5748,-0.324094,0.471034
rc_a33_point_primary_hn1,2,1749,5749,-1.3153,0.810365
rc_a33_point_primary_hn1,2,1750,5750,-1.05588,0.63333
rc_a33_point_primary_hn1,2,1751,5751,-1.29012,0.502447
rc_a33_point_primary_hn1,2,1752,5752,-1.14268,0.449443
rc_a33_point_primary_hn1,2,1753,5753,-0.574842,0.904697
rc_a33_point_primary_hn1,2,1754,5754,-0.401615,0.93588
rc_a33_point_primary_hn1,2,1755,5755,-0.605233,0.644858
rc_a33_point_primary_hn1,2,1756,5756,-0.491351,0.476096
rc_a33_point_primary_hn1,2,1757,5757,-0.838068,0.617164
rc_a33_point_primary_hn1,2,1758,5758,-0.863505,0.657511
rc_a33_point_primary_hn1,2,1759,5759,-0.594642,1.00124
rc_a33_point_primary_hn1,2,1760,5760,-0.990737,0.695378
rc_a33_point_primary_hn1,2,1761,5761,-1.17247,0.585135
rc_a33_point_primary_hn1,2,1762,5762,-0.825609,0.984975
rc_a33_point_primary_hn1,2,1763,5763,-0.888674,1.06008
rc_a33_point_primary_hn1,2,1764,5764,-0.817398,0.984594
rc_a33_point_primary_hn1,2,1765,5765,-0.865248,0.765125
rc_a33_point_primary_hn1,2,1766,5766,-0.897747,0.927212
rc_a33_point_primary_hn1,2,1767,5767,-0.750806,0.94242
rc_a33_point_primary_hn1,2,1768,5768,-0.866882,0.586967
rc_a33_point_primary_hn1,2,1769,5769,-0.847869,0.468144
rc_a33_point_primary_hn1,2,1770,5770,-0.438814,0.658693
rc_a33_point_primary_hn1,2,1771,5771,-0.55363,0.534887
rc_a33_point_primary_hn1,2,1772,5772,-0.466525,0.540266
rc_a33_point_primary_hn1,2,1773,5773,-0.698357,0.730487
rc_a33_point_primary_hn1,2,1774,5774,-0.875917,0.736338
rc_a33_point_primary_hn1,2,1775,5775,-0.857721,0.75311
rc_a33_point_primary_hn1,2,1776,5776,-0.909413,0.710461
rc_a33_point_primary_hn1,2,1777,5777,-0.989178,0.502743
rc_a33_point_primary_hn1,2,1778,5778,-0.514764,0.295961
rc_a33_point_primary_hn1,2,1779,5779,-0.645906,0.493897
rc_a33_point_primary_hn1,2,1780,5780,-0.402013,0.40582
rc_a33_point_primary_hn1,2,1781,5781,-0.647939,1.07829
rc_a33_point_primary_hn1,2,1782,5782,-0.751071,0.429275
rc_a33_point_primary_hn1,2,1783,5783,-0.53698,0.505775
rc_a33_point_primary_hn1,2,1784,5784,-0.596107,0.455656
rc_a33_point_primary_hn1,2,1785,5785,-0.353213,1.28752
rc_a33_point_primary_hn1,2,1786,5786,-0.407692,1.16381
rc_a33_point_primary_hn1,2,1787,5787,-0.486472,0.679582
rc_a33_point_primary_hn1,2,1788,5788,-0.453993,0.754435
rc_a33_point_primary_hn1,2,1789,5789,-0.261294,0.571708
rc_a33_point_primary_hn1,2,1790,5790,-0.578178,1.1268
rc_a33_point_primary_hn1,2,1791,5791,-1.06337,0.393879
rc_a33_point_primary_hn1,2,1792,5792,-1.10119,0.435224
rc_a33_point_primary_hn1,2,1793,5793,-0.975061,0.451759
rc_a33_point_primary_hn1,2,1794,5794,-0.934219,0.527058
rc_a33_point_primary_hn1,2,1795,5795,-0.500578,0.541127
rc_a33_point_primary_hn1,2,1796,5796,-0.564668,0.788485
rc_a33_point_primary_hn1,2,1797,5797,-0.521513,0.762398
rc_a33_point_primary_hn1,2,1798,5798,-0.486228,0.926832
rc_a33_point_primary_hn1,2,1799,5799,-1.0299,0.683754
rc_a33_point_primary_hn1,2,1800,5800,-1.24279,0.870115
rc_a33_point_primary_hn1,2,1801,5801,-1.22122,0.569536
rc_a33_point_primary_hn1,2,1802,5802,-1.15852,0.513416
rc_a33_point_primary_hn1,2,1803,5803,-1.10664,0.555133
rc_a33_point_primary_hn1,2,1804,5804,-0.56902,0.83354
rc_a33_point_primary_hn1,2,1805,5805,-1.00434,0.623453
rc_a33_point_primary_hn1,2,1806,5806,-0.914224,0.451247
rc_a33_point_primary_hn1,2,1807,5807,-0.747413,0.6374
rc_a33_point_primary_hn1,2,1808,5808,-1.07072,0.873274
rc_a33_point_primary_hn1,2,1809,5809,-1.00887,0.798151
rc_a33_point_primary_hn1,2,1810,5810,-1.0025,0.67668
rc_a33_point_primary_hn1,2,1811,5811,-0.773914,0.801255
rc_a33_point_primary_hn1,2,1812,5812,-0.654983,0.64165
rc_a33_point_primary_hn1,2,1813,5813,-0.467195,0.610307
rc_a33_point_primary_hn1,2,1814,5814,-0.328879,0.332912
rc_a33_point_primary_hn1,2,1815,5815,-0.436646,0.559901
rc_a33_point_primary_hn1,2,1816,5816,-0.580907,0.348493
rc_a33_point_primary_hn1,2,1817,5817,-0.634293,0.519366
rc_a33_point_primary_hn1,2,1818,5818,-0.823379,0.617838
rc_a33_point_primary_hn1,2,1819,5819,-0.798941,0.657912
rc_a33_point_primary_hn1,2,1820,5820,-0.717747,0.52475
rc_a33_point_primary_hn1,2,1821,5821,-0.837424,0.432769
rc_a33_point_primary_hn1,2,1822,5822,-0.83764,0.321272
rc_a33_point_primary_hn1,2,1823,5823,-1.17311,0.532355
rc_a33_point_primary_hn1,2,1824,5824,-1.07279,0.438391
rc_a33_point_primary_hn1,2,1825,5825,-1.4083,1.02508
rc_a33_point_primary_hn1,2,1826,5826,-1.63955,0.962685
rc_a33_point_primary_hn1,2,1827,5827,-1.66072,1.0686
rc_a33_point_primary_hn1,2,1828,5828,-1.4836,1.44353
rc_a33_point_primary_hn1,2,1829,5829,-1.75311,1.02107
rc_a33_point_primary_hn1,2,1830,5830,-1.23704,0.808587
rc_a33_point_primary_hn1,2,1831,5831,-1.2087,0.772773
rc_a33_point_primary_hn1,2,1832,5832,-0.8749,0.323506
rc_a33_point_primary_hn1,2,1833,5833,-0.726878,0.37517
rc_a33_point_primary_hn1,2,1834,5834,-0.432579,0.545576
rc_a33_point_primary_hn1,2,1835,5835,-0.680868,0.456432
rc_a33_point_primary_hn1,2,1836,5836,-0.670782,0.411974
rc_a33_point_primary_hn1,2,1837,5837,-0.568577,0.617473
rc_a33_point_primary_hn1,2,1838,5838,-0.394717,0.447303
rc_a33_point_primary_hn1,2,1839,5839,-0.563262,0.524289
rc_a33_point_primary_hn1,2,1840,5840,-0.808453,0.955034
rc_a33_point_primary_hn1,2,1841,5841,-0.702456,0.91134
rc_a33_point_primary_hn1,2,1842,5842,-0.829275,0.92907
rc_a33_point_primary_hn1,2,1843,5843,-0.901175,0.922778
rc_a33_point_primary_hn1,2,1844,5844,-0.979524,0.750513
rc_a33_point_primary_hn1,2,1845,5845,-0.934406,0.776824
rc_a33_point_primary_hn1,2,1846,5846,-0.965473,0.812936
rc_a33_point_primary_hn1,2,1847,5847,-0.834065,0.747871
rc_a33_point_primary_hn1,2,1848,5848,-0.916625,0.728611
rc_a33_point_primary_hn1,2,1849,5849,-0.851268,0.457177
rc_a33_point_primary_hn1,2,1850,5850,-0.722913,0.654148
rc_a33_point_primary_hn1,2,1851,5851,-0.830601,0.768726
rc_a33_point_primary_hn1,2,1852,5852,-0.871318,0.5872
rc_a33_point_primary_hn1,2,1853,5853,-0.947442,0.427018
rc_a33_point_primary_hn1,2,1854,5854,-0.987711,0.524591
rc_a33_point_primary_hn1,2,1855,5855,-0.92506,1.51588
rc_a33_point_primary_hn1,2,1856,5856,-0.66742,2.12642
rc_a33_point_primary_hn1,2,1857,5857,-0.652233,0.997639
rc_a33_point_primary_hn1,2,1858,5858,-0.845738,1.06413
rc_a33_point_primary_hn1,2,1859,5859,-1.037,0.61567
rc_a33_point_primary_hn1,2,1860,5860,-1.02626,0.365152
rc_a33_point_primary_hn1,2,1861,5861,-1.00055,0.592602
rc_a33_point_primary_hn1,2,1862,5862,-0.913095,0.460657
rc_a33_point_primary_hn1,2,1863,5863,-1.38536,0.957349
rc_a33_point_primary_hn1,2,1864,5864,-1.33473,1.1792
rc_a33_point_primary_hn1,2,1865,5865,-1.40183,1.28376
rc_a33_point_primary_hn1,2,1866,5866,-2.07962,1.24846
rc_a33_point_primary_hn1,2,1867,5867,-1.90144,1.18821
rc_a33_point_primary_hn1,2,1868,5868,-1.67706,1.03807
rc_a33_point_primary_hn1,2,1869,5869,-1.53635,0.979597
rc_a33_point_primary_hn1,2,1870,5870,-0.633219,0.476839
rc_a33_point_primary_hn1,2,1871,5871,-0.34978,0.797042
rc_a33_point_primary_hn1,2,1872,5872,-0.742995,0.746896
rc_a33_point_primary_hn1,2,1873,5873,-0.688839,0.652976
rc_a33_point_primary_hn1,2,1874,5874,-0.897831,0.36808
rc_a33_point_primary_hn1,2,1875,5875,-0.833408,0.325364
rc_a33_point_primary_hn1,2,1876,5876,-0.901214,0.332746
rc_a33_point_primary_hn1,2,1877,5877,-0.734302,0.389263
rc_a33_point_primary_hn1,2,1878,5878,-0.704288,0.39524
rc_a33_point_primary_hn1,2,1879,5879,-0.836867,0.550984
rc_a33_point_primary_hn1,2,1880,5880,-0.627184,0.619495
rc_a33_point_primary_hn1,2,1881,5881,-0.711562,0.515458
rc_a33_point_primary_hn1,2,1882,5882,-0.765058,0.3749
rc_a33_point_primary_hn1,2,1883,5883,-0.658344,0.461453
rc_a33_point_primary_hn1,2,1884,5884,-0.64753,0.535176
rc_a33_point_primary_hn1,2,1885,5885,-0.735332,0.381154
rc_a33_point_primary_hn1,2,1886,5886,-0.919062,0.558548
rc_a33_point_primary_hn1,2,1887,5887,-1.02823,0.565548
rc_a33_point_primary_hn1,2,1888,5888,-0.885833,0.695737
rc_a33_point_primary_hn1,2,1889,5889,-0.797489,0.7046
rc_a33_point_primary_hn1,2,1890,5890,-0.697597,0.987833
rc_a33_point_primary_hn1,2,1891,5891,-1.65875,0.900027
rc_a33_point_primary_hn1,2,1892,5892,-1.51444,0.803082
rc_a33_point_primary_hn1,2,1893,5893,-0.606459,0.525272
rc_a33_point_primary_hn1,2,1894,5894,-0.718396,0.191336
rc_a33_point_primary_hn1,2,1895,5895,-0.729834,0.271873
rc_a33_point_primary_hn1,2,1896,5896,-0.691351,0.288645
rc_a33_point_primary_hn1,2,1897,5897,-0.662178,0.281807
rc_a33_point_primary_hn1,2,1898,5898,-0.776248,0.79213
rc_a33_point_primary_hn1,2,1899,5899,-0.949219,0.60042
rc_a33_point_primary_hn1,2,1900,5900,-0.954727,0.443875
rc_a33_point_primary_hn1,2,1901,5901,-0.900147,0.469532
rc_a33_point_primary_hn1,2,1902,5902,-0.905114,0.470059
rc_a33_point_primary_hn1,2,1903,5903,-0.973258,0.558309
rc_a33_point_primary_hn1,2,1904,5904,-0.966318,0.416696
rc_a33_point_primary_hn1,2,1905,5905,-0.460532,0.529146
rc_a33_point_primary_hn1,2,1906,5906,-0.389112,0.577562
rc_a33_point_primary_hn1,2,1907,5907,-0.529334,0.435844
rc_a33_point_primary_hn1,2,1908,5908,-0.744927,0.609577
rc_a33_point_primary_hn1,2,1909,5909,-0.795727,0.490743
rc_a33_point_primary_hn1,2,1910,5910,-0.57519,0.524778
rc_a33_point_primary_hn1,2,1911,5911,-0.673794,0.37457
rc_a33_point_primary_hn1,2,1912,5912,-0.62556,0.433971
rc_a33_point_primary_hn1,2,1913,5913,-0.672634,0.431753
rc_a33_point_primary_hn1,2,1914,5914,-0.486096,0.44019
rc_a33_point_primary_hn1,2,1915,5915,-0.589172,0.667809
rc_a33_point_primary_hn1,2,1916,5916,-0.754773,0.526191
rc_a33_point_primary_hn1,2,1917,5917,-0.774796,0.371466
rc_a33_point_primary_hn1,2,1918,5918,-0.739396,0.362651
rc_a33_point_primary_hn1,2,1919,5919,-0.82474,0.35669
rc_a33_point_primary_hn1,2,1920,5920,-0.7403,0.588162
rc_a33_point_primary_hn1,2,1921,5921,-0.987182,0.510656
rc_a33_point_primary_hn1,2,1922,5922,-0.902311,0.52483900000000006
rc_a33_point_primary_hn1,2,1923,5923,-1.11077,0.54473
rc_a33_point_primary_hn1,2,1924,5924,-1.03163,0.664247
rc_a33_point_primary_hn1,2,1925,5925,-1.01797,0.614131
rc_a33_point_primary_hn1,2,1926,5926,-0.975669,0.523429
rc_a33_point_primary_hn1,2,1927,5927,-0.843263,0.516298
rc_a33_point_primary_hn1,2,1928,5928,-0.799654,0.584491
rc_a33_point_primary_hn1,2,1929,5929,-0.824406,0.412378
rc_a33_point_primary_hn1,2,1930,5930,-1.14403,0.686768
rc_a33_point_primary_hn1,2,1931,5931,-1.06402,0.697978
rc_a33_point_primary_hn1,2,1932,5932,-1.09067,0.774105
rc_a33_point_primary_hn1,2,1933,5933,-1.12878,0.853966
rc_a33_point_primary_hn1,2,1934,5934,-0.828808,0.560515
rc_a33_point_primary_hn1,2,1935,5935,-0.992818,0.701061
rc_a33_point_primary_hn1,2,1936,5936,-1.04529,0.579888
rc_a33_point_primary_hn1,2,1937,5937,-0.66016300000000006,1.0746
rc_a33_point_primary_hn1,2,1938,5938,-0.57286,0.718993
rc_a33_point_primary_hn1,2,1939,5939,-0.60697,0.635159
rc_a33_point_primary_hn1,2,1940,5940,-0.550382,0.67
rc_a33_point_primary_hn1,2,1941,5941,-0.800367,0.665989
rc_a33_point_primary_hn1,2,1942,5942,-0.808743,0.770726
rc_a33_point_primary_hn1,2,1943,5943,-0.465106,0.602125
rc_a33_point_primary_hn1,2,1944,5944,-0.534009,0.660938
rc_a33_point_primary_hn1,2,1945,5945,-0.650393,0.603366
rc_a33_point_primary_hn1,2,1946,5946,-0.794732,1.04466
rc_a33_point_primary_hn1,2,1947,5947,-0.777354,0.672712
rc_a33_point_primary_hn1,2,1948,5948,-0.903429,0.803323
rc_a33_point_primary_hn1,2,1949,5949,-0.904641,0.809782
rc_a33_point_primary_hn1,2,1950,5950,-0.534648,0.739172
rc_a33_point_primary_hn1,2,1951,5951,-1.09638,0.754029
rc_a33_point_primary_hn1,2,1952,5952,-0.617652,0.685707
rc_a33_point_primary_hn1,2,1953,5953,-0.766832,0.726886
rc_a33_point_primary_hn1,2,1954,5954,-0.778448,0.52155
rc_a33_point_primary_hn1,2,1955,5955,-0.226025,0.563941
rc_a33_point_primary_hn1,2,1956,5956,-0.115207,1.18517
rc_a33_point_primary_hn1,2,1957,5957,-0.140129,1.27717
rc_a33_point_primary_hn1,2,1958,5958,-0.0900927,1.2525
rc_a33_point_primary_hn1,2,1959,5959,-0.12911,0.847403
rc_a33_point_primary_hn1,2,1960,5960,-0.889139,0.656662
rc_a33_point_primary_hn1,2,1961,5961,-1.17029,1.126
rc_a33_point_primary_hn1,2,1962,5962,-1.08117,0.856214
rc_a33_point_primary_hn1,2,1963,5963,-0.884149,0.518948
rc_a33_point_primary_hn1,2,1964,5964,-1.07989,0.692808
rc_a33_point_primary_hn1,2,1965,5965,-0.751876,0.428262
rc_a33_point_primary_hn1,2,1966,5966,-1.06913,0.815386
rc_a33_point_primary_hn1,2,1967,5967,-0.783064,0.693982
rc_a33_point_primary_hn1,2,1968,5968,-0.746735,0.425418
rc_a33_point_primary_hn1,2,1969,5969,-0.873928,0.824689
rc_a33_point_primary_hn1,2,1970,5970,-1.1727,0.942397
rc_a33_point_primary_hn1,2,1971,5971,-0.798309,0.573054
rc_a33_point_primary_hn1,2,1972,5972,-0.811211,0.73689
rc_a33_point_primary_hn1,2,1973,5973,-0.617908,0.714287
rc_a33_point_primary_hn1,2,1974,5974,-0.555956,0.743551
rc_a33_point_primary_hn1,2,1975,5975,-0.583693,0.795143
rc_a33_point_primary_hn1,2,1976,5976,-0.525893,0.599403
rc_a33_point_primary_hn1,2,1977,5977,-0.635493,0.661515
rc_a33_point_primary_hn1,2,1978,5978,-0.400301,0.861366
rc_a33_point_primary_hn1,2,1979,5979,-0.268006,0.868879
rc_a33_point_primary_hn1,2,1980,5980,-0.283559,0.86243
rc_a33_point_primary_hn1,2,1981,5981,-0.811312,0.870726
rc_a33_point_primary_hn1,2,1982,5982,-0.475292,0.700083
rc_a33_point_primary_hn1,2,1983,5983,-0.458812,0.860664
rc_a33_point_primary_hn1,2,1984,5984,-0.518591,0.867524
rc_a33_point_primary_hn1,2,1985,5985,-0.551324,0.486213
rc_a33_point_primary_hn1,2,1986,5986,-0.604384,0.618252
rc_a33_point_primary_hn1,2,1987,5987,-0.730188,0.555374
rc_a33_point_primary_hn1,2,1988,5988,-0.690561,0.831829
rc_a33_point_primary_hn1,2,1989,5989,-0.720273,0.826951
rc_a33_point_primary_hn1,2,1990,5990,-0.844021,0.434734
rc_a33_point_primary_hn1,2,1991,5991,-0.744853,0.550106
rc_a33_point_primary_hn1,2,1992,5992,-0.681606,0.294515
rc_a33_point_primary_hn1,2,1993,5993,-0.755443,0.510972
rc_a33_point_primary_hn1,2,1994,5994,-0.972923,0.655873
rc_a33_point_primary_hn1,2,1995,5995,-1.25471,0.606208
rc_a33_point_primary_hn1,2,1996,5996,-1.1176,0.624039
rc_a33_point_primary_hn1,2,1997,5997,-0.706527,0.359762
rc_a33_point_primary_hn1,2,1998,5998,-0.539887,0.680155
rc_a33_point_primary_hn1,2,1999,5999,-0.421896,0.519286
rc_a33_point_primary_hn1,2,2000,6000,-0.720975,0.577785
rc_a33_point_primary_hn1,2,2001,6001,-0.740397,0.906751
rc_a33_point_primary_hn1,2,2002,6002,-0.747626,0.443357
rc_a33_point_primary_hn1,2,2003,6003,-0.94531,0.889905
rc_a33_point_primary_hn1,2,2004,6004,-0.811498,0.736381
rc_a33_point_primary_hn1,2,2005,6005,-0.90045,0.745427
rc_a33_point_primary_hn1,2,2006,6006,-0.697688,0.714781
rc_a33_point_primary_hn1,2,2007,6007,-0.571863,0.404765
rc_a33_point_primary_hn1,2,2008,6008,-0.598348,0.489179
rc_a33_point_primary_hn1,2,2009,6009,-0.578338,0.500977
rc_a33_point_primary_hn1,2,2010,6010,-0.779964,0.568749
rc_a33_point_primary_hn1,2,2011,6011,-0.885627,0.629967
rc_a33_point_primary_hn1,2,2012,6012,-0.711799,0.638996
rc_a33_point_primary_hn1,2,2013,6013,-0.98071,0.75407
rc_a33_point_primary_hn1,2,2014,6014,-0.844715,0.389476
rc_a33_point_primary_hn1,2,2015,6015,-0.763479,0.842879
rc_a33_point_primary_hn1,2,2016,6016,-0.714044,0.853001
rc_a33_point_primary_hn1,2,2017,6017,-0.476327,0.377558
rc_a33_point_primary_hn1,2,2018,6018,-0.603071,0.503777
rc_a33_point_primary_hn1,2,2019,6019,-0.69116,0.355465
rc_a33_point_primary_hn1,2,2020,6020,-0.803098,0.403135
rc_a33_point_primary_hn1,2,2021,6021,-0.77135,0.339824
rc_a33_point_primary_hn1,2,2022,6022,-0.694391,0.396344
rc_a33_point_primary_hn1,2,2023,6023,-0.877779,0.347027
rc_a33_point_primary_hn1,2,2024,6024,-0.847976,0.409546
rc_a33_point_primary_hn1,2,2025,6025,-0.976944,0.34405
rc_a33_point_primary_hn1,2,2026,6026,-0.926385,0.328861
rc_a33_point_primary_hn1,2,2027,6027,-0.808084,0.394461
rc_a33_point_primary_hn1,2,2028,6028,-0.909374,0.467306
rc_a33_point_primary_hn1,2,2029,6029,-0.693703,0.497154
rc_a33_point_primary_hn1,2,2030,6030,-0.764994,0.530248
rc_a33_point_primary_hn1,2,2031,6031,-0.581244,0.735399
rc_a33_point_primary_hn1,2,2032,6032,-0.577704,0.237376
rc_a33_point_primary_hn1,2,2033,6033,-0.600089,0.427821
rc_a33_point_primary_hn1,2,2034,6034,-0.671452,0.240834
rc_a33_point_primary_hn1,2,2035,6035,-0.659013,0.248041
rc_a33_point_primary_hn1,2,2036,6036,-0.700521,0.280778
rc_a33_point_primary_hn1,2,2037,6037,-0.940518,0.350847
rc_a33_point_primary_hn1,2,2038,6038,-0.933357,0.596541
rc_a33_point_primary_hn1,2,2039,6039,-0.844176,0.452222
rc_a33_point_primary_hn1,2,2040,6040,-0.881165,0.384894
rc_a33_point_primary_hn1,2,2041,6041,-0.974434,0.482779
rc_a33_point_primary_hn1,2,2042,6042,-0.978771,0.56359
rc_a33_point_primary_hn1,2,2043,6043,-1.05835,0.509513
rc_a33_point_primary_hn1,2,2044,6044,-0.941289,0.411588
rc_a33_point_primary_hn1,2,2045,6045,-0.644565,0.741121
rc_a33_point_primary_hn1,2,2046,6046,-0.840926,0.37704
rc_a33_point_primary_hn1,2,2047,6047,-0.604727,0.433716
rc_a33_point_primary_hn1,2,2048,6048,-0.809016,0.363891
rc_a33_point_primary_hn1,2,2049,6049,-0.727161,0.374951
rc_a33_point_primary_hn1,2,2050,6050,-0.548575,0.338652
rc_a33_point_primary_hn1,2,2051,6051,-0.558497,0.388099
rc_a33_point_primary_hn1,2,2052,6052,-0.693262,0.532329
rc_a33_point_primary_hn1,2,2053,6053,-0.906958,0.952749
rc_a33_point_primary_hn1,2,2054,6054,-1.06371,0.813353
rc_a33_point_primary_hn1,2,2055,6055,-1.23336,0.99229
rc_a33_point_primary_hn1,2,2056,6056,-1.23113,0.9409
rc_a33_point_primary_hn1,2,2057,6057,-0.557591,0.66332
rc_a33_point_primary_hn1,2,2058,6058,-0.790502,0.823976
rc_a33_point_primary_hn1,2,2059,6059,-1.04279,1.06014
rc_a33_point_primary_hn1,2,2060,6060,-0.583085,0.617809
rc_a33_point_primary_hn1,2,2061,6061,-0.779671,0.317292
rc_a33_point_primary_hn1,2,2062,6062,-0.937485,0.856925
rc_a33_point_primary_hn1,2,2063,6063,-0.472067,0.702017
rc_a33_point_primary_hn1,2,2064,6064,-0.0823052,0.956242
rc_a33_point_primary_hn1,2,2065,6065,-0.21612,0.646674
rc_a33_point_primary_hn1,2,2066,6066,-0.460285,0.719372
rc_a33_point_primary_hn1,2,2067,6067,-0.440097,0.399638
rc_a33_point_primary_hn1,2,2068,6068,-0.812793,0.683199
rc_a33_point_primary_hn1,2,2069,6069,-0.823771,0.410067
rc_a33_point_primary_hn1,2,2070,6070,-0.628931,0.430148
rc_a33_point_primary_hn1,2,2071,6071,-0.840566,0.872328
rc_a33_point_primary_hn1,2,2072,6072,-0.545091,1.13886
rc_a33_point_primary_hn1,2,2073,6073,-0.522933,0.625352
rc_a33_point_primary_hn1,2,2074,6074,-0.921193,0.453813
rc_a33_point_primary_hn1,2,2075,6075,-0.657684,0.693844
rc_a33_point_primary_hn1,2,2076,6076,-0.755052,0.733515
rc_a33_point_primary_hn1,2,2077,6077,-0.767573,0.666278
rc_a33_point_primary_hn1,2,2078,6078,-0.756513,0.778478
rc_a33_point_primary_hn1,2,2079,6079,-0.722621,0.898474
rc_a33_point_primary_hn1,2,2080,6080,-0.800275,0.634432
rc_a33_point_primary_hn1,2,2081,6081,-0.729048,0.7874
rc_a33_point_primary_hn1,2,2082,6082,-0.815413,0.768371
rc_a33_point_primary_hn1,2,2083,6083,-0.552213,0.640414
rc_a33_point_primary_hn1,2,2084,6084,-0.693939,0.68603
rc_a33_point_primary_hn1,2,2085,6085,-0.954942,0.346202
rc_a33_point_primary_hn1,2,2086,6086,-0.86794,0.242869
rc_a33_point_primary_hn1,2,2087,6087,-0.860496,0.227755
rc_a33_point_primary_hn1,2,2088,6088,-0.885218,0.496587
rc_a33_point_primary_hn1,2,2089,6089,-0.847587,0.300127
rc_a33_point_primary_hn1,2,2090,6090,-0.716138,0.342584
rc_a33_point_primary_hn1,2,2091,6091,-0.768849,0.619171
rc_a33_point_primary_hn1,2,2092,6092,-0.709134,0.52905
rc_a33_point_primary_hn1,2,2093,6093,-0.911049,0.560197
rc_a33_point_primary_hn1,2,2094,6094,-0.993758,0.628651
rc_a33_point_primary_hn1,2,2095,6095,-0.809428,0.460281
rc_a33_point_primary_hn1,2,2096,6096,-1.22231,0.942117
rc_a33_point_primary_hn1,2,2097,6097,-0.938488,0.632076
rc_a33_point_primary_hn1,2,2098,6098,-0.967484,0.407542
rc_a33_point_primary_hn1,2,2099,6099,-0.84182,0.576583
rc_a33_point_primary_hn1,2,2100,6100,-0.842205,0.477498
rc_a33_point_primary_hn1,2,2101,6101,-1.00647,0.891703
rc_a33_point_primary_hn1,2,2102,6102,-1.13108,0.815713
rc_a33_point_primary_hn1,2,2103,6103,-0.659342,0.458836
rc_a33_point_primary_hn1,2,2104,6104,-0.565843,0.475685
rc_a33_point_primary_hn1,2,2105,6105,-0.604838,0.561603
rc_a33_point_primary_hn1,2,2106,6106,-0.323926,0.90879
rc_a33_point_primary_hn1,2,2107,6107,-0.519286,0.658195
rc_a33_point_primary_hn1,2,2108,6108,-0.548656,0.440723
rc_a33_point_primary_hn1,2,2109,6109,-0.440375,0.745488
rc_a33_point_primary_hn1,2,2110,6110,-0.59968,1.10444
rc_a33_point_primary_hn1,2,2111,6111,-0.656493,0.906409
rc_a33_point_primary_hn1,2,2112,6112,-0.638967,0.759509
rc_a33_point_primary_hn1,2,2113,6113,-1.09127,1.06222
rc_a33_point_primary_hn1,2,2114,6114,-1.02882,0.950243
rc_a33_point_primary_hn1,2,2115,6115,-0.917221,1.08376
rc_a33_point_primary_hn1,2,2116,6116,-1.11459,0.886917
rc_a33_point_primary_hn1,2,2117,6117,-1.00778,0.527569
rc_a33_point_primary_hn1,2,2118,6118,-0.962635,0.750052
rc_a33_point_primary_hn1,2,2119,6119,-0.963039,0.455093
rc_a33_point_primary_hn1,2,2120,6120,-0.813094,0.312792
rc_a33_point_primary_hn1,2,2121,6121,-0.957529,0.400386
rc_a33_point_primary_hn1,2,2122,6122,-0.886082,0.422862
rc_a33_point_primary_hn1,2,2123,6123,-0.932578,0.255124
rc_a33_point_primary_hn1,2,2124,6124,-0.830736,0.376892
rc_a33_point_primary_hn1,2,2125,6125,-0.900094,0.419558
rc_a33_point_primary_hn1,2,2126,6126,-0.640394,1.18054
rc_a33_point_primary_hn1,2,2127,6127,-0.618927,1.23193
rc_a33_point_primary_hn1,2,2128,6128,-0.8163,1.37551
rc_a33_point_primary_hn1,2,2129,6129,-0.527622,0.843424
rc_a33_point_primary_hn1,2,2130,6130,-0.563891,0.547923
rc_a33_point_primary_hn1,2,2131,6131,-0.458108,0.664069
rc_a33_point_primary_hn1,2,2132,6132,-0.623494,0.474129
rc_a33_point_primary_hn1,2,2133,6133,-0.750365,0.623704
rc_a33_point_primary_hn1,2,2134,6134,-0.604325,0.541834
rc_a33_point_primary_hn1,2,2135,6135,-0.607331,0.572372
rc_a33_point_primary_hn1,2,2136,6136,-0.520362,0.584897
rc_a33_point_primary_hn1,2,2137,6137,-0.351612,1.3728
rc_a33_point_primary_hn1,2,2138,6138,-0.428451,0.937276
rc_a33_point_primary_hn1,2,2139,6139,-0.735534,1.13301
rc_a33_point_primary_hn1,2,2140,6140,-1.2187,0.958274
rc_a33_point_primary_hn1,2,2141,6141,-0.449668,0.394189
rc_a33_point_primary_hn1,2,2142,6142,-0.303783,0.622691
rc_a33_point_primary_hn1,2,2143,6143,-1.13874,1.17431
rc_a33_point_primary_hn1,2,2144,6144,-1.07812,1.06907
rc_a33_point_primary_hn1,2,2145,6145,-0.68837,0.539889
rc_a33_point_primary_hn1,2,2146,6146,-0.822654,0.536605
rc_a33_point_primary_hn1,2,2147,6147,-0.76664,0.540767
rc_a33_point_primary_hn1,2,2148,6148,-0.836972,0.706935
rc_a33_point_primary_hn1,2,2149,6149,-0.848783,0.655156
rc_a33_point_primary_hn1,2,2150,6150,-0.812243,0.496978
rc_a33_point_primary_hn1,2,2151,6151,-0.832657,0.411658
rc_a33_point_primary_hn1,2,2152,6152,-0.781771,0.584302
rc_a33_point_primary_hn1,2,2153,6153,-1.12386,0.565111
rc_a33_point_primary_hn1,2,2154,6154,-0.906617,0.418284
rc_a33_point_primary_hn1,2,2155,6155,-1.14007,0.434533
rc_a33_point_primary_hn1,2,2156,6156,-0.859447,0.286562
rc_a33_point_primary_hn1,2,2157,6157,-0.781172,0.45509
rc_a33_point_primary_hn1,2,2158,6158,-0.969684,0.403804
rc_a33_point_primary_hn1,2,2159,6159,-0.9051,0.486934
rc_a33_point_primary_hn1,2,2160,6160,-1.13631,0.701446
rc_a33_point_primary_hn1,2,2161,6161,-1.02123,0.811338
rc_a33_point_primary_hn1,2,2162,6162,-1.0884,1.15519
rc_a33_point_primary_hn1,2,2163,6163,-0.923697,0.881367
rc_a33_point_primary_hn1,2,2164,6164,-0.978924,0.707654
rc_a33_point_primary_hn1,2,2165,6165,-0.661965,0.336813
rc_a33_point_primary_hn1,2,2166,6166,-0.931657,0.567023
rc_a33_point_primary_hn1,2,2167,6167,-0.651527,0.651674
rc_a33_point_primary_hn1,2,2168,6168,-0.794673,0.629576
rc_a33_point_primary_hn1,2,2169,6169,-0.713042,0.723909
rc_a33_point_primary_hn1,2,2170,6170,-1.10879,0.409426
rc_a33_point_primary_hn1,2,2171,6171,-1.06925,0.342913
rc_a33_point_primary_hn1,2,2172,6172,-0.810866,0.39969
rc_a33_point_primary_hn1,2,2173,6173,-0.794964,0.314205
rc_a33_point_primary_hn1,2,2174,6174,-1.31731,0.637682
rc_a33_point_primary_hn1,2,2175,6175,-0.962532,0.447663
rc_a33_point_primary_hn1,2,2176,6176,-1.05659,0.511335
rc_a33_point_primary_hn1,2,2177,6177,-0.651442,0.443638
rc_a33_point_primary_hn1,2,2178,6178,-0.753067,0.374384
rc_a33_point_primary_hn1,2,2179,6179,-0.551665,0.566567
rc_a33_point_primary_hn1,2,2180,6180,-0.534969,0.666556
rc_a33_point_primary_hn1,2,2181,6181,-0.474825,0.696693
rc_a33_point_primary_hn1,2,2182,6182,-0.325071,0.796187
rc_a33_point_primary_hn1,2,2183,6183,-0.574844,0.710564
rc_a33_point_primary_hn1,2,2184,6184,-0.655895,0.677296
rc_a33_point_primary_hn1,2,2185,6185,-0.0676545,1.23981
rc_a33_point_primary_hn1,2,2186,6186,-1.09981,0.49283
rc_a33_point_primary_hn1,2,2187,6187,-1.08507,0.491351
rc_a33_point_primary_hn1,2,2188,6188,-1.08843,0.541835
rc_a33_point_primary_hn1,2,2189,6189,-0.590642,0.8846
rc_a33_point_primary_hn1,2,2190,6190,-0.903394,0.750647
rc_a33_point_primary_hn1,2,2191,6191,-0.888899,0.599306
rc_a33_point_primary_hn1,2,2192,6192,-0.854688,0.308106
rc_a33_point_primary_hn1,2,2193,6193,-1.00806,0.314884
rc_a33_point_primary_hn1,2,2194,6194,-0.51022,0.444219
rc_a33_point_primary_hn1,2,2195,6195,-0.757887,0.425874
rc_a33_point_primary_hn1,2,2196,6196,-0.746851,0.413142
rc_a33_point_primary_hn1,2,2197,6197,-0.360543,0.770761
rc_a33_point_primary_hn1,2,2198,6198,-0.160748,0.895606
rc_a33_point_primary_hn1,2,2199,6199,-0.235299,0.866629
rc_a33_point_primary_hn1,2,2200,6200,-0.316226,0.645496
rc_a33_point_primary_hn1,2,2201,6201,-0.502892,0.301953
rc_a33_point_primary_hn1,2,2202,6202,-0.418255,0.444684
rc_a33_point_primary_hn1,2,2203,6203,-0.57075,0.443191
rc_a33_point_primary_hn1,2,2204,6204,-0.404351,0.468858
rc_a33_point_primary_hn1,2,2205,6205,-0.543037,0.436202
rc_a33_point_primary_hn1,2,2206,6206,-0.355712,0.488888
rc_a33_point_primary_hn1,2,2207,6207,-0.489326,0.814585
rc_a33_point_primary_hn1,2,2208,6208,-0.650206,0.761736
rc_a33_point_primary_hn1,2,2209,6209,-0.672567,0.674853
rc_a33_point_primary_hn1,2,2210,6210,-0.541634,0.477825
rc_a33_point_primary_hn1,2,2211,6211,-0.629871,0.352156
rc_a33_point_primary_hn1,2,2212,6212,-0.57325,0.823918
rc_a33_point_primary_hn1,2,2213,6213,-0.687646,0.757096
rc_a33_point_primary_hn1,2,2214,6214,-0.729461,0.617931
rc_a33_point_primary_hn1,2,2215,6215,-0.941757,0.425268
rc_a33_point_primary_hn1,2,2216,6216,-0.99471,0.453075
rc_a33_point_primary_hn1,2,2217,6217,-0.925988,0.276871
rc_a33_point_primary_hn1,2,2218,6218,-1.06355,0.471586
rc_a33_point_primary_hn1,2,2219,6219,-0.768137,0.347338
rc_a33_point_primary_hn1,2,2220,6220,-0.896366,0.404044
rc_a33_point_primary_hn1,2,2221,6221,-0.893781,0.486406
rc_a33_point_primary_hn1,2,2222,6222,-0.763536,0.566903
rc_a33_point_primary_hn1,2,2223,6223,-0.771946,0.768293
rc_a33_point_primary_hn1,2,2224,6224,-0.767394,0.627819
rc_a33_point_primary_hn1,2,2225,6225,-0.565686,0.634759
rc_a33_point_primary_hn1,2,2226,6226,-0.637933,0.413319
rc_a33_point_primary_hn1,2,2227,6227,-0.615157,0.526519
rc_a33_point_primary_hn1,2,2228,6228,-0.404317,0.583701
rc_a33_point_primary_hn1,2,2229,6229,-0.508252,0.758498
rc_a33_point_primary_hn1,2,2230,6230,-1.09645,0.455238
rc_a33_point_primary_hn1,2,2231,6231,-1.23496,0.343172
rc_a33_point_primary_hn1,2,2232,6232,-0.431134,0.789886
rc_a33_point_primary_hn1,2,2233,6233,-0.479879,0.689339
rc_a33_point_primary_hn1,2,2234,6234,-0.674367,0.573005
rc_a33_point_primary_hn1,2,2235,6235,-0.822366,0.766406
rc_a33_point_primary_hn1,2,2236,6236,-0.637871,0.726386
rc_a33_point_primary_hn1,2,2237,6237,-0.897046,1.02234
rc_a33_point_primary_hn1,2,2238,6238,-0.838778,0.68845
rc_a33_point_primary_hn1,2,2239,6239,-0.584543,0.61426
rc_a33_point_primary_hn1,2,2240,6240,-0.830301,0.563714
rc_a33_point_primary_hn1,2,2241,6241,-1.01564,0.546745
rc_a33_point_primary_hn1,2,2242,6242,-0.558955,0.737955
rc_a33_point_primary_hn1,2,2243,6243,-0.703004,0.640242
rc_a33_point_primary_hn1,2,2244,6244,-0.751287,0.603551
rc_a33_point_primary_hn1,2,2245,6245,-0.68619,0.476709
rc_a33_point_primary_hn1,2,2246,6246,-0.788859,0.487415
rc_a33_point_primary_hn1,2,2247,6247,-0.840005,0.304517
rc_a33_point_primary_hn1,2,2248,6248,-0.983642,0.466721
rc_a33_point_primary_hn1,2,2249,6249,-0.681362,0.438886
rc_a33_point_primary_hn1,2,2250,6250,-0.839531,0.397335
rc_a33_point_primary_hn1,2,2251,6251,-0.500345,0.963073
rc_a33_point_primary_hn1,2,2252,6252,-0.552739,0.763426
rc_a33_point_primary_hn1,2,2253,6253,-0.56166,0.762956
rc_a33_point_primary_hn1,2,2254,6254,-0.58865,0.607496
rc_a33_point_primary_hn1,2,2255,6255,-0.832245,0.576065
rc_a33_point_primary_hn1,2,2256,6256,-0.710829,0.661178
rc_a33_point_primary_hn1,2,2257,6257,-0.495055,0.708039
rc_a33_point_primary_hn1,2,2258,6258,-0.66512,0.383678
rc_a33_point_primary_hn1,2,2259,6259,-0.800054,0.501846
rc_a33_point_primary_hn1,2,2260,6260,-0.625735,0.472216
rc_a33_point_primary_hn1,2,2261,6261,-0.820849,0.737735
rc_a33_point_primary_hn1,2,2262,6262,-0.832639,0.69706
rc_a33_point_primary_hn1,2,2263,6263,-0.853577,0.317531
rc_a33_point_primary_hn1,2,2264,6264,-1.00432,0.397869
rc_a33_point_primary_hn1,2,2265,6265,-0.636047,0.932513
rc_a33_point_primary_hn1,2,2266,6266,-0.58577,0.632259
rc_a33_point_primary_hn1,2,2267,6267,-0.771455,0.714263
rc_a33_point_primary_hn1,2,2268,6268,-0.417147,0.762335
rc_a33_point_primary_hn1,2,2269,6269,-0.383325,1.05124
rc_a33_point_primary_hn1,2,2270,6270,-0.765004,0.521836
rc_a33_point_primary_hn1,2,2271,6271,-1.15422,0.572656
rc_a33_point_primary_hn1,2,2272,6272,-0.395415,0.462896
rc_a33_point_primary_hn1,2,2273,6273,-0.517234,0.48470800000000003
rc_a33_point_primary_hn1,2,2274,6274,-0.73076,0.50433
rc_a33_point_primary_hn1,2,2275,6275,-0.728646,0.356766
rc_a33_point_primary_hn1,2,2276,6276,-0.730265,0.560789
rc_a33_point_primary_hn1,2,2277,6277,-0.707207,0.474124
rc_a33_point_primary_hn1,2,2278,6278,-0.672394,0.503104
rc_a33_point_primary_hn1,2,2279,6279,-0.781351,0.635727
rc_a33_point_primary_hn1,2,2280,6280,-0.723597,0.760265
rc_a33_point_primary_hn1,2,2281,6281,-0.612511,0.802406
rc_a33_point_primary_hn1,2,2282,6282,-0.71575,0.769156
rc_a33_point_primary_hn1,2,2283,6283,-0.716135,0.792042
rc_a33_point_primary_hn1,2,2284,6284,-0.881024,0.796839
rc_a33_point_primary_hn1,2,2285,6285,-0.768049,0.989088
rc_a33_point_primary_hn1,2,2286,6286,-0.134286,1.13807
rc_a33_point_primary_hn1,2,2287,6287,-0.0740096,1.08415
rc_a33_point_primary_hn1,2,2288,6288,-0.210937,1.14965
rc_a33_point_primary_hn1,2,2289,6289,-1.19076,0.567582
rc_a33_point_primary_hn1,2,2290,6290,-1.37404,1.02598
rc_a33_point_primary_hn1,2,2291,6291,-1.31802,1.02047
rc_a33_point_primary_hn1,2,2292,6292,-1.12088,0.579133
rc_a33_point_primary_hn1,2,2293,6293,-1.55435,0.697054
rc_a33_point_primary_hn1,2,2294,6294,-1.3636,0.7191
rc_a33_point_primary_hn1,2,2295,6295,-1.02193,0.396169
rc_a33_point_primary_hn1,2,2296,6296,-0.608767,0.768221
rc_a33_point_primary_hn1,2,2297,6297,-0.539865,0.45436
rc_a33_point_primary_hn1,2,2298,6298,-0.431489,0.423929
rc_a33_point_primary_hn1,2,2299,6299,-0.457688,0.495072
rc_a33_point_primary_hn1,2,2300,6300,-0.443637,0.527458
rc_a33_point_primary_hn1,2,2301,6301,-0.261194,0.612684
rc_a33_point_primary_hn1,2,2302,6302,-0.565939,0.434047
rc_a33_point_primary_hn1,2,2303,6303,-0.892819,0.327173
rc_a33_point_primary_hn1,2,2304,6304,-1.03812,0.397556
rc_a33_point_primary_hn1,2,2305,6305,-0.92465,0.538623
rc_a33_point_primary_hn1,2,2306,6306,-0.586571,1.11275
rc_a33_point_primary_hn1,2,2307,6307,-0.618175,0.710359
rc_a33_point_primary_hn1,2,2308,6308,-0.59662,0.732376
rc_a33_point_primary_hn1,2,2309,6309,-0.746973,0.718571
rc_a33_point_primary_hn1,2,2310,6310,-0.772422,0.620659
rc_a33_point_primary_hn1,2,2311,6311,-0.756711,0.670029
rc_a33_point_primary_hn1,2,2312,6312,-0.629026,0.595964
rc_a33_point_primary_hn1,2,2313,6313,-0.609423,0.349714
rc_a33_point_primary_hn1,2,2314,6314,-0.51816,0.513743
rc_a33_point_primary_hn1,2,2315,6315,-0.553427,0.305128
rc_a33_point_primary_hn1,2,2316,6316,-0.595404,1.10996
rc_a33_point_primary_hn1,2,2317,6317,-0.802834,0.407422
rc_a33_point_primary_hn1,2,2318,6318,-0.786584,0.646437
rc_a33_point_primary_hn1,2,2319,6319,-0.751035,0.522268
rc_a33_point_primary_hn1,2,2320,6320,-0.937269,0.502482
rc_a33_point_primary_hn1,2,2321,6321,-0.780682,0.355015
rc_a33_point_primary_hn1,2,2322,6322,-0.729018,0.399005
rc_a33_point_primary_hn1,2,2323,6323,-0.748246,0.333666
rc_a33_point_primary_hn1,2,2324,6324,-0.987917,0.344486
rc_a33_point_primary_hn1,2,2325,6325,-1.18718,0.649124
rc_a33_point_primary_hn1,2,2326,6326,-1.38064,0.692602
rc_a33_point_primary_hn1,2,2327,6327,-0.74830700000000006,0.284936
rc_a33_point_primary_hn1,2,2328,6328,-0.853767,0.533819
rc_a33_point_primary_hn1,2,2329,6329,-0.57579,0.51596
rc_a33_point_primary_hn1,2,2330,6330,-0.964318,1.039
rc_a33_point_primary_hn1,2,2331,6331,-0.922801,1.0628
rc_a33_point_primary_hn1,2,2332,6332,-1.31378,0.826348
rc_a33_point_primary_hn1,2,2333,6333,-1.2026,0.894151
rc_a33_point_primary_hn1,2,2334,6334,-1.45439,1.00459
rc_a33_point_primary_hn1,2,2335,6335,-1.26334,0.920042
rc_a33_point_primary_hn1,2,2336,6336,-0.974978,0.48766
rc_a33_point_primary_hn1,2,2337,6337,-0.814099,0.357622
rc_a33_point_primary_hn1,2,2338,6338,-0.938703,0.761011
rc_a33_point_primary_hn1,2,2339,6339,-0.615903,0.60564
rc_a33_point_primary_hn1,2,2340,6340,-0.782226,0.49261
rc_a33_point_primary_hn1,2,2341,6341,-0.838322,0.597761
rc_a33_point_primary_hn1,2,2342,6342,-0.718842,0.518763
rc_a33_point_primary_hn1,2,2343,6343,-0.541772,0.457051
rc_a33_point_primary_hn1,2,2344,6344,-0.606743,1.07496
rc_a33_point_primary_hn1,2,2345,6345,-0.669789,1.08924
rc_a33_point_primary_hn1,2,2346,6346,-1.37767,0.79419
rc_a33_point_primary_hn1,2,2347,6347,-1.64269,1.09422
rc_a33_point_primary_hn1,2,2348,6348,-1.01688,1.06603
rc_a33_point_primary_hn1,2,2349,6349,-0.975892,1.09284
rc_a33_point_primary_hn1,2,2350,6350,-1.02052,1.02074
rc_a33_point_primary_hn1,2,2351,6351,-0.801065,0.538453
rc_a33_point_primary_hn1,2,2352,6352,-0.848205,0.631791
rc_a33_point_primary_hn1,2,2353,6353,-0.714729,1.12407
rc_a33_point_primary_hn1,2,2354,6354,-0.756762,0.577429
rc_a33_point_primary_hn1,2,2355,6355,-0.662163,0.490894
rc_a33_point_primary_hn1,2,2356,6356,-0.834443,0.504504
rc_a33_point_primary_hn1,2,2357,6357,-0.63791,0.970095
rc_a33_point_primary_hn1,2,2358,6358,-0.900893,0.682017
rc_a33_point_primary_hn1,2,2359,6359,-0.870898,0.817481
rc_a33_point_primary_hn1,2,2360,6360,-0.58068,0.64043
rc_a33_point_primary_hn1,2,2361,6361,-0.864509,0.396883
rc_a33_point_primary_hn1,2,2362,6362,-0.76806,0.415281
rc_a33_point_primary_hn1,2,2363,6363,-0.913817,0.561388
rc_a33_point_primary_hn1,2,2364,6364,-0.822205,0.657822
rc_a33_point_primary_hn1,2,2365,6365,-0.953872,0.377782
rc_a33_point_primary_hn1,2,2366,6366,-0.619431,0.57337
rc_a33_point_primary_hn1,2,2367,6367,-0.579932,0.576501
rc_a33_point_primary_hn1,2,2368,6368,-0.673923,0.688157
rc_a33_point_primary_hn1,2,2369,6369,-0.363679,1.13082
rc_a33_point_primary_hn1,2,2370,6370,-0.253094,0.844726
rc_a33_point_primary_hn1,2,2371,6371,-0.381079,0.543064
rc_a33_point_primary_hn1,2,2372,6372,-0.352292,0.589602
rc_a33_point_primary_hn1,2,2373,6373,-0.623749,0.505968
rc_a33_point_primary_hn1,2,2374,6374,-0.570269,0.613854
rc_a33_point_primary_hn1,2,2375,6375,-0.547451,0.585569
rc_a33_point_primary_hn1,2,2376,6376,-0.437173,0.517865
rc_a33_point_primary_hn1,2,2377,6377,-0.626426,0.612247
rc_a33_point_primary_hn1,2,2378,6378,-0.489597,0.807186
rc_a33_point_primary_hn1,2,2379,6379,-0.500026,0.702611
rc_a33_point_primary_hn1,2,2380,6380,-0.625881,0.397869
rc_a33_point_primary_hn1,2,2381,6381,-0.635423,0.422953
rc_a33_point_primary_hn1,2,2382,6382,-0.721743,0.365128
rc_a33_point_primary_hn1,2,2383,6383,-0.686532,0.332104
rc_a33_point_primary_hn1,2,2384,6384,-0.798622,0.409824
rc_a33_point_primary_hn1,2,2385,6385,-0.721302,0.291738
rc_a33_point_primary_hn1,2,2386,6386,-0.629636,0.329833
rc_a33_point_primary_hn1,2,2387,6387,-0.98593,0.375637
rc_a33_point_primary_hn1,2,2388,6388,-0.906464,0.402431
rc_a33_point_primary_hn1,2,2389,6389,-0.810716,0.654235
rc_a33_point_primary_hn1,2,2390,6390,-1.01095,0.393241
rc_a33_point_primary_hn1,2,2391,6391,-1.01183,0.625111
rc_a33_point_primary_hn1,2,2392,6392,-1.0732,0.503364
rc_a33_point_primary_hn1,2,2393,6393,-0.904744,0.512225
rc_a33_point_primary_hn1,2,2394,6394,-0.941887,0.490367
rc_a33_point_primary_hn1,2,2395,6395,-0.693751,0.444958
rc_a33_point_primary_hn1,2,2396,6396,-0.788296,0.397394
rc_a33_point_primary_hn1,2,2397,6397,-0.817239,0.413327
rc_a33_point_primary_hn1,2,2398,6398,-0.745671,0.23619
rc_a33_point_primary_hn1,2,2399,6399,-0.730728,0.247898
rc_a33_point_primary_hn1,2,2400,6400,-0.77075,0.480306
rc_a33_point_primary_hn1,2,2401,6401,-0.846863,0.771189
rc_a33_point_primary_hn1,2,2402,6402,-0.604972,0.501069
rc_a33_point_primary_hn1,2,2403,6403,-0.436951,0.625729
rc_a33_point_primary_hn1,2,2404,6404,-0.286936,0.427339
rc_a33_point_primary_hn1,2,2405,6405,-0.138639,0.761006
rc_a33_point_primary_hn1,2,2406,6406,-0.0806032,0.787385
rc_a33_point_primary_hn1,2,2407,6407,-0.231666,0.445226
rc_a33_point_primary_hn1,2,2408,6408,-0.554064,0.700469
rc_a33_point_primary_hn1,2,2409,6409,-0.711196,0.42705
rc_a33_point_primary_hn1,2,2410,6410,-0.532549,0.459127
rc_a33_point_primary_hn1,2,2411,6411,-0.615401,0.249721
rc_a33_point_primary_hn1,2,2412,6412,-0.535428,0.56693
rc_a33_point_primary_hn1,2,2413,6413,-0.590791,0.78876
rc_a33_point_primary_hn1,2,2414,6414,-0.492474,0.803734
rc_a33_point_primary_hn1,2,2415,6415,-0.54739,0.698356
rc_a33_point_primary_hn1,2,2416,6416,-0.63093,0.400964
rc_a33_point_primary_hn1,2,2417,6417,-0.502979,0.508604
rc_a33_point_primary_hn1,2,2418,6418,-0.592828,0.431889
rc_a33_point_primary_hn1,2,2419,6419,-0.845274,0.678568
rc_a33_point_primary_hn1,2,2420,6420,-0.724146,0.689991
rc_a33_point_primary_hn1,2,2421,6421,-0.797118,0.499945
rc_a33_point_primary_hn1,2,2422,6422,-0.870564,0.567369
rc_a33_point_primary_hn1,2,2423,6423,-0.852086,0.579018
rc_a33_point_primary_hn1,2,2424,6424,-1.18338,0.816443
rc_a33_point_primary_hn1,2,2425,6425,-0.350323,0.982308
rc_a33_point_primary_hn1,2,2426,6426,-0.297679,0.923954
rc_a33_point_primary_hn1,2,2427,6427,-0.581298,0.562468
rc_a33_point_primary_hn1,2,2428,6428,-0.724746,0.462448
rc_a33_point_primary_hn1,2,2429,6429,-0.660426,0.374139
rc_a33_point_primary_hn1,2,2430,6430,-0.752136,0.411783
rc_a33_point_primary_hn1,2,2431,6431,-0.585946,0.6286
rc_a33_point_primary_hn1,2,2432,6432,-0.8416,0.389434
rc_a33_point_primary_hn1,2,2433,6433,-0.857279,0.499737
rc_a33_point_primary_hn1,2,2434,6434,-0.729731,0.718132
rc_a33_point_primary_hn1,2,2435,6435,-0.267328,0.821188
rc_a33_point_primary_hn1,2,2436,6436,-0.553932,0.718933
rc_a33_point_primary_hn1,2,2437,6437,0.00773751,1.66865
rc_a33_point_primary_hn1,2,2438,6438,-0.0327073,0.933599
rc_a33_point_primary_hn1,2,2439,6439,-0.240132,1.10083
rc_a33_point_primary_hn1,2,2440,6440,-0.488185,0.56825
rc_a33_point_primary_hn1,2,2441,6441,-0.447227,0.518264
rc_a33_point_primary_hn1,2,2442,6442,-0.477545,0.594885
rc_a33_point_primary_hn1,2,2443,6443,-0.453559,0.625099
rc_a33_point_primary_hn1,2,2444,6444,-0.798272,0.521796
rc_a33_point_primary_hn1,2,2445,6445,-0.474,0.513448
rc_a33_point_primary_hn1,2,2446,6446,-0.628467,0.411637
rc_a33_point_primary_hn1,2,2447,6447,-0.677833,0.409558
rc_a33_point_primary_hn1,2,2448,6448,-0.900916,0.374222
rc_a33_point_primary_hn1,2,2449,6449,-0.79062,0.287499
rc_a33_point_primary_hn1,2,2450,6450,-0.60062,0.346807
rc_a33_point_primary_hn1,2,2451,6451,-0.746583,0.305746
rc_a33_point_primary_hn1,2,2452,6452,-0.698491,0.444815
rc_a33_point_primary_hn1,2,2453,6453,-1.21166,0.697973
rc_a33_point_primary_hn1,2,2454,6454,-1.07105,0.764539
rc_a33_point_primary_hn1,2,2455,6455,-0.853588,0.467849
rc_a33_point_primary_hn1,2,2456,6456,-0.784814,0.426054
rc_a33_point_primary_hn1,2,2457,6457,-1.02296,0.694424
rc_a33_point_primary_hn1,2,2458,6458,-1.03201,0.712376
rc_a33_point_primary_hn1,2,2459,6459,-0.975043,0.474174
rc_a33_point_primary_hn1,2,2460,6460,-1.00742,0.420771
rc_a33_point_primary_hn1,2,2461,6461,-1.02048,0.633917
rc_a33_point_primary_hn1,2,2462,6462,-0.970567,0.474921
rc_a33_point_primary_hn1,2,2463,6463,-0.935095,0.517613
rc_a33_point_primary_hn1,2,2464,6464,-0.852921,0.50679
rc_a33_point_primary_hn1,2,2465,6465,-1.02622,0.5973
rc_a33_point_primary_hn1,2,2466,6466,-1.04178,0.425241
rc_a33_point_primary_hn1,2,2467,6467,-1.04053,0.72784
rc_a33_point_primary_hn1,2,2468,6468,-0.859992,0.47653
rc_a33_point_primary_hn1,2,2469,6469,-0.897154,0.602157
rc_a33_point_primary_hn1,2,2470,6470,-0.731527,0.597204
rc_a33_point_primary_hn1,2,2471,6471,-0.75487,0.67261
rc_a33_point_primary_hn1,2,2472,6472,-0.761491,0.682919
rc_a33_point_primary_hn1,2,2473,6473,-0.710254,0.368201
rc_a33_point_primary_hn1,2,2474,6474,-0.464683,0.387194
rc_a33_point_primary_hn1,2,2475,6475,-0.55647,0.300619
rc_a33_point_primary_hn1,2,2476,6476,-0.512668,0.346501
rc_a33_point_primary_hn1,2,2477,6477,-0.394019,0.566234
rc_a33_point_primary_hn1,2,2478,6478,-0.847015,0.589763
rc_a33_point_primary_hn1,2,2479,6479,-0.850276,0.630821
rc_a33_point_primary_hn1,2,2480,6480,-0.800256,0.695211
rc_a33_point_primary_hn1,2,2481,6481,-0.818987,0.445008
rc_a33_point_primary_hn1,2,2482,6482,-0.734467,0.48361
rc_a33_point_primary_hn1,2,2483,6483,-0.726879,0.564377
rc_a33_point_primary_hn1,2,2484,6484,-0.378992,0.729288
rc_a33_point_primary_hn1,2,2485,6485,-0.258535,0.948683
rc_a33_point_primary_hn1,2,2486,6486,-0.24573,1.04308
rc_a33_point_primary_hn1,2,2487,6487,-0.470843,1.2132
rc_a33_point_primary_hn1,2,2488,6488,-0.820093,0.911781
rc_a33_point_primary_hn1,2,2489,6489,-0.86355,0.607774
rc_a33_point_primary_hn1,2,2490,6490,-0.678077,0.638963
rc_a33_point_primary_hn1,2,2491,6491,-0.841089,0.491206
rc_a33_point_primary_hn1,2,2492,6492,-0.782131,0.504208
rc_a33_point_primary_hn1,2,2493,6493,-0.669124,0.592025
rc_a33_point_primary_hn1,2,2494,6494,-0.5972,0.507225
rc_a33_point_primary_hn1,2,2495,6495,-0.584619,0.408175
rc_a33_point_primary_hn1,2,2496,6496,-0.751668,0.405869
rc_a33_point_primary_hn1,2,2497,6497,-1.08354,0.589506
rc_a33_point_primary_hn1,2,2498,6498,-1.26233,0.583644
rc_a33_point_primary_hn1,2,2499,6499,-0.654654,0.600375
rc_a33_point_primary_hn1,2,2500,6500,-0.679602,0.494279
rc_a33_point_primary_hn1,2,2501,6501,-0.673117,0.636963
rc_a33_point_primary_hn1,2,2502,6502,-0.505299,0.568494
rc_a33_point_primary_hn1,2,2503,6503,-0.765479,0.386995
rc_a33_point_primary_hn1,2,2504,6504,-0.495358,0.433876
rc_a33_point_primary_hn1,2,2505,6505,-1.16205,0.881419
rc_a33_point_primary_hn1,2,2506,6506,-0.842646,0.343617
rc_a33_point_primary_hn1,2,2507,6507,-0.905194,0.349507
rc_a33_point_primary_hn1,2,2508,6508,-0.913068,0.406559
rc_a33_point_primary_hn1,2,2509,6509,-0.797662,0.430738
rc_a33_point_primary_hn1,2,2510,6510,-0.693034,0.311715
rc_a33_point_primary_hn1,2,2511,6511,-0.642195,0.379249
rc_a33_point_primary_hn1,2,2512,6512,-0.696246,0.46877
rc_a33_point_primary_hn1,2,2513,6513,-0.762286,0.348754
rc_a33_point_primary_hn1,2,2514,6514,-0.833934,0.535068
rc_a33_point_primary_hn1,2,2515,6515,-0.941441,0.464233
rc_a33_point_primary_hn1,2,2516,6516,-0.461707,0.577779
rc_a33_point_primary_hn1,2,2517,6517,-0.705339,0.366597
rc_a33_point_primary_hn1,2,2518,6518,-0.516867,0.402321
rc_a33_point_primary_hn1,2,2519,6519,-0.623863,0.447127
rc_a33_point_primary_hn1,2,2520,6520,-0.645785,0.575643
rc_a33_point_primary_hn1,2,2521,6521,-0.6504,0.542858
rc_a33_point_primary_hn1,2,2522,6522,-0.855052,0.261032
rc_a33_point_primary_hn1,2,2523,6523,-0.659477,0.353121
rc_a33_point_primary_hn1,2,2524,6524,-0.921641,0.379033
rc_a33_point_primary_hn1,2,2525,6525,-0.99252,0.512474
rc_a33_point_primary_hn1,2,2526,6526,-0.685674,0.436525
rc_a33_point_primary_hn1,2,2527,6527,-0.717708,0.345295
rc_a33_point_primary_hn1,2,2528,6528,-0.656398,0.320331
rc_a33_point_primary_hn1,2,2529,6529,-0.896726,0.476817
rc_a33_point_primary_hn1,2,2530,6530,-0.79626,0.726495
rc_a33_point_primary_hn1,2,2531,6531,-0.526788,0.725019
rc_a33_point_primary_hn1,2,2532,6532,-0.570232,0.806517
rc_a33_point_primary_hn1,2,2533,6533,-0.671492,0.459707
rc_a33_point_primary_hn1,2,2534,6534,-0.890475,0.393067
rc_a33_point_primary_hn1,2,2535,6535,-0.723215,0.588044
rc_a33_point_primary_hn1,2,2536,6536,-0.724778,0.507818
rc_a33_point_primary_hn1,2,2537,6537,-0.202105,1.14352
rc_a33_point_primary_hn1,2,2538,6538,-0.335477,1.1465
rc_a33_point_primary_hn1,2,2539,6539,-0.363419,1.17696
rc_a33_point_primary_hn1,2,2540,6540,-0.282132,0.655182
rc_a33_point_primary_hn1,2,2541,6541,-0.192415,0.766125
rc_a33_point_primary_hn1,2,2542,6542,-0.272258,0.731101
rc_a33_point_primary_hn1,2,2543,6543,-0.493782,0.793069
rc_a33_point_primary_hn1,2,2544,6544,-0.366939,0.545252
rc_a33_point_primary_hn1,2,2545,6545,-0.635876,0.584357
rc_a33_point_primary_hn1,2,2546,6546,-0.53051,0.750846
rc_a33_point_primary_hn1,2,2547,6547,-0.40888,0.743221
rc_a33_point_primary_hn1,2,2548,6548,-0.468633,0.707635
rc_a33_point_primary_hn1,2,2549,6549,-0.762896,0.790091
rc_a33_point_primary_hn1,2,2550,6550,-0.740481,0.857731
rc_a33_point_primary_hn1,2,2551,6551,-0.663996,0.738572
rc_a33_point_primary_hn1,2,2552,6552,-0.668352,0.573492
rc_a33_point_primary_hn1,2,2553,6553,-0.736271,1.00064
rc_a33_point_primary_hn1,2,2554,6554,-1.05602,0.353229
rc_a33_point_primary_hn1,2,2555,6555,-1.25263,0.633053
rc_a33_point_primary_hn1,2,2556,6556,-0.814864,0.417859
rc_a33_point_primary_hn1,2,2557,6557,-0.862313,0.370903
rc_a33_point_primary_hn1,2,2558,6558,-1.07193,0.536538
rc_a33_point_primary_hn1,2,2559,6559,-0.883206,0.531143
rc_a33_point_primary_hn1,2,2560,6560,-0.990291,0.930165
rc_a33_point_primary_hn1,2,2561,6561,-0.910213,0.698151
rc_a33_point_primary_hn1,2,2562,6562,-1.06662,0.646992
rc_a33_point_primary_hn1,2,2563,6563,-0.842585,0.5285
rc_a33_point_primary_hn1,2,2564,6564,-0.864608,0.45963
rc_a33_point_primary_hn1,2,2565,6565,-0.801838,0.791445
rc_a33_point_primary_hn1,2,2566,6566,-1.23572,0.73207
rc_a33_point_primary_hn1,2,2567,6567,-0.804275,0.599385
rc_a33_point_primary_hn1,2,2568,6568,-0.691087,0.589901
rc_a33_point_primary_hn1,2,2569,6569,-0.866294,0.622352
rc_a33_point_primary_hn1,2,2570,6570,-0.871745,0.667842
rc_a33_point_primary_hn1,2,2571,6571,-0.980859,0.567439
rc_a33_point_primary_hn1,2,2572,6572,-0.904975,0.453546
rc_a33_point_primary_hn1,2,2573,6573,-0.714723,0.540046
rc_a33_point_primary_hn1,2,2574,6574,-0.693327,0.603296
rc_a33_point_primary_hn1,2,2575,6575,-0.663943,0.452852
rc_a33_point_primary_hn1,2,2576,6576,-1.23359,1.03541
rc_a33_point_primary_hn1,2,2577,6577,-1.14642,0.810681
rc_a33_point_primary_hn1,2,2578,6578,-1.02871,0.599807
rc_a33_point_primary_hn1,2,2579,6579,-0.918201,1.0302
rc_a33_point_primary_hn1,2,2580,6580,-0.698144,0.682127
rc_a33_point_primary_hn1,2,2581,6581,-1.40199,0.575563
rc_a33_point_primary_hn1,2,2582,6582,-1.44567,0.630959
rc_a33_point_primary_hn1,2,2583,6583,-1.45464,0.689098
rc_a33_point_primary_hn1,2,2584,6584,-1.45549,0.645146
rc_a33_point_primary_hn1,2,2585,6585,-1.45199,0.708477
rc_a33_point_primary_hn1,2,2586,6586,-1.45325,0.589559
rc_a33_point_primary_hn1,2,2587,6587,-1.30826,0.660285
rc_a33_point_primary_hn1,2,2588,6588,-1.11412,0.473932
rc_a33_point_primary_hn1,2,2589,6589,-0.637974,0.547432
rc_a33_point_primary_hn1,2,2590,6590,-0.55761,0.684971
rc_a33_point_primary_hn1,2,2591,6591,-0.629097,0.52238
rc_a33_point_primary_hn1,2,2592,6592,-0.897278,0.475022
rc_a33_point_primary_hn1,2,2593,6593,-0.912689,0.396032
rc_a33_point_primary_hn1,2,2594,6594,-0.807171,0.445545
rc_a33_point_primary_hn1,2,2595,6595,-0.717551,0.564298
rc_a33_point_primary_hn1,2,2596,6596,-0.840731,0.511629
rc_a33_point_primary_hn1,2,2597,6597,-0.771983,0.344423
rc_a33_point_primary_hn1,2,2598,6598,-0.816319,0.388864
rc_a33_point_primary_hn1,2,2599,6599,-0.745731,0.359301
rc_a33_point_primary_hn1,2,2600,6600,-0.740985,0.513545
rc_a33_point_primary_hn1,2,2601,6601,-0.734004,0.495501
rc_a33_point_primary_hn1,2,2602,6602,-0.795802,0.465262
rc_a33_point_primary_hn1,2,2603,6603,-0.784093,0.482918
rc_a33_point_primary_hn1,2,2604,6604,-0.188283,0.941016
rc_a33_point_primary_hn1,2,2605,6605,-0.714856,0.623555
rc_a33_point_primary_hn1,2,2606,6606,-0.688119,0.602051
rc_a33_point_primary_hn1,2,2607,6607,-0.263305,0.857165
rc_a33_point_primary_hn1,2,2608,6608,-0.9939,0.520658
rc_a33_point_primary_hn1,2,2609,6609,-0.73573,0.787964
rc_a33_point_primary_hn1,2,2610,6610,-1.54742,0.665912
rc_a33_point_primary_hn1,2,2611,6611,-0.81443,1.19556
rc_a33_point_primary_hn1,2,2612,6612,-0.873746,0.569371
rc_a33_point_primary_hn1,2,2613,6613,-0.893901,0.566736
rc_a33_point_primary_hn1,2,2614,6614,-1.16308,0.535766
rc_a33_point_primary_hn1,2,2615,6615,-0.200704,0.925498
rc_a33_point_primary_hn1,2,2616,6616,-0.235458,0.85289
rc_a33_point_primary_hn1,2,2617,6617,-0.426577,0.538368
rc_a33_point_primary_hn1,2,2618,6618,-0.389546,0.654274
rc_a33_point_primary_hn1,2,2619,6619,-0.344672,0.645796
rc_a33_point_primary_hn1,2,2620,6620,-0.393575,0.790503
rc_a33_point_primary_hn1,2,2621,6621,-0.709802,0.432584
rc_a33_point_primary_hn1,2,2622,6622,-0.60461,0.552413
rc_a33_point_primary_hn1,2,2623,6623,-0.699614,0.354369
rc_a33_point_primary_hn1,2,2624,6624,-0.75148,0.3349
rc_a33_point_primary_hn1,2,2625,6625,-0.8794,0.634873
rc_a33_point_primary_hn1,2,2626,6626,-0.434354,1.01466
rc_a33_point_primary_hn1,2,2627,6627,-0.516765,0.96005
rc_a33_point_primary_hn1,2,2628,6628,-0.592975,0.888547
rc_a33_point_primary_hn1,2,2629,6629,-0.625429,0.72139
rc_a33_point_primary_hn1,2,2630,6630,-0.486149,0.734928
rc_a33_point_primary_hn1,2,2631,6631,-0.629326,0.61258
rc_a33_point_primary_hn1,2,2632,6632,-0.555691,0.637792
rc_a33_point_primary_hn1,2,2633,6633,-0.632255,0.725219
rc_a33_point_primary_hn1,2,2634,6634,-0.495327,0.577013
rc_a33_point_primary_hn1,2,2635,6635,-0.416494,0.494019
rc_a33_point_primary_hn1,2,2636,6636,-0.655959,0.362467
rc_a33_point_primary_hn1,2,2637,6637,-0.622959,0.283889
rc_a33_point_primary_hn1,2,2638,6638,-0.69931,0.24363
rc_a33_point_primary_hn1,2,2639,6639,-0.663407,0.307073
rc_a33_point_primary_hn1,2,2640,6640,-0.572937,0.294059
rc_a33_point_primary_hn1,2,2641,6641,-0.563852,0.466016
rc_a33_point_primary_hn1,2,2642,6642,-0.660767,0.280999
rc_a33_point_primary_hn1,2,2643,6643,-0.33112,0.437648
rc_a33_point_primary_hn1,2,2644,6644,-0.0664718,0.761217
rc_a33_point_primary_hn1,2,2645,6645,-1.16563,0.315381
rc_a33_point_primary_hn1,2,2646,6646,-1.47568,0.828161
rc_a33_point_primary_hn1,2,2647,6647,-1.26978,0.723265
rc_a33_point_primary_hn1,2,2648,6648,-1.26732,0.623471
rc_a33_point_primary_hn1,2,2649,6649,-1.13003,0.530795
rc_a33_point_primary_hn1,2,2650,6650,-0.636469,0.398205
rc_a33_point_primary_hn1,2,2651,6651,-0.621999,0.799027
rc_a33_point_primary_hn1,2,2652,6652,-0.619038,0.473177
rc_a33_point_primary_hn1,2,2653,6653,-0.656264,0.589857
rc_a33_point_primary_hn1,2,2654,6654,-0.516478,0.519061
rc_a33_point_primary_hn1,2,2655,6655,-0.519687,0.661316
rc_a33_point_primary_hn1,2,2656,6656,-0.693568,0.514144
rc_a33_point_primary_hn1,2,2657,6657,-0.755385,0.363261
rc_a33_point_primary_hn1,2,2658,6658,0.0340575,1.14205
rc_a33_point_primary_hn1,2,2659,6659,0.108006,1.19515
rc_a33_point_primary_hn1,2,2660,6660,0.107944,1.20586
rc_a33_point_primary_hn1,2,2661,6661,-0.471309,0.655076
rc_a33_point_primary_hn1,2,2662,6662,-0.263942,0.764011
rc_a33_point_primary_hn1,2,2663,6663,-0.799108,0.403827
rc_a33_point_primary_hn1,2,2664,6664,-0.708153,0.436917
rc_a33_point_primary_hn1,2,2665,6665,-0.685328,0.483484
rc_a33_point_primary_hn1,2,2666,6666,-0.670785,0.41205
rc_a33_point_primary_hn1,2,2667,6667,-0.461888,0.502414
rc_a33_point_primary_hn1,2,2668,6668,-0.609243,0.584046
rc_a33_point_primary_hn1,2,2669,6669,-0.519342,0.655555
rc_a33_point_primary_hn1,2,2670,6670,-0.653437,0.550254
rc_a33_point_primary_hn1,2,2671,6671,-0.66106,0.589694
rc_a33_point_primary_hn1,2,2672,6672,-0.684623,0.618402
rc_a33_point_primary_hn1,2,2673,6673,-0.517915,0.795424
rc_a33_point_primary_hn1,2,2674,6674,-0.63183,0.840485
rc_a33_point_primary_hn1,2,2675,6675,-0.626507,0.658958
rc_a33_point_primary_hn1,2,2676,6676,-0.607665,0.674085
rc_a33_point_primary_hn1,2,2677,6677,-0.463183,0.565609
rc_a33_point_primary_hn1,2,2678,6678,-0.673072,0.549107
rc_a33_point_primary_hn1,2,2679,6679,-0.976891,0.790245
rc_a33_point_primary_hn1,2,2680,6680,-0.853905,0.488469
rc_a33_point_primary_hn1,2,2681,6681,-0.831442,0.366719
rc_a33_point_primary_hn1,2,2682,6682,-0.606452,0.222457
rc_a33_point_primary_hn1,2,2683,6683,-0.536986,0.485882
rc_a33_point_primary_hn1,2,2684,6684,-0.4769,0.477231
rc_a33_point_primary_hn1,2,2685,6685,-1.03161,0.490178
rc_a33_point_primary_hn1,2,2686,6686,-0.754038,0.492839
rc_a33_point_primary_hn1,2,2687,6687,-0.84803,0.540168
rc_a33_point_primary_hn1,2,2688,6688,-0.647741,0.367855
rc_a33_point_primary_hn1,2,2689,6689,-0.588535,0.710555
rc_a33_point_primary_hn1,2,2690,6690,-0.680121,0.642894
rc_a33_point_primary_hn1,2,2691,6691,-0.574022,0.397498
rc_a33_point_primary_hn1,2,2692,6692,-0.641148,0.553203
rc_a33_point_primary_hn1,2,2693,6693,-0.620732,0.308998
rc_a33_point_primary_hn1,2,2694,6694,-0.527117,0.485992
rc_a33_point_primary_hn1,2,2695,6695,-0.644459,0.499378
rc_a33_point_primary_hn1,2,2696,6696,-0.56177,0.786435
rc_a33_point_primary_hn1,2,2697,6697,-0.644263,0.658716
rc_a33_point_primary_hn1,2,2698,6698,-0.655501,0.669972
rc_a33_point_primary_hn1,2,2699,6699,-1.03118,0.477635
rc_a33_point_primary_hn1,2,2700,6700,-0.898471,0.471822
rc_a33_point_primary_hn1,2,2701,6701,-1.22073,0.601827
rc_a33_point_primary_hn1,2,2702,6702,-1.1507,0.464641
rc_a33_point_primary_hn1,2,2703,6703,-0.790771,1.21128
rc_a33_point_primary_hn1,2,2704,6704,-0.657534,0.73214
rc_a33_point_primary_hn1,2,2705,6705,-0.96249,1.01419
rc_a33_point_primary_hn1,2,2706,6706,-1.02622,1.23439
rc_a33_point_primary_hn1,2,2707,6707,-0.987318,0.79754100000000006
rc_a33_point_primary_hn1,2,2708,6708,0.0526803,0.863117
rc_a33_point_primary_hn1,2,2709,6709,-0.0853203,0.753016
rc_a33_point_primary_hn1,2,2710,6710,-0.0563434,0.718694
rc_a33_point_primary_hn1,2,2711,6711,-0.222538,0.896742
rc_a33_point_primary_hn1,2,2712,6712,-0.245407,0.969135
rc_a33_point_primary_hn1,2,2713,6713,-0.817242,0.334346
rc_a33_point_primary_hn1,2,2714,6714,-0.913636,0.389747
rc_a33_point_primary_hn1,2,2715,6715,-1.00431,0.374568
rc_a33_point_primary_hn1,2,2716,6716,-1.15771,0.692344
rc_a33_point_primary_hn1,2,2717,6717,-1.04089,0.561014
rc_a33_point_primary_hn1,2,2718,6718,-0.73095,0.678789
rc_a33_point_primary_hn1,2,2719,6719,-0.811035,0.643024
rc_a33_point_primary_hn1,2,2720,6720,-0.847179,0.770628
rc_a33_point_primary_hn1,2,2721,6721,-0.592053,0.627189
rc_a33_point_primary_hn1,2,2722,6722,-0.623623,0.746301
rc_a33_point_primary_hn1,2,2723,6723,-0.631437,0.699843
rc_a33_point_primary_hn1,2,2724,6724,-0.860404,0.540987
rc_a33_point_primary_hn1,2,2725,6725,-0.763052,0.504286
rc_a33_point_primary_hn1,2,2726,6726,-0.831917,0.436843
rc_a33_point_primary_hn1,2,2727,6727,-0.615767,0.576585
rc_a33_point_primary_hn1,2,2728,6728,-0.475915,0.524153
rc_a33_point_primary_hn1,2,2729,6729,-0.659943,0.80836
rc_a33_point_primary_hn1,2,2730,6730,-0.467568,0.742601
rc_a33_point_primary_hn1,2,2731,6731,-1.11089,0.966246
rc_a33_point_primary_hn1,2,2732,6732,-1.10241,0.930854
rc_a33_point_primary_hn1,2,2733,6733,-0.740436,0.804177
rc_a33_point_primary_hn1,2,2734,6734,-0.836907,0.689534
rc_a33_point_primary_hn1,2,2735,6735,-0.813592,0.434261
rc_a33_point_primary_hn1,2,2736,6736,-0.580694,0.762662
rc_a33_point_primary_hn1,2,2737,6737,-0.339489,0.484193
rc_a33_point_primary_hn1,2,2738,6738,-0.437326,0.606766
rc_a33_point_primary_hn1,2,2739,6739,-0.805788,0.535848
rc_a33_point_primary_hn1,2,2740,6740,-0.639424,0.925882
rc_a33_point_primary_hn1,2,2741,6741,-1.08733,0.788182
rc_a33_point_primary_hn1,2,2742,6742,-1.16492,0.774711
rc_a33_point_primary_hn1,2,2743,6743,-0.89172,0.500673
rc_a33_point_primary_hn1,2,2744,6744,-0.926325,0.485479
rc_a33_point_primary_hn1,2,2745,6745,-0.77582,0.483511
rc_a33_point_primary_hn1,2,2746,6746,-1.08859,0.368971
rc_a33_point_primary_hn1,2,2747,6747,-0.962358,0.973032
rc_a33_point_primary_hn1,2,2748,6748,-0.931101,0.43981
rc_a33_point_primary_hn1,2,2749,6749,-1.22744,0.738536
rc_a33_point_primary_hn1,2,2750,6750,-1.04545,0.654105
rc_a33_point_primary_hn1,2,2751,6751,-0.618449,0.396898
rc_a33_point_primary_hn1,2,2752,6752,-0.247857,0.885038
rc_a33_point_primary_hn1,2,2753,6753,-0.511636,0.786724
rc_a33_point_primary_hn1,2,2754,6754,-0.388804,0.384544
rc_a33_point_primary_hn1,2,2755,6755,-0.395345,0.614685
rc_a33_point_primary_hn1,2,2756,6756,-0.367588,0.779708
rc_a33_point_primary_hn1,2,2757,6757,-0.474786,0.401162
rc_a33_point_primary_hn1,2,2758,6758,-0.579765,0.710346
rc_a33_point_primary_hn1,2,2759,6759,-0.676189,0.425875
rc_a33_point_primary_hn1,2,2760,6760,-0.592526,0.579415
rc_a33_point_primary_hn1,2,2761,6761,-0.663557,0.499101
rc_a33_point_primary_hn1,2,2762,6762,-0.630984,0.57177
rc_a33_point_primary_hn1,2,2763,6763,-0.838098,0.454048
rc_a33_point_primary_hn1,2,2764,6764,-0.713974,0.512215
rc_a33_point_primary_hn1,2,2765,6765,-0.685699,0.598395
rc_a33_point_primary_hn1,2,2766,6766,-0.634128,0.616582
rc_a33_point_primary_hn1,2,2767,6767,-1.07921,0.583915
rc_a33_point_primary_hn1,2,2768,6768,-0.663606,0.330115
rc_a33_point_primary_hn1,2,2769,6769,-0.704138,0.507427
rc_a33_point_primary_hn1,2,2770,6770,-0.560595,0.623898
rc_a33_point_primary_hn1,2,2771,6771,-1.02488,1.45998
rc_a33_point_primary_hn1,2,2772,6772,-0.988484,1.49984
rc_a33_point_primary_hn1,2,2773,6773,-1.08916,1.03896
rc_a33_point_primary_hn1,2,2774,6774,-1.06443,0.89285
rc_a33_point_primary_hn1,2,2775,6775,-1.04693,0.914834
rc_a33_point_primary_hn1,2,2776,6776,-0.573344,1.06399
rc_a33_point_primary_hn1,2,2777,6777,-0.969556,0.789751
rc_a33_point_primary_hn1,2,2778,6778,-0.914201,0.666923
rc_a33_point_primary_hn1,2,2779,6779,-0.912138,0.734506
rc_a33_point_primary_hn1,2,2780,6780,-0.587988,1.03233
rc_a33_point_primary_hn1,2,2781,6781,-0.690937,0.455569
rc_a33_point_primary_hn1,2,2782,6782,-0.883648,0.412991
rc_a33_point_primary_hn1,2,2783,6783,-0.913351,0.518995
rc_a33_point_primary_hn1,2,2784,6784,-0.878992,0.462138
rc_a33_point_primary_hn1,2,2785,6785,-0.59734,0.347364
rc_a33_point_primary_hn1,2,2786,6786,-0.314279,0.45195
rc_a33_point_primary_hn1,2,2787,6787,-0.564958,0.609006
rc_a33_point_primary_hn1,2,2788,6788,-0.476274,0.56482
rc_a33_point_primary_hn1,2,2789,6789,-1.03838,0.401109
rc_a33_point_primary_hn1,2,2790,6790,-0.898988,0.328506
rc_a33_point_primary_hn1,2,2791,6791,-0.705531,0.558187
rc_a33_point_primary_hn1,2,2792,6792,-0.748597,0.307682
rc_a33_point_primary_hn1,2,2793,6793,-0.805891,0.238915
rc_a33_point_primary_hn1,2,2794,6794,-0.761299,0.431938
rc_a33_point_primary_hn1,2,2795,6795,-0.88139,0.525037
rc_a33_point_primary_hn1,2,2796,6796,-0.649889,0.300685
rc_a33_point_primary_hn1,2,2797,6797,-0.912074,0.39802
rc_a33_point_primary_hn1,2,2798,6798,-0.838893,0.242684
rc_a33_point_primary_hn1,2,2799,6799,-0.965252,0.512371
rc_a33_point_primary_hn1,2,2800,6800,-0.897689,0.289875
rc_a33_point_primary_hn1,2,2801,6801,-0.961187,0.449324
rc_a33_point_primary_hn1,2,2802,6802,-0.60664,0.569177
rc_a33_point_primary_hn1,2,2803,6803,-0.647518,0.433011
rc_a33_point_primary_hn1,2,2804,6804,-0.705246,0.497501
rc_a33_point_primary_hn1,2,2805,6805,-0.888171,0.477895
rc_a33_point_primary_hn1,2,2806,6806,-0.806634,0.292973
rc_a33_point_primary_hn1,2,2807,6807,-0.863729,0.24979
rc_a33_point_primary_hn1,2,2808,6808,-0.763301,0.658848
rc_a33_point_primary_hn1,2,2809,6809,-0.664736,0.605149
rc_a33_point_primary_hn1,2,2810,6810,-0.499436,0.689244
rc_a33_point_primary_hn1,2,2811,6811,-0.998149,0.38956
rc_a33_point_primary_hn1,2,2812,6812,-0.803152,0.526881
rc_a33_point_primary_hn1,2,2813,6813,-0.738764,0.478239
rc_a33_point_primary_hn1,2,2814,6814,-0.611609,0.853229
rc_a33_point_primary_hn1,2,2815,6815,-0.58868,0.853966
rc_a33_point_primary_hn1,2,2816,6816,-0.717911,0.153212
rc_a33_point_primary_hn1,2,2817,6817,-0.500166,0.478156
rc_a33_point_primary_hn1,2,2818,6818,-0.827073,0.585449
rc_a33_point_primary_hn1,2,2819,6819,-0.944474,0.698037
rc_a33_point_primary_hn1,2,2820,6820,-0.996304,0.455453
rc_a33_point_primary_hn1,2,2821,6821,-0.605994,0.388424
rc_a33_point_primary_hn1,2,2822,6822,-0.801192,0.398121
rc_a33_point_primary_hn1,2,2823,6823,-1.01517,0.495461
rc_a33_point_primary_hn1,2,2824,6824,-0.921384,0.595245
rc_a33_point_primary_hn1,2,2825,6825,-0.424147,0.574844
rc_a33_point_primary_hn1,2,2826,6826,-0.574092,0.422135
rc_a33_point_primary_hn1,2,2827,6827,-0.725478,0.312374
rc_a33_point_primary_hn1,2,2828,6828,-0.769455,0.339467
rc_a33_point_primary_hn1,2,2829,6829,-0.85921,0.359473
rc_a33_point_primary_hn1,2,2830,6830,-0.91676,0.484592
rc_a33_point_primary_hn1,2,2831,6831,-1.05819,0.6373
rc_a33_point_primary_hn1,2,2832,6832,-0.942111,0.797117
rc_a33_point_primary_hn1,2,2833,6833,-1.12706,0.722512
rc_a33_point_primary_hn1,2,2834,6834,-0.949827,0.626782
rc_a33_point_primary_hn1,2,2835,6835,-0.819037,0.466019
rc_a33_point_primary_hn1,2,2836,6836,-0.517441,0.466019
rc_a33_point_primary_hn1,2,2837,6837,-0.843135,0.393548
rc_a33_point_primary_hn1,2,2838,6838,-0.535299,0.786902
rc_a33_point_primary_hn1,2,2839,6839,-0.671119,1.04327
rc_a33_point_primary_hn1,2,2840,6840,-0.74951,0.448455
rc_a33_point_primary_hn1,2,2841,6841,-0.74334,0.381073
rc_a33_point_primary_hn1,2,2842,6842,-0.699988,0.476166
rc_a33_point_primary_hn1,2,2843,6843,-0.767451,0.756276
rc_a33_point_primary_hn1,2,2844,6844,-0.732604,0.468589
rc_a33_point_primary_hn1,2,2845,6845,-0.770583,0.480456
rc_a33_point_primary_hn1,2,2846,6846,-0.453956,0.866236
rc_a33_point_primary_hn1,2,2847,6847,-0.478317,0.86903300000000006
rc_a33_point_primary_hn1,2,2848,6848,-0.552039,0.367673
rc_a33_point_primary_hn1,2,2849,6849,-1.06777,0.500632
rc_a33_point_primary_hn1,2,2850,6850,-0.854596,0.393577
rc_a33_point_primary_hn1,2,2851,6851,-0.929742,0.346623
rc_a33_point_primary_hn1,2,2852,6852,-0.215782,1.57727
rc_a33_point_primary_hn1,2,2853,6853,-0.246728,1.62022
rc_a33_point_primary_hn1,2,2854,6854,-0.131247,0.626961
rc_a33_point_primary_hn1,2,2855,6855,-0.124988,0.852175
rc_a33_point_primary_hn1,2,2856,6856,-0.669755,0.891026
rc_a33_point_primary_hn1,2,2857,6857,-0.385347,0.978242
rc_a33_point_primary_hn1,2,2858,6858,-0.734827,0.593035
rc_a33_point_primary_hn1,2,2859,6859,-0.827251,0.689748
rc_a33_point_primary_hn1,2,2860,6860,-0.766459,0.449908
rc_a33_point_primary_hn1,2,2861,6861,-0.560984,0.555804
rc_a33_point_primary_hn1,2,2862,6862,-0.724054,0.583592
rc_a33_point_primary_hn1,2,2863,6863,-0.488562,0.660093
rc_a33_point_primary_hn1,2,2864,6864,-0.514184,0.379278
rc_a33_point_primary_hn1,2,2865,6865,-0.884362,0.364784
rc_a33_point_primary_hn1,2,2866,6866,-1.00425,0.414467
rc_a33_point_primary_hn1,2,2867,6867,-0.83288,0.513328
rc_a33_point_primary_hn1,2,2868,6868,-0.664563,0.371673
rc_a33_point_primary_hn1,2,2869,6869,-0.788651,0.527798
rc_a33_point_primary_hn1,2,2870,6870,-0.739348,0.463708
rc_a33_point_primary_hn1,2,2871,6871,-0.620591,0.534446
rc_a33_point_primary_hn1,2,2872,6872,-0.787411,0.37039
rc_a33_point_primary_hn1,2,2873,6873,-0.830007,0.331616
rc_a33_point_primary_hn1,2,2874,6874,-0.837445,0.569574
rc_a33_point_primary_hn1,2,2875,6875,-0.963581,0.456418
rc_a33_point_primary_hn1,2,2876,6876,-1.05363,0.521332
rc_a33_point_primary_hn1,2,2877,6877,-0.993824,0.249519
rc_a33_point_primary_hn1,2,2878,6878,-0.997512,0.460512
rc_a33_point_primary_hn1,2,2879,6879,-0.974094,0.439534
rc_a33_point_primary_hn1,2,2880,6880,-1.06895,0.447762
rc_a33_point_primary_hn1,2,2881,6881,-1.14622,0.448351
rc_a33_point_primary_hn1,2,2882,6882,-0.985305,0.400091
rc_a33_point_primary_hn1,2,2883,6883,-0.919062,0.4646
rc_a33_point_primary_hn1,2,2884,6884,-0.932462,0.474248
rc_a33_point_primary_hn1,2,2885,6885,-0.705427,0.407959
rc_a33_point_primary_hn1,2,2886,6886,-0.656722,0.400841
rc_a33_point_primary_hn1,2,2887,6887,-0.852756,0.433382
rc_a33_point_primary_hn1,2,2888,6888,-0.800107,0.517992
rc_a33_point_primary_hn1,2,2889,6889,-0.786201,0.732456
rc_a33_point_primary_hn1,2,2890,6890,-0.778665,0.630595
rc_a33_point_primary_hn1,2,2891,6891,-0.598684,0.571338
rc_a33_point_primary_hn1,2,2892,6892,-0.418589,0.499674
rc_a33_point_primary_hn1,2,2893,6893,-1.08282,0.541021
rc_a33_point_primary_hn1,2,2894,6894,-1.24165,0.708964
rc_a33_point_primary_hn1,2,2895,6895,-1.22429,0.750778
rc_a33_point_primary_hn1,2,2896,6896,-0.920242,0.50177
rc_a33_point_primary_hn1,2,2897,6897,-0.859106,0.483223
rc_a33_point_primary_hn1,2,2898,6898,-0.842401,0.593523
rc_a33_point_primary_hn1,2,2899,6899,-0.772222,0.486277
rc_a33_point_primary_hn1,2,2900,6900,-0.651152,0.708051
rc_a33_point_primary_hn1,2,2901,6901,-0.505298,0.667249
rc_a33_point_primary_hn1,2,2902,6902,-0.27991,0.925768
rc_a33_point_primary_hn1,2,2903,6903,-0.872158,0.453898
rc_a33_point_primary_hn1,2,2904,6904,-0.588501,0.566482
rc_a33_point_primary_hn1,2,2905,6905,-0.392303,0.519608
rc_a33_point_primary_hn1,2,2906,6906,-0.574752,0.623016
rc_a33_point_primary_hn1,2,2907,6907,-0.805504,0.38904300000000003
rc_a33_point_primary_hn1,2,2908,6908,-0.851514,0.466432
rc_a33_point_primary_hn1,2,2909,6909,-0.557611,0.680845
rc_a33_point_primary_hn1,2,2910,6910,-0.837739,0.409155
rc_a33_point_primary_hn1,2,2911,6911,-0.877922,0.515827
rc_a33_point_primary_hn1,2,2912,6912,-0.789494,0.490909
rc_a33_point_primary_hn1,2,2913,6913,-1.01196,0.505771
rc_a33_point_primary_hn1,2,2914,6914,-1.06056,0.514378
rc_a33_point_primary_hn1,2,2915,6915,-0.93562,0.293643
rc_a33_point_primary_hn1,2,2916,6916,-1.05921,0.522008
rc_a33_point_primary_hn1,2,2917,6917,-1.09201,0.450288
rc_a33_point_primary_hn1,2,2918,6918,-0.847298,0.476478
rc_a33_point_primary_hn1,2,2919,6919,-1.04799,0.744217
rc_a33_point_primary_hn1,2,2920,6920,-1.02563,0.612696
rc_a33_point_primary_hn1,2,2921,6921,-0.841747,0.335256
rc_a33_point_primary_hn1,2,2922,6922,-0.956255,0.394094
rc_a33_point_primary_hn1,2,2923,6923,-0.813718,0.307287
rc_a33_point_primary_hn1,2,2924,6924,-1.0642,0.414614
rc_a33_point_primary_hn1,2,2925,6925,-1.10345,0.379616
rc_a33_point_primary_hn1,2,2926,6926,-0.588463,0.748576
rc_a33_point_primary_hn1,2,2927,6927,-0.993734,0.645569
rc_a33_point_primary_hn1,2,2928,6928,-0.759676,0.511337
rc_a33_point_primary_hn1,2,2929,6929,-0.943292,0.359998
rc_a33_point_primary_hn1,2,2930,6930,-0.961104,0.348408
rc_a33_point_primary_hn1,2,2931,6931,-0.989945,0.343037
rc_a33_point_primary_hn1,2,2932,6932,-0.588106,0.620478
rc_a33_point_primary_hn1,2,2933,6933,-0.65086,0.32136
rc_a33_point_primary_hn1,2,2934,6934,-0.813966,0.559153
rc_a33_point_primary_hn1,2,2935,6935,-0.586093,0.57271
rc_a33_point_primary_hn1,2,2936,6936,-0.644636,0.547569
rc_a33_point_primary_hn1,2,2937,6937,-0.761237,0.560994
rc_a33_point_primary_hn1,2,2938,6938,-0.842686,0.582736
rc_a33_point_primary_hn1,2,2939,6939,-0.708763,0.445519
rc_a33_point_primary_hn1,2,2940,6940,-0.59024,0.498872
rc_a33_point_primary_hn1,2,2941,6941,-0.469324,0.486253
rc_a33_point_primary_hn1,2,2942,6942,-1.0489,0.594663
rc_a33_point_primary_hn1,2,2943,6943,-1.00081,0.886324
rc_a33_point_primary_hn1,2,2944,6944,-0.98501,0.716737
rc_a33_point_primary_hn1,2,2945,6945,-0.913715,0.874755
rc_a33_point_primary_hn1,2,2946,6946,-0.926715,0.919044
rc_a33_point_primary_hn1,2,2947,6947,-0.940305,0.635228
rc_a33_point_primary_hn1,2,2948,6948,-0.883044,0.685125
rc_a33_point_primary_hn1,2,2949,6949,-1.0874,0.637873
rc_a33_point_primary_hn1,2,2950,6950,-0.830655,0.508585
rc_a33_point_primary_hn1,2,2951,6951,-0.945198,0.604438
rc_a33_point_primary_hn1,2,2952,6952,-0.574157,0.456274
rc_a33_point_primary_hn1,2,2953,6953,-0.838275,0.391028
rc_a33_point_primary_hn1,2,2954,6954,-0.934274,0.604064
rc_a33_point_primary_hn1,2,2955,6955,-0.685613,0.443914
rc_a33_point_primary_hn1,2,2956,6956,-1.05237,0.52182
rc_a33_point_primary_hn1,2,2957,6957,-1.11063,0.538942
rc_a33_point_primary_hn1,2,2958,6958,-0.882656,0.513159
rc_a33_point_primary_hn1,2,2959,6959,-0.911799,0.711577
rc_a33_point_primary_hn1,2,2960,6960,-0.837815,0.51334
rc_a33_point_primary_hn1,2,2961,6961,-0.923681,0.602038
rc_a33_point_primary_hn1,2,2962,6962,-0.638814,0.410558
rc_a33_point_primary_hn1,2,2963,6963,-0.704977,0.693909
rc_a33_point_primary_hn1,2,2964,6964,-0.656857,0.692812
rc_a33_point_primary_hn1,2,2965,6965,-0.906887,0.597943
rc_a33_point_primary_hn1,2,2966,6966,-0.967778,0.74997
rc_a33_point_primary_hn1,2,2967,6967,-0.974896,0.810311
rc_a33_point_primary_hn1,2,2968,6968,-0.757467,1.22532
rc_a33_point_primary_hn1,2,2969,6969,-0.66973800000000006,1.26677
rc_a33_point_primary_hn1,2,2970,6970,-0.579055,1.81085
rc_a33_point_primary_hn1,2,2971,6971,-0.504549,2.01664
rc_a33_point_primary_hn1,2,2972,6972,-0.78923,0.535998
rc_a33_point_primary_hn1,2,2973,6973,-0.881325,0.635973
rc_a33_point_primary_hn1,2,2974,6974,-1.10457,0.706165
rc_a33_point_primary_hn1,2,2975,6975,-1.22697,0.717539
rc_a33_point_primary_hn1,2,2976,6976,-0.800483,0.439089
rc_a33_point_primary_hn1,2,2977,6977,-0.907743,0.489116
rc_a33_point_primary_hn1,2,2978,6978,-0.769619,0.355906
rc_a33_point_primary_hn1,2,2979,6979,-1.63098,0.75377
rc_a33_point_primary_hn1,2,2980,6980,-1.40883,0.872905
rc_a33_point_primary_hn1,2,2981,6981,-1.31282,1.03713
rc_a33_point_primary_hn1,2,2982,6982,-0.556343,0.819691
rc_a33_point_primary_hn1,2,2983,6983,-0.567141,1.05325
rc_a33_point_primary_hn1,2,2984,6984,-0.903834,0.540996
rc_a33_point_primary_hn1,2,2985,6985,-0.85033,0.632199
rc_a33_point_primary_hn1,2,2986,6986,-0.850115,0.696817
rc_a33_point_primary_hn1,2,2987,6987,-1.3048,0.913397
rc_a33_point_primary_hn1,2,2988,6988,-0.82089,0.854622
rc_a33_point_primary_hn1,2,2989,6989,-0.695838,0.708332
rc_a33_point_primary_hn1,2,2990,6990,-0.637386,0.418882
rc_a33_point_primary_hn1,2,2991,6991,-0.568001,0.577043
rc_a33_point_primary_hn1,2,2992,6992,-0.740171,0.487965
rc_a33_point_primary_hn1,2,2993,6993,-0.723724,1.27999
rc_a33_point_primary_hn1,2,2994,6994,-0.0150724,0.714192
rc_a33_point_primary_hn1,2,2995,6995,-0.345971,0.45633
rc_a33_point_primary_hn1,2,2996,6996,-0.939287,0.493408
rc_a33_point_primary_hn1,2,2997,6997,-0.680731,0.177619
rc_a33_point_primary_hn1,2,2998,6998,-0.827946,0.382063
rc_a33_point_primary_hn1,2,2999,6999,-0.738056,0.395363
rc_a33_point_primary_hn1,2,3000,7000,-0.718577,0.390188
rc_a33_point_primary_hn1,2,3001,7001,-0.940317,0.59575
rc_a33_point_primary_hn1,2,3002,7002,-0.73513,0.539168
rc_a33_point_primary_hn1,2,3003,7003,-0.766541,0.270364
rc_a33_point_primary_hn1,2,3004,7004,-0.836593,0.479339
rc_a33_point_primary_hn1,2,3005,7005,-0.624292,0.366333
rc_a33_point_primary_hn1,2,3006,7006,-0.760318,0.440597
rc_a33_point_primary_hn1,2,3007,7007,-0.897333,0.374387
rc_a33_point_primary_hn1,2,3008,7008,-0.815922,0.497483
rc_a33_point_primary_hn1,2,3009,7009,-0.857182,0.538042
rc_a33_point_primary_hn1,2,3010,7010,-0.838739,0.579372
rc_a33_point_primary_hn1,2,3011,7011,-0.785913,0.592295
rc_a33_point_primary_hn1,2,3012,7012,-0.645061,0.609774
rc_a33_point_primary_hn1,2,3013,7013,-0.795213,0.464085
rc_a33_point_primary_hn1,2,3014,7014,-0.67114,0.63585
rc_a33_point_primary_hn1,2,3015,7015,-0.915294,0.389451
rc_a33_point_primary_hn1,2,3016,7016,-0.722225,0.500684
rc_a33_point_primary_hn1,2,3017,7017,-0.776908,0.46645
rc_a33_point_primary_hn1,2,3018,7018,-0.834332,0.448459
rc_a33_point_primary_hn1,2,3019,7019,-0.851667,0.728187
rc_a33_point_primary_hn1,2,3020,7020,-0.818787,0.667971
rc_a33_point_primary_hn1,2,3021,7021,-0.688756,0.48109
rc_a33_point_primary_hn1,2,3022,7022,-0.95845,0.800606
rc_a33_point_primary_hn1,2,3023,7023,-0.691043,0.384931
rc_a33_point_primary_hn1,2,3024,7024,-0.826781,0.539886
rc_a33_point_primary_hn1,2,3025,7025,-0.715236,0.459793
rc_a33_point_primary_hn1,2,3026,7026,-0.906654,0.620848
rc_a33_point_primary_hn1,2,3027,7027,-0.984374,0.520562
rc_a33_point_primary_hn1,2,3028,7028,-0.911335,0.487909
rc_a33_point_primary_hn1,2,3029,7029,-1.11416,0.608687
rc_a33_point_primary_hn1,2,3030,7030,-0.866151,0.482695
rc_a33_point_primary_hn1,2,3031,7031,-0.82415,0.475037
rc_a33_point_primary_hn1,2,3032,7032,-0.778283,0.330895
rc_a33_point_primary_hn1,2,3033,7033,-0.890596,0.403908
rc_a33_point_primary_hn1,2,3034,7034,-1.11043,0.415218
rc_a33_point_primary_hn1,2,3035,7035,-0.833424,0.532739
rc_a33_point_primary_hn1,2,3036,7036,-0.89039,0.47263
rc_a33_point_primary_hn1,2,3037,7037,-0.693726,0.331687
rc_a33_point_primary_hn1,2,3038,7038,-0.939855,0.421407
rc_a33_point_primary_hn1,2,3039,7039,-0.703808,0.384957
rc_a33_point_primary_hn1,2,3040,7040,-0.724113,0.472789
rc_a33_point_primary_hn1,2,3041,7041,-0.700262,0.432809
rc_a33_point_primary_hn1,2,3042,7042,-0.704522,0.506683
rc_a33_point_primary_hn1,2,3043,7043,-0.552982,0.569912
rc_a33_point_primary_hn1,2,3044,7044,-0.883572,0.495274
rc_a33_point_primary_hn1,2,3045,7045,-0.856409,0.779292
rc_a33_point_primary_hn1,2,3046,7046,-0.532314,1.05758
rc_a33_point_primary_hn1,2,3047,7047,-1.01436,1.47167
rc_a33_point_primary_hn1,2,3048,7048,-0.953093,1.39997
rc_a33_point_primary_hn1,2,3049,7049,-0.95279,1.31984
rc_a33_point_primary_hn1,2,3050,7050,-0.889697,0.551143
rc_a33_point_primary_hn1,2,3051,7051,-0.887757,0.749829
rc_a33_point_primary_hn1,2,3052,7052,-0.907796,0.848606
rc_a33_point_primary_hn1,2,3053,7053,-0.817408,0.527593
rc_a33_point_primary_hn1,2,3054,7054,-0.393654,0.411559
rc_a33_point_primary_hn1,2,3055,7055,-0.612418,0.448554
rc_a33_point_primary_hn1,2,3056,7056,-0.526768,0.484368
rc_a33_point_primary_hn1,2,3057,7057,-0.598145,0.467634
rc_a33_point_primary_hn1,2,3058,7058,-0.431373,0.504403
rc_a33_point_primary_hn1,2,3059,7059,-0.792599,0.470256
rc_a33_point_primary_hn1,2,3060,7060,-0.716086,0.465561
rc_a33_point_primary_hn1,2,3061,7061,-0.295622,0.760719
rc_a33_point_primary_hn1,2,3062,7062,-0.345972,0.792679
rc_a33_point_primary_hn1,2,3063,7063,-1.05623,0.672146
rc_a33_point_primary_hn1,2,3064,7064,-1.02342,0.611906
rc_a33_point_primary_hn1,2,3065,7065,-0.863142,0.583327
rc_a33_point_primary_hn1,2,3066,7066,-0.901082,0.436477
rc_a33_point_primary_hn1,2,3067,7067,-1.07432,0.290383
rc_a33_point_primary_hn1,2,3068,7068,-0.668741,0.415111
rc_a33_point_primary_hn1,2,3069,7069,-0.657122,0.459146
rc_a33_point_primary_hn1,2,3070,7070,-0.637388,0.434057
rc_a33_point_primary_hn1,2,3071,7071,-0.964842,0.558136
rc_a33_point_primary_hn1,2,3072,7072,-1.02558,0.360886
rc_a33_point_primary_hn1,2,3073,7073,-0.785222,0.268678
rc_a33_point_primary_hn1,2,3074,7074,-1.06712,0.61833
rc_a33_point_primary_hn1,2,3075,7075,-0.96761,0.613955
rc_a33_point_primary_hn1,2,3076,7076,-0.814751,0.415885
rc_a33_point_primary_hn1,2,3077,7077,-0.946731,0.474569
rc_a33_point_primary_hn1,2,3078,7078,-0.841901,0.472
rc_a33_point_primary_hn1,2,3079,7079,-0.839809,0.494242
rc_a33_point_primary_hn1,2,3080,7080,-0.787117,0.433786
rc_a33_point_primary_hn1,2,3081,7081,-0.675985,0.432177
rc_a33_point_primary_hn1,2,3082,7082,-0.856198,0.434497
rc_a33_point_primary_hn1,2,3083,7083,-0.736433,0.393136
rc_a33_point_primary_hn1,2,3084,7084,-0.564575,0.28549
rc_a33_point_primary_hn1,2,3085,7085,-1.00139,0.431065
rc_a33_point_primary_hn1,2,3086,7086,-0.674133,0.313415
rc_a33_point_primary_hn1,2,3087,7087,-0.531766,0.313687
rc_a33_point_primary_hn1,2,3088,7088,-0.648861,0.335545
rc_a33_point_primary_hn1,2,3089,7089,-0.705334,0.252388
rc_a33_point_primary_hn1,2,3090,7090,-0.626954,0.258592
rc_a33_point_primary_hn1,2,3091,7091,-1.38815,1.56041
rc_a33_point_primary_hn1,2,3092,7092,-2.20497,1.43821
rc_a33_point_primary_hn1,2,3093,7093,-0.675027,0.608411
rc_a33_point_primary_hn1,2,3094,7094,-0.706765,0.54156
rc_a33_point_primary_hn1,2,3095,7095,-0.740663,0.514503
rc_a33_point_primary_hn1,2,3096,7096,-0.74461,0.541848
rc_a33_point_primary_hn1,2,3097,7097,-0.802997,0.495926
rc_a33_point_primary_hn1,2,3098,7098,-0.883488,1.05529
rc_a33_point_primary_hn1,2,3099,7099,-0.619561,0.446145
rc_a33_point_primary_hn1,2,3100,7100,-0.487638,0.369636
rc_a33_point_primary_hn1,2,3101,7101,-0.397183,0.523139
rc_a33_point_primary_hn1,2,3102,7102,-0.628282,0.327708
rc_a33_point_primary_hn1,2,3103,7103,-0.599092,0.333706
rc_a33_point_primary_hn1,2,3104,7104,-0.598802,0.673538
rc_a33_point_primary_hn1,2,3105,7105,-0.52325,0.685423
rc_a33_point_primary_hn1,2,3106,7106,-0.56796,0.536813
rc_a33_point_primary_hn1,2,3107,7107,-0.727363,0.449521
rc_a33_point_primary_hn1,2,3108,7108,-0.729413,0.550962
rc_a33_point_primary_hn1,2,3109,7109,-0.615518,0.340989
rc_a33_point_primary_hn1,2,3110,7110,-0.958917,0.348972
rc_a33_point_primary_hn1,2,3111,7111,-1.37633,0.542062
rc_a33_point_primary_hn1,2,3112,7112,-1.7477,0.777581
rc_a33_point_primary_hn1,2,3113,7113,-1.70436,0.771873
rc_a33_point_primary_hn1,2,3114,7114,-0.510671,0.532435
rc_a33_point_primary_hn1,2,3115,7115,-0.492703,0.49489
rc_a33_point_primary_hn1,2,3116,7116,-0.599934,0.405279
rc_a33_point_primary_hn1,2,3117,7117,-0.620954,0.464703
rc_a33_point_primary_hn1,2,3118,7118,-0.67981,0.532023
rc_a33_point_primary_hn1,2,3119,7119,-0.427656,0.498176
rc_a33_point_primary_hn1,2,3120,7120,-1.00042,0.662202
rc_a33_point_primary_hn1,2,3121,7121,-0.78619000000000006,0.496046
rc_a33_point_primary_hn1,2,3122,7122,-0.437232,0.624631
rc_a33_point_primary_hn1,2,3123,7123,-0.227188,0.718206
rc_a33_point_primary_hn1,2,3124,7124,-0.802826,0.474471
rc_a33_point_primary_hn1,2,3125,7125,-0.649357,0.480231
rc_a33_point_primary_hn1,2,3126,7126,-1.18225,0.536609
rc_a33_point_primary_hn1,2,3127,7127,-0.891262,0.615403
rc_a33_point_primary_hn1,2,3128,7128,-0.846936,0.356097
rc_a33_point_primary_hn1,2,3129,7129,-0.530051,0.612127
rc_a33_point_primary_hn1,2,3130,7130,-0.610168,0.466007
rc_a33_point_primary_hn1,2,3131,7131,-0.626644,0.460264
rc_a33_point_primary_hn1,2,3132,7132,-0.709761,0.368796
rc_a33_point_primary_hn1,2,3133,7133,-0.691415,0.280484
rc_a33_point_primary_hn1,2,3134,7134,-0.719078,0.524416
rc_a33_point_primary_hn1,2,3135,7135,-0.61653,0.547883
rc_a33_point_primary_hn1,2,3136,7136,-0.606373,0.57014
rc_a33_point_primary_hn1,2,3137,7137,-0.444706,0.626706
rc_a33_point_primary_hn1,2,3138,7138,-0.498063,0.7043
rc_a33_point_primary_hn1,2,3139,7139,-0.84998,0.757692
rc_a33_point_primary_hn1,2,3140,7140,-0.988965,0.780962
rc_a33_point_primary_hn1,2,3141,7141,-0.586064,0.415964
rc_a33_point_primary_hn1,2,3142,7142,-0.542999,0.365252
rc_a33_point_primary_hn1,2,3143,7143,-0.607565,0.669094
rc_a33_point_primary_hn1,2,3144,7144,-0.452966,0.657073
rc_a33_point_primary_hn1,2,3145,7145,-0.376446,0.644421
rc_a33_point_primary_hn1,2,3146,7146,-0.517528,0.629248
rc_a33_point_primary_hn1,2,3147,7147,-0.474996,0.397389
rc_a33_point_primary_hn1,2,3148,7148,-0.343813,0.42608
rc_a33_point_primary_hn1,2,3149,7149,-1.00525,0.337899
rc_a33_point_primary_hn1,2,3150,7150,-1.01455,0.391785
rc_a33_point_primary_hn1,2,3151,7151,-0.985077,0.507657
rc_a33_point_primary_hn1,2,3152,7152,-0.331647,0.782242
rc_a33_point_primary_hn1,2,3153,7153,-0.566338,1.60864
rc_a33_point_primary_hn1,2,3154,7154,-0.0951644,1.05377
rc_a33_point_primary_hn1,2,3155,7155,-0.923142,1.08963
rc_a33_point_primary_hn1,2,3156,7156,-0.936129,0.696448
rc_a33_point_primary_hn1,2,3157,7157,-0.895594,0.551131
rc_a33_point_primary_hn1,2,3158,7158,-0.953545,0.539879
rc_a33_point_primary_hn1,2,3159,7159,-0.573722,0.718265
rc_a33_point_primary_hn1,2,3160,7160,-1.4575,0.995047
rc_a33_point_primary_hn1,2,3161,7161,-1.44959,1.07722
rc_a33_point_primary_hn1,2,3162,7162,-1.13315,0.395164
rc_a33_point_primary_hn1,2,3163,7163,-1.12153,0.518997
rc_a33_point_primary_hn1,2,3164,7164,-0.896991,0.52849
rc_a33_point_primary_hn1,2,3165,7165,-0.746637,0.302687
rc_a33_point_primary_hn1,2,3166,7166,-0.811217,0.539727
rc_a33_point_primary_hn1,2,3167,7167,-0.658877,0.669944
rc_a33_point_primary_hn1,2,3168,7168,-0.617924,0.542814
rc_a33_point_primary_hn1,2,3169,7169,-1.02501,0.55822
rc_a33_point_primary_hn1,2,3170,7170,-0.845406,0.621722
rc_a33_point_primary_hn1,2,3171,7171,-0.711165,0.374469
rc_a33_point_primary_hn1,2,3172,7172,-0.667253,0.467215
rc_a33_point_primary_hn1,2,3173,7173,-0.471792,0.813589
rc_a33_point_primary_hn1,2,3174,7174,-0.556102,0.789086
rc_a33_point_primary_hn1,2,3175,7175,-0.900704,0.771117
rc_a33_point_primary_hn1,2,3176,7176,-0.862199,0.7455
rc_a33_point_primary_hn1,2,3177,7177,-0.847694,0.668465
rc_a33_point_primary_hn1,2,3178,7178,-0.481229,1.7417
rc_a33_point_primary_hn1,2,3179,7179,-0.945255,0.784163
rc_a33_point_primary_hn1,2,3180,7180,-0.951558,0.822548
rc_a33_point_primary_hn1,2,3181,7181,-0.946322,0.613229
rc_a33_point_primary_hn1,2,3182,7182,-0.798406,0.749731
rc_a33_point_primary_hn1,2,3183,7183,-0.752542,0.572289
rc_a33_point_primary_hn1,2,3184,7184,-0.860533,0.469905
rc_a33_point_primary_hn1,2,3185,7185,-0.621066,0.584206
rc_a33_point_primary_hn1,2,3186,7186,-0.665811,0.513169
rc_a33_point_primary_hn1,2,3187,7187,-0.790786,0.766415
rc_a33_point_primary_hn1,2,3188,7188,-0.948759,0.879336
rc_a33_point_primary_hn1,2,3189,7189,-0.964655,0.888296
rc_a33_point_primary_hn1,2,3190,7190,-0.594414,0.934134
rc_a33_point_primary_hn1,2,3191,7191,-0.405639,0.806626
rc_a33_point_primary_hn1,2,3192,7192,-0.46692,0.940823
rc_a33_point_primary_hn1,2,3193,7193,-0.280421,1.00256
rc_a33_point_primary_hn1,2,3194,7194,-0.270753,0.899643
rc_a33_point_primary_hn1,2,3195,7195,-0.926904,1.04486
rc_a33_point_primary_hn1,2,3196,7196,-0.941903,0.520423
rc_a33_point_primary_hn1,2,3197,7197,-0.86588,0.739515
rc_a33_point_primary_hn1,2,3198,7198,-0.769598,0.560007
rc_a33_point_primary_hn1,2,3199,7199,-0.984808,0.434734
rc_a33_point_primary_hn1,2,3200,7200,-0.462452,0.429456
rc_a33_point_primary_hn1,2,3201,7201,-0.356314,0.49945
rc_a33_point_primary_hn1,2,3202,7202,-0.842187,1.0829
rc_a33_point_primary_hn1,2,3203,7203,-0.850775,0.893486
rc_a33_point_primary_hn1,2,3204,7204,-0.699591,0.892253
rc_a33_point_primary_hn1,2,3205,7205,-0.412512,0.790072
rc_a33_point_primary_hn1,2,3206,7206,-0.640313,0.438202
rc_a33_point_primary_hn1,2,3207,7207,-0.526448,0.574915
rc_a33_point_primary_hn1,2,3208,7208,-0.714283,0.851337
rc_a33_point_primary_hn1,2,3209,7209,-0.734554,0.538496
rc_a33_point_primary_hn1,2,3210,7210,-0.777534,0.56083
rc_a33_point_primary_hn1,2,3211,7211,-0.796445,0.46854
rc_a33_point_primary_hn1,2,3212,7212,-0.919667,0.591451
rc_a33_point_primary_hn1,2,3213,7213,-1.15296,0.646965
rc_a33_point_primary_hn1,2,3214,7214,-1.42588,0.881857
rc_a33_point_primary_hn1,2,3215,7215,-1.12695,0.615259
rc_a33_point_primary_hn1,2,3216,7216,-0.75603,0.380235
rc_a33_point_primary_hn1,2,3217,7217,-0.841343,0.453428
rc_a33_point_primary_hn1,2,3218,7218,-0.740531,0.587426
rc_a33_point_primary_hn1,2,3219,7219,-0.630605,0.746511
rc_a33_point_primary_hn1,2,3220,7220,-0.910189,0.660868
rc_a33_point_primary_hn1,2,3221,7221,-0.872758,0.836754
rc_a33_point_primary_hn1,2,3222,7222,-0.911781,0.710348
rc_a33_point_primary_hn1,2,3223,7223,-0.712911,0.937203
rc_a33_point_primary_hn1,2,3224,7224,-0.827761,0.646383
rc_a33_point_primary_hn1,2,3225,7225,-0.666578,0.335233
rc_a33_point_primary_hn1,2,3226,7226,-0.659874,0.552335
rc_a33_point_primary_hn1,2,3227,7227,-0.636068,0.664027
rc_a33_point_primary_hn1,2,3228,7228,-0.989588,0.514163
rc_a33_point_primary_hn1,2,3229,7229,-1.22368,0.677459
rc_a33_point_primary_hn1,2,3230,7230,-1.0717,0.648083
rc_a33_point_primary_hn1,2,3231,7231,-1.02318,0.588759
rc_a33_point_primary_hn1,2,3232,7232,-0.756912,0.422385
rc_a33_point_primary_hn1,2,3233,7233,-1.48032,0.657152
rc_a33_point_primary_hn1,2,3234,7234,-1.34349,0.564545
rc_a33_point_primary_hn1,2,3235,7235,-1.03505,0.4736
rc_a33_point_primary_hn1,2,3236,7236,-0.762883,0.30743
rc_a33_point_primary_hn1,2,3237,7237,-0.828682,0.521262
rc_a33_point_primary_hn1,2,3238,7238,-0.752253,0.601081
rc_a33_point_primary_hn1,2,3239,7239,-0.556907,0.397188
rc_a33_point_primary_hn1,2,3240,7240,-0.644278,0.452954
rc_a33_point_primary_hn1,2,3241,7241,-1.05165,0.45758
rc_a33_point_primary_hn1,2,3242,7242,-1.04229,0.42003
rc_a33_point_primary_hn1,2,3243,7243,-0.811403,0.573593
rc_a33_point_primary_hn1,2,3244,7244,-0.725341,0.366692
rc_a33_point_primary_hn1,2,3245,7245,-0.751219,0.288523
rc_a33_point_primary_hn1,2,3246,7246,-0.637851,0.58904
rc_a33_point_primary_hn1,2,3247,7247,-0.856687,0.600828
rc_a33_point_primary_hn1,2,3248,7248,-0.694776,0.4481
rc_a33_point_primary_hn1,2,3249,7249,-0.944053,0.682872
rc_a33_point_primary_hn1,2,3250,7250,-1.04428,0.583996
rc_a33_point_primary_hn1,2,3251,7251,-1.00867,0.610475
rc_a33_point_primary_hn1,2,3252,7252,-0.695362,0.624975
rc_a33_point_primary_hn1,2,3253,7253,-0.598416,0.312332
rc_a33_point_primary_hn1,2,3254,7254,-0.571835,0.303498
rc_a33_point_primary_hn1,2,3255,7255,-0.492328,0.660391
rc_a33_point_primary_hn1,2,3256,7256,-0.673466,0.2581
rc_a33_point_primary_hn1,2,3257,7257,-0.515013,0.289275
rc_a33_point_primary_hn1,2,3258,7258,-1.07966,0.366938
rc_a33_point_primary_hn1,2,3259,7259,-1.11059,0.60565
rc_a33_point_primary_hn1,2,3260,7260,-0.604112,0.92659
rc_a33_point_primary_hn1,2,3261,7261,-0.605435,0.999913
rc_a33_point_primary_hn1,2,3262,7262,-0.471203,0.874503
rc_a33_point_primary_hn1,2,3263,7263,-0.54295,0.940556
rc_a33_point_primary_hn1,2,3264,7264,-0.485359,0.989058
rc_a33_point_primary_hn1,2,3265,7265,-0.471239,0.683533
rc_a33_point_primary_hn1,2,3266,7266,-0.430305,0.488169
rc_a33_point_primary_hn1,2,3267,7267,-0.336712,0.424547
rc_a33_point_primary_hn1,2,3268,7268,-0.451662,0.34428
rc_a33_point_primary_hn1,2,3269,7269,-0.275596,0.606606
rc_a33_point_primary_hn1,2,3270,7270,-1.35464,0.858426
rc_a33_point_primary_hn1,2,3271,7271,-0.571647,0.709207
rc_a33_point_primary_hn1,2,3272,7272,-0.610122,0.902705
rc_a33_point_primary_hn1,2,3273,7273,-0.850209,0.835683
rc_a33_point_primary_hn1,2,3274,7274,-0.8923,1.06216
rc_a33_point_primary_hn1,2,3275,7275,-1.03493,1.1061
rc_a33_point_primary_hn1,2,3276,7276,-1.01332,0.998589
rc_a33_point_primary_hn1,2,3277,7277,-0.796074,0.702154
rc_a33_point_primary_hn1,2,3278,7278,-0.750403,0.69035
rc_a33_point_primary_hn1,2,3279,7279,-0.710205,0.912439
rc_a33_point_primary_hn1,2,3280,7280,-0.622642,0.908305
rc_a33_point_primary_hn1,2,3281,7281,-0.727392,0.92749
rc_a33_point_primary_hn1,2,3282,7282,-0.650297,0.987309
rc_a33_point_primary_hn1,2,3283,7283,-0.762712,0.855416
rc_a33_point_primary_hn1,2,3284,7284,-0.867367,0.536927
rc_a33_point_primary_hn1,2,3285,7285,-0.957017,0.395701
rc_a33_point_primary_hn1,2,3286,7286,-0.997913,0.941713
rc_a33_point_primary_hn1,2,3287,7287,-1.03095,0.90402
rc_a33_point_primary_hn1,2,3288,7288,-0.727928,0.688875
rc_a33_point_primary_hn1,2,3289,7289,-0.939296,0.798585
rc_a33_point_primary_hn1,2,3290,7290,-0.887942,0.965014
rc_a33_point_primary_hn1,2,3291,7291,-1.27151,0.687522
rc_a33_point_primary_hn1,2,3292,7292,-0.805012,0.419488
rc_a33_point_primary_hn1,2,3293,7293,-0.880239,0.484737
rc_a33_point_primary_hn1,2,3294,7294,-0.91114,0.39747
rc_a33_point_primary_hn1,2,3295,7295,-0.987754,0.559423
rc_a33_point_primary_hn1,2,3296,7296,-0.56997,0.415146
rc_a33_point_primary_hn1,2,3297,7297,-0.672015,0.303015
rc_a33_point_primary_hn1,2,3298,7298,-0.661809,0.648065
rc_a33_point_primary_hn1,2,3299,7299,-0.907678,0.446832
rc_a33_point_primary_hn1,2,3300,7300,-0.895113,0.464923
rc_a33_point_primary_hn1,2,3301,7301,-0.947983,0.518678
rc_a33_point_primary_hn1,2,3302,7302,-0.844611,0.63319
rc_a33_point_primary_hn1,2,3303,7303,-0.761334,0.478796
rc_a33_point_primary_hn1,2,3304,7304,-0.91931,0.830464
rc_a33_point_primary_hn1,2,3305,7305,-0.456603,0.685367
rc_a33_point_primary_hn1,2,3306,7306,-0.777802,0.37808
rc_a33_point_primary_hn1,2,3307,7307,-0.717218,0.437429
rc_a33_point_primary_hn1,2,3308,7308,-0.9164,0.391312
rc_a33_point_primary_hn1,2,3309,7309,-0.795684,0.660861
rc_a33_point_primary_hn1,2,3310,7310,-0.511148,1.20691
rc_a33_point_primary_hn1,2,3311,7311,-0.393988,1.07577
rc_a33_point_primary_hn1,2,3312,7312,-0.318987,1.07748
rc_a33_point_primary_hn1,2,3313,7313,-0.279095,1.10737
rc_a33_point_primary_hn1,2,3314,7314,-0.328797,0.892584
rc_a33_point_primary_hn1,2,3315,7315,-0.667233,0.916401
rc_a33_point_primary_hn1,2,3316,7316,-0.697458,0.735655
rc_a33_point_primary_hn1,2,3317,7317,-0.538283,0.958085
rc_a33_point_primary_hn1,2,3318,7318,-0.564797,0.992655
rc_a33_point_primary_hn1,2,3319,7319,-0.470984,0.494238
rc_a33_point_primary_hn1,2,3320,7320,-0.56122,0.494243
rc_a33_point_primary_hn1,2,3321,7321,-0.666673,0.49772
rc_a33_point_primary_hn1,2,3322,7322,-0.779306,0.402143
rc_a33_point_primary_hn1,2,3323,7323,-0.778605,0.724593
rc_a33_point_primary_hn1,2,3324,7324,-0.783204,0.865715
rc_a33_point_primary_hn1,2,3325,7325,-0.96015,0.936437
rc_a33_point_primary_hn1,2,3326,7326,-0.756637,0.561952
rc_a33_point_primary_hn1,2,3327,7327,-0.848925,0.552134
rc_a33_point_primary_hn1,2,3328,7328,-1.06057,0.677055
rc_a33_point_primary_hn1,2,3329,7329,-1.08048,0.687293
rc_a33_point_primary_hn1,2,3330,7330,-0.603081,0.843455
rc_a33_point_primary_hn1,2,3331,7331,-0.781346,0.938701
rc_a33_point_primary_hn1,2,3332,7332,-0.787824,0.935367
rc_a33_point_primary_hn1,2,3333,7333,-0.848734,0.435417
rc_a33_point_primary_hn1,2,3334,7334,-0.803953,0.400194
rc_a33_point_primary_hn1,2,3335,7335,-0.736013,0.726823
rc_a33_point_primary_hn1,2,3336,7336,-0.526979,1.0349
rc_a33_point_primary_hn1,2,3337,7337,-0.698356,0.691207
rc_a33_point_primary_hn1,2,3338,7338,-0.727736,0.765549
rc_a33_point_primary_hn1,2,3339,7339,-0.542329,0.838674
rc_a33_point_primary_hn1,2,3340,7340,-1.05316,0.774982
rc_a33_point_primary_hn1,2,3341,7341,-0.886549,0.55827
rc_a33_point_primary_hn1,2,3342,7342,-0.834458,0.603636
rc_a33_point_primary_hn1,2,3343,7343,-0.925374,0.397284
rc_a33_point_primary_hn1,2,3344,7344,-0.696087,0.472572
rc_a33_point_primary_hn1,2,3345,7345,-0.557496,0.325241
rc_a33_point_primary_hn1,2,3346,7346,-0.805863,0.540641
rc_a33_point_primary_hn1,2,3347,7347,-0.847251,0.502532
rc_a33_point_primary_hn1,2,3348,7348,-0.879746,0.311809
rc_a33_point_primary_hn1,2,3349,7349,-1.2074,0.415656
rc_a33_point_primary_hn1,2,3350,7350,-0.981457,0.337447
rc_a33_point_primary_hn1,2,3351,7351,-0.858063,0.428247
rc_a33_point_primary_hn1,2,3352,7352,-0.908188,0.38108
rc_a33_point_primary_hn1,2,3353,7353,-0.813353,0.436007
rc_a33_point_primary_hn1,2,3354,7354,-1.41117,0.650332
rc_a33_point_primary_hn1,2,3355,7355,-1.23633,0.559724
rc_a33_point_primary_hn1,2,3356,7356,-1.24035,0.567801
rc_a33_point_primary_hn1,2,3357,7357,-1.24686,0.592465
rc_a33_point_primary_hn1,2,3358,7358,-0.888532,0.353232
rc_a33_point_primary_hn1,2,3359,7359,-0.71349,0.535432
rc_a33_point_primary_hn1,2,3360,7360,-0.682378,0.458263
rc_a33_point_primary_hn1,2,3361,7361,-1.17807,0.581614
rc_a33_point_primary_hn1,2,3362,7362,-0.861151,0.449168
rc_a33_point_primary_hn1,2,3363,7363,-1.22062,0.609952
rc_a33_point_primary_hn1,2,3364,7364,-0.652059,0.538262
rc_a33_point_primary_hn1,2,3365,7365,-0.697228,0.543966
rc_a33_point_primary_hn1,2,3366,7366,-0.656516,0.314822
rc_a33_point_primary_hn1,2,3367,7367,-0.678207,0.542985
rc_a33_point_primary_hn1,2,3368,7368,-0.809877,0.284126
rc_a33_point_primary_hn1,2,3369,7369,-0.786994,0.286458
rc_a33_point_primary_hn1,2,3370,7370,-0.985707,0.342417
rc_a33_point_primary_hn1,2,3371,7371,-1.07713,0.388652
rc_a33_point_primary_hn1,2,3372,7372,-0.546045,0.441433
rc_a33_point_primary_hn1,2,3373,7373,-0.795023,0.493202
rc_a33_point_primary_hn1,2,3374,7374,-0.481178,0.889345
rc_a33_point_primary_hn1,2,3375,7375,-0.594539,0.964414
rc_a33_point_primary_hn1,2,3376,7376,-0.407001,1.0016
rc_a33_point_primary_hn1,2,3377,7377,-0.507101,0.304315
rc_a33_point_primary_hn1,2,3378,7378,-0.945997,0.563658
rc_a33_point_primary_hn1,2,3379,7379,-0.855426,0.597617
rc_a33_point_primary_hn1,2,3380,7380,-0.558721,0.500145
rc_a33_point_primary_hn1,2,3381,7381,-0.385646,0.472018
rc_a33_point_primary_hn1,2,3382,7382,-0.554485,0.560622
rc_a33_point_primary_hn1,2,3383,7383,-1.02492,0.900325
rc_a33_point_primary_hn1,2,3384,7384,-0.972925,0.812025
rc_a33_point_primary_hn1,2,3385,7385,-1.22603,0.764109
rc_a33_point_primary_hn1,2,3386,7386,-0.830323,0.734504
rc_a33_point_primary_hn1,2,3387,7387,-0.66987,0.667343
rc_a33_point_primary_hn1,2,3388,7388,-0.705622,0.682961
rc_a33_point_primary_hn1,2,3389,7389,-0.637353,0.895271
rc_a33_point_primary_hn1,2,3390,7390,-0.737936,0.949216
rc_a33_point_primary_hn1,2,3391,7391,-0.795243,0.890972
rc_a33_point_primary_hn1,2,3392,7392,-0.695417,0.824027
rc_a33_point_primary_hn1,2,3393,7393,-0.763128,0.805327
rc_a33_point_primary_hn1,2,3394,7394,-0.667202,0.92605
rc_a33_point_primary_hn1,2,3395,7395,-0.754949,1.07792
rc_a33_point_primary_hn1,2,3396,7396,-0.684812,0.385547
rc_a33_point_primary_hn1,2,3397,7397,-0.853642,0.529456
rc_a33_point_primary_hn1,2,3398,7398,-0.757128,0.637637
rc_a33_point_primary_hn1,2,3399,7399,-0.828587,0.479119
rc_a33_point_primary_hn1,2,3400,7400,-0.572572,0.400114
rc_a33_point_primary_hn1,2,3401,7401,-0.804467,0.428715
rc_a33_point_primary_hn1,2,3402,7402,-0.254249,0.715763
rc_a33_point_primary_hn1,2,3403,7403,-0.466007,0.4973
rc_a33_point_primary_hn1,2,3404,7404,-0.522973,0.54575
rc_a33_point_primary_hn1,2,3405,7405,-0.564847,0.519298
rc_a33_point_primary_hn1,2,3406,7406,-0.601834,0.385107
rc_a33_point_primary_hn1,2,3407,7407,-0.372528,0.759598
rc_a33_point_primary_hn1,2,3408,7408,-0.521358,0.63201
rc_a33_point_primary_hn1,2,3409,7409,-0.719819,0.551005
rc_a33_point_primary_hn1,2,3410,7410,-0.760355,0.775119
rc_a33_point_primary_hn1,2,3411,7411,-0.924971,0.542898
rc_a33_point_primary_hn1,2,3412,7412,-0.977491,0.667719
rc_a33_point_primary_hn1,2,3413,7413,-1.01828,0.662127
rc_a33_point_primary_hn1,2,3414,7414,-0.940877,0.829111
rc_a33_point_primary_hn1,2,3415,7415,-1.03923,0.723614
rc_a33_point_primary_hn1,2,3416,7416,-0.877123,0.866938
rc_a33_point_primary_hn1,2,3417,7417,-0.91684,0.447878
rc_a33_point_primary_hn1,2,3418,7418,-0.607057,0.871087
rc_a33_point_primary_hn1,2,3419,7419,-0.657473,0.79565
rc_a33_point_primary_hn1,2,3420,7420,-0.745534,0.818843
rc_a33_point_primary_hn1,2,3421,7421,-0.698275,0.770385
rc_a33_point_primary_hn1,2,3422,7422,-0.731827,0.84523
rc_a33_point_primary_hn1,2,3423,7423,-0.749664,0.634016
rc_a33_point_primary_hn1,2,3424,7424,-0.752968,0.454846
rc_a33_point_primary_hn1,2,3425,7425,-0.700334,0.383988
rc_a33_point_primary_hn1,2,3426,7426,-0.882999,0.378955
rc_a33_point_primary_hn1,2,3427,7427,-0.914545,0.481157
rc_a33_point_primary_hn1,2,3428,7428,-0.833965,0.349094
rc_a33_point_primary_hn1,2,3429,7429,-0.806867,0.422063
rc_a33_point_primary_hn1,2,3430,7430,-0.732917,0.469751
rc_a33_point_primary_hn1,2,3431,7431,-0.92391,0.531634
rc_a33_point_primary_hn1,2,3432,7432,-0.885128,0.550368
rc_a33_point_primary_hn1,2,3433,7433,-0.851979,0.498546
rc_a33_point_primary_hn1,2,3434,7434,-0.90903,0.405162
rc_a33_point_primary_hn1,2,3435,7435,-0.696509,0.550683
rc_a33_point_primary_hn1,2,3436,7436,-0.754685,0.340054
rc_a33_point_primary_hn1,2,3437,7437,-0.905158,0.365926
rc_a33_point_primary_hn1,2,3438,7438,-0.838013,0.925221
rc_a33_point_primary_hn1,2,3439,7439,-1.05283,0.465401
rc_a33_point_primary_hn1,2,3440,7440,-1.08195,0.504221
rc_a33_point_primary_hn1,2,3441,7441,-1.06963,0.389403
rc_a33_point_primary_hn1,2,3442,7442,-1.02012,0.503174
rc_a33_point_primary_hn1,2,3443,7443,-0.955692,0.559547
rc_a33_point_primary_hn1,2,3444,7444,-1.16093,0.650106
rc_a33_point_primary_hn1,2,3445,7445,-1.05696,0.503618
rc_a33_point_primary_hn1,2,3446,7446,-0.815966,0.8762
rc_a33_point_primary_hn1,2,3447,7447,-0.702005,0.508541
rc_a33_point_primary_hn1,2,3448,7448,-0.621707,0.589366
rc_a33_point_primary_hn1,2,3449,7449,-0.445796,0.689623
rc_a33_point_primary_hn1,2,3450,7450,-0.406792,0.780719
rc_a33_point_primary_hn1,2,3451,7451,-0.562808,0.619085
rc_a33_point_primary_hn1,2,3452,7452,-0.793619,0.595528
rc_a33_point_primary_hn1,2,3453,7453,-0.751507,0.552145
rc_a33_point_primary_hn1,2,3454,7454,-0.828734,0.633521
rc_a33_point_primary_hn1,2,3455,7455,-0.884851,0.681619
rc_a33_point_primary_hn1,2,3456,7456,-0.551569,0.669931
rc_a33_point_primary_hn1,2,3457,7457,-0.571768,0.332167
rc_a33_point_primary_hn1,2,3458,7458,-0.514582,0.435161
rc_a33_point_primary_hn1,2,3459,7459,-0.978858,0.442348
rc_a33_point_primary_hn1,2,3460,7460,-0.928039,0.472428
rc_a33_point_primary_hn1,2,3461,7461,-0.746193,0.470573
rc_a33_point_primary_hn1,2,3462,7462,-0.706346,0.612782
rc_a33_point_primary_hn1,2,3463,7463,-1.18295,0.58778
rc_a33_point_primary_hn1,2,3464,7464,-1.09903,0.69217
rc_a33_point_primary_hn1,2,3465,7465,-1.0008,0.698015
rc_a33_point_primary_hn1,2,3466,7466,-0.915077,0.784165
rc_a33_point_primary_hn1,2,3467,7467,-0.884339,0.791899
rc_a33_point_primary_hn1,2,3468,7468,-0.59333,0.61406
rc_a33_point_primary_hn1,2,3469,7469,-0.636527,0.444226
rc_a33_point_primary_hn1,2,3470,7470,-0.702232,0.320676
rc_a33_point_primary_hn1,2,3471,7471,-0.634953,0.514806
rc_a33_point_primary_hn1,2,3472,7472,-0.600642,0.378419
rc_a33_point_primary_hn1,2,3473,7473,-0.270617,0.61398
rc_a33_point_primary_hn1,2,3474,7474,-0.476041,0.669713
rc_a33_point_primary_hn1,2,3475,7475,-0.468686,0.705879
rc_a33_point_primary_hn1,2,3476,7476,-0.71562,0.631692
rc_a33_point_primary_hn1,2,3477,7477,-0.865137,0.486056
rc_a33_point_primary_hn1,2,3478,7478,-0.829796,0.546754
rc_a33_point_primary_hn1,2,3479,7479,-1.02393,0.965634
rc_a33_point_primary_hn1,2,3480,7480,-1.00699,0.946701
rc_a33_point_primary_hn1,2,3481,7481,-0.564953,0.679381
rc_a33_point_primary_hn1,2,3482,7482,-0.662211,0.634951
rc_a33_point_primary_hn1,2,3483,7483,-0.484945,0.634128
rc_a33_point_primary_hn1,2,3484,7484,-1.12356,0.603826
rc_a33_point_primary_hn1,2,3485,7485,-0.35657,0.514168
rc_a33_point_primary_hn1,2,3486,7486,-0.0447826,0.855909
rc_a33_point_primary_hn1,2,3487,7487,-0.242765,0.547751
rc_a33_point_primary_hn1,2,3488,7488,-0.331287,0.630426
rc_a33_point_primary_hn1,2,3489,7489,-0.771858,0.619175
rc_a33_point_primary_hn1,2,3490,7490,-0.766581,0.518432
rc_a33_point_primary_hn1,2,3491,7491,-0.7922,0.626987
rc_a33_point_primary_hn1,2,3492,7492,-0.633133,0.651741
rc_a33_point_primary_hn1,2,3493,7493,-0.812822,0.752777
rc_a33_point_primary_hn1,2,3494,7494,-0.765584,0.781634
rc_a33_point_primary_hn1,2,3495,7495,-0.79739,0.484689
rc_a33_point_primary_hn1,2,3496,7496,-0.8612,0.725734
rc_a33_point_primary_hn1,2,3497,7497,-0.865035,0.610232
rc_a33_point_primary_hn1,2,3498,7498,-0.812863,0.468484
rc_a33_point_primary_hn1,2,3499,7499,-0.797781,0.614709
rc_a33_point_primary_hn1,2,3500,7500,-0.914571,0.74494
rc_a33_point_primary_hn1,2,3501,7501,-0.668058,0.524024
rc_a33_point_primary_hn1,2,3502,7502,-0.834793,0.455461
rc_a33_point_primary_hn1,2,3503,7503,-0.773825,1.02877
rc_a33_point_primary_hn1,2,3504,7504,-0.524891,0.79575
rc_a33_point_primary_hn1,2,3505,7505,-0.593274,0.915461
rc_a33_point_primary_hn1,2,3506,7506,-0.577912,0.566844
rc_a33_point_primary_hn1,2,3507,7507,-0.741501,0.49457
rc_a33_point_primary_hn1,2,3508,7508,-0.781668,0.533507
rc_a33_point_primary_hn1,2,3509,7509,-0.594803,0.454822
rc_a33_point_primary_hn1,2,3510,7510,-0.702791,0.467625
rc_a33_point_primary_hn1,2,3511,7511,-0.489271,0.406042
rc_a33_point_primary_hn1,2,3512,7512,-0.778959,0.497396
rc_a33_point_primary_hn1,2,3513,7513,-0.758427,0.43311
rc_a33_point_primary_hn1,2,3514,7514,-0.755748,0.420924
rc_a33_point_primary_hn1,2,3515,7515,-0.881536,0.400866
rc_a33_point_primary_hn1,2,3516,7516,-0.916428,0.381198
rc_a33_point_primary_hn1,2,3517,7517,-0.871399,0.38762
rc_a33_point_primary_hn1,2,3518,7518,-0.727164,0.331432
rc_a33_point_primary_hn1,2,3519,7519,-0.685379,0.485234
rc_a33_point_primary_hn1,2,3520,7520,-0.646562,0.362014
rc_a33_point_primary_hn1,2,3521,7521,-0.748064,0.547028
rc_a33_point_primary_hn1,2,3522,7522,-0.940502,0.709024
rc_a33_point_primary_hn1,2,3523,7523,-0.684744,0.376974
rc_a33_point_primary_hn1,2,3524,7524,-0.868761,0.535526
rc_a33_point_primary_hn1,2,3525,7525,-0.68478000000000006,0.40578
rc_a33_point_primary_hn1,2,3526,7526,-0.936187,0.538033
rc_a33_point_primary_hn1,2,3527,7527,-0.698364,0.347081
rc_a33_point_primary_hn1,2,3528,7528,-0.712606,0.46559
rc_a33_point_primary_hn1,2,3529,7529,-0.875352,0.495607
rc_a33_point_primary_hn1,2,3530,7530,-0.918856,0.552323
rc_a33_point_primary_hn1,2,3531,7531,-0.894079,0.788309
rc_a33_point_primary_hn1,2,3532,7532,-0.984929,0.69818499999999994
rc_a33_point_primary_hn1,2,3533,7533,-0.463893,0.751655
rc_a33_point_primary_hn1,2,3534,7534,-0.563365,0.793979
rc_a33_point_primary_hn1,2,3535,7535,-0.643651,0.552242
rc_a33_point_primary_hn1,2,3536,7536,-0.599434,0.581591
rc_a33_point_primary_hn1,2,3537,7537,-0.675703,0.548624
rc_a33_point_primary_hn1,2,3538,7538,-0.819347,0.417291
rc_a33_point_primary_hn1,2,3539,7539,-0.79971,0.382266
rc_a33_point_primary_hn1,2,3540,7540,-0.78025,0.39679
rc_a33_point_primary_hn1,2,3541,7541,-0.962493,0.479485
rc_a33_point_primary_hn1,2,3542,7542,-0.960882,0.490105
rc_a33_point_primary_hn1,2,3543,7543,-0.619216,0.500732
rc_a33_point_primary_hn1,2,3544,7544,-0.63495,0.639393
rc_a33_point_primary_hn1,2,3545,7545,-0.787344,0.435508
rc_a33_point_primary_hn1,2,3546,7546,-0.818449,0.521138
rc_a33_point_primary_hn1,2,3547,7547,-0.535664,0.521716
rc_a33_point_primary_hn1,2,3548,7548,-0.369492,0.684311
rc_a33_point_primary_hn1,2,3549,7549,-0.497413,0.500931
rc_a33_point_primary_hn1,2,3550,7550,-0.549798,0.392808
rc_a33_point_primary_hn1,2,3551,7551,-0.541376,0.3063
rc_a33_point_primary_hn1,2,3552,7552,-0.804838,0.584508
rc_a33_point_primary_hn1,2,3553,7553,-0.659527,0.717019
rc_a33_point_primary_hn1,2,3554,7554,-0.743371,0.421825
rc_a33_point_primary_hn1,2,3555,7555,-0.591306,0.646749
rc_a33_point_primary_hn1,2,3556,7556,-0.744907,0.311928
rc_a33_point_primary_hn1,2,3557,7557,-0.646763,0.41816
rc_a33_point_primary_hn1,2,3558,7558,-0.637479,0.390509
rc_a33_point_primary_hn1,2,3559,7559,-0.921346,0.611438
rc_a33_point_primary_hn1,2,3560,7560,-0.688836,0.512321
rc_a33_point_primary_hn1,2,3561,7561,-0.650492,0.431944
rc_a33_point_primary_hn1,2,3562,7562,-0.622465,0.405301
rc_a33_point_primary_hn1,2,3563,7563,-0.742264,0.709007
rc_a33_point_primary_hn1,2,3564,7564,-0.606147,0.452322
rc_a33_point_primary_hn1,2,3565,7565,-1.03811,0.451006
rc_a33_point_primary_hn1,2,3566,7566,-1.05772,0.803574
rc_a33_point_primary_hn1,2,3567,7567,-1.07911,0.613812
rc_a33_point_primary_hn1,2,3568,7568,-0.640276,0.813078
rc_a33_point_primary_hn1,2,3569,7569,-0.78241,0.756437
rc_a33_point_primary_hn1,2,3570,7570,-0.587927,0.568147
rc_a33_point_primary_hn1,2,3571,7571,-0.637668,0.715834
rc_a33_point_primary_hn1,2,3572,7572,-0.509492,0.712039
rc_a33_point_primary_hn1,2,3573,7573,-0.851075,0.355153
rc_a33_point_primary_hn1,2,3574,7574,-0.884776,0.379435
rc_a33_point_primary_hn1,2,3575,7575,-0.859857,0.546751
rc_a33_point_primary_hn1,2,3576,7576,-0.666509,0.394011
rc_a33_point_primary_hn1,2,3577,7577,-0.637265,0.59636
rc_a33_point_primary_hn1,2,3578,7578,-0.733959,0.512469
rc_a33_point_primary_hn1,2,3579,7579,-0.546119,0.401566
rc_a33_point_primary_hn1,2,3580,7580,-0.435605,0.456915
rc_a33_point_primary_hn1,2,3581,7581,-0.395116,0.470835
rc_a33_point_primary_hn1,2,3582,7582,-0.552486,0.55953
rc_a33_point_primary_hn1,2,3583,7583,-0.706978,0.259625
rc_a33_point_primary_hn1,2,3584,7584,-0.837366,0.520095
rc_a33_point_primary_hn1,2,3585,7585,-0.998076,0.534188
rc_a33_point_primary_hn1,2,3586,7586,-0.720435,0.546734
rc_a33_point_primary_hn1,2,3587,7587,-0.527412,0.594447
rc_a33_point_primary_hn1,2,3588,7588,-0.766602,0.408175
rc_a33_point_primary_hn1,2,3589,7589,-0.607012,0.280728
rc_a33_point_primary_hn1,2,3590,7590,-0.554121,0.458426
rc_a33_point_primary_hn1,2,3591,7591,-0.342122,0.742537
rc_a33_point_primary_hn1,2,3592,7592,-0.468118,1.40324
rc_a33_point_primary_hn1,2,3593,7593,-0.564512,1.12961
rc_a33_point_primary_hn1,2,3594,7594,-0.43827700000000003,0.772985
rc_a33_point_primary_hn1,2,3595,7595,-0.652537,0.782389
rc_a33_point_primary_hn1,2,3596,7596,-0.64342,0.731732
rc_a33_point_primary_hn1,2,3597,7597,-0.59376,0.405813
rc_a33_point_primary_hn1,2,3598,7598,-0.724641,0.444254
rc_a33_point_primary_hn1,2,3599,7599,-0.762092,0.468174
rc_a33_point_primary_hn1,2,3600,7600,-1.09525,0.551768
rc_a33_point_primary_hn1,2,3601,7601,-0.983532,0.512888
rc_a33_point_primary_hn1,2,3602,7602,-0.95182,0.582677
rc_a33_point_primary_hn1,2,3603,7603,-0.484462,0.407321
rc_a33_point_primary_hn1,2,3604,7604,-0.957827,0.762782
rc_a33_point_primary_hn1,2,3605,7605,-0.97996,0.592703
rc_a33_point_primary_hn1,2,3606,7606,-0.883573,0.429525
rc_a33_point_primary_hn1,2,3607,7607,-1.01515,0.49332
rc_a33_point_primary_hn1,2,3608,7608,-1.04013,0.488469
rc_a33_point_primary_hn1,2,3609,7609,-1.16212,0.496433
rc_a33_point_primary_hn1,2,3610,7610,-0.638585,0.68137
rc_a33_point_primary_hn1,2,3611,7611,-0.797766,0.57473
rc_a33_point_primary_hn1,2,3612,7612,-0.849957,0.671842
rc_a33_point_primary_hn1,2,3613,7613,-0.863374,0.684078
rc_a33_point_primary_hn1,2,3614,7614,-0.83951,0.725983
rc_a33_point_primary_hn1,2,3615,7615,-0.759611,0.474122
rc_a33_point_primary_hn1,2,3616,7616,-0.559103,0.452973
rc_a33_point_primary_hn1,2,3617,7617,-0.316745,0.540321
rc_a33_point_primary_hn1,2,3618,7618,-0.977975,0.563666
rc_a33_point_primary_hn1,2,3619,7619,-0.786592,0.35789
rc_a33_point_primary_hn1,2,3620,7620,-0.506351,0.671942
rc_a33_point_primary_hn1,2,3621,7621,-0.761989,0.739483
rc_a33_point_primary_hn1,2,3622,7622,-0.521779,0.740137
rc_a33_point_primary_hn1,2,3623,7623,-0.88713,0.756826
rc_a33_point_primary_hn1,2,3624,7624,-1.01065,0.933459
rc_a33_point_primary_hn1,2,3625,7625,-0.869107,0.551114
rc_a33_point_primary_hn1,2,3626,7626,-0.817984,0.665449
rc_a33_point_primary_hn1,2,3627,7627,-0.255676,0.949417
rc_a33_point_primary_hn1,2,3628,7628,-0.326454,1.01676
rc_a33_point_primary_hn1,2,3629,7629,-0.44214,0.62425
rc_a33_point_primary_hn1,2,3630,7630,-0.461247,0.565062
rc_a33_point_primary_hn1,2,3631,7631,-0.520008,0.61457
rc_a33_point_primary_hn1,2,3632,7632,-0.430155,0.613049
rc_a33_point_primary_hn1,2,3633,7633,-0.748637,0.553922
rc_a33_point_primary_hn1,2,3634,7634,-0.743646,0.593706
rc_a33_point_primary_hn1,2,3635,7635,-0.200832,0.555583
rc_a33_point_primary_hn1,2,3636,7636,-0.897149,0.369478
rc_a33_point_primary_hn1,2,3637,7637,-1.01459,0.523307
rc_a33_point_primary_hn1,2,3638,7638,-0.714853,0.344762
rc_a33_point_primary_hn1,2,3639,7639,-1.01701,0.447976
rc_a33_point_primary_hn1,2,3640,7640,-0.617177,0.353266
rc_a33_point_primary_hn1,2,3641,7641,-0.559857,0.572223
rc_a33_point_primary_hn1,2,3642,7642,-0.599735,0.506646
rc_a33_point_primary_hn1,2,3643,7643,-0.584034,0.509894
rc_a33_point_primary_hn1,2,3644,7644,-0.654023,0.581873
rc_a33_point_primary_hn1,2,3645,7645,-0.987378,1.08851
rc_a33_point_primary_hn1,2,3646,7646,-0.856092,0.716024
rc_a33_point_primary_hn1,2,3647,7647,-0.980854,1.0261
rc_a33_point_primary_hn1,2,3648,7648,-1.01108,0.663554
rc_a33_point_primary_hn1,2,3649,7649,-0.983029,0.358712
rc_a33_point_primary_hn1,2,3650,7650,-0.677442,0.533273
rc_a33_point_primary_hn1,2,3651,7651,-0.889431,0.499982
rc_a33_point_primary_hn1,2,3652,7652,-0.714307,0.535546
rc_a33_point_primary_hn1,2,3653,7653,-0.414231,0.505852
rc_a33_point_primary_hn1,2,3654,7654,-0.419033,0.340016
rc_a33_point_primary_hn1,2,3655,7655,-0.639936,0.536796
rc_a33_point_primary_hn1,2,3656,7656,-0.680347,0.500842
rc_a33_point_primary_hn1,2,3657,7657,-0.916288,0.446908
rc_a33_point_primary_hn1,2,3658,7658,-0.981813,0.472649
rc_a33_point_primary_hn1,2,3659,7659,-1.03949,0.786781
rc_a33_point_primary_hn1,2,3660,7660,-1.01626,0.659851
rc_a33_point_primary_hn1,2,3661,7661,-1.13855,0.635364
rc_a33_point_primary_hn1,2,3662,7662,-0.921505,0.67034
rc_a33_point_primary_hn1,2,3663,7663,-0.988799,0.430381
rc_a33_point_primary_hn1,2,3664,7664,-0.994928,0.458702
rc_a33_point_primary_hn1,2,3665,7665,-1.0531,0.627434
rc_a33_point_primary_hn1,2,3666,7666,-0.745309,0.53445
rc_a33_point_primary_hn1,2,3667,7667,-1.08786,0.92223
rc_a33_point_primary_hn1,2,3668,7668,-0.877591,0.701337
rc_a33_point_primary_hn1,2,3669,7669,-1.02297,0.641316
rc_a33_point_primary_hn1,2,3670,7670,-0.91399,0.467998
rc_a33_point_primary_hn1,2,3671,7671,-0.6679,0.634663
rc_a33_point_primary_hn1,2,3672,7672,-0.89434,0.586434
rc_a33_point_primary_hn1,2,3673,7673,-0.67733,0.417225
rc_a33_point_primary_hn1,2,3674,7674,-0.618311,0.461977
rc_a33_point_primary_hn1,2,3675,7675,-0.596306,0.47319
rc_a33_point_primary_hn1,2,3676,7676,-0.59048,0.451092
rc_a33_point_primary_hn1,2,3677,7677,-0.713941,0.423254
rc_a33_point_primary_hn1,2,3678,7678,-0.823587,0.441032
rc_a33_point_primary_hn1,2,3679,7679,-0.826436,0.373911
rc_a33_point_primary_hn1,2,3680,7680,-0.731805,0.401642
rc_a33_point_primary_hn1,2,3681,7681,-0.800021,0.661702
rc_a33_point_primary_hn1,2,3682,7682,-0.801269,0.66012
rc_a33_point_primary_hn1,2,3683,7683,-0.704336,0.757215
rc_a33_point_primary_hn1,2,3684,7684,-0.808615,0.608129
rc_a33_point_primary_hn1,2,3685,7685,-0.593207,0.435036
rc_a33_point_primary_hn1,2,3686,7686,-0.657495,0.546159
rc_a33_point_primary_hn1,2,3687,7687,-0.657565,0.368347
rc_a33_point_primary_hn1,2,3688,7688,-0.642021,0.413845
rc_a33_point_primary_hn1,2,3689,7689,-0.44165,0.375772
rc_a33_point_primary_hn1,2,3690,7690,-0.392852,0.616802
rc_a33_point_primary_hn1,2,3691,7691,-0.518845,0.541047
rc_a33_point_primary_hn1,2,3692,7692,-0.504615,0.38521
rc_a33_point_primary_hn1,2,3693,7693,-0.573083,0.306642
rc_a33_point_primary_hn1,2,3694,7694,-0.56648,0.286445
rc_a33_point_primary_hn1,2,3695,7695,-0.234972,0.960407
rc_a33_point_primary_hn1,2,3696,7696,-0.185158,0.957837
rc_a33_point_primary_hn1,2,3697,7697,-0.869261,0.336209
rc_a33_point_primary_hn1,2,3698,7698,-0.886637,0.477776
rc_a33_point_primary_hn1,2,3699,7699,-0.553538,0.424099
rc_a33_point_primary_hn1,2,3700,7700,-0.614347,0.467665
rc_a33_point_primary_hn1,2,3701,7701,-0.356409,0.494085
rc_a33_point_primary_hn1,2,3702,7702,-1.59523,0.911146
rc_a33_point_primary_hn1,2,3703,7703,-1.49476,0.805997
rc_a33_point_primary_hn1,2,3704,7704,-1.54603,0.865862
rc_a33_point_primary_hn1,2,3705,7705,-1.70024,1.36426
rc_a33_point_primary_hn1,2,3706,7706,-1.72477,1.02011
rc_a33_point_primary_hn1,2,3707,7707,-1.75539,0.991423
rc_a33_point_primary_hn1,2,3708,7708,-1.67179,0.979012
rc_a33_point_primary_hn1,2,3709,7709,-1.77795,1.04764
rc_a33_point_primary_hn1,2,3710,7710,-1.40028,0.850269
rc_a33_point_primary_hn1,2,3711,7711,-1.57793,1.15048
rc_a33_point_primary_hn1,2,3712,7712,-1.57548,1.0165
rc_a33_point_primary_hn1,2,3713,7713,-1.65657,1.0273
rc_a33_point_primary_hn1,2,3714,7714,-1.73351,0.998293
rc_a33_point_primary_hn1,2,3715,7715,-1.20215,0.597508
rc_a33_point_primary_hn1,2,3716,7716,-0.969111,0.444457
rc_a33_point_primary_hn1,2,3717,7717,-1.48344,0.506436
rc_a33_point_primary_hn1,2,3718,7718,-1.5719,0.748861
rc_a33_point_primary_hn1,2,3719,7719,-1.29761,0.46989
rc_a33_point_primary_hn1,2,3720,7720,-1.34833,0.72237
rc_a33_point_primary_hn1,2,3721,7721,-1.49078,0.636755
rc_a33_point_primary_hn1,2,3722,7722,-1.11959,0.595676
rc_a33_point_primary_hn1,2,3723,7723,-1.03536,0.512602
rc_a33_point_primary_hn1,2,3724,7724,-0.955692,0.766045
rc_a33_point_primary_hn1,2,3725,7725,-0.535289,0.664866
rc_a33_point_primary_hn1,2,3726,7726,-0.675127,0.806262
rc_a33_point_primary_hn1,2,3727,7727,-0.598521,0.831711
rc_a33_point_primary_hn1,2,3728,7728,-0.560973,0.481394
rc_a33_point_primary_hn1,2,3729,7729,-0.575695,0.31307
rc_a33_point_primary_hn1,2,3730,7730,-0.434952,0.543632
rc_a33_point_primary_hn1,2,3731,7731,-0.478571,0.700659
rc_a33_point_primary_hn1,2,3732,7732,-0.309379,0.656163
rc_a33_point_primary_hn1,2,3733,7733,-0.191897,0.521874
rc_a33_point_primary_hn1,2,3734,7734,-0.922345,0.995513
rc_a33_point_primary_hn1,2,3735,7735,-1.06161,1.02406
rc_a33_point_primary_hn1,2,3736,7736,-0.991334,1.00442
rc_a33_point_primary_hn1,2,3737,7737,-0.93559,1.50017
rc_a33_point_primary_hn1,2,3738,7738,-0.780638,1.17176
rc_a33_point_primary_hn1,2,3739,7739,-1.01822,1.10128
rc_a33_point_primary_hn1,2,3740,7740,-0.506909,0.350771
rc_a33_point_primary_hn1,2,3741,7741,-0.321255,0.471869
rc_a33_point_primary_hn1,2,3742,7742,-0.78624,0.721397
rc_a33_point_primary_hn1,2,3743,7743,-0.944956,0.597896
rc_a33_point_primary_hn1,2,3744,7744,-1.07738,0.434469
rc_a33_point_primary_hn1,2,3745,7745,-0.969815,0.425663
rc_a33_point_primary_hn1,2,3746,7746,-1.10304,0.731651
rc_a33_point_primary_hn1,2,3747,7747,-1.24704,1.18165
rc_a33_point_primary_hn1,2,3748,7748,-1.07195,1.04216
rc_a33_point_primary_hn1,2,3749,7749,-1.01293,0.913516
rc_a33_point_primary_hn1,2,3750,7750,-1.19131,1.10747
rc_a33_point_primary_hn1,2,3751,7751,-1.05757,0.942433
rc_a33_point_primary_hn1,2,3752,7752,-0.948133,0.620128
rc_a33_point_primary_hn1,2,3753,7753,-1.03384,0.742436
rc_a33_point_primary_hn1,2,3754,7754,-0.438148,0.459354
rc_a33_point_primary_hn1,2,3755,7755,-1.15868,0.7158
rc_a33_point_primary_hn1,2,3756,7756,-1.14781,0.607223
rc_a33_point_primary_hn1,2,3757,7757,-1.28699,0.672471
rc_a33_point_primary_hn1,2,3758,7758,-1.29763,0.786165
rc_a33_point_primary_hn1,2,3759,7759,-1.30109,0.837396
rc_a33_point_primary_hn1,2,3760,7760,-0.612604,0.468171
rc_a33_point_primary_hn1,2,3761,7761,-0.321783,0.612297
rc_a33_point_primary_hn1,2,3762,7762,-0.941814,0.806947
rc_a33_point_primary_hn1,2,3763,7763,-0.914888,0.748311
rc_a33_point_primary_hn1,2,3764,7764,-1.0031,0.544974
rc_a33_point_primary_hn1,2,3765,7765,-1.0112,0.917305
rc_a33_point_primary_hn1,2,3766,7766,-1.02305,0.647424
rc_a33_point_primary_hn1,2,3767,7767,-0.882262,0.692059
rc_a33_point_primary_hn1,2,3768,7768,-1.11912,0.65347
rc_a33_point_primary_hn1,2,3769,7769,-0.492828,1.11524
rc_a33_point_primary_hn1,2,3770,7770,-0.47726,0.991792
rc_a33_point_primary_hn1,2,3771,7771,-1.06076,0.722203
rc_a33_point_primary_hn1,2,3772,7772,-0.86589,0.620577
rc_a33_point_primary_hn1,2,3773,7773,-0.709539,0.762593
rc_a33_point_primary_hn1,2,3774,7774,-0.558683,0.526591
rc_a33_point_primary_hn1,2,3775,7775,-0.534957,0.327253
rc_a33_point_primary_hn1,2,3776,7776,-0.523833,0.658556
rc_a33_point_primary_hn1,2,3777,7777,-0.499973,0.527581
rc_a33_point_primary_hn1,2,3778,7778,-0.723704,0.657032
rc_a33_point_primary_hn1,2,3779,7779,-0.670133,0.562548
rc_a33_point_primary_hn1,2,3780,7780,-0.629901,0.4026
rc_a33_point_primary_hn1,2,3781,7781,-0.701989,0.413255
rc_a33_point_primary_hn1,2,3782,7782,-0.540189,0.683325
rc_a33_point_primary_hn1,2,3783,7783,-0.641351,0.558799
rc_a33_point_primary_hn1,2,3784,7784,-0.571121,0.691727
rc_a33_point_primary_hn1,2,3785,7785,-0.520776,0.7168
rc_a33_point_primary_hn1,2,3786,7786,-0.285559,0.510641
rc_a33_point_primary_hn1,2,3787,7787,-0.580182,0.349153
rc_a33_point_primary_hn1,2,3788,7788,-0.573466,0.418224
rc_a33_point_primary_hn1,2,3789,7789,-0.316845,0.58801
rc_a33_point_primary_hn1,2,3790,7790,-1.12424,0.841498
rc_a33_point_primary_hn1,2,3791,7791,-1.17285,0.668198
rc_a33_point_primary_hn1,2,3792,7792,-1.08438,0.689385
rc_a33_point_primary_hn1,2,3793,7793,-0.787375,0.471812
rc_a33_point_primary_hn1,2,3794,7794,-0.99689,0.509374
rc_a33_point_primary_hn1,2,3795,7795,-0.888911,0.535716
rc_a33_point_primary_hn1,2,3796,7796,-0.396961,0.653271
rc_a33_point_primary_hn1,2,3797,7797,-0.154307,0.959416
rc_a33_point_primary_hn1,2,3798,7798,-0.659351,0.571826
rc_a33_point_primary_hn1,2,3799,7799,-0.738704,0.471271
rc_a33_point_primary_hn1,2,3800,7800,-0.451103,0.489138
rc_a33_point_primary_hn1,2,3801,7801,-0.496523,0.800111
rc_a33_point_primary_hn1,2,3802,7802,-0.645759,0.508788
rc_a33_point_primary_hn1,2,3803,7803,-0.592579,0.519834
rc_a33_point_primary_hn1,2,3804,7804,-0.680457,0.385159
rc_a33_point_primary_hn1,2,3805,7805,-0.73242,0.328177
rc_a33_point_primary_hn1,2,3806,7806,-0.513834,0.553927
rc_a33_point_primary_hn1,2,3807,7807,-0.572946,0.38874
rc_a33_point_primary_hn1,2,3808,7808,-0.541361,0.659045
rc_a33_point_primary_hn1,2,3809,7809,-0.686165,0.716579
rc_a33_point_primary_hn1,2,3810,7810,-0.821795,0.462487
rc_a33_point_primary_hn1,2,3811,7811,-1.07921,0.61189
rc_a33_point_primary_hn1,2,3812,7812,-0.889671,0.863759
rc_a33_point_primary_hn1,2,3813,7813,-1.20486,0.614971
rc_a33_point_primary_hn1,2,3814,7814,-1.05081,0.48691
rc_a33_point_primary_hn1,2,3815,7815,-1.06278,0.524109
rc_a33_point_primary_hn1,2,3816,7816,-0.954884,0.297713
rc_a33_point_primary_hn1,2,3817,7817,-1.0869,0.464471
rc_a33_point_primary_hn1,2,3818,7818,-1.07466,0.410797
rc_a33_point_primary_hn1,2,3819,7819,-1.11712,0.45515
rc_a33_point_primary_hn1,2,3820,7820,-1.05652,0.495119
rc_a33_point_primary_hn1,2,3821,7821,-0.608756,0.889594
rc_a33_point_primary_hn1,2,3822,7822,-0.684355,0.314255
rc_a33_point_primary_hn1,2,3823,7823,-0.792021,0.566907
rc_a33_point_primary_hn1,2,3824,7824,-1.03011,0.468581
rc_a33_point_primary_hn1,2,3825,7825,-0.931294,0.636323
rc_a33_point_primary_hn1,2,3826,7826,-0.887575,0.455433
rc_a33_point_primary_hn1,2,3827,7827,-0.792051,0.467989
rc_a33_point_primary_hn1,2,3828,7828,-0.602913,0.462055
rc_a33_point_primary_hn1,2,3829,7829,-0.611653,0.443797
rc_a33_point_primary_hn1,2,3830,7830,-0.556172,0.376524
rc_a33_point_primary_hn1,2,3831,7831,-0.585566,0.381086
rc_a33_point_primary_hn1,2,3832,7832,-0.401374,0.509674
rc_a33_point_primary_hn1,2,3833,7833,-0.39255,0.539605
rc_a33_point_primary_hn1,2,3834,7834,-0.564177,0.529378
rc_a33_point_primary_hn1,2,3835,7835,-0.414901,0.38131
rc_a33_point_primary_hn1,2,3836,7836,-0.839106,0.362468
rc_a33_point_primary_hn1,2,3837,7837,-0.895226,0.514857
rc_a33_point_primary_hn1,2,3838,7838,-0.42579,0.710678
rc_a33_point_primary_hn1,2,3839,7839,-0.484415,0.823326
rc_a33_point_primary_hn1,2,3840,7840,-0.826427,0.677618
rc_a33_point_primary_hn1,2,3841,7841,-0.780228,0.786545
rc_a33_point_primary_hn1,2,3842,7842,-0.852466,1.14335
rc_a33_point_primary_hn1,2,3843,7843,-0.80387,0.936693
rc_a33_point_primary_hn1,2,3844,7844,-0.639581,0.54795
rc_a33_point_primary_hn1,2,3845,7845,-0.731374,0.884889
rc_a33_point_primary_hn1,2,3846,7846,-1.15763,0.460059
rc_a33_point_primary_hn1,2,3847,7847,-1.60262,1.05019
rc_a33_point_primary_hn1,2,3848,7848,-1.4855,1.07039
rc_a33_point_primary_hn1,2,3849,7849,-0.98382,1.04999
rc_a33_point_primary_hn1,2,3850,7850,-0.62384,1.17065
rc_a33_point_primary_hn1,2,3851,7851,-0.634188,1.20435
rc_a33_point_primary_hn1,2,3852,7852,-0.593613,0.992063
rc_a33_point_primary_hn1,2,3853,7853,-0.673144,1.13549
rc_a33_point_primary_hn1,2,3854,7854,-0.65739,1.3266
rc_a33_point_primary_hn1,2,3855,7855,-0.700641,1.4243
rc_a33_point_primary_hn1,2,3856,7856,-0.690825,1.38846
rc_a33_point_primary_hn1,2,3857,7857,-0.489542,0.475827
rc_a33_point_primary_hn1,2,3858,7858,-0.598564,0.447569
rc_a33_point_primary_hn1,2,3859,7859,-0.535672,0.387503
rc_a33_point_primary_hn1,2,3860,7860,-0.51764,0.533139
rc_a33_point_primary_hn1,2,3861,7861,-0.441586,0.686322
rc_a33_point_primary_hn1,2,3862,7862,-0.347284,0.739918
rc_a33_point_primary_hn1,2,3863,7863,-1.09649,0.840415
rc_a33_point_primary_hn1,2,3864,7864,-1.06037,0.471142
rc_a33_point_primary_hn1,2,3865,7865,-1.11235,0.388322
rc_a33_point_primary_hn1,2,3866,7866,-1.08106,0.481745
rc_a33_point_primary_hn1,2,3867,7867,-1.28176,0.628764
rc_a33_point_primary_hn1,2,3868,7868,-1.21928,0.688219
rc_a33_point_primary_hn1,2,3869,7869,-1.27777,0.647243
rc_a33_point_primary_hn1,2,3870,7870,-1.25883,0.746474
rc_a33_point_primary_hn1,2,3871,7871,-0.949652,0.274724
rc_a33_point_primary_hn1,2,3872,7872,-1.15991,0.495729
rc_a33_point_primary_hn1,2,3873,7873,-0.925894,0.440735
rc_a33_point_primary_hn1,2,3874,7874,-0.654667,0.418144
rc_a33_point_primary_hn1,2,3875,7875,-0.444102,0.536296
rc_a33_point_primary_hn1,2,3876,7876,-0.920783,0.444267
rc_a33_point_primary_hn1,2,3877,7877,-0.635035,0.3965
rc_a33_point_primary_hn1,2,3878,7878,-0.857315,0.33463
rc_a33_point_primary_hn1,2,3879,7879,-0.856096,0.472502
rc_a33_point_primary_hn1,2,3880,7880,-1.25796,1.42806
rc_a33_point_primary_hn1,2,3881,7881,-1.0038,1.51613
rc_a33_point_primary_hn1,2,3882,7882,-1.31033,0.818893
rc_a33_point_primary_hn1,2,3883,7883,-0.85524,0.789058
rc_a33_point_primary_hn1,2,3884,7884,-0.780421,0.427928
rc_a33_point_primary_hn1,2,3885,7885,-0.825046,0.442341
rc_a33_point_primary_hn1,2,3886,7886,-1.05875,0.670921
rc_a33_point_primary_hn1,2,3887,7887,-0.75606,0.408503
rc_a33_point_primary_hn1,2,3888,7888,-0.761099,0.643286
rc_a33_point_primary_hn1,2,3889,7889,-0.792413,0.573634
rc_a33_point_primary_hn1,2,3890,7890,-0.577669,0.706996
rc_a33_point_primary_hn1,2,3891,7891,-0.401494,0.764621
rc_a33_point_primary_hn1,2,3892,7892,-0.351148,0.826591
rc_a33_point_primary_hn1,2,3893,7893,-0.340315,0.84115
rc_a33_point_primary_hn1,2,3894,7894,-0.633075,0.393914
rc_a33_point_primary_hn1,2,3895,7895,-0.517796,0.483069
rc_a33_point_primary_hn1,2,3896,7896,-0.49056,0.757315
rc_a33_point_primary_hn1,2,3897,7897,-0.428402,0.986588
rc_a33_point_primary_hn1,2,3898,7898,-0.883607,0.37655
rc_a33_point_primary_hn1,2,3899,7899,-1.27033,0.505363
rc_a33_point_primary_hn1,2,3900,7900,-1.02822,0.588752
rc_a33_point_primary_hn1,2,3901,7901,-1.32656,0.925777
rc_a33_point_primary_hn1,2,3902,7902,0.321426,0.82321
rc_a33_point_primary_hn1,2,3903,7903,-0.153987,0.731954
rc_a33_point_primary_hn1,2,3904,7904,-0.130165,0.998086
rc_a33_point_primary_hn1,2,3905,7905,-0.434574,0.772197
rc_a33_point_primary_hn1,2,3906,7906,-0.527983,1.00465
rc_a33_point_primary_hn1,2,3907,7907,-0.589471,0.939619
rc_a33_point_primary_hn1,2,3908,7908,-0.402978,0.876663
rc_a33_point_primary_hn1,2,3909,7909,-0.40137,0.603377
rc_a33_point_primary_hn1,2,3910,7910,-1.15252,0.916848
rc_a33_point_primary_hn1,2,3911,7911,-1.15669,0.862469
rc_a33_point_primary_hn1,2,3912,7912,-0.903041,0.69536
rc_a33_point_primary_hn1,2,3913,7913,-0.874414,0.747329
rc_a33_point_primary_hn1,2,3914,7914,-0.875783,0.69535
rc_a33_point_primary_hn1,2,3915,7915,-1.01542,0.805441
rc_a33_point_primary_hn1,2,3916,7916,-1.01085,0.912431
rc_a33_point_primary_hn1,2,3917,7917,-0.983266,0.534791
rc_a33_point_primary_hn1,2,3918,7918,-1.07465,0.578789
rc_a33_point_primary_hn1,2,3919,7919,-1.00997,0.48323700000000003
rc_a33_point_primary_hn1,2,3920,7920,-0.926442,0.604809
rc_a33_point_primary_hn1,2,3921,7921,-1.11017,0.584696
rc_a33_point_primary_hn1,2,3922,7922,-0.938401,0.524103
rc_a33_point_primary_hn1,2,3923,7923,-1.00535,0.539988
rc_a33_point_primary_hn1,2,3924,7924,-0.704949,0.709534
rc_a33_point_primary_hn1,2,3925,7925,-0.717664,0.641964
rc_a33_point_primary_hn1,2,3926,7926,-0.60399,0.530088
rc_a33_point_primary_hn1,2,3927,7927,-0.364242,0.766443
rc_a33_point_primary_hn1,2,3928,7928,-0.251564,0.733795
rc_a33_point_primary_hn1,2,3929,7929,-0.310031,0.547837
rc_a33_point_primary_hn1,2,3930,7930,-0.396797,0.911991
rc_a33_point_primary_hn1,2,3931,7931,-0.727315,0.541057
rc_a33_point_primary_hn1,2,3932,7932,-0.672953,0.383083
rc_a33_point_primary_hn1,2,3933,7933,-0.481843,0.843831
rc_a33_point_primary_hn1,2,3934,7934,-0.509333,0.515065
rc_a33_point_primary_hn1,2,3935,7935,-1.09726,0.537434
rc_a33_point_primary_hn1,2,3936,7936,-0.96355,0.471026
rc_a33_point_primary_hn1,2,3937,7937,-0.517028,0.437839
rc_a33_point_primary_hn1,2,3938,7938,-0.656611,0.361503
rc_a33_point_primary_hn1,2,3939,7939,-1.34224,0.698069
rc_a33_point_primary_hn1,2,3940,7940,-1.35452,0.624256
rc_a33_point_primary_hn1,2,3941,7941,-1.1386,0.700287
rc_a33_point_primary_hn1,2,3942,7942,-0.844838,0.533435
rc_a33_point_primary_hn1,2,3943,7943,-0.696077,0.470671
rc_a33_point_primary_hn1,2,3944,7944,-0.756455,0.472111
rc_a33_point_primary_hn1,2,3945,7945,-0.900009,1.15515
rc_a33_point_primary_hn1,2,3946,7946,-0.949053,1.32314
rc_a33_point_primary_hn1,2,3947,7947,-0.922425,1.29885
rc_a33_point_primary_hn1,2,3948,7948,-0.757199,1.1719
rc_a33_point_primary_hn1,2,3949,7949,-0.736205,1.12354
rc_a33_point_primary_hn1,2,3950,7950,-0.740072,1.05833
rc_a33_point_primary_hn1,2,3951,7951,-0.965465,1.02293
rc_a33_point_primary_hn1,2,3952,7952,-0.939823,0.786795
rc_a33_point_primary_hn1,2,3953,7953,-0.922615,1.17
rc_a33_point_primary_hn1,2,3954,7954,-0.851774,0.623226
rc_a33_point_primary_hn1,2,3955,7955,-0.628866,0.826207
rc_a33_point_primary_hn1,2,3956,7956,-0.629937,0.721483
rc_a33_point_primary_hn1,2,3957,7957,-0.610719,0.670997
rc_a33_point_primary_hn1,2,3958,7958,-0.950407,0.458284
rc_a33_point_primary_hn1,2,3959,7959,-0.725944,0.562321
rc_a33_point_primary_hn1,2,3960,7960,-0.609255,0.548496
rc_a33_point_primary_hn1,2,3961,7961,-0.415318,0.708835
rc_a33_point_primary_hn1,2,3962,7962,-1.01441,0.776052
rc_a33_point_primary_hn1,2,3963,7963,-0.720235,0.847963
rc_a33_point_primary_hn1,2,3964,7964,-0.682371,0.780964
rc_a33_point_primary_hn1,2,3965,7965,-0.671387,0.842307
rc_a33_point_primary_hn1,2,3966,7966,-0.590795,0.831822
rc_a33_point_primary_hn1,2,3967,7967,-0.683215,0.811828
rc_a33_point_primary_hn1,2,3968,7968,-0.549143,0.520829
rc_a33_point_primary_hn1,2,3969,7969,-0.556529,0.660073
rc_a33_point_primary_hn1,2,3970,7970,-0.781709,0.367605
rc_a33_point_primary_hn1,2,3971,7971,-0.630197,0.703362
rc_a33_point_primary_hn1,2,3972,7972,-0.62559,0.930826
rc_a33_point_primary_hn1,2,3973,7973,-0.630322,0.423355
rc_a33_point_primary_hn1,2,3974,7974,-0.492237,0.70712
rc_a33_point_primary_hn1,2,3975,7975,-0.418976,0.565281
rc_a33_point_primary_hn1,2,3976,7976,-0.587845,0.604905
rc_a33_point_primary_hn1,2,3977,7977,-0.520369,0.521374
rc_a33_point_primary_hn1,2,3978,7978,-0.85165,0.394783
rc_a33_point_primary_hn1,2,3979,7979,-0.63922,0.509683
rc_a33_point_primary_hn1,2,3980,7980,-0.679193,0.312295
rc_a33_point_primary_hn1,2,3981,7981,-0.73367,0.289303
rc_a33_point_primary_hn1,2,3982,7982,-0.53142,0.413523
rc_a33_point_primary_hn1,2,3983,7983,-0.462864,0.459594
rc_a33_point_primary_hn1,2,3984,7984,-1.40791,1.15717
rc_a33_point_primary_hn1,2,3985,7985,-1.50169,1.03178
rc_a33_point_primary_hn1,2,3986,7986,-1.39044,1.14472
rc_a33_point_primary_hn1,2,3987,7987,-1.00086,0.397451
rc_a33_point_primary_hn1,2,3988,7988,-0.814851,0.648851
rc_a33_point_primary_hn1,2,3989,7989,-0.693987,0.449479
rc_a33_point_primary_hn1,2,3990,7990,-0.873821,0.522497
rc_a33_point_primary_hn1,2,3991,7991,-0.75756,0.499693
rc_a33_point_primary_hn1,2,3992,7992,-0.834812,0.71446
rc_a33_point_primary_hn1,2,3993,7993,-1.42675,1.79449
rc_a33_point_primary_hn1,2,3994,7994,-1.4391,0.613163
rc_a33_point_primary_hn1,2,3995,7995,-1.42624,0.631983
rc_a33_point_primary_hn1,2,3996,7996,-1.27022,0.615093
rc_a33_point_primary_hn1,2,3997,7997,-0.758773,0.318811
rc_a33_point_primary_hn1,2,3998,7998,-0.750468,0.191908
rc_a33_point_primary_hn1,2,3999,7999,-0.702891,0.17809
rc_a33_point_primary_hn1,2,4000,8000,-0.786997,0.2513
rc_a33_point_primary_hn1,3,1,8001,-0.808083,0.576384
rc_a33_point_primary_hn1,3,2,8002,-0.824316,0.570488
rc_a33_point_primary_hn1,3,3,8003,-0.857968,0.684899
rc_a33_point_primary_hn1,3,4,8004,-0.930915,0.672013
rc_a33_point_primary_hn1,3,5,8005,-0.813932,0.41646
rc_a33_point_primary_hn1,3,6,8006,-0.728774,0.392692
rc_a33_point_primary_hn1,3,7,8007,-0.761446,0.428188
rc_a33_point_primary_hn1,3,8,8008,-0.696068,0.48813
rc_a33_point_primary_hn1,3,9,8009,-0.680637,0.351875
rc_a33_point_primary_hn1,3,10,8010,-0.849462,0.528713
rc_a33_point_primary_hn1,3,11,8011,-0.92781,0.502496
rc_a33_point_primary_hn1,3,12,8012,-0.923766,0.475062
rc_a33_point_primary_hn1,3,13,8013,-0.864996,0.520696
rc_a33_point_primary_hn1,3,14,8014,-0.683611,0.375783
rc_a33_point_primary_hn1,3,15,8015,-0.971559,0.385339
rc_a33_point_primary_hn1,3,16,8016,-1.09274,0.500648
rc_a33_point_primary_hn1,3,17,8017,-1.01122,0.394887
rc_a33_point_primary_hn1,3,18,8018,-0.966935,0.510826
rc_a33_point_primary_hn1,3,19,8019,-0.851575,0.561028
rc_a33_point_primary_hn1,3,20,8020,-0.560069,0.532587
rc_a33_point_primary_hn1,3,21,8021,-0.833879,0.304838
rc_a33_point_primary_hn1,3,22,8022,-0.913041,0.399879
rc_a33_point_primary_hn1,3,23,8023,-0.824813,0.33294
rc_a33_point_primary_hn1,3,24,8024,-0.764915,0.471037
rc_a33_point_primary_hn1,3,25,8025,-0.640563,0.531287
rc_a33_point_primary_hn1,3,26,8026,-0.703021,0.562475
rc_a33_point_primary_hn1,3,27,8027,-0.87931,0.880732
rc_a33_point_primary_hn1,3,28,8028,-0.804431,0.951556
rc_a33_point_primary_hn1,3,29,8029,-0.727572,0.842068
rc_a33_point_primary_hn1,3,30,8030,-0.911074,1.0867
rc_a33_point_primary_hn1,3,31,8031,-0.819969,0.396218
rc_a33_point_primary_hn1,3,32,8032,-0.893393,1.12406
rc_a33_point_primary_hn1,3,33,8033,-0.785797,0.801039
rc_a33_point_primary_hn1,3,34,8034,-0.906997,0.874846
rc_a33_point_primary_hn1,3,35,8035,-1.20046,0.659178
rc_a33_point_primary_hn1,3,36,8036,-1.14756,0.626188
rc_a33_point_primary_hn1,3,37,8037,-0.34844,0.56407
rc_a33_point_primary_hn1,3,38,8038,-0.357896,0.837536
rc_a33_point_primary_hn1,3,39,8039,-0.493894,0.40199
rc_a33_point_primary_hn1,3,40,8040,-0.744423,0.312856
rc_a33_point_primary_hn1,3,41,8041,-0.744678,0.435946
rc_a33_point_primary_hn1,3,42,8042,-0.999307,0.451695
rc_a33_point_primary_hn1,3,43,8043,-0.956547,0.582195
rc_a33_point_primary_hn1,3,44,8044,-0.879712,0.639858
rc_a33_point_primary_hn1,3,45,8045,-0.756758,0.579833
rc_a33_point_primary_hn1,3,46,8046,-0.742756,0.539701
rc_a33_point_primary_hn1,3,47,8047,-0.785024,0.553375
rc_a33_point_primary_hn1,3,48,8048,-0.934891,0.627024
rc_a33_point_primary_hn1,3,49,8049,-0.920912,0.621753
rc_a33_point_primary_hn1,3,50,8050,-0.886765,0.670922
rc_a33_point_primary_hn1,3,51,8051,-0.8804,0.6269
rc_a33_point_primary_hn1,3,52,8052,-1.03563,0.879029
rc_a33_point_primary_hn1,3,53,8053,-0.93136,0.894098
rc_a33_point_primary_hn1,3,54,8054,-0.845089,0.667768
rc_a33_point_primary_hn1,3,55,8055,-0.796606,0.944759
rc_a33_point_primary_hn1,3,56,8056,-0.964491,0.960281
rc_a33_point_primary_hn1,3,57,8057,-0.955083,0.83442
rc_a33_point_primary_hn1,3,58,8058,-1.12753,0.862664
rc_a33_point_primary_hn1,3,59,8059,-1.16221,0.544582
rc_a33_point_primary_hn1,3,60,8060,-1.08969,0.578993
rc_a33_point_primary_hn1,3,61,8061,-0.969276,0.856998
rc_a33_point_primary_hn1,3,62,8062,-0.981013,0.868269
rc_a33_point_primary_hn1,3,63,8063,-1.31801,1.17469
rc_a33_point_primary_hn1,3,64,8064,-1.53923,1.51383
rc_a33_point_primary_hn1,3,65,8065,-1.63113,1.64718
rc_a33_point_primary_hn1,3,66,8066,-0.495315,0.635857
rc_a33_point_primary_hn1,3,67,8067,-0.364042,0.674575
rc_a33_point_primary_hn1,3,68,8068,-0.527523,0.847548
rc_a33_point_primary_hn1,3,69,8069,-1.17489,0.612405
rc_a33_point_primary_hn1,3,70,8070,-1.34569,0.799565
rc_a33_point_primary_hn1,3,71,8071,-1.26011,0.748356
rc_a33_point_primary_hn1,3,72,8072,-1.20888,0.678493
rc_a33_point_primary_hn1,3,73,8073,-0.774008,0.641565
rc_a33_point_primary_hn1,3,74,8074,-0.85073,0.802765
rc_a33_point_primary_hn1,3,75,8075,-0.876984,0.711882
rc_a33_point_primary_hn1,3,76,8076,-0.721353,0.679299
rc_a33_point_primary_hn1,3,77,8077,-0.571743,0.738064
rc_a33_point_primary_hn1,3,78,8078,-0.713233,0.58511
rc_a33_point_primary_hn1,3,79,8079,-0.841483,0.683278
rc_a33_point_primary_hn1,3,80,8080,-0.85069,0.700724
rc_a33_point_primary_hn1,3,81,8081,-0.999585,0.852462
rc_a33_point_primary_hn1,3,82,8082,-1.29628,1.11444
rc_a33_point_primary_hn1,3,83,8083,-1.22322,0.997716
rc_a33_point_primary_hn1,3,84,8084,-0.813042,0.589268
rc_a33_point_primary_hn1,3,85,8085,-0.696403,0.601532
rc_a33_point_primary_hn1,3,86,8086,-0.670427,0.696191
rc_a33_point_primary_hn1,3,87,8087,-0.692095,0.837847
rc_a33_point_primary_hn1,3,88,8088,-0.642033,0.469428
rc_a33_point_primary_hn1,3,89,8089,-0.732046,0.586727
rc_a33_point_primary_hn1,3,90,8090,-0.655396,0.478095
rc_a33_point_primary_hn1,3,91,8091,-0.776967,0.502644
rc_a33_point_primary_hn1,3,92,8092,-0.508907,0.557123
rc_a33_point_primary_hn1,3,93,8093,-1.02931,0.505981
rc_a33_point_primary_hn1,3,94,8094,-0.486404,0.600356
rc_a33_point_primary_hn1,3,95,8095,-0.578762,0.333044
rc_a33_point_primary_hn1,3,96,8096,-0.625608,0.318861
rc_a33_point_primary_hn1,3,97,8097,-0.60551,0.352055
rc_a33_point_primary_hn1,3,98,8098,-0.562414,0.41996
rc_a33_point_primary_hn1,3,99,8099,-0.573349,0.336789
rc_a33_point_primary_hn1,3,100,8100,-0.718763,0.405818
rc_a33_point_primary_hn1,3,101,8101,-0.828537,0.413201
rc_a33_point_primary_hn1,3,102,8102,-1.17862,0.554018
rc_a33_point_primary_hn1,3,103,8103,-1.21631,0.447337
rc_a33_point_primary_hn1,3,104,8104,-0.997236,0.4238
rc_a33_point_primary_hn1,3,105,8105,-1.02097,0.530195
rc_a33_point_primary_hn1,3,106,8106,-0.977311,0.437803
rc_a33_point_primary_hn1,3,107,8107,-0.95875,0.626546
rc_a33_point_primary_hn1,3,108,8108,-1.00481,0.75497
rc_a33_point_primary_hn1,3,109,8109,-0.894991,0.529167
rc_a33_point_primary_hn1,3,110,8110,-0.913077,0.622907
rc_a33_point_primary_hn1,3,111,8111,-0.883029,0.219689
rc_a33_point_primary_hn1,3,112,8112,-0.861599,0.422511
rc_a33_point_primary_hn1,3,113,8113,-0.986976,0.484606
rc_a33_point_primary_hn1,3,114,8114,-0.795986,0.417479
rc_a33_point_primary_hn1,3,115,8115,-1.17215,0.697567
rc_a33_point_primary_hn1,3,116,8116,-0.980237,0.494992
rc_a33_point_primary_hn1,3,117,8117,-0.914833,0.465637
rc_a33_point_primary_hn1,3,118,8118,-1.03176,0.654897
rc_a33_point_primary_hn1,3,119,8119,-1.07824,0.959249
rc_a33_point_primary_hn1,3,120,8120,-1.08868,0.594456
rc_a33_point_primary_hn1,3,121,8121,-0.433004,0.673244
rc_a33_point_primary_hn1,3,122,8122,-0.854437,0.578832
rc_a33_point_primary_hn1,3,123,8123,-0.484214,0.705513
rc_a33_point_primary_hn1,3,124,8124,-0.766894,0.453597
rc_a33_point_primary_hn1,3,125,8125,-0.891197,0.319013
rc_a33_point_primary_hn1,3,126,8126,-0.963439,0.263373
rc_a33_point_primary_hn1,3,127,8127,-0.679512,0.346083
rc_a33_point_primary_hn1,3,128,8128,-0.908209,0.407833
rc_a33_point_primary_hn1,3,129,8129,-0.948371,0.412589
rc_a33_point_primary_hn1,3,130,8130,-0.895487,0.484663
rc_a33_point_primary_hn1,3,131,8131,-0.997897,0.456961
rc_a33_point_primary_hn1,3,132,8132,-0.512491,0.667773
rc_a33_point_primary_hn1,3,133,8133,-0.460364,0.461346
rc_a33_point_primary_hn1,3,134,8134,-0.515502,0.576063
rc_a33_point_primary_hn1,3,135,8135,-0.631538,0.47945
rc_a33_point_primary_hn1,3,136,8136,-0.492846,0.48643
rc_a33_point_primary_hn1,3,137,8137,-1.02192,0.824392
rc_a33_point_primary_hn1,3,138,8138,-0.996185,0.849393
rc_a33_point_primary_hn1,3,139,8139,-0.46055,0.555672
rc_a33_point_primary_hn1,3,140,8140,-0.651459,0.510645
rc_a33_point_primary_hn1,3,141,8141,-0.751235,0.517949
rc_a33_point_primary_hn1,3,142,8142,-0.497904,0.720606
rc_a33_point_primary_hn1,3,143,8143,-0.438502,0.549866
rc_a33_point_primary_hn1,3,144,8144,-0.528727,0.51636
rc_a33_point_primary_hn1,3,145,8145,-0.709456,0.548487
rc_a33_point_primary_hn1,3,146,8146,-0.665366,0.702954
rc_a33_point_primary_hn1,3,147,8147,-0.757364,0.518935
rc_a33_point_primary_hn1,3,148,8148,-0.763908,0.58522
rc_a33_point_primary_hn1,3,149,8149,-0.566434,0.397033
rc_a33_point_primary_hn1,3,150,8150,-0.475686,0.373529
rc_a33_point_primary_hn1,3,151,8151,-1.03555,0.533251
rc_a33_point_primary_hn1,3,152,8152,-0.886393,0.708533
rc_a33_point_primary_hn1,3,153,8153,-0.948144,0.579121
rc_a33_point_primary_hn1,3,154,8154,-0.493821,1.06413
rc_a33_point_primary_hn1,3,155,8155,-0.651246,1.63234
rc_a33_point_primary_hn1,3,156,8156,-0.658613,1.44541
rc_a33_point_primary_hn1,3,157,8157,-0.729804,1.41727
rc_a33_point_primary_hn1,3,158,8158,-0.749598,1.39079
rc_a33_point_primary_hn1,3,159,8159,-1.15661,0.71424
rc_a33_point_primary_hn1,3,160,8160,-1.09679,0.837512
rc_a33_point_primary_hn1,3,161,8161,-1.15113,0.871959
rc_a33_point_primary_hn1,3,162,8162,-1.19366,0.837715
rc_a33_point_primary_hn1,3,163,8163,-1.17752,0.972891
rc_a33_point_primary_hn1,3,164,8164,-0.994141,0.571046
rc_a33_point_primary_hn1,3,165,8165,-0.683527,0.501016
rc_a33_point_primary_hn1,3,166,8166,-0.531532,0.580329
rc_a33_point_primary_hn1,3,167,8167,-0.801339,0.58034
rc_a33_point_primary_hn1,3,168,8168,-0.862435,0.650056
rc_a33_point_primary_hn1,3,169,8169,-1.16682,0.571084
rc_a33_point_primary_hn1,3,170,8170,-1.3116,0.858992
rc_a33_point_primary_hn1,3,171,8171,-1.20254,0.92421
rc_a33_point_primary_hn1,3,172,8172,-1.31465,0.980928
rc_a33_point_primary_hn1,3,173,8173,-1.31179,1.11474
rc_a33_point_primary_hn1,3,174,8174,-1.05089,1.09122
rc_a33_point_primary_hn1,3,175,8175,-1.07712,0.640507
rc_a33_point_primary_hn1,3,176,8176,-0.806034,0.424381
rc_a33_point_primary_hn1,3,177,8177,-0.84286,0.504682
rc_a33_point_primary_hn1,3,178,8178,-0.68871,0.646384
rc_a33_point_primary_hn1,3,179,8179,-0.806386,0.524644
rc_a33_point_primary_hn1,3,180,8180,-0.716664,0.574379
rc_a33_point_primary_hn1,3,181,8181,-0.717611,0.686892
rc_a33_point_primary_hn1,3,182,8182,-0.779836,0.615196
rc_a33_point_primary_hn1,3,183,8183,-0.681534,0.470429
rc_a33_point_primary_hn1,3,184,8184,-0.806884,0.300698
rc_a33_point_primary_hn1,3,185,8185,-0.73444,0.707655
rc_a33_point_primary_hn1,3,186,8186,-0.685115,0.268814
rc_a33_point_primary_hn1,3,187,8187,-0.889173,0.498094
rc_a33_point_primary_hn1,3,188,8188,-0.824137,0.358473
rc_a33_point_primary_hn1,3,189,8189,-0.825158,0.379861
rc_a33_point_primary_hn1,3,190,8190,-1.11083,0.621257
rc_a33_point_primary_hn1,3,191,8191,-1.25551,0.45855
rc_a33_point_primary_hn1,3,192,8192,-0.830618,0.273526
rc_a33_point_primary_hn1,3,193,8193,-0.826997,0.238765
rc_a33_point_primary_hn1,3,194,8194,-1.01453,0.433502
rc_a33_point_primary_hn1,3,195,8195,-0.738896,0.318359
rc_a33_point_primary_hn1,3,196,8196,-0.965928,0.478076
rc_a33_point_primary_hn1,3,197,8197,-0.824231,0.315025
rc_a33_point_primary_hn1,3,198,8198,-0.878944,0.441414
rc_a33_point_primary_hn1,3,199,8199,-0.522193,0.611033
rc_a33_point_primary_hn1,3,200,8200,-0.639289,0.58036
rc_a33_point_primary_hn1,3,201,8201,-0.599029,0.558197
rc_a33_point_primary_hn1,3,202,8202,-1.09475,0.82011
rc_a33_point_primary_hn1,3,203,8203,-0.963832,0.624579
rc_a33_point_primary_hn1,3,204,8204,-0.573286,0.535955
rc_a33_point_primary_hn1,3,205,8205,-0.698207,0.720146
rc_a33_point_primary_hn1,3,206,8206,-0.98616,0.697639
rc_a33_point_primary_hn1,3,207,8207,-0.740116,0.726888
rc_a33_point_primary_hn1,3,208,8208,-0.737517,0.703817
rc_a33_point_primary_hn1,3,209,8209,-0.904697,0.46248
rc_a33_point_primary_hn1,3,210,8210,-0.809772,0.631344
rc_a33_point_primary_hn1,3,211,8211,-0.863458,0.602648
rc_a33_point_primary_hn1,3,212,8212,-0.948624,0.435618
rc_a33_point_primary_hn1,3,213,8213,-1.07834,0.383085
rc_a33_point_primary_hn1,3,214,8214,-1.24637,0.627498
rc_a33_point_primary_hn1,3,215,8215,-0.46976,0.639374
rc_a33_point_primary_hn1,3,216,8216,-0.460854,0.46415
rc_a33_point_primary_hn1,3,217,8217,-0.468472,0.465052
rc_a33_point_primary_hn1,3,218,8218,-0.44858,0.595018
rc_a33_point_primary_hn1,3,219,8219,-0.477357,0.648941
rc_a33_point_primary_hn1,3,220,8220,-0.417693,0.398068
rc_a33_point_primary_hn1,3,221,8221,-0.644029,0.476622
rc_a33_point_primary_hn1,3,222,8222,-0.566695,0.471748
rc_a33_point_primary_hn1,3,223,8223,-0.457593,0.451615
rc_a33_point_primary_hn1,3,224,8224,-0.547865,0.381822
rc_a33_point_primary_hn1,3,225,8225,-0.641779,0.636152
rc_a33_point_primary_hn1,3,226,8226,-0.92286,0.816338
rc_a33_point_primary_hn1,3,227,8227,-0.859986,0.475154
rc_a33_point_primary_hn1,3,228,8228,-0.771486,0.372207
rc_a33_point_primary_hn1,3,229,8229,-0.750155,0.331128
rc_a33_point_primary_hn1,3,230,8230,-0.832505,0.637557
rc_a33_point_primary_hn1,3,231,8231,-0.847949,0.528697
rc_a33_point_primary_hn1,3,232,8232,-0.826975,0.404208
rc_a33_point_primary_hn1,3,233,8233,-0.887289,0.406431
rc_a33_point_primary_hn1,3,234,8234,-0.905499,0.350592
rc_a33_point_primary_hn1,3,235,8235,-1.02741,0.471318
rc_a33_point_primary_hn1,3,236,8236,-1.0066,0.568523
rc_a33_point_primary_hn1,3,237,8237,-0.954024,0.568155
rc_a33_point_primary_hn1,3,238,8238,-0.737644,0.539616
rc_a33_point_primary_hn1,3,239,8239,-0.802954,0.555752
rc_a33_point_primary_hn1,3,240,8240,-1.30145,0.751296
rc_a33_point_primary_hn1,3,241,8241,-0.963049,0.627785
rc_a33_point_primary_hn1,3,242,8242,-0.845115,0.652541
rc_a33_point_primary_hn1,3,243,8243,-0.858516,0.659927
rc_a33_point_primary_hn1,3,244,8244,-0.917158,0.711607
rc_a33_point_primary_hn1,3,245,8245,-0.981938,0.40663
rc_a33_point_primary_hn1,3,246,8246,-0.974688,0.539023
rc_a33_point_primary_hn1,3,247,8247,-0.607912,0.547311
rc_a33_point_primary_hn1,3,248,8248,-0.510318,0.746361
rc_a33_point_primary_hn1,3,249,8249,-1.41516,1.07054
rc_a33_point_primary_hn1,3,250,8250,-1.56032,1.00706
rc_a33_point_primary_hn1,3,251,8251,-1.53315,1.09671
rc_a33_point_primary_hn1,3,252,8252,-0.987718,0.539915
rc_a33_point_primary_hn1,3,253,8253,-1.53867,0.69757
rc_a33_point_primary_hn1,3,254,8254,-1.10859,0.594223
rc_a33_point_primary_hn1,3,255,8255,-1.5267,0.753999
rc_a33_point_primary_hn1,3,256,8256,-0.973158,0.371385
rc_a33_point_primary_hn1,3,257,8257,-0.91362,0.614241
rc_a33_point_primary_hn1,3,258,8258,-0.991559,0.37118
rc_a33_point_primary_hn1,3,259,8259,-0.936092,0.597301
rc_a33_point_primary_hn1,3,260,8260,-0.712545,0.770493
rc_a33_point_primary_hn1,3,261,8261,-0.729461,0.877578
rc_a33_point_primary_hn1,3,262,8262,-0.730064,0.826376
rc_a33_point_primary_hn1,3,263,8263,-0.774362,0.940875
rc_a33_point_primary_hn1,3,264,8264,-1.09546,2.15392
rc_a33_point_primary_hn1,3,265,8265,-1.54393,1.36831
rc_a33_point_primary_hn1,3,266,8266,-1.35884,1.03102
rc_a33_point_primary_hn1,3,267,8267,-1.51316,1.23465
rc_a33_point_primary_hn1,3,268,8268,-1.74927,1.24724
rc_a33_point_primary_hn1,3,269,8269,-1.76698,1.39899
rc_a33_point_primary_hn1,3,270,8270,-0.393719,0.391885
rc_a33_point_primary_hn1,3,271,8271,-1.25323,0.70583
rc_a33_point_primary_hn1,3,272,8272,-1.16439,0.540598
rc_a33_point_primary_hn1,3,273,8273,-1.07857,0.494108
rc_a33_point_primary_hn1,3,274,8274,-1.01847,0.508049
rc_a33_point_primary_hn1,3,275,8275,-0.436911,0.681103
rc_a33_point_primary_hn1,3,276,8276,-0.302563,0.669325
rc_a33_point_primary_hn1,3,277,8277,-0.852465,0.519027
rc_a33_point_primary_hn1,3,278,8278,-0.902426,0.491143
rc_a33_point_primary_hn1,3,279,8279,-0.898455,0.499833
rc_a33_point_primary_hn1,3,280,8280,-0.960796,0.523598
rc_a33_point_primary_hn1,3,281,8281,-0.732575,0.435375
rc_a33_point_primary_hn1,3,282,8282,-0.79119,0.449952
rc_a33_point_primary_hn1,3,283,8283,-0.512004,0.554702
rc_a33_point_primary_hn1,3,284,8284,-0.863155,0.407327
rc_a33_point_primary_hn1,3,285,8285,-0.983214,0.649735
rc_a33_point_primary_hn1,3,286,8286,-1.04864,0.533275
rc_a33_point_primary_hn1,3,287,8287,-0.977265,0.513965
rc_a33_point_primary_hn1,3,288,8288,-0.678151,0.444826
rc_a33_point_primary_hn1,3,289,8289,-0.654969,0.622299
rc_a33_point_primary_hn1,3,290,8290,-0.56046,0.654084
rc_a33_point_primary_hn1,3,291,8291,-0.682181,0.877177
rc_a33_point_primary_hn1,3,292,8292,-0.683281,0.816819
rc_a33_point_primary_hn1,3,293,8293,-0.718658,0.47969
rc_a33_point_primary_hn1,3,294,8294,-0.820171,0.656797
rc_a33_point_primary_hn1,3,295,8295,-0.60673,0.387533
rc_a33_point_primary_hn1,3,296,8296,-0.787133,0.389155
rc_a33_point_primary_hn1,3,297,8297,-0.778623,0.416677
rc_a33_point_primary_hn1,3,298,8298,-0.531988,0.441065
rc_a33_point_primary_hn1,3,299,8299,-0.628869,0.771694
rc_a33_point_primary_hn1,3,300,8300,-0.420764,1.03356
rc_a33_point_primary_hn1,3,301,8301,-0.438932,1.14937
rc_a33_point_primary_hn1,3,302,8302,-0.406549,1.17272
rc_a33_point_primary_hn1,3,303,8303,-0.640129,0.417474
rc_a33_point_primary_hn1,3,304,8304,-0.648858,0.353848
rc_a33_point_primary_hn1,3,305,8305,-0.500156,0.50564
rc_a33_point_primary_hn1,3,306,8306,-0.107046,1.06006
rc_a33_point_primary_hn1,3,307,8307,-1.0921400000000001,0.672341
rc_a33_point_primary_hn1,3,308,8308,-0.93293,0.455686
rc_a33_point_primary_hn1,3,309,8309,-0.947042,0.520951
rc_a33_point_primary_hn1,3,310,8310,-0.863013,0.514449
rc_a33_point_primary_hn1,3,311,8311,-0.804896,0.527925
rc_a33_point_primary_hn1,3,312,8312,-0.825818,0.685362
rc_a33_point_primary_hn1,3,313,8313,-0.626632,0.720239
rc_a33_point_primary_hn1,3,314,8314,-0.638689,0.68309
rc_a33_point_primary_hn1,3,315,8315,-0.580049,0.697961
rc_a33_point_primary_hn1,3,316,8316,-0.641715,0.486439
rc_a33_point_primary_hn1,3,317,8317,-0.500936,0.392981
rc_a33_point_primary_hn1,3,318,8318,-0.672301,0.491077
rc_a33_point_primary_hn1,3,319,8319,-0.618872,0.721487
rc_a33_point_primary_hn1,3,320,8320,-0.525787,0.642121
rc_a33_point_primary_hn1,3,321,8321,-0.907507,0.626112
rc_a33_point_primary_hn1,3,322,8322,-1.02052,0.419641
rc_a33_point_primary_hn1,3,323,8323,-0.957953,0.447486
rc_a33_point_primary_hn1,3,324,8324,-0.989116,0.441764
rc_a33_point_primary_hn1,3,325,8325,-0.543961,0.957628
rc_a33_point_primary_hn1,3,326,8326,-0.63275,0.88576
rc_a33_point_primary_hn1,3,327,8327,-0.541467,0.656834
rc_a33_point_primary_hn1,3,328,8328,-0.849352,0.565638
rc_a33_point_primary_hn1,3,329,8329,-0.686733,0.450682
rc_a33_point_primary_hn1,3,330,8330,-0.853541,0.288219
rc_a33_point_primary_hn1,3,331,8331,-0.763119,0.294005
rc_a33_point_primary_hn1,3,332,8332,-1.07308,0.601288
rc_a33_point_primary_hn1,3,333,8333,-1.09514,0.605097
rc_a33_point_primary_hn1,3,334,8334,-1.0191,0.536936
rc_a33_point_primary_hn1,3,335,8335,-0.934064,0.369477
rc_a33_point_primary_hn1,3,336,8336,-0.713834,0.46741
rc_a33_point_primary_hn1,3,337,8337,-0.758912,0.564589
rc_a33_point_primary_hn1,3,338,8338,-0.808435,0.374465
rc_a33_point_primary_hn1,3,339,8339,-0.780462,0.426555
rc_a33_point_primary_hn1,3,340,8340,-0.848865,0.539259
rc_a33_point_primary_hn1,3,341,8341,-0.810928,0.383669
rc_a33_point_primary_hn1,3,342,8342,-0.831877,0.426204
rc_a33_point_primary_hn1,3,343,8343,-0.770807,0.38872
rc_a33_point_primary_hn1,3,344,8344,-1.06753,0.684178
rc_a33_point_primary_hn1,3,345,8345,-1.05743,0.632584
rc_a33_point_primary_hn1,3,346,8346,-1.13499,0.599496
rc_a33_point_primary_hn1,3,347,8347,-1.08512,0.667391
rc_a33_point_primary_hn1,3,348,8348,-1.3044,0.849138
rc_a33_point_primary_hn1,3,349,8349,-1.2688,1.02827
rc_a33_point_primary_hn1,3,350,8350,-1.75647,1.08257
rc_a33_point_primary_hn1,3,351,8351,-0.103795,0.630796
rc_a33_point_primary_hn1,3,352,8352,-0.0852354,0.816152
rc_a33_point_primary_hn1,3,353,8353,-0.0487284,0.912447
rc_a33_point_primary_hn1,3,354,8354,-0.0457713,0.926131
rc_a33_point_primary_hn1,3,355,8355,-0.00476106,0.865995
rc_a33_point_primary_hn1,3,356,8356,-0.29404,0.719605
rc_a33_point_primary_hn1,3,357,8357,-0.20558,0.545732
rc_a33_point_primary_hn1,3,358,8358,-0.592091,0.543916
rc_a33_point_primary_hn1,3,359,8359,-0.722177,0.434879
rc_a33_point_primary_hn1,3,360,8360,-0.726528,0.273619
rc_a33_point_primary_hn1,3,361,8361,-0.912916,0.352648
rc_a33_point_primary_hn1,3,362,8362,-0.839812,0.288823
rc_a33_point_primary_hn1,3,363,8363,-0.678665,0.416695
rc_a33_point_primary_hn1,3,364,8364,-0.405315,0.596289
rc_a33_point_primary_hn1,3,365,8365,-0.467198,0.677767
rc_a33_point_primary_hn1,3,366,8366,-0.455862,0.659286
rc_a33_point_primary_hn1,3,367,8367,-0.688909,0.759138
rc_a33_point_primary_hn1,3,368,8368,-0.650933,0.679299
rc_a33_point_primary_hn1,3,369,8369,-0.685306,0.594081
rc_a33_point_primary_hn1,3,370,8370,-0.756743,0.71493
rc_a33_point_primary_hn1,3,371,8371,-0.680372,0.681593
rc_a33_point_primary_hn1,3,372,8372,-0.669987,0.695806
rc_a33_point_primary_hn1,3,373,8373,-0.699285,0.583755
rc_a33_point_primary_hn1,3,374,8374,-0.716952,0.610436
rc_a33_point_primary_hn1,3,375,8375,-0.744306,0.629947
rc_a33_point_primary_hn1,3,376,8376,-0.533613,0.542378
rc_a33_point_primary_hn1,3,377,8377,-1.02359,0.53523
rc_a33_point_primary_hn1,3,378,8378,-0.62837,0.597913
rc_a33_point_primary_hn1,3,379,8379,-0.581731,0.472896
rc_a33_point_primary_hn1,3,380,8380,-0.7709,0.565122
rc_a33_point_primary_hn1,3,381,8381,-0.540099,0.417301
rc_a33_point_primary_hn1,3,382,8382,-0.810109,0.799793
rc_a33_point_primary_hn1,3,383,8383,-0.848384,0.787912
rc_a33_point_primary_hn1,3,384,8384,-1.00046,1.55676
rc_a33_point_primary_hn1,3,385,8385,-0.778032,0.80881
rc_a33_point_primary_hn1,3,386,8386,-0.845664,0.826955
rc_a33_point_primary_hn1,3,387,8387,-0.911996,0.696926
rc_a33_point_primary_hn1,3,388,8388,-0.931322,0.895123
rc_a33_point_primary_hn1,3,389,8389,-0.953548,0.71495
rc_a33_point_primary_hn1,3,390,8390,-1.17497,0.741106
rc_a33_point_primary_hn1,3,391,8391,-1.14726,0.810239
rc_a33_point_primary_hn1,3,392,8392,-0.601192,0.39322
rc_a33_point_primary_hn1,3,393,8393,-0.517299,0.638518
rc_a33_point_primary_hn1,3,394,8394,-0.47119,0.566301
rc_a33_point_primary_hn1,3,395,8395,-0.765513,0.364421
rc_a33_point_primary_hn1,3,396,8396,-0.651183,0.361486
rc_a33_point_primary_hn1,3,397,8397,-1.23283,0.612235
rc_a33_point_primary_hn1,3,398,8398,-1.03095,0.592159
rc_a33_point_primary_hn1,3,399,8399,-1.1402,0.462701
rc_a33_point_primary_hn1,3,400,8400,-0.940082,0.371909
rc_a33_point_primary_hn1,3,401,8401,-0.945329,0.322563
rc_a33_point_primary_hn1,3,402,8402,-1.07338,0.531081
rc_a33_point_primary_hn1,3,403,8403,-0.945684,0.336334
rc_a33_point_primary_hn1,3,404,8404,-0.68461,0.686866
rc_a33_point_primary_hn1,3,405,8405,-0.447024,0.666501
rc_a33_point_primary_hn1,3,406,8406,-0.484174,0.650172
rc_a33_point_primary_hn1,3,407,8407,-0.693022,0.533514
rc_a33_point_primary_hn1,3,408,8408,-1.53773,0.665743
rc_a33_point_primary_hn1,3,409,8409,-1.11655,0.593328
rc_a33_point_primary_hn1,3,410,8410,-0.957948,0.667958
rc_a33_point_primary_hn1,3,411,8411,-0.848641,0.413799
rc_a33_point_primary_hn1,3,412,8412,-0.904922,0.538077
rc_a33_point_primary_hn1,3,413,8413,-0.855927,0.355555
rc_a33_point_primary_hn1,3,414,8414,-0.536053,0.448855
rc_a33_point_primary_hn1,3,415,8415,-0.906197,0.536032
rc_a33_point_primary_hn1,3,416,8416,-0.687531,0.435544
rc_a33_point_primary_hn1,3,417,8417,-0.692527,0.395792
rc_a33_point_primary_hn1,3,418,8418,-0.60987,0.447681
rc_a33_point_primary_hn1,3,419,8419,-0.716125,0.343042
rc_a33_point_primary_hn1,3,420,8420,-0.817534,0.358812
rc_a33_point_primary_hn1,3,421,8421,-0.710372,0.277031
rc_a33_point_primary_hn1,3,422,8422,-0.764005,0.306689
rc_a33_point_primary_hn1,3,423,8423,-0.696252,0.440336
rc_a33_point_primary_hn1,3,424,8424,-0.689184,0.393347
rc_a33_point_primary_hn1,3,425,8425,-0.883451,0.503949
rc_a33_point_primary_hn1,3,426,8426,-1.24403,0.626006
rc_a33_point_primary_hn1,3,427,8427,-0.972972,0.661267
rc_a33_point_primary_hn1,3,428,8428,-1.14588,0.500719
rc_a33_point_primary_hn1,3,429,8429,-0.836643,0.353615
rc_a33_point_primary_hn1,3,430,8430,-1.1718,0.520667
rc_a33_point_primary_hn1,3,431,8431,-0.742055,0.232217
rc_a33_point_primary_hn1,3,432,8432,-0.872926,0.407766
rc_a33_point_primary_hn1,3,433,8433,-0.77662,0.420662
rc_a33_point_primary_hn1,3,434,8434,-0.753751,0.494922
rc_a33_point_primary_hn1,3,435,8435,-0.723298,0.466185
rc_a33_point_primary_hn1,3,436,8436,-0.734956,0.366377
rc_a33_point_primary_hn1,3,437,8437,-0.670235,0.360963
rc_a33_point_primary_hn1,3,438,8438,-0.407557,0.75181
rc_a33_point_primary_hn1,3,439,8439,-0.416298,0.546016
rc_a33_point_primary_hn1,3,440,8440,-0.868115,0.627992
rc_a33_point_primary_hn1,3,441,8441,-1.03063,0.527175
rc_a33_point_primary_hn1,3,442,8442,-0.947704,0.391232
rc_a33_point_primary_hn1,3,443,8443,-0.517388,0.545879
rc_a33_point_primary_hn1,3,444,8444,-0.54941,0.48063
rc_a33_point_primary_hn1,3,445,8445,-0.528437,0.359843
rc_a33_point_primary_hn1,3,446,8446,-0.806748,0.468777
rc_a33_point_primary_hn1,3,447,8447,-0.879528,0.400942
rc_a33_point_primary_hn1,3,448,8448,-0.749975,0.432881
rc_a33_point_primary_hn1,3,449,8449,-0.476127,0.891522
rc_a33_point_primary_hn1,3,450,8450,-0.603496,0.508967
rc_a33_point_primary_hn1,3,451,8451,-0.895823,0.501547
rc_a33_point_primary_hn1,3,452,8452,-0.903591,0.530269
rc_a33_point_primary_hn1,3,453,8453,-0.706532,0.494352
rc_a33_point_primary_hn1,3,454,8454,-0.842842,0.389712
rc_a33_point_primary_hn1,3,455,8455,-0.824043,0.465946
rc_a33_point_primary_hn1,3,456,8456,-0.836104,0.666431
rc_a33_point_primary_hn1,3,457,8457,-0.892693,0.679255
rc_a33_point_primary_hn1,3,458,8458,-0.764693,0.867097
rc_a33_point_primary_hn1,3,459,8459,-1.0985,0.765858
rc_a33_point_primary_hn1,3,460,8460,-1.05435,0.692594
rc_a33_point_primary_hn1,3,461,8461,-0.824297,0.583003
rc_a33_point_primary_hn1,3,462,8462,-0.903953,0.613519
rc_a33_point_primary_hn1,3,463,8463,-0.99158,0.623031
rc_a33_point_primary_hn1,3,464,8464,-0.83752,0.910265
rc_a33_point_primary_hn1,3,465,8465,-0.813587,1.04678
rc_a33_point_primary_hn1,3,466,8466,-0.922159,1.04408
rc_a33_point_primary_hn1,3,467,8467,-0.953857,0.380874
rc_a33_point_primary_hn1,3,468,8468,-1.09916,0.894812
rc_a33_point_primary_hn1,3,469,8469,-0.999123,0.955893
rc_a33_point_primary_hn1,3,470,8470,-0.439558,0.410651
rc_a33_point_primary_hn1,3,471,8471,-0.649822,0.333129
rc_a33_point_primary_hn1,3,472,8472,-0.50517,0.49843
rc_a33_point_primary_hn1,3,473,8473,-0.454258,0.654483
rc_a33_point_primary_hn1,3,474,8474,-0.88356,0.582055
rc_a33_point_primary_hn1,3,475,8475,-0.614504,0.787686
rc_a33_point_primary_hn1,3,476,8476,-0.738068,0.805854
rc_a33_point_primary_hn1,3,477,8477,-0.463687,0.760024
rc_a33_point_primary_hn1,3,478,8478,-0.779597,0.83525
rc_a33_point_primary_hn1,3,479,8479,-0.677404,0.718726
rc_a33_point_primary_hn1,3,480,8480,-0.774139,0.654407
rc_a33_point_primary_hn1,3,481,8481,-0.71636,0.665321
rc_a33_point_primary_hn1,3,482,8482,-1.08766,0.674273
rc_a33_point_primary_hn1,3,483,8483,-1.1143,0.715289
rc_a33_point_primary_hn1,3,484,8484,-1.01039,0.651709
rc_a33_point_primary_hn1,3,485,8485,-1.06768,0.740436
rc_a33_point_primary_hn1,3,486,8486,-0.960046,0.859184
rc_a33_point_primary_hn1,3,487,8487,-1.04455,0.894356
rc_a33_point_primary_hn1,3,488,8488,-0.239225,0.67061
rc_a33_point_primary_hn1,3,489,8489,-0.168931,0.695523
rc_a33_point_primary_hn1,3,490,8490,-0.112373,0.822007
rc_a33_point_primary_hn1,3,491,8491,-1.05106,0.852014
rc_a33_point_primary_hn1,3,492,8492,-0.342639,0.525523
rc_a33_point_primary_hn1,3,493,8493,-0.822285,0.39746
rc_a33_point_primary_hn1,3,494,8494,-0.771028,0.521918
rc_a33_point_primary_hn1,3,495,8495,-0.727996,0.359985
rc_a33_point_primary_hn1,3,496,8496,-0.665463,0.525641
rc_a33_point_primary_hn1,3,497,8497,-0.818525,0.408435
rc_a33_point_primary_hn1,3,498,8498,-1.26038,0.750284
rc_a33_point_primary_hn1,3,499,8499,-1.25962,0.714704
rc_a33_point_primary_hn1,3,500,8500,-0.741907,0.315313
rc_a33_point_primary_hn1,3,501,8501,-0.894269,0.451915
rc_a33_point_primary_hn1,3,502,8502,-0.794562,0.393603
rc_a33_point_primary_hn1,3,503,8503,-0.923844,0.276164
rc_a33_point_primary_hn1,3,504,8504,-1.03226,0.516822
rc_a33_point_primary_hn1,3,505,8505,-0.925082,0.543088
rc_a33_point_primary_hn1,3,506,8506,-0.955002,0.853848
rc_a33_point_primary_hn1,3,507,8507,-0.496317,0.734616
rc_a33_point_primary_hn1,3,508,8508,-0.587549,0.717317
rc_a33_point_primary_hn1,3,509,8509,-0.76362,0.346705
rc_a33_point_primary_hn1,3,510,8510,-0.945748,0.895758
rc_a33_point_primary_hn1,3,511,8511,-0.937904,0.895837
rc_a33_point_primary_hn1,3,512,8512,-0.878187,0.736072
rc_a33_point_primary_hn1,3,513,8513,-0.794391,0.822636
rc_a33_point_primary_hn1,3,514,8514,-1.12613,1.44321
rc_a33_point_primary_hn1,3,515,8515,-1.07881,1.24459
rc_a33_point_primary_hn1,3,516,8516,-1.31002,0.874878
rc_a33_point_primary_hn1,3,517,8517,-1.26563,0.729912
rc_a33_point_primary_hn1,3,518,8518,-1.39921,0.665124
rc_a33_point_primary_hn1,3,519,8519,-1.02177,0.524246
rc_a33_point_primary_hn1,3,520,8520,-0.590385,0.609784
rc_a33_point_primary_hn1,3,521,8521,-0.463227,0.723074
rc_a33_point_primary_hn1,3,522,8522,-0.934514,0.447611
rc_a33_point_primary_hn1,3,523,8523,-0.941135,0.447129
rc_a33_point_primary_hn1,3,524,8524,-0.721879,0.36375
rc_a33_point_primary_hn1,3,525,8525,-1.201,0.708794
rc_a33_point_primary_hn1,3,526,8526,-1.56202,1.02035
rc_a33_point_primary_hn1,3,527,8527,-1.45092,1.08833
rc_a33_point_primary_hn1,3,528,8528,-1.89785,1.1712
rc_a33_point_primary_hn1,3,529,8529,-1.28331,0.740774
rc_a33_point_primary_hn1,3,530,8530,-1.18481,0.615601
rc_a33_point_primary_hn1,3,531,8531,-1.40475,0.637517
rc_a33_point_primary_hn1,3,532,8532,-1.26914,0.550359
rc_a33_point_primary_hn1,3,533,8533,-1.19633,0.814892
rc_a33_point_primary_hn1,3,534,8534,-0.849147,0.551399
rc_a33_point_primary_hn1,3,535,8535,-0.845597,0.598409
rc_a33_point_primary_hn1,3,536,8536,-0.938108,0.411825
rc_a33_point_primary_hn1,3,537,8537,-0.963756,0.503009
rc_a33_point_primary_hn1,3,538,8538,-0.730895,0.354204
rc_a33_point_primary_hn1,3,539,8539,-0.683108,0.401525
rc_a33_point_primary_hn1,3,540,8540,-0.669153,0.323507
rc_a33_point_primary_hn1,3,541,8541,-0.683027,0.671954
rc_a33_point_primary_hn1,3,542,8542,-0.986612,0.527886
rc_a33_point_primary_hn1,3,543,8543,-0.616011,0.736729
rc_a33_point_primary_hn1,3,544,8544,-0.989189,0.740069
rc_a33_point_primary_hn1,3,545,8545,-1.07775,0.756914
rc_a33_point_primary_hn1,3,546,8546,-0.31055,0.650801
rc_a33_point_primary_hn1,3,547,8547,-0.519295,0.552746
rc_a33_point_primary_hn1,3,548,8548,-0.790663,0.577101
rc_a33_point_primary_hn1,3,549,8549,-0.701082,0.377157
rc_a33_point_primary_hn1,3,550,8550,-0.922147,0.425803
rc_a33_point_primary_hn1,3,551,8551,-0.896176,0.543602
rc_a33_point_primary_hn1,3,552,8552,-0.919243,0.506039
rc_a33_point_primary_hn1,3,553,8553,-0.909956,0.393699
rc_a33_point_primary_hn1,3,554,8554,-0.914916,0.406543
rc_a33_point_primary_hn1,3,555,8555,-0.917295,0.413126
rc_a33_point_primary_hn1,3,556,8556,-0.853198,0.434551
rc_a33_point_primary_hn1,3,557,8557,-0.892755,0.456687
rc_a33_point_primary_hn1,3,558,8558,-0.844516,0.447137
rc_a33_point_primary_hn1,3,559,8559,-0.856164,0.34197
rc_a33_point_primary_hn1,3,560,8560,-0.772299,0.359047
rc_a33_point_primary_hn1,3,561,8561,-0.6694,0.254161
rc_a33_point_primary_hn1,3,562,8562,-0.784972,0.364768
rc_a33_point_primary_hn1,3,563,8563,-0.454184,0.390509
rc_a33_point_primary_hn1,3,564,8564,-0.271921,0.668447
rc_a33_point_primary_hn1,3,565,8565,-0.450557,0.520273
rc_a33_point_primary_hn1,3,566,8566,-0.598383,0.855178
rc_a33_point_primary_hn1,3,567,8567,-0.537266,0.658438
rc_a33_point_primary_hn1,3,568,8568,-1.08368,0.642466
rc_a33_point_primary_hn1,3,569,8569,-1.10023,0.493703
rc_a33_point_primary_hn1,3,570,8570,-1.15099,0.612301
rc_a33_point_primary_hn1,3,571,8571,-1.27971,0.744817
rc_a33_point_primary_hn1,3,572,8572,-1.08965,0.66647
rc_a33_point_primary_hn1,3,573,8573,-1.1310500000000001,0.793717
rc_a33_point_primary_hn1,3,574,8574,-1.17278,0.468852
rc_a33_point_primary_hn1,3,575,8575,-0.930708,0.7864
rc_a33_point_primary_hn1,3,576,8576,-0.762334,1.23725
rc_a33_point_primary_hn1,3,577,8577,-0.793264,1.24958
rc_a33_point_primary_hn1,3,578,8578,-0.827102,0.607061
rc_a33_point_primary_hn1,3,579,8579,-0.783067,0.563729
rc_a33_point_primary_hn1,3,580,8580,-0.807915,0.511266
rc_a33_point_primary_hn1,3,581,8581,-0.597432,0.574852
rc_a33_point_primary_hn1,3,582,8582,-0.805194,0.810799
rc_a33_point_primary_hn1,3,583,8583,-0.750624,0.898271
rc_a33_point_primary_hn1,3,584,8584,-0.645604,0.695551
rc_a33_point_primary_hn1,3,585,8585,-0.614098,0.763896
rc_a33_point_primary_hn1,3,586,8586,-0.810681,0.436991
rc_a33_point_primary_hn1,3,587,8587,-0.726726,0.426554
rc_a33_point_primary_hn1,3,588,8588,-0.757504,0.497639
rc_a33_point_primary_hn1,3,589,8589,-0.811572,0.463791
rc_a33_point_primary_hn1,3,590,8590,-0.715209,0.460095
rc_a33_point_primary_hn1,3,591,8591,-0.547084,0.628589
rc_a33_point_primary_hn1,3,592,8592,-0.547025,0.611526
rc_a33_point_primary_hn1,3,593,8593,-0.586745,0.439277
rc_a33_point_primary_hn1,3,594,8594,-0.539495,0.461212
rc_a33_point_primary_hn1,3,595,8595,-0.802782,0.481888
rc_a33_point_primary_hn1,3,596,8596,-0.827522,0.486954
rc_a33_point_primary_hn1,3,597,8597,-0.355499,0.732163
rc_a33_point_primary_hn1,3,598,8598,-0.302937,0.731421
rc_a33_point_primary_hn1,3,599,8599,-0.724467,1.31134
rc_a33_point_primary_hn1,3,600,8600,-0.390169,0.633252
rc_a33_point_primary_hn1,3,601,8601,-1.35596,0.803559
rc_a33_point_primary_hn1,3,602,8602,-1.37998,0.602471
rc_a33_point_primary_hn1,3,603,8603,-1.56108,0.608297
rc_a33_point_primary_hn1,3,604,8604,-1.43985,0.596536
rc_a33_point_primary_hn1,3,605,8605,-1.50565,0.575213
rc_a33_point_primary_hn1,3,606,8606,-1.25778,0.651514
rc_a33_point_primary_hn1,3,607,8607,-1.12403,0.43354
rc_a33_point_primary_hn1,3,608,8608,-1.09506,0.456787
rc_a33_point_primary_hn1,3,609,8609,-1.18449,0.398747
rc_a33_point_primary_hn1,3,610,8610,-0.881096,0.459656
rc_a33_point_primary_hn1,3,611,8611,-0.880147,0.315739
rc_a33_point_primary_hn1,3,612,8612,-0.880982,0.572563
rc_a33_point_primary_hn1,3,613,8613,-0.850299,0.344326
rc_a33_point_primary_hn1,3,614,8614,-0.787137,0.431893
rc_a33_point_primary_hn1,3,615,8615,-0.704259,0.38003
rc_a33_point_primary_hn1,3,616,8616,-0.586852,0.482228
rc_a33_point_primary_hn1,3,617,8617,-0.521196,0.667227
rc_a33_point_primary_hn1,3,618,8618,-0.821461,0.779975
rc_a33_point_primary_hn1,3,619,8619,-0.480491,0.826529
rc_a33_point_primary_hn1,3,620,8620,-0.560706,0.879318
rc_a33_point_primary_hn1,3,621,8621,-0.688249,0.563798
rc_a33_point_primary_hn1,3,622,8622,-0.625652,0.629561
rc_a33_point_primary_hn1,3,623,8623,-0.833465,0.700021
rc_a33_point_primary_hn1,3,624,8624,-0.901897,0.693118
rc_a33_point_primary_hn1,3,625,8625,-0.76267,0.770184
rc_a33_point_primary_hn1,3,626,8626,-0.802975,0.692293
rc_a33_point_primary_hn1,3,627,8627,-0.842948,0.660534
rc_a33_point_primary_hn1,3,628,8628,-0.632105,0.474641
rc_a33_point_primary_hn1,3,629,8629,-0.748504,0.42808
rc_a33_point_primary_hn1,3,630,8630,-1.10126,0.650688
rc_a33_point_primary_hn1,3,631,8631,-1.17646,0.574795
rc_a33_point_primary_hn1,3,632,8632,-1.22691,0.827501
rc_a33_point_primary_hn1,3,633,8633,-1.40465,0.760005
rc_a33_point_primary_hn1,3,634,8634,-1.27183,0.752531
rc_a33_point_primary_hn1,3,635,8635,-0.84485,0.396779
rc_a33_point_primary_hn1,3,636,8636,-1.14197,0.459615
rc_a33_point_primary_hn1,3,637,8637,-1.01094,0.464343
rc_a33_point_primary_hn1,3,638,8638,-0.148415,0.874544
rc_a33_point_primary_hn1,3,639,8639,-0.248792,0.98807
rc_a33_point_primary_hn1,3,640,8640,-0.704512,0.346691
rc_a33_point_primary_hn1,3,641,8641,-0.706718,0.475624
rc_a33_point_primary_hn1,3,642,8642,-0.552866,0.362261
rc_a33_point_primary_hn1,3,643,8643,-0.540735,0.449862
rc_a33_point_primary_hn1,3,644,8644,-0.696573,0.287869
rc_a33_point_primary_hn1,3,645,8645,-0.656934,0.287229
rc_a33_point_primary_hn1,3,646,8646,-0.862725,0.431924
rc_a33_point_primary_hn1,3,647,8647,-0.776972,0.346076
rc_a33_point_primary_hn1,3,648,8648,-0.157173,0.941766
rc_a33_point_primary_hn1,3,649,8649,-0.273067,1.10717
rc_a33_point_primary_hn1,3,650,8650,0.173791,1.38617
rc_a33_point_primary_hn1,3,651,8651,0.223742,1.41024
rc_a33_point_primary_hn1,3,652,8652,-0.831983,0.403332
rc_a33_point_primary_hn1,3,653,8653,-1.04192,0.412019
rc_a33_point_primary_hn1,3,654,8654,-0.865391,0.522761
rc_a33_point_primary_hn1,3,655,8655,-0.753392,0.67581
rc_a33_point_primary_hn1,3,656,8656,-0.63041,0.726802
rc_a33_point_primary_hn1,3,657,8657,-0.582407,0.685156
rc_a33_point_primary_hn1,3,658,8658,-0.584003,0.871376
rc_a33_point_primary_hn1,3,659,8659,-0.489868,0.896355
rc_a33_point_primary_hn1,3,660,8660,-0.552512,0.804655
rc_a33_point_primary_hn1,3,661,8661,-0.997762,0.451344
rc_a33_point_primary_hn1,3,662,8662,-1.11283,0.720753
rc_a33_point_primary_hn1,3,663,8663,-1.1574,0.717036
rc_a33_point_primary_hn1,3,664,8664,-0.731127,0.750343
rc_a33_point_primary_hn1,3,665,8665,-0.911959,0.607853
rc_a33_point_primary_hn1,3,666,8666,-0.915573,0.74649
rc_a33_point_primary_hn1,3,667,8667,-0.870717,0.539754
rc_a33_point_primary_hn1,3,668,8668,-0.897086,0.596084
rc_a33_point_primary_hn1,3,669,8669,-0.606459,0.670086
rc_a33_point_primary_hn1,3,670,8670,-0.559989,0.597171
rc_a33_point_primary_hn1,3,671,8671,-0.664317,0.403935
rc_a33_point_primary_hn1,3,672,8672,-0.235942,0.888755
rc_a33_point_primary_hn1,3,673,8673,-0.437398,1.08783
rc_a33_point_primary_hn1,3,674,8674,-0.332622,0.893256
rc_a33_point_primary_hn1,3,675,8675,-0.874209,0.41571
rc_a33_point_primary_hn1,3,676,8676,-0.914477,0.431305
rc_a33_point_primary_hn1,3,677,8677,-1.18475,0.57819
rc_a33_point_primary_hn1,3,678,8678,-0.901525,0.684759
rc_a33_point_primary_hn1,3,679,8679,-0.967315,0.693866
rc_a33_point_primary_hn1,3,680,8680,-0.92076,0.704331
rc_a33_point_primary_hn1,3,681,8681,-0.812313,0.51763
rc_a33_point_primary_hn1,3,682,8682,-0.883842,0.774841
rc_a33_point_primary_hn1,3,683,8683,-0.401485,0.627089
rc_a33_point_primary_hn1,3,684,8684,-0.99261,0.496895
rc_a33_point_primary_hn1,3,685,8685,-1.03543,0.673927
rc_a33_point_primary_hn1,3,686,8686,-1.17745,0.787333
rc_a33_point_primary_hn1,3,687,8687,-1.24113,0.803032
rc_a33_point_primary_hn1,3,688,8688,-0.452243,0.646372
rc_a33_point_primary_hn1,3,689,8689,-0.442276,0.618217
rc_a33_point_primary_hn1,3,690,8690,-0.497904,0.753076
rc_a33_point_primary_hn1,3,691,8691,-0.459004,0.813328
rc_a33_point_primary_hn1,3,692,8692,-1.35766,1.2653
rc_a33_point_primary_hn1,3,693,8693,-1.22372,1.29045
rc_a33_point_primary_hn1,3,694,8694,-0.805933,0.471955
rc_a33_point_primary_hn1,3,695,8695,-0.683299,0.371572
rc_a33_point_primary_hn1,3,696,8696,-0.685691,0.343678
rc_a33_point_primary_hn1,3,697,8697,-0.481993,0.443319
rc_a33_point_primary_hn1,3,698,8698,-0.30056,0.491355
rc_a33_point_primary_hn1,3,699,8699,-0.451521,0.357232
rc_a33_point_primary_hn1,3,700,8700,-0.649212,0.319552
rc_a33_point_primary_hn1,3,701,8701,-0.675588,0.523335
rc_a33_point_primary_hn1,3,702,8702,-0.896294,0.540826
rc_a33_point_primary_hn1,3,703,8703,-0.885296,0.819204
rc_a33_point_primary_hn1,3,704,8704,-1.32628,0.891164
rc_a33_point_primary_hn1,3,705,8705,-1.27899,0.956217
rc_a33_point_primary_hn1,3,706,8706,-1.32099,0.936994
rc_a33_point_primary_hn1,3,707,8707,-1.32999,0.955333
rc_a33_point_primary_hn1,3,708,8708,-1.07957,0.519672
rc_a33_point_primary_hn1,3,709,8709,-0.594874,0.807367
rc_a33_point_primary_hn1,3,710,8710,-1.02396,0.735273
rc_a33_point_primary_hn1,3,711,8711,-0.265599,0.644346
rc_a33_point_primary_hn1,3,712,8712,-0.776548,0.879405
rc_a33_point_primary_hn1,3,713,8713,-0.751404,0.824072
rc_a33_point_primary_hn1,3,714,8714,-0.723278,0.842837
rc_a33_point_primary_hn1,3,715,8715,-0.889857,0.722858
rc_a33_point_primary_hn1,3,716,8716,-1.02086,0.715762
rc_a33_point_primary_hn1,3,717,8717,-1.01879,0.732272
rc_a33_point_primary_hn1,3,718,8718,-0.929733,0.628197
rc_a33_point_primary_hn1,3,719,8719,-1.11628,0.402605
rc_a33_point_primary_hn1,3,720,8720,-1.10313,0.349345
rc_a33_point_primary_hn1,3,721,8721,-0.994821,0.464201
rc_a33_point_primary_hn1,3,722,8722,-0.683238,0.731282
rc_a33_point_primary_hn1,3,723,8723,-0.806721,0.513752
rc_a33_point_primary_hn1,3,724,8724,-0.727032,0.55091
rc_a33_point_primary_hn1,3,725,8725,-1.2581,0.610993
rc_a33_point_primary_hn1,3,726,8726,-0.950967,0.707453
rc_a33_point_primary_hn1,3,727,8727,-0.77055,0.927475
rc_a33_point_primary_hn1,3,728,8728,-0.763608,0.867585
rc_a33_point_primary_hn1,3,729,8729,-0.747974,0.93762
rc_a33_point_primary_hn1,3,730,8730,-0.783586,0.863507
rc_a33_point_primary_hn1,3,731,8731,-0.93474,0.627048
rc_a33_point_primary_hn1,3,732,8732,-1.06923,0.711286
rc_a33_point_primary_hn1,3,733,8733,-1.0313,0.775978
rc_a33_point_primary_hn1,3,734,8734,-1.06543,0.690278
rc_a33_point_primary_hn1,3,735,8735,-0.753088,0.85741
rc_a33_point_primary_hn1,3,736,8736,-0.944888,1.01621
rc_a33_point_primary_hn1,3,737,8737,-0.819741,0.949626
rc_a33_point_primary_hn1,3,738,8738,-0.911759,1.08917
rc_a33_point_primary_hn1,3,739,8739,-0.962898,0.775679
rc_a33_point_primary_hn1,3,740,8740,-0.867784,0.804577
rc_a33_point_primary_hn1,3,741,8741,-0.704948,0.298238
rc_a33_point_primary_hn1,3,742,8742,-0.925779,0.46641
rc_a33_point_primary_hn1,3,743,8743,-0.874933,0.35807
rc_a33_point_primary_hn1,3,744,8744,-0.876654,0.449397
rc_a33_point_primary_hn1,3,745,8745,-0.710287,0.280543
rc_a33_point_primary_hn1,3,746,8746,-1.14377,0.500556
rc_a33_point_primary_hn1,3,747,8747,-0.598004,0.618871
rc_a33_point_primary_hn1,3,748,8748,-0.499384,0.400715
rc_a33_point_primary_hn1,3,749,8749,-0.674956,0.476632
rc_a33_point_primary_hn1,3,750,8750,-1.17918,0.751814
rc_a33_point_primary_hn1,3,751,8751,-0.966341,0.687079
rc_a33_point_primary_hn1,3,752,8752,-0.96546,0.850351
rc_a33_point_primary_hn1,3,753,8753,-0.66666,0.611699
rc_a33_point_primary_hn1,3,754,8754,-0.70841,0.574894
rc_a33_point_primary_hn1,3,755,8755,-0.642909,0.486375
rc_a33_point_primary_hn1,3,756,8756,-0.54147,0.529103
rc_a33_point_primary_hn1,3,757,8757,-0.69760200000000006,0.514592
rc_a33_point_primary_hn1,3,758,8758,-0.31121,0.497503
rc_a33_point_primary_hn1,3,759,8759,-0.358825,0.544553
rc_a33_point_primary_hn1,3,760,8760,-0.328283,0.589275
rc_a33_point_primary_hn1,3,761,8761,-0.366368,0.496106
rc_a33_point_primary_hn1,3,762,8762,-0.465752,0.677234
rc_a33_point_primary_hn1,3,763,8763,-0.377546,0.580808
rc_a33_point_primary_hn1,3,764,8764,-0.217179,0.857433
rc_a33_point_primary_hn1,3,765,8765,-0.190464,0.715194
rc_a33_point_primary_hn1,3,766,8766,-0.408353,0.580546
rc_a33_point_primary_hn1,3,767,8767,-0.920283,0.781827
rc_a33_point_primary_hn1,3,768,8768,-0.680618,0.316297
rc_a33_point_primary_hn1,3,769,8769,-0.688642,0.312089
rc_a33_point_primary_hn1,3,770,8770,-0.497622,0.486311
rc_a33_point_primary_hn1,3,771,8771,-0.650791,0.799096
rc_a33_point_primary_hn1,3,772,8772,-0.778751,0.659958
rc_a33_point_primary_hn1,3,773,8773,-0.901548,0.992725
rc_a33_point_primary_hn1,3,774,8774,-0.998834,0.828823
rc_a33_point_primary_hn1,3,775,8775,-1.00247,0.909828
rc_a33_point_primary_hn1,3,776,8776,0.0299236,1.20918
rc_a33_point_primary_hn1,3,777,8777,-1.40802,0.96592
rc_a33_point_primary_hn1,3,778,8778,-1.98354,1.77237
rc_a33_point_primary_hn1,3,779,8779,-2.01129,2.04981
rc_a33_point_primary_hn1,3,780,8780,-1.17196,0.890164
rc_a33_point_primary_hn1,3,781,8781,-0.834634,0.783158
rc_a33_point_primary_hn1,3,782,8782,-0.5602,0.764652
rc_a33_point_primary_hn1,3,783,8783,-0.607687,0.75826
rc_a33_point_primary_hn1,3,784,8784,-0.717918,0.492137
rc_a33_point_primary_hn1,3,785,8785,-0.707894,0.580046
rc_a33_point_primary_hn1,3,786,8786,-0.68558,0.462271
rc_a33_point_primary_hn1,3,787,8787,-1.03562,0.609397
rc_a33_point_primary_hn1,3,788,8788,-1.01183,0.581612
rc_a33_point_primary_hn1,3,789,8789,-0.91739,0.571239
rc_a33_point_primary_hn1,3,790,8790,-0.888088,0.67493
rc_a33_point_primary_hn1,3,791,8791,-0.806553,0.564997
rc_a33_point_primary_hn1,3,792,8792,-0.850957,0.589346
rc_a33_point_primary_hn1,3,793,8793,-0.70552,0.580368
rc_a33_point_primary_hn1,3,794,8794,-0.843971,0.593632
rc_a33_point_primary_hn1,3,795,8795,-0.771522,0.62248
rc_a33_point_primary_hn1,3,796,8796,-1.04319,0.613922
rc_a33_point_primary_hn1,3,797,8797,-0.987087,0.484295
rc_a33_point_primary_hn1,3,798,8798,-1.0301,0.841088
rc_a33_point_primary_hn1,3,799,8799,-0.885008,0.326335
rc_a33_point_primary_hn1,3,800,8800,-1.0644,0.3639
rc_a33_point_primary_hn1,3,801,8801,-0.960336,0.447078
rc_a33_point_primary_hn1,3,802,8802,-1.10733,0.370554
rc_a33_point_primary_hn1,3,803,8803,-0.952358,0.478957
rc_a33_point_primary_hn1,3,804,8804,-1.12079,0.442559
rc_a33_point_primary_hn1,3,805,8805,-1.11949,0.525924
rc_a33_point_primary_hn1,3,806,8806,-0.925541,0.381287
rc_a33_point_primary_hn1,3,807,8807,-0.793422,0.507163
rc_a33_point_primary_hn1,3,808,8808,-0.884578,0.511524
rc_a33_point_primary_hn1,3,809,8809,-1.00411,0.637907
rc_a33_point_primary_hn1,3,810,8810,-0.625043,0.454862
rc_a33_point_primary_hn1,3,811,8811,-0.46365,0.753694
rc_a33_point_primary_hn1,3,812,8812,-0.228477,0.94816
rc_a33_point_primary_hn1,3,813,8813,-0.470043,0.593318
rc_a33_point_primary_hn1,3,814,8814,-0.715754,0.316668
rc_a33_point_primary_hn1,3,815,8815,-0.639142,0.297506
rc_a33_point_primary_hn1,3,816,8816,-1.03617,0.495895
rc_a33_point_primary_hn1,3,817,8817,-0.818593,0.503439
rc_a33_point_primary_hn1,3,818,8818,-0.892709,0.366064
rc_a33_point_primary_hn1,3,819,8819,-1.08261,0.494633
rc_a33_point_primary_hn1,3,820,8820,-0.893406,0.456881
rc_a33_point_primary_hn1,3,821,8821,-0.868177,0.453948
rc_a33_point_primary_hn1,3,822,8822,-0.538018,0.940605
rc_a33_point_primary_hn1,3,823,8823,-0.489467,0.512768
rc_a33_point_primary_hn1,3,824,8824,-0.55324,0.651339
rc_a33_point_primary_hn1,3,825,8825,-0.73496,0.527564
rc_a33_point_primary_hn1,3,826,8826,-0.589677,0.517331
rc_a33_point_primary_hn1,3,827,8827,-0.512229,0.719559
rc_a33_point_primary_hn1,3,828,8828,-0.465615,0.532821
rc_a33_point_primary_hn1,3,829,8829,-0.332168,0.873649
rc_a33_point_primary_hn1,3,830,8830,-0.570453,0.38009
rc_a33_point_primary_hn1,3,831,8831,-0.871859,0.424625
rc_a33_point_primary_hn1,3,832,8832,-0.425272,0.593869
rc_a33_point_primary_hn1,3,833,8833,-0.501359,0.462652
rc_a33_point_primary_hn1,3,834,8834,-0.393346,0.362102
rc_a33_point_primary_hn1,3,835,8835,-0.461712,0.657613
rc_a33_point_primary_hn1,3,836,8836,-1.30305,0.514747
rc_a33_point_primary_hn1,3,837,8837,-1.96652,0.926009
rc_a33_point_primary_hn1,3,838,8838,-2.09252,0.97454
rc_a33_point_primary_hn1,3,839,8839,-1.95285,0.941354
rc_a33_point_primary_hn1,3,840,8840,-2.00918,0.938414
rc_a33_point_primary_hn1,3,841,8841,-2.01123,0.905664
rc_a33_point_primary_hn1,3,842,8842,-2.05189,0.88359
rc_a33_point_primary_hn1,3,843,8843,-1.85328,0.965143
rc_a33_point_primary_hn1,3,844,8844,-1.15123,0.422595
rc_a33_point_primary_hn1,3,845,8845,-0.961951,0.386708
rc_a33_point_primary_hn1,3,846,8846,-0.989968,0.273681
rc_a33_point_primary_hn1,3,847,8847,-0.919186,0.288845
rc_a33_point_primary_hn1,3,848,8848,-0.57944,0.75134
rc_a33_point_primary_hn1,3,849,8849,-0.607685,0.739215
rc_a33_point_primary_hn1,3,850,8850,-0.672391,0.598298
rc_a33_point_primary_hn1,3,851,8851,-0.613918,0.460663
rc_a33_point_primary_hn1,3,852,8852,-1.12907,0.493813
rc_a33_point_primary_hn1,3,853,8853,-0.843525,1.01797
rc_a33_point_primary_hn1,3,854,8854,-0.416892,0.577401
rc_a33_point_primary_hn1,3,855,8855,-0.51675,0.533139
rc_a33_point_primary_hn1,3,856,8856,-0.626567,0.5846
rc_a33_point_primary_hn1,3,857,8857,-0.602125,0.765815
rc_a33_point_primary_hn1,3,858,8858,-0.625145,0.401248
rc_a33_point_primary_hn1,3,859,8859,-0.731824,0.623311
rc_a33_point_primary_hn1,3,860,8860,-0.716956,0.582624
rc_a33_point_primary_hn1,3,861,8861,-0.634656,0.485636
rc_a33_point_primary_hn1,3,862,8862,-0.742659,0.487416
rc_a33_point_primary_hn1,3,863,8863,-0.450002,0.454812
rc_a33_point_primary_hn1,3,864,8864,-0.295531,0.339818
rc_a33_point_primary_hn1,3,865,8865,-0.442338,0.496896
rc_a33_point_primary_hn1,3,866,8866,-0.644439,0.411349
rc_a33_point_primary_hn1,3,867,8867,-0.711271,0.424857
rc_a33_point_primary_hn1,3,868,8868,-0.624503,0.296709
rc_a33_point_primary_hn1,3,869,8869,-0.534251,0.393163
rc_a33_point_primary_hn1,3,870,8870,-0.614965,0.366783
rc_a33_point_primary_hn1,3,871,8871,-0.565246,0.390799
rc_a33_point_primary_hn1,3,872,8872,-1.08499,0.450123
rc_a33_point_primary_hn1,3,873,8873,-0.869847,0.48238
rc_a33_point_primary_hn1,3,874,8874,-0.748229,0.663856
rc_a33_point_primary_hn1,3,875,8875,-0.822893,0.599504
rc_a33_point_primary_hn1,3,876,8876,-1.0629,0.695415
rc_a33_point_primary_hn1,3,877,8877,-0.66473,0.442927
rc_a33_point_primary_hn1,3,878,8878,-0.803721,0.437888
rc_a33_point_primary_hn1,3,879,8879,-0.477343,0.537761
rc_a33_point_primary_hn1,3,880,8880,-0.59205700000000006,0.597486
rc_a33_point_primary_hn1,3,881,8881,-0.544133,0.488403
rc_a33_point_primary_hn1,3,882,8882,-0.606171,0.435086
rc_a33_point_primary_hn1,3,883,8883,-0.644135,0.487084
rc_a33_point_primary_hn1,3,884,8884,-1.16497,0.641018
rc_a33_point_primary_hn1,3,885,8885,-0.881486,0.554648
rc_a33_point_primary_hn1,3,886,8886,-0.809865,0.453383
rc_a33_point_primary_hn1,3,887,8887,-0.724702,0.778227
rc_a33_point_primary_hn1,3,888,8888,-0.216046,0.898394
rc_a33_point_primary_hn1,3,889,8889,-0.204523,0.897011
rc_a33_point_primary_hn1,3,890,8890,-0.868968,1.03308
rc_a33_point_primary_hn1,3,891,8891,-0.725709,1.18893
rc_a33_point_primary_hn1,3,892,8892,-0.778937,1.44294
rc_a33_point_primary_hn1,3,893,8893,-0.939002,0.665093
rc_a33_point_primary_hn1,3,894,8894,-0.757887,0.451961
rc_a33_point_primary_hn1,3,895,8895,-0.9941,0.546246
rc_a33_point_primary_hn1,3,896,8896,-0.987407,0.597269
rc_a33_point_primary_hn1,3,897,8897,-1.09658,0.614384
rc_a33_point_primary_hn1,3,898,8898,-0.823637,0.604873
rc_a33_point_primary_hn1,3,899,8899,-0.785069,0.43887
rc_a33_point_primary_hn1,3,900,8900,-0.685882,0.61065
rc_a33_point_primary_hn1,3,901,8901,-1.22925,0.569602
rc_a33_point_primary_hn1,3,902,8902,-0.871059,0.435591
rc_a33_point_primary_hn1,3,903,8903,-1.01128,0.584123
rc_a33_point_primary_hn1,3,904,8904,-0.982989,0.389521
rc_a33_point_primary_hn1,3,905,8905,-0.837623,0.605261
rc_a33_point_primary_hn1,3,906,8906,-0.859876,0.58003
rc_a33_point_primary_hn1,3,907,8907,-0.89202,0.579755
rc_a33_point_primary_hn1,3,908,8908,-0.999162,0.423473
rc_a33_point_primary_hn1,3,909,8909,-0.869424,0.37471
rc_a33_point_primary_hn1,3,910,8910,-0.842456,0.675526
rc_a33_point_primary_hn1,3,911,8911,-0.760886,0.642197
rc_a33_point_primary_hn1,3,912,8912,-1.07267,1.16062
rc_a33_point_primary_hn1,3,913,8913,-0.588967,0.617188
rc_a33_point_primary_hn1,3,914,8914,-0.762698,0.638825
rc_a33_point_primary_hn1,3,915,8915,-0.68218,0.507844
rc_a33_point_primary_hn1,3,916,8916,-0.844225,0.447482
rc_a33_point_primary_hn1,3,917,8917,-0.728515,0.571161
rc_a33_point_primary_hn1,3,918,8918,-1.02301,0.426393
rc_a33_point_primary_hn1,3,919,8919,-0.967702,0.890869
rc_a33_point_primary_hn1,3,920,8920,-0.941626,0.739864
rc_a33_point_primary_hn1,3,921,8921,-0.683855,0.637387
rc_a33_point_primary_hn1,3,922,8922,-0.817737,0.699003
rc_a33_point_primary_hn1,3,923,8923,-0.716437,0.283607
rc_a33_point_primary_hn1,3,924,8924,-0.837811,0.348902
rc_a33_point_primary_hn1,3,925,8925,-0.731855,0.247027
rc_a33_point_primary_hn1,3,926,8926,-0.463417,0.531939
rc_a33_point_primary_hn1,3,927,8927,-0.431651,0.474759
rc_a33_point_primary_hn1,3,928,8928,-0.615207,0.41623
rc_a33_point_primary_hn1,3,929,8929,-0.469206,0.422317
rc_a33_point_primary_hn1,3,930,8930,-0.00311474,0.78624
rc_a33_point_primary_hn1,3,931,8931,-0.670542,0.405038
rc_a33_point_primary_hn1,3,932,8932,-0.712243,0.467467
rc_a33_point_primary_hn1,3,933,8933,-0.838888,0.505859
rc_a33_point_primary_hn1,3,934,8934,-0.751602,0.483289
rc_a33_point_primary_hn1,3,935,8935,-0.552765,0.353029
rc_a33_point_primary_hn1,3,936,8936,-0.703587,0.333715
rc_a33_point_primary_hn1,3,937,8937,-0.552533,0.356636
rc_a33_point_primary_hn1,3,938,8938,-0.727723,0.385214
rc_a33_point_primary_hn1,3,939,8939,-0.763725,0.589136
rc_a33_point_primary_hn1,3,940,8940,-1.01067,0.438976
rc_a33_point_primary_hn1,3,941,8941,-1.05874,0.45829
rc_a33_point_primary_hn1,3,942,8942,-0.795087,0.590557
rc_a33_point_primary_hn1,3,943,8943,-0.20055,0.667172
rc_a33_point_primary_hn1,3,944,8944,-0.0783406,0.748252
rc_a33_point_primary_hn1,3,945,8945,-0.100846,0.721301
rc_a33_point_primary_hn1,3,946,8946,-0.133052,0.677529
rc_a33_point_primary_hn1,3,947,8947,-0.245866,0.645467
rc_a33_point_primary_hn1,3,948,8948,-0.0607144,0.787069
rc_a33_point_primary_hn1,3,949,8949,-0.635023,0.388742
rc_a33_point_primary_hn1,3,950,8950,-0.551458,0.511904
rc_a33_point_primary_hn1,3,951,8951,-0.786112,0.553617
rc_a33_point_primary_hn1,3,952,8952,-0.823208,0.410776
rc_a33_point_primary_hn1,3,953,8953,-0.917227,0.376161
rc_a33_point_primary_hn1,3,954,8954,-0.986372,0.449069
rc_a33_point_primary_hn1,3,955,8955,-0.796393,0.468672
rc_a33_point_primary_hn1,3,956,8956,-1.18454,0.76892
rc_a33_point_primary_hn1,3,957,8957,-0.958699,0.58713
rc_a33_point_primary_hn1,3,958,8958,-0.998653,0.860378
rc_a33_point_primary_hn1,3,959,8959,-0.9348,0.755727
rc_a33_point_primary_hn1,3,960,8960,-1.01104,0.59142
rc_a33_point_primary_hn1,3,961,8961,-0.963199,0.731854
rc_a33_point_primary_hn1,3,962,8962,-1.04234,0.553121
rc_a33_point_primary_hn1,3,963,8963,-1.00756,0.63068
rc_a33_point_primary_hn1,3,964,8964,-0.8645,0.695683
rc_a33_point_primary_hn1,3,965,8965,-0.876261,0.653705
rc_a33_point_primary_hn1,3,966,8966,-0.784023,0.727851
rc_a33_point_primary_hn1,3,967,8967,-0.87699800000000006,0.84578
rc_a33_point_primary_hn1,3,968,8968,-0.944149,0.877389
rc_a33_point_primary_hn1,3,969,8969,-0.820641,0.63523
rc_a33_point_primary_hn1,3,970,8970,-0.989387,0.80077
rc_a33_point_primary_hn1,3,971,8971,-1.07355,0.996166
rc_a33_point_primary_hn1,3,972,8972,-0.899735,0.997141
rc_a33_point_primary_hn1,3,973,8973,-0.592509,0.559353
rc_a33_point_primary_hn1,3,974,8974,-0.835023,0.915824
rc_a33_point_primary_hn1,3,975,8975,-0.760556,0.747177
rc_a33_point_primary_hn1,3,976,8976,-0.737556,0.790959
rc_a33_point_primary_hn1,3,977,8977,-0.596557,0.57361
rc_a33_point_primary_hn1,3,978,8978,-0.677004,0.515395
rc_a33_point_primary_hn1,3,979,8979,-0.580021,0.604217
rc_a33_point_primary_hn1,3,980,8980,-1.02326,0.584491
rc_a33_point_primary_hn1,3,981,8981,-1.01687,0.545921
rc_a33_point_primary_hn1,3,982,8982,-1.10433,0.468451
rc_a33_point_primary_hn1,3,983,8983,-0.813861,0.389831
rc_a33_point_primary_hn1,3,984,8984,-0.557837,0.468271
rc_a33_point_primary_hn1,3,985,8985,-1.06096,0.465723
rc_a33_point_primary_hn1,3,986,8986,-0.763906,0.468001
rc_a33_point_primary_hn1,3,987,8987,-0.962407,0.348753
rc_a33_point_primary_hn1,3,988,8988,-0.940098,0.384479
rc_a33_point_primary_hn1,3,989,8989,-0.498442,0.38448
rc_a33_point_primary_hn1,3,990,8990,-1.35687,0.748935
rc_a33_point_primary_hn1,3,991,8991,-1.13288,0.459283
rc_a33_point_primary_hn1,3,992,8992,-1.1371,0.54594
rc_a33_point_primary_hn1,3,993,8993,-1.16574,0.512472
rc_a33_point_primary_hn1,3,994,8994,-1.23449,0.729562
rc_a33_point_primary_hn1,3,995,8995,-1.18818,0.66533
rc_a33_point_primary_hn1,3,996,8996,-1.13009,0.671349
rc_a33_point_primary_hn1,3,997,8997,-0.957072,0.613057
rc_a33_point_primary_hn1,3,998,8998,-0.878981,0.310204
rc_a33_point_primary_hn1,3,999,8999,-0.840006,0.368274
rc_a33_point_primary_hn1,3,1000,9000,-0.614574,0.583102
rc_a33_point_primary_hn1,3,1001,9001,-0.470823,0.598941
rc_a33_point_primary_hn1,3,1002,9002,-1.00915,0.300864
rc_a33_point_primary_hn1,3,1003,9003,-0.608209,0.586824
rc_a33_point_primary_hn1,3,1004,9004,-1.21813,0.859782
rc_a33_point_primary_hn1,3,1005,9005,-0.583545,0.349399
rc_a33_point_primary_hn1,3,1006,9006,-0.566266,0.334326
rc_a33_point_primary_hn1,3,1007,9007,-0.622375,0.369798
rc_a33_point_primary_hn1,3,1008,9008,-0.814254,0.519574
rc_a33_point_primary_hn1,3,1009,9009,-0.814903,0.56532
rc_a33_point_primary_hn1,3,1010,9010,-0.793111,0.509748
rc_a33_point_primary_hn1,3,1011,9011,-0.907751,0.733887
rc_a33_point_primary_hn1,3,1012,9012,-0.606411,0.53754
rc_a33_point_primary_hn1,3,1013,9013,-0.495426,0.513116
rc_a33_point_primary_hn1,3,1014,9014,-0.480896,0.557797
rc_a33_point_primary_hn1,3,1015,9015,-0.6013,0.563096
rc_a33_point_primary_hn1,3,1016,9016,-0.637401,0.302358
rc_a33_point_primary_hn1,3,1017,9017,-0.596433,0.446544
rc_a33_point_primary_hn1,3,1018,9018,-0.648729,0.375747
rc_a33_point_primary_hn1,3,1019,9019,-0.538289,0.738835
rc_a33_point_primary_hn1,3,1020,9020,-0.645697,0.509322
rc_a33_point_primary_hn1,3,1021,9021,-0.693624,0.424249
rc_a33_point_primary_hn1,3,1022,9022,-0.616875,0.479739
rc_a33_point_primary_hn1,3,1023,9023,-0.629545,0.644701
rc_a33_point_primary_hn1,3,1024,9024,-0.776749,0.55172
rc_a33_point_primary_hn1,3,1025,9025,-1.64542,2.00363
rc_a33_point_primary_hn1,3,1026,9026,-1.38129,1.94529
rc_a33_point_primary_hn1,3,1027,9027,-1.4889,2.05117
rc_a33_point_primary_hn1,3,1028,9028,-1.73748,1.06366
rc_a33_point_primary_hn1,3,1029,9029,-1.53341,0.818647
rc_a33_point_primary_hn1,3,1030,9030,-1.55183,0.74799
rc_a33_point_primary_hn1,3,1031,9031,-0.642894,0.436609
rc_a33_point_primary_hn1,3,1032,9032,-1.03258,0.588766
rc_a33_point_primary_hn1,3,1033,9033,-1.10678,1.09675
rc_a33_point_primary_hn1,3,1034,9034,-1.16013,0.630586
rc_a33_point_primary_hn1,3,1035,9035,-1.04193,0.77758
rc_a33_point_primary_hn1,3,1036,9036,-0.723631,0.574364
rc_a33_point_primary_hn1,3,1037,9037,-0.837987,0.612968
rc_a33_point_primary_hn1,3,1038,9038,-0.786799,0.517233
rc_a33_point_primary_hn1,3,1039,9039,-0.631988,0.21649
rc_a33_point_primary_hn1,3,1040,9040,-1.16973,0.483474
rc_a33_point_primary_hn1,3,1041,9041,-0.872074,0.428084
rc_a33_point_primary_hn1,3,1042,9042,-0.884341,0.328634
rc_a33_point_primary_hn1,3,1043,9043,-0.934735,0.357102
rc_a33_point_primary_hn1,3,1044,9044,-0.961962,0.428119
rc_a33_point_primary_hn1,3,1045,9045,-0.884944,0.43963
rc_a33_point_primary_hn1,3,1046,9046,-0.48901,0.949716
rc_a33_point_primary_hn1,3,1047,9047,-0.542112,0.837686
rc_a33_point_primary_hn1,3,1048,9048,-0.586941,0.816569
rc_a33_point_primary_hn1,3,1049,9049,-0.954746,0.474358
rc_a33_point_primary_hn1,3,1050,9050,-0.884916,0.582343
rc_a33_point_primary_hn1,3,1051,9051,-1.00191,0.722437
rc_a33_point_primary_hn1,3,1052,9052,-0.787921,0.523684
rc_a33_point_primary_hn1,3,1053,9053,-0.810983,0.529134
rc_a33_point_primary_hn1,3,1054,9054,-0.76919,0.500128
rc_a33_point_primary_hn1,3,1055,9055,-0.883555,0.814928
rc_a33_point_primary_hn1,3,1056,9056,-0.832282,0.892096
rc_a33_point_primary_hn1,3,1057,9057,-0.995412,1.20228
rc_a33_point_primary_hn1,3,1058,9058,-0.808695,0.868441
rc_a33_point_primary_hn1,3,1059,9059,-1.09551,0.666153
rc_a33_point_primary_hn1,3,1060,9060,-1.00277,0.702589
rc_a33_point_primary_hn1,3,1061,9061,-1.04188,0.665151
rc_a33_point_primary_hn1,3,1062,9062,-0.522238,0.741258
rc_a33_point_primary_hn1,3,1063,9063,-0.697809,0.627884
rc_a33_point_primary_hn1,3,1064,9064,-0.686904,0.559347
rc_a33_point_primary_hn1,3,1065,9065,-0.713984,0.799347
rc_a33_point_primary_hn1,3,1066,9066,-0.787019,0.751622
rc_a33_point_primary_hn1,3,1067,9067,-0.7732,0.708999
rc_a33_point_primary_hn1,3,1068,9068,-0.554129,0.484786
rc_a33_point_primary_hn1,3,1069,9069,-0.598738,0.622306
rc_a33_point_primary_hn1,3,1070,9070,-0.782788,0.730001
rc_a33_point_primary_hn1,3,1071,9071,-0.911569,0.407127
rc_a33_point_primary_hn1,3,1072,9072,-1.04186,0.446044
rc_a33_point_primary_hn1,3,1073,9073,-0.874535,0.676449
rc_a33_point_primary_hn1,3,1074,9074,-0.779849,0.763143
rc_a33_point_primary_hn1,3,1075,9075,-0.947677,0.773945
rc_a33_point_primary_hn1,3,1076,9076,-0.786114,0.740814
rc_a33_point_primary_hn1,3,1077,9077,-0.853577,0.675588
rc_a33_point_primary_hn1,3,1078,9078,-0.953389,0.490685
rc_a33_point_primary_hn1,3,1079,9079,-0.93822,0.491182
rc_a33_point_primary_hn1,3,1080,9080,-0.972152,0.568235
rc_a33_point_primary_hn1,3,1081,9081,-0.901801,0.635793
rc_a33_point_primary_hn1,3,1082,9082,-0.98991,0.743227
rc_a33_point_primary_hn1,3,1083,9083,-1.11822,0.77209
rc_a33_point_primary_hn1,3,1084,9084,-0.970563,0.691886
rc_a33_point_primary_hn1,3,1085,9085,-1.11291,1.10783
rc_a33_point_primary_hn1,3,1086,9086,-0.926547,0.985354
rc_a33_point_primary_hn1,3,1087,9087,-1.02956,0.930473
rc_a33_point_primary_hn1,3,1088,9088,-0.962695,0.90577
rc_a33_point_primary_hn1,3,1089,9089,-0.983472,0.92128
rc_a33_point_primary_hn1,3,1090,9090,-1.13897,0.847564
rc_a33_point_primary_hn1,3,1091,9091,-1.52973,0.62898
rc_a33_point_primary_hn1,3,1092,9092,-1.54688,0.616947
rc_a33_point_primary_hn1,3,1093,9093,-0.650254,0.458268
rc_a33_point_primary_hn1,3,1094,9094,-0.640794,0.486541
rc_a33_point_primary_hn1,3,1095,9095,-0.660745,0.556308
rc_a33_point_primary_hn1,3,1096,9096,-0.709737,0.417917
rc_a33_point_primary_hn1,3,1097,9097,-0.756817,0.469348
rc_a33_point_primary_hn1,3,1098,9098,-0.755812,0.615764
rc_a33_point_primary_hn1,3,1099,9099,-0.868891,0.594346
rc_a33_point_primary_hn1,3,1100,9100,-0.747307,0.541948
rc_a33_point_primary_hn1,3,1101,9101,-0.332389,0.656294
rc_a33_point_primary_hn1,3,1102,9102,-0.502727,0.668018
rc_a33_point_primary_hn1,3,1103,9103,-0.419913,0.665466
rc_a33_point_primary_hn1,3,1104,9104,-0.480217,0.820138
rc_a33_point_primary_hn1,3,1105,9105,-0.344289,0.607629
rc_a33_point_primary_hn1,3,1106,9106,-0.595539,0.620104
rc_a33_point_primary_hn1,3,1107,9107,-0.386754,0.774522
rc_a33_point_primary_hn1,3,1108,9108,-0.652876,0.630397
rc_a33_point_primary_hn1,3,1109,9109,-0.474543,0.664101
rc_a33_point_primary_hn1,3,1110,9110,-0.76461,0.548018
rc_a33_point_primary_hn1,3,1111,9111,-0.772448,0.638382
rc_a33_point_primary_hn1,3,1112,9112,-0.594984,0.614609
rc_a33_point_primary_hn1,3,1113,9113,-0.500414,0.556462
rc_a33_point_primary_hn1,3,1114,9114,-0.795859,0.449317
rc_a33_point_primary_hn1,3,1115,9115,-0.715252,0.426455
rc_a33_point_primary_hn1,3,1116,9116,-0.662076,0.403539
rc_a33_point_primary_hn1,3,1117,9117,-0.691803,0.436636
rc_a33_point_primary_hn1,3,1118,9118,-0.675051,0.570739
rc_a33_point_primary_hn1,3,1119,9119,-1.00565,0.439717
rc_a33_point_primary_hn1,3,1120,9120,-0.95212,0.280459
rc_a33_point_primary_hn1,3,1121,9121,-0.736672,0.307289
rc_a33_point_primary_hn1,3,1122,9122,-0.74127,0.456205
rc_a33_point_primary_hn1,3,1123,9123,-0.836323,0.417288
rc_a33_point_primary_hn1,3,1124,9124,-0.661077,0.523834
rc_a33_point_primary_hn1,3,1125,9125,-0.75511,0.600591
rc_a33_point_primary_hn1,3,1126,9126,-0.645573,0.476911
rc_a33_point_primary_hn1,3,1127,9127,-1.24628,0.683576
rc_a33_point_primary_hn1,3,1128,9128,-1.05735,0.554677
rc_a33_point_primary_hn1,3,1129,9129,-1.03031,0.630214
rc_a33_point_primary_hn1,3,1130,9130,-1.04242,0.595547
rc_a33_point_primary_hn1,3,1131,9131,-0.959208,0.657837
rc_a33_point_primary_hn1,3,1132,9132,-0.751024,0.412685
rc_a33_point_primary_hn1,3,1133,9133,-0.665516,0.673155
rc_a33_point_primary_hn1,3,1134,9134,-0.808005,0.583066
rc_a33_point_primary_hn1,3,1135,9135,-0.422211,0.849864
rc_a33_point_primary_hn1,3,1136,9136,-0.750184,0.386702
rc_a33_point_primary_hn1,3,1137,9137,-0.899286,0.367572
rc_a33_point_primary_hn1,3,1138,9138,-0.657625,0.466824
rc_a33_point_primary_hn1,3,1139,9139,-0.554651,0.658812
rc_a33_point_primary_hn1,3,1140,9140,-0.368872,0.857779
rc_a33_point_primary_hn1,3,1141,9141,-0.671607,0.379125
rc_a33_point_primary_hn1,3,1142,9142,-0.842585,0.391847
rc_a33_point_primary_hn1,3,1143,9143,-0.821919,0.70908
rc_a33_point_primary_hn1,3,1144,9144,-0.96679,0.436866
rc_a33_point_primary_hn1,3,1145,9145,-0.765502,0.51557
rc_a33_point_primary_hn1,3,1146,9146,-0.653996,0.623793
rc_a33_point_primary_hn1,3,1147,9147,-1.18986,0.455457
rc_a33_point_primary_hn1,3,1148,9148,-1.19797,0.447063
rc_a33_point_primary_hn1,3,1149,9149,-1.13062,0.363109
rc_a33_point_primary_hn1,3,1150,9150,-0.884283,0.708619
rc_a33_point_primary_hn1,3,1151,9151,-0.954353,0.625144
rc_a33_point_primary_hn1,3,1152,9152,-0.727579,0.576491
rc_a33_point_primary_hn1,3,1153,9153,-0.768165,0.555745
rc_a33_point_primary_hn1,3,1154,9154,-0.777546,0.446678
rc_a33_point_primary_hn1,3,1155,9155,-0.48456,0.541429
rc_a33_point_primary_hn1,3,1156,9156,-0.728423,0.372981
rc_a33_point_primary_hn1,3,1157,9157,-0.845667,0.376629
rc_a33_point_primary_hn1,3,1158,9158,-0.583544,0.478762
rc_a33_point_primary_hn1,3,1159,9159,-0.841881,0.43335
rc_a33_point_primary_hn1,3,1160,9160,-0.237329,0.806818
rc_a33_point_primary_hn1,3,1161,9161,-0.249091,0.769647
rc_a33_point_primary_hn1,3,1162,9162,-0.632755,0.372363
rc_a33_point_primary_hn1,3,1163,9163,-0.453185,0.479238
rc_a33_point_primary_hn1,3,1164,9164,-0.465305,0.657601
rc_a33_point_primary_hn1,3,1165,9165,-0.585114,0.361059
rc_a33_point_primary_hn1,3,1166,9166,-0.553648,0.498346
rc_a33_point_primary_hn1,3,1167,9167,-0.530296,0.707915
rc_a33_point_primary_hn1,3,1168,9168,-0.719715,0.727004
rc_a33_point_primary_hn1,3,1169,9169,-0.846594,0.747441
rc_a33_point_primary_hn1,3,1170,9170,-0.451348,0.976221
rc_a33_point_primary_hn1,3,1171,9171,-0.43354,0.682376
rc_a33_point_primary_hn1,3,1172,9172,-0.607538,0.489227
rc_a33_point_primary_hn1,3,1173,9173,-0.333468,0.736398
rc_a33_point_primary_hn1,3,1174,9174,-0.384848,1.13598
rc_a33_point_primary_hn1,3,1175,9175,-0.48532,0.870007
rc_a33_point_primary_hn1,3,1176,9176,-0.470419,0.947371
rc_a33_point_primary_hn1,3,1177,9177,-0.515338,0.813548
rc_a33_point_primary_hn1,3,1178,9178,-0.511884,0.778294
rc_a33_point_primary_hn1,3,1179,9179,-0.634223,0.855068
rc_a33_point_primary_hn1,3,1180,9180,-0.648621,0.486827
rc_a33_point_primary_hn1,3,1181,9181,-0.644281,0.479963
rc_a33_point_primary_hn1,3,1182,9182,-0.619868,0.638063
rc_a33_point_primary_hn1,3,1183,9183,-0.739858,0.529408
rc_a33_point_primary_hn1,3,1184,9184,-0.841202,0.60929
rc_a33_point_primary_hn1,3,1185,9185,-0.963497,0.505217
rc_a33_point_primary_hn1,3,1186,9186,-1.07863,0.509968
rc_a33_point_primary_hn1,3,1187,9187,-0.618556,0.730185
rc_a33_point_primary_hn1,3,1188,9188,-0.850142,0.778581
rc_a33_point_primary_hn1,3,1189,9189,-0.519271,0.641394
rc_a33_point_primary_hn1,3,1190,9190,-0.442377,0.598602
rc_a33_point_primary_hn1,3,1191,9191,-0.223964,0.608887
rc_a33_point_primary_hn1,3,1192,9192,-1.39199,0.738443
rc_a33_point_primary_hn1,3,1193,9193,-1.21814,0.601572
rc_a33_point_primary_hn1,3,1194,9194,-1.41304,1.06781
rc_a33_point_primary_hn1,3,1195,9195,-1.27291,1.17026
rc_a33_point_primary_hn1,3,1196,9196,-1.29063,1.15677
rc_a33_point_primary_hn1,3,1197,9197,-0.808224,0.465263
rc_a33_point_primary_hn1,3,1198,9198,-0.781029,0.503263
rc_a33_point_primary_hn1,3,1199,9199,-0.795653,0.481421
rc_a33_point_primary_hn1,3,1200,9200,-0.770956,0.446424
rc_a33_point_primary_hn1,3,1201,9201,-0.597969,0.488627
rc_a33_point_primary_hn1,3,1202,9202,-0.570808,0.573395
rc_a33_point_primary_hn1,3,1203,9203,-0.815633,0.222518
rc_a33_point_primary_hn1,3,1204,9204,-0.514865,0.538634
rc_a33_point_primary_hn1,3,1205,9205,-0.353248,0.611025
rc_a33_point_primary_hn1,3,1206,9206,-0.487933,0.471345
rc_a33_point_primary_hn1,3,1207,9207,-0.396087,0.520413
rc_a33_point_primary_hn1,3,1208,9208,-0.377984,0.577727
rc_a33_point_primary_hn1,3,1209,9209,-0.574167,0.345046
rc_a33_point_primary_hn1,3,1210,9210,-0.48223,0.394381
rc_a33_point_primary_hn1,3,1211,9211,-0.703134,0.295411
rc_a33_point_primary_hn1,3,1212,9212,-0.970042,0.717372
rc_a33_point_primary_hn1,3,1213,9213,-1.14361,0.788787
rc_a33_point_primary_hn1,3,1214,9214,-1.20754,1.02273
rc_a33_point_primary_hn1,3,1215,9215,-0.996451,0.80262
rc_a33_point_primary_hn1,3,1216,9216,-0.68165,0.626057
rc_a33_point_primary_hn1,3,1217,9217,-0.504625,1.83584
rc_a33_point_primary_hn1,3,1218,9218,-1.03506,0.7062
rc_a33_point_primary_hn1,3,1219,9219,-1.13399,0.82917
rc_a33_point_primary_hn1,3,1220,9220,-0.749586,0.538786
rc_a33_point_primary_hn1,3,1221,9221,-0.815959,0.591236
rc_a33_point_primary_hn1,3,1222,9222,-0.591641,0.616757
rc_a33_point_primary_hn1,3,1223,9223,-0.693736,0.900752
rc_a33_point_primary_hn1,3,1224,9224,-0.338561,0.71593
rc_a33_point_primary_hn1,3,1225,9225,-0.685687,0.745326
rc_a33_point_primary_hn1,3,1226,9226,-0.718446,0.989008
rc_a33_point_primary_hn1,3,1227,9227,-0.638196,0.679949
rc_a33_point_primary_hn1,3,1228,9228,-0.696504,0.628124
rc_a33_point_primary_hn1,3,1229,9229,-0.735376,0.781402
rc_a33_point_primary_hn1,3,1230,9230,-0.863738,0.730345
rc_a33_point_primary_hn1,3,1231,9231,-0.618187,0.945549
rc_a33_point_primary_hn1,3,1232,9232,-0.613962,0.884149
rc_a33_point_primary_hn1,3,1233,9233,-0.650556,0.885857
rc_a33_point_primary_hn1,3,1234,9234,-0.40878,0.490875
rc_a33_point_primary_hn1,3,1235,9235,-0.82564,0.559972
rc_a33_point_primary_hn1,3,1236,9236,-0.898783,0.582937
rc_a33_point_primary_hn1,3,1237,9237,-1.17205,1.03494
rc_a33_point_primary_hn1,3,1238,9238,-0.728513,0.55306
rc_a33_point_primary_hn1,3,1239,9239,-1.08764,0.65811
rc_a33_point_primary_hn1,3,1240,9240,-1.60312,0.761489
rc_a33_point_primary_hn1,3,1241,9241,-1.27266,0.734191
rc_a33_point_primary_hn1,3,1242,9242,-1.66598,1.05038
rc_a33_point_primary_hn1,3,1243,9243,-1.52303,0.770058
rc_a33_point_primary_hn1,3,1244,9244,-1.33929,0.6477
rc_a33_point_primary_hn1,3,1245,9245,-1.50089,0.665366
rc_a33_point_primary_hn1,3,1246,9246,-1.27849,1.47169
rc_a33_point_primary_hn1,3,1247,9247,-1.02398,0.644177
rc_a33_point_primary_hn1,3,1248,9248,-0.983828,0.352542
rc_a33_point_primary_hn1,3,1249,9249,-0.893152,0.306012
rc_a33_point_primary_hn1,3,1250,9250,-0.595144,0.846766
rc_a33_point_primary_hn1,3,1251,9251,-0.240362,0.857767
rc_a33_point_primary_hn1,3,1252,9252,-0.894422,0.526202
rc_a33_point_primary_hn1,3,1253,9253,-0.986087,0.464128
rc_a33_point_primary_hn1,3,1254,9254,-1.01549,0.532827
rc_a33_point_primary_hn1,3,1255,9255,-0.798953,0.475323
rc_a33_point_primary_hn1,3,1256,9256,-0.0625414,0.941643
rc_a33_point_primary_hn1,3,1257,9257,-0.130415,0.896299
rc_a33_point_primary_hn1,3,1258,9258,-0.18285,0.692998
rc_a33_point_primary_hn1,3,1259,9259,-0.175989,0.718158
rc_a33_point_primary_hn1,3,1260,9260,-0.352059,0.725114
rc_a33_point_primary_hn1,3,1261,9261,-0.933078,0.502369
rc_a33_point_primary_hn1,3,1262,9262,-1.02893,0.483026
rc_a33_point_primary_hn1,3,1263,9263,-0.917118,0.745144
rc_a33_point_primary_hn1,3,1264,9264,-1.01751,0.938162
rc_a33_point_primary_hn1,3,1265,9265,-0.847416,0.433203
rc_a33_point_primary_hn1,3,1266,9266,-0.736349,0.598175
rc_a33_point_primary_hn1,3,1267,9267,-0.816027,0.461596
rc_a33_point_primary_hn1,3,1268,9268,-0.930551,0.834362
rc_a33_point_primary_hn1,3,1269,9269,-0.414536,0.54587
rc_a33_point_primary_hn1,3,1270,9270,-1.5567,0.955759
rc_a33_point_primary_hn1,3,1271,9271,-0.844886,0.565185
rc_a33_point_primary_hn1,3,1272,9272,-0.813474,1.00421
rc_a33_point_primary_hn1,3,1273,9273,-0.85599,0.947204
rc_a33_point_primary_hn1,3,1274,9274,-0.835556,1.00887
rc_a33_point_primary_hn1,3,1275,9275,-1.07913,1.17923
rc_a33_point_primary_hn1,3,1276,9276,-1.22498,1.75358
rc_a33_point_primary_hn1,3,1277,9277,-0.729994,0.674502
rc_a33_point_primary_hn1,3,1278,9278,-0.378045,0.436592
rc_a33_point_primary_hn1,3,1279,9279,-0.970478,0.409772
rc_a33_point_primary_hn1,3,1280,9280,-1.02244,0.567643
rc_a33_point_primary_hn1,3,1281,9281,-1.016,0.439034
rc_a33_point_primary_hn1,3,1282,9282,-1.10602,0.452275
rc_a33_point_primary_hn1,3,1283,9283,-0.809019,0.381865
rc_a33_point_primary_hn1,3,1284,9284,-1.00854,0.501701
rc_a33_point_primary_hn1,3,1285,9285,-0.802467,0.361865
rc_a33_point_primary_hn1,3,1286,9286,-0.890714,0.418229
rc_a33_point_primary_hn1,3,1287,9287,-0.832491,0.244997
rc_a33_point_primary_hn1,3,1288,9288,-0.856865,0.317281
rc_a33_point_primary_hn1,3,1289,9289,-0.678728,0.276983
rc_a33_point_primary_hn1,3,1290,9290,-0.758244,0.372538
rc_a33_point_primary_hn1,3,1291,9291,-0.710472,0.363038
rc_a33_point_primary_hn1,3,1292,9292,-0.931445,0.488425
rc_a33_point_primary_hn1,3,1293,9293,-0.924502,0.409875
rc_a33_point_primary_hn1,3,1294,9294,-0.963483,0.419399
rc_a33_point_primary_hn1,3,1295,9295,-0.82199,0.668446
rc_a33_point_primary_hn1,3,1296,9296,-0.741648,0.653886
rc_a33_point_primary_hn1,3,1297,9297,-0.774366,0.609141
rc_a33_point_primary_hn1,3,1298,9298,-0.779879,0.568532
rc_a33_point_primary_hn1,3,1299,9299,-0.754777,0.620589
rc_a33_point_primary_hn1,3,1300,9300,-0.505633,0.500509
rc_a33_point_primary_hn1,3,1301,9301,-0.546369,0.515104
rc_a33_point_primary_hn1,3,1302,9302,-0.55359,0.621404
rc_a33_point_primary_hn1,3,1303,9303,-0.833147,0.520276
rc_a33_point_primary_hn1,3,1304,9304,-0.83913,0.581042
rc_a33_point_primary_hn1,3,1305,9305,-0.712822,0.475055
rc_a33_point_primary_hn1,3,1306,9306,-0.723949,0.338682
rc_a33_point_primary_hn1,3,1307,9307,-0.878658,0.363697
rc_a33_point_primary_hn1,3,1308,9308,-0.777998,0.542693
rc_a33_point_primary_hn1,3,1309,9309,-0.844199,0.578449
rc_a33_point_primary_hn1,3,1310,9310,-0.930129,0.529145
rc_a33_point_primary_hn1,3,1311,9311,-0.829857,0.517926
rc_a33_point_primary_hn1,3,1312,9312,-0.775628,0.492146
rc_a33_point_primary_hn1,3,1313,9313,-0.992544,0.445745
rc_a33_point_primary_hn1,3,1314,9314,-0.919586,0.51136
rc_a33_point_primary_hn1,3,1315,9315,-0.744622,0.813263
rc_a33_point_primary_hn1,3,1316,9316,-0.580238,0.532726
rc_a33_point_primary_hn1,3,1317,9317,-1.03444,0.522917
rc_a33_point_primary_hn1,3,1318,9318,-1.21292,0.439178
rc_a33_point_primary_hn1,3,1319,9319,-1.53137,0.66745
rc_a33_point_primary_hn1,3,1320,9320,-1.20181,0.642327
rc_a33_point_primary_hn1,3,1321,9321,-1.06296,0.545153
rc_a33_point_primary_hn1,3,1322,9322,-1.03252,0.501864
rc_a33_point_primary_hn1,3,1323,9323,-1.20652,0.662797
rc_a33_point_primary_hn1,3,1324,9324,-0.945063,0.830356
rc_a33_point_primary_hn1,3,1325,9325,-0.983787,0.666325
rc_a33_point_primary_hn1,3,1326,9326,-0.996356,0.69616
rc_a33_point_primary_hn1,3,1327,9327,-0.799854,0.336843
rc_a33_point_primary_hn1,3,1328,9328,-0.719608,0.32442
rc_a33_point_primary_hn1,3,1329,9329,-0.793593,0.45586
rc_a33_point_primary_hn1,3,1330,9330,-0.831281,0.378091
rc_a33_point_primary_hn1,3,1331,9331,-0.403152,1.42017
rc_a33_point_primary_hn1,3,1332,9332,-0.436487,1.23901
rc_a33_point_primary_hn1,3,1333,9333,-0.403153,1.19786
rc_a33_point_primary_hn1,3,1334,9334,0.212065,1.34441
rc_a33_point_primary_hn1,3,1335,9335,0.338307,1.39295
rc_a33_point_primary_hn1,3,1336,9336,0.294384,1.36532
rc_a33_point_primary_hn1,3,1337,9337,0.315376,1.36011
rc_a33_point_primary_hn1,3,1338,9338,0.254277,1.19607
rc_a33_point_primary_hn1,3,1339,9339,-1.71221,0.98689
rc_a33_point_primary_hn1,3,1340,9340,-0.58364,0.703114
rc_a33_point_primary_hn1,3,1341,9341,-0.665712,0.529617
rc_a33_point_primary_hn1,3,1342,9342,-0.352425,0.666178
rc_a33_point_primary_hn1,3,1343,9343,-0.242885,0.566553
rc_a33_point_primary_hn1,3,1344,9344,-0.207379,0.805274
rc_a33_point_primary_hn1,3,1345,9345,-0.35763,0.90659
rc_a33_point_primary_hn1,3,1346,9346,-0.132371,0.420747
rc_a33_point_primary_hn1,3,1347,9347,-0.913335,0.295404
rc_a33_point_primary_hn1,3,1348,9348,-0.887691,0.269548
rc_a33_point_primary_hn1,3,1349,9349,-1.07338,0.632628
rc_a33_point_primary_hn1,3,1350,9350,-1.00996,0.624214
rc_a33_point_primary_hn1,3,1351,9351,-1.02371,0.588712
rc_a33_point_primary_hn1,3,1352,9352,-1.03211,0.747145
rc_a33_point_primary_hn1,3,1353,9353,-1.00759,0.632046
rc_a33_point_primary_hn1,3,1354,9354,-1.1698,0.620679
rc_a33_point_primary_hn1,3,1355,9355,-1.06247,0.580659
rc_a33_point_primary_hn1,3,1356,9356,-0.246969,0.53766
rc_a33_point_primary_hn1,3,1357,9357,-0.594386,0.857983
rc_a33_point_primary_hn1,3,1358,9358,-0.590873,0.855504
rc_a33_point_primary_hn1,3,1359,9359,-0.576693,0.775901
rc_a33_point_primary_hn1,3,1360,9360,-0.757944,0.487014
rc_a33_point_primary_hn1,3,1361,9361,-0.724916,0.352413
rc_a33_point_primary_hn1,3,1362,9362,-0.612077,0.371814
rc_a33_point_primary_hn1,3,1363,9363,-0.505474,0.388526
rc_a33_point_primary_hn1,3,1364,9364,-0.362175,0.39534
rc_a33_point_primary_hn1,3,1365,9365,-0.528558,0.559326
rc_a33_point_primary_hn1,3,1366,9366,-0.446931,0.519877
rc_a33_point_primary_hn1,3,1367,9367,-0.326019,0.7378
rc_a33_point_primary_hn1,3,1368,9368,-0.333234,0.670183
rc_a33_point_primary_hn1,3,1369,9369,-0.711951,0.615984
rc_a33_point_primary_hn1,3,1370,9370,-0.844616,0.619215
rc_a33_point_primary_hn1,3,1371,9371,-0.468981,0.545876
rc_a33_point_primary_hn1,3,1372,9372,-0.489331,0.638097
rc_a33_point_primary_hn1,3,1373,9373,-0.454148,0.720269
rc_a33_point_primary_hn1,3,1374,9374,-0.385204,1.04443
rc_a33_point_primary_hn1,3,1375,9375,-0.294096,0.987732
rc_a33_point_primary_hn1,3,1376,9376,-0.589367,0.404431
rc_a33_point_primary_hn1,3,1377,9377,-0.986335,0.961532
rc_a33_point_primary_hn1,3,1378,9378,-0.833865,0.668697
rc_a33_point_primary_hn1,3,1379,9379,-0.802877,0.694139
rc_a33_point_primary_hn1,3,1380,9380,-0.859046,0.698009
rc_a33_point_primary_hn1,3,1381,9381,-0.673686,0.918763
rc_a33_point_primary_hn1,3,1382,9382,-0.822755,0.465155
rc_a33_point_primary_hn1,3,1383,9383,-0.93580700000000006,0.529407
rc_a33_point_primary_hn1,3,1384,9384,-0.839921,0.459304
rc_a33_point_primary_hn1,3,1385,9385,-0.550944,0.409567
rc_a33_point_primary_hn1,3,1386,9386,-1.01441,1.02931
rc_a33_point_primary_hn1,3,1387,9387,-0.885892,0.790548
rc_a33_point_primary_hn1,3,1388,9388,-0.662689,0.747503
rc_a33_point_primary_hn1,3,1389,9389,-0.454536,0.674993
rc_a33_point_primary_hn1,3,1390,9390,-0.916341,0.858488
rc_a33_point_primary_hn1,3,1391,9391,-0.714694,1.17551
rc_a33_point_primary_hn1,3,1392,9392,-0.7384,1.25776
rc_a33_point_primary_hn1,3,1393,9393,-0.623342,0.765712
rc_a33_point_primary_hn1,3,1394,9394,-0.668478,0.448269
rc_a33_point_primary_hn1,3,1395,9395,-1.03124,0.503407
rc_a33_point_primary_hn1,3,1396,9396,-0.897929,0.480381
rc_a33_point_primary_hn1,3,1397,9397,-0.902663,0.728472
rc_a33_point_primary_hn1,3,1398,9398,-0.860582,0.631352
rc_a33_point_primary_hn1,3,1399,9399,-0.94997,0.868603
rc_a33_point_primary_hn1,3,1400,9400,-0.924706,0.585091
rc_a33_point_primary_hn1,3,1401,9401,-0.972521,0.769363
rc_a33_point_primary_hn1,3,1402,9402,-0.821181,0.649671
rc_a33_point_primary_hn1,3,1403,9403,-0.501225,0.726197
rc_a33_point_primary_hn1,3,1404,9404,-0.510669,0.774498
rc_a33_point_primary_hn1,3,1405,9405,-0.377672,0.771307
rc_a33_point_primary_hn1,3,1406,9406,-0.460205,0.6936
rc_a33_point_primary_hn1,3,1407,9407,-0.436904,0.740054
rc_a33_point_primary_hn1,3,1408,9408,-0.502398,0.55961
rc_a33_point_primary_hn1,3,1409,9409,-0.471874,0.738701
rc_a33_point_primary_hn1,3,1410,9410,-0.548476,0.539864
rc_a33_point_primary_hn1,3,1411,9411,-0.657625,0.59043
rc_a33_point_primary_hn1,3,1412,9412,-0.852541,0.499972
rc_a33_point_primary_hn1,3,1413,9413,-0.790884,0.443785
rc_a33_point_primary_hn1,3,1414,9414,-1.02566,0.243278
rc_a33_point_primary_hn1,3,1415,9415,-0.665976,0.506111
rc_a33_point_primary_hn1,3,1416,9416,-0.448377,0.493944
rc_a33_point_primary_hn1,3,1417,9417,-0.694116,0.797034
rc_a33_point_primary_hn1,3,1418,9418,-0.582096,0.748746
rc_a33_point_primary_hn1,3,1419,9419,-0.796324,0.499521
rc_a33_point_primary_hn1,3,1420,9420,-0.368915,0.650322
rc_a33_point_primary_hn1,3,1421,9421,-0.0057671,0.995749
rc_a33_point_primary_hn1,3,1422,9422,-0.0852381,0.967285
rc_a33_point_primary_hn1,3,1423,9423,-1.05511,1.05341
rc_a33_point_primary_hn1,3,1424,9424,-1.05682,0.974428
rc_a33_point_primary_hn1,3,1425,9425,-0.733303,0.630167
rc_a33_point_primary_hn1,3,1426,9426,-0.426726,1.09373
rc_a33_point_primary_hn1,3,1427,9427,-0.469868,0.981109
rc_a33_point_primary_hn1,3,1428,9428,-0.434322,1.00277
rc_a33_point_primary_hn1,3,1429,9429,-0.322398,1.11873
rc_a33_point_primary_hn1,3,1430,9430,-0.334039,0.94176
rc_a33_point_primary_hn1,3,1431,9431,-0.367432,1.01311
rc_a33_point_primary_hn1,3,1432,9432,-0.322199,0.555303
rc_a33_point_primary_hn1,3,1433,9433,-0.617844,0.703076
rc_a33_point_primary_hn1,3,1434,9434,-0.947844,0.498551
rc_a33_point_primary_hn1,3,1435,9435,-0.838667,0.403883
rc_a33_point_primary_hn1,3,1436,9436,-0.852639,0.852467
rc_a33_point_primary_hn1,3,1437,9437,-0.995486,0.439635
rc_a33_point_primary_hn1,3,1438,9438,-0.858443,0.473726
rc_a33_point_primary_hn1,3,1439,9439,-0.942517,0.371587
rc_a33_point_primary_hn1,3,1440,9440,-0.886606,0.380285
rc_a33_point_primary_hn1,3,1441,9441,-1.17643,0.465015
rc_a33_point_primary_hn1,3,1442,9442,-1.09058,0.622741
rc_a33_point_primary_hn1,3,1443,9443,-0.598407,0.614409
rc_a33_point_primary_hn1,3,1444,9444,-1.00595,0.729166
rc_a33_point_primary_hn1,3,1445,9445,-1.0083,1.10498
rc_a33_point_primary_hn1,3,1446,9446,-0.966478,0.648786
rc_a33_point_primary_hn1,3,1447,9447,-1.04892,0.846454
rc_a33_point_primary_hn1,3,1448,9448,-1.3735,0.919529
rc_a33_point_primary_hn1,3,1449,9449,-1.83477,1.26437
rc_a33_point_primary_hn1,3,1450,9450,-0.573301,0.426039
rc_a33_point_primary_hn1,3,1451,9451,-0.582294,0.426446
rc_a33_point_primary_hn1,3,1452,9452,-0.709865,0.614111
rc_a33_point_primary_hn1,3,1453,9453,-0.875685,0.697973
rc_a33_point_primary_hn1,3,1454,9454,-0.922204,0.665956
rc_a33_point_primary_hn1,3,1455,9455,-0.948278,1.16963
rc_a33_point_primary_hn1,3,1456,9456,-1.01249,1.06891
rc_a33_point_primary_hn1,3,1457,9457,-0.448029,0.491358
rc_a33_point_primary_hn1,3,1458,9458,-0.56999,0.50786
rc_a33_point_primary_hn1,3,1459,9459,-0.559206,0.607415
rc_a33_point_primary_hn1,3,1460,9460,-0.521963,0.522791
rc_a33_point_primary_hn1,3,1461,9461,-0.50997,0.919655
rc_a33_point_primary_hn1,3,1462,9462,-0.465065,0.925346
rc_a33_point_primary_hn1,3,1463,9463,-1.05497,0.911913
rc_a33_point_primary_hn1,3,1464,9464,-0.949425,0.477325
rc_a33_point_primary_hn1,3,1465,9465,-1.2517,0.934568
rc_a33_point_primary_hn1,3,1466,9466,-1.22916,0.935571
rc_a33_point_primary_hn1,3,1467,9467,-1.64296,0.848295
rc_a33_point_primary_hn1,3,1468,9468,-1.62861,0.797153
rc_a33_point_primary_hn1,3,1469,9469,-1.63993,1.36813
rc_a33_point_primary_hn1,3,1470,9470,-1.3833,1.32702
rc_a33_point_primary_hn1,3,1471,9471,-0.687469,0.597585
rc_a33_point_primary_hn1,3,1472,9472,-0.822792,0.636701
rc_a33_point_primary_hn1,3,1473,9473,-0.743285,0.625161
rc_a33_point_primary_hn1,3,1474,9474,-0.716086,0.511979
rc_a33_point_primary_hn1,3,1475,9475,-0.875279,0.549701
rc_a33_point_primary_hn1,3,1476,9476,-0.987552,0.586209
rc_a33_point_primary_hn1,3,1477,9477,-0.975934,0.591672
rc_a33_point_primary_hn1,3,1478,9478,-0.535001,0.673239
rc_a33_point_primary_hn1,3,1479,9479,-0.376839,0.619452
rc_a33_point_primary_hn1,3,1480,9480,-0.564348,0.27791
rc_a33_point_primary_hn1,3,1481,9481,-0.591064,0.398773
rc_a33_point_primary_hn1,3,1482,9482,-0.400706,0.513377
rc_a33_point_primary_hn1,3,1483,9483,-0.627674,0.737545
rc_a33_point_primary_hn1,3,1484,9484,-0.820109,0.477969
rc_a33_point_primary_hn1,3,1485,9485,-0.990811,0.777601
rc_a33_point_primary_hn1,3,1486,9486,-0.664595,0.31736
rc_a33_point_primary_hn1,3,1487,9487,-0.625118,0.370366
rc_a33_point_primary_hn1,3,1488,9488,-0.687063,0.48356
rc_a33_point_primary_hn1,3,1489,9489,-0.45032,0.440096
rc_a33_point_primary_hn1,3,1490,9490,-0.751407,0.878053
rc_a33_point_primary_hn1,3,1491,9491,-0.801105,0.885928
rc_a33_point_primary_hn1,3,1492,9492,-0.72096,0.798336
rc_a33_point_primary_hn1,3,1493,9493,-0.494836,0.822353
rc_a33_point_primary_hn1,3,1494,9494,-0.41632,0.536355
rc_a33_point_primary_hn1,3,1495,9495,-0.299261,0.669525
rc_a33_point_primary_hn1,3,1496,9496,-0.468827,0.485101
rc_a33_point_primary_hn1,3,1497,9497,-0.551349,0.697278
rc_a33_point_primary_hn1,3,1498,9498,-0.466528,0.75649
rc_a33_point_primary_hn1,3,1499,9499,-1.05667,0.799241
rc_a33_point_primary_hn1,3,1500,9500,-0.997867,0.901907
rc_a33_point_primary_hn1,3,1501,9501,-1.09684,1.21399
rc_a33_point_primary_hn1,3,1502,9502,-1.1078,0.610906
rc_a33_point_primary_hn1,3,1503,9503,-0.687702,0.355722
rc_a33_point_primary_hn1,3,1504,9504,-0.88647,0.442113
rc_a33_point_primary_hn1,3,1505,9505,-0.813593,0.498861
rc_a33_point_primary_hn1,3,1506,9506,-0.91774,0.458857
rc_a33_point_primary_hn1,3,1507,9507,-0.774148,0.560635
rc_a33_point_primary_hn1,3,1508,9508,-0.51889,0.776449
rc_a33_point_primary_hn1,3,1509,9509,-0.498483,0.771761
rc_a33_point_primary_hn1,3,1510,9510,-0.679996,0.423212
rc_a33_point_primary_hn1,3,1511,9511,-0.57543,0.669635
rc_a33_point_primary_hn1,3,1512,9512,-0.618616,0.462186
rc_a33_point_primary_hn1,3,1513,9513,-0.638658,0.465144
rc_a33_point_primary_hn1,3,1514,9514,-0.631123,0.480178
rc_a33_point_primary_hn1,3,1515,9515,-0.556114,0.478692
rc_a33_point_primary_hn1,3,1516,9516,-0.469597,0.792365
rc_a33_point_primary_hn1,3,1517,9517,-1.21545,0.863255
rc_a33_point_primary_hn1,3,1518,9518,-1.1684,1.18729
rc_a33_point_primary_hn1,3,1519,9519,-1.24815,1.19162
rc_a33_point_primary_hn1,3,1520,9520,-0.818713,0.737241
rc_a33_point_primary_hn1,3,1521,9521,-0.816827,0.740293
rc_a33_point_primary_hn1,3,1522,9522,-1.03476,0.597478
rc_a33_point_primary_hn1,3,1523,9523,-1.02306,0.643854
rc_a33_point_primary_hn1,3,1524,9524,-1.09723,0.561423
rc_a33_point_primary_hn1,3,1525,9525,-0.766191,0.452588
rc_a33_point_primary_hn1,3,1526,9526,-1.13495,0.72609
rc_a33_point_primary_hn1,3,1527,9527,-1.19054,0.748584
rc_a33_point_primary_hn1,3,1528,9528,-1.17961,0.901686
rc_a33_point_primary_hn1,3,1529,9529,-0.64198,0.813746
rc_a33_point_primary_hn1,3,1530,9530,-0.600285,0.815208
rc_a33_point_primary_hn1,3,1531,9531,-0.910044,1.2435
rc_a33_point_primary_hn1,3,1532,9532,-0.921828,1.08686
rc_a33_point_primary_hn1,3,1533,9533,-0.530637,1.50999
rc_a33_point_primary_hn1,3,1534,9534,-0.583407,1.48356
rc_a33_point_primary_hn1,3,1535,9535,-1.1464,1.10239
rc_a33_point_primary_hn1,3,1536,9536,-1.02081,0.837445
rc_a33_point_primary_hn1,3,1537,9537,-1.44147,0.709683
rc_a33_point_primary_hn1,3,1538,9538,-1.13362,0.589276
rc_a33_point_primary_hn1,3,1539,9539,-1.19716,0.657625
rc_a33_point_primary_hn1,3,1540,9540,-0.997853,0.805139
rc_a33_point_primary_hn1,3,1541,9541,-0.809331,0.536518
rc_a33_point_primary_hn1,3,1542,9542,-0.947111,0.786231
rc_a33_point_primary_hn1,3,1543,9543,-0.837886,0.628503
rc_a33_point_primary_hn1,3,1544,9544,-0.881124,0.59639
rc_a33_point_primary_hn1,3,1545,9545,-0.869204,0.601727
rc_a33_point_primary_hn1,3,1546,9546,-0.882278,0.456002
rc_a33_point_primary_hn1,3,1547,9547,-0.887317,0.381436
rc_a33_point_primary_hn1,3,1548,9548,-0.709986,0.413428
rc_a33_point_primary_hn1,3,1549,9549,-0.936791,0.332106
rc_a33_point_primary_hn1,3,1550,9550,-0.999318,0.385619
rc_a33_point_primary_hn1,3,1551,9551,-0.764939,0.686394
rc_a33_point_primary_hn1,3,1552,9552,-0.759044,0.570402
rc_a33_point_primary_hn1,3,1553,9553,-0.27273,0.627678
rc_a33_point_primary_hn1,3,1554,9554,-0.270655,0.629345
rc_a33_point_primary_hn1,3,1555,9555,-0.818551,0.749659
rc_a33_point_primary_hn1,3,1556,9556,-0.894627,0.777574
rc_a33_point_primary_hn1,3,1557,9557,-0.90211,0.865955
rc_a33_point_primary_hn1,3,1558,9558,-0.686922,0.778957
rc_a33_point_primary_hn1,3,1559,9559,-0.6859,0.739171
rc_a33_point_primary_hn1,3,1560,9560,-0.859713,0.60263
rc_a33_point_primary_hn1,3,1561,9561,-0.716347,0.629671
rc_a33_point_primary_hn1,3,1562,9562,-0.688713,0.663863
rc_a33_point_primary_hn1,3,1563,9563,-0.801651,0.568948
rc_a33_point_primary_hn1,3,1564,9564,-0.871515,0.524071
rc_a33_point_primary_hn1,3,1565,9565,-0.742098,0.598634
rc_a33_point_primary_hn1,3,1566,9566,-0.949111,0.535061
rc_a33_point_primary_hn1,3,1567,9567,-0.964521,0.396737
rc_a33_point_primary_hn1,3,1568,9568,-0.962703,0.493487
rc_a33_point_primary_hn1,3,1569,9569,-0.615447,0.349221
rc_a33_point_primary_hn1,3,1570,9570,-0.640342,0.374447
rc_a33_point_primary_hn1,3,1571,9571,-0.736866,0.270154
rc_a33_point_primary_hn1,3,1572,9572,-0.842731,0.238784
rc_a33_point_primary_hn1,3,1573,9573,-0.891965,0.223241
rc_a33_point_primary_hn1,3,1574,9574,-0.77847,0.372444
rc_a33_point_primary_hn1,3,1575,9575,-0.886446,0.588517
rc_a33_point_primary_hn1,3,1576,9576,-0.913263,0.597453
rc_a33_point_primary_hn1,3,1577,9577,-0.928409,0.554309
rc_a33_point_primary_hn1,3,1578,9578,-0.921912,0.614567
rc_a33_point_primary_hn1,3,1579,9579,-1.05359,0.596023
rc_a33_point_primary_hn1,3,1580,9580,-0.86331,0.554693
rc_a33_point_primary_hn1,3,1581,9581,-1.25937,0.706807
rc_a33_point_primary_hn1,3,1582,9582,-0.77325,0.383372
rc_a33_point_primary_hn1,3,1583,9583,-0.730936,0.227911
rc_a33_point_primary_hn1,3,1584,9584,-0.70114,0.299383
rc_a33_point_primary_hn1,3,1585,9585,-0.694721,0.299859
rc_a33_point_primary_hn1,3,1586,9586,-0.902263,0.432952
rc_a33_point_primary_hn1,3,1587,9587,-0.881731,0.754812
rc_a33_point_primary_hn1,3,1588,9588,-0.893176,0.948589
rc_a33_point_primary_hn1,3,1589,9589,-0.951859,0.832786
rc_a33_point_primary_hn1,3,1590,9590,-0.886743,1.11524
rc_a33_point_primary_hn1,3,1591,9591,-0.889134,0.892808
rc_a33_point_primary_hn1,3,1592,9592,-0.849761,0.884672
rc_a33_point_primary_hn1,3,1593,9593,-0.917974,0.93382
rc_a33_point_primary_hn1,3,1594,9594,-0.861037,1.13145
rc_a33_point_primary_hn1,3,1595,9595,-0.880039,0.937677
rc_a33_point_primary_hn1,3,1596,9596,-0.828167,0.448714
rc_a33_point_primary_hn1,3,1597,9597,-0.722717,0.639534
rc_a33_point_primary_hn1,3,1598,9598,-0.743043,0.635285
rc_a33_point_primary_hn1,3,1599,9599,-0.778386,0.635588
rc_a33_point_primary_hn1,3,1600,9600,-0.652265,0.752572
rc_a33_point_primary_hn1,3,1601,9601,-0.735545,0.84013
rc_a33_point_primary_hn1,3,1602,9602,-0.808514,0.52958
rc_a33_point_primary_hn1,3,1603,9603,-0.765875,0.551326
rc_a33_point_primary_hn1,3,1604,9604,-1.14231,1.33635
rc_a33_point_primary_hn1,3,1605,9605,-1.05531,1.20886
rc_a33_point_primary_hn1,3,1606,9606,-0.540873,0.757444
rc_a33_point_primary_hn1,3,1607,9607,-0.568427,0.618307
rc_a33_point_primary_hn1,3,1608,9608,-0.586675,0.627873
rc_a33_point_primary_hn1,3,1609,9609,-0.467474,0.278312
rc_a33_point_primary_hn1,3,1610,9610,-0.522888,0.299742
rc_a33_point_primary_hn1,3,1611,9611,-0.931038,0.418171
rc_a33_point_primary_hn1,3,1612,9612,-0.873702,0.399991
rc_a33_point_primary_hn1,3,1613,9613,-0.693971,0.387642
rc_a33_point_primary_hn1,3,1614,9614,-0.824343,0.6978
rc_a33_point_primary_hn1,3,1615,9615,-0.412229,0.77943
rc_a33_point_primary_hn1,3,1616,9616,-0.646604,0.350112
rc_a33_point_primary_hn1,3,1617,9617,-0.650896,0.174323
rc_a33_point_primary_hn1,3,1618,9618,-0.802846,0.407592
rc_a33_point_primary_hn1,3,1619,9619,-0.642956,0.436891
rc_a33_point_primary_hn1,3,1620,9620,-0.632265,0.640192
rc_a33_point_primary_hn1,3,1621,9621,-0.163398,0.630258
rc_a33_point_primary_hn1,3,1622,9622,-0.440583,0.5691
rc_a33_point_primary_hn1,3,1623,9623,-0.421632,0.524537
rc_a33_point_primary_hn1,3,1624,9624,-0.395959,0.444959
rc_a33_point_primary_hn1,3,1625,9625,-0.832124,0.417704
rc_a33_point_primary_hn1,3,1626,9626,-0.932981,0.462608
rc_a33_point_primary_hn1,3,1627,9627,-0.928586,0.441925
rc_a33_point_primary_hn1,3,1628,9628,-0.737871,0.634939
rc_a33_point_primary_hn1,3,1629,9629,-0.675661,0.590022
rc_a33_point_primary_hn1,3,1630,9630,-0.875753,0.498614
rc_a33_point_primary_hn1,3,1631,9631,-1.17896,0.709229
rc_a33_point_primary_hn1,3,1632,9632,-1.0753,0.727035
rc_a33_point_primary_hn1,3,1633,9633,-1.08675,0.781154
rc_a33_point_primary_hn1,3,1634,9634,-1.04874,0.53644
rc_a33_point_primary_hn1,3,1635,9635,-1.17933,0.577905
rc_a33_point_primary_hn1,3,1636,9636,-1.19351,0.549486
rc_a33_point_primary_hn1,3,1637,9637,-0.625806,0.363096
rc_a33_point_primary_hn1,3,1638,9638,-0.884946,0.23884
rc_a33_point_primary_hn1,3,1639,9639,-0.95029,0.217717
rc_a33_point_primary_hn1,3,1640,9640,-1.10467,0.452993
rc_a33_point_primary_hn1,3,1641,9641,-1.0936,0.394775
rc_a33_point_primary_hn1,3,1642,9642,-0.729399,0.375145
rc_a33_point_primary_hn1,3,1643,9643,-0.670213,0.289854
rc_a33_point_primary_hn1,3,1644,9644,-0.906181,0.512574
rc_a33_point_primary_hn1,3,1645,9645,-0.481702,0.458237
rc_a33_point_primary_hn1,3,1646,9646,-0.479955,0.46122
rc_a33_point_primary_hn1,3,1647,9647,-0.514154,0.534378
rc_a33_point_primary_hn1,3,1648,9648,-0.496969,0.510721
rc_a33_point_primary_hn1,3,1649,9649,-0.670074,0.758371
rc_a33_point_primary_hn1,3,1650,9650,-0.720273,0.4074
rc_a33_point_primary_hn1,3,1651,9651,-0.680916,0.54815
rc_a33_point_primary_hn1,3,1652,9652,-0.591004,0.435178
rc_a33_point_primary_hn1,3,1653,9653,-0.749341,0.491759
rc_a33_point_primary_hn1,3,1654,9654,-0.528035,0.498158
rc_a33_point_primary_hn1,3,1655,9655,-0.0887564,0.851449
rc_a33_point_primary_hn1,3,1656,9656,-0.565639,0.862983
rc_a33_point_primary_hn1,3,1657,9657,-0.85789,0.448054
rc_a33_point_primary_hn1,3,1658,9658,-1.44302,0.614281
rc_a33_point_primary_hn1,3,1659,9659,-1.29971,0.532987
rc_a33_point_primary_hn1,3,1660,9660,-1.46937,0.724662
rc_a33_point_primary_hn1,3,1661,9661,-1.34539,0.602014
rc_a33_point_primary_hn1,3,1662,9662,-1.45613,0.640112
rc_a33_point_primary_hn1,3,1663,9663,-1.3728,0.935134
rc_a33_point_primary_hn1,3,1664,9664,-0.96566,0.597814
rc_a33_point_primary_hn1,3,1665,9665,-1.08191,0.628639
rc_a33_point_primary_hn1,3,1666,9666,-1.07629,0.653728
rc_a33_point_primary_hn1,3,1667,9667,-0.811232,0.56581
rc_a33_point_primary_hn1,3,1668,9668,-0.728648,0.694295
rc_a33_point_primary_hn1,3,1669,9669,-0.965869,0.837523
rc_a33_point_primary_hn1,3,1670,9670,-1.13277,0.780116
rc_a33_point_primary_hn1,3,1671,9671,-1.13574,1.15943
rc_a33_point_primary_hn1,3,1672,9672,-0.905404,0.422938
rc_a33_point_primary_hn1,3,1673,9673,-0.941267,0.425866
rc_a33_point_primary_hn1,3,1674,9674,-1.4074,0.6579
rc_a33_point_primary_hn1,3,1675,9675,-1.2722,0.572324
rc_a33_point_primary_hn1,3,1676,9676,-0.852892,0.503249
rc_a33_point_primary_hn1,3,1677,9677,-0.74712,0.530711
rc_a33_point_primary_hn1,3,1678,9678,-0.888087,0.456709
rc_a33_point_primary_hn1,3,1679,9679,-0.749997,0.267865
rc_a33_point_primary_hn1,3,1680,9680,-0.173438,1.42462
rc_a33_point_primary_hn1,3,1681,9681,-0.195115,1.4227
rc_a33_point_primary_hn1,3,1682,9682,-0.332088,1.34714
rc_a33_point_primary_hn1,3,1683,9683,-0.295183,1.18367
rc_a33_point_primary_hn1,3,1684,9684,-0.661717,0.514147
rc_a33_point_primary_hn1,3,1685,9685,-0.652786,0.6703
rc_a33_point_primary_hn1,3,1686,9686,-0.645635,0.616879
rc_a33_point_primary_hn1,3,1687,9687,-0.717356,1.03215
rc_a33_point_primary_hn1,3,1688,9688,-0.607988,1.07766
rc_a33_point_primary_hn1,3,1689,9689,-0.821565,1.29418
rc_a33_point_primary_hn1,3,1690,9690,-0.806388,0.967443
rc_a33_point_primary_hn1,3,1691,9691,-0.918936,1.1167
rc_a33_point_primary_hn1,3,1692,9692,-1.04368,0.91319
rc_a33_point_primary_hn1,3,1693,9693,-0.82503,0.383365
rc_a33_point_primary_hn1,3,1694,9694,-0.639578,0.416609
rc_a33_point_primary_hn1,3,1695,9695,-1.10573,0.626391
rc_a33_point_primary_hn1,3,1696,9696,-1.07005,0.574579
rc_a33_point_primary_hn1,3,1697,9697,-0.148185,0.806284
rc_a33_point_primary_hn1,3,1698,9698,-0.0842371,0.732358
rc_a33_point_primary_hn1,3,1699,9699,-0.258716,0.559037
rc_a33_point_primary_hn1,3,1700,9700,-0.25386,0.589421
rc_a33_point_primary_hn1,3,1701,9701,-0.581928,0.391246
rc_a33_point_primary_hn1,3,1702,9702,-0.451748,0.320677
rc_a33_point_primary_hn1,3,1703,9703,-0.575894,0.408821
rc_a33_point_primary_hn1,3,1704,9704,-0.63124,0.437704
rc_a33_point_primary_hn1,3,1705,9705,-0.906321,0.422069
rc_a33_point_primary_hn1,3,1706,9706,-1.18115,0.610563
rc_a33_point_primary_hn1,3,1707,9707,-0.914432,0.42082
rc_a33_point_primary_hn1,3,1708,9708,-0.747042,0.614702
rc_a33_point_primary_hn1,3,1709,9709,-0.744469,0.6309
rc_a33_point_primary_hn1,3,1710,9710,-0.722917,0.496889
rc_a33_point_primary_hn1,3,1711,9711,-0.62876,0.536713
rc_a33_point_primary_hn1,3,1712,9712,-1.04447,0.500555
rc_a33_point_primary_hn1,3,1713,9713,-0.462068,0.623045
rc_a33_point_primary_hn1,3,1714,9714,-0.606525,0.440822
rc_a33_point_primary_hn1,3,1715,9715,-0.727141,0.489078
rc_a33_point_primary_hn1,3,1716,9716,-0.415795,0.495157
rc_a33_point_primary_hn1,3,1717,9717,-0.603591,0.468099
rc_a33_point_primary_hn1,3,1718,9718,-0.722045,0.547471
rc_a33_point_primary_hn1,3,1719,9719,-0.806542,0.65193
rc_a33_point_primary_hn1,3,1720,9720,-1.25202,0.756341
rc_a33_point_primary_hn1,3,1721,9721,-1.03652,0.435598
rc_a33_point_primary_hn1,3,1722,9722,-1.09246,0.460008
rc_a33_point_primary_hn1,3,1723,9723,-1.09418,0.559882
rc_a33_point_primary_hn1,3,1724,9724,-0.846433,0.486411
rc_a33_point_primary_hn1,3,1725,9725,-0.676805,0.546021
rc_a33_point_primary_hn1,3,1726,9726,-0.989728,0.676111
rc_a33_point_primary_hn1,3,1727,9727,-0.680905,0.773027
rc_a33_point_primary_hn1,3,1728,9728,-0.5259,0.468752
rc_a33_point_primary_hn1,3,1729,9729,-0.435146,0.881487
rc_a33_point_primary_hn1,3,1730,9730,-0.38267,0.845092
rc_a33_point_primary_hn1,3,1731,9731,-0.534638,0.969386
rc_a33_point_primary_hn1,3,1732,9732,-0.571301,0.897339
rc_a33_point_primary_hn1,3,1733,9733,-0.392121,1.20467
rc_a33_point_primary_hn1,3,1734,9734,-0.385639,0.782635
rc_a33_point_primary_hn1,3,1735,9735,-0.305239,0.847278
rc_a33_point_primary_hn1,3,1736,9736,-0.818496,0.786584
rc_a33_point_primary_hn1,3,1737,9737,-0.871853,0.686609
rc_a33_point_primary_hn1,3,1738,9738,-0.919375,0.617502
rc_a33_point_primary_hn1,3,1739,9739,-0.939782,0.646869
rc_a33_point_primary_hn1,3,1740,9740,-0.463238,0.662629
rc_a33_point_primary_hn1,3,1741,9741,-0.648385,0.715255
rc_a33_point_primary_hn1,3,1742,9742,-0.734011,0.789521
rc_a33_point_primary_hn1,3,1743,9743,-0.944978,0.665457
rc_a33_point_primary_hn1,3,1744,9744,-0.682621,0.574197
rc_a33_point_primary_hn1,3,1745,9745,-0.777327,0.729035
rc_a33_point_primary_hn1,3,1746,9746,-0.649082,0.479172
rc_a33_point_primary_hn1,3,1747,9747,-0.755177,0.569286
rc_a33_point_primary_hn1,3,1748,9748,-0.721563,0.49459
rc_a33_point_primary_hn1,3,1749,9749,-0.645942,0.468117
rc_a33_point_primary_hn1,3,1750,9750,-0.668371,0.542041
rc_a33_point_primary_hn1,3,1751,9751,-0.655192,0.367127
rc_a33_point_primary_hn1,3,1752,9752,-0.584183,0.602327
rc_a33_point_primary_hn1,3,1753,9753,-0.678683,0.615247
rc_a33_point_primary_hn1,3,1754,9754,-0.544402,0.764057
rc_a33_point_primary_hn1,3,1755,9755,-0.466249,1.08106
rc_a33_point_primary_hn1,3,1756,9756,-0.47315,0.697005
rc_a33_point_primary_hn1,3,1757,9757,-0.938329,0.604877
rc_a33_point_primary_hn1,3,1758,9758,-0.985168,0.573326
rc_a33_point_primary_hn1,3,1759,9759,-1.11934,0.580121
rc_a33_point_primary_hn1,3,1760,9760,-0.50489,0.916242
rc_a33_point_primary_hn1,3,1761,9761,-0.496425,0.901823
rc_a33_point_primary_hn1,3,1762,9762,-0.795401,0.429816
rc_a33_point_primary_hn1,3,1763,9763,-0.813213,0.602188
rc_a33_point_primary_hn1,3,1764,9764,-0.881776,0.937584
rc_a33_point_primary_hn1,3,1765,9765,-0.846092,0.37506
rc_a33_point_primary_hn1,3,1766,9766,-0.88592,0.409356
rc_a33_point_primary_hn1,3,1767,9767,-0.620753,0.605758
rc_a33_point_primary_hn1,3,1768,9768,-0.721362,0.55872
rc_a33_point_primary_hn1,3,1769,9769,-0.750005,0.611557
rc_a33_point_primary_hn1,3,1770,9770,-0.320109,0.912135
rc_a33_point_primary_hn1,3,1771,9771,-0.37171,0.74603
rc_a33_point_primary_hn1,3,1772,9772,-0.342999,0.748098
rc_a33_point_primary_hn1,3,1773,9773,-0.466792,0.704289
rc_a33_point_primary_hn1,3,1774,9774,-0.416101,0.859779
rc_a33_point_primary_hn1,3,1775,9775,-0.454072,0.941576
rc_a33_point_primary_hn1,3,1776,9776,-0.423405,0.633887
rc_a33_point_primary_hn1,3,1777,9777,-0.624514,0.424402
rc_a33_point_primary_hn1,3,1778,9778,-0.549041,0.425659
rc_a33_point_primary_hn1,3,1779,9779,-0.599824,0.544989
rc_a33_point_primary_hn1,3,1780,9780,-0.724891,0.469811
rc_a33_point_primary_hn1,3,1781,9781,-0.70721,0.43617
rc_a33_point_primary_hn1,3,1782,9782,-0.708294,0.692316
rc_a33_point_primary_hn1,3,1783,9783,-0.747387,0.860365
rc_a33_point_primary_hn1,3,1784,9784,-0.763217,0.769126
rc_a33_point_primary_hn1,3,1785,9785,-0.698515,0.841761
rc_a33_point_primary_hn1,3,1786,9786,-0.824841,0.863215
rc_a33_point_primary_hn1,3,1787,9787,-0.893265,0.769789
rc_a33_point_primary_hn1,3,1788,9788,-1.02572,0.648758
rc_a33_point_primary_hn1,3,1789,9789,-1.03952,0.732836
rc_a33_point_primary_hn1,3,1790,9790,-1.0732,0.693944
rc_a33_point_primary_hn1,3,1791,9791,-1.52848,1.11267
rc_a33_point_primary_hn1,3,1792,9792,-1.27395,0.99526
rc_a33_point_primary_hn1,3,1793,9793,-0.9596,0.865835
rc_a33_point_primary_hn1,3,1794,9794,-0.95643,1.07501
rc_a33_point_primary_hn1,3,1795,9795,-0.948384,0.981087
rc_a33_point_primary_hn1,3,1796,9796,-1.0647200000000001,0.669573
rc_a33_point_primary_hn1,3,1797,9797,-0.952738,0.539561
rc_a33_point_primary_hn1,3,1798,9798,-0.766752,0.642302
rc_a33_point_primary_hn1,3,1799,9799,-0.798887,0.662121
rc_a33_point_primary_hn1,3,1800,9800,-0.703387,0.713792
rc_a33_point_primary_hn1,3,1801,9801,-0.858865,0.395891
rc_a33_point_primary_hn1,3,1802,9802,-0.707919,0.344532
rc_a33_point_primary_hn1,3,1803,9803,-1.08262,0.583546
rc_a33_point_primary_hn1,3,1804,9804,-1.11597,0.585883
rc_a33_point_primary_hn1,3,1805,9805,-0.939915,0.59876
rc_a33_point_primary_hn1,3,1806,9806,-0.843997,0.484277
rc_a33_point_primary_hn1,3,1807,9807,-0.881328,0.375038
rc_a33_point_primary_hn1,3,1808,9808,-0.975499,0.3578
rc_a33_point_primary_hn1,3,1809,9809,-1.06225,0.389174
rc_a33_point_primary_hn1,3,1810,9810,-1.31758,0.495048
rc_a33_point_primary_hn1,3,1811,9811,-0.95207,0.675996
rc_a33_point_primary_hn1,3,1812,9812,-1.15129,0.594182
rc_a33_point_primary_hn1,3,1813,9813,-1.28203,0.887286
rc_a33_point_primary_hn1,3,1814,9814,-1.22961,0.90467
rc_a33_point_primary_hn1,3,1815,9815,-1.12783,0.924834
rc_a33_point_primary_hn1,3,1816,9816,-1.15926,0.800574
rc_a33_point_primary_hn1,3,1817,9817,-1.19045,0.788189
rc_a33_point_primary_hn1,3,1818,9818,-1.12981,1.16373
rc_a33_point_primary_hn1,3,1819,9819,-1.02749,1.03245
rc_a33_point_primary_hn1,3,1820,9820,-0.894962,0.791501
rc_a33_point_primary_hn1,3,1821,9821,-0.899191,0.767917
rc_a33_point_primary_hn1,3,1822,9822,-0.279124,0.679436
rc_a33_point_primary_hn1,3,1823,9823,-0.404982,0.793674
rc_a33_point_primary_hn1,3,1824,9824,-0.791871,0.97526
rc_a33_point_primary_hn1,3,1825,9825,-0.93308,0.827895
rc_a33_point_primary_hn1,3,1826,9826,-0.682962,0.661527
rc_a33_point_primary_hn1,3,1827,9827,-0.481639,0.403865
rc_a33_point_primary_hn1,3,1828,9828,-0.98897,0.6538
rc_a33_point_primary_hn1,3,1829,9829,-0.939502,0.479153
rc_a33_point_primary_hn1,3,1830,9830,-0.912862,0.454586
rc_a33_point_primary_hn1,3,1831,9831,-0.82775,0.47148
rc_a33_point_primary_hn1,3,1832,9832,-0.853816,0.540663
rc_a33_point_primary_hn1,3,1833,9833,-0.789325,0.537389
rc_a33_point_primary_hn1,3,1834,9834,-0.942422,0.473166
rc_a33_point_primary_hn1,3,1835,9835,-0.987608,0.870583
rc_a33_point_primary_hn1,3,1836,9836,-0.878229,0.966264
rc_a33_point_primary_hn1,3,1837,9837,-0.933944,0.952707
rc_a33_point_primary_hn1,3,1838,9838,-0.887101,0.895835
rc_a33_point_primary_hn1,3,1839,9839,-0.864114,0.868129
rc_a33_point_primary_hn1,3,1840,9840,-0.821656,0.995407
rc_a33_point_primary_hn1,3,1841,9841,-0.91737,0.618358
rc_a33_point_primary_hn1,3,1842,9842,-0.864916,0.593166
rc_a33_point_primary_hn1,3,1843,9843,-0.95297,0.642162
rc_a33_point_primary_hn1,3,1844,9844,-1.04704,0.7553
rc_a33_point_primary_hn1,3,1845,9845,-0.574971,0.721198
rc_a33_point_primary_hn1,3,1846,9846,-0.587565,0.757089
rc_a33_point_primary_hn1,3,1847,9847,-0.600513,0.741059
rc_a33_point_primary_hn1,3,1848,9848,-0.539534,0.937976
rc_a33_point_primary_hn1,3,1849,9849,-0.683686,0.705018
rc_a33_point_primary_hn1,3,1850,9850,-0.686374,0.7264
rc_a33_point_primary_hn1,3,1851,9851,-0.664291,0.582702
rc_a33_point_primary_hn1,3,1852,9852,-0.503142,0.565466
rc_a33_point_primary_hn1,3,1853,9853,-0.825763,0.391155
rc_a33_point_primary_hn1,3,1854,9854,-0.76819,0.2912
rc_a33_point_primary_hn1,3,1855,9855,-0.929257,0.305123
rc_a33_point_primary_hn1,3,1856,9856,-0.741617,0.473615
rc_a33_point_primary_hn1,3,1857,9857,-0.898905,0.508092
rc_a33_point_primary_hn1,3,1858,9858,-0.831549,0.652448
rc_a33_point_primary_hn1,3,1859,9859,-0.80535,0.600377
rc_a33_point_primary_hn1,3,1860,9860,-0.766039,0.529385
rc_a33_point_primary_hn1,3,1861,9861,-0.737115,0.491265
rc_a33_point_primary_hn1,3,1862,9862,-0.523262,0.369664
rc_a33_point_primary_hn1,3,1863,9863,-0.820333,0.477364
rc_a33_point_primary_hn1,3,1864,9864,-0.692356,0.770309
rc_a33_point_primary_hn1,3,1865,9865,-0.326578,0.509179
rc_a33_point_primary_hn1,3,1866,9866,-0.771576,0.549141
rc_a33_point_primary_hn1,3,1867,9867,-0.617905,0.469865
rc_a33_point_primary_hn1,3,1868,9868,-0.637596,0.489722
rc_a33_point_primary_hn1,3,1869,9869,-0.549997,0.552706
rc_a33_point_primary_hn1,3,1870,9870,-0.39853,0.437135
rc_a33_point_primary_hn1,3,1871,9871,-0.671174,0.384632
rc_a33_point_primary_hn1,3,1872,9872,-0.661706,0.40438
rc_a33_point_primary_hn1,3,1873,9873,-0.641645,0.349741
rc_a33_point_primary_hn1,3,1874,9874,-0.957578,0.849377
rc_a33_point_primary_hn1,3,1875,9875,-0.74515,0.880666
rc_a33_point_primary_hn1,3,1876,9876,-0.606869,0.775188
rc_a33_point_primary_hn1,3,1877,9877,-0.774204,0.430975
rc_a33_point_primary_hn1,3,1878,9878,-0.638392,0.589063
rc_a33_point_primary_hn1,3,1879,9879,-0.620846,0.534805
rc_a33_point_primary_hn1,3,1880,9880,-0.556436,0.485043
rc_a33_point_primary_hn1,3,1881,9881,-0.517903,0.529088
rc_a33_point_primary_hn1,3,1882,9882,-0.540995,0.308723
rc_a33_point_primary_hn1,3,1883,9883,-0.590254,0.249284
rc_a33_point_primary_hn1,3,1884,9884,-0.470262,0.369624
rc_a33_point_primary_hn1,3,1885,9885,-0.539145,0.457138
rc_a33_point_primary_hn1,3,1886,9886,-0.762268,0.430432
rc_a33_point_primary_hn1,3,1887,9887,-0.604796,0.617811
rc_a33_point_primary_hn1,3,1888,9888,-0.205788,0.835336
rc_a33_point_primary_hn1,3,1889,9889,-1.05856,0.475317
rc_a33_point_primary_hn1,3,1890,9890,-1.05138,0.457463
rc_a33_point_primary_hn1,3,1891,9891,-0.980643,0.474847
rc_a33_point_primary_hn1,3,1892,9892,-0.579899,1.09581
rc_a33_point_primary_hn1,3,1893,9893,-0.574052,1.04116
rc_a33_point_primary_hn1,3,1894,9894,-0.85312,1.25258
rc_a33_point_primary_hn1,3,1895,9895,-0.425323,0.923005
rc_a33_point_primary_hn1,3,1896,9896,-0.772143,0.563137
rc_a33_point_primary_hn1,3,1897,9897,-0.873856,0.524191
rc_a33_point_primary_hn1,3,1898,9898,-0.911643,0.543007
rc_a33_point_primary_hn1,3,1899,9899,-0.893815,0.444943
rc_a33_point_primary_hn1,3,1900,9900,-0.910887,0.397851
rc_a33_point_primary_hn1,3,1901,9901,-0.832545,0.249193
rc_a33_point_primary_hn1,3,1902,9902,-0.73651199999999994,0.33237
rc_a33_point_primary_hn1,3,1903,9903,-0.657645,0.43238
rc_a33_point_primary_hn1,3,1904,9904,-1.02103,0.472775
rc_a33_point_primary_hn1,3,1905,9905,-1.15031,0.445978
rc_a33_point_primary_hn1,3,1906,9906,-0.754947,0.626775
rc_a33_point_primary_hn1,3,1907,9907,-0.987092,0.383936
rc_a33_point_primary_hn1,3,1908,9908,-0.936518,0.397198
rc_a33_point_primary_hn1,3,1909,9909,-0.717133,0.371935
rc_a33_point_primary_hn1,3,1910,9910,-0.818738,0.378598
rc_a33_point_primary_hn1,3,1911,9911,-0.305583,0.742939
rc_a33_point_primary_hn1,3,1912,9912,-0.184364,0.653433
rc_a33_point_primary_hn1,3,1913,9913,-0.313799,0.770915
rc_a33_point_primary_hn1,3,1914,9914,-0.809964,0.424996
rc_a33_point_primary_hn1,3,1915,9915,-0.94924,0.36894
rc_a33_point_primary_hn1,3,1916,9916,-0.785602,0.518705
rc_a33_point_primary_hn1,3,1917,9917,-0.643618,0.542262
rc_a33_point_primary_hn1,3,1918,9918,-0.646288,0.526419
rc_a33_point_primary_hn1,3,1919,9919,-0.691743,0.497544
rc_a33_point_primary_hn1,3,1920,9920,-0.637225,0.797218
rc_a33_point_primary_hn1,3,1921,9921,-0.510744,0.709881
rc_a33_point_primary_hn1,3,1922,9922,-0.584114,0.601167
rc_a33_point_primary_hn1,3,1923,9923,-0.553752,0.586034
rc_a33_point_primary_hn1,3,1924,9924,-0.65134,0.793501
rc_a33_point_primary_hn1,3,1925,9925,-0.597514,0.730839
rc_a33_point_primary_hn1,3,1926,9926,-0.676912,0.560586
rc_a33_point_primary_hn1,3,1927,9927,-0.601561,0.629123
rc_a33_point_primary_hn1,3,1928,9928,-1.18289,0.571701
rc_a33_point_primary_hn1,3,1929,9929,-1.09103,0.700487
rc_a33_point_primary_hn1,3,1930,9930,-0.795805,0.54367
rc_a33_point_primary_hn1,3,1931,9931,-0.962226,0.720276
rc_a33_point_primary_hn1,3,1932,9932,-0.67346,0.674857
rc_a33_point_primary_hn1,3,1933,9933,-0.882662,0.821862
rc_a33_point_primary_hn1,3,1934,9934,-0.533278,0.628263
rc_a33_point_primary_hn1,3,1935,9935,-0.406553,0.819974
rc_a33_point_primary_hn1,3,1936,9936,-0.489001,0.817713
rc_a33_point_primary_hn1,3,1937,9937,-0.462387,0.747696
rc_a33_point_primary_hn1,3,1938,9938,-0.345053,0.753169
rc_a33_point_primary_hn1,3,1939,9939,-1.52045,1.02846
rc_a33_point_primary_hn1,3,1940,9940,-1.27107,0.775291
rc_a33_point_primary_hn1,3,1941,9941,-0.832601,0.449252
rc_a33_point_primary_hn1,3,1942,9942,-0.711086,0.629874
rc_a33_point_primary_hn1,3,1943,9943,-0.824209,0.63082800000000006
rc_a33_point_primary_hn1,3,1944,9944,-0.876733,0.420111
rc_a33_point_primary_hn1,3,1945,9945,-0.906316,0.533922
rc_a33_point_primary_hn1,3,1946,9946,-0.364331,0.695321
rc_a33_point_primary_hn1,3,1947,9947,-0.381211,0.595358
rc_a33_point_primary_hn1,3,1948,9948,-0.484342,0.52085
rc_a33_point_primary_hn1,3,1949,9949,-0.398062,0.5029
rc_a33_point_primary_hn1,3,1950,9950,-0.818241,0.978706
rc_a33_point_primary_hn1,3,1951,9951,-0.728012,0.871364
rc_a33_point_primary_hn1,3,1952,9952,-0.671717,0.830436
rc_a33_point_primary_hn1,3,1953,9953,-0.498197,0.810343
rc_a33_point_primary_hn1,3,1954,9954,-0.739741,0.6158
rc_a33_point_primary_hn1,3,1955,9955,-0.777626,0.45156
rc_a33_point_primary_hn1,3,1956,9956,-0.426603,0.514826
rc_a33_point_primary_hn1,3,1957,9957,-0.609482,0.468347
rc_a33_point_primary_hn1,3,1958,9958,-0.448612,0.618707
rc_a33_point_primary_hn1,3,1959,9959,-0.881581,0.992453
rc_a33_point_primary_hn1,3,1960,9960,-0.763826,1.27814
rc_a33_point_primary_hn1,3,1961,9961,-0.484855,0.847229
rc_a33_point_primary_hn1,3,1962,9962,-0.619719,0.729238
rc_a33_point_primary_hn1,3,1963,9963,-0.634389,0.859329
rc_a33_point_primary_hn1,3,1964,9964,-0.578039,0.342761
rc_a33_point_primary_hn1,3,1965,9965,-0.484538,0.621216
rc_a33_point_primary_hn1,3,1966,9966,-0.46766,0.639174
rc_a33_point_primary_hn1,3,1967,9967,-0.377313,0.551971
rc_a33_point_primary_hn1,3,1968,9968,-0.465254,0.741407
rc_a33_point_primary_hn1,3,1969,9969,-0.611849,0.63452
rc_a33_point_primary_hn1,3,1970,9970,-0.502283,0.619791
rc_a33_point_primary_hn1,3,1971,9971,-0.797687,0.699334
rc_a33_point_primary_hn1,3,1972,9972,-0.653158,0.366257
rc_a33_point_primary_hn1,3,1973,9973,-0.712109,0.548102
rc_a33_point_primary_hn1,3,1974,9974,-0.704723,0.483373
rc_a33_point_primary_hn1,3,1975,9975,-0.696383,0.448172
rc_a33_point_primary_hn1,3,1976,9976,-0.678583,0.497515
rc_a33_point_primary_hn1,3,1977,9977,-0.365134,0.462221
rc_a33_point_primary_hn1,3,1978,9978,-0.386503,0.501822
rc_a33_point_primary_hn1,3,1979,9979,-0.267942,0.554674
rc_a33_point_primary_hn1,3,1980,9980,-0.2647,0.525286
rc_a33_point_primary_hn1,3,1981,9981,-0.806827,0.676833
rc_a33_point_primary_hn1,3,1982,9982,-0.856769,0.516672
rc_a33_point_primary_hn1,3,1983,9983,-0.693413,0.522737
rc_a33_point_primary_hn1,3,1984,9984,-0.843172,0.520556
rc_a33_point_primary_hn1,3,1985,9985,-0.635199,0.515459
rc_a33_point_primary_hn1,3,1986,9986,-0.336553,1.14489
rc_a33_point_primary_hn1,3,1987,9987,-0.274541,0.74437
rc_a33_point_primary_hn1,3,1988,9988,-0.331447,0.692658
rc_a33_point_primary_hn1,3,1989,9989,-0.597336,0.490056
rc_a33_point_primary_hn1,3,1990,9990,-0.433093,0.599573
rc_a33_point_primary_hn1,3,1991,9991,-0.546979,0.397236
rc_a33_point_primary_hn1,3,1992,9992,-0.897977,0.725429
rc_a33_point_primary_hn1,3,1993,9993,-0.996451,0.651262
rc_a33_point_primary_hn1,3,1994,9994,-1.17675,0.473823
rc_a33_point_primary_hn1,3,1995,9995,-1.19175,0.498035
rc_a33_point_primary_hn1,3,1996,9996,-1.22917,0.521003
rc_a33_point_primary_hn1,3,1997,9997,-1.14031,0.498255
rc_a33_point_primary_hn1,3,1998,9998,-1.15232,0.630159
rc_a33_point_primary_hn1,3,1999,9999,-1.18912,0.552546
rc_a33_point_primary_hn1,3,2000,10000,-1.38027,0.675897
rc_a33_point_primary_hn1,3,2001,10001,-1.24418,0.53139
rc_a33_point_primary_hn1,3,2002,10002,-1.13964,0.660916
rc_a33_point_primary_hn1,3,2003,10003,-1.08456,0.554921
rc_a33_point_primary_hn1,3,2004,10004,-1.06158,0.657936
rc_a33_point_primary_hn1,3,2005,10005,-0.860953,0.672273
rc_a33_point_primary_hn1,3,2006,10006,-0.881844,0.727643
rc_a33_point_primary_hn1,3,2007,10007,-0.860395,0.767339
rc_a33_point_primary_hn1,3,2008,10008,-0.804226,0.504319
rc_a33_point_primary_hn1,3,2009,10009,-0.74637,0.515256
rc_a33_point_primary_hn1,3,2010,10010,-0.844717,0.535387
rc_a33_point_primary_hn1,3,2011,10011,-0.558579,0.526667
rc_a33_point_primary_hn1,3,2012,10012,-0.70326,0.310458
rc_a33_point_primary_hn1,3,2013,10013,-0.634003,0.347956
rc_a33_point_primary_hn1,3,2014,10014,-0.726651,0.499192
rc_a33_point_primary_hn1,3,2015,10015,-0.552919,0.664761
rc_a33_point_primary_hn1,3,2016,10016,-0.646123,0.575782
rc_a33_point_primary_hn1,3,2017,10017,-0.607376,0.734743
rc_a33_point_primary_hn1,3,2018,10018,-0.370699,0.716829
rc_a33_point_primary_hn1,3,2019,10019,-0.275449,1.11755
rc_a33_point_primary_hn1,3,2020,10020,-0.324283,1.06478
rc_a33_point_primary_hn1,3,2021,10021,-0.404664,0.762716
rc_a33_point_primary_hn1,3,2022,10022,-0.3844,0.938314
rc_a33_point_primary_hn1,3,2023,10023,-0.330402,0.781812
rc_a33_point_primary_hn1,3,2024,10024,-0.300119,0.832882
rc_a33_point_primary_hn1,3,2025,10025,-0.601212,0.424494
rc_a33_point_primary_hn1,3,2026,10026,-0.606597,0.585775
rc_a33_point_primary_hn1,3,2027,10027,-0.729621,0.617257
rc_a33_point_primary_hn1,3,2028,10028,-0.843427,0.641267
rc_a33_point_primary_hn1,3,2029,10029,-0.859605,0.463482
rc_a33_point_primary_hn1,3,2030,10030,-0.926474,0.334784
rc_a33_point_primary_hn1,3,2031,10031,-0.857246,0.43837
rc_a33_point_primary_hn1,3,2032,10032,-1.09451,0.738406
rc_a33_point_primary_hn1,3,2033,10033,-1.06236,0.631975
rc_a33_point_primary_hn1,3,2034,10034,-1.115,0.602285
rc_a33_point_primary_hn1,3,2035,10035,-0.675149,0.406816
rc_a33_point_primary_hn1,3,2036,10036,-0.779868,0.577862
rc_a33_point_primary_hn1,3,2037,10037,-1.01936,0.396545
rc_a33_point_primary_hn1,3,2038,10038,-0.545061,0.44251
rc_a33_point_primary_hn1,3,2039,10039,-0.741983,0.257272
rc_a33_point_primary_hn1,3,2040,10040,-0.541456,0.553412
rc_a33_point_primary_hn1,3,2041,10041,-0.616311,0.465977
rc_a33_point_primary_hn1,3,2042,10042,-0.529366,0.424154
rc_a33_point_primary_hn1,3,2043,10043,-0.0967333,0.684748
rc_a33_point_primary_hn1,3,2044,10044,-0.169017,0.719522
rc_a33_point_primary_hn1,3,2045,10045,-0.624805,0.535994
rc_a33_point_primary_hn1,3,2046,10046,-0.212589,0.798463
rc_a33_point_primary_hn1,3,2047,10047,-0.290229,0.610267
rc_a33_point_primary_hn1,3,2048,10048,-0.244409,0.573293
rc_a33_point_primary_hn1,3,2049,10049,-0.330519,0.61384
rc_a33_point_primary_hn1,3,2050,10050,-0.499454,0.456522
rc_a33_point_primary_hn1,3,2051,10051,-0.880489,0.423297
rc_a33_point_primary_hn1,3,2052,10052,-0.829544,0.419967
rc_a33_point_primary_hn1,3,2053,10053,-1.0383,0.470376
rc_a33_point_primary_hn1,3,2054,10054,-1.02412,0.35851
rc_a33_point_primary_hn1,3,2055,10055,-1.13633,0.884698
rc_a33_point_primary_hn1,3,2056,10056,-1.02742,0.748173
rc_a33_point_primary_hn1,3,2057,10057,-0.55215,1.11409
rc_a33_point_primary_hn1,3,2058,10058,-0.641832,0.949051
rc_a33_point_primary_hn1,3,2059,10059,-0.606589,0.870205
rc_a33_point_primary_hn1,3,2060,10060,-0.495107,0.774742
rc_a33_point_primary_hn1,3,2061,10061,-0.598269,0.762312
rc_a33_point_primary_hn1,3,2062,10062,-0.58362,0.858265
rc_a33_point_primary_hn1,3,2063,10063,-0.262677,0.650458
rc_a33_point_primary_hn1,3,2064,10064,-0.529466,0.956909
rc_a33_point_primary_hn1,3,2065,10065,-1.03028,0.488451
rc_a33_point_primary_hn1,3,2066,10066,-0.405291,0.794368
rc_a33_point_primary_hn1,3,2067,10067,-0.278124,0.98601
rc_a33_point_primary_hn1,3,2068,10068,-0.444644,0.738289
rc_a33_point_primary_hn1,3,2069,10069,-0.416131,0.706089
rc_a33_point_primary_hn1,3,2070,10070,-0.1834,0.590445
rc_a33_point_primary_hn1,3,2071,10071,-0.411398,0.65981
rc_a33_point_primary_hn1,3,2072,10072,-0.577653,0.485713
rc_a33_point_primary_hn1,3,2073,10073,-0.620213,0.502323
rc_a33_point_primary_hn1,3,2074,10074,-0.476405,0.577342
rc_a33_point_primary_hn1,3,2075,10075,-0.643218,0.42345
rc_a33_point_primary_hn1,3,2076,10076,-0.571069,0.575559
rc_a33_point_primary_hn1,3,2077,10077,-0.594803,0.423453
rc_a33_point_primary_hn1,3,2078,10078,-0.535147,0.629712
rc_a33_point_primary_hn1,3,2079,10079,-0.71457,0.62722
rc_a33_point_primary_hn1,3,2080,10080,-0.557324,0.694473
rc_a33_point_primary_hn1,3,2081,10081,-0.76546,0.591179
rc_a33_point_primary_hn1,3,2082,10082,-0.704048,0.639559
rc_a33_point_primary_hn1,3,2083,10083,-0.618311,0.420778
rc_a33_point_primary_hn1,3,2084,10084,-0.560011,0.390385
rc_a33_point_primary_hn1,3,2085,10085,-0.794879,0.510256
rc_a33_point_primary_hn1,3,2086,10086,-0.876569,0.478624
rc_a33_point_primary_hn1,3,2087,10087,-0.990713,0.372272
rc_a33_point_primary_hn1,3,2088,10088,-1.13674,0.854448
rc_a33_point_primary_hn1,3,2089,10089,-0.89707,0.693079
rc_a33_point_primary_hn1,3,2090,10090,-0.847162,0.576737
rc_a33_point_primary_hn1,3,2091,10091,-0.824872,0.323581
rc_a33_point_primary_hn1,3,2092,10092,-0.936604,0.424806
rc_a33_point_primary_hn1,3,2093,10093,-0.90851,0.393282
rc_a33_point_primary_hn1,3,2094,10094,-0.884987,0.501519
rc_a33_point_primary_hn1,3,2095,10095,-1.02364,0.404052
rc_a33_point_primary_hn1,3,2096,10096,-0.492751,0.883739
rc_a33_point_primary_hn1,3,2097,10097,-1.06675,0.488605
rc_a33_point_primary_hn1,3,2098,10098,-0.785481,0.638997
rc_a33_point_primary_hn1,3,2099,10099,-0.764234,0.712313
rc_a33_point_primary_hn1,3,2100,10100,-1.0429,0.472624
rc_a33_point_primary_hn1,3,2101,10101,-0.990081,0.495368
rc_a33_point_primary_hn1,3,2102,10102,-1.11847,0.653336
rc_a33_point_primary_hn1,3,2103,10103,-1.08475,0.460999
rc_a33_point_primary_hn1,3,2104,10104,-1.0198,0.813599
rc_a33_point_primary_hn1,3,2105,10105,-0.0682254,0.630778
rc_a33_point_primary_hn1,3,2106,10106,-0.57067,0.508669
rc_a33_point_primary_hn1,3,2107,10107,-0.722827,0.758173
rc_a33_point_primary_hn1,3,2108,10108,-0.703051,0.496686
rc_a33_point_primary_hn1,3,2109,10109,-0.547819,0.404735
rc_a33_point_primary_hn1,3,2110,10110,-0.737419,0.540895
rc_a33_point_primary_hn1,3,2111,10111,-1.17924,0.8689
rc_a33_point_primary_hn1,3,2112,10112,-1.23088,0.544967
rc_a33_point_primary_hn1,3,2113,10113,-1.00551,0.577331
rc_a33_point_primary_hn1,3,2114,10114,-1.15493,0.869515
rc_a33_point_primary_hn1,3,2115,10115,-1.07391,0.589975
rc_a33_point_primary_hn1,3,2116,10116,-1.16122,0.794873
rc_a33_point_primary_hn1,3,2117,10117,-0.727586,0.497221
rc_a33_point_primary_hn1,3,2118,10118,-1.09196,0.807839
rc_a33_point_primary_hn1,3,2119,10119,-0.702732,0.794521
rc_a33_point_primary_hn1,3,2120,10120,-0.600479,0.804656
rc_a33_point_primary_hn1,3,2121,10121,-1.22113,0.524193
rc_a33_point_primary_hn1,3,2122,10122,-0.996257,1.07454
rc_a33_point_primary_hn1,3,2123,10123,-0.784729,0.520765
rc_a33_point_primary_hn1,3,2124,10124,-0.717417,0.487707
rc_a33_point_primary_hn1,3,2125,10125,-0.903859,0.559482
rc_a33_point_primary_hn1,3,2126,10126,-0.814608,0.456294
rc_a33_point_primary_hn1,3,2127,10127,-0.595025,0.514008
rc_a33_point_primary_hn1,3,2128,10128,-0.929968,0.473088
rc_a33_point_primary_hn1,3,2129,10129,-0.818225,0.528633
rc_a33_point_primary_hn1,3,2130,10130,-0.637807,0.424369
rc_a33_point_primary_hn1,3,2131,10131,-0.648336,0.527918
rc_a33_point_primary_hn1,3,2132,10132,-0.859286,0.376154
rc_a33_point_primary_hn1,3,2133,10133,-1.45931,0.655478
rc_a33_point_primary_hn1,3,2134,10134,-1.42885,0.73393
rc_a33_point_primary_hn1,3,2135,10135,-1.30483,0.647849
rc_a33_point_primary_hn1,3,2136,10136,-1.1112899999999999,0.556115
rc_a33_point_primary_hn1,3,2137,10137,-1.12736,0.530839
rc_a33_point_primary_hn1,3,2138,10138,-0.834518,0.518261
rc_a33_point_primary_hn1,3,2139,10139,-0.684635,0.454743
rc_a33_point_primary_hn1,3,2140,10140,-0.751778,0.479198
rc_a33_point_primary_hn1,3,2141,10141,-0.864763,0.327108
rc_a33_point_primary_hn1,3,2142,10142,-0.488881,0.426099
rc_a33_point_primary_hn1,3,2143,10143,-0.525282,0.342619
rc_a33_point_primary_hn1,3,2144,10144,-0.485169,0.445312
rc_a33_point_primary_hn1,3,2145,10145,-0.506527,0.39308
rc_a33_point_primary_hn1,3,2146,10146,-0.492842,0.840402
rc_a33_point_primary_hn1,3,2147,10147,-0.494838,0.730516
rc_a33_point_primary_hn1,3,2148,10148,-0.674446,0.434085
rc_a33_point_primary_hn1,3,2149,10149,-0.744134,0.514691
rc_a33_point_primary_hn1,3,2150,10150,-0.261072,0.580305
rc_a33_point_primary_hn1,3,2151,10151,-0.354556,0.480467
rc_a33_point_primary_hn1,3,2152,10152,-0.0925761,0.595604
rc_a33_point_primary_hn1,3,2153,10153,-0.248691,0.933832
rc_a33_point_primary_hn1,3,2154,10154,-0.413844,0.612332
rc_a33_point_primary_hn1,3,2155,10155,-0.505558,0.633548
rc_a33_point_primary_hn1,3,2156,10156,-0.35263099999999997,0.632003
rc_a33_point_primary_hn1,3,2157,10157,-0.959058,0.589201
rc_a33_point_primary_hn1,3,2158,10158,-0.965702,0.610743
rc_a33_point_primary_hn1,3,2159,10159,-0.59466,0.510368
rc_a33_point_primary_hn1,3,2160,10160,-0.433171,0.514293
rc_a33_point_primary_hn1,3,2161,10161,-0.677407,0.542647
rc_a33_point_primary_hn1,3,2162,10162,-0.452553,0.445242
rc_a33_point_primary_hn1,3,2163,10163,-0.4038,0.422692
rc_a33_point_primary_hn1,3,2164,10164,-0.537911,0.48065
rc_a33_point_primary_hn1,3,2165,10165,-1.06093,0.817867
rc_a33_point_primary_hn1,3,2166,10166,-0.436773,0.546259
rc_a33_point_primary_hn1,3,2167,10167,-0.430681,0.591433
rc_a33_point_primary_hn1,3,2168,10168,-0.761036,0.368348
rc_a33_point_primary_hn1,3,2169,10169,-0.625061,0.399817
rc_a33_point_primary_hn1,3,2170,10170,-0.658514,0.524206
rc_a33_point_primary_hn1,3,2171,10171,-0.656491,0.556377
rc_a33_point_primary_hn1,3,2172,10172,-0.668008,0.359726
rc_a33_point_primary_hn1,3,2173,10173,-0.690206,0.348306
rc_a33_point_primary_hn1,3,2174,10174,-0.752066,0.355254
rc_a33_point_primary_hn1,3,2175,10175,-0.715079,0.306115
rc_a33_point_primary_hn1,3,2176,10176,-0.752077,0.415462
rc_a33_point_primary_hn1,3,2177,10177,-0.738888,0.359143
rc_a33_point_primary_hn1,3,2178,10178,-0.715957,0.508651
rc_a33_point_primary_hn1,3,2179,10179,-0.875073,0.641364
rc_a33_point_primary_hn1,3,2180,10180,-0.558358,0.57936
rc_a33_point_primary_hn1,3,2181,10181,-0.850451,0.673893
rc_a33_point_primary_hn1,3,2182,10182,-0.740327,0.606684
rc_a33_point_primary_hn1,3,2183,10183,-0.835124,0.717033
rc_a33_point_primary_hn1,3,2184,10184,-0.905542,0.686312
rc_a33_point_primary_hn1,3,2185,10185,-0.389905,0.630204
rc_a33_point_primary_hn1,3,2186,10186,-0.400191,0.491854
rc_a33_point_primary_hn1,3,2187,10187,-0.565403,0.535972
rc_a33_point_primary_hn1,3,2188,10188,-0.312491,0.493351
rc_a33_point_primary_hn1,3,2189,10189,-0.352027,0.530171
rc_a33_point_primary_hn1,3,2190,10190,-0.405473,0.421872
rc_a33_point_primary_hn1,3,2191,10191,-0.722917,0.347136
rc_a33_point_primary_hn1,3,2192,10192,-0.691818,0.363857
rc_a33_point_primary_hn1,3,2193,10193,-0.60327,0.749691
rc_a33_point_primary_hn1,3,2194,10194,-0.616921,0.782675
rc_a33_point_primary_hn1,3,2195,10195,-0.669659,0.88795
rc_a33_point_primary_hn1,3,2196,10196,-0.662269,0.874488
rc_a33_point_primary_hn1,3,2197,10197,-0.912333,0.332859
rc_a33_point_primary_hn1,3,2198,10198,-1.21008,0.400411
rc_a33_point_primary_hn1,3,2199,10199,-1.05735,0.435803
rc_a33_point_primary_hn1,3,2200,10200,-0.911957,0.466521
rc_a33_point_primary_hn1,3,2201,10201,-1.02638,0.571611
rc_a33_point_primary_hn1,3,2202,10202,-1.04737,0.493114
rc_a33_point_primary_hn1,3,2203,10203,-1.08191,0.615301
rc_a33_point_primary_hn1,3,2204,10204,-1.05017,0.611702
rc_a33_point_primary_hn1,3,2205,10205,-1.05536,0.577688
rc_a33_point_primary_hn1,3,2206,10206,-0.817565,0.528843
rc_a33_point_primary_hn1,3,2207,10207,-0.89027,0.639582
rc_a33_point_primary_hn1,3,2208,10208,-0.904462,0.582732
rc_a33_point_primary_hn1,3,2209,10209,-0.68108900000000006,0.471772
rc_a33_point_primary_hn1,3,2210,10210,-0.846469,0.563548
rc_a33_point_primary_hn1,3,2211,10211,-0.687939,0.49528
rc_a33_point_primary_hn1,3,2212,10212,-0.766269,0.557304
rc_a33_point_primary_hn1,3,2213,10213,-0.705479,0.609743
rc_a33_point_primary_hn1,3,2214,10214,-0.660667,0.571997
rc_a33_point_primary_hn1,3,2215,10215,-0.73474,0.518847
rc_a33_point_primary_hn1,3,2216,10216,-0.736555,0.687466
rc_a33_point_primary_hn1,3,2217,10217,-0.801211,0.432507
rc_a33_point_primary_hn1,3,2218,10218,-0.729812,0.491459
rc_a33_point_primary_hn1,3,2219,10219,-0.701058,0.429784
rc_a33_point_primary_hn1,3,2220,10220,-0.716187,0.465402
rc_a33_point_primary_hn1,3,2221,10221,-0.963327,0.580396
rc_a33_point_primary_hn1,3,2222,10222,-0.943044,0.570634
rc_a33_point_primary_hn1,3,2223,10223,-0.897644,0.480406
rc_a33_point_primary_hn1,3,2224,10224,-0.597392,0.734135
rc_a33_point_primary_hn1,3,2225,10225,-1.17425,0.907291
rc_a33_point_primary_hn1,3,2226,10226,-1.06783,0.645462
rc_a33_point_primary_hn1,3,2227,10227,-0.837167,0.48182
rc_a33_point_primary_hn1,3,2228,10228,-0.883219,0.420656
rc_a33_point_primary_hn1,3,2229,10229,-0.99857,0.548567
rc_a33_point_primary_hn1,3,2230,10230,-0.751643,0.531227
rc_a33_point_primary_hn1,3,2231,10231,-0.674201,0.386724
rc_a33_point_primary_hn1,3,2232,10232,-0.712316,0.38215
rc_a33_point_primary_hn1,3,2233,10233,-0.676114,0.377181
rc_a33_point_primary_hn1,3,2234,10234,-0.307305,0.831409
rc_a33_point_primary_hn1,3,2235,10235,-0.431726,0.75327
rc_a33_point_primary_hn1,3,2236,10236,-0.646757,0.571947
rc_a33_point_primary_hn1,3,2237,10237,-0.642107,0.514045
rc_a33_point_primary_hn1,3,2238,10238,-0.917911,0.971345
rc_a33_point_primary_hn1,3,2239,10239,-0.904511,0.26537
rc_a33_point_primary_hn1,3,2240,10240,-0.697432,0.41073
rc_a33_point_primary_hn1,3,2241,10241,-0.50858,0.355744
rc_a33_point_primary_hn1,3,2242,10242,-0.732336,0.280211
rc_a33_point_primary_hn1,3,2243,10243,-1.05708,0.553462
rc_a33_point_primary_hn1,3,2244,10244,-0.977228,0.431946
rc_a33_point_primary_hn1,3,2245,10245,-0.901203,0.579084
rc_a33_point_primary_hn1,3,2246,10246,-0.989611,0.611837
rc_a33_point_primary_hn1,3,2247,10247,-1.00294,0.583439
rc_a33_point_primary_hn1,3,2248,10248,-0.887537,0.514309
rc_a33_point_primary_hn1,3,2249,10249,-0.67254,0.368257
rc_a33_point_primary_hn1,3,2250,10250,-0.784849,0.810802
rc_a33_point_primary_hn1,3,2251,10251,-0.802733,0.669354
rc_a33_point_primary_hn1,3,2252,10252,-0.975915,0.675598
rc_a33_point_primary_hn1,3,2253,10253,-0.532634,0.430541
rc_a33_point_primary_hn1,3,2254,10254,-0.528113,0.285093
rc_a33_point_primary_hn1,3,2255,10255,-0.593685,0.361367
rc_a33_point_primary_hn1,3,2256,10256,-0.768041,0.402969
rc_a33_point_primary_hn1,3,2257,10257,-0.816953,0.380942
rc_a33_point_primary_hn1,3,2258,10258,-0.860195,0.343081
rc_a33_point_primary_hn1,3,2259,10259,-0.760498,0.377489
rc_a33_point_primary_hn1,3,2260,10260,-0.818281,0.329616
rc_a33_point_primary_hn1,3,2261,10261,-0.818091,0.464843
rc_a33_point_primary_hn1,3,2262,10262,-0.568143,0.515663
rc_a33_point_primary_hn1,3,2263,10263,-0.532729,0.566897
rc_a33_point_primary_hn1,3,2264,10264,-0.318344,0.824381
rc_a33_point_primary_hn1,3,2265,10265,-1.05108,0.805947
rc_a33_point_primary_hn1,3,2266,10266,-0.877065,1.03011
rc_a33_point_primary_hn1,3,2267,10267,-0.878136,0.534917
rc_a33_point_primary_hn1,3,2268,10268,-0.62444,0.362702
rc_a33_point_primary_hn1,3,2269,10269,-0.811264,0.401826
rc_a33_point_primary_hn1,3,2270,10270,-0.467078,0.809426
rc_a33_point_primary_hn1,3,2271,10271,-0.572353,0.58412
rc_a33_point_primary_hn1,3,2272,10272,-0.480392,0.726556
rc_a33_point_primary_hn1,3,2273,10273,-0.664208,0.628612
rc_a33_point_primary_hn1,3,2274,10274,-0.860912,1.02307
rc_a33_point_primary_hn1,3,2275,10275,-0.770647,0.846061
rc_a33_point_primary_hn1,3,2276,10276,-0.665332,0.669734
rc_a33_point_primary_hn1,3,2277,10277,-1.1101,0.8361
rc_a33_point_primary_hn1,3,2278,10278,-1.05571,0.730393
rc_a33_point_primary_hn1,3,2279,10279,-1.04815,0.552083
rc_a33_point_primary_hn1,3,2280,10280,-0.657502,0.434566
rc_a33_point_primary_hn1,3,2281,10281,-0.80791,0.70212
rc_a33_point_primary_hn1,3,2282,10282,-0.970817,0.53518
rc_a33_point_primary_hn1,3,2283,10283,-0.941832,0.354086
rc_a33_point_primary_hn1,3,2284,10284,-1.00839,0.429622
rc_a33_point_primary_hn1,3,2285,10285,-0.821962,0.265369
rc_a33_point_primary_hn1,3,2286,10286,-0.90946,0.327088
rc_a33_point_primary_hn1,3,2287,10287,-0.867927,0.407403
rc_a33_point_primary_hn1,3,2288,10288,-0.750436,0.310597
rc_a33_point_primary_hn1,3,2289,10289,-0.755467,0.351118
rc_a33_point_primary_hn1,3,2290,10290,-0.688832,0.52941
rc_a33_point_primary_hn1,3,2291,10291,-0.702991,0.500164
rc_a33_point_primary_hn1,3,2292,10292,-0.806272,0.553317
rc_a33_point_primary_hn1,3,2293,10293,-0.814763,0.504435
rc_a33_point_primary_hn1,3,2294,10294,-0.725896,0.585675
rc_a33_point_primary_hn1,3,2295,10295,-0.642896,0.404049
rc_a33_point_primary_hn1,3,2296,10296,-0.894656,0.416329
rc_a33_point_primary_hn1,3,2297,10297,-1.05184,0.391814
rc_a33_point_primary_hn1,3,2298,10298,-1.08219,0.524072
rc_a33_point_primary_hn1,3,2299,10299,-0.753407,0.358413
rc_a33_point_primary_hn1,3,2300,10300,-0.689011,0.46534
rc_a33_point_primary_hn1,3,2301,10301,-0.956029,0.376408
rc_a33_point_primary_hn1,3,2302,10302,-0.859378,0.64955
rc_a33_point_primary_hn1,3,2303,10303,-0.894063,0.672791
rc_a33_point_primary_hn1,3,2304,10304,-0.899935,0.664187
rc_a33_point_primary_hn1,3,2305,10305,-0.878792,0.616872
rc_a33_point_primary_hn1,3,2306,10306,-1.46458,0.630031
rc_a33_point_primary_hn1,3,2307,10307,-1.20923,0.508608
rc_a33_point_primary_hn1,3,2308,10308,-1.21079,0.763176
rc_a33_point_primary_hn1,3,2309,10309,-0.495998,0.71657
rc_a33_point_primary_hn1,3,2310,10310,-0.515918,0.689107
rc_a33_point_primary_hn1,3,2311,10311,-0.548041,0.758299
rc_a33_point_primary_hn1,3,2312,10312,-0.730484,0.536912
rc_a33_point_primary_hn1,3,2313,10313,-0.265873,0.662692
rc_a33_point_primary_hn1,3,2314,10314,-0.507884,0.440209
rc_a33_point_primary_hn1,3,2315,10315,-0.729946,0.540587
rc_a33_point_primary_hn1,3,2316,10316,-0.820397,0.43623
rc_a33_point_primary_hn1,3,2317,10317,-0.87712,0.579747
rc_a33_point_primary_hn1,3,2318,10318,-0.951694,0.606631
rc_a33_point_primary_hn1,3,2319,10319,-0.681893,0.421448
rc_a33_point_primary_hn1,3,2320,10320,-0.63012,0.446855
rc_a33_point_primary_hn1,3,2321,10321,-0.671972,0.460251
rc_a33_point_primary_hn1,3,2322,10322,-0.673592,0.316498
rc_a33_point_primary_hn1,3,2323,10323,-1.13571,0.492023
rc_a33_point_primary_hn1,3,2324,10324,-1.03766,0.507953
rc_a33_point_primary_hn1,3,2325,10325,-1.06545,0.610876
rc_a33_point_primary_hn1,3,2326,10326,-0.940966,0.543268
rc_a33_point_primary_hn1,3,2327,10327,-0.775209,0.47538
rc_a33_point_primary_hn1,3,2328,10328,-0.726311,0.560561
rc_a33_point_primary_hn1,3,2329,10329,-0.923631,0.393621
rc_a33_point_primary_hn1,3,2330,10330,-0.989821,0.455603
rc_a33_point_primary_hn1,3,2331,10331,-0.855366,0.237485
rc_a33_point_primary_hn1,3,2332,10332,-0.76483,0.580742
rc_a33_point_primary_hn1,3,2333,10333,-1.04472,0.879957
rc_a33_point_primary_hn1,3,2334,10334,-1.15603,0.680182
rc_a33_point_primary_hn1,3,2335,10335,-1.20012,0.764081
rc_a33_point_primary_hn1,3,2336,10336,-1.02173,0.519628
rc_a33_point_primary_hn1,3,2337,10337,-1.04132,0.624499
rc_a33_point_primary_hn1,3,2338,10338,-1.10483,0.603463
rc_a33_point_primary_hn1,3,2339,10339,-0.71268,0.510888
rc_a33_point_primary_hn1,3,2340,10340,-0.843556,0.40069
rc_a33_point_primary_hn1,3,2341,10341,-0.938097,0.739928
rc_a33_point_primary_hn1,3,2342,10342,-0.606869,0.680699
rc_a33_point_primary_hn1,3,2343,10343,-0.843876,0.972222
rc_a33_point_primary_hn1,3,2344,10344,-0.756408,1.21711
rc_a33_point_primary_hn1,3,2345,10345,-0.820618,0.544307
rc_a33_point_primary_hn1,3,2346,10346,-0.643551,0.428073
rc_a33_point_primary_hn1,3,2347,10347,-0.988973,0.594373
rc_a33_point_primary_hn1,3,2348,10348,-0.914679,0.560916
rc_a33_point_primary_hn1,3,2349,10349,-0.997658,0.680263
rc_a33_point_primary_hn1,3,2350,10350,-0.759216,0.59666
rc_a33_point_primary_hn1,3,2351,10351,-0.736271,0.354844
rc_a33_point_primary_hn1,3,2352,10352,-0.893377,0.592922
rc_a33_point_primary_hn1,3,2353,10353,-0.716241,0.571399
rc_a33_point_primary_hn1,3,2354,10354,-0.661392,0.581051
rc_a33_point_primary_hn1,3,2355,10355,-0.761511,0.444639
rc_a33_point_primary_hn1,3,2356,10356,-0.794134,0.405066
rc_a33_point_primary_hn1,3,2357,10357,-0.818804,0.473032
rc_a33_point_primary_hn1,3,2358,10358,-0.899834,0.752451
rc_a33_point_primary_hn1,3,2359,10359,-0.95719,0.787321
rc_a33_point_primary_hn1,3,2360,10360,-0.392981,0.587329
rc_a33_point_primary_hn1,3,2361,10361,-0.898859,0.561479
rc_a33_point_primary_hn1,3,2362,10362,-0.769239,0.6445
rc_a33_point_primary_hn1,3,2363,10363,-0.710368,0.748012
rc_a33_point_primary_hn1,3,2364,10364,-0.564096,0.710863
rc_a33_point_primary_hn1,3,2365,10365,-0.582918,0.708581
rc_a33_point_primary_hn1,3,2366,10366,-0.541109,0.595093
rc_a33_point_primary_hn1,3,2367,10367,-1.00249,0.788945
rc_a33_point_primary_hn1,3,2368,10368,-0.959554,0.614013
rc_a33_point_primary_hn1,3,2369,10369,-0.860842,0.537119
rc_a33_point_primary_hn1,3,2370,10370,-0.775551,0.470507
rc_a33_point_primary_hn1,3,2371,10371,-0.725787,0.705265
rc_a33_point_primary_hn1,3,2372,10372,-0.512114,0.715552
rc_a33_point_primary_hn1,3,2373,10373,-1.05905,0.669176
rc_a33_point_primary_hn1,3,2374,10374,-1.02202,0.666148
rc_a33_point_primary_hn1,3,2375,10375,-0.721953,0.455065
rc_a33_point_primary_hn1,3,2376,10376,-0.96781,0.409168
rc_a33_point_primary_hn1,3,2377,10377,-0.685713,0.560808
rc_a33_point_primary_hn1,3,2378,10378,-0.828341,0.714142
rc_a33_point_primary_hn1,3,2379,10379,-0.725564,0.518194
rc_a33_point_primary_hn1,3,2380,10380,-0.678154,0.539105
rc_a33_point_primary_hn1,3,2381,10381,-0.826533,0.72051
rc_a33_point_primary_hn1,3,2382,10382,-0.869115,0.706949
rc_a33_point_primary_hn1,3,2383,10383,-0.726804,1.11193
rc_a33_point_primary_hn1,3,2384,10384,-0.372725,0.818871
rc_a33_point_primary_hn1,3,2385,10385,-0.267302,0.749348
rc_a33_point_primary_hn1,3,2386,10386,-0.26362,0.768998
rc_a33_point_primary_hn1,3,2387,10387,-0.284404,0.791171
rc_a33_point_primary_hn1,3,2388,10388,-0.412146,1.34821
rc_a33_point_primary_hn1,3,2389,10389,-1.05753,1.17225
rc_a33_point_primary_hn1,3,2390,10390,-1.49865,0.651993
rc_a33_point_primary_hn1,3,2391,10391,-1.17387,0.5148
rc_a33_point_primary_hn1,3,2392,10392,-1.23589,0.501641
rc_a33_point_primary_hn1,3,2393,10393,-1.19469,0.527416
rc_a33_point_primary_hn1,3,2394,10394,-1.29025,0.585452
rc_a33_point_primary_hn1,3,2395,10395,-0.413487,0.703883
rc_a33_point_primary_hn1,3,2396,10396,-0.268181,0.612536
rc_a33_point_primary_hn1,3,2397,10397,-0.356826,0.823999
rc_a33_point_primary_hn1,3,2398,10398,-0.62791,0.946889
rc_a33_point_primary_hn1,3,2399,10399,-0.546954,0.841739
rc_a33_point_primary_hn1,3,2400,10400,-0.666343,0.703653
rc_a33_point_primary_hn1,3,2401,10401,-0.877481,1.02811
rc_a33_point_primary_hn1,3,2402,10402,-0.465562,0.809562
rc_a33_point_primary_hn1,3,2403,10403,-0.348301,0.871403
rc_a33_point_primary_hn1,3,2404,10404,-0.936208,0.480647
rc_a33_point_primary_hn1,3,2405,10405,-0.938731,0.575353
rc_a33_point_primary_hn1,3,2406,10406,-1.00403,0.527439
rc_a33_point_primary_hn1,3,2407,10407,-0.711322,0.592579
rc_a33_point_primary_hn1,3,2408,10408,-0.389561,0.694354
rc_a33_point_primary_hn1,3,2409,10409,-0.522316,0.804937
rc_a33_point_primary_hn1,3,2410,10410,-0.798147,0.767842
rc_a33_point_primary_hn1,3,2411,10411,-0.864489,0.599612
rc_a33_point_primary_hn1,3,2412,10412,-0.363979,0.562828
rc_a33_point_primary_hn1,3,2413,10413,-0.631339,0.542163
rc_a33_point_primary_hn1,3,2414,10414,-0.45633,0.57868
rc_a33_point_primary_hn1,3,2415,10415,-0.558297,0.406761
rc_a33_point_primary_hn1,3,2416,10416,-0.666497,0.46147
rc_a33_point_primary_hn1,3,2417,10417,-0.81889,0.410334
rc_a33_point_primary_hn1,3,2418,10418,-0.572753,0.631336
rc_a33_point_primary_hn1,3,2419,10419,-0.74254,0.658471
rc_a33_point_primary_hn1,3,2420,10420,-0.612393,0.73755
rc_a33_point_primary_hn1,3,2421,10421,-1.38083,0.70038
rc_a33_point_primary_hn1,3,2422,10422,-1.02566,0.991797
rc_a33_point_primary_hn1,3,2423,10423,-1.01545,0.64426
rc_a33_point_primary_hn1,3,2424,10424,-0.971167,0.828871
rc_a33_point_primary_hn1,3,2425,10425,-0.906359,0.522678
rc_a33_point_primary_hn1,3,2426,10426,-1.13185,0.870281
rc_a33_point_primary_hn1,3,2427,10427,-0.812975,0.482525
rc_a33_point_primary_hn1,3,2428,10428,-0.731209,0.666547
rc_a33_point_primary_hn1,3,2429,10429,-0.795509,0.802369
rc_a33_point_primary_hn1,3,2430,10430,-1.05026,0.981849
rc_a33_point_primary_hn1,3,2431,10431,-1.12933,0.70588
rc_a33_point_primary_hn1,3,2432,10432,-1.07712,0.762923
rc_a33_point_primary_hn1,3,2433,10433,-0.393477,0.538458
rc_a33_point_primary_hn1,3,2434,10434,-0.222505,0.541813
rc_a33_point_primary_hn1,3,2435,10435,-0.288827,0.512772
rc_a33_point_primary_hn1,3,2436,10436,-0.474572,0.508528
rc_a33_point_primary_hn1,3,2437,10437,-0.293431,0.811629
rc_a33_point_primary_hn1,3,2438,10438,-0.63598,0.645306
rc_a33_point_primary_hn1,3,2439,10439,-0.883342,0.50642
rc_a33_point_primary_hn1,3,2440,10440,-0.841545,0.615199
rc_a33_point_primary_hn1,3,2441,10441,-1.0824,0.664192
rc_a33_point_primary_hn1,3,2442,10442,-1.05173,0.559209
rc_a33_point_primary_hn1,3,2443,10443,-1.13228,0.442174
rc_a33_point_primary_hn1,3,2444,10444,-1.10256,0.479053
rc_a33_point_primary_hn1,3,2445,10445,-1.15951,0.677731
rc_a33_point_primary_hn1,3,2446,10446,-0.726802,1.52028
rc_a33_point_primary_hn1,3,2447,10447,-0.701255,1.52979
rc_a33_point_primary_hn1,3,2448,10448,-0.699428,0.875024
rc_a33_point_primary_hn1,3,2449,10449,-1.01505,0.527462
rc_a33_point_primary_hn1,3,2450,10450,-1.0623,0.556362
rc_a33_point_primary_hn1,3,2451,10451,-1.06655,0.722492
rc_a33_point_primary_hn1,3,2452,10452,-1.1061,0.690365
rc_a33_point_primary_hn1,3,2453,10453,-1.11828,0.811903
rc_a33_point_primary_hn1,3,2454,10454,-1.09501,0.843325
rc_a33_point_primary_hn1,3,2455,10455,-0.798781,0.704948
rc_a33_point_primary_hn1,3,2456,10456,-0.795398,0.760049
rc_a33_point_primary_hn1,3,2457,10457,-0.703747,0.73148
rc_a33_point_primary_hn1,3,2458,10458,-0.611393,0.37997
rc_a33_point_primary_hn1,3,2459,10459,-0.519218,0.465002
rc_a33_point_primary_hn1,3,2460,10460,-0.599823,0.633438
rc_a33_point_primary_hn1,3,2461,10461,-0.30742,0.801957
rc_a33_point_primary_hn1,3,2462,10462,-0.788896,0.482741
rc_a33_point_primary_hn1,3,2463,10463,-0.642886,0.513847
rc_a33_point_primary_hn1,3,2464,10464,-0.831714,0.685979
rc_a33_point_primary_hn1,3,2465,10465,-0.531597,0.376303
rc_a33_point_primary_hn1,3,2466,10466,-0.598121,0.375401
rc_a33_point_primary_hn1,3,2467,10467,-0.63112,0.449287
rc_a33_point_primary_hn1,3,2468,10468,-0.508654,0.717034
rc_a33_point_primary_hn1,3,2469,10469,-0.804718,0.664126
rc_a33_point_primary_hn1,3,2470,10470,-1.12357,0.832165
rc_a33_point_primary_hn1,3,2471,10471,-1.31403,0.732927
rc_a33_point_primary_hn1,3,2472,10472,-0.883611,0.497422
rc_a33_point_primary_hn1,3,2473,10473,-1.16528,0.525905
rc_a33_point_primary_hn1,3,2474,10474,-1.03566,0.394372
rc_a33_point_primary_hn1,3,2475,10475,-1.11838,0.661045
rc_a33_point_primary_hn1,3,2476,10476,-1.22071,0.583688
rc_a33_point_primary_hn1,3,2477,10477,-0.988277,1.1923
rc_a33_point_primary_hn1,3,2478,10478,-0.8308,1.04381
rc_a33_point_primary_hn1,3,2479,10479,-0.663124,0.898748
rc_a33_point_primary_hn1,3,2480,10480,-0.794605,0.555131
rc_a33_point_primary_hn1,3,2481,10481,-0.709656,0.451638
rc_a33_point_primary_hn1,3,2482,10482,-0.610823,0.431075
rc_a33_point_primary_hn1,3,2483,10483,-0.595989,0.469918
rc_a33_point_primary_hn1,3,2484,10484,-0.550977,0.374906
rc_a33_point_primary_hn1,3,2485,10485,-0.84236,0.446553
rc_a33_point_primary_hn1,3,2486,10486,-0.865444,0.734957
rc_a33_point_primary_hn1,3,2487,10487,-0.736865,0.715013
rc_a33_point_primary_hn1,3,2488,10488,-0.844096,0.543773
rc_a33_point_primary_hn1,3,2489,10489,-1.55727,1.2001
rc_a33_point_primary_hn1,3,2490,10490,-1.44295,1.19487
rc_a33_point_primary_hn1,3,2491,10491,-1.51077,1.20194
rc_a33_point_primary_hn1,3,2492,10492,-1.31763,1.10321
rc_a33_point_primary_hn1,3,2493,10493,-1.32792,1.1303
rc_a33_point_primary_hn1,3,2494,10494,-0.751947,0.320007
rc_a33_point_primary_hn1,3,2495,10495,-0.684027,0.290457
rc_a33_point_primary_hn1,3,2496,10496,-0.820145,0.281372
rc_a33_point_primary_hn1,3,2497,10497,-0.840954,0.266906
rc_a33_point_primary_hn1,3,2498,10498,-0.838322,0.304563
rc_a33_point_primary_hn1,3,2499,10499,-0.7166,0.206081
rc_a33_point_primary_hn1,3,2500,10500,-0.888739,0.34786
rc_a33_point_primary_hn1,3,2501,10501,-0.877667,0.400833
rc_a33_point_primary_hn1,3,2502,10502,-0.947772,0.3612
rc_a33_point_primary_hn1,3,2503,10503,-0.731828,0.313566
rc_a33_point_primary_hn1,3,2504,10504,-0.923141,0.419421
rc_a33_point_primary_hn1,3,2505,10505,-0.712744,0.394258
rc_a33_point_primary_hn1,3,2506,10506,-0.863819,0.406756
rc_a33_point_primary_hn1,3,2507,10507,-0.808881,0.491555
rc_a33_point_primary_hn1,3,2508,10508,-0.763262,0.402756
rc_a33_point_primary_hn1,3,2509,10509,-0.780998,0.623395
rc_a33_point_primary_hn1,3,2510,10510,-0.836986,0.888091
rc_a33_point_primary_hn1,3,2511,10511,-0.858955,0.561607
rc_a33_point_primary_hn1,3,2512,10512,-0.60438,0.417414
rc_a33_point_primary_hn1,3,2513,10513,-0.414873,0.703257
rc_a33_point_primary_hn1,3,2514,10514,0.219066,1.22949
rc_a33_point_primary_hn1,3,2515,10515,0.0930001,2.71926
rc_a33_point_primary_hn1,3,2516,10516,0.06487,2.64182
rc_a33_point_primary_hn1,3,2517,10517,-0.95711,0.598557
rc_a33_point_primary_hn1,3,2518,10518,-1.00466,0.573294
rc_a33_point_primary_hn1,3,2519,10519,-1.03551,0.694962
rc_a33_point_primary_hn1,3,2520,10520,-0.760103,0.50515
rc_a33_point_primary_hn1,3,2521,10521,-0.735361,0.347829
rc_a33_point_primary_hn1,3,2522,10522,-0.655963,0.338818
rc_a33_point_primary_hn1,3,2523,10523,-0.593085,0.293318
rc_a33_point_primary_hn1,3,2524,10524,-1.08278,0.41171
rc_a33_point_primary_hn1,3,2525,10525,-1.01281,0.521806
rc_a33_point_primary_hn1,3,2526,10526,-1.01248,0.404151
rc_a33_point_primary_hn1,3,2527,10527,-0.975627,0.467526
rc_a33_point_primary_hn1,3,2528,10528,-0.780266,0.384495
rc_a33_point_primary_hn1,3,2529,10529,-0.718915,0.643143
rc_a33_point_primary_hn1,3,2530,10530,-0.178797,0.597919
rc_a33_point_primary_hn1,3,2531,10531,-1.13343,0.649797
rc_a33_point_primary_hn1,3,2532,10532,-1.07252,0.494457
rc_a33_point_primary_hn1,3,2533,10533,-1.10015,0.573852
rc_a33_point_primary_hn1,3,2534,10534,-0.844758,0.55731
rc_a33_point_primary_hn1,3,2535,10535,-0.482255,0.614497
rc_a33_point_primary_hn1,3,2536,10536,-0.293653,1.07525
rc_a33_point_primary_hn1,3,2537,10537,-0.427376,0.913059
rc_a33_point_primary_hn1,3,2538,10538,-0.372066,1.0767
rc_a33_point_primary_hn1,3,2539,10539,-1.12402,0.517547
rc_a33_point_primary_hn1,3,2540,10540,-0.977774,0.599938
rc_a33_point_primary_hn1,3,2541,10541,-1.11828,0.967748
rc_a33_point_primary_hn1,3,2542,10542,-0.902563,0.459573
rc_a33_point_primary_hn1,3,2543,10543,-1.3706,0.719949
rc_a33_point_primary_hn1,3,2544,10544,-1.29162,0.738469
rc_a33_point_primary_hn1,3,2545,10545,-1.24138,0.786852
rc_a33_point_primary_hn1,3,2546,10546,-0.990728,0.587128
rc_a33_point_primary_hn1,3,2547,10547,-0.821445,0.559004
rc_a33_point_primary_hn1,3,2548,10548,-0.892586,0.42654
rc_a33_point_primary_hn1,3,2549,10549,-0.544811,0.493634
rc_a33_point_primary_hn1,3,2550,10550,-0.608601,0.419129
rc_a33_point_primary_hn1,3,2551,10551,-0.484001,0.380236
rc_a33_point_primary_hn1,3,2552,10552,-0.739701,0.717596
rc_a33_point_primary_hn1,3,2553,10553,-0.840195,0.574881
rc_a33_point_primary_hn1,3,2554,10554,-0.812334,0.450829
rc_a33_point_primary_hn1,3,2555,10555,-0.75811,0.473019
rc_a33_point_primary_hn1,3,2556,10556,-0.859387,0.441452
rc_a33_point_primary_hn1,3,2557,10557,-0.60489,0.298885
rc_a33_point_primary_hn1,3,2558,10558,-0.773981,0.408122
rc_a33_point_primary_hn1,3,2559,10559,-0.80149,0.334049
rc_a33_point_primary_hn1,3,2560,10560,-1.00724,0.59845
rc_a33_point_primary_hn1,3,2561,10561,-1.02562,0.736651
rc_a33_point_primary_hn1,3,2562,10562,-1.11412,0.877839
rc_a33_point_primary_hn1,3,2563,10563,-0.704059,0.657267
rc_a33_point_primary_hn1,3,2564,10564,-0.791683,0.721475
rc_a33_point_primary_hn1,3,2565,10565,-0.780112,0.705697
rc_a33_point_primary_hn1,3,2566,10566,-0.810738,0.525574
rc_a33_point_primary_hn1,3,2567,10567,-0.888346,0.620717
rc_a33_point_primary_hn1,3,2568,10568,-0.671523,0.80291
rc_a33_point_primary_hn1,3,2569,10569,-0.805398,0.797254
rc_a33_point_primary_hn1,3,2570,10570,-0.643423,1.00181
rc_a33_point_primary_hn1,3,2571,10571,-1.01825,0.597914
rc_a33_point_primary_hn1,3,2572,10572,-0.945283,0.703134
rc_a33_point_primary_hn1,3,2573,10573,-0.983693,0.71254
rc_a33_point_primary_hn1,3,2574,10574,-0.674614,0.646835
rc_a33_point_primary_hn1,3,2575,10575,-0.559578,0.883287
rc_a33_point_primary_hn1,3,2576,10576,-1.38913,1.42459
rc_a33_point_primary_hn1,3,2577,10577,-1.34795,1.38938
rc_a33_point_primary_hn1,3,2578,10578,-0.857388,0.479781
rc_a33_point_primary_hn1,3,2579,10579,-0.66155,0.58028
rc_a33_point_primary_hn1,3,2580,10580,-0.938312,0.595565
rc_a33_point_primary_hn1,3,2581,10581,-0.771997,0.297985
rc_a33_point_primary_hn1,3,2582,10582,-0.730137,0.369813
rc_a33_point_primary_hn1,3,2583,10583,-0.598188,0.381537
rc_a33_point_primary_hn1,3,2584,10584,-0.961174,0.419579
rc_a33_point_primary_hn1,3,2585,10585,-0.885261,0.596407
rc_a33_point_primary_hn1,3,2586,10586,-0.830113,0.445432
rc_a33_point_primary_hn1,3,2587,10587,-0.869098,0.356349
rc_a33_point_primary_hn1,3,2588,10588,-0.704599,0.359874
rc_a33_point_primary_hn1,3,2589,10589,-0.616833,1.03302
rc_a33_point_primary_hn1,3,2590,10590,-0.694325,1.03934
rc_a33_point_primary_hn1,3,2591,10591,-0.641567,0.963397
rc_a33_point_primary_hn1,3,2592,10592,-0.61029,0.922149
rc_a33_point_primary_hn1,3,2593,10593,-0.680754,0.393148
rc_a33_point_primary_hn1,3,2594,10594,-0.673703,0.395246
rc_a33_point_primary_hn1,3,2595,10595,-0.637792,0.287373
rc_a33_point_primary_hn1,3,2596,10596,-0.673336,0.288646
rc_a33_point_primary_hn1,3,2597,10597,-0.563696,0.383904
rc_a33_point_primary_hn1,3,2598,10598,-0.880515,0.645784
rc_a33_point_primary_hn1,3,2599,10599,-0.731417,0.259791
rc_a33_point_primary_hn1,3,2600,10600,-0.915185,0.332094
rc_a33_point_primary_hn1,3,2601,10601,-0.831981,0.359842
rc_a33_point_primary_hn1,3,2602,10602,-0.777561,0.53237
rc_a33_point_primary_hn1,3,2603,10603,-0.742171,0.348056
rc_a33_point_primary_hn1,3,2604,10604,-0.820864,0.404615
rc_a33_point_primary_hn1,3,2605,10605,-0.772549,0.424553
rc_a33_point_primary_hn1,3,2606,10606,-0.77361,0.373266
rc_a33_point_primary_hn1,3,2607,10607,-0.554532,0.537621
rc_a33_point_primary_hn1,3,2608,10608,-0.531403,0.660683
rc_a33_point_primary_hn1,3,2609,10609,-0.346999,0.606962
rc_a33_point_primary_hn1,3,2610,10610,-1.00126,0.62107
rc_a33_point_primary_hn1,3,2611,10611,-0.903283,0.517314
rc_a33_point_primary_hn1,3,2612,10612,-0.706415,0.431501
rc_a33_point_primary_hn1,3,2613,10613,-0.756066,0.49311
rc_a33_point_primary_hn1,3,2614,10614,-0.667054,0.500935
rc_a33_point_primary_hn1,3,2615,10615,-0.885534,0.365972
rc_a33_point_primary_hn1,3,2616,10616,-0.841005,0.332631
rc_a33_point_primary_hn1,3,2617,10617,-0.913863,0.547791
rc_a33_point_primary_hn1,3,2618,10618,-0.407208,0.32154
rc_a33_point_primary_hn1,3,2619,10619,-0.508511,0.355324
rc_a33_point_primary_hn1,3,2620,10620,-0.554982,0.399797
rc_a33_point_primary_hn1,3,2621,10621,-0.442651,0.344167
rc_a33_point_primary_hn1,3,2622,10622,-0.426085,0.507094
rc_a33_point_primary_hn1,3,2623,10623,-0.365939,0.79744
rc_a33_point_primary_hn1,3,2624,10624,-0.996576,0.361836
rc_a33_point_primary_hn1,3,2625,10625,-1.11902,0.8494
rc_a33_point_primary_hn1,3,2626,10626,-1.13711,0.935096
rc_a33_point_primary_hn1,3,2627,10627,-1.30162,0.976028
rc_a33_point_primary_hn1,3,2628,10628,0.084626,1.26188
rc_a33_point_primary_hn1,3,2629,10629,0.00328186,1.17583
rc_a33_point_primary_hn1,3,2630,10630,-0.527607,0.403776
rc_a33_point_primary_hn1,3,2631,10631,-0.666304,0.526282
rc_a33_point_primary_hn1,3,2632,10632,-0.55577,0.469196
rc_a33_point_primary_hn1,3,2633,10633,-0.563861,0.541011
rc_a33_point_primary_hn1,3,2634,10634,-0.764492,0.552652
rc_a33_point_primary_hn1,3,2635,10635,-0.61966,0.721472
rc_a33_point_primary_hn1,3,2636,10636,-0.71695,0.638186
rc_a33_point_primary_hn1,3,2637,10637,-0.580507,0.794151
rc_a33_point_primary_hn1,3,2638,10638,-0.693592,0.77425
rc_a33_point_primary_hn1,3,2639,10639,-0.901553,1.25461
rc_a33_point_primary_hn1,3,2640,10640,-0.846839,0.685655
rc_a33_point_primary_hn1,3,2641,10641,-0.717903,0.829451
rc_a33_point_primary_hn1,3,2642,10642,-0.755076,0.96831
rc_a33_point_primary_hn1,3,2643,10643,-0.842948,0.805914
rc_a33_point_primary_hn1,3,2644,10644,-0.846563,0.854544
rc_a33_point_primary_hn1,3,2645,10645,-0.669822,0.539116
rc_a33_point_primary_hn1,3,2646,10646,-0.379337,0.783142
rc_a33_point_primary_hn1,3,2647,10647,-0.476198,1.35321
rc_a33_point_primary_hn1,3,2648,10648,-0.477054,0.880805
rc_a33_point_primary_hn1,3,2649,10649,-0.451834,0.93229
rc_a33_point_primary_hn1,3,2650,10650,-0.520109,0.78923
rc_a33_point_primary_hn1,3,2651,10651,-0.627071,0.891042
rc_a33_point_primary_hn1,3,2652,10652,-0.583147,0.778508
rc_a33_point_primary_hn1,3,2653,10653,-0.953732,0.696323
rc_a33_point_primary_hn1,3,2654,10654,-0.590877,0.605089
rc_a33_point_primary_hn1,3,2655,10655,-0.815614,0.425849
rc_a33_point_primary_hn1,3,2656,10656,-0.783626,0.384021
rc_a33_point_primary_hn1,3,2657,10657,-0.578498,0.531282
rc_a33_point_primary_hn1,3,2658,10658,-0.504049,0.555651
rc_a33_point_primary_hn1,3,2659,10659,-0.501167,0.54257
rc_a33_point_primary_hn1,3,2660,10660,-0.550058,0.662887
rc_a33_point_primary_hn1,3,2661,10661,-0.663966,0.345166
rc_a33_point_primary_hn1,3,2662,10662,-0.680092,0.388194
rc_a33_point_primary_hn1,3,2663,10663,-0.762057,0.193716
rc_a33_point_primary_hn1,3,2664,10664,-0.680872,0.377709
rc_a33_point_primary_hn1,3,2665,10665,-0.687613,0.306523
rc_a33_point_primary_hn1,3,2666,10666,-0.765414,0.360567
rc_a33_point_primary_hn1,3,2667,10667,-0.729278,0.252402
rc_a33_point_primary_hn1,3,2668,10668,-0.717181,0.35587
rc_a33_point_primary_hn1,3,2669,10669,-0.76629,0.511491
rc_a33_point_primary_hn1,3,2670,10670,-0.673418,0.407286
rc_a33_point_primary_hn1,3,2671,10671,-0.823167,0.552764
rc_a33_point_primary_hn1,3,2672,10672,-0.664696,0.602193
rc_a33_point_primary_hn1,3,2673,10673,-0.577375,0.784321
rc_a33_point_primary_hn1,3,2674,10674,-0.925485,0.835983
rc_a33_point_primary_hn1,3,2675,10675,-0.919654,0.803604
rc_a33_point_primary_hn1,3,2676,10676,-0.813109,0.882099
rc_a33_point_primary_hn1,3,2677,10677,-0.81162,0.918769
rc_a33_point_primary_hn1,3,2678,10678,-1.05965,1.06406
rc_a33_point_primary_hn1,3,2679,10679,-0.960245,0.75926
rc_a33_point_primary_hn1,3,2680,10680,-0.950417,0.617906
rc_a33_point_primary_hn1,3,2681,10681,-0.951894,0.570982
rc_a33_point_primary_hn1,3,2682,10682,-0.969901,0.492584
rc_a33_point_primary_hn1,3,2683,10683,-0.848466,0.511582
rc_a33_point_primary_hn1,3,2684,10684,-0.7906,0.53058399999999994
rc_a33_point_primary_hn1,3,2685,10685,-0.884977,0.724999
rc_a33_point_primary_hn1,3,2686,10686,-0.886856,0.918754
rc_a33_point_primary_hn1,3,2687,10687,-0.553168,0.900652
rc_a33_point_primary_hn1,3,2688,10688,-0.774324,0.744308
rc_a33_point_primary_hn1,3,2689,10689,-0.744462,0.819098
rc_a33_point_primary_hn1,3,2690,10690,-0.725494,0.715497
rc_a33_point_primary_hn1,3,2691,10691,-0.63703,0.635713
rc_a33_point_primary_hn1,3,2692,10692,-0.588358,0.610406
rc_a33_point_primary_hn1,3,2693,10693,-0.597883,0.739069
rc_a33_point_primary_hn1,3,2694,10694,-1.07133,1.28165
rc_a33_point_primary_hn1,3,2695,10695,-0.878225,0.711921
rc_a33_point_primary_hn1,3,2696,10696,-0.707263,0.756626
rc_a33_point_primary_hn1,3,2697,10697,-0.799443,0.822355
rc_a33_point_primary_hn1,3,2698,10698,-0.590237,0.703894
rc_a33_point_primary_hn1,3,2699,10699,-0.68743,0.600998
rc_a33_point_primary_hn1,3,2700,10700,-0.634988,0.587801
rc_a33_point_primary_hn1,3,2701,10701,-1.17597,0.644608
rc_a33_point_primary_hn1,3,2702,10702,-0.980715,0.367391
rc_a33_point_primary_hn1,3,2703,10703,-1.18178,0.531766
rc_a33_point_primary_hn1,3,2704,10704,-0.955819,0.523398
rc_a33_point_primary_hn1,3,2705,10705,-1.06614,0.785664
rc_a33_point_primary_hn1,3,2706,10706,-0.973716,0.543812
rc_a33_point_primary_hn1,3,2707,10707,-0.70201,0.762505
rc_a33_point_primary_hn1,3,2708,10708,-0.60006,0.605206
rc_a33_point_primary_hn1,3,2709,10709,-0.539869,0.537479
rc_a33_point_primary_hn1,3,2710,10710,-0.674293,0.585454
rc_a33_point_primary_hn1,3,2711,10711,-0.662387,0.468118
rc_a33_point_primary_hn1,3,2712,10712,-0.615306,0.671858
rc_a33_point_primary_hn1,3,2713,10713,-0.708929,0.509762
rc_a33_point_primary_hn1,3,2714,10714,-0.444448,0.67835
rc_a33_point_primary_hn1,3,2715,10715,-0.307827,0.622614
rc_a33_point_primary_hn1,3,2716,10716,-0.37169,0.635913
rc_a33_point_primary_hn1,3,2717,10717,-0.349279,0.541756
rc_a33_point_primary_hn1,3,2718,10718,-0.752714,0.638837
rc_a33_point_primary_hn1,3,2719,10719,-0.973227,0.329753
rc_a33_point_primary_hn1,3,2720,10720,-0.629291,0.721502
rc_a33_point_primary_hn1,3,2721,10721,-0.682332,0.807892
rc_a33_point_primary_hn1,3,2722,10722,-0.599607,0.434385
rc_a33_point_primary_hn1,3,2723,10723,-0.492428,0.627374
rc_a33_point_primary_hn1,3,2724,10724,-0.525645,0.601132
rc_a33_point_primary_hn1,3,2725,10725,-0.44267,0.502892
rc_a33_point_primary_hn1,3,2726,10726,-0.641423,0.521007
rc_a33_point_primary_hn1,3,2727,10727,-0.668007,0.521293
rc_a33_point_primary_hn1,3,2728,10728,-0.649853,0.322914
rc_a33_point_primary_hn1,3,2729,10729,-0.597719,0.525152
rc_a33_point_primary_hn1,3,2730,10730,-0.614171,0.53588
rc_a33_point_primary_hn1,3,2731,10731,-0.407462,0.608508
rc_a33_point_primary_hn1,3,2732,10732,-0.947018,0.84294
rc_a33_point_primary_hn1,3,2733,10733,-0.50556,0.481554
rc_a33_point_primary_hn1,3,2734,10734,-0.551256,0.523285
rc_a33_point_primary_hn1,3,2735,10735,-0.660877,0.599792
rc_a33_point_primary_hn1,3,2736,10736,-0.747175,0.438081
rc_a33_point_primary_hn1,3,2737,10737,-0.767374,0.430299
rc_a33_point_primary_hn1,3,2738,10738,-0.635715,0.5815
rc_a33_point_primary_hn1,3,2739,10739,-0.738164,0.795896
rc_a33_point_primary_hn1,3,2740,10740,-0.401717,0.558283
rc_a33_point_primary_hn1,3,2741,10741,-0.509154,0.522878
rc_a33_point_primary_hn1,3,2742,10742,-0.679391,0.477864
rc_a33_point_primary_hn1,3,2743,10743,-0.652631,0.500631
rc_a33_point_primary_hn1,3,2744,10744,-0.750787,0.334291
rc_a33_point_primary_hn1,3,2745,10745,-0.655234,0.4165
rc_a33_point_primary_hn1,3,2746,10746,-1.02118,0.702969
rc_a33_point_primary_hn1,3,2747,10747,-0.972991,0.733002
rc_a33_point_primary_hn1,3,2748,10748,-1.19307,0.673715
rc_a33_point_primary_hn1,3,2749,10749,-1.00094,0.640161
rc_a33_point_primary_hn1,3,2750,10750,-1.09712,0.698728
rc_a33_point_primary_hn1,3,2751,10751,-1.01885,0.719161
rc_a33_point_primary_hn1,3,2752,10752,-0.699428,0.537696
rc_a33_point_primary_hn1,3,2753,10753,-0.669234,0.513196
rc_a33_point_primary_hn1,3,2754,10754,-0.820349,0.942614
rc_a33_point_primary_hn1,3,2755,10755,-0.778046,0.773422
rc_a33_point_primary_hn1,3,2756,10756,-0.873045,0.982491
rc_a33_point_primary_hn1,3,2757,10757,-0.709087,0.550542
rc_a33_point_primary_hn1,3,2758,10758,-0.654302,0.602519
rc_a33_point_primary_hn1,3,2759,10759,-0.67209,0.49681
rc_a33_point_primary_hn1,3,2760,10760,-0.554212,0.504917
rc_a33_point_primary_hn1,3,2761,10761,-0.652479,0.699855
rc_a33_point_primary_hn1,3,2762,10762,-0.620823,0.64040299999999994
rc_a33_point_primary_hn1,3,2763,10763,-0.771178,0.575603
rc_a33_point_primary_hn1,3,2764,10764,-0.717541,0.654175
rc_a33_point_primary_hn1,3,2765,10765,-0.988663,0.813858
rc_a33_point_primary_hn1,3,2766,10766,-0.795568,0.846512
rc_a33_point_primary_hn1,3,2767,10767,-0.726691,0.904512
rc_a33_point_primary_hn1,3,2768,10768,-0.294112,0.613372
rc_a33_point_primary_hn1,3,2769,10769,-0.231713,0.487172
rc_a33_point_primary_hn1,3,2770,10770,-0.136401,0.529679
rc_a33_point_primary_hn1,3,2771,10771,-0.231147,0.776236
rc_a33_point_primary_hn1,3,2772,10772,-0.32693,0.728148
rc_a33_point_primary_hn1,3,2773,10773,-0.563375,0.28224900000000003
rc_a33_point_primary_hn1,3,2774,10774,-0.785826,0.290476
rc_a33_point_primary_hn1,3,2775,10775,-0.758587,0.386113
rc_a33_point_primary_hn1,3,2776,10776,-1.02867,0.486127
rc_a33_point_primary_hn1,3,2777,10777,-1.10429,0.475693
rc_a33_point_primary_hn1,3,2778,10778,-0.602143,0.791661
rc_a33_point_primary_hn1,3,2779,10779,-0.604042,0.792031
rc_a33_point_primary_hn1,3,2780,10780,-0.722252,0.435024
rc_a33_point_primary_hn1,3,2781,10781,-0.652698,0.433212
rc_a33_point_primary_hn1,3,2782,10782,-0.618227,0.314502
rc_a33_point_primary_hn1,3,2783,10783,-0.712034,0.312817
rc_a33_point_primary_hn1,3,2784,10784,-0.768183,0.241826
rc_a33_point_primary_hn1,3,2785,10785,-0.564553,0.516892
rc_a33_point_primary_hn1,3,2786,10786,-0.804543,0.423426
rc_a33_point_primary_hn1,3,2787,10787,-0.731608,0.363482
rc_a33_point_primary_hn1,3,2788,10788,-0.997184,0.396779
rc_a33_point_primary_hn1,3,2789,10789,-1.08133,0.282843
rc_a33_point_primary_hn1,3,2790,10790,-0.477955,0.842198
rc_a33_point_primary_hn1,3,2791,10791,-0.560869,0.765416
rc_a33_point_primary_hn1,3,2792,10792,-0.483577,0.758763
rc_a33_point_primary_hn1,3,2793,10793,-0.615769,0.648409
rc_a33_point_primary_hn1,3,2794,10794,-0.8579,0.588462
rc_a33_point_primary_hn1,3,2795,10795,-0.671199,0.444585
rc_a33_point_primary_hn1,3,2796,10796,-0.731229,0.605625
rc_a33_point_primary_hn1,3,2797,10797,-0.646313,0.70798
rc_a33_point_primary_hn1,3,2798,10798,-0.750836,0.728769
rc_a33_point_primary_hn1,3,2799,10799,-0.804067,0.625216
rc_a33_point_primary_hn1,3,2800,10800,-0.617101,0.631563
rc_a33_point_primary_hn1,3,2801,10801,-0.667318,0.350497
rc_a33_point_primary_hn1,3,2802,10802,-0.772639,0.43322
rc_a33_point_primary_hn1,3,2803,10803,-0.63757,0.384214
rc_a33_point_primary_hn1,3,2804,10804,-1.06931,0.453834
rc_a33_point_primary_hn1,3,2805,10805,-0.831425,0.378972
rc_a33_point_primary_hn1,3,2806,10806,-0.916404,0.503401
rc_a33_point_primary_hn1,3,2807,10807,-0.724853,0.508655
rc_a33_point_primary_hn1,3,2808,10808,-0.868365,0.646242
rc_a33_point_primary_hn1,3,2809,10809,-1.04546,0.395274
rc_a33_point_primary_hn1,3,2810,10810,-1.04227,0.400599
rc_a33_point_primary_hn1,3,2811,10811,-0.479135,0.862643
rc_a33_point_primary_hn1,3,2812,10812,-0.40345,0.503017
rc_a33_point_primary_hn1,3,2813,10813,-0.365722,0.740224
rc_a33_point_primary_hn1,3,2814,10814,-0.941313,0.403851
rc_a33_point_primary_hn1,3,2815,10815,-0.848689,0.445698
rc_a33_point_primary_hn1,3,2816,10816,-0.786367,0.520206
rc_a33_point_primary_hn1,3,2817,10817,-0.903053,0.459122
rc_a33_point_primary_hn1,3,2818,10818,-0.706203,0.621187
rc_a33_point_primary_hn1,3,2819,10819,-0.749982,0.552169
rc_a33_point_primary_hn1,3,2820,10820,-0.556714,0.456803
rc_a33_point_primary_hn1,3,2821,10821,-0.647686,0.452432
rc_a33_point_primary_hn1,3,2822,10822,-1.19476,0.413786
rc_a33_point_primary_hn1,3,2823,10823,-0.951053,0.320393
rc_a33_point_primary_hn1,3,2824,10824,-1.40106,0.557447
rc_a33_point_primary_hn1,3,2825,10825,-1.25612,0.499222
rc_a33_point_primary_hn1,3,2826,10826,-1.28084,0.425111
rc_a33_point_primary_hn1,3,2827,10827,-0.493726,1.13828
rc_a33_point_primary_hn1,3,2828,10828,-0.472057,1.2021
rc_a33_point_primary_hn1,3,2829,10829,-0.334312,1.28721
rc_a33_point_primary_hn1,3,2830,10830,-0.36894,1.16753
rc_a33_point_primary_hn1,3,2831,10831,-0.385015,1.16719
rc_a33_point_primary_hn1,3,2832,10832,-0.274326,0.88345
rc_a33_point_primary_hn1,3,2833,10833,-0.61241,0.856063
rc_a33_point_primary_hn1,3,2834,10834,-0.797961,0.451438
rc_a33_point_primary_hn1,3,2835,10835,-0.868916,0.753355
rc_a33_point_primary_hn1,3,2836,10836,-0.748869,0.665608
rc_a33_point_primary_hn1,3,2837,10837,-0.909479,0.669365
rc_a33_point_primary_hn1,3,2838,10838,-0.87572,0.840037
rc_a33_point_primary_hn1,3,2839,10839,-0.717258,0.557502
rc_a33_point_primary_hn1,3,2840,10840,-0.433927,0.458741
rc_a33_point_primary_hn1,3,2841,10841,-0.402163,0.540304
rc_a33_point_primary_hn1,3,2842,10842,-0.377804,0.35069
rc_a33_point_primary_hn1,3,2843,10843,-0.506005,0.349923
rc_a33_point_primary_hn1,3,2844,10844,-0.397247,0.527833
rc_a33_point_primary_hn1,3,2845,10845,-0.355616,0.722674
rc_a33_point_primary_hn1,3,2846,10846,-0.537709,0.732756
rc_a33_point_primary_hn1,3,2847,10847,-1.09626,0.961333
rc_a33_point_primary_hn1,3,2848,10848,-0.831872,0.507193
rc_a33_point_primary_hn1,3,2849,10849,-0.747436,0.529561
rc_a33_point_primary_hn1,3,2850,10850,-0.716867,0.466104
rc_a33_point_primary_hn1,3,2851,10851,-0.6915,0.375938
rc_a33_point_primary_hn1,3,2852,10852,-0.695887,0.615272
rc_a33_point_primary_hn1,3,2853,10853,-0.673952,0.393566
rc_a33_point_primary_hn1,3,2854,10854,-0.648201,0.39079
rc_a33_point_primary_hn1,3,2855,10855,-0.790598,0.344896
rc_a33_point_primary_hn1,3,2856,10856,-0.683915,0.412166
rc_a33_point_primary_hn1,3,2857,10857,-0.753789,0.298361
rc_a33_point_primary_hn1,3,2858,10858,-0.945137,0.551081
rc_a33_point_primary_hn1,3,2859,10859,-0.680701,0.386576
rc_a33_point_primary_hn1,3,2860,10860,-0.906952,0.596844
rc_a33_point_primary_hn1,3,2861,10861,-0.83046,0.900878
rc_a33_point_primary_hn1,3,2862,10862,-0.856578,0.606148
rc_a33_point_primary_hn1,3,2863,10863,-0.798626,0.634426
rc_a33_point_primary_hn1,3,2864,10864,-0.875881,0.631158
rc_a33_point_primary_hn1,3,2865,10865,-0.498469,0.658029
rc_a33_point_primary_hn1,3,2866,10866,-0.6436,0.787254
rc_a33_point_primary_hn1,3,2867,10867,-0.552848,0.669924
rc_a33_point_primary_hn1,3,2868,10868,-0.778997,0.502207
rc_a33_point_primary_hn1,3,2869,10869,-0.728726,0.494931
rc_a33_point_primary_hn1,3,2870,10870,-0.672297,0.621845
rc_a33_point_primary_hn1,3,2871,10871,-0.66508,0.663662
rc_a33_point_primary_hn1,3,2872,10872,-0.614863,0.700687
rc_a33_point_primary_hn1,3,2873,10873,-0.485059,0.538653
rc_a33_point_primary_hn1,3,2874,10874,-0.497264,0.525903
rc_a33_point_primary_hn1,3,2875,10875,-0.461251,0.507086
rc_a33_point_primary_hn1,3,2876,10876,-0.515286,0.333126
rc_a33_point_primary_hn1,3,2877,10877,-0.498489,0.342349
rc_a33_point_primary_hn1,3,2878,10878,-0.92723,0.757781
rc_a33_point_primary_hn1,3,2879,10879,-0.913985,0.779503
rc_a33_point_primary_hn1,3,2880,10880,-0.896319,0.861183
rc_a33_point_primary_hn1,3,2881,10881,-0.8843,0.761744
rc_a33_point_primary_hn1,3,2882,10882,-0.75499,0.56036
rc_a33_point_primary_hn1,3,2883,10883,-0.816963,0.446045
rc_a33_point_primary_hn1,3,2884,10884,-0.740565,0.709128
rc_a33_point_primary_hn1,3,2885,10885,-0.576626,0.269528
rc_a33_point_primary_hn1,3,2886,10886,-0.650383,0.301043
rc_a33_point_primary_hn1,3,2887,10887,-0.565114,0.28682
rc_a33_point_primary_hn1,3,2888,10888,-0.718811,0.623092
rc_a33_point_primary_hn1,3,2889,10889,-0.880202,0.479509
rc_a33_point_primary_hn1,3,2890,10890,-0.738878,0.333297
rc_a33_point_primary_hn1,3,2891,10891,-0.732814,0.346389
rc_a33_point_primary_hn1,3,2892,10892,-0.845552,0.720849
rc_a33_point_primary_hn1,3,2893,10893,-0.842162,0.39385
rc_a33_point_primary_hn1,3,2894,10894,-1.02195,0.538771
rc_a33_point_primary_hn1,3,2895,10895,-0.828607,0.514504
rc_a33_point_primary_hn1,3,2896,10896,-0.625549,0.467342
rc_a33_point_primary_hn1,3,2897,10897,-1.09854,0.252157
rc_a33_point_primary_hn1,3,2898,10898,-0.856434,0.496545
rc_a33_point_primary_hn1,3,2899,10899,-0.822824,0.577374
rc_a33_point_primary_hn1,3,2900,10900,-0.673386,0.653994
rc_a33_point_primary_hn1,3,2901,10901,-0.848901,0.329333
rc_a33_point_primary_hn1,3,2902,10902,-1.17328,0.693338
rc_a33_point_primary_hn1,3,2903,10903,-0.787896,0.23174
rc_a33_point_primary_hn1,3,2904,10904,-0.869429,0.321659
rc_a33_point_primary_hn1,3,2905,10905,-0.648507,0.334152
rc_a33_point_primary_hn1,3,2906,10906,-0.663393,0.379632
rc_a33_point_primary_hn1,3,2907,10907,-0.411958,0.3659
rc_a33_point_primary_hn1,3,2908,10908,-0.792141,0.352865
rc_a33_point_primary_hn1,3,2909,10909,-0.659533,0.357709
rc_a33_point_primary_hn1,3,2910,10910,-0.337784,0.47658
rc_a33_point_primary_hn1,3,2911,10911,-0.24294,0.676485
rc_a33_point_primary_hn1,3,2912,10912,-0.660854,1.073
rc_a33_point_primary_hn1,3,2913,10913,-0.638805,1.02224
rc_a33_point_primary_hn1,3,2914,10914,-0.703001,0.721521
rc_a33_point_primary_hn1,3,2915,10915,-0.620601,0.792877
rc_a33_point_primary_hn1,3,2916,10916,-0.709824,0.620415
rc_a33_point_primary_hn1,3,2917,10917,-0.717845,0.642186
rc_a33_point_primary_hn1,3,2918,10918,-0.726396,0.63681
rc_a33_point_primary_hn1,3,2919,10919,-0.651142,0.450637
rc_a33_point_primary_hn1,3,2920,10920,-0.673082,0.600827
rc_a33_point_primary_hn1,3,2921,10921,-0.860568,0.464234
rc_a33_point_primary_hn1,3,2922,10922,-0.988158,0.873663
rc_a33_point_primary_hn1,3,2923,10923,-1.01912,0.666665
rc_a33_point_primary_hn1,3,2924,10924,-1.08096,0.816667
rc_a33_point_primary_hn1,3,2925,10925,-0.994812,0.696996
rc_a33_point_primary_hn1,3,2926,10926,-0.832796,0.561773
rc_a33_point_primary_hn1,3,2927,10927,-1.32734,0.758036
rc_a33_point_primary_hn1,3,2928,10928,-1.28703,0.868689
rc_a33_point_primary_hn1,3,2929,10929,-1.0888,1.18858
rc_a33_point_primary_hn1,3,2930,10930,-0.699177,0.499309
rc_a33_point_primary_hn1,3,2931,10931,-0.654161,1.17577
rc_a33_point_primary_hn1,3,2932,10932,-0.784903,0.673792
rc_a33_point_primary_hn1,3,2933,10933,-0.904436,0.633623
rc_a33_point_primary_hn1,3,2934,10934,-1.18082,0.648393
rc_a33_point_primary_hn1,3,2935,10935,-1.17721,0.882243
rc_a33_point_primary_hn1,3,2936,10936,-0.876787,0.480924
rc_a33_point_primary_hn1,3,2937,10937,-0.749997,0.372498
rc_a33_point_primary_hn1,3,2938,10938,-0.775238,0.410697
rc_a33_point_primary_hn1,3,2939,10939,-0.923909,0.439327
rc_a33_point_primary_hn1,3,2940,10940,-1.08611,0.817803
rc_a33_point_primary_hn1,3,2941,10941,-0.934134,0.655073
rc_a33_point_primary_hn1,3,2942,10942,-0.861724,0.784256
rc_a33_point_primary_hn1,3,2943,10943,-0.908494,1.04028
rc_a33_point_primary_hn1,3,2944,10944,-0.739998,0.510656
rc_a33_point_primary_hn1,3,2945,10945,-0.816689,0.55017
rc_a33_point_primary_hn1,3,2946,10946,-0.818238,0.44522
rc_a33_point_primary_hn1,3,2947,10947,-0.83885,0.514479
rc_a33_point_primary_hn1,3,2948,10948,-0.77778,0.434796
rc_a33_point_primary_hn1,3,2949,10949,-0.235769,0.776794
rc_a33_point_primary_hn1,3,2950,10950,-0.377817,0.694351
rc_a33_point_primary_hn1,3,2951,10951,-1.15107,0.531863
rc_a33_point_primary_hn1,3,2952,10952,-1.01179,0.416791
rc_a33_point_primary_hn1,3,2953,10953,-0.977117,0.394127
rc_a33_point_primary_hn1,3,2954,10954,-1.17302,0.625654
rc_a33_point_primary_hn1,3,2955,10955,-1.09695,0.584652
rc_a33_point_primary_hn1,3,2956,10956,-0.465116,0.615834
rc_a33_point_primary_hn1,3,2957,10957,-0.539021,0.370375
rc_a33_point_primary_hn1,3,2958,10958,-0.748487,0.428817
rc_a33_point_primary_hn1,3,2959,10959,-0.680183,0.50962
rc_a33_point_primary_hn1,3,2960,10960,-0.685164,0.554108
rc_a33_point_primary_hn1,3,2961,10961,-0.792872,0.402369
rc_a33_point_primary_hn1,3,2962,10962,-0.586944,0.518763
rc_a33_point_primary_hn1,3,2963,10963,-0.695709,0.587311
rc_a33_point_primary_hn1,3,2964,10964,-0.572974,0.566576
rc_a33_point_primary_hn1,3,2965,10965,-0.508243,0.64308
rc_a33_point_primary_hn1,3,2966,10966,-0.777723,0.499377
rc_a33_point_primary_hn1,3,2967,10967,-0.752608,0.531313
rc_a33_point_primary_hn1,3,2968,10968,-0.538514,0.541841
rc_a33_point_primary_hn1,3,2969,10969,-0.999607,0.618137
rc_a33_point_primary_hn1,3,2970,10970,-0.962001,0.99635
rc_a33_point_primary_hn1,3,2971,10971,-1.04389,1.03041
rc_a33_point_primary_hn1,3,2972,10972,-0.846327,1.07522
rc_a33_point_primary_hn1,3,2973,10973,-0.705895,0.326079
rc_a33_point_primary_hn1,3,2974,10974,-0.683916,0.265738
rc_a33_point_primary_hn1,3,2975,10975,-0.76924,0.336847
rc_a33_point_primary_hn1,3,2976,10976,-0.855233,0.327657
rc_a33_point_primary_hn1,3,2977,10977,-0.851107,0.435532
rc_a33_point_primary_hn1,3,2978,10978,-0.907503,0.529595
rc_a33_point_primary_hn1,3,2979,10979,-0.891841,0.665193
rc_a33_point_primary_hn1,3,2980,10980,-1.01184,0.761123
rc_a33_point_primary_hn1,3,2981,10981,-0.721889,0.651739
rc_a33_point_primary_hn1,3,2982,10982,-0.879643,0.540356
rc_a33_point_primary_hn1,3,2983,10983,-0.931642,0.304881
rc_a33_point_primary_hn1,3,2984,10984,-0.77469,0.872442
rc_a33_point_primary_hn1,3,2985,10985,-1.09402,0.331717
rc_a33_point_primary_hn1,3,2986,10986,-1.01774,0.294175
rc_a33_point_primary_hn1,3,2987,10987,-1.0077,0.318251
rc_a33_point_primary_hn1,3,2988,10988,-1.11633,0.35425
rc_a33_point_primary_hn1,3,2989,10989,-1.28659,0.461582
rc_a33_point_primary_hn1,3,2990,10990,-1.21926,0.461689
rc_a33_point_primary_hn1,3,2991,10991,-1.16751,0.516088
rc_a33_point_primary_hn1,3,2992,10992,-1.46303,1.65891
rc_a33_point_primary_hn1,3,2993,10993,-0.81163,0.571577
rc_a33_point_primary_hn1,3,2994,10994,0.0922721,1.47975
rc_a33_point_primary_hn1,3,2995,10995,0.0792185,1.05226
rc_a33_point_primary_hn1,3,2996,10996,0.0942586,1.13963
rc_a33_point_primary_hn1,3,2997,10997,-0.237568,0.791891
rc_a33_point_primary_hn1,3,2998,10998,-0.101353,1.28398
rc_a33_point_primary_hn1,3,2999,10999,-0.395911,0.693409
rc_a33_point_primary_hn1,3,3000,11000,-0.557089,0.6042
rc_a33_point_primary_hn1,3,3001,11001,-0.923412,0.794393
rc_a33_point_primary_hn1,3,3002,11002,-0.970669,0.909124
rc_a33_point_primary_hn1,3,3003,11003,-0.895803,0.619597
rc_a33_point_primary_hn1,3,3004,11004,-0.718054,0.736303
rc_a33_point_primary_hn1,3,3005,11005,-1.404,1.35616
rc_a33_point_primary_hn1,3,3006,11006,-0.758794,0.319929
rc_a33_point_primary_hn1,3,3007,11007,-0.813833,0.312894
rc_a33_point_primary_hn1,3,3008,11008,-1.20393,1.02532
rc_a33_point_primary_hn1,3,3009,11009,-1.54057,0.91234
rc_a33_point_primary_hn1,3,3010,11010,-1.45982,1.05085
rc_a33_point_primary_hn1,3,3011,11011,-0.785645,0.347251
rc_a33_point_primary_hn1,3,3012,11012,-0.827135,0.431727
rc_a33_point_primary_hn1,3,3013,11013,-0.816046,0.476974
rc_a33_point_primary_hn1,3,3014,11014,-0.835491,0.431078
rc_a33_point_primary_hn1,3,3015,11015,-1.22014,0.517615
rc_a33_point_primary_hn1,3,3016,11016,-0.890423,0.530452
rc_a33_point_primary_hn1,3,3017,11017,-1.04121,0.270666
rc_a33_point_primary_hn1,3,3018,11018,-0.802818,0.440216
rc_a33_point_primary_hn1,3,3019,11019,-0.873108,0.467726
rc_a33_point_primary_hn1,3,3020,11020,-1.03881,0.662741
rc_a33_point_primary_hn1,3,3021,11021,-1.16981,0.808842
rc_a33_point_primary_hn1,3,3022,11022,-0.585949,0.979302
rc_a33_point_primary_hn1,3,3023,11023,-0.63003,1.11011
rc_a33_point_primary_hn1,3,3024,11024,-0.64647,1.06295
rc_a33_point_primary_hn1,3,3025,11025,-0.236347,0.890053
rc_a33_point_primary_hn1,3,3026,11026,-0.3099,0.894507
rc_a33_point_primary_hn1,3,3027,11027,-0.288317,1.25033
rc_a33_point_primary_hn1,3,3028,11028,0.193183,1.01063
rc_a33_point_primary_hn1,3,3029,11029,-0.781773,0.37057
rc_a33_point_primary_hn1,3,3030,11030,-0.54594,0.43205
rc_a33_point_primary_hn1,3,3031,11031,-0.741629,0.373717
rc_a33_point_primary_hn1,3,3032,11032,-0.633716,0.327986
rc_a33_point_primary_hn1,3,3033,11033,-0.712651,0.285396
rc_a33_point_primary_hn1,3,3034,11034,-0.751809,0.204579
rc_a33_point_primary_hn1,3,3035,11035,-1.02706,0.294219
rc_a33_point_primary_hn1,3,3036,11036,-1.03478,0.283204
rc_a33_point_primary_hn1,3,3037,11037,-0.925162,0.346015
rc_a33_point_primary_hn1,3,3038,11038,-0.892168,0.24461
rc_a33_point_primary_hn1,3,3039,11039,-1.01873,0.319114
rc_a33_point_primary_hn1,3,3040,11040,-1.13453,0.493958
rc_a33_point_primary_hn1,3,3041,11041,-0.65614,0.727732
rc_a33_point_primary_hn1,3,3042,11042,-0.61097,0.686273
rc_a33_point_primary_hn1,3,3043,11043,-0.642532,0.690291
rc_a33_point_primary_hn1,3,3044,11044,-0.741734,0.700262
rc_a33_point_primary_hn1,3,3045,11045,-0.781688,0.399906
rc_a33_point_primary_hn1,3,3046,11046,-0.574534,0.436644
rc_a33_point_primary_hn1,3,3047,11047,-0.569401,0.712974
rc_a33_point_primary_hn1,3,3048,11048,-0.671754,0.513599
rc_a33_point_primary_hn1,3,3049,11049,-0.616828,0.949902
rc_a33_point_primary_hn1,3,3050,11050,-0.555214,0.911417
rc_a33_point_primary_hn1,3,3051,11051,-0.475671,0.941273
rc_a33_point_primary_hn1,3,3052,11052,-0.553707,0.797927
rc_a33_point_primary_hn1,3,3053,11053,-0.546159,0.811889
rc_a33_point_primary_hn1,3,3054,11054,-0.507031,0.846436
rc_a33_point_primary_hn1,3,3055,11055,-0.550068,0.385693
rc_a33_point_primary_hn1,3,3056,11056,-0.515178,0.670605
rc_a33_point_primary_hn1,3,3057,11057,-0.546145,0.678231
rc_a33_point_primary_hn1,3,3058,11058,-0.544261,0.848372
rc_a33_point_primary_hn1,3,3059,11059,-0.684257,0.506273
rc_a33_point_primary_hn1,3,3060,11060,-0.830826,0.61295
rc_a33_point_primary_hn1,3,3061,11061,-0.641234,0.531948
rc_a33_point_primary_hn1,3,3062,11062,-0.92511,0.856822
rc_a33_point_primary_hn1,3,3063,11063,-0.902069,0.741833
rc_a33_point_primary_hn1,3,3064,11064,-0.426173,0.711384
rc_a33_point_primary_hn1,3,3065,11065,-0.487558,0.761281
rc_a33_point_primary_hn1,3,3066,11066,-0.905333,1.03511
rc_a33_point_primary_hn1,3,3067,11067,-0.936533,0.863404
rc_a33_point_primary_hn1,3,3068,11068,-0.640861,0.530811
rc_a33_point_primary_hn1,3,3069,11069,-0.393714,0.586535
rc_a33_point_primary_hn1,3,3070,11070,-0.652143,0.406355
rc_a33_point_primary_hn1,3,3071,11071,-0.785002,0.522937
rc_a33_point_primary_hn1,3,3072,11072,-0.700638,0.462846
rc_a33_point_primary_hn1,3,3073,11073,-0.775827,0.442839
rc_a33_point_primary_hn1,3,3074,11074,-0.748992,0.53791
rc_a33_point_primary_hn1,3,3075,11075,-0.800836,0.5341
rc_a33_point_primary_hn1,3,3076,11076,-0.814832,0.476927
rc_a33_point_primary_hn1,3,3077,11077,-0.825987,0.652951
rc_a33_point_primary_hn1,3,3078,11078,-0.690616,0.58502
rc_a33_point_primary_hn1,3,3079,11079,-0.32343,0.742502
rc_a33_point_primary_hn1,3,3080,11080,-0.30103,0.387925
rc_a33_point_primary_hn1,3,3081,11081,-0.440036,0.665688
rc_a33_point_primary_hn1,3,3082,11082,0.20531,0.980317
rc_a33_point_primary_hn1,3,3083,11083,0.319032,1.4942
rc_a33_point_primary_hn1,3,3084,11084,0.247315,1.46296
rc_a33_point_primary_hn1,3,3085,11085,0.248816,1.44981
rc_a33_point_primary_hn1,3,3086,11086,0.260741,1.49775
rc_a33_point_primary_hn1,3,3087,11087,0.270867,1.60032
rc_a33_point_primary_hn1,3,3088,11088,-0.124661,1.52662
rc_a33_point_primary_hn1,3,3089,11089,-0.0968603,1.62777
rc_a33_point_primary_hn1,3,3090,11090,-0.910506,0.919193
rc_a33_point_primary_hn1,3,3091,11091,-0.723231,0.336508
rc_a33_point_primary_hn1,3,3092,11092,-0.70262,0.36418
rc_a33_point_primary_hn1,3,3093,11093,-0.481761,1.32235
rc_a33_point_primary_hn1,3,3094,11094,-0.401644,0.790151
rc_a33_point_primary_hn1,3,3095,11095,-0.472777,1.04189
rc_a33_point_primary_hn1,3,3096,11096,-0.348021,0.849938
rc_a33_point_primary_hn1,3,3097,11097,-0.367161,0.925073
rc_a33_point_primary_hn1,3,3098,11098,-0.314372,0.903553
rc_a33_point_primary_hn1,3,3099,11099,-0.347073,0.855413
rc_a33_point_primary_hn1,3,3100,11100,-0.491323,0.625504
rc_a33_point_primary_hn1,3,3101,11101,-0.41956,0.62306
rc_a33_point_primary_hn1,3,3102,11102,-0.379286,0.536832
rc_a33_point_primary_hn1,3,3103,11103,-0.582974,0.566524
rc_a33_point_primary_hn1,3,3104,11104,-0.319487,0.669097
rc_a33_point_primary_hn1,3,3105,11105,-0.593727,0.474775
rc_a33_point_primary_hn1,3,3106,11106,-0.379445,0.56852
rc_a33_point_primary_hn1,3,3107,11107,-0.55185,0.376052
rc_a33_point_primary_hn1,3,3108,11108,-0.530197,0.350101
rc_a33_point_primary_hn1,3,3109,11109,-0.779568,0.490476
rc_a33_point_primary_hn1,3,3110,11110,-0.857377,0.540807
rc_a33_point_primary_hn1,3,3111,11111,-0.949843,0.524965
rc_a33_point_primary_hn1,3,3112,11112,-0.898422,0.578889
rc_a33_point_primary_hn1,3,3113,11113,-0.919629,0.502383
rc_a33_point_primary_hn1,3,3114,11114,-0.798758,0.328934
rc_a33_point_primary_hn1,3,3115,11115,-0.85945,0.431064
rc_a33_point_primary_hn1,3,3116,11116,-0.635673,0.30889
rc_a33_point_primary_hn1,3,3117,11117,-0.749087,0.319373
rc_a33_point_primary_hn1,3,3118,11118,-0.64837,0.315569
rc_a33_point_primary_hn1,3,3119,11119,-1.34015,0.861549
rc_a33_point_primary_hn1,3,3120,11120,-1.27526,0.533516
rc_a33_point_primary_hn1,3,3121,11121,-1.27503,0.540989
rc_a33_point_primary_hn1,3,3122,11122,-1.34095,0.828493
rc_a33_point_primary_hn1,3,3123,11123,-0.807377,0.315522
rc_a33_point_primary_hn1,3,3124,11124,-0.861756,0.582789
rc_a33_point_primary_hn1,3,3125,11125,-0.741181,0.625188
rc_a33_point_primary_hn1,3,3126,11126,-0.830859,0.440821
rc_a33_point_primary_hn1,3,3127,11127,-0.911187,0.612343
rc_a33_point_primary_hn1,3,3128,11128,-0.814038,0.448391
rc_a33_point_primary_hn1,3,3129,11129,-0.730589,0.467185
rc_a33_point_primary_hn1,3,3130,11130,-0.429355,0.536169
rc_a33_point_primary_hn1,3,3131,11131,-1.04427,1.19832
rc_a33_point_primary_hn1,3,3132,11132,-0.580276,1.08017
rc_a33_point_primary_hn1,3,3133,11133,-0.804852,1.1413
rc_a33_point_primary_hn1,3,3134,11134,-1.01477,0.736725
rc_a33_point_primary_hn1,3,3135,11135,-1.13295,0.847042
rc_a33_point_primary_hn1,3,3136,11136,-1.00978,0.63459
rc_a33_point_primary_hn1,3,3137,11137,-0.973185,0.611623
rc_a33_point_primary_hn1,3,3138,11138,-0.567685,1.02629
rc_a33_point_primary_hn1,3,3139,11139,-0.689085,0.835224
rc_a33_point_primary_hn1,3,3140,11140,-0.563836,0.872892
rc_a33_point_primary_hn1,3,3141,11141,-0.719697,0.865994
rc_a33_point_primary_hn1,3,3142,11142,-0.634868,0.830055
rc_a33_point_primary_hn1,3,3143,11143,-1.21675,0.649609
rc_a33_point_primary_hn1,3,3144,11144,-1.84249,1.14226
rc_a33_point_primary_hn1,3,3145,11145,-0.741718,0.372823
rc_a33_point_primary_hn1,3,3146,11146,-0.806822,0.312659
rc_a33_point_primary_hn1,3,3147,11147,-0.784543,0.332497
rc_a33_point_primary_hn1,3,3148,11148,-0.733494,0.34371
rc_a33_point_primary_hn1,3,3149,11149,-1.04506,0.510917
rc_a33_point_primary_hn1,3,3150,11150,-0.748247,0.418399
rc_a33_point_primary_hn1,3,3151,11151,-0.969731,0.339091
rc_a33_point_primary_hn1,3,3152,11152,-0.80076,0.379927
rc_a33_point_primary_hn1,3,3153,11153,-0.963707,0.329469
rc_a33_point_primary_hn1,3,3154,11154,-0.896657,0.303639
rc_a33_point_primary_hn1,3,3155,11155,-0.816789,0.359928
rc_a33_point_primary_hn1,3,3156,11156,-0.86071,0.418794
rc_a33_point_primary_hn1,3,3157,11157,-1.03779,0.661461
rc_a33_point_primary_hn1,3,3158,11158,-0.818978,0.397525
rc_a33_point_primary_hn1,3,3159,11159,-0.709796,0.771282
rc_a33_point_primary_hn1,3,3160,11160,-0.457932,0.388441
rc_a33_point_primary_hn1,3,3161,11161,-0.60638,0.492928
rc_a33_point_primary_hn1,3,3162,11162,-0.350115,0.626746
rc_a33_point_primary_hn1,3,3163,11163,-0.351841,0.677328
rc_a33_point_primary_hn1,3,3164,11164,-1.05226,0.536727
rc_a33_point_primary_hn1,3,3165,11165,-0.98579,0.509176
rc_a33_point_primary_hn1,3,3166,11166,-0.952672,0.232265
rc_a33_point_primary_hn1,3,3167,11167,-0.902958,0.344894
rc_a33_point_primary_hn1,3,3168,11168,-0.858701,0.316081
rc_a33_point_primary_hn1,3,3169,11169,-0.520454,0.928626
rc_a33_point_primary_hn1,3,3170,11170,-0.787917,0.416903
rc_a33_point_primary_hn1,3,3171,11171,-0.681656,0.395986
rc_a33_point_primary_hn1,3,3172,11172,-0.801974,0.370599
rc_a33_point_primary_hn1,3,3173,11173,-0.755981,0.41773
rc_a33_point_primary_hn1,3,3174,11174,-0.984485,0.922566
rc_a33_point_primary_hn1,3,3175,11175,-1.0957,0.403855
rc_a33_point_primary_hn1,3,3176,11176,-1.00999,0.494544
rc_a33_point_primary_hn1,3,3177,11177,-1.22866,0.564296
rc_a33_point_primary_hn1,3,3178,11178,-0.900436,0.762743
rc_a33_point_primary_hn1,3,3179,11179,-0.817753,0.60122
rc_a33_point_primary_hn1,3,3180,11180,-1.07615,0.587241
rc_a33_point_primary_hn1,3,3181,11181,-1.04614,0.663533
rc_a33_point_primary_hn1,3,3182,11182,-0.130282,1.15879
rc_a33_point_primary_hn1,3,3183,11183,-1.00346,0.946791
rc_a33_point_primary_hn1,3,3184,11184,-1.05843,0.530526
rc_a33_point_primary_hn1,3,3185,11185,-0.862488,0.48038
rc_a33_point_primary_hn1,3,3186,11186,-0.96877,0.534465
rc_a33_point_primary_hn1,3,3187,11187,-0.808269,0.665987
rc_a33_point_primary_hn1,3,3188,11188,-0.900566,0.695373
rc_a33_point_primary_hn1,3,3189,11189,-0.81364,0.805914
rc_a33_point_primary_hn1,3,3190,11190,-0.907853,0.648882
rc_a33_point_primary_hn1,3,3191,11191,-0.71497,0.587874
rc_a33_point_primary_hn1,3,3192,11192,-0.716111,0.436978
rc_a33_point_primary_hn1,3,3193,11193,-0.534711,0.447156
rc_a33_point_primary_hn1,3,3194,11194,-0.587469,0.463283
rc_a33_point_primary_hn1,3,3195,11195,-0.742287,0.530853
rc_a33_point_primary_hn1,3,3196,11196,-0.429875,0.507922
rc_a33_point_primary_hn1,3,3197,11197,-0.472037,0.41923
rc_a33_point_primary_hn1,3,3198,11198,-0.379603,0.400013
rc_a33_point_primary_hn1,3,3199,11199,-0.554914,0.4998
rc_a33_point_primary_hn1,3,3200,11200,-1.19634,0.731557
rc_a33_point_primary_hn1,3,3201,11201,-1.22605,0.931654
rc_a33_point_primary_hn1,3,3202,11202,-1.16325,0.795324
rc_a33_point_primary_hn1,3,3203,11203,-0.89792400000000006,0.473264
rc_a33_point_primary_hn1,3,3204,11204,-0.863238,0.399655
rc_a33_point_primary_hn1,3,3205,11205,-0.98623,0.579031
rc_a33_point_primary_hn1,3,3206,11206,-0.784451,0.729855
rc_a33_point_primary_hn1,3,3207,11207,-0.667397,0.620959
rc_a33_point_primary_hn1,3,3208,11208,-0.654479,0.605425
rc_a33_point_primary_hn1,3,3209,11209,-0.832509,0.82257
rc_a33_point_primary_hn1,3,3210,11210,-1.00325,0.992098
rc_a33_point_primary_hn1,3,3211,11211,-1.01864,1.22714
rc_a33_point_primary_hn1,3,3212,11212,-1.15032,0.779778
rc_a33_point_primary_hn1,3,3213,11213,-1.06502,0.934615
rc_a33_point_primary_hn1,3,3214,11214,-1.05809,0.853731
rc_a33_point_primary_hn1,3,3215,11215,-0.763123,0.492633
rc_a33_point_primary_hn1,3,3216,11216,-0.267034,0.54602
rc_a33_point_primary_hn1,3,3217,11217,0.0323028,0.771823
rc_a33_point_primary_hn1,3,3218,11218,0.120949,0.866989
rc_a33_point_primary_hn1,3,3219,11219,0.024923,0.766123
rc_a33_point_primary_hn1,3,3220,11220,-0.132852,0.728817
rc_a33_point_primary_hn1,3,3221,11221,-0.0523332,0.608179
rc_a33_point_primary_hn1,3,3222,11222,-0.63828,0.636951
rc_a33_point_primary_hn1,3,3223,11223,-0.558319,0.606315
rc_a33_point_primary_hn1,3,3224,11224,-0.888346,0.403162
rc_a33_point_primary_hn1,3,3225,11225,-1.0334700000000001,0.334457
rc_a33_point_primary_hn1,3,3226,11226,-1.21111,0.389942
rc_a33_point_primary_hn1,3,3227,11227,-0.896808,0.451651
rc_a33_point_primary_hn1,3,3228,11228,-0.838503,0.467402
rc_a33_point_primary_hn1,3,3229,11229,-0.945114,0.439753
rc_a33_point_primary_hn1,3,3230,11230,-0.826446,0.342351
rc_a33_point_primary_hn1,3,3231,11231,-1.01396,0.448099
rc_a33_point_primary_hn1,3,3232,11232,-0.833432,0.422775
rc_a33_point_primary_hn1,3,3233,11233,-0.774026,0.382895
rc_a33_point_primary_hn1,3,3234,11234,-0.705943,0.66277
rc_a33_point_primary_hn1,3,3235,11235,-0.705556,1.03859
rc_a33_point_primary_hn1,3,3236,11236,-0.634414,0.645729
rc_a33_point_primary_hn1,3,3237,11237,-0.619361,0.850575
rc_a33_point_primary_hn1,3,3238,11238,-0.691494,0.848061
rc_a33_point_primary_hn1,3,3239,11239,-0.650681,0.764402
rc_a33_point_primary_hn1,3,3240,11240,-0.751846,0.550121
rc_a33_point_primary_hn1,3,3241,11241,-0.709575,0.952837
rc_a33_point_primary_hn1,3,3242,11242,-0.645868,0.876934
rc_a33_point_primary_hn1,3,3243,11243,-0.44849,0.585333
rc_a33_point_primary_hn1,3,3244,11244,-0.571461,0.641241
rc_a33_point_primary_hn1,3,3245,11245,-0.667344,0.590031
rc_a33_point_primary_hn1,3,3246,11246,-0.621593,0.547067
rc_a33_point_primary_hn1,3,3247,11247,-0.692317,0.468613
rc_a33_point_primary_hn1,3,3248,11248,-0.75042,0.340734
rc_a33_point_primary_hn1,3,3249,11249,-0.8789,0.63919
rc_a33_point_primary_hn1,3,3250,11250,-1.07796,0.837329
rc_a33_point_primary_hn1,3,3251,11251,-0.992309,0.791009
rc_a33_point_primary_hn1,3,3252,11252,-1.24668,1.34342
rc_a33_point_primary_hn1,3,3253,11253,-0.751901,1.08818
rc_a33_point_primary_hn1,3,3254,11254,-0.337812,0.953267
rc_a33_point_primary_hn1,3,3255,11255,-0.225875,0.764187
rc_a33_point_primary_hn1,3,3256,11256,-0.635022,0.68667
rc_a33_point_primary_hn1,3,3257,11257,-0.384759,0.76027
rc_a33_point_primary_hn1,3,3258,11258,-0.447171,0.785917
rc_a33_point_primary_hn1,3,3259,11259,-0.536276,0.579825
rc_a33_point_primary_hn1,3,3260,11260,-0.563608,0.520518
rc_a33_point_primary_hn1,3,3261,11261,-0.697427,0.480055
rc_a33_point_primary_hn1,3,3262,11262,-0.622005,0.613162
rc_a33_point_primary_hn1,3,3263,11263,-0.899321,0.463354
rc_a33_point_primary_hn1,3,3264,11264,-0.952746,0.64456
rc_a33_point_primary_hn1,3,3265,11265,-1.00665,0.644198
rc_a33_point_primary_hn1,3,3266,11266,-1.07026,0.761996
rc_a33_point_primary_hn1,3,3267,11267,-0.938986,0.63965
rc_a33_point_primary_hn1,3,3268,11268,-0.889648,0.537485
rc_a33_point_primary_hn1,3,3269,11269,-0.816825,0.581698
rc_a33_point_primary_hn1,3,3270,11270,-0.816343,0.586023
rc_a33_point_primary_hn1,3,3271,11271,-0.636584,0.489566
rc_a33_point_primary_hn1,3,3272,11272,-0.706941,0.623957
rc_a33_point_primary_hn1,3,3273,11273,-0.661149,0.788845
rc_a33_point_primary_hn1,3,3274,11274,-0.639315,0.678097
rc_a33_point_primary_hn1,3,3275,11275,-0.583003,0.74232
rc_a33_point_primary_hn1,3,3276,11276,-0.468261,0.716833
rc_a33_point_primary_hn1,3,3277,11277,-0.513205,0.712826
rc_a33_point_primary_hn1,3,3278,11278,-0.29692,0.852554
rc_a33_point_primary_hn1,3,3279,11279,-0.823703,1.25942
rc_a33_point_primary_hn1,3,3280,11280,-0.901692,0.869903
rc_a33_point_primary_hn1,3,3281,11281,-0.718053,1.10562
rc_a33_point_primary_hn1,3,3282,11282,-0.468381,0.997466
rc_a33_point_primary_hn1,3,3283,11283,-0.442535,0.594954
rc_a33_point_primary_hn1,3,3284,11284,-0.446622,0.464445
rc_a33_point_primary_hn1,3,3285,11285,-0.938079,1.07525
rc_a33_point_primary_hn1,3,3286,11286,-1.01866,1.15783
rc_a33_point_primary_hn1,3,3287,11287,-1.18923,0.741405
rc_a33_point_primary_hn1,3,3288,11288,-1.22392,0.816749
rc_a33_point_primary_hn1,3,3289,11289,-0.929111,0.589641
rc_a33_point_primary_hn1,3,3290,11290,-0.285627,1.24095
rc_a33_point_primary_hn1,3,3291,11291,-0.318485,0.949314
rc_a33_point_primary_hn1,3,3292,11292,-0.575721,0.819073
rc_a33_point_primary_hn1,3,3293,11293,-0.559745,0.454836
rc_a33_point_primary_hn1,3,3294,11294,-0.431801,0.583809
rc_a33_point_primary_hn1,3,3295,11295,-0.783897,0.483332
rc_a33_point_primary_hn1,3,3296,11296,-0.687769,0.570953
rc_a33_point_primary_hn1,3,3297,11297,-0.808809,0.435393
rc_a33_point_primary_hn1,3,3298,11298,-0.815482,0.355148
rc_a33_point_primary_hn1,3,3299,11299,-1.10078,0.435926
rc_a33_point_primary_hn1,3,3300,11300,-0.865802,0.359973
rc_a33_point_primary_hn1,3,3301,11301,-1.02622,0.42505
rc_a33_point_primary_hn1,3,3302,11302,-1.00646,0.407633
rc_a33_point_primary_hn1,3,3303,11303,-0.508122,0.575666
rc_a33_point_primary_hn1,3,3304,11304,-0.389499,0.710619
rc_a33_point_primary_hn1,3,3305,11305,-0.406249,0.629655
rc_a33_point_primary_hn1,3,3306,11306,-0.0196176,0.669022
rc_a33_point_primary_hn1,3,3307,11307,-0.852014,0.426147
rc_a33_point_primary_hn1,3,3308,11308,-0.832901,0.531899
rc_a33_point_primary_hn1,3,3309,11309,-0.693927,0.454558
rc_a33_point_primary_hn1,3,3310,11310,-0.36098,0.630263
rc_a33_point_primary_hn1,3,3311,11311,-0.575802,0.658185
rc_a33_point_primary_hn1,3,3312,11312,-0.935987,0.625074
rc_a33_point_primary_hn1,3,3313,11313,-0.770127,0.697643
rc_a33_point_primary_hn1,3,3314,11314,-0.922256,0.811309
rc_a33_point_primary_hn1,3,3315,11315,-0.941648,0.820084
rc_a33_point_primary_hn1,3,3316,11316,-0.867088,0.767521
rc_a33_point_primary_hn1,3,3317,11317,-0.690117,0.826927
rc_a33_point_primary_hn1,3,3318,11318,-0.772665,0.835362
rc_a33_point_primary_hn1,3,3319,11319,-0.703516,0.985654
rc_a33_point_primary_hn1,3,3320,11320,-0.786579,0.480945
rc_a33_point_primary_hn1,3,3321,11321,-0.725114,0.586138
rc_a33_point_primary_hn1,3,3322,11322,-0.68968,0.714013
rc_a33_point_primary_hn1,3,3323,11323,-0.580319,0.603687
rc_a33_point_primary_hn1,3,3324,11324,-0.981553,0.200528
rc_a33_point_primary_hn1,3,3325,11325,-0.824115,0.303439
rc_a33_point_primary_hn1,3,3326,11326,-1.02242,0.46629
rc_a33_point_primary_hn1,3,3327,11327,-1.41985,0.554071
rc_a33_point_primary_hn1,3,3328,11328,-0.883563,0.307694
rc_a33_point_primary_hn1,3,3329,11329,-0.987425,0.31322
rc_a33_point_primary_hn1,3,3330,11330,-1.40902,0.625391
rc_a33_point_primary_hn1,3,3331,11331,-1.10449,0.39784
rc_a33_point_primary_hn1,3,3332,11332,-0.871327,0.37533300000000003
rc_a33_point_primary_hn1,3,3333,11333,-0.778675,0.376903
rc_a33_point_primary_hn1,3,3334,11334,-0.768152,0.584385
rc_a33_point_primary_hn1,3,3335,11335,-0.723849,0.416828
rc_a33_point_primary_hn1,3,3336,11336,-0.720663,0.466019
rc_a33_point_primary_hn1,3,3337,11337,-0.788492,0.430207
rc_a33_point_primary_hn1,3,3338,11338,-0.796612,0.247439
rc_a33_point_primary_hn1,3,3339,11339,-0.68968,0.376305
rc_a33_point_primary_hn1,3,3340,11340,-0.866918,0.665647
rc_a33_point_primary_hn1,3,3341,11341,-1.19043,0.622707
rc_a33_point_primary_hn1,3,3342,11342,-1.09694,0.744689
rc_a33_point_primary_hn1,3,3343,11343,-0.331568,0.534994
rc_a33_point_primary_hn1,3,3344,11344,-0.377197,0.384549
rc_a33_point_primary_hn1,3,3345,11345,-0.790131,0.450558
rc_a33_point_primary_hn1,3,3346,11346,-0.754248,0.67302
rc_a33_point_primary_hn1,3,3347,11347,-0.606156,0.572625
rc_a33_point_primary_hn1,3,3348,11348,-0.713036,0.475307
rc_a33_point_primary_hn1,3,3349,11349,-0.634837,0.569665
rc_a33_point_primary_hn1,3,3350,11350,-0.548985,0.455593
rc_a33_point_primary_hn1,3,3351,11351,-1.09632,0.934671
rc_a33_point_primary_hn1,3,3352,11352,-0.536911,0.788115
rc_a33_point_primary_hn1,3,3353,11353,-0.33665,0.86765
rc_a33_point_primary_hn1,3,3354,11354,-0.406891,0.85588
rc_a33_point_primary_hn1,3,3355,11355,-0.918281,0.596864
rc_a33_point_primary_hn1,3,3356,11356,-0.857403,0.587922
rc_a33_point_primary_hn1,3,3357,11357,-0.979636,0.587461
rc_a33_point_primary_hn1,3,3358,11358,-0.950493,0.589494
rc_a33_point_primary_hn1,3,3359,11359,-0.732786,0.51001
rc_a33_point_primary_hn1,3,3360,11360,-0.662738,0.646209
rc_a33_point_primary_hn1,3,3361,11361,-0.750276,0.69685
rc_a33_point_primary_hn1,3,3362,11362,-0.761517,0.67029
rc_a33_point_primary_hn1,3,3363,11363,-0.760516,0.664605
rc_a33_point_primary_hn1,3,3364,11364,-0.797344,0.675326
rc_a33_point_primary_hn1,3,3365,11365,-0.794704,0.674923
rc_a33_point_primary_hn1,3,3366,11366,-0.810946,1.02494
rc_a33_point_primary_hn1,3,3367,11367,-0.750004,0.50195
rc_a33_point_primary_hn1,3,3368,11368,-0.696048,0.473967
rc_a33_point_primary_hn1,3,3369,11369,-0.674992,0.421351
rc_a33_point_primary_hn1,3,3370,11370,-0.705317,0.510009
rc_a33_point_primary_hn1,3,3371,11371,-1.15083,0.871609
rc_a33_point_primary_hn1,3,3372,11372,-1.02583,0.640227
rc_a33_point_primary_hn1,3,3373,11373,-1.1502,0.756219
rc_a33_point_primary_hn1,3,3374,11374,-0.901066,0.617584
rc_a33_point_primary_hn1,3,3375,11375,-1.03351,0.633722
rc_a33_point_primary_hn1,3,3376,11376,-1.05269,0.489009
rc_a33_point_primary_hn1,3,3377,11377,-1.13162,0.545777
rc_a33_point_primary_hn1,3,3378,11378,-1.04099,0.54525
rc_a33_point_primary_hn1,3,3379,11379,-0.880347,0.334717
rc_a33_point_primary_hn1,3,3380,11380,-0.728464,0.332907
rc_a33_point_primary_hn1,3,3381,11381,-0.797586,0.434624
rc_a33_point_primary_hn1,3,3382,11382,-0.805958,0.435705
rc_a33_point_primary_hn1,3,3383,11383,-0.838532,0.491042
rc_a33_point_primary_hn1,3,3384,11384,-1.00056,0.506067
rc_a33_point_primary_hn1,3,3385,11385,-0.626051,0.352293
rc_a33_point_primary_hn1,3,3386,11386,-0.487824,0.55092
rc_a33_point_primary_hn1,3,3387,11387,-0.54037,0.505817
rc_a33_point_primary_hn1,3,3388,11388,-0.699491,0.361112
rc_a33_point_primary_hn1,3,3389,11389,-0.680685,0.525299
rc_a33_point_primary_hn1,3,3390,11390,-0.849683,0.608646
rc_a33_point_primary_hn1,3,3391,11391,-0.785053,0.656932
rc_a33_point_primary_hn1,3,3392,11392,-0.730875,0.830295
rc_a33_point_primary_hn1,3,3393,11393,-0.971706,0.377815
rc_a33_point_primary_hn1,3,3394,11394,-0.565257,0.37999
rc_a33_point_primary_hn1,3,3395,11395,-0.613921,0.370809
rc_a33_point_primary_hn1,3,3396,11396,-0.604149,0.825211
rc_a33_point_primary_hn1,3,3397,11397,-0.609205,0.822135
rc_a33_point_primary_hn1,3,3398,11398,-0.703352,0.858328
rc_a33_point_primary_hn1,3,3399,11399,-0.572692,0.610052
rc_a33_point_primary_hn1,3,3400,11400,-0.677159,0.586536
rc_a33_point_primary_hn1,3,3401,11401,-0.58104,0.742538
rc_a33_point_primary_hn1,3,3402,11402,-0.516918,0.735692
rc_a33_point_primary_hn1,3,3403,11403,-0.586546,0.582527
rc_a33_point_primary_hn1,3,3404,11404,-1.04136,0.519022
rc_a33_point_primary_hn1,3,3405,11405,-0.978304,0.40919
rc_a33_point_primary_hn1,3,3406,11406,-0.921271,0.475653
rc_a33_point_primary_hn1,3,3407,11407,-0.821414,0.509109
rc_a33_point_primary_hn1,3,3408,11408,-0.862239,0.39083
rc_a33_point_primary_hn1,3,3409,11409,-0.965317,0.438979
rc_a33_point_primary_hn1,3,3410,11410,-0.552291,0.547356
rc_a33_point_primary_hn1,3,3411,11411,-0.980079,0.487832
rc_a33_point_primary_hn1,3,3412,11412,-0.977225,0.711831
rc_a33_point_primary_hn1,3,3413,11413,-0.923822,0.635935
rc_a33_point_primary_hn1,3,3414,11414,-1.05241,0.602763
rc_a33_point_primary_hn1,3,3415,11415,-0.981013,0.521414
rc_a33_point_primary_hn1,3,3416,11416,-1.29616,0.619041
rc_a33_point_primary_hn1,3,3417,11417,-1.08922,0.59836
rc_a33_point_primary_hn1,3,3418,11418,-1.27266,0.570084
rc_a33_point_primary_hn1,3,3419,11419,-1.32983,0.668234
rc_a33_point_primary_hn1,3,3420,11420,-0.881479,0.748586
rc_a33_point_primary_hn1,3,3421,11421,-1.07068,0.773092
rc_a33_point_primary_hn1,3,3422,11422,-1.08755,0.788705
rc_a33_point_primary_hn1,3,3423,11423,-1.05075,0.672098
rc_a33_point_primary_hn1,3,3424,11424,-0.917112,0.353525
rc_a33_point_primary_hn1,3,3425,11425,-1.09967,0.446742
rc_a33_point_primary_hn1,3,3426,11426,-1.17819,0.422143
rc_a33_point_primary_hn1,3,3427,11427,-1.20692,0.388546
rc_a33_point_primary_hn1,3,3428,11428,-0.674771,0.768651
rc_a33_point_primary_hn1,3,3429,11429,-1.13119,0.744427
rc_a33_point_primary_hn1,3,3430,11430,-1.75008,0.833189
rc_a33_point_primary_hn1,3,3431,11431,-0.586186,0.758808
rc_a33_point_primary_hn1,3,3432,11432,-0.560078,0.712599
rc_a33_point_primary_hn1,3,3433,11433,-0.420074,0.94698
rc_a33_point_primary_hn1,3,3434,11434,-0.471985,0.916783
rc_a33_point_primary_hn1,3,3435,11435,-0.626933,1.15244
rc_a33_point_primary_hn1,3,3436,11436,-0.57774,0.801889
rc_a33_point_primary_hn1,3,3437,11437,-0.574275,1.00293
rc_a33_point_primary_hn1,3,3438,11438,-0.292929,1.05114
rc_a33_point_primary_hn1,3,3439,11439,-0.458101,1.26078
rc_a33_point_primary_hn1,3,3440,11440,-0.690926,0.612158
rc_a33_point_primary_hn1,3,3441,11441,-0.657594,0.418147
rc_a33_point_primary_hn1,3,3442,11442,-0.690027,0.450083
rc_a33_point_primary_hn1,3,3443,11443,-0.792735,0.423689
rc_a33_point_primary_hn1,3,3444,11444,-0.660194,0.727526
rc_a33_point_primary_hn1,3,3445,11445,-0.69013,0.616347
rc_a33_point_primary_hn1,3,3446,11446,-0.740555,0.716935
rc_a33_point_primary_hn1,3,3447,11447,-0.926822,0.546449
rc_a33_point_primary_hn1,3,3448,11448,-0.772565,0.588435
rc_a33_point_primary_hn1,3,3449,11449,-0.716067,0.364448
rc_a33_point_primary_hn1,3,3450,11450,-0.486885,0.944892
rc_a33_point_primary_hn1,3,3451,11451,-0.527479,0.454195
rc_a33_point_primary_hn1,3,3452,11452,-0.484562,0.492876
rc_a33_point_primary_hn1,3,3453,11453,-0.454249,0.445743
rc_a33_point_primary_hn1,3,3454,11454,-0.565244,0.59155
rc_a33_point_primary_hn1,3,3455,11455,-0.925624,0.573086
rc_a33_point_primary_hn1,3,3456,11456,-0.666464,0.434948
rc_a33_point_primary_hn1,3,3457,11457,-0.592463,0.556719
rc_a33_point_primary_hn1,3,3458,11458,-0.397805,0.384983
rc_a33_point_primary_hn1,3,3459,11459,-0.690016,0.787033
rc_a33_point_primary_hn1,3,3460,11460,-0.725298,0.540779
rc_a33_point_primary_hn1,3,3461,11461,-0.764122,0.760653
rc_a33_point_primary_hn1,3,3462,11462,-0.775272,0.82273
rc_a33_point_primary_hn1,3,3463,11463,-0.749355,0.652229
rc_a33_point_primary_hn1,3,3464,11464,-0.931549,0.773237
rc_a33_point_primary_hn1,3,3465,11465,-1.03599,0.809182
rc_a33_point_primary_hn1,3,3466,11466,-1.02549,0.723196
rc_a33_point_primary_hn1,3,3467,11467,-1.01887,0.823048
rc_a33_point_primary_hn1,3,3468,11468,-0.957903,0.836423
rc_a33_point_primary_hn1,3,3469,11469,-0.907172,0.856193
rc_a33_point_primary_hn1,3,3470,11470,-0.647609,0.824518
rc_a33_point_primary_hn1,3,3471,11471,-0.723383,1.09272
rc_a33_point_primary_hn1,3,3472,11472,-0.875487,1.09745
rc_a33_point_primary_hn1,3,3473,11473,-0.9388,0.824559
rc_a33_point_primary_hn1,3,3474,11474,-0.945641,0.833161
rc_a33_point_primary_hn1,3,3475,11475,-0.907302,0.878711
rc_a33_point_primary_hn1,3,3476,11476,-1.12031,1.13024
rc_a33_point_primary_hn1,3,3477,11477,-1.01955,1.23448
rc_a33_point_primary_hn1,3,3478,11478,-1.076,1.10765
rc_a33_point_primary_hn1,3,3479,11479,-0.883796,0.654981
rc_a33_point_primary_hn1,3,3480,11480,-0.879492,0.710659
rc_a33_point_primary_hn1,3,3481,11481,-0.829026,0.684298
rc_a33_point_primary_hn1,3,3482,11482,-0.7034,0.819988
rc_a33_point_primary_hn1,3,3483,11483,-1.01389,0.716699
rc_a33_point_primary_hn1,3,3484,11484,-0.90599,0.590114
rc_a33_point_primary_hn1,3,3485,11485,-0.67203,0.488438
rc_a33_point_primary_hn1,3,3486,11486,-0.726843,0.589241
rc_a33_point_primary_hn1,3,3487,11487,-0.322475,0.649491
rc_a33_point_primary_hn1,3,3488,11488,-0.439578,0.548539
rc_a33_point_primary_hn1,3,3489,11489,-0.357204,0.657739
rc_a33_point_primary_hn1,3,3490,11490,-0.63037,0.485515
rc_a33_point_primary_hn1,3,3491,11491,-0.603174,0.451821
rc_a33_point_primary_hn1,3,3492,11492,-0.373985,0.969275
rc_a33_point_primary_hn1,3,3493,11493,-0.370271,0.790742
rc_a33_point_primary_hn1,3,3494,11494,-0.0662561,1.02815
rc_a33_point_primary_hn1,3,3495,11495,-1.15402,1.3299
rc_a33_point_primary_hn1,3,3496,11496,-1.06277,1.39655
rc_a33_point_primary_hn1,3,3497,11497,-1.00893,1.39532
rc_a33_point_primary_hn1,3,3498,11498,-0.580323,1.39959
rc_a33_point_primary_hn1,3,3499,11499,-0.528975,1.52859
rc_a33_point_primary_hn1,3,3500,11500,-0.371347,0.894958
rc_a33_point_primary_hn1,3,3501,11501,-0.292124,1.29159
rc_a33_point_primary_hn1,3,3502,11502,-0.405511,1.18497
rc_a33_point_primary_hn1,3,3503,11503,-0.458456,1.01158
rc_a33_point_primary_hn1,3,3504,11504,-0.411905,0.980287
rc_a33_point_primary_hn1,3,3505,11505,-0.75258,0.981303
rc_a33_point_primary_hn1,3,3506,11506,-0.824544,0.920512
rc_a33_point_primary_hn1,3,3507,11507,-0.573855,0.552352
rc_a33_point_primary_hn1,3,3508,11508,-1.07919,1.16699
rc_a33_point_primary_hn1,3,3509,11509,-1.24614,0.881403
rc_a33_point_primary_hn1,3,3510,11510,-1.11726,1.23349
rc_a33_point_primary_hn1,3,3511,11511,-0.512459,0.588813
rc_a33_point_primary_hn1,3,3512,11512,-0.659361,0.384884
rc_a33_point_primary_hn1,3,3513,11513,-0.547463,0.644883
rc_a33_point_primary_hn1,3,3514,11514,-0.846845,0.548622
rc_a33_point_primary_hn1,3,3515,11515,-0.863663,0.382985
rc_a33_point_primary_hn1,3,3516,11516,-0.699762,0.492455
rc_a33_point_primary_hn1,3,3517,11517,-1.02001,0.268213
rc_a33_point_primary_hn1,3,3518,11518,-0.90219800000000006,1.05885
rc_a33_point_primary_hn1,3,3519,11519,-0.971205,0.854663
rc_a33_point_primary_hn1,3,3520,11520,-0.956859,0.398523
rc_a33_point_primary_hn1,3,3521,11521,-0.875614,0.508348
rc_a33_point_primary_hn1,3,3522,11522,-0.878539,0.489295
rc_a33_point_primary_hn1,3,3523,11523,-0.919315,0.422413
rc_a33_point_primary_hn1,3,3524,11524,-0.47785300000000003,0.919273
rc_a33_point_primary_hn1,3,3525,11525,-0.465989,0.869063
rc_a33_point_primary_hn1,3,3526,11526,-0.459024,0.751662
rc_a33_point_primary_hn1,3,3527,11527,-0.188996,0.818451
rc_a33_point_primary_hn1,3,3528,11528,-0.358292,0.466508
rc_a33_point_primary_hn1,3,3529,11529,-0.330945,0.429532
rc_a33_point_primary_hn1,3,3530,11530,-0.706288,0.325065
rc_a33_point_primary_hn1,3,3531,11531,-0.700105,0.50245
rc_a33_point_primary_hn1,3,3532,11532,-0.971943,0.929242
rc_a33_point_primary_hn1,3,3533,11533,-0.865894,0.917775
rc_a33_point_primary_hn1,3,3534,11534,-0.859687,0.918736
rc_a33_point_primary_hn1,3,3535,11535,-0.973847,0.591314
rc_a33_point_primary_hn1,3,3536,11536,-0.96378,0.661362
rc_a33_point_primary_hn1,3,3537,11537,-0.870775,0.404359
rc_a33_point_primary_hn1,3,3538,11538,-0.700458,0.520192
rc_a33_point_primary_hn1,3,3539,11539,-0.578087,0.427034
rc_a33_point_primary_hn1,3,3540,11540,-0.812718,0.394974
rc_a33_point_primary_hn1,3,3541,11541,-0.836637,0.436893
rc_a33_point_primary_hn1,3,3542,11542,-0.848464,0.389178
rc_a33_point_primary_hn1,3,3543,11543,-0.794049,0.346431
rc_a33_point_primary_hn1,3,3544,11544,-0.864374,0.281923
rc_a33_point_primary_hn1,3,3545,11545,-0.824037,0.231649
rc_a33_point_primary_hn1,3,3546,11546,-0.597127,0.243949
rc_a33_point_primary_hn1,3,3547,11547,-1.18276,0.565659
rc_a33_point_primary_hn1,3,3548,11548,-0.986663,0.262795
rc_a33_point_primary_hn1,3,3549,11549,-0.843047,0.467054
rc_a33_point_primary_hn1,3,3550,11550,-0.775191,0.311667
rc_a33_point_primary_hn1,3,3551,11551,-0.806516,0.376781
rc_a33_point_primary_hn1,3,3552,11552,-0.825416,0.273263
rc_a33_point_primary_hn1,3,3553,11553,-0.862314,0.555954
rc_a33_point_primary_hn1,3,3554,11554,-0.959026,0.450274
rc_a33_point_primary_hn1,3,3555,11555,-0.778776,0.475816
rc_a33_point_primary_hn1,3,3556,11556,-0.643973,0.411028
rc_a33_point_primary_hn1,3,3557,11557,-0.744783,0.478693
rc_a33_point_primary_hn1,3,3558,11558,-0.673964,0.475597
rc_a33_point_primary_hn1,3,3559,11559,-0.823169,0.521322
rc_a33_point_primary_hn1,3,3560,11560,-0.670091,0.555184
rc_a33_point_primary_hn1,3,3561,11561,-0.690014,0.407456
rc_a33_point_primary_hn1,3,3562,11562,-0.739652,0.375607
rc_a33_point_primary_hn1,3,3563,11563,-0.694523,0.500024
rc_a33_point_primary_hn1,3,3564,11564,-0.779185,0.366033
rc_a33_point_primary_hn1,3,3565,11565,-0.836014,0.577215
rc_a33_point_primary_hn1,3,3566,11566,-0.719672,0.585191
rc_a33_point_primary_hn1,3,3567,11567,-0.652488,0.517242
rc_a33_point_primary_hn1,3,3568,11568,-0.770952,0.641637
rc_a33_point_primary_hn1,3,3569,11569,-0.573045,0.594059
rc_a33_point_primary_hn1,3,3570,11570,-0.699383,0.544419
rc_a33_point_primary_hn1,3,3571,11571,-0.695002,0.375655
rc_a33_point_primary_hn1,3,3572,11572,-0.642153,0.534845
rc_a33_point_primary_hn1,3,3573,11573,-0.568108,0.493486
rc_a33_point_primary_hn1,3,3574,11574,-0.851952,0.406671
rc_a33_point_primary_hn1,3,3575,11575,-0.80371,0.486368
rc_a33_point_primary_hn1,3,3576,11576,-0.890623,0.448498
rc_a33_point_primary_hn1,3,3577,11577,-0.831785,0.489398
rc_a33_point_primary_hn1,3,3578,11578,-0.571214,0.450157
rc_a33_point_primary_hn1,3,3579,11579,-0.61079,0.859853
rc_a33_point_primary_hn1,3,3580,11580,-0.627718,0.648349
rc_a33_point_primary_hn1,3,3581,11581,-0.780753,0.764403
rc_a33_point_primary_hn1,3,3582,11582,-0.55115,0.665119
rc_a33_point_primary_hn1,3,3583,11583,-0.581968,0.805935
rc_a33_point_primary_hn1,3,3584,11584,-0.563455,0.831573
rc_a33_point_primary_hn1,3,3585,11585,-0.952342,0.762252
rc_a33_point_primary_hn1,3,3586,11586,-0.890679,0.555382
rc_a33_point_primary_hn1,3,3587,11587,-0.896295,0.605273
rc_a33_point_primary_hn1,3,3588,11588,-0.917809,0.582485
rc_a33_point_primary_hn1,3,3589,11589,-0.792923,0.467146
rc_a33_point_primary_hn1,3,3590,11590,-0.89881200000000006,0.514569
rc_a33_point_primary_hn1,3,3591,11591,-1.32455,1.44689
rc_a33_point_primary_hn1,3,3592,11592,-1.41531,1.51887
rc_a33_point_primary_hn1,3,3593,11593,-1.37955,1.4952
rc_a33_point_primary_hn1,3,3594,11594,-1.35703,1.25519
rc_a33_point_primary_hn1,3,3595,11595,-1.42256,1.13179
rc_a33_point_primary_hn1,3,3596,11596,-0.437472,0.838729
rc_a33_point_primary_hn1,3,3597,11597,-0.460787,0.773295
rc_a33_point_primary_hn1,3,3598,11598,-0.852004,0.532149
rc_a33_point_primary_hn1,3,3599,11599,-0.945378,0.69196
rc_a33_point_primary_hn1,3,3600,11600,-0.807118,0.653269
rc_a33_point_primary_hn1,3,3601,11601,-0.717487,0.620225
rc_a33_point_primary_hn1,3,3602,11602,-0.70536,0.69162
rc_a33_point_primary_hn1,3,3603,11603,-0.690136,0.613275
rc_a33_point_primary_hn1,3,3604,11604,-0.113133,0.91367
rc_a33_point_primary_hn1,3,3605,11605,-0.0058636,0.981308
rc_a33_point_primary_hn1,3,3606,11606,0.104421,0.979289
rc_a33_point_primary_hn1,3,3607,11607,0.162517,1.03277
rc_a33_point_primary_hn1,3,3608,11608,0.20521,1.02674
rc_a33_point_primary_hn1,3,3609,11609,0.0959033,1.06662
rc_a33_point_primary_hn1,3,3610,11610,0.129465,1.01523
rc_a33_point_primary_hn1,3,3611,11611,0.181756,1.11743
rc_a33_point_primary_hn1,3,3612,11612,0.110324,0.963088
rc_a33_point_primary_hn1,3,3613,11613,-0.065713,0.904347
rc_a33_point_primary_hn1,3,3614,11614,-0.672166,0.499901
rc_a33_point_primary_hn1,3,3615,11615,-0.656721,0.497651
rc_a33_point_primary_hn1,3,3616,11616,-0.367371,0.895161
rc_a33_point_primary_hn1,3,3617,11617,-0.3251,0.735311
rc_a33_point_primary_hn1,3,3618,11618,-0.6095,1.15002
rc_a33_point_primary_hn1,3,3619,11619,-0.300139,1.00375
rc_a33_point_primary_hn1,3,3620,11620,-0.369165,0.914094
rc_a33_point_primary_hn1,3,3621,11621,-0.313151,0.938421
rc_a33_point_primary_hn1,3,3622,11622,-0.465176,0.53499
rc_a33_point_primary_hn1,3,3623,11623,-0.530346,0.729698
rc_a33_point_primary_hn1,3,3624,11624,-0.590858,0.669101
rc_a33_point_primary_hn1,3,3625,11625,-0.574817,0.619285
rc_a33_point_primary_hn1,3,3626,11626,-0.593462,0.523249
rc_a33_point_primary_hn1,3,3627,11627,-0.448774,0.445297
rc_a33_point_primary_hn1,3,3628,11628,-0.459604,0.414699
rc_a33_point_primary_hn1,3,3629,11629,-0.878863,0.523453
rc_a33_point_primary_hn1,3,3630,11630,-0.917271,0.503856
rc_a33_point_primary_hn1,3,3631,11631,-0.82358,0.415147
rc_a33_point_primary_hn1,3,3632,11632,-0.943284,0.961439
rc_a33_point_primary_hn1,3,3633,11633,-1.18857,1.19445
rc_a33_point_primary_hn1,3,3634,11634,-1.90626,1.16459
rc_a33_point_primary_hn1,3,3635,11635,-2.36365,1.27498
rc_a33_point_primary_hn1,3,3636,11636,-2.23358,1.25627
rc_a33_point_primary_hn1,3,3637,11637,-2.03034,0.991974
rc_a33_point_primary_hn1,3,3638,11638,-1.61741,0.890541
rc_a33_point_primary_hn1,3,3639,11639,-1.71652,1.10523
rc_a33_point_primary_hn1,3,3640,11640,-1.848,0.929575
rc_a33_point_primary_hn1,3,3641,11641,-1.51997,0.834216
rc_a33_point_primary_hn1,3,3642,11642,-0.81687,0.838267
rc_a33_point_primary_hn1,3,3643,11643,-0.988545,0.733359
rc_a33_point_primary_hn1,3,3644,11644,-1.02663,0.750736
rc_a33_point_primary_hn1,3,3645,11645,-0.706467,0.467089
rc_a33_point_primary_hn1,3,3646,11646,-1.07705,1.1764
rc_a33_point_primary_hn1,3,3647,11647,-0.447411,0.732711
rc_a33_point_primary_hn1,3,3648,11648,-0.4986,0.715811
rc_a33_point_primary_hn1,3,3649,11649,-0.449699,0.721737
rc_a33_point_primary_hn1,3,3650,11650,-0.435387,1.13714
rc_a33_point_primary_hn1,3,3651,11651,-0.584032,1.30033
rc_a33_point_primary_hn1,3,3652,11652,-0.620097,1.15735
rc_a33_point_primary_hn1,3,3653,11653,-0.567889,1.36494
rc_a33_point_primary_hn1,3,3654,11654,-0.816221,1.22911
rc_a33_point_primary_hn1,3,3655,11655,-0.961085,0.498285
rc_a33_point_primary_hn1,3,3656,11656,-0.852125,0.492831
rc_a33_point_primary_hn1,3,3657,11657,-0.789508,0.390437
rc_a33_point_primary_hn1,3,3658,11658,-0.700054,0.555802
rc_a33_point_primary_hn1,3,3659,11659,-0.63087,0.494247
rc_a33_point_primary_hn1,3,3660,11660,-0.652806,0.693736
rc_a33_point_primary_hn1,3,3661,11661,-1.14986,0.467449
rc_a33_point_primary_hn1,3,3662,11662,-1.11479,0.498348
rc_a33_point_primary_hn1,3,3663,11663,-1.06811,0.375571
rc_a33_point_primary_hn1,3,3664,11664,-1.19858,0.447252
rc_a33_point_primary_hn1,3,3665,11665,-1.07277,0.401835
rc_a33_point_primary_hn1,3,3666,11666,-0.991581,0.579403
rc_a33_point_primary_hn1,3,3667,11667,-0.251757,0.685983
rc_a33_point_primary_hn1,3,3668,11668,-0.421456,0.641217
rc_a33_point_primary_hn1,3,3669,11669,-0.35999,0.39398300000000003
rc_a33_point_primary_hn1,3,3670,11670,-0.535516,0.340358
rc_a33_point_primary_hn1,3,3671,11671,-0.412088,0.90861
rc_a33_point_primary_hn1,3,3672,11672,-0.351459,0.8735
rc_a33_point_primary_hn1,3,3673,11673,-0.4141,0.792229
rc_a33_point_primary_hn1,3,3674,11674,-0.59902,0.85104
rc_a33_point_primary_hn1,3,3675,11675,-0.506788,0.827486
rc_a33_point_primary_hn1,3,3676,11676,-0.569782,0.789252
rc_a33_point_primary_hn1,3,3677,11677,-0.414365,0.698992
rc_a33_point_primary_hn1,3,3678,11678,-0.832891,0.661764
rc_a33_point_primary_hn1,3,3679,11679,-0.925446,0.543355
rc_a33_point_primary_hn1,3,3680,11680,-0.783436,0.678263
rc_a33_point_primary_hn1,3,3681,11681,-0.761553,0.673003
rc_a33_point_primary_hn1,3,3682,11682,-0.745128,0.745007
rc_a33_point_primary_hn1,3,3683,11683,-0.696859,0.812962
rc_a33_point_primary_hn1,3,3684,11684,-0.993045,0.802697
rc_a33_point_primary_hn1,3,3685,11685,-0.815226,0.604565
rc_a33_point_primary_hn1,3,3686,11686,-0.97982,0.480903
rc_a33_point_primary_hn1,3,3687,11687,-0.988372,0.397453
rc_a33_point_primary_hn1,3,3688,11688,-0.833672,0.546987
rc_a33_point_primary_hn1,3,3689,11689,-0.116608,0.697921
rc_a33_point_primary_hn1,3,3690,11690,-0.59741,0.592022
rc_a33_point_primary_hn1,3,3691,11691,-0.590577,0.660747
rc_a33_point_primary_hn1,3,3692,11692,-0.560546,0.6067
rc_a33_point_primary_hn1,3,3693,11693,-1.09818,0.785218
rc_a33_point_primary_hn1,3,3694,11694,-0.8888,0.659519
rc_a33_point_primary_hn1,3,3695,11695,-1.09719,0.749981
rc_a33_point_primary_hn1,3,3696,11696,-0.928766,0.624143
rc_a33_point_primary_hn1,3,3697,11697,-0.840504,0.66024
rc_a33_point_primary_hn1,3,3698,11698,-0.993779,0.58563
rc_a33_point_primary_hn1,3,3699,11699,-0.876467,0.594928
rc_a33_point_primary_hn1,3,3700,11700,-0.800454,0.823775
rc_a33_point_primary_hn1,3,3701,11701,-0.61412,0.621298
rc_a33_point_primary_hn1,3,3702,11702,-1.43402,0.84333
rc_a33_point_primary_hn1,3,3703,11703,-1.62734,0.99764
rc_a33_point_primary_hn1,3,3704,11704,-1.54156,0.793356
rc_a33_point_primary_hn1,3,3705,11705,-1.66934,1.06477
rc_a33_point_primary_hn1,3,3706,11706,-2.15134,1.20995
rc_a33_point_primary_hn1,3,3707,11707,-2.16137,1.29907
rc_a33_point_primary_hn1,3,3708,11708,-0.761619,0.412474
rc_a33_point_primary_hn1,3,3709,11709,-0.725977,0.702612
rc_a33_point_primary_hn1,3,3710,11710,-1.13638,0.683745
rc_a33_point_primary_hn1,3,3711,11711,-0.978601,0.789469
rc_a33_point_primary_hn1,3,3712,11712,-0.871988,0.750033
rc_a33_point_primary_hn1,3,3713,11713,-0.899122,0.816724
rc_a33_point_primary_hn1,3,3714,11714,-0.475352,0.416247
rc_a33_point_primary_hn1,3,3715,11715,-0.437969,0.542842
rc_a33_point_primary_hn1,3,3716,11716,-0.385871,0.683354
rc_a33_point_primary_hn1,3,3717,11717,-0.435356,0.569148
rc_a33_point_primary_hn1,3,3718,11718,-0.454359,0.724156
rc_a33_point_primary_hn1,3,3719,11719,-0.809934,0.650325
rc_a33_point_primary_hn1,3,3720,11720,-0.697947,0.8135
rc_a33_point_primary_hn1,3,3721,11721,-0.503075,0.789408
rc_a33_point_primary_hn1,3,3722,11722,-0.710343,0.598955
rc_a33_point_primary_hn1,3,3723,11723,-0.802271,0.668025
rc_a33_point_primary_hn1,3,3724,11724,-0.684268,1.11248
rc_a33_point_primary_hn1,3,3725,11725,-0.755476,0.764359
rc_a33_point_primary_hn1,3,3726,11726,-0.908528,0.518416
rc_a33_point_primary_hn1,3,3727,11727,-0.986402,0.711804
rc_a33_point_primary_hn1,3,3728,11728,-0.988028,0.579637
rc_a33_point_primary_hn1,3,3729,11729,-1.16101,0.67092
rc_a33_point_primary_hn1,3,3730,11730,-0.825726,0.514386
rc_a33_point_primary_hn1,3,3731,11731,-0.581768,0.522645
rc_a33_point_primary_hn1,3,3732,11732,-0.226825,0.582106
rc_a33_point_primary_hn1,3,3733,11733,0.0571147,1.02432
rc_a33_point_primary_hn1,3,3734,11734,-0.0643971,0.996401
rc_a33_point_primary_hn1,3,3735,11735,-1.08302,0.924462
rc_a33_point_primary_hn1,3,3736,11736,-0.968048,0.640374
rc_a33_point_primary_hn1,3,3737,11737,-0.736493,0.48326
rc_a33_point_primary_hn1,3,3738,11738,-0.602966,0.486399
rc_a33_point_primary_hn1,3,3739,11739,-0.708503,0.593142
rc_a33_point_primary_hn1,3,3740,11740,-0.550939,0.676704
rc_a33_point_primary_hn1,3,3741,11741,-1.18655,0.765726
rc_a33_point_primary_hn1,3,3742,11742,-1.46981,0.877989
rc_a33_point_primary_hn1,3,3743,11743,-1.46543,0.859533
rc_a33_point_primary_hn1,3,3744,11744,-1.41367,0.871221
rc_a33_point_primary_hn1,3,3745,11745,-1.14337,0.765609
rc_a33_point_primary_hn1,3,3746,11746,-0.433063,0.853484
rc_a33_point_primary_hn1,3,3747,11747,-0.527007,0.858132
rc_a33_point_primary_hn1,3,3748,11748,-0.575377,0.752269
rc_a33_point_primary_hn1,3,3749,11749,-0.60482,0.718256
rc_a33_point_primary_hn1,3,3750,11750,-0.509334,0.706803
rc_a33_point_primary_hn1,3,3751,11751,-0.781926,0.601894
rc_a33_point_primary_hn1,3,3752,11752,-0.423531,0.772963
rc_a33_point_primary_hn1,3,3753,11753,-0.524204,0.682941
rc_a33_point_primary_hn1,3,3754,11754,-1.22471,0.721277
rc_a33_point_primary_hn1,3,3755,11755,-1.0831,0.546033
rc_a33_point_primary_hn1,3,3756,11756,-1.34077,0.869946
rc_a33_point_primary_hn1,3,3757,11757,-1.04627,0.642687
rc_a33_point_primary_hn1,3,3758,11758,-1.43711,0.64215
rc_a33_point_primary_hn1,3,3759,11759,-0.777212,0.473888
rc_a33_point_primary_hn1,3,3760,11760,-0.814901,0.369817
rc_a33_point_primary_hn1,3,3761,11761,-0.896841,0.426002
rc_a33_point_primary_hn1,3,3762,11762,-0.683953,0.447208
rc_a33_point_primary_hn1,3,3763,11763,-0.609775,0.692682
rc_a33_point_primary_hn1,3,3764,11764,-0.602817,0.762918
rc_a33_point_primary_hn1,3,3765,11765,-0.644443,0.509002
rc_a33_point_primary_hn1,3,3766,11766,-1.42181,0.421691
rc_a33_point_primary_hn1,3,3767,11767,-0.987476,0.496615
rc_a33_point_primary_hn1,3,3768,11768,-0.990245,0.507732
rc_a33_point_primary_hn1,3,3769,11769,-1.06602,0.634656
rc_a33_point_primary_hn1,3,3770,11770,-1.21609,0.544352
rc_a33_point_primary_hn1,3,3771,11771,-0.742112,0.233722
rc_a33_point_primary_hn1,3,3772,11772,-0.889749,0.34933
rc_a33_point_primary_hn1,3,3773,11773,-0.335516,0.65594
rc_a33_point_primary_hn1,3,3774,11774,-0.2291,0.818432
rc_a33_point_primary_hn1,3,3775,11775,-0.34961,0.80371
rc_a33_point_primary_hn1,3,3776,11776,-0.543924,0.517046
rc_a33_point_primary_hn1,3,3777,11777,-0.686572,0.299651
rc_a33_point_primary_hn1,3,3778,11778,-0.913198,0.430868
rc_a33_point_primary_hn1,3,3779,11779,-0.719791,0.394687
rc_a33_point_primary_hn1,3,3780,11780,-0.785698,0.713545
rc_a33_point_primary_hn1,3,3781,11781,-0.771977,0.64157
rc_a33_point_primary_hn1,3,3782,11782,-0.734791,0.586773
rc_a33_point_primary_hn1,3,3783,11783,-0.845517,0.338607
rc_a33_point_primary_hn1,3,3784,11784,-0.963447,0.408668
rc_a33_point_primary_hn1,3,3785,11785,-0.911852,0.456709
rc_a33_point_primary_hn1,3,3786,11786,-0.558418,0.690401
rc_a33_point_primary_hn1,3,3787,11787,-0.598128,0.830491
rc_a33_point_primary_hn1,3,3788,11788,-0.763491,0.736506
rc_a33_point_primary_hn1,3,3789,11789,-0.812903,0.683953
rc_a33_point_primary_hn1,3,3790,11790,-0.753453,0.708245
rc_a33_point_primary_hn1,3,3791,11791,-0.686459,0.701813
rc_a33_point_primary_hn1,3,3792,11792,-0.706472,0.598556
rc_a33_point_primary_hn1,3,3793,11793,-0.870242,0.509479
rc_a33_point_primary_hn1,3,3794,11794,-1.0315,0.623675
rc_a33_point_primary_hn1,3,3795,11795,-0.699722,0.69626
rc_a33_point_primary_hn1,3,3796,11796,-0.827887,0.687208
rc_a33_point_primary_hn1,3,3797,11797,-0.848504,0.501836
rc_a33_point_primary_hn1,3,3798,11798,-0.749689,0.66019
rc_a33_point_primary_hn1,3,3799,11799,-0.826383,0.523128
rc_a33_point_primary_hn1,3,3800,11800,-0.836777,0.486986
rc_a33_point_primary_hn1,3,3801,11801,-0.922973,0.591202
rc_a33_point_primary_hn1,3,3802,11802,-0.688179,0.723924
rc_a33_point_primary_hn1,3,3803,11803,-0.739613,0.480512
rc_a33_point_primary_hn1,3,3804,11804,-1.00746,0.613523
rc_a33_point_primary_hn1,3,3805,11805,-0.99806,0.465093
rc_a33_point_primary_hn1,3,3806,11806,-0.890958,0.392904
rc_a33_point_primary_hn1,3,3807,11807,-1.34277,0.398174
rc_a33_point_primary_hn1,3,3808,11808,-1.08358,0.35048
rc_a33_point_primary_hn1,3,3809,11809,-1.02996,0.419771
rc_a33_point_primary_hn1,3,3810,11810,-0.691287,0.463814
rc_a33_point_primary_hn1,3,3811,11811,-0.812213,0.407703
rc_a33_point_primary_hn1,3,3812,11812,-0.630712,0.395252
rc_a33_point_primary_hn1,3,3813,11813,-1.02086,0.297139
rc_a33_point_primary_hn1,3,3814,11814,-1.14946,0.794868
rc_a33_point_primary_hn1,3,3815,11815,-1.02369,0.535777
rc_a33_point_primary_hn1,3,3816,11816,-0.491888,0.739707
rc_a33_point_primary_hn1,3,3817,11817,-0.640966,0.911365
rc_a33_point_primary_hn1,3,3818,11818,-0.720944,0.894422
rc_a33_point_primary_hn1,3,3819,11819,-0.730654,1.27103
rc_a33_point_primary_hn1,3,3820,11820,-0.730105,1.04177
rc_a33_point_primary_hn1,3,3821,11821,-0.620168,0.477963
rc_a33_point_primary_hn1,3,3822,11822,-0.680434,0.260425
rc_a33_point_primary_hn1,3,3823,11823,-0.805331,0.478715
rc_a33_point_primary_hn1,3,3824,11824,-0.862587,0.517033
rc_a33_point_primary_hn1,3,3825,11825,-0.739112,0.543628
rc_a33_point_primary_hn1,3,3826,11826,-0.545577,0.418122
rc_a33_point_primary_hn1,3,3827,11827,-0.672204,0.515905
rc_a33_point_primary_hn1,3,3828,11828,-0.670963,0.447616
rc_a33_point_primary_hn1,3,3829,11829,-1.0653,0.445626
rc_a33_point_primary_hn1,3,3830,11830,-1.41104,0.706678
rc_a33_point_primary_hn1,3,3831,11831,-1.15854,0.692993
rc_a33_point_primary_hn1,3,3832,11832,-1.17224,0.537249
rc_a33_point_primary_hn1,3,3833,11833,-1.17878,0.938691
rc_a33_point_primary_hn1,3,3834,11834,-1.33019,0.956
rc_a33_point_primary_hn1,3,3835,11835,-1.32963,0.963798
rc_a33_point_primary_hn1,3,3836,11836,-0.970649,0.633192
rc_a33_point_primary_hn1,3,3837,11837,-1.04548,0.871605
rc_a33_point_primary_hn1,3,3838,11838,-0.729409,0.390858
rc_a33_point_primary_hn1,3,3839,11839,-0.767745,0.829553
rc_a33_point_primary_hn1,3,3840,11840,-0.784119,0.858299
rc_a33_point_primary_hn1,3,3841,11841,0.0375177,0.9883
rc_a33_point_primary_hn1,3,3842,11842,0.0863177,1.20939
rc_a33_point_primary_hn1,3,3843,11843,-0.351415,1.03188
rc_a33_point_primary_hn1,3,3844,11844,-0.439354,0.508799
rc_a33_point_primary_hn1,3,3845,11845,-0.586745,0.437709
rc_a33_point_primary_hn1,3,3846,11846,-0.30132,0.657371
rc_a33_point_primary_hn1,3,3847,11847,-0.32421,0.610078
rc_a33_point_primary_hn1,3,3848,11848,-0.587969,0.468667
rc_a33_point_primary_hn1,3,3849,11849,-0.450142,0.489833
rc_a33_point_primary_hn1,3,3850,11850,-0.585303,0.482818
rc_a33_point_primary_hn1,3,3851,11851,-0.584693,0.534704
rc_a33_point_primary_hn1,3,3852,11852,-0.686255,0.430316
rc_a33_point_primary_hn1,3,3853,11853,-0.811785,0.48714
rc_a33_point_primary_hn1,3,3854,11854,-0.61431500000000006,0.637512
rc_a33_point_primary_hn1,3,3855,11855,-0.699156,0.541131
rc_a33_point_primary_hn1,3,3856,11856,-0.641182,0.610383
rc_a33_point_primary_hn1,3,3857,11857,-0.599046,0.604199
rc_a33_point_primary_hn1,3,3858,11858,-0.53712,0.566061
rc_a33_point_primary_hn1,3,3859,11859,-0.575039,0.532517
rc_a33_point_primary_hn1,3,3860,11860,-0.734908,0.7449
rc_a33_point_primary_hn1,3,3861,11861,-0.989603,0.562276
rc_a33_point_primary_hn1,3,3862,11862,-0.954414,0.792205
rc_a33_point_primary_hn1,3,3863,11863,-0.978207,0.768796
rc_a33_point_primary_hn1,3,3864,11864,-1.03161,0.876719
rc_a33_point_primary_hn1,3,3865,11865,-1.06545,0.961716
rc_a33_point_primary_hn1,3,3866,11866,-0.858611,0.715688
rc_a33_point_primary_hn1,3,3867,11867,-0.903769,0.686815
rc_a33_point_primary_hn1,3,3868,11868,-0.839297,0.8032
rc_a33_point_primary_hn1,3,3869,11869,-0.802559,0.631189
rc_a33_point_primary_hn1,3,3870,11870,-0.891562,0.700586
rc_a33_point_primary_hn1,3,3871,11871,-0.867655,0.775784
rc_a33_point_primary_hn1,3,3872,11872,-1.04176,0.530815
rc_a33_point_primary_hn1,3,3873,11873,-0.809082,0.438339
rc_a33_point_primary_hn1,3,3874,11874,-1.46753,1.16541
rc_a33_point_primary_hn1,3,3875,11875,-1.45977,1.16504
rc_a33_point_primary_hn1,3,3876,11876,-1.48592,0.780629
rc_a33_point_primary_hn1,3,3877,11877,-1.6881,0.766309
rc_a33_point_primary_hn1,3,3878,11878,-1.72589,0.825681
rc_a33_point_primary_hn1,3,3879,11879,-1.68733,0.70599
rc_a33_point_primary_hn1,3,3880,11880,-0.186357,0.777677
rc_a33_point_primary_hn1,3,3881,11881,-0.315435,0.74531
rc_a33_point_primary_hn1,3,3882,11882,-0.147888,0.86858900000000006
rc_a33_point_primary_hn1,3,3883,11883,-0.365142,0.646293
rc_a33_point_primary_hn1,3,3884,11884,-0.283894,0.630442
rc_a33_point_primary_hn1,3,3885,11885,-0.282679,0.620924
rc_a33_point_primary_hn1,3,3886,11886,-1.03444,0.634382
rc_a33_point_primary_hn1,3,3887,11887,-1.01474,0.613244
rc_a33_point_primary_hn1,3,3888,11888,-1.05008,0.49952
rc_a33_point_primary_hn1,3,3889,11889,-0.498647,0.485988
rc_a33_point_primary_hn1,3,3890,11890,-0.447605,1.29473
rc_a33_point_primary_hn1,3,3891,11891,-0.521812,1.34839
rc_a33_point_primary_hn1,3,3892,11892,0.00635552,1.71348
rc_a33_point_primary_hn1,3,3893,11893,-0.0317217,1.5475
rc_a33_point_primary_hn1,3,3894,11894,-0.272599,1.1426
rc_a33_point_primary_hn1,3,3895,11895,-0.854169,0.641267
rc_a33_point_primary_hn1,3,3896,11896,-1.00839,0.763378
rc_a33_point_primary_hn1,3,3897,11897,-0.724334,0.754906
rc_a33_point_primary_hn1,3,3898,11898,-0.650016,0.652582
rc_a33_point_primary_hn1,3,3899,11899,-0.541853,0.828012
rc_a33_point_primary_hn1,3,3900,11900,-0.729126,0.683706
rc_a33_point_primary_hn1,3,3901,11901,-0.673439,0.608824
rc_a33_point_primary_hn1,3,3902,11902,-0.620528,0.605942
rc_a33_point_primary_hn1,3,3903,11903,-0.734969,0.807582
rc_a33_point_primary_hn1,3,3904,11904,-0.765769,0.569401
rc_a33_point_primary_hn1,3,3905,11905,-0.640396,1.50468
rc_a33_point_primary_hn1,3,3906,11906,-0.649315,1.30784
rc_a33_point_primary_hn1,3,3907,11907,-0.5637,1.27986
rc_a33_point_primary_hn1,3,3908,11908,-0.63938,1.17027
rc_a33_point_primary_hn1,3,3909,11909,-0.685424,0.914455
rc_a33_point_primary_hn1,3,3910,11910,-0.562554,0.919669
rc_a33_point_primary_hn1,3,3911,11911,-0.83759,0.725596
rc_a33_point_primary_hn1,3,3912,11912,-0.854251,0.947663
rc_a33_point_primary_hn1,3,3913,11913,-0.318076,0.548363
rc_a33_point_primary_hn1,3,3914,11914,-0.3975,0.657463
rc_a33_point_primary_hn1,3,3915,11915,-0.261246,0.587335
rc_a33_point_primary_hn1,3,3916,11916,-0.317331,0.642878
rc_a33_point_primary_hn1,3,3917,11917,-0.330035,0.761032
rc_a33_point_primary_hn1,3,3918,11918,-0.492321,0.632704
rc_a33_point_primary_hn1,3,3919,11919,-0.505513,0.747294
rc_a33_point_primary_hn1,3,3920,11920,-0.73394,0.535172
rc_a33_point_primary_hn1,3,3921,11921,-0.687966,0.55379
rc_a33_point_primary_hn1,3,3922,11922,-0.77921,0.455334
rc_a33_point_primary_hn1,3,3923,11923,-0.905828,0.671824
rc_a33_point_primary_hn1,3,3924,11924,-0.938624,0.675332
rc_a33_point_primary_hn1,3,3925,11925,-1.29023,0.456666
rc_a33_point_primary_hn1,3,3926,11926,-1.2341,0.50703
rc_a33_point_primary_hn1,3,3927,11927,-1.06771,0.495277
rc_a33_point_primary_hn1,3,3928,11928,-1.09774,0.574914
rc_a33_point_primary_hn1,3,3929,11929,-1.3045,0.821525
rc_a33_point_primary_hn1,3,3930,11930,-0.945797,0.731502
rc_a33_point_primary_hn1,3,3931,11931,-0.956169,0.825815
rc_a33_point_primary_hn1,3,3932,11932,-0.961329,0.408967
rc_a33_point_primary_hn1,3,3933,11933,-0.965811,0.357728
rc_a33_point_primary_hn1,3,3934,11934,-0.903916,0.30956
rc_a33_point_primary_hn1,3,3935,11935,-0.796978,0.547022
rc_a33_point_primary_hn1,3,3936,11936,-0.834395,0.46581
rc_a33_point_primary_hn1,3,3937,11937,-0.70909199999999994,0.772795
rc_a33_point_primary_hn1,3,3938,11938,-0.727796,0.473304
rc_a33_point_primary_hn1,3,3939,11939,-0.748892,0.609106
rc_a33_point_primary_hn1,3,3940,11940,-0.74975,0.713186
rc_a33_point_primary_hn1,3,3941,11941,-0.675099,0.922714
rc_a33_point_primary_hn1,3,3942,11942,-0.696389,0.935167
rc_a33_point_primary_hn1,3,3943,11943,-0.562623,0.752885
rc_a33_point_primary_hn1,3,3944,11944,-0.684652,0.671399
rc_a33_point_primary_hn1,3,3945,11945,-0.534527,0.492147
rc_a33_point_primary_hn1,3,3946,11946,-0.628378,0.59104
rc_a33_point_primary_hn1,3,3947,11947,-0.695076,0.771758
rc_a33_point_primary_hn1,3,3948,11948,-0.699713,0.766372
rc_a33_point_primary_hn1,3,3949,11949,-0.62521,0.733379
rc_a33_point_primary_hn1,3,3950,11950,-0.619411,0.700984
rc_a33_point_primary_hn1,3,3951,11951,-0.990258,0.527159
rc_a33_point_primary_hn1,3,3952,11952,-1.00676,0.75095
rc_a33_point_primary_hn1,3,3953,11953,-0.21739,0.823615
rc_a33_point_primary_hn1,3,3954,11954,-0.277602,0.774692
rc_a33_point_primary_hn1,3,3955,11955,-0.468428,0.689233
rc_a33_point_primary_hn1,3,3956,11956,-0.428626,0.617801
rc_a33_point_primary_hn1,3,3957,11957,-0.279501,0.687166
rc_a33_point_primary_hn1,3,3958,11958,-0.178284,0.880486
rc_a33_point_primary_hn1,3,3959,11959,-0.728184,0.586215
rc_a33_point_primary_hn1,3,3960,11960,-0.681039,0.883142
rc_a33_point_primary_hn1,3,3961,11961,-0.621776,0.918674
rc_a33_point_primary_hn1,3,3962,11962,-0.722731,0.749254
rc_a33_point_primary_hn1,3,3963,11963,-0.240647,0.724944
rc_a33_point_primary_hn1,3,3964,11964,-0.967881,0.914066
rc_a33_point_primary_hn1,3,3965,11965,-0.790409,0.87352
rc_a33_point_primary_hn1,3,3966,11966,-0.62123,0.285299
rc_a33_point_primary_hn1,3,3967,11967,-0.598607,0.356784
rc_a33_point_primary_hn1,3,3968,11968,-0.620225,0.2664
rc_a33_point_primary_hn1,3,3969,11969,-0.630217,0.446358
rc_a33_point_primary_hn1,3,3970,11970,-0.837055,0.412057
rc_a33_point_primary_hn1,3,3971,11971,-0.891121,0.394204
rc_a33_point_primary_hn1,3,3972,11972,0.156205,1.82572
rc_a33_point_primary_hn1,3,3973,11973,0.0238936,1.41261
rc_a33_point_primary_hn1,3,3974,11974,0.117078,1.54503
rc_a33_point_primary_hn1,3,3975,11975,-0.047967,0.840346
rc_a33_point_primary_hn1,3,3976,11976,-1.02427,0.901652
rc_a33_point_primary_hn1,3,3977,11977,-0.842345,0.54673
rc_a33_point_primary_hn1,3,3978,11978,-0.78289,0.698431
rc_a33_point_primary_hn1,3,3979,11979,-0.737065,0.983147
rc_a33_point_primary_hn1,3,3980,11980,-0.754527,0.943775
rc_a33_point_primary_hn1,3,3981,11981,-0.751967,0.900828
rc_a33_point_primary_hn1,3,3982,11982,-0.716147,0.544189
rc_a33_point_primary_hn1,3,3983,11983,-0.740066,0.556498
rc_a33_point_primary_hn1,3,3984,11984,-0.649776,0.594776
rc_a33_point_primary_hn1,3,3985,11985,-1.02195,0.651519
rc_a33_point_primary_hn1,3,3986,11986,-0.988881,0.792656
rc_a33_point_primary_hn1,3,3987,11987,-1.1143,0.534092
rc_a33_point_primary_hn1,3,3988,11988,-0.986716,0.74105
rc_a33_point_primary_hn1,3,3989,11989,-0.903092,0.619026
rc_a33_point_primary_hn1,3,3990,11990,-0.753689,0.606627
rc_a33_point_primary_hn1,3,3991,11991,-0.943897,0.453934
rc_a33_point_primary_hn1,3,3992,11992,-0.969513,0.456187
rc_a33_point_primary_hn1,3,3993,11993,-1.34119,0.714881
rc_a33_point_primary_hn1,3,3994,11994,-1.32839,0.736144
rc_a33_point_primary_hn1,3,3995,11995,-0.579399,0.974286
rc_a33_point_primary_hn1,3,3996,11996,-0.536678,0.82475
rc_a33_point_primary_hn1,3,3997,11997,-1.24613,0.644411
rc_a33_point_primary_hn1,3,3998,11998,-1.07157,0.644251
rc_a33_point_primary_hn1,3,3999,11999,-1.19285,0.571601
rc_a33_point_primary_hn1,3,4000,12000,-0.289962,0.567695
rc_a33_point_primary_hn1,4,1,12001,-0.688792,0.423344
rc_a33_point_primary_hn1,4,2,12002,-0.808109,0.34543
rc_a33_point_primary_hn1,4,3,12003,-0.885237,0.357662
rc_a33_point_primary_hn1,4,4,12004,-0.902831,0.40229
rc_a33_point_primary_hn1,4,5,12005,-0.689462,0.437962
rc_a33_point_primary_hn1,4,6,12006,-0.823859,0.624141
rc_a33_point_primary_hn1,4,7,12007,-0.882047,0.501443
rc_a33_point_primary_hn1,4,8,12008,-0.930317,0.508081
rc_a33_point_primary_hn1,4,9,12009,-0.83519,0.40886
rc_a33_point_primary_hn1,4,10,12010,-0.840756,0.388942
rc_a33_point_primary_hn1,4,11,12011,-1.06435,0.473936
rc_a33_point_primary_hn1,4,12,12012,-0.953969,0.435345
rc_a33_point_primary_hn1,4,13,12013,-1.13912,0.519457
rc_a33_point_primary_hn1,4,14,12014,-0.983895,0.551983
rc_a33_point_primary_hn1,4,15,12015,-0.885256,0.656874
rc_a33_point_primary_hn1,4,16,12016,-0.936826,0.860615
rc_a33_point_primary_hn1,4,17,12017,-0.634421,0.664865
rc_a33_point_primary_hn1,4,18,12018,-0.565178,0.843335
rc_a33_point_primary_hn1,4,19,12019,-0.525133,0.703813
rc_a33_point_primary_hn1,4,20,12020,-0.496142,0.607496
rc_a33_point_primary_hn1,4,21,12021,-0.558737,0.748124
rc_a33_point_primary_hn1,4,22,12022,-0.529924,0.98223
rc_a33_point_primary_hn1,4,23,12023,-0.452525,0.405829
rc_a33_point_primary_hn1,4,24,12024,-1.1996,0.846185
rc_a33_point_primary_hn1,4,25,12025,-0.353702,0.790596
rc_a33_point_primary_hn1,4,26,12026,-0.647218,0.617903
rc_a33_point_primary_hn1,4,27,12027,-0.740135,0.653089
rc_a33_point_primary_hn1,4,28,12028,-0.671222,0.414831
rc_a33_point_primary_hn1,4,29,12029,-0.854605,0.566133
rc_a33_point_primary_hn1,4,30,12030,-0.895234,0.765517
rc_a33_point_primary_hn1,4,31,12031,-0.772803,0.528344
rc_a33_point_primary_hn1,4,32,12032,-0.525509,0.498281
rc_a33_point_primary_hn1,4,33,12033,-0.444067,0.467412
rc_a33_point_primary_hn1,4,34,12034,-0.934344,0.67065
rc_a33_point_primary_hn1,4,35,12035,-0.890493,0.440558
rc_a33_point_primary_hn1,4,36,12036,-0.979111,0.563511
rc_a33_point_primary_hn1,4,37,12037,-0.865672,0.474977
rc_a33_point_primary_hn1,4,38,12038,-0.72977,0.607535
rc_a33_point_primary_hn1,4,39,12039,-0.803404,0.440087
rc_a33_point_primary_hn1,4,40,12040,-0.75919,0.426453
rc_a33_point_primary_hn1,4,41,12041,-0.691156,0.469471
rc_a33_point_primary_hn1,4,42,12042,-0.689779,0.359642
rc_a33_point_primary_hn1,4,43,12043,-0.411917,0.632874
rc_a33_point_primary_hn1,4,44,12044,-0.294466,0.714096
rc_a33_point_primary_hn1,4,45,12045,-0.431747,0.653469
rc_a33_point_primary_hn1,4,46,12046,-0.16139,0.773594
rc_a33_point_primary_hn1,4,47,12047,-0.763503,0.941606
rc_a33_point_primary_hn1,4,48,12048,-0.619618,0.763157
rc_a33_point_primary_hn1,4,49,12049,-0.906289,0.760206
rc_a33_point_primary_hn1,4,50,12050,-0.801408,0.640474
rc_a33_point_primary_hn1,4,51,12051,-0.689389,0.587189
rc_a33_point_primary_hn1,4,52,12052,-0.793241,0.544526
rc_a33_point_primary_hn1,4,53,12053,-1.11457,0.457521
rc_a33_point_primary_hn1,4,54,12054,-1.06288,0.352801
rc_a33_point_primary_hn1,4,55,12055,-1.19009,0.526819
rc_a33_point_primary_hn1,4,56,12056,-1.46641,0.858862
rc_a33_point_primary_hn1,4,57,12057,-1.47753,0.981572
rc_a33_point_primary_hn1,4,58,12058,-1.56334,0.933674
rc_a33_point_primary_hn1,4,59,12059,-1.22488,0.688231
rc_a33_point_primary_hn1,4,60,12060,-0.508769,0.538528
rc_a33_point_primary_hn1,4,61,12061,-0.478934,0.718664
rc_a33_point_primary_hn1,4,62,12062,-0.496011,0.660042
rc_a33_point_primary_hn1,4,63,12063,-0.619769,0.54485
rc_a33_point_primary_hn1,4,64,12064,-0.531454,0.424217
rc_a33_point_primary_hn1,4,65,12065,-0.402098,0.588579
rc_a33_point_primary_hn1,4,66,12066,-0.588549,0.508866
rc_a33_point_primary_hn1,4,67,12067,-0.344397,0.630699
rc_a33_point_primary_hn1,4,68,12068,-0.397479,0.555146
rc_a33_point_primary_hn1,4,69,12069,-0.547056,0.546889
rc_a33_point_primary_hn1,4,70,12070,-0.514854,0.45971
rc_a33_point_primary_hn1,4,71,12071,-0.821915,0.690305
rc_a33_point_primary_hn1,4,72,12072,-0.70551,0.632065
rc_a33_point_primary_hn1,4,73,12073,-0.697429,0.482707
rc_a33_point_primary_hn1,4,74,12074,-0.805256,0.282585
rc_a33_point_primary_hn1,4,75,12075,-0.879964,0.421831
rc_a33_point_primary_hn1,4,76,12076,-0.843245,0.450253
rc_a33_point_primary_hn1,4,77,12077,-1.01734,0.672012
rc_a33_point_primary_hn1,4,78,12078,-0.537908,0.367607
rc_a33_point_primary_hn1,4,79,12079,-1.29567,0.57975
rc_a33_point_primary_hn1,4,80,12080,-0.973345,0.266177
rc_a33_point_primary_hn1,4,81,12081,-1.02884,0.299516
rc_a33_point_primary_hn1,4,82,12082,-1.09953,0.334655
rc_a33_point_primary_hn1,4,83,12083,-1.09743,0.428412
rc_a33_point_primary_hn1,4,84,12084,-1.09297,0.520139
rc_a33_point_primary_hn1,4,85,12085,-0.906508,0.569015
rc_a33_point_primary_hn1,4,86,12086,-0.52614,1.06717
rc_a33_point_primary_hn1,4,87,12087,-0.732889,0.662715
rc_a33_point_primary_hn1,4,88,12088,-0.71608,0.53123
rc_a33_point_primary_hn1,4,89,12089,-0.995997,0.763482
rc_a33_point_primary_hn1,4,90,12090,-0.749526,0.430249
rc_a33_point_primary_hn1,4,91,12091,-0.754374,0.407702
rc_a33_point_primary_hn1,4,92,12092,-0.846769,0.488554
rc_a33_point_primary_hn1,4,93,12093,-0.52808,0.354526
rc_a33_point_primary_hn1,4,94,12094,-0.54498,0.399764
rc_a33_point_primary_hn1,4,95,12095,-0.65364,0.697727
rc_a33_point_primary_hn1,4,96,12096,-0.51511,0.742682
rc_a33_point_primary_hn1,4,97,12097,-0.556859,0.798534
rc_a33_point_primary_hn1,4,98,12098,-0.623151,0.562465
rc_a33_point_primary_hn1,4,99,12099,-0.625419,0.456775
rc_a33_point_primary_hn1,4,100,12100,-0.587504,0.476719
rc_a33_point_primary_hn1,4,101,12101,-0.507555,0.515875
rc_a33_point_primary_hn1,4,102,12102,-0.779395,0.338758
rc_a33_point_primary_hn1,4,103,12103,-0.690534,0.484269
rc_a33_point_primary_hn1,4,104,12104,-0.830913,0.73987
rc_a33_point_primary_hn1,4,105,12105,-0.620088,0.485154
rc_a33_point_primary_hn1,4,106,12106,-0.6096,0.63754
rc_a33_point_primary_hn1,4,107,12107,-0.621914,0.602578
rc_a33_point_primary_hn1,4,108,12108,-0.815166,0.417998
rc_a33_point_primary_hn1,4,109,12109,-0.830736,0.430204
rc_a33_point_primary_hn1,4,110,12110,-0.923487,0.4786
rc_a33_point_primary_hn1,4,111,12111,-1.13006,0.466295
rc_a33_point_primary_hn1,4,112,12112,-0.783689,0.598721
rc_a33_point_primary_hn1,4,113,12113,-1.01258,0.531738
rc_a33_point_primary_hn1,4,114,12114,-0.943629,0.607785
rc_a33_point_primary_hn1,4,115,12115,-0.776524,0.377919
rc_a33_point_primary_hn1,4,116,12116,-0.714384,0.4885
rc_a33_point_primary_hn1,4,117,12117,-0.758858,0.540427
rc_a33_point_primary_hn1,4,118,12118,-1.02537,1.41944
rc_a33_point_primary_hn1,4,119,12119,-1.02157,1.20488
rc_a33_point_primary_hn1,4,120,12120,-1.14206,0.83532
rc_a33_point_primary_hn1,4,121,12121,-1.01357,0.818277
rc_a33_point_primary_hn1,4,122,12122,-1.28498,1.03676
rc_a33_point_primary_hn1,4,123,12123,-1.3428,1.15072
rc_a33_point_primary_hn1,4,124,12124,-1.36364,1.11551
rc_a33_point_primary_hn1,4,125,12125,-1.46308,0.979599
rc_a33_point_primary_hn1,4,126,12126,-0.797037,0.777178
rc_a33_point_primary_hn1,4,127,12127,-0.675967,0.615065
rc_a33_point_primary_hn1,4,128,12128,-0.82682,0.542247
rc_a33_point_primary_hn1,4,129,12129,-0.530393,1.71808
rc_a33_point_primary_hn1,4,130,12130,-0.218829,0.973369
rc_a33_point_primary_hn1,4,131,12131,-0.0193371,1.53088
rc_a33_point_primary_hn1,4,132,12132,-0.171402,0.9983
rc_a33_point_primary_hn1,4,133,12133,-0.311136,0.865843
rc_a33_point_primary_hn1,4,134,12134,-0.822737,0.849706
rc_a33_point_primary_hn1,4,135,12135,-0.991231,0.838216
rc_a33_point_primary_hn1,4,136,12136,-0.2979,0.553708
rc_a33_point_primary_hn1,4,137,12137,-0.420616,0.394564
rc_a33_point_primary_hn1,4,138,12138,-0.622789,0.574235
rc_a33_point_primary_hn1,4,139,12139,-1.21168,0.664265
rc_a33_point_primary_hn1,4,140,12140,-1.02096,0.723934
rc_a33_point_primary_hn1,4,141,12141,-0.904962,0.353502
rc_a33_point_primary_hn1,4,142,12142,-0.696229,0.849645
rc_a33_point_primary_hn1,4,143,12143,-0.644507,0.877178
rc_a33_point_primary_hn1,4,144,12144,-0.26944,0.410352
rc_a33_point_primary_hn1,4,145,12145,-0.564249,0.332309
rc_a33_point_primary_hn1,4,146,12146,-0.777979,0.36878
rc_a33_point_primary_hn1,4,147,12147,-0.730338,0.285389
rc_a33_point_primary_hn1,4,148,12148,-0.47416,0.28778
rc_a33_point_primary_hn1,4,149,12149,-0.686553,0.944756
rc_a33_point_primary_hn1,4,150,12150,-0.991738,0.945167
rc_a33_point_primary_hn1,4,151,12151,-0.658123,0.573147
rc_a33_point_primary_hn1,4,152,12152,-0.574865,1.03897
rc_a33_point_primary_hn1,4,153,12153,-0.503777,0.974587
rc_a33_point_primary_hn1,4,154,12154,-0.910991,0.536679
rc_a33_point_primary_hn1,4,155,12155,-0.655772,0.454181
rc_a33_point_primary_hn1,4,156,12156,-0.545896,0.458275
rc_a33_point_primary_hn1,4,157,12157,-0.720715,0.488925
rc_a33_point_primary_hn1,4,158,12158,-0.494412,0.521907
rc_a33_point_primary_hn1,4,159,12159,-0.760167,0.506171
rc_a33_point_primary_hn1,4,160,12160,-0.449838,0.799293
rc_a33_point_primary_hn1,4,161,12161,-0.611267,0.483303
rc_a33_point_primary_hn1,4,162,12162,-0.934036,0.582399
rc_a33_point_primary_hn1,4,163,12163,-0.699341,0.626104
rc_a33_point_primary_hn1,4,164,12164,-0.724403,0.566507
rc_a33_point_primary_hn1,4,165,12165,-0.876619,0.566192
rc_a33_point_primary_hn1,4,166,12166,-0.759868,0.779411
rc_a33_point_primary_hn1,4,167,12167,-0.52006,0.800892
rc_a33_point_primary_hn1,4,168,12168,-0.544042,0.680915
rc_a33_point_primary_hn1,4,169,12169,-0.725294,0.414463
rc_a33_point_primary_hn1,4,170,12170,-0.584171,0.602265
rc_a33_point_primary_hn1,4,171,12171,-0.647014,0.687546
rc_a33_point_primary_hn1,4,172,12172,-0.631388,0.433252
rc_a33_point_primary_hn1,4,173,12173,-0.81322,0.457858
rc_a33_point_primary_hn1,4,174,12174,-0.73779,0.508414
rc_a33_point_primary_hn1,4,175,12175,-0.97159,0.515444
rc_a33_point_primary_hn1,4,176,12176,-0.611124,0.446801
rc_a33_point_primary_hn1,4,177,12177,-0.889944,0.718312
rc_a33_point_primary_hn1,4,178,12178,-0.816958,0.632097
rc_a33_point_primary_hn1,4,179,12179,-0.841823,0.470849
rc_a33_point_primary_hn1,4,180,12180,-0.677102,0.386163
rc_a33_point_primary_hn1,4,181,12181,-1.15455,0.521851
rc_a33_point_primary_hn1,4,182,12182,-0.846322,0.727998
rc_a33_point_primary_hn1,4,183,12183,-0.617599,0.340001
rc_a33_point_primary_hn1,4,184,12184,-0.519825,0.442732
rc_a33_point_primary_hn1,4,185,12185,-0.553891,0.513425
rc_a33_point_primary_hn1,4,186,12186,-0.72447,0.36455
rc_a33_point_primary_hn1,4,187,12187,-0.577652,0.53026
rc_a33_point_primary_hn1,4,188,12188,-0.592289,0.579718
rc_a33_point_primary_hn1,4,189,12189,-0.401623,0.498298
rc_a33_point_primary_hn1,4,190,12190,-0.367112,0.46694
rc_a33_point_primary_hn1,4,191,12191,-0.672004,0.315979
rc_a33_point_primary_hn1,4,192,12192,-0.663219,0.282985
rc_a33_point_primary_hn1,4,193,12193,-0.336976,0.657398
rc_a33_point_primary_hn1,4,194,12194,-0.340653,0.720159
rc_a33_point_primary_hn1,4,195,12195,-0.206886,0.690446
rc_a33_point_primary_hn1,4,196,12196,-0.361993,0.642886
rc_a33_point_primary_hn1,4,197,12197,-0.906975,0.553951
rc_a33_point_primary_hn1,4,198,12198,-0.757101,0.803946
rc_a33_point_primary_hn1,4,199,12199,-0.827462,0.617167
rc_a33_point_primary_hn1,4,200,12200,-0.560352,0.38523
rc_a33_point_primary_hn1,4,201,12201,-0.613384,0.524292
rc_a33_point_primary_hn1,4,202,12202,-0.427945,0.565492
rc_a33_point_primary_hn1,4,203,12203,-0.880709,1.05084
rc_a33_point_primary_hn1,4,204,12204,-0.967134,1.10001
rc_a33_point_primary_hn1,4,205,12205,-0.965674,1.26341
rc_a33_point_primary_hn1,4,206,12206,-1.03308,0.811816
rc_a33_point_primary_hn1,4,207,12207,-0.91592,0.419108
rc_a33_point_primary_hn1,4,208,12208,-1.78038,1.08036
rc_a33_point_primary_hn1,4,209,12209,-1.76991,1.08933
rc_a33_point_primary_hn1,4,210,12210,-1.06718,0.438527
rc_a33_point_primary_hn1,4,211,12211,-0.911386,0.566379
rc_a33_point_primary_hn1,4,212,12212,-0.723494,0.929845
rc_a33_point_primary_hn1,4,213,12213,-0.706914,0.877146
rc_a33_point_primary_hn1,4,214,12214,-0.843926,0.838723
rc_a33_point_primary_hn1,4,215,12215,-1.13788,1.07966
rc_a33_point_primary_hn1,4,216,12216,-0.92123,0.973718
rc_a33_point_primary_hn1,4,217,12217,-0.672449,0.842248
rc_a33_point_primary_hn1,4,218,12218,-0.71754,0.536349
rc_a33_point_primary_hn1,4,219,12219,-0.546371,0.433371
rc_a33_point_primary_hn1,4,220,12220,-0.366292,0.713415
rc_a33_point_primary_hn1,4,221,12221,-0.34999,0.814592
rc_a33_point_primary_hn1,4,222,12222,-0.468166,0.472199
rc_a33_point_primary_hn1,4,223,12223,-1.11165,0.988806
rc_a33_point_primary_hn1,4,224,12224,-0.66356,0.265929
rc_a33_point_primary_hn1,4,225,12225,-0.735349,0.353021
rc_a33_point_primary_hn1,4,226,12226,-0.753135,0.5118
rc_a33_point_primary_hn1,4,227,12227,-0.680455,0.432355
rc_a33_point_primary_hn1,4,228,12228,-0.693924,0.364869
rc_a33_point_primary_hn1,4,229,12229,-0.74512,0.492615
rc_a33_point_primary_hn1,4,230,12230,-0.942499,0.447237
rc_a33_point_primary_hn1,4,231,12231,-0.782387,0.330177
rc_a33_point_primary_hn1,4,232,12232,-0.531068,0.452263
rc_a33_point_primary_hn1,4,233,12233,-0.584428,0.317706
rc_a33_point_primary_hn1,4,234,12234,-0.778145,0.532684
rc_a33_point_primary_hn1,4,235,12235,-0.68476,0.626618
rc_a33_point_primary_hn1,4,236,12236,-0.86835,0.528978
rc_a33_point_primary_hn1,4,237,12237,-0.857464,0.541628
rc_a33_point_primary_hn1,4,238,12238,-1.03658,0.658247
rc_a33_point_primary_hn1,4,239,12239,-1.02614,0.657646
rc_a33_point_primary_hn1,4,240,12240,-0.760524,0.42941
rc_a33_point_primary_hn1,4,241,12241,-0.858965,0.501804
rc_a33_point_primary_hn1,4,242,12242,-1.00976,0.478096
rc_a33_point_primary_hn1,4,243,12243,-0.794913,0.376859
rc_a33_point_primary_hn1,4,244,12244,-0.865287,0.426584
rc_a33_point_primary_hn1,4,245,12245,-0.818018,0.297589
rc_a33_point_primary_hn1,4,246,12246,-0.791103,0.238439
rc_a33_point_primary_hn1,4,247,12247,-0.681272,0.417022
rc_a33_point_primary_hn1,4,248,12248,-0.771849,0.402364
rc_a33_point_primary_hn1,4,249,12249,-0.774979,0.262231
rc_a33_point_primary_hn1,4,250,12250,-0.761678,0.319791
rc_a33_point_primary_hn1,4,251,12251,-0.918994,0.404914
rc_a33_point_primary_hn1,4,252,12252,-0.888742,0.333437
rc_a33_point_primary_hn1,4,253,12253,-1.21123,0.489722
rc_a33_point_primary_hn1,4,254,12254,-0.885682,0.356917
rc_a33_point_primary_hn1,4,255,12255,-1.01352,0.352924
rc_a33_point_primary_hn1,4,256,12256,-1.04726,0.297772
rc_a33_point_primary_hn1,4,257,12257,-1.12185,0.409449
rc_a33_point_primary_hn1,4,258,12258,-0.988905,0.508724
rc_a33_point_primary_hn1,4,259,12259,-1.05132,0.500097
rc_a33_point_primary_hn1,4,260,12260,-0.994265,0.439114
rc_a33_point_primary_hn1,4,261,12261,-0.840834,0.564502
rc_a33_point_primary_hn1,4,262,12262,-0.697305,0.497233
rc_a33_point_primary_hn1,4,263,12263,-0.93754,0.795715
rc_a33_point_primary_hn1,4,264,12264,-0.939584,0.742715
rc_a33_point_primary_hn1,4,265,12265,-0.744529,0.579939
rc_a33_point_primary_hn1,4,266,12266,-0.971585,0.595623
rc_a33_point_primary_hn1,4,267,12267,-1.20654,0.870367
rc_a33_point_primary_hn1,4,268,12268,-1.18967,0.859383
rc_a33_point_primary_hn1,4,269,12269,-0.824428,0.665454
rc_a33_point_primary_hn1,4,270,12270,-0.785894,0.809443
rc_a33_point_primary_hn1,4,271,12271,-0.787271,0.58961
rc_a33_point_primary_hn1,4,272,12272,-0.534342,0.419355
rc_a33_point_primary_hn1,4,273,12273,-0.854053,0.419234
rc_a33_point_primary_hn1,4,274,12274,-0.95641,0.78239
rc_a33_point_primary_hn1,4,275,12275,-1.07049,0.47357900000000003
rc_a33_point_primary_hn1,4,276,12276,-0.964835,0.674267
rc_a33_point_primary_hn1,4,277,12277,-1.07453,0.554778
rc_a33_point_primary_hn1,4,278,12278,-0.776121,0.47761
rc_a33_point_primary_hn1,4,279,12279,-0.895064,0.475804
rc_a33_point_primary_hn1,4,280,12280,-0.892416,0.40693
rc_a33_point_primary_hn1,4,281,12281,-0.720302,0.636648
rc_a33_point_primary_hn1,4,282,12282,-1.16873,1.22878
rc_a33_point_primary_hn1,4,283,12283,-0.615883,1.03894
rc_a33_point_primary_hn1,4,284,12284,-0.828822,0.491885
rc_a33_point_primary_hn1,4,285,12285,-0.572029,0.553781
rc_a33_point_primary_hn1,4,286,12286,-0.707523,0.684831
rc_a33_point_primary_hn1,4,287,12287,-0.830218,0.508567
rc_a33_point_primary_hn1,4,288,12288,-1.08744,0.553162
rc_a33_point_primary_hn1,4,289,12289,-0.981704,0.632137
rc_a33_point_primary_hn1,4,290,12290,-0.9152,0.692377
rc_a33_point_primary_hn1,4,291,12291,-0.952709,0.774025
rc_a33_point_primary_hn1,4,292,12292,-1.09654,0.748618
rc_a33_point_primary_hn1,4,293,12293,-0.916975,0.632005
rc_a33_point_primary_hn1,4,294,12294,-0.86705,0.479713
rc_a33_point_primary_hn1,4,295,12295,-1.07952,0.562312
rc_a33_point_primary_hn1,4,296,12296,-1.14932,0.653759
rc_a33_point_primary_hn1,4,297,12297,-0.832408,0.603233
rc_a33_point_primary_hn1,4,298,12298,-0.700071,0.681608
rc_a33_point_primary_hn1,4,299,12299,-0.694442,0.479777
rc_a33_point_primary_hn1,4,300,12300,-0.808719,0.499885
rc_a33_point_primary_hn1,4,301,12301,-0.598536,0.466151
rc_a33_point_primary_hn1,4,302,12302,-0.710006,0.481932
rc_a33_point_primary_hn1,4,303,12303,-0.535051,0.415666
rc_a33_point_primary_hn1,4,304,12304,-0.752929,0.458967
rc_a33_point_primary_hn1,4,305,12305,-0.635398,0.458424
rc_a33_point_primary_hn1,4,306,12306,-0.739263,0.414399
rc_a33_point_primary_hn1,4,307,12307,-0.820959,0.532407
rc_a33_point_primary_hn1,4,308,12308,-1.21505,0.556
rc_a33_point_primary_hn1,4,309,12309,-0.959769,0.260229
rc_a33_point_primary_hn1,4,310,12310,-0.547964,0.291875
rc_a33_point_primary_hn1,4,311,12311,-0.71197,0.373564
rc_a33_point_primary_hn1,4,312,12312,-0.571043,0.42363
rc_a33_point_primary_hn1,4,313,12313,-0.399124,0.478439
rc_a33_point_primary_hn1,4,314,12314,-1.01251,0.429418
rc_a33_point_primary_hn1,4,315,12315,-1.15143,0.296426
rc_a33_point_primary_hn1,4,316,12316,-1.01783,0.4175
rc_a33_point_primary_hn1,4,317,12317,-1.08162,0.501067
rc_a33_point_primary_hn1,4,318,12318,-0.94788,0.641377
rc_a33_point_primary_hn1,4,319,12319,-0.895383,0.596934
rc_a33_point_primary_hn1,4,320,12320,-0.673058,0.72311
rc_a33_point_primary_hn1,4,321,12321,-1.22525,1.10893
rc_a33_point_primary_hn1,4,322,12322,-0.614531,0.55738
rc_a33_point_primary_hn1,4,323,12323,-0.649509,0.761412
rc_a33_point_primary_hn1,4,324,12324,-0.696456,0.611326
rc_a33_point_primary_hn1,4,325,12325,-0.625323,0.648585
rc_a33_point_primary_hn1,4,326,12326,-0.64765,0.564044
rc_a33_point_primary_hn1,4,327,12327,-0.63782,0.605674
rc_a33_point_primary_hn1,4,328,12328,-0.287361,0.706871
rc_a33_point_primary_hn1,4,329,12329,-0.251335,1.39905
rc_a33_point_primary_hn1,4,330,12330,-0.188334,1.45921
rc_a33_point_primary_hn1,4,331,12331,-0.448187,0.596638
rc_a33_point_primary_hn1,4,332,12332,-0.253804,0.837388
rc_a33_point_primary_hn1,4,333,12333,-0.42778,0.691317
rc_a33_point_primary_hn1,4,334,12334,-0.544844,0.624991
rc_a33_point_primary_hn1,4,335,12335,-0.283883,0.851486
rc_a33_point_primary_hn1,4,336,12336,-0.320681,0.548538
rc_a33_point_primary_hn1,4,337,12337,0.0450864,0.899265
rc_a33_point_primary_hn1,4,338,12338,0.0101633,0.983867
rc_a33_point_primary_hn1,4,339,12339,-0.79688,0.445566
rc_a33_point_primary_hn1,4,340,12340,-0.962631,0.623182
rc_a33_point_primary_hn1,4,341,12341,-0.818761,0.456078
rc_a33_point_primary_hn1,4,342,12342,-0.816427,0.369646
rc_a33_point_primary_hn1,4,343,12343,-0.796861,0.332901
rc_a33_point_primary_hn1,4,344,12344,-0.826103,0.337647
rc_a33_point_primary_hn1,4,345,12345,-0.722703,0.350407
rc_a33_point_primary_hn1,4,346,12346,-0.801461,0.34515
rc_a33_point_primary_hn1,4,347,12347,-0.830623,0.691432
rc_a33_point_primary_hn1,4,348,12348,-0.628745,0.391784
rc_a33_point_primary_hn1,4,349,12349,-0.709089,0.591085
rc_a33_point_primary_hn1,4,350,12350,-0.70314,0.514995
rc_a33_point_primary_hn1,4,351,12351,-0.701956,0.578252
rc_a33_point_primary_hn1,4,352,12352,-0.83111,0.78823
rc_a33_point_primary_hn1,4,353,12353,-0.861218,0.757024
rc_a33_point_primary_hn1,4,354,12354,-0.625414,0.586739
rc_a33_point_primary_hn1,4,355,12355,-0.737364,0.565769
rc_a33_point_primary_hn1,4,356,12356,-0.712761,0.580395
rc_a33_point_primary_hn1,4,357,12357,-0.812495,0.316553
rc_a33_point_primary_hn1,4,358,12358,-0.499858,0.742401
rc_a33_point_primary_hn1,4,359,12359,-0.393451,0.724414
rc_a33_point_primary_hn1,4,360,12360,-0.342263,0.663874
rc_a33_point_primary_hn1,4,361,12361,-0.724623,0.674303
rc_a33_point_primary_hn1,4,362,12362,-1.0679,0.372297
rc_a33_point_primary_hn1,4,363,12363,-0.933533,0.359578
rc_a33_point_primary_hn1,4,364,12364,-0.633572,0.443175
rc_a33_point_primary_hn1,4,365,12365,-0.946494,0.476102
rc_a33_point_primary_hn1,4,366,12366,-0.845953,0.624318
rc_a33_point_primary_hn1,4,367,12367,-1.10334,0.844701
rc_a33_point_primary_hn1,4,368,12368,-1.15121,0.849929
rc_a33_point_primary_hn1,4,369,12369,-0.824734,0.525947
rc_a33_point_primary_hn1,4,370,12370,-0.81851,0.476794
rc_a33_point_primary_hn1,4,371,12371,-0.745727,0.458122
rc_a33_point_primary_hn1,4,372,12372,-0.475703,0.414379
rc_a33_point_primary_hn1,4,373,12373,-0.874209,0.414348
rc_a33_point_primary_hn1,4,374,12374,-0.684097,0.359673
rc_a33_point_primary_hn1,4,375,12375,-1.05366,0.650692
rc_a33_point_primary_hn1,4,376,12376,-1.05679,0.456247
rc_a33_point_primary_hn1,4,377,12377,-1.24779,0.433748
rc_a33_point_primary_hn1,4,378,12378,-0.866115,0.370913
rc_a33_point_primary_hn1,4,379,12379,-0.709331,0.701555
rc_a33_point_primary_hn1,4,380,12380,-0.384958,1.11054
rc_a33_point_primary_hn1,4,381,12381,-0.241593,1.02959
rc_a33_point_primary_hn1,4,382,12382,-0.778749,0.677488
rc_a33_point_primary_hn1,4,383,12383,-0.782408,0.460386
rc_a33_point_primary_hn1,4,384,12384,-0.720609,0.65954
rc_a33_point_primary_hn1,4,385,12385,-0.732628,1.08613
rc_a33_point_primary_hn1,4,386,12386,-0.809962,0.950311
rc_a33_point_primary_hn1,4,387,12387,-0.832635,0.653063
rc_a33_point_primary_hn1,4,388,12388,-0.893705,0.616378
rc_a33_point_primary_hn1,4,389,12389,-0.821196,0.344159
rc_a33_point_primary_hn1,4,390,12390,-1.03056,0.441584
rc_a33_point_primary_hn1,4,391,12391,-1.10029,0.580624
rc_a33_point_primary_hn1,4,392,12392,-0.458898,0.507234
rc_a33_point_primary_hn1,4,393,12393,-0.516115,0.542403
rc_a33_point_primary_hn1,4,394,12394,-0.752317,0.538069
rc_a33_point_primary_hn1,4,395,12395,-0.448243,0.423613
rc_a33_point_primary_hn1,4,396,12396,-0.588875,0.40454
rc_a33_point_primary_hn1,4,397,12397,-1.14563,0.547188
rc_a33_point_primary_hn1,4,398,12398,-1.35811,0.747331
rc_a33_point_primary_hn1,4,399,12399,-0.98444,0.791413
rc_a33_point_primary_hn1,4,400,12400,-0.372837,0.853213
rc_a33_point_primary_hn1,4,401,12401,-0.321227,1.21636
rc_a33_point_primary_hn1,4,402,12402,-0.0290382,0.989769
rc_a33_point_primary_hn1,4,403,12403,-0.0496897,0.971764
rc_a33_point_primary_hn1,4,404,12404,-1.01691,0.600485
rc_a33_point_primary_hn1,4,405,12405,-0.709979,0.448523
rc_a33_point_primary_hn1,4,406,12406,-0.605406,0.498675
rc_a33_point_primary_hn1,4,407,12407,-0.733696,0.664253
rc_a33_point_primary_hn1,4,408,12408,-0.73928,0.400095
rc_a33_point_primary_hn1,4,409,12409,-0.724479,0.598799
rc_a33_point_primary_hn1,4,410,12410,-0.577879,0.641
rc_a33_point_primary_hn1,4,411,12411,-0.724348,1.21213
rc_a33_point_primary_hn1,4,412,12412,-0.886216,1.14032
rc_a33_point_primary_hn1,4,413,12413,-0.714984,1.21135
rc_a33_point_primary_hn1,4,414,12414,-0.94509,1.17139
rc_a33_point_primary_hn1,4,415,12415,-0.738172,0.951558
rc_a33_point_primary_hn1,4,416,12416,-0.516753,0.71331
rc_a33_point_primary_hn1,4,417,12417,-0.951304,0.678968
rc_a33_point_primary_hn1,4,418,12418,-0.883944,1.0615
rc_a33_point_primary_hn1,4,419,12419,-0.657005,0.652711
rc_a33_point_primary_hn1,4,420,12420,-0.565094,0.634638
rc_a33_point_primary_hn1,4,421,12421,-0.405515,1.09023
rc_a33_point_primary_hn1,4,422,12422,-0.313181,1.06395
rc_a33_point_primary_hn1,4,423,12423,-1.0354,0.383645
rc_a33_point_primary_hn1,4,424,12424,-0.454601,0.60805
rc_a33_point_primary_hn1,4,425,12425,-0.563884,0.731074
rc_a33_point_primary_hn1,4,426,12426,-0.693246,0.323023
rc_a33_point_primary_hn1,4,427,12427,-0.305484,0.794085
rc_a33_point_primary_hn1,4,428,12428,-0.0889182,0.646626
rc_a33_point_primary_hn1,4,429,12429,-0.173031,0.693331
rc_a33_point_primary_hn1,4,430,12430,-0.510756,0.643711
rc_a33_point_primary_hn1,4,431,12431,-1.02836,0.782233
rc_a33_point_primary_hn1,4,432,12432,-1.03243,0.469714
rc_a33_point_primary_hn1,4,433,12433,-1.04863,0.510258
rc_a33_point_primary_hn1,4,434,12434,-0.564361,0.679653
rc_a33_point_primary_hn1,4,435,12435,-0.857594,0.431384
rc_a33_point_primary_hn1,4,436,12436,-0.812962,0.679965
rc_a33_point_primary_hn1,4,437,12437,-0.766208,0.640636
rc_a33_point_primary_hn1,4,438,12438,-0.731436,0.730165
rc_a33_point_primary_hn1,4,439,12439,-0.515857,0.536979
rc_a33_point_primary_hn1,4,440,12440,-0.607791,0.737455
rc_a33_point_primary_hn1,4,441,12441,-0.502832,0.366351
rc_a33_point_primary_hn1,4,442,12442,-0.668372,0.504065
rc_a33_point_primary_hn1,4,443,12443,-0.582948,0.491924
rc_a33_point_primary_hn1,4,444,12444,-0.911967,0.900566
rc_a33_point_primary_hn1,4,445,12445,-0.220914,0.549343
rc_a33_point_primary_hn1,4,446,12446,-1.51885,0.57607
rc_a33_point_primary_hn1,4,447,12447,-1.12711,0.766776
rc_a33_point_primary_hn1,4,448,12448,-1.40916,0.676361
rc_a33_point_primary_hn1,4,449,12449,-1.16416,0.531895
rc_a33_point_primary_hn1,4,450,12450,-0.782987,0.321536
rc_a33_point_primary_hn1,4,451,12451,-0.781683,0.370821
rc_a33_point_primary_hn1,4,452,12452,-0.81408,0.391418
rc_a33_point_primary_hn1,4,453,12453,-1.0535,0.4886
rc_a33_point_primary_hn1,4,454,12454,-0.937044,0.353688
rc_a33_point_primary_hn1,4,455,12455,-0.810309,0.422529
rc_a33_point_primary_hn1,4,456,12456,-0.805137,0.448995
rc_a33_point_primary_hn1,4,457,12457,-0.852201,0.451052
rc_a33_point_primary_hn1,4,458,12458,-0.661007,0.514278
rc_a33_point_primary_hn1,4,459,12459,-0.563487,0.499364
rc_a33_point_primary_hn1,4,460,12460,-0.497873,0.393329
rc_a33_point_primary_hn1,4,461,12461,-0.706198,0.566388
rc_a33_point_primary_hn1,4,462,12462,-0.665212,0.624899
rc_a33_point_primary_hn1,4,463,12463,-0.721228,0.331223
rc_a33_point_primary_hn1,4,464,12464,-0.964817,0.286925
rc_a33_point_primary_hn1,4,465,12465,-0.723778,0.275438
rc_a33_point_primary_hn1,4,466,12466,-0.884484,0.443956
rc_a33_point_primary_hn1,4,467,12467,-0.881929,0.488379
rc_a33_point_primary_hn1,4,468,12468,-1.06611,0.361028
rc_a33_point_primary_hn1,4,469,12469,-0.943886,0.289343
rc_a33_point_primary_hn1,4,470,12470,-1.0834,0.738994
rc_a33_point_primary_hn1,4,471,12471,-0.667788,0.561644
rc_a33_point_primary_hn1,4,472,12472,-1.00456,0.727777
rc_a33_point_primary_hn1,4,473,12473,-1.11051,0.725451
rc_a33_point_primary_hn1,4,474,12474,-1.34384,0.900806
rc_a33_point_primary_hn1,4,475,12475,-1.15325,0.714437
rc_a33_point_primary_hn1,4,476,12476,-1.25445,0.686026
rc_a33_point_primary_hn1,4,477,12477,-0.111084,0.60823
rc_a33_point_primary_hn1,4,478,12478,-0.105392,1.68419
rc_a33_point_primary_hn1,4,479,12479,0.0821691,1.15871
rc_a33_point_primary_hn1,4,480,12480,-0.983756,0.862029
rc_a33_point_primary_hn1,4,481,12481,-0.849338,0.921143
rc_a33_point_primary_hn1,4,482,12482,-0.887343,0.789579
rc_a33_point_primary_hn1,4,483,12483,-0.99133,0.355123
rc_a33_point_primary_hn1,4,484,12484,-1.00096,0.866911
rc_a33_point_primary_hn1,4,485,12485,-1.08062,0.892538
rc_a33_point_primary_hn1,4,486,12486,-1.13975,0.826812
rc_a33_point_primary_hn1,4,487,12487,-1.11413,0.631633
rc_a33_point_primary_hn1,4,488,12488,-1.092,0.4968
rc_a33_point_primary_hn1,4,489,12489,-0.364752,0.668805
rc_a33_point_primary_hn1,4,490,12490,-0.499906,0.642038
rc_a33_point_primary_hn1,4,491,12491,-1.01289,0.51837
rc_a33_point_primary_hn1,4,492,12492,-0.935875,0.482786
rc_a33_point_primary_hn1,4,493,12493,-0.850839,0.492692
rc_a33_point_primary_hn1,4,494,12494,-0.705364,0.534285
rc_a33_point_primary_hn1,4,495,12495,-0.942914,1.12523
rc_a33_point_primary_hn1,4,496,12496,-1.0179,0.989802
rc_a33_point_primary_hn1,4,497,12497,-0.875927,1.0781
rc_a33_point_primary_hn1,4,498,12498,-0.35247,0.709053
rc_a33_point_primary_hn1,4,499,12499,-0.371852,0.644753
rc_a33_point_primary_hn1,4,500,12500,-0.507213,0.787778
rc_a33_point_primary_hn1,4,501,12501,-1.28978,1.26119
rc_a33_point_primary_hn1,4,502,12502,-1.54227,1.65342
rc_a33_point_primary_hn1,4,503,12503,-1.59125,1.60878
rc_a33_point_primary_hn1,4,504,12504,-1.48701,1.60969
rc_a33_point_primary_hn1,4,505,12505,-1.52965,1.66123
rc_a33_point_primary_hn1,4,506,12506,-1.31522,0.950036
rc_a33_point_primary_hn1,4,507,12507,-1.45108,1.33451
rc_a33_point_primary_hn1,4,508,12508,-1.07418,0.547117
rc_a33_point_primary_hn1,4,509,12509,-0.480498,0.823789
rc_a33_point_primary_hn1,4,510,12510,-0.70894,0.607821
rc_a33_point_primary_hn1,4,511,12511,-0.8952,1.00903
rc_a33_point_primary_hn1,4,512,12512,-0.936832,0.754888
rc_a33_point_primary_hn1,4,513,12513,-0.863662,0.649652
rc_a33_point_primary_hn1,4,514,12514,-0.892487,0.602155
rc_a33_point_primary_hn1,4,515,12515,-1.10524,0.772042
rc_a33_point_primary_hn1,4,516,12516,-0.739929,0.493993
rc_a33_point_primary_hn1,4,517,12517,-0.892711,0.559227
rc_a33_point_primary_hn1,4,518,12518,-0.915887,0.682397
rc_a33_point_primary_hn1,4,519,12519,-1.00138,0.470655
rc_a33_point_primary_hn1,4,520,12520,-0.887675,1.19457
rc_a33_point_primary_hn1,4,521,12521,-0.90253,1.17004
rc_a33_point_primary_hn1,4,522,12522,-1.20626,1.08572
rc_a33_point_primary_hn1,4,523,12523,-1.0847,1.03602
rc_a33_point_primary_hn1,4,524,12524,-0.576563,0.529395
rc_a33_point_primary_hn1,4,525,12525,-0.553789,0.59632
rc_a33_point_primary_hn1,4,526,12526,-0.530521,0.815408
rc_a33_point_primary_hn1,4,527,12527,-0.592075,0.568054
rc_a33_point_primary_hn1,4,528,12528,-1.15587,0.685851
rc_a33_point_primary_hn1,4,529,12529,-1.40146,0.699086
rc_a33_point_primary_hn1,4,530,12530,-1.17884,1.07215
rc_a33_point_primary_hn1,4,531,12531,-1.11394,1.04451
rc_a33_point_primary_hn1,4,532,12532,-0.70522,0.825273
rc_a33_point_primary_hn1,4,533,12533,-0.490958,0.646406
rc_a33_point_primary_hn1,4,534,12534,-0.564166,1.12854
rc_a33_point_primary_hn1,4,535,12535,-0.571025,1.29531
rc_a33_point_primary_hn1,4,536,12536,-0.493736,1.2297
rc_a33_point_primary_hn1,4,537,12537,-0.688074,1.09669
rc_a33_point_primary_hn1,4,538,12538,-0.710349,1.0934
rc_a33_point_primary_hn1,4,539,12539,-0.696639,1.1535
rc_a33_point_primary_hn1,4,540,12540,-0.703059,1.1509
rc_a33_point_primary_hn1,4,541,12541,-0.630513,1.21588
rc_a33_point_primary_hn1,4,542,12542,-0.953307,0.726961
rc_a33_point_primary_hn1,4,543,12543,-0.667221,1.12865
rc_a33_point_primary_hn1,4,544,12544,-0.628612,1.41927
rc_a33_point_primary_hn1,4,545,12545,-0.570302,1.0185
rc_a33_point_primary_hn1,4,546,12546,-0.854509,0.49665
rc_a33_point_primary_hn1,4,547,12547,-0.939273,0.679213
rc_a33_point_primary_hn1,4,548,12548,-0.90242,0.564773
rc_a33_point_primary_hn1,4,549,12549,-0.777876,0.262967
rc_a33_point_primary_hn1,4,550,12550,-0.851587,0.364994
rc_a33_point_primary_hn1,4,551,12551,-0.752498,0.398793
rc_a33_point_primary_hn1,4,552,12552,-0.792668,0.869657
rc_a33_point_primary_hn1,4,553,12553,-0.797248,0.896984
rc_a33_point_primary_hn1,4,554,12554,-0.780041,0.874678
rc_a33_point_primary_hn1,4,555,12555,-0.658872,0.509442
rc_a33_point_primary_hn1,4,556,12556,-0.673246,0.463776
rc_a33_point_primary_hn1,4,557,12557,-0.536364,0.864723
rc_a33_point_primary_hn1,4,558,12558,-0.791065,0.940333
rc_a33_point_primary_hn1,4,559,12559,-0.935182,0.733147
rc_a33_point_primary_hn1,4,560,12560,-0.966905,0.742384
rc_a33_point_primary_hn1,4,561,12561,-0.774937,0.742315
rc_a33_point_primary_hn1,4,562,12562,-0.727135,0.751928
rc_a33_point_primary_hn1,4,563,12563,-0.807037,0.677961
rc_a33_point_primary_hn1,4,564,12564,-0.668761,0.983336
rc_a33_point_primary_hn1,4,565,12565,-1.0305,0.524695
rc_a33_point_primary_hn1,4,566,12566,-0.798441,0.505478
rc_a33_point_primary_hn1,4,567,12567,-0.714493,0.623249
rc_a33_point_primary_hn1,4,568,12568,-0.847272,0.594302
rc_a33_point_primary_hn1,4,569,12569,-0.953299,0.53927
rc_a33_point_primary_hn1,4,570,12570,-0.203191,1.44896
rc_a33_point_primary_hn1,4,571,12571,-0.350816,1.51405
rc_a33_point_primary_hn1,4,572,12572,-0.23898,1.40115
rc_a33_point_primary_hn1,4,573,12573,-0.372513,1.13692
rc_a33_point_primary_hn1,4,574,12574,-0.404667,0.947576
rc_a33_point_primary_hn1,4,575,12575,-0.990663,0.975382
rc_a33_point_primary_hn1,4,576,12576,-1.14421,0.988375
rc_a33_point_primary_hn1,4,577,12577,-1.06624,0.867907
rc_a33_point_primary_hn1,4,578,12578,-1.16725,0.791959
rc_a33_point_primary_hn1,4,579,12579,-1.16783,0.671532
rc_a33_point_primary_hn1,4,580,12580,-1.09743,0.584588
rc_a33_point_primary_hn1,4,581,12581,-0.93924,0.446308
rc_a33_point_primary_hn1,4,582,12582,-0.719728,0.47062
rc_a33_point_primary_hn1,4,583,12583,-0.699275,0.359305
rc_a33_point_primary_hn1,4,584,12584,-0.627698,0.427388
rc_a33_point_primary_hn1,4,585,12585,-0.514633,0.584464
rc_a33_point_primary_hn1,4,586,12586,-0.690064,0.456435
rc_a33_point_primary_hn1,4,587,12587,-0.434103,0.646911
rc_a33_point_primary_hn1,4,588,12588,-0.489207,0.614795
rc_a33_point_primary_hn1,4,589,12589,-0.697169,0.508945
rc_a33_point_primary_hn1,4,590,12590,-0.814638,0.438003
rc_a33_point_primary_hn1,4,591,12591,-0.682893,0.393298
rc_a33_point_primary_hn1,4,592,12592,-0.80066,0.378724
rc_a33_point_primary_hn1,4,593,12593,-0.620079,0.411671
rc_a33_point_primary_hn1,4,594,12594,-0.602874,0.380443
rc_a33_point_primary_hn1,4,595,12595,-0.728669,0.3519
rc_a33_point_primary_hn1,4,596,12596,-0.709804,0.367221
rc_a33_point_primary_hn1,4,597,12597,-0.996268,0.419695
rc_a33_point_primary_hn1,4,598,12598,-1.24588,0.700937
rc_a33_point_primary_hn1,4,599,12599,-0.893335,0.45666
rc_a33_point_primary_hn1,4,600,12600,-0.521156,0.684561
rc_a33_point_primary_hn1,4,601,12601,-0.836821,0.481829
rc_a33_point_primary_hn1,4,602,12602,-0.82651,0.601104
rc_a33_point_primary_hn1,4,603,12603,-0.951963,0.414366
rc_a33_point_primary_hn1,4,604,12604,-0.827959,0.491437
rc_a33_point_primary_hn1,4,605,12605,-0.805532,0.419
rc_a33_point_primary_hn1,4,606,12606,-0.75691,0.553503
rc_a33_point_primary_hn1,4,607,12607,-0.804837,0.432321
rc_a33_point_primary_hn1,4,608,12608,-0.716713,0.464739
rc_a33_point_primary_hn1,4,609,12609,-0.973901,0.489832
rc_a33_point_primary_hn1,4,610,12610,-0.845277,0.497632
rc_a33_point_primary_hn1,4,611,12611,-1.33142,0.57838
rc_a33_point_primary_hn1,4,612,12612,-0.482853,0.567966
rc_a33_point_primary_hn1,4,613,12613,-0.318396,0.721103
rc_a33_point_primary_hn1,4,614,12614,-0.679614,0.466649
rc_a33_point_primary_hn1,4,615,12615,-0.811701,0.558203
rc_a33_point_primary_hn1,4,616,12616,-0.692838,0.352803
rc_a33_point_primary_hn1,4,617,12617,-0.778816,0.570624
rc_a33_point_primary_hn1,4,618,12618,-0.908717,0.473854
rc_a33_point_primary_hn1,4,619,12619,-0.957227,0.609993
rc_a33_point_primary_hn1,4,620,12620,-0.849748,0.730685
rc_a33_point_primary_hn1,4,621,12621,-0.820429,0.423725
rc_a33_point_primary_hn1,4,622,12622,-1.17788,0.585359
rc_a33_point_primary_hn1,4,623,12623,-1.18093,0.584667
rc_a33_point_primary_hn1,4,624,12624,-1.15478,0.605942
rc_a33_point_primary_hn1,4,625,12625,-1.57063,0.957832
rc_a33_point_primary_hn1,4,626,12626,-1.48363,1.01915
rc_a33_point_primary_hn1,4,627,12627,-1.57671,0.794734
rc_a33_point_primary_hn1,4,628,12628,-0.957143,0.509375
rc_a33_point_primary_hn1,4,629,12629,-0.790438,0.413735
rc_a33_point_primary_hn1,4,630,12630,-1.05204,0.343378
rc_a33_point_primary_hn1,4,631,12631,-1.1459,0.606721
rc_a33_point_primary_hn1,4,632,12632,-1.0091,0.524737
rc_a33_point_primary_hn1,4,633,12633,-0.638749,0.417468
rc_a33_point_primary_hn1,4,634,12634,-0.914235,0.64819
rc_a33_point_primary_hn1,4,635,12635,-0.73643,0.456052
rc_a33_point_primary_hn1,4,636,12636,-0.892684,0.627299
rc_a33_point_primary_hn1,4,637,12637,-0.86859,0.539397
rc_a33_point_primary_hn1,4,638,12638,-1.23183,1.26401
rc_a33_point_primary_hn1,4,639,12639,-1.28193,1.39414
rc_a33_point_primary_hn1,4,640,12640,-0.531318,0.42669
rc_a33_point_primary_hn1,4,641,12641,-0.622915,0.513734
rc_a33_point_primary_hn1,4,642,12642,-0.596545,0.464636
rc_a33_point_primary_hn1,4,643,12643,-0.634729,0.453628
rc_a33_point_primary_hn1,4,644,12644,-0.414425,0.515817
rc_a33_point_primary_hn1,4,645,12645,-0.338703,0.426588
rc_a33_point_primary_hn1,4,646,12646,-0.176355,0.577271
rc_a33_point_primary_hn1,4,647,12647,-0.361163,0.562677
rc_a33_point_primary_hn1,4,648,12648,-0.535289,0.344631
rc_a33_point_primary_hn1,4,649,12649,-0.388106,0.515187
rc_a33_point_primary_hn1,4,650,12650,-0.512365,0.440679
rc_a33_point_primary_hn1,4,651,12651,-0.359102,0.661558
rc_a33_point_primary_hn1,4,652,12652,-0.450681,0.544948
rc_a33_point_primary_hn1,4,653,12653,-0.326285,0.628752
rc_a33_point_primary_hn1,4,654,12654,0.0521248,0.837828
rc_a33_point_primary_hn1,4,655,12655,-0.105458,0.74782
rc_a33_point_primary_hn1,4,656,12656,-0.366203,0.702767
rc_a33_point_primary_hn1,4,657,12657,-0.692609,0.442739
rc_a33_point_primary_hn1,4,658,12658,-0.804196,0.528807
rc_a33_point_primary_hn1,4,659,12659,-1.24313,0.565149
rc_a33_point_primary_hn1,4,660,12660,-0.982025,0.58611
rc_a33_point_primary_hn1,4,661,12661,-1.20641,0.533419
rc_a33_point_primary_hn1,4,662,12662,-1.15632,1.23333
rc_a33_point_primary_hn1,4,663,12663,-1.13376,1.13443
rc_a33_point_primary_hn1,4,664,12664,-1.19321,0.950142
rc_a33_point_primary_hn1,4,665,12665,-1.09643,1.11533
rc_a33_point_primary_hn1,4,666,12666,-0.886081,0.977782
rc_a33_point_primary_hn1,4,667,12667,-0.893193,1.06903
rc_a33_point_primary_hn1,4,668,12668,-0.954163,0.644202
rc_a33_point_primary_hn1,4,669,12669,-0.868476,0.572387
rc_a33_point_primary_hn1,4,670,12670,-1.26499,0.592139
rc_a33_point_primary_hn1,4,671,12671,-1.13046,0.735129
rc_a33_point_primary_hn1,4,672,12672,-0.960725,0.602157
rc_a33_point_primary_hn1,4,673,12673,-0.927884,0.707405
rc_a33_point_primary_hn1,4,674,12674,-0.955154,0.61156
rc_a33_point_primary_hn1,4,675,12675,-0.9033,0.916178
rc_a33_point_primary_hn1,4,676,12676,-0.940067,1.01071
rc_a33_point_primary_hn1,4,677,12677,-0.928449,0.927481
rc_a33_point_primary_hn1,4,678,12678,-0.880905,0.876543
rc_a33_point_primary_hn1,4,679,12679,-0.610256,0.598022
rc_a33_point_primary_hn1,4,680,12680,-0.949966,0.710145
rc_a33_point_primary_hn1,4,681,12681,-0.72905,0.682621
rc_a33_point_primary_hn1,4,682,12682,-0.677789,0.506996
rc_a33_point_primary_hn1,4,683,12683,-0.664134,0.501762
rc_a33_point_primary_hn1,4,684,12684,-0.648241,0.642819
rc_a33_point_primary_hn1,4,685,12685,-0.759581,0.518454
rc_a33_point_primary_hn1,4,686,12686,-0.839577,0.397388
rc_a33_point_primary_hn1,4,687,12687,-0.481752,0.407411
rc_a33_point_primary_hn1,4,688,12688,-1.00759,0.361885
rc_a33_point_primary_hn1,4,689,12689,-0.969509,0.55049
rc_a33_point_primary_hn1,4,690,12690,-0.825803,0.511683
rc_a33_point_primary_hn1,4,691,12691,-0.874035,0.536633
rc_a33_point_primary_hn1,4,692,12692,-0.914739,0.438671
rc_a33_point_primary_hn1,4,693,12693,-0.875934,0.566447
rc_a33_point_primary_hn1,4,694,12694,-0.844808,0.645788
rc_a33_point_primary_hn1,4,695,12695,-0.757793,0.589493
rc_a33_point_primary_hn1,4,696,12696,-1.14088,0.870401
rc_a33_point_primary_hn1,4,697,12697,-1.10058,0.627988
rc_a33_point_primary_hn1,4,698,12698,-1.16664,0.647114
rc_a33_point_primary_hn1,4,699,12699,-1.24071,0.39642
rc_a33_point_primary_hn1,4,700,12700,-1.02635,0.682364
rc_a33_point_primary_hn1,4,701,12701,-0.510356,0.531529
rc_a33_point_primary_hn1,4,702,12702,-0.482299,0.518386
rc_a33_point_primary_hn1,4,703,12703,-1.13378,0.406635
rc_a33_point_primary_hn1,4,704,12704,-0.976798,0.423246
rc_a33_point_primary_hn1,4,705,12705,-0.855965,0.52722
rc_a33_point_primary_hn1,4,706,12706,-1.07283,0.787833
rc_a33_point_primary_hn1,4,707,12707,-1.11503,0.661414
rc_a33_point_primary_hn1,4,708,12708,-1.24432,0.95146
rc_a33_point_primary_hn1,4,709,12709,-1.19469,0.878384
rc_a33_point_primary_hn1,4,710,12710,-1.24285,0.784196
rc_a33_point_primary_hn1,4,711,12711,-1.01831,0.42575
rc_a33_point_primary_hn1,4,712,12712,-0.316548,0.733249
rc_a33_point_primary_hn1,4,713,12713,-0.658087,0.718547
rc_a33_point_primary_hn1,4,714,12714,-0.562997,0.710743
rc_a33_point_primary_hn1,4,715,12715,-0.879221,0.405829
rc_a33_point_primary_hn1,4,716,12716,-1.10811,0.773317
rc_a33_point_primary_hn1,4,717,12717,-1.10225,0.867622
rc_a33_point_primary_hn1,4,718,12718,-1.2244,0.812345
rc_a33_point_primary_hn1,4,719,12719,-0.434497,0.804493
rc_a33_point_primary_hn1,4,720,12720,-0.393653,0.765193
rc_a33_point_primary_hn1,4,721,12721,-0.373722,0.790864
rc_a33_point_primary_hn1,4,722,12722,-0.394238,0.826122
rc_a33_point_primary_hn1,4,723,12723,-0.635232,0.596975
rc_a33_point_primary_hn1,4,724,12724,-0.447034,0.517599
rc_a33_point_primary_hn1,4,725,12725,-0.50533,0.456726
rc_a33_point_primary_hn1,4,726,12726,-0.666468,0.544871
rc_a33_point_primary_hn1,4,727,12727,-0.734718,0.587502
rc_a33_point_primary_hn1,4,728,12728,-0.761013,0.514015
rc_a33_point_primary_hn1,4,729,12729,-0.874612,0.320583
rc_a33_point_primary_hn1,4,730,12730,-0.878061,0.547828
rc_a33_point_primary_hn1,4,731,12731,-0.872808,0.334759
rc_a33_point_primary_hn1,4,732,12732,-0.741651,0.348696
rc_a33_point_primary_hn1,4,733,12733,-0.70273,0.558555
rc_a33_point_primary_hn1,4,734,12734,-0.698448,0.57654
rc_a33_point_primary_hn1,4,735,12735,-0.547209,0.728458
rc_a33_point_primary_hn1,4,736,12736,-0.579956,0.79459
rc_a33_point_primary_hn1,4,737,12737,-0.730007,0.660761
rc_a33_point_primary_hn1,4,738,12738,-0.89056,0.453644
rc_a33_point_primary_hn1,4,739,12739,-0.876829,0.579045
rc_a33_point_primary_hn1,4,740,12740,-0.860193,0.475297
rc_a33_point_primary_hn1,4,741,12741,-0.525886,0.525804
rc_a33_point_primary_hn1,4,742,12742,-0.716402,0.350195
rc_a33_point_primary_hn1,4,743,12743,-0.527374,0.440135
rc_a33_point_primary_hn1,4,744,12744,-0.920566,0.329853
rc_a33_point_primary_hn1,4,745,12745,-0.692044,1.06545
rc_a33_point_primary_hn1,4,746,12746,-0.750888,1.20349
rc_a33_point_primary_hn1,4,747,12747,-0.723507,0.921311
rc_a33_point_primary_hn1,4,748,12748,-0.831235,0.812963
rc_a33_point_primary_hn1,4,749,12749,-0.847008,0.730473
rc_a33_point_primary_hn1,4,750,12750,-0.770366,0.837028
rc_a33_point_primary_hn1,4,751,12751,-0.470663,0.581381
rc_a33_point_primary_hn1,4,752,12752,-0.823188,0.430357
rc_a33_point_primary_hn1,4,753,12753,-0.944194,0.534776
rc_a33_point_primary_hn1,4,754,12754,-1.11669,0.948425
rc_a33_point_primary_hn1,4,755,12755,-0.730822,0.431508
rc_a33_point_primary_hn1,4,756,12756,-0.547788,0.4434
rc_a33_point_primary_hn1,4,757,12757,-0.745511,0.561796
rc_a33_point_primary_hn1,4,758,12758,-0.828719,0.494622
rc_a33_point_primary_hn1,4,759,12759,-0.666788,1.19401
rc_a33_point_primary_hn1,4,760,12760,-0.692216,1.17915
rc_a33_point_primary_hn1,4,761,12761,-0.58547,1.29957
rc_a33_point_primary_hn1,4,762,12762,-0.561058,1.13945
rc_a33_point_primary_hn1,4,763,12763,-0.504808,1.15122
rc_a33_point_primary_hn1,4,764,12764,-0.553086,1.26005
rc_a33_point_primary_hn1,4,765,12765,-0.81905,0.658187
rc_a33_point_primary_hn1,4,766,12766,-0.733717,0.745135
rc_a33_point_primary_hn1,4,767,12767,-0.467598,0.569021
rc_a33_point_primary_hn1,4,768,12768,-0.562077,0.487214
rc_a33_point_primary_hn1,4,769,12769,-0.808785,0.607565
rc_a33_point_primary_hn1,4,770,12770,-0.629683,0.488036
rc_a33_point_primary_hn1,4,771,12771,-0.761349,0.432523
rc_a33_point_primary_hn1,4,772,12772,-0.719224,0.411355
rc_a33_point_primary_hn1,4,773,12773,-0.975167,0.572352
rc_a33_point_primary_hn1,4,774,12774,-0.801954,0.825483
rc_a33_point_primary_hn1,4,775,12775,-0.621451,0.843911
rc_a33_point_primary_hn1,4,776,12776,-0.794776,0.557527
rc_a33_point_primary_hn1,4,777,12777,-0.60648,0.562556
rc_a33_point_primary_hn1,4,778,12778,-0.677444,0.519595
rc_a33_point_primary_hn1,4,779,12779,-1.06934,0.601189
rc_a33_point_primary_hn1,4,780,12780,-1.15598,0.999798
rc_a33_point_primary_hn1,4,781,12781,-1.49176,1.35792
rc_a33_point_primary_hn1,4,782,12782,-0.408271,0.683103
rc_a33_point_primary_hn1,4,783,12783,-0.611169,0.589049
rc_a33_point_primary_hn1,4,784,12784,-0.757724,0.420871
rc_a33_point_primary_hn1,4,785,12785,-0.702094,0.693403
rc_a33_point_primary_hn1,4,786,12786,-0.429598,0.971973
rc_a33_point_primary_hn1,4,787,12787,-0.436051,0.651345
rc_a33_point_primary_hn1,4,788,12788,-0.427829,1.09978
rc_a33_point_primary_hn1,4,789,12789,-0.505381,0.809428
rc_a33_point_primary_hn1,4,790,12790,-0.689775,0.927893
rc_a33_point_primary_hn1,4,791,12791,-0.532369,0.912912
rc_a33_point_primary_hn1,4,792,12792,-1.01722,0.472728
rc_a33_point_primary_hn1,4,793,12793,-0.689115,0.526554
rc_a33_point_primary_hn1,4,794,12794,-0.905346,0.422012
rc_a33_point_primary_hn1,4,795,12795,-0.793274,0.534821
rc_a33_point_primary_hn1,4,796,12796,-0.894557,0.630179
rc_a33_point_primary_hn1,4,797,12797,-0.808909,0.740589
rc_a33_point_primary_hn1,4,798,12798,-1.09274,0.506074
rc_a33_point_primary_hn1,4,799,12799,-1.08673,0.544413
rc_a33_point_primary_hn1,4,800,12800,-0.998385,0.615355
rc_a33_point_primary_hn1,4,801,12801,-0.897459,0.594739
rc_a33_point_primary_hn1,4,802,12802,-0.929663,0.386952
rc_a33_point_primary_hn1,4,803,12803,-1.0012,0.352364
rc_a33_point_primary_hn1,4,804,12804,-1.08847,0.385317
rc_a33_point_primary_hn1,4,805,12805,-1.07852,0.557128
rc_a33_point_primary_hn1,4,806,12806,-1.14538,0.461493
rc_a33_point_primary_hn1,4,807,12807,-1.02044,0.531023
rc_a33_point_primary_hn1,4,808,12808,-1.13053,0.468028
rc_a33_point_primary_hn1,4,809,12809,-1.30648,0.585128
rc_a33_point_primary_hn1,4,810,12810,-0.942982,0.758916
rc_a33_point_primary_hn1,4,811,12811,-0.980717,0.753018
rc_a33_point_primary_hn1,4,812,12812,-0.885932,0.46136
rc_a33_point_primary_hn1,4,813,12813,-1.18419,0.568998
rc_a33_point_primary_hn1,4,814,12814,-1.13512,0.491577
rc_a33_point_primary_hn1,4,815,12815,-0.952706,0.476226
rc_a33_point_primary_hn1,4,816,12816,-1.05673,0.308955
rc_a33_point_primary_hn1,4,817,12817,-0.853988,0.373295
rc_a33_point_primary_hn1,4,818,12818,-0.723551,0.41167
rc_a33_point_primary_hn1,4,819,12819,-0.856719,0.59635
rc_a33_point_primary_hn1,4,820,12820,-0.647712,0.506661
rc_a33_point_primary_hn1,4,821,12821,-0.803029,0.55099
rc_a33_point_primary_hn1,4,822,12822,-0.707072,1.16617
rc_a33_point_primary_hn1,4,823,12823,-0.619138,1.18151
rc_a33_point_primary_hn1,4,824,12824,-0.625149,1.12027
rc_a33_point_primary_hn1,4,825,12825,-0.959726,1.58855
rc_a33_point_primary_hn1,4,826,12826,-0.367379,1.08516
rc_a33_point_primary_hn1,4,827,12827,-0.346493,1.01354
rc_a33_point_primary_hn1,4,828,12828,-0.372627,1.13533
rc_a33_point_primary_hn1,4,829,12829,-0.922248,0.757222
rc_a33_point_primary_hn1,4,830,12830,-0.906089,0.599483
rc_a33_point_primary_hn1,4,831,12831,-1.07318,0.545552
rc_a33_point_primary_hn1,4,832,12832,-0.821337,0.293802
rc_a33_point_primary_hn1,4,833,12833,-0.808594,0.495094
rc_a33_point_primary_hn1,4,834,12834,-0.867634,0.436642
rc_a33_point_primary_hn1,4,835,12835,-0.725525,0.343661
rc_a33_point_primary_hn1,4,836,12836,-0.704226,0.310832
rc_a33_point_primary_hn1,4,837,12837,-0.622128,0.319724
rc_a33_point_primary_hn1,4,838,12838,-0.644854,0.248401
rc_a33_point_primary_hn1,4,839,12839,-0.810333,0.438867
rc_a33_point_primary_hn1,4,840,12840,-0.955009,0.737532
rc_a33_point_primary_hn1,4,841,12841,-0.90782,0.423439
rc_a33_point_primary_hn1,4,842,12842,-0.777875,0.447246
rc_a33_point_primary_hn1,4,843,12843,-0.751197,0.302232
rc_a33_point_primary_hn1,4,844,12844,-0.886436,0.374322
rc_a33_point_primary_hn1,4,845,12845,-0.833713,0.6792
rc_a33_point_primary_hn1,4,846,12846,-0.788334,0.573063
rc_a33_point_primary_hn1,4,847,12847,-0.87922,0.504099
rc_a33_point_primary_hn1,4,848,12848,-0.803426,0.503254
rc_a33_point_primary_hn1,4,849,12849,-0.898824,0.772216
rc_a33_point_primary_hn1,4,850,12850,-0.976333,0.679506
rc_a33_point_primary_hn1,4,851,12851,-0.882646,0.678458
rc_a33_point_primary_hn1,4,852,12852,-1.03902,0.626959
rc_a33_point_primary_hn1,4,853,12853,-0.98311,0.582006
rc_a33_point_primary_hn1,4,854,12854,-0.551472,0.471836
rc_a33_point_primary_hn1,4,855,12855,-0.700237,0.713451
rc_a33_point_primary_hn1,4,856,12856,-0.693951,0.50108
rc_a33_point_primary_hn1,4,857,12857,-0.842748,0.413324
rc_a33_point_primary_hn1,4,858,12858,-0.880349,0.556435
rc_a33_point_primary_hn1,4,859,12859,-0.880016,0.473565
rc_a33_point_primary_hn1,4,860,12860,-0.397845,0.594104
rc_a33_point_primary_hn1,4,861,12861,-0.780979,0.360071
rc_a33_point_primary_hn1,4,862,12862,-0.641468,0.40902
rc_a33_point_primary_hn1,4,863,12863,-0.660468,0.485841
rc_a33_point_primary_hn1,4,864,12864,-0.579522,0.611558
rc_a33_point_primary_hn1,4,865,12865,-0.790848,0.414509
rc_a33_point_primary_hn1,4,866,12866,-0.723003,0.528866
rc_a33_point_primary_hn1,4,867,12867,-0.695992,0.730314
rc_a33_point_primary_hn1,4,868,12868,-0.82818,0.419789
rc_a33_point_primary_hn1,4,869,12869,-0.78689,0.396936
rc_a33_point_primary_hn1,4,870,12870,-0.621932,0.77505
rc_a33_point_primary_hn1,4,871,12871,-0.701212,0.738444
rc_a33_point_primary_hn1,4,872,12872,-0.704753,0.935725
rc_a33_point_primary_hn1,4,873,12873,-1.04787,0.811093
rc_a33_point_primary_hn1,4,874,12874,-1.00731,0.802279
rc_a33_point_primary_hn1,4,875,12875,-1.20978,0.619126
rc_a33_point_primary_hn1,4,876,12876,-0.92209700000000006,0.298888
rc_a33_point_primary_hn1,4,877,12877,-0.849363,0.309865
rc_a33_point_primary_hn1,4,878,12878,-1.16164,0.459763
rc_a33_point_primary_hn1,4,879,12879,-1.01578,0.347843
rc_a33_point_primary_hn1,4,880,12880,-0.668018,1.06983
rc_a33_point_primary_hn1,4,881,12881,-0.396369,0.683606
rc_a33_point_primary_hn1,4,882,12882,-0.49498,0.773031
rc_a33_point_primary_hn1,4,883,12883,-0.705898,0.405571
rc_a33_point_primary_hn1,4,884,12884,-0.749048,0.564481
rc_a33_point_primary_hn1,4,885,12885,-1.05838,0.685685
rc_a33_point_primary_hn1,4,886,12886,-0.990265,0.307016
rc_a33_point_primary_hn1,4,887,12887,-0.774591,0.564558
rc_a33_point_primary_hn1,4,888,12888,-0.821395,0.588211
rc_a33_point_primary_hn1,4,889,12889,-0.841997,0.699944
rc_a33_point_primary_hn1,4,890,12890,-0.846357,0.721727
rc_a33_point_primary_hn1,4,891,12891,-0.809757,0.726692
rc_a33_point_primary_hn1,4,892,12892,-0.880843,0.590436
rc_a33_point_primary_hn1,4,893,12893,-0.658357,0.68015
rc_a33_point_primary_hn1,4,894,12894,-1.01324,0.55839
rc_a33_point_primary_hn1,4,895,12895,-0.900371,0.716454
rc_a33_point_primary_hn1,4,896,12896,-0.923557,0.595628
rc_a33_point_primary_hn1,4,897,12897,-0.654081,0.615923
rc_a33_point_primary_hn1,4,898,12898,-0.645062,0.726569
rc_a33_point_primary_hn1,4,899,12899,-0.984041,0.641696
rc_a33_point_primary_hn1,4,900,12900,-1.13192,1.11087
rc_a33_point_primary_hn1,4,901,12901,-1.09781,0.848654
rc_a33_point_primary_hn1,4,902,12902,-1.13712,0.980033
rc_a33_point_primary_hn1,4,903,12903,-0.818134,0.488993
rc_a33_point_primary_hn1,4,904,12904,-0.763316,0.69794
rc_a33_point_primary_hn1,4,905,12905,-0.68579,0.590779
rc_a33_point_primary_hn1,4,906,12906,-0.944903,0.459381
rc_a33_point_primary_hn1,4,907,12907,-0.907407,0.399418
rc_a33_point_primary_hn1,4,908,12908,-0.944034,0.658294
rc_a33_point_primary_hn1,4,909,12909,-0.777853,0.384622
rc_a33_point_primary_hn1,4,910,12910,-0.524894,0.659293
rc_a33_point_primary_hn1,4,911,12911,-0.593666,0.91159
rc_a33_point_primary_hn1,4,912,12912,-0.464529,0.695672
rc_a33_point_primary_hn1,4,913,12913,-0.76949,0.543857
rc_a33_point_primary_hn1,4,914,12914,-1.15239,1.09076
rc_a33_point_primary_hn1,4,915,12915,-0.633204,1.37109
rc_a33_point_primary_hn1,4,916,12916,-0.750752,1.4929
rc_a33_point_primary_hn1,4,917,12917,-0.845044,0.77033
rc_a33_point_primary_hn1,4,918,12918,-0.844871,0.791233
rc_a33_point_primary_hn1,4,919,12919,-0.731785,0.428113
rc_a33_point_primary_hn1,4,920,12920,-0.71397,0.577299
rc_a33_point_primary_hn1,4,921,12921,-0.701901,0.484765
rc_a33_point_primary_hn1,4,922,12922,-0.624557,0.365848
rc_a33_point_primary_hn1,4,923,12923,-0.497167,0.505102
rc_a33_point_primary_hn1,4,924,12924,-0.484068,0.75568
rc_a33_point_primary_hn1,4,925,12925,-0.783021,0.40186
rc_a33_point_primary_hn1,4,926,12926,-0.539599,0.503473
rc_a33_point_primary_hn1,4,927,12927,-0.610387,0.624017
rc_a33_point_primary_hn1,4,928,12928,-0.498457,0.97029
rc_a33_point_primary_hn1,4,929,12929,-0.498247,0.959768
rc_a33_point_primary_hn1,4,930,12930,-0.558886,0.887349
rc_a33_point_primary_hn1,4,931,12931,-0.720545,0.612595
rc_a33_point_primary_hn1,4,932,12932,-0.788118,0.395444
rc_a33_point_primary_hn1,4,933,12933,-0.891619,0.380354
rc_a33_point_primary_hn1,4,934,12934,-1.29717,0.761289
rc_a33_point_primary_hn1,4,935,12935,-0.845673,0.549945
rc_a33_point_primary_hn1,4,936,12936,-0.613051,0.563057
rc_a33_point_primary_hn1,4,937,12937,-0.663194,0.666271
rc_a33_point_primary_hn1,4,938,12938,-0.565227,0.623592
rc_a33_point_primary_hn1,4,939,12939,-0.491809,0.69772
rc_a33_point_primary_hn1,4,940,12940,-0.522606,0.46508
rc_a33_point_primary_hn1,4,941,12941,-0.45959,0.345921
rc_a33_point_primary_hn1,4,942,12942,-0.561262,0.582052
rc_a33_point_primary_hn1,4,943,12943,-0.52618,0.575473
rc_a33_point_primary_hn1,4,944,12944,-0.338776,0.586637
rc_a33_point_primary_hn1,4,945,12945,-0.521136,0.551266
rc_a33_point_primary_hn1,4,946,12946,-0.575104,0.702889
rc_a33_point_primary_hn1,4,947,12947,-0.242806,0.613466
rc_a33_point_primary_hn1,4,948,12948,-0.303581,0.483579
rc_a33_point_primary_hn1,4,949,12949,-0.492894,0.587336
rc_a33_point_primary_hn1,4,950,12950,-0.477182,0.501799
rc_a33_point_primary_hn1,4,951,12951,-0.343497,1.32801
rc_a33_point_primary_hn1,4,952,12952,-0.880943,0.619094
rc_a33_point_primary_hn1,4,953,12953,-0.81047,0.532105
rc_a33_point_primary_hn1,4,954,12954,-0.920579,0.574614
rc_a33_point_primary_hn1,4,955,12955,-0.875627,0.542594
rc_a33_point_primary_hn1,4,956,12956,-0.779993,0.526425
rc_a33_point_primary_hn1,4,957,12957,-0.66886,0.654699
rc_a33_point_primary_hn1,4,958,12958,-0.865675,0.553694
rc_a33_point_primary_hn1,4,959,12959,-0.259738,0.804978
rc_a33_point_primary_hn1,4,960,12960,-0.516165,0.428871
rc_a33_point_primary_hn1,4,961,12961,-0.537972,0.455928
rc_a33_point_primary_hn1,4,962,12962,-0.485199,0.546145
rc_a33_point_primary_hn1,4,963,12963,-0.677721,0.437897
rc_a33_point_primary_hn1,4,964,12964,-0.75774300000000006,0.513294
rc_a33_point_primary_hn1,4,965,12965,-0.604858,0.513498
rc_a33_point_primary_hn1,4,966,12966,-0.666032,0.53056
rc_a33_point_primary_hn1,4,967,12967,-0.312013,1.2865
rc_a33_point_primary_hn1,4,968,12968,-0.519497,0.826177
rc_a33_point_primary_hn1,4,969,12969,-1.11605,0.63595
rc_a33_point_primary_hn1,4,970,12970,-1.08194,0.619401
rc_a33_point_primary_hn1,4,971,12971,-0.783516,0.694945
rc_a33_point_primary_hn1,4,972,12972,-0.790177,0.740695
rc_a33_point_primary_hn1,4,973,12973,-0.984995,0.823335
rc_a33_point_primary_hn1,4,974,12974,-1.25202,0.747747
rc_a33_point_primary_hn1,4,975,12975,-1.2817,0.743489
rc_a33_point_primary_hn1,4,976,12976,-0.651065,0.568229
rc_a33_point_primary_hn1,4,977,12977,-0.419681,1.17506
rc_a33_point_primary_hn1,4,978,12978,-0.27615,1.61102
rc_a33_point_primary_hn1,4,979,12979,-0.645293,0.853273
rc_a33_point_primary_hn1,4,980,12980,-0.368725,0.699039
rc_a33_point_primary_hn1,4,981,12981,-0.487335,0.63848800000000006
rc_a33_point_primary_hn1,4,982,12982,-0.544921,0.674018
rc_a33_point_primary_hn1,4,983,12983,-0.482523,0.344004
rc_a33_point_primary_hn1,4,984,12984,-0.7106,0.272071
rc_a33_point_primary_hn1,4,985,12985,-0.712958,0.326816
rc_a33_point_primary_hn1,4,986,12986,-0.840437,0.53805
rc_a33_point_primary_hn1,4,987,12987,-0.891979,0.527156
rc_a33_point_primary_hn1,4,988,12988,-0.857711,0.505266
rc_a33_point_primary_hn1,4,989,12989,-0.522624,0.61924
rc_a33_point_primary_hn1,4,990,12990,-1.23904,1.26442
rc_a33_point_primary_hn1,4,991,12991,-0.959472,2.06441
rc_a33_point_primary_hn1,4,992,12992,-0.524343,1.59179
rc_a33_point_primary_hn1,4,993,12993,-0.573424,1.16159
rc_a33_point_primary_hn1,4,994,12994,-0.805579,0.814672
rc_a33_point_primary_hn1,4,995,12995,-0.765621,0.754449
rc_a33_point_primary_hn1,4,996,12996,-0.67474,0.501952
rc_a33_point_primary_hn1,4,997,12997,-0.949775,0.755697
rc_a33_point_primary_hn1,4,998,12998,-0.875183,0.779028
rc_a33_point_primary_hn1,4,999,12999,-0.749236,0.479276
rc_a33_point_primary_hn1,4,1000,13000,-0.591696,0.406083
rc_a33_point_primary_hn1,4,1001,13001,-0.551581,0.294274
rc_a33_point_primary_hn1,4,1002,13002,-0.471913,0.449771
rc_a33_point_primary_hn1,4,1003,13003,-0.353539,0.50269
rc_a33_point_primary_hn1,4,1004,13004,-0.359589,0.361325
rc_a33_point_primary_hn1,4,1005,13005,-0.6575,0.437206
rc_a33_point_primary_hn1,4,1006,13006,-0.536238,0.691258
rc_a33_point_primary_hn1,4,1007,13007,-0.689313,0.523207
rc_a33_point_primary_hn1,4,1008,13008,-0.86439,0.523754
rc_a33_point_primary_hn1,4,1009,13009,-1.00397,0.461647
rc_a33_point_primary_hn1,4,1010,13010,-0.88281,0.543261
rc_a33_point_primary_hn1,4,1011,13011,-0.999855,0.603096
rc_a33_point_primary_hn1,4,1012,13012,-0.715319,0.873855
rc_a33_point_primary_hn1,4,1013,13013,-0.777953,0.345698
rc_a33_point_primary_hn1,4,1014,13014,-0.81023,0.368832
rc_a33_point_primary_hn1,4,1015,13015,-0.958675,0.281061
rc_a33_point_primary_hn1,4,1016,13016,-0.839547,0.538769
rc_a33_point_primary_hn1,4,1017,13017,-0.719394,0.359817
rc_a33_point_primary_hn1,4,1018,13018,-0.665897,0.505804
rc_a33_point_primary_hn1,4,1019,13019,-0.693125,0.501657
rc_a33_point_primary_hn1,4,1020,13020,-0.794836,0.302791
rc_a33_point_primary_hn1,4,1021,13021,-0.634814,0.357078
rc_a33_point_primary_hn1,4,1022,13022,-0.736988,0.415576
rc_a33_point_primary_hn1,4,1023,13023,-0.883547,0.543336
rc_a33_point_primary_hn1,4,1024,13024,-1.41165,0.662332
rc_a33_point_primary_hn1,4,1025,13025,-1.16709,0.457362
rc_a33_point_primary_hn1,4,1026,13026,-1.08204,1.74878
rc_a33_point_primary_hn1,4,1027,13027,-0.744335,0.691032
rc_a33_point_primary_hn1,4,1028,13028,-0.905265,0.692415
rc_a33_point_primary_hn1,4,1029,13029,-0.808075,0.67179
rc_a33_point_primary_hn1,4,1030,13030,-0.902221,0.624303
rc_a33_point_primary_hn1,4,1031,13031,-1.01994,0.678116
rc_a33_point_primary_hn1,4,1032,13032,-0.919218,0.805156
rc_a33_point_primary_hn1,4,1033,13033,-0.903698,0.586988
rc_a33_point_primary_hn1,4,1034,13034,-0.868846,0.390089
rc_a33_point_primary_hn1,4,1035,13035,-0.770432,0.505492
rc_a33_point_primary_hn1,4,1036,13036,-0.947846,0.789006
rc_a33_point_primary_hn1,4,1037,13037,-1.02444,0.687397
rc_a33_point_primary_hn1,4,1038,13038,-0.860854,0.736122
rc_a33_point_primary_hn1,4,1039,13039,-0.597083,0.442693
rc_a33_point_primary_hn1,4,1040,13040,-0.646908,0.495972
rc_a33_point_primary_hn1,4,1041,13041,-0.915202,0.804002
rc_a33_point_primary_hn1,4,1042,13042,-0.792353,0.715027
rc_a33_point_primary_hn1,4,1043,13043,-0.970753,0.743451
rc_a33_point_primary_hn1,4,1044,13044,-0.554908,0.301946
rc_a33_point_primary_hn1,4,1045,13045,-0.740101,0.320034
rc_a33_point_primary_hn1,4,1046,13046,-0.699213,0.421325
rc_a33_point_primary_hn1,4,1047,13047,-0.729778,0.616432
rc_a33_point_primary_hn1,4,1048,13048,-0.688466,0.529856
rc_a33_point_primary_hn1,4,1049,13049,-0.761096,0.448807
rc_a33_point_primary_hn1,4,1050,13050,-0.979458,0.645317
rc_a33_point_primary_hn1,4,1051,13051,-0.863684,0.659421
rc_a33_point_primary_hn1,4,1052,13052,-0.786159,0.456489
rc_a33_point_primary_hn1,4,1053,13053,-0.914675,0.680734
rc_a33_point_primary_hn1,4,1054,13054,-0.853979,0.653406
rc_a33_point_primary_hn1,4,1055,13055,-0.846361,0.588681
rc_a33_point_primary_hn1,4,1056,13056,-0.928717,0.531741
rc_a33_point_primary_hn1,4,1057,13057,-0.925903,0.514149
rc_a33_point_primary_hn1,4,1058,13058,-0.997152,0.685067
rc_a33_point_primary_hn1,4,1059,13059,-0.866287,0.884207
rc_a33_point_primary_hn1,4,1060,13060,-0.816693,0.756619
rc_a33_point_primary_hn1,4,1061,13061,-0.696207,0.825175
rc_a33_point_primary_hn1,4,1062,13062,-0.572374,0.808215
rc_a33_point_primary_hn1,4,1063,13063,-0.762997,0.615833
rc_a33_point_primary_hn1,4,1064,13064,-0.572551,0.799101
rc_a33_point_primary_hn1,4,1065,13065,-0.546116,0.605891
rc_a33_point_primary_hn1,4,1066,13066,-0.523531,0.54389
rc_a33_point_primary_hn1,4,1067,13067,-0.560774,0.530427
rc_a33_point_primary_hn1,4,1068,13068,-0.431368,0.513934
rc_a33_point_primary_hn1,4,1069,13069,-0.32929,0.742151
rc_a33_point_primary_hn1,4,1070,13070,-0.182075,0.644845
rc_a33_point_primary_hn1,4,1071,13071,-1.12441,0.580695
rc_a33_point_primary_hn1,4,1072,13072,-0.857176,0.469002
rc_a33_point_primary_hn1,4,1073,13073,-0.843415,0.412631
rc_a33_point_primary_hn1,4,1074,13074,-0.563239,0.426058
rc_a33_point_primary_hn1,4,1075,13075,-0.514953,0.404851
rc_a33_point_primary_hn1,4,1076,13076,-0.652264,0.543076
rc_a33_point_primary_hn1,4,1077,13077,-0.663094,0.396244
rc_a33_point_primary_hn1,4,1078,13078,-0.823385,0.419769
rc_a33_point_primary_hn1,4,1079,13079,-0.934221,0.480661
rc_a33_point_primary_hn1,4,1080,13080,-0.848141,0.478588
rc_a33_point_primary_hn1,4,1081,13081,-0.628131,0.632496
rc_a33_point_primary_hn1,4,1082,13082,-0.723337,0.417806
rc_a33_point_primary_hn1,4,1083,13083,-0.71362,0.444782
rc_a33_point_primary_hn1,4,1084,13084,-0.705275,0.857241
rc_a33_point_primary_hn1,4,1085,13085,-0.0721547,0.530166
rc_a33_point_primary_hn1,4,1086,13086,-0.952355,0.594989
rc_a33_point_primary_hn1,4,1087,13087,-0.86623000000000006,0.993475
rc_a33_point_primary_hn1,4,1088,13088,-0.661532,0.30465
rc_a33_point_primary_hn1,4,1089,13089,-0.732813,0.439438
rc_a33_point_primary_hn1,4,1090,13090,-0.459613,0.418134
rc_a33_point_primary_hn1,4,1091,13091,-0.933183,0.643959
rc_a33_point_primary_hn1,4,1092,13092,-0.630238,0.845152
rc_a33_point_primary_hn1,4,1093,13093,-0.774162,0.403319
rc_a33_point_primary_hn1,4,1094,13094,-0.841891,0.623821
rc_a33_point_primary_hn1,4,1095,13095,-0.902313,0.672196
rc_a33_point_primary_hn1,4,1096,13096,-0.869083,0.657791
rc_a33_point_primary_hn1,4,1097,13097,-0.709542,0.715037
rc_a33_point_primary_hn1,4,1098,13098,-0.687194,0.456162
rc_a33_point_primary_hn1,4,1099,13099,-0.892412,0.496154
rc_a33_point_primary_hn1,4,1100,13100,-0.895276,0.5156
rc_a33_point_primary_hn1,4,1101,13101,-0.858415,0.549737
rc_a33_point_primary_hn1,4,1102,13102,-0.863324,0.250374
rc_a33_point_primary_hn1,4,1103,13103,-0.808783,0.468441
rc_a33_point_primary_hn1,4,1104,13104,-0.818662,0.535907
rc_a33_point_primary_hn1,4,1105,13105,-0.808861,0.715309
rc_a33_point_primary_hn1,4,1106,13106,-0.334692,0.714911
rc_a33_point_primary_hn1,4,1107,13107,-0.699315,0.54867
rc_a33_point_primary_hn1,4,1108,13108,-0.583991,0.576866
rc_a33_point_primary_hn1,4,1109,13109,-0.732561,0.343452
rc_a33_point_primary_hn1,4,1110,13110,-0.787679,0.403735
rc_a33_point_primary_hn1,4,1111,13111,-0.696378,0.435401
rc_a33_point_primary_hn1,4,1112,13112,-0.82163,0.314689
rc_a33_point_primary_hn1,4,1113,13113,-0.841904,0.363706
rc_a33_point_primary_hn1,4,1114,13114,-0.701469,0.485116
rc_a33_point_primary_hn1,4,1115,13115,-0.94447,0.484799
rc_a33_point_primary_hn1,4,1116,13116,-0.789863,0.529253
rc_a33_point_primary_hn1,4,1117,13117,-0.895948,0.567752
rc_a33_point_primary_hn1,4,1118,13118,-0.523439,0.5279
rc_a33_point_primary_hn1,4,1119,13119,-0.479507,0.859995
rc_a33_point_primary_hn1,4,1120,13120,-0.655643,0.876952
rc_a33_point_primary_hn1,4,1121,13121,-0.707598,1.06869
rc_a33_point_primary_hn1,4,1122,13122,-0.505448,0.68119
rc_a33_point_primary_hn1,4,1123,13123,-0.697226,0.650518
rc_a33_point_primary_hn1,4,1124,13124,-0.556334,0.654947
rc_a33_point_primary_hn1,4,1125,13125,-0.889881,0.771182
rc_a33_point_primary_hn1,4,1126,13126,-0.512757,0.496463
rc_a33_point_primary_hn1,4,1127,13127,-0.334417,0.788292
rc_a33_point_primary_hn1,4,1128,13128,-1.03893,0.911485
rc_a33_point_primary_hn1,4,1129,13129,-1.08634,0.750463
rc_a33_point_primary_hn1,4,1130,13130,-0.979612,0.7962
rc_a33_point_primary_hn1,4,1131,13131,-1.13315,0.847559
rc_a33_point_primary_hn1,4,1132,13132,-1.1263,0.621265
rc_a33_point_primary_hn1,4,1133,13133,-0.915608,0.695314
rc_a33_point_primary_hn1,4,1134,13134,-0.863844,1.01186
rc_a33_point_primary_hn1,4,1135,13135,-1.07537,0.884576
rc_a33_point_primary_hn1,4,1136,13136,-1.06624,0.880313
rc_a33_point_primary_hn1,4,1137,13137,-1.13068,0.802299
rc_a33_point_primary_hn1,4,1138,13138,-1.02425,0.66695
rc_a33_point_primary_hn1,4,1139,13139,-1.01326,0.570967
rc_a33_point_primary_hn1,4,1140,13140,-0.866625,1.03446
rc_a33_point_primary_hn1,4,1141,13141,-0.893307,0.914391
rc_a33_point_primary_hn1,4,1142,13142,-0.960582,0.920942
rc_a33_point_primary_hn1,4,1143,13143,-0.942746,0.764964
rc_a33_point_primary_hn1,4,1144,13144,-0.808513,0.660073
rc_a33_point_primary_hn1,4,1145,13145,-0.70528,0.310705
rc_a33_point_primary_hn1,4,1146,13146,-0.561431,0.290282
rc_a33_point_primary_hn1,4,1147,13147,-0.662903,0.718146
rc_a33_point_primary_hn1,4,1148,13148,-0.666753,0.702269
rc_a33_point_primary_hn1,4,1149,13149,-0.412403,1.2045
rc_a33_point_primary_hn1,4,1150,13150,-0.344954,0.996414
rc_a33_point_primary_hn1,4,1151,13151,-0.489901,1.09786
rc_a33_point_primary_hn1,4,1152,13152,-0.480849,1.0905
rc_a33_point_primary_hn1,4,1153,13153,-0.492805,0.925095
rc_a33_point_primary_hn1,4,1154,13154,-0.572113,1.06882
rc_a33_point_primary_hn1,4,1155,13155,-0.47531,0.823064
rc_a33_point_primary_hn1,4,1156,13156,-0.916669,0.389943
rc_a33_point_primary_hn1,4,1157,13157,-0.774356,0.361048
rc_a33_point_primary_hn1,4,1158,13158,-0.838231,0.343683
rc_a33_point_primary_hn1,4,1159,13159,-0.806198,0.302397
rc_a33_point_primary_hn1,4,1160,13160,-1.02074,0.486294
rc_a33_point_primary_hn1,4,1161,13161,-0.387585,0.770638
rc_a33_point_primary_hn1,4,1162,13162,-0.669062,0.712952
rc_a33_point_primary_hn1,4,1163,13163,-0.576476,0.666274
rc_a33_point_primary_hn1,4,1164,13164,-0.575391,0.64247
rc_a33_point_primary_hn1,4,1165,13165,-0.757337,0.505979
rc_a33_point_primary_hn1,4,1166,13166,-1.30102,0.788288
rc_a33_point_primary_hn1,4,1167,13167,-0.656614,1.37562
rc_a33_point_primary_hn1,4,1168,13168,0.00261051,1.23396
rc_a33_point_primary_hn1,4,1169,13169,-0.438385,0.529867
rc_a33_point_primary_hn1,4,1170,13170,-0.678891,0.570517
rc_a33_point_primary_hn1,4,1171,13171,-0.780029,0.68574
rc_a33_point_primary_hn1,4,1172,13172,-0.689453,0.553279
rc_a33_point_primary_hn1,4,1173,13173,-0.476509,0.569235
rc_a33_point_primary_hn1,4,1174,13174,-0.886094,0.722376
rc_a33_point_primary_hn1,4,1175,13175,-0.943834,0.649036
rc_a33_point_primary_hn1,4,1176,13176,-0.794685,0.675746
rc_a33_point_primary_hn1,4,1177,13177,-0.840828,0.600308
rc_a33_point_primary_hn1,4,1178,13178,-0.755932,0.587662
rc_a33_point_primary_hn1,4,1179,13179,-0.719716,0.507827
rc_a33_point_primary_hn1,4,1180,13180,-0.845492,0.750976
rc_a33_point_primary_hn1,4,1181,13181,-0.666895,0.556813
rc_a33_point_primary_hn1,4,1182,13182,-0.814982,0.568236
rc_a33_point_primary_hn1,4,1183,13183,-0.690559,0.460405
rc_a33_point_primary_hn1,4,1184,13184,-0.691001,0.735646
rc_a33_point_primary_hn1,4,1185,13185,-0.934082,1.55002
rc_a33_point_primary_hn1,4,1186,13186,-0.926877,1.56764
rc_a33_point_primary_hn1,4,1187,13187,-0.594731,0.927643
rc_a33_point_primary_hn1,4,1188,13188,-0.730989,0.500916
rc_a33_point_primary_hn1,4,1189,13189,-0.916075,0.461435
rc_a33_point_primary_hn1,4,1190,13190,-0.544782,0.666667
rc_a33_point_primary_hn1,4,1191,13191,-0.798198,0.59271
rc_a33_point_primary_hn1,4,1192,13192,-0.513031,0.887348
rc_a33_point_primary_hn1,4,1193,13193,-0.485544,0.778629
rc_a33_point_primary_hn1,4,1194,13194,-1.06113,0.776962
rc_a33_point_primary_hn1,4,1195,13195,-0.66533,0.707181
rc_a33_point_primary_hn1,4,1196,13196,-0.688787,0.482307
rc_a33_point_primary_hn1,4,1197,13197,-0.722938,0.767209
rc_a33_point_primary_hn1,4,1198,13198,-1.15028,0.632898
rc_a33_point_primary_hn1,4,1199,13199,-0.905913,0.469501
rc_a33_point_primary_hn1,4,1200,13200,-0.986474,0.381651
rc_a33_point_primary_hn1,4,1201,13201,-0.914539,0.458065
rc_a33_point_primary_hn1,4,1202,13202,-0.863004,0.390022
rc_a33_point_primary_hn1,4,1203,13203,-0.751734,0.555473
rc_a33_point_primary_hn1,4,1204,13204,-1.05237,0.583972
rc_a33_point_primary_hn1,4,1205,13205,-0.859001,0.578754
rc_a33_point_primary_hn1,4,1206,13206,-0.879742,0.656603
rc_a33_point_primary_hn1,4,1207,13207,-0.781513,0.769787
rc_a33_point_primary_hn1,4,1208,13208,-0.874167,0.538565
rc_a33_point_primary_hn1,4,1209,13209,-0.409837,0.742466
rc_a33_point_primary_hn1,4,1210,13210,-0.693978,0.639129
rc_a33_point_primary_hn1,4,1211,13211,-0.749157,0.415415
rc_a33_point_primary_hn1,4,1212,13212,-1.01326,0.565123
rc_a33_point_primary_hn1,4,1213,13213,-0.864096,0.457911
rc_a33_point_primary_hn1,4,1214,13214,-0.951259,0.441324
rc_a33_point_primary_hn1,4,1215,13215,-0.611026,0.228237
rc_a33_point_primary_hn1,4,1216,13216,-0.451759,0.485324
rc_a33_point_primary_hn1,4,1217,13217,-0.580741,0.387676
rc_a33_point_primary_hn1,4,1218,13218,-0.620205,1.86589
rc_a33_point_primary_hn1,4,1219,13219,-0.608601,1.69936
rc_a33_point_primary_hn1,4,1220,13220,0.335181,1.7654
rc_a33_point_primary_hn1,4,1221,13221,-0.297485,0.768704
rc_a33_point_primary_hn1,4,1222,13222,-0.408596,0.697177
rc_a33_point_primary_hn1,4,1223,13223,-0.450762,0.770519
rc_a33_point_primary_hn1,4,1224,13224,-0.686669,0.508006
rc_a33_point_primary_hn1,4,1225,13225,-0.593498,0.426426
rc_a33_point_primary_hn1,4,1226,13226,-0.755508,0.684812
rc_a33_point_primary_hn1,4,1227,13227,-0.566818,0.360842
rc_a33_point_primary_hn1,4,1228,13228,-0.605245,0.57554399999999994
rc_a33_point_primary_hn1,4,1229,13229,-0.619776,0.690805
rc_a33_point_primary_hn1,4,1230,13230,-0.870813,0.702811
rc_a33_point_primary_hn1,4,1231,13231,-0.912032,0.594775
rc_a33_point_primary_hn1,4,1232,13232,-0.967168,0.719033
rc_a33_point_primary_hn1,4,1233,13233,-1.04918,0.423143
rc_a33_point_primary_hn1,4,1234,13234,-0.689639,0.562961
rc_a33_point_primary_hn1,4,1235,13235,-0.750564,0.522052
rc_a33_point_primary_hn1,4,1236,13236,-0.705581,0.468682
rc_a33_point_primary_hn1,4,1237,13237,-0.860344,0.548059
rc_a33_point_primary_hn1,4,1238,13238,-0.913175,0.550585
rc_a33_point_primary_hn1,4,1239,13239,-0.86527,0.570911
rc_a33_point_primary_hn1,4,1240,13240,-1.03369,0.462113
rc_a33_point_primary_hn1,4,1241,13241,-0.799297,0.473747
rc_a33_point_primary_hn1,4,1242,13242,-0.966097,0.408
rc_a33_point_primary_hn1,4,1243,13243,-1.29405,0.553561
rc_a33_point_primary_hn1,4,1244,13244,-1.16142,0.89391
rc_a33_point_primary_hn1,4,1245,13245,-1.31361,0.877855
rc_a33_point_primary_hn1,4,1246,13246,-1.36312,0.85942
rc_a33_point_primary_hn1,4,1247,13247,-1.46429,1.1288
rc_a33_point_primary_hn1,4,1248,13248,-1.4773,1.14445
rc_a33_point_primary_hn1,4,1249,13249,-0.508483,1.2324
rc_a33_point_primary_hn1,4,1250,13250,-0.704026,1.22645
rc_a33_point_primary_hn1,4,1251,13251,-0.327952,1.04262
rc_a33_point_primary_hn1,4,1252,13252,-1.13602,0.605964
rc_a33_point_primary_hn1,4,1253,13253,-1.12439,1.41281
rc_a33_point_primary_hn1,4,1254,13254,-1.23155,1.29264
rc_a33_point_primary_hn1,4,1255,13255,-1.23647,0.60572
rc_a33_point_primary_hn1,4,1256,13256,-0.840954,0.426313
rc_a33_point_primary_hn1,4,1257,13257,-0.957543,0.768473
rc_a33_point_primary_hn1,4,1258,13258,-1.01178,0.800244
rc_a33_point_primary_hn1,4,1259,13259,-0.998213,0.742102
rc_a33_point_primary_hn1,4,1260,13260,-1.02524,0.75798
rc_a33_point_primary_hn1,4,1261,13261,-0.958246,0.672283
rc_a33_point_primary_hn1,4,1262,13262,-0.195858,0.978376
rc_a33_point_primary_hn1,4,1263,13263,-0.356088,1.03245
rc_a33_point_primary_hn1,4,1264,13264,-0.260581,0.794425
rc_a33_point_primary_hn1,4,1265,13265,-0.41143,0.932338
rc_a33_point_primary_hn1,4,1266,13266,-0.288163,1.4753
rc_a33_point_primary_hn1,4,1267,13267,-0.320172,1.43675
rc_a33_point_primary_hn1,4,1268,13268,-0.678654,0.579845
rc_a33_point_primary_hn1,4,1269,13269,-0.718229,0.477319
rc_a33_point_primary_hn1,4,1270,13270,-0.790319,0.469998
rc_a33_point_primary_hn1,4,1271,13271,-0.417822,0.551419
rc_a33_point_primary_hn1,4,1272,13272,-0.530337,0.557235
rc_a33_point_primary_hn1,4,1273,13273,-1.24762,0.677445
rc_a33_point_primary_hn1,4,1274,13274,-1.29993,0.78551
rc_a33_point_primary_hn1,4,1275,13275,-0.981379,0.88498
rc_a33_point_primary_hn1,4,1276,13276,-0.969668,0.815945
rc_a33_point_primary_hn1,4,1277,13277,-0.541769,0.526665
rc_a33_point_primary_hn1,4,1278,13278,-0.580793,0.594942
rc_a33_point_primary_hn1,4,1279,13279,-0.638364,0.720141
rc_a33_point_primary_hn1,4,1280,13280,-0.652515,0.643303
rc_a33_point_primary_hn1,4,1281,13281,-0.920022,0.568888
rc_a33_point_primary_hn1,4,1282,13282,-0.684926,0.460882
rc_a33_point_primary_hn1,4,1283,13283,-0.695395,0.571559
rc_a33_point_primary_hn1,4,1284,13284,-0.848454,0.406423
rc_a33_point_primary_hn1,4,1285,13285,-0.966737,0.573267
rc_a33_point_primary_hn1,4,1286,13286,-1.07177,0.741582
rc_a33_point_primary_hn1,4,1287,13287,-1.01726,0.481125
rc_a33_point_primary_hn1,4,1288,13288,-1.09056,0.473691
rc_a33_point_primary_hn1,4,1289,13289,-0.965433,0.4824
rc_a33_point_primary_hn1,4,1290,13290,-1.08964,0.462809
rc_a33_point_primary_hn1,4,1291,13291,-0.871595,0.409929
rc_a33_point_primary_hn1,4,1292,13292,-1.00632,0.552293
rc_a33_point_primary_hn1,4,1293,13293,-0.564645,0.846175
rc_a33_point_primary_hn1,4,1294,13294,-0.589384,0.543424
rc_a33_point_primary_hn1,4,1295,13295,-0.56867,0.494689
rc_a33_point_primary_hn1,4,1296,13296,-0.568614,0.442039
rc_a33_point_primary_hn1,4,1297,13297,-0.514674,0.482256
rc_a33_point_primary_hn1,4,1298,13298,-0.577676,0.55445
rc_a33_point_primary_hn1,4,1299,13299,-0.559796,0.481536
rc_a33_point_primary_hn1,4,1300,13300,-0.609133,0.48942600000000003
rc_a33_point_primary_hn1,4,1301,13301,-0.873951,0.673333
rc_a33_point_primary_hn1,4,1302,13302,-1.06025,0.400389
rc_a33_point_primary_hn1,4,1303,13303,-1.22477,0.515434
rc_a33_point_primary_hn1,4,1304,13304,-1.11298,0.504396
rc_a33_point_primary_hn1,4,1305,13305,-0.935502,0.303166
rc_a33_point_primary_hn1,4,1306,13306,-0.557549,0.773169
rc_a33_point_primary_hn1,4,1307,13307,-0.556419,0.420042
rc_a33_point_primary_hn1,4,1308,13308,-0.729039,0.441163
rc_a33_point_primary_hn1,4,1309,13309,-0.638519,0.774076
rc_a33_point_primary_hn1,4,1310,13310,-0.578708,0.671574
rc_a33_point_primary_hn1,4,1311,13311,-0.577285,0.685467
rc_a33_point_primary_hn1,4,1312,13312,-0.692867,0.721016
rc_a33_point_primary_hn1,4,1313,13313,-0.666844,0.651779
rc_a33_point_primary_hn1,4,1314,13314,-0.708474,0.626861
rc_a33_point_primary_hn1,4,1315,13315,-0.747528,0.619769
rc_a33_point_primary_hn1,4,1316,13316,-0.665054,0.54128
rc_a33_point_primary_hn1,4,1317,13317,-0.702944,0.567519
rc_a33_point_primary_hn1,4,1318,13318,-0.873922,0.395061
rc_a33_point_primary_hn1,4,1319,13319,-0.9223,0.447607
rc_a33_point_primary_hn1,4,1320,13320,-0.874587,0.451414
rc_a33_point_primary_hn1,4,1321,13321,-0.868169,0.479396
rc_a33_point_primary_hn1,4,1322,13322,-1.15494,0.574421
rc_a33_point_primary_hn1,4,1323,13323,-1.21894,0.698849
rc_a33_point_primary_hn1,4,1324,13324,-1.11892,0.589906
rc_a33_point_primary_hn1,4,1325,13325,-1.01453,0.459082
rc_a33_point_primary_hn1,4,1326,13326,-0.912721,0.429805
rc_a33_point_primary_hn1,4,1327,13327,-1.00486,0.42615
rc_a33_point_primary_hn1,4,1328,13328,-0.884695,0.317092
rc_a33_point_primary_hn1,4,1329,13329,-0.910715,0.486012
rc_a33_point_primary_hn1,4,1330,13330,-1.00297,0.588397
rc_a33_point_primary_hn1,4,1331,13331,-1.1113,0.541925
rc_a33_point_primary_hn1,4,1332,13332,-1.0303,0.56232
rc_a33_point_primary_hn1,4,1333,13333,-0.751672,0.582619
rc_a33_point_primary_hn1,4,1334,13334,-0.663959,0.550763
rc_a33_point_primary_hn1,4,1335,13335,-0.666852,0.595176
rc_a33_point_primary_hn1,4,1336,13336,-0.942927,0.543695
rc_a33_point_primary_hn1,4,1337,13337,-0.94772,1.07378
rc_a33_point_primary_hn1,4,1338,13338,-0.804681,0.833883
rc_a33_point_primary_hn1,4,1339,13339,-0.581499,0.463893
rc_a33_point_primary_hn1,4,1340,13340,-0.796133,0.720261
rc_a33_point_primary_hn1,4,1341,13341,-1.00499,0.710344
rc_a33_point_primary_hn1,4,1342,13342,-0.957155,0.431793
rc_a33_point_primary_hn1,4,1343,13343,-1.1301,0.64303
rc_a33_point_primary_hn1,4,1344,13344,-1.28459,0.709623
rc_a33_point_primary_hn1,4,1345,13345,-1.24303,0.737514
rc_a33_point_primary_hn1,4,1346,13346,-1.21452,0.625687
rc_a33_point_primary_hn1,4,1347,13347,-0.609408,0.557089
rc_a33_point_primary_hn1,4,1348,13348,-0.544846,0.493079
rc_a33_point_primary_hn1,4,1349,13349,-0.553976,0.601289
rc_a33_point_primary_hn1,4,1350,13350,-0.503354,0.719429
rc_a33_point_primary_hn1,4,1351,13351,-0.815888,0.574661
rc_a33_point_primary_hn1,4,1352,13352,-0.413845,0.496109
rc_a33_point_primary_hn1,4,1353,13353,-0.382129,0.352412
rc_a33_point_primary_hn1,4,1354,13354,-0.871808,0.417913
rc_a33_point_primary_hn1,4,1355,13355,-0.676916,0.404605
rc_a33_point_primary_hn1,4,1356,13356,-0.885801,0.864787
rc_a33_point_primary_hn1,4,1357,13357,-1.06322,0.884636
rc_a33_point_primary_hn1,4,1358,13358,-0.638632,0.425614
rc_a33_point_primary_hn1,4,1359,13359,-0.495716,0.712071
rc_a33_point_primary_hn1,4,1360,13360,-0.507263,0.836351
rc_a33_point_primary_hn1,4,1361,13361,-0.61493,0.804738
rc_a33_point_primary_hn1,4,1362,13362,-0.764643,0.487707
rc_a33_point_primary_hn1,4,1363,13363,-0.818523,0.809254
rc_a33_point_primary_hn1,4,1364,13364,-0.769431,0.835112
rc_a33_point_primary_hn1,4,1365,13365,-0.658394,0.814395
rc_a33_point_primary_hn1,4,1366,13366,-0.631566,0.765001
rc_a33_point_primary_hn1,4,1367,13367,-0.697163,0.811431
rc_a33_point_primary_hn1,4,1368,13368,-0.586096,0.577603
rc_a33_point_primary_hn1,4,1369,13369,-0.498003,0.54938
rc_a33_point_primary_hn1,4,1370,13370,-0.434989,0.677603
rc_a33_point_primary_hn1,4,1371,13371,-0.469899,0.685381
rc_a33_point_primary_hn1,4,1372,13372,-0.629657,0.602867
rc_a33_point_primary_hn1,4,1373,13373,-0.655591,0.531909
rc_a33_point_primary_hn1,4,1374,13374,-0.76087,0.436021
rc_a33_point_primary_hn1,4,1375,13375,-0.698366,0.526072
rc_a33_point_primary_hn1,4,1376,13376,-0.513915,0.75878
rc_a33_point_primary_hn1,4,1377,13377,-0.510179,0.360371
rc_a33_point_primary_hn1,4,1378,13378,-0.562902,0.379353
rc_a33_point_primary_hn1,4,1379,13379,-0.338738,0.449788
rc_a33_point_primary_hn1,4,1380,13380,-0.327099,0.504905
rc_a33_point_primary_hn1,4,1381,13381,-0.597115,0.573608
rc_a33_point_primary_hn1,4,1382,13382,-0.552471,0.355269
rc_a33_point_primary_hn1,4,1383,13383,-0.571255,0.359239
rc_a33_point_primary_hn1,4,1384,13384,-0.662296,0.381625
rc_a33_point_primary_hn1,4,1385,13385,-0.688154,0.455263
rc_a33_point_primary_hn1,4,1386,13386,-0.789347,0.524086
rc_a33_point_primary_hn1,4,1387,13387,-0.735593,0.575056
rc_a33_point_primary_hn1,4,1388,13388,-0.955388,0.506749
rc_a33_point_primary_hn1,4,1389,13389,-0.213591,0.766007
rc_a33_point_primary_hn1,4,1390,13390,-0.336139,0.585766
rc_a33_point_primary_hn1,4,1391,13391,-0.349199,0.663387
rc_a33_point_primary_hn1,4,1392,13392,-0.416463,0.501912
rc_a33_point_primary_hn1,4,1393,13393,-0.602309,0.499222
rc_a33_point_primary_hn1,4,1394,13394,-0.303726,0.86878
rc_a33_point_primary_hn1,4,1395,13395,-0.588342,1.07648
rc_a33_point_primary_hn1,4,1396,13396,-1.1213,1.08006
rc_a33_point_primary_hn1,4,1397,13397,-0.65029,0.984859
rc_a33_point_primary_hn1,4,1398,13398,-0.741607,0.899162
rc_a33_point_primary_hn1,4,1399,13399,-0.412964,0.354559
rc_a33_point_primary_hn1,4,1400,13400,-0.328032,0.366442
rc_a33_point_primary_hn1,4,1401,13401,-0.401796,0.56817
rc_a33_point_primary_hn1,4,1402,13402,2.21581e-4,0.55365
rc_a33_point_primary_hn1,4,1403,13403,-0.380531,0.40388
rc_a33_point_primary_hn1,4,1404,13404,-0.221021,0.568627
rc_a33_point_primary_hn1,4,1405,13405,-0.261057,0.543626
rc_a33_point_primary_hn1,4,1406,13406,-0.686177,0.2914
rc_a33_point_primary_hn1,4,1407,13407,-1.26127,0.478889
rc_a33_point_primary_hn1,4,1408,13408,-0.690327,0.337438
rc_a33_point_primary_hn1,4,1409,13409,-1.32686,0.625387
rc_a33_point_primary_hn1,4,1410,13410,-0.962085,1.12737
rc_a33_point_primary_hn1,4,1411,13411,-0.521108,0.896461
rc_a33_point_primary_hn1,4,1412,13412,-0.641915,0.515552
rc_a33_point_primary_hn1,4,1413,13413,-0.507025,0.547849
rc_a33_point_primary_hn1,4,1414,13414,-0.632616,0.684561
rc_a33_point_primary_hn1,4,1415,13415,-0.423156,0.775077
rc_a33_point_primary_hn1,4,1416,13416,-0.673233,0.673892
rc_a33_point_primary_hn1,4,1417,13417,-0.755237,0.708919
rc_a33_point_primary_hn1,4,1418,13418,-0.889288,1.18709
rc_a33_point_primary_hn1,4,1419,13419,-0.838301,0.886861
rc_a33_point_primary_hn1,4,1420,13420,-0.204047,1.16699
rc_a33_point_primary_hn1,4,1421,13421,-0.391035,0.936687
rc_a33_point_primary_hn1,4,1422,13422,-0.680085,1.45417
rc_a33_point_primary_hn1,4,1423,13423,-0.606893,1.31422
rc_a33_point_primary_hn1,4,1424,13424,-0.77899,0.83719
rc_a33_point_primary_hn1,4,1425,13425,-0.858951,0.541983
rc_a33_point_primary_hn1,4,1426,13426,-0.988538,0.49637
rc_a33_point_primary_hn1,4,1427,13427,-1.1826,1.19059
rc_a33_point_primary_hn1,4,1428,13428,-1.1121,0.884188
rc_a33_point_primary_hn1,4,1429,13429,-1.18845,0.843326
rc_a33_point_primary_hn1,4,1430,13430,-1.13626,0.735571
rc_a33_point_primary_hn1,4,1431,13431,-1.21177,0.645962
rc_a33_point_primary_hn1,4,1432,13432,-1.20742,0.640994
rc_a33_point_primary_hn1,4,1433,13433,-0.975316,0.50882
rc_a33_point_primary_hn1,4,1434,13434,-1.00764,0.446368
rc_a33_point_primary_hn1,4,1435,13435,-0.888593,0.464517
rc_a33_point_primary_hn1,4,1436,13436,-1.18748,0.423037
rc_a33_point_primary_hn1,4,1437,13437,-0.76369,0.27409
rc_a33_point_primary_hn1,4,1438,13438,-1.10623,0.480316
rc_a33_point_primary_hn1,4,1439,13439,-0.796605,0.458923
rc_a33_point_primary_hn1,4,1440,13440,-1.49593,0.889456
rc_a33_point_primary_hn1,4,1441,13441,-1.39747,0.836004
rc_a33_point_primary_hn1,4,1442,13442,-1.52371,0.917197
rc_a33_point_primary_hn1,4,1443,13443,-1.47076,0.842893
rc_a33_point_primary_hn1,4,1444,13444,-1.41119,0.80144
rc_a33_point_primary_hn1,4,1445,13445,-1.28472,1.10482
rc_a33_point_primary_hn1,4,1446,13446,-1.33332,1.06159
rc_a33_point_primary_hn1,4,1447,13447,-1.33469,1.02426
rc_a33_point_primary_hn1,4,1448,13448,-1.3383,0.616789
rc_a33_point_primary_hn1,4,1449,13449,-1.15398,0.50788
rc_a33_point_primary_hn1,4,1450,13450,-0.760953,0.865676
rc_a33_point_primary_hn1,4,1451,13451,-0.854619,0.561722
rc_a33_point_primary_hn1,4,1452,13452,-0.741086,0.697467
rc_a33_point_primary_hn1,4,1453,13453,-0.666217,0.6896
rc_a33_point_primary_hn1,4,1454,13454,-0.715983,0.812072
rc_a33_point_primary_hn1,4,1455,13455,-0.730338,0.795854
rc_a33_point_primary_hn1,4,1456,13456,-0.735007,0.681586
rc_a33_point_primary_hn1,4,1457,13457,-0.809246,0.584216
rc_a33_point_primary_hn1,4,1458,13458,-0.77138,0.396151
rc_a33_point_primary_hn1,4,1459,13459,-0.750475,0.298398
rc_a33_point_primary_hn1,4,1460,13460,-0.682134,0.377231
rc_a33_point_primary_hn1,4,1461,13461,-0.866734,0.42549
rc_a33_point_primary_hn1,4,1462,13462,-0.769067,0.6597
rc_a33_point_primary_hn1,4,1463,13463,-0.834709,0.459767
rc_a33_point_primary_hn1,4,1464,13464,-0.876941,0.775676
rc_a33_point_primary_hn1,4,1465,13465,-0.810512,0.60892
rc_a33_point_primary_hn1,4,1466,13466,-0.612367,0.624522
rc_a33_point_primary_hn1,4,1467,13467,-1.16818,0.786882
rc_a33_point_primary_hn1,4,1468,13468,-1.04577,0.499162
rc_a33_point_primary_hn1,4,1469,13469,-0.996876,0.755644
rc_a33_point_primary_hn1,4,1470,13470,-0.99414,0.756265
rc_a33_point_primary_hn1,4,1471,13471,-1.03088,0.442365
rc_a33_point_primary_hn1,4,1472,13472,-0.860662,0.432184
rc_a33_point_primary_hn1,4,1473,13473,-0.793399,0.501577
rc_a33_point_primary_hn1,4,1474,13474,-0.754019,0.397116
rc_a33_point_primary_hn1,4,1475,13475,-0.967396,0.5095
rc_a33_point_primary_hn1,4,1476,13476,-0.552837,0.635807
rc_a33_point_primary_hn1,4,1477,13477,-1.62588,0.652471
rc_a33_point_primary_hn1,4,1478,13478,-1.23858,0.547109
rc_a33_point_primary_hn1,4,1479,13479,-0.656727,0.474014
rc_a33_point_primary_hn1,4,1480,13480,-1.18981,0.611156
rc_a33_point_primary_hn1,4,1481,13481,-1.06544,0.490724
rc_a33_point_primary_hn1,4,1482,13482,-0.90861,0.474292
rc_a33_point_primary_hn1,4,1483,13483,-0.74263,0.347466
rc_a33_point_primary_hn1,4,1484,13484,-0.769305,0.366541
rc_a33_point_primary_hn1,4,1485,13485,-0.789015,0.36208
rc_a33_point_primary_hn1,4,1486,13486,-0.670894,0.498404
rc_a33_point_primary_hn1,4,1487,13487,-0.603671,0.467016
rc_a33_point_primary_hn1,4,1488,13488,-0.740142,0.368649
rc_a33_point_primary_hn1,4,1489,13489,-1.06563,0.875979
rc_a33_point_primary_hn1,4,1490,13490,-1.03101,0.403776
rc_a33_point_primary_hn1,4,1491,13491,-0.932621,0.596167
rc_a33_point_primary_hn1,4,1492,13492,-1.08551,0.380346
rc_a33_point_primary_hn1,4,1493,13493,-0.893009,0.335567
rc_a33_point_primary_hn1,4,1494,13494,-0.867237,0.452379
rc_a33_point_primary_hn1,4,1495,13495,-0.932554,0.338179
rc_a33_point_primary_hn1,4,1496,13496,-0.755924,0.379402
rc_a33_point_primary_hn1,4,1497,13497,-0.856003,0.552994
rc_a33_point_primary_hn1,4,1498,13498,-1.04672,0.545621
rc_a33_point_primary_hn1,4,1499,13499,-0.636872,0.432584
rc_a33_point_primary_hn1,4,1500,13500,-0.649822,0.271519
rc_a33_point_primary_hn1,4,1501,13501,-0.907688,0.355098
rc_a33_point_primary_hn1,4,1502,13502,-0.986898,0.373427
rc_a33_point_primary_hn1,4,1503,13503,-1.07524,0.435481
rc_a33_point_primary_hn1,4,1504,13504,-0.696862,0.464289
rc_a33_point_primary_hn1,4,1505,13505,-0.910946,0.65798
rc_a33_point_primary_hn1,4,1506,13506,-0.835257,0.471239
rc_a33_point_primary_hn1,4,1507,13507,-0.961688,0.371498
rc_a33_point_primary_hn1,4,1508,13508,-0.939914,0.464603
rc_a33_point_primary_hn1,4,1509,13509,-0.758411,0.354116
rc_a33_point_primary_hn1,4,1510,13510,-0.830309,0.337829
rc_a33_point_primary_hn1,4,1511,13511,-0.894749,0.523839
rc_a33_point_primary_hn1,4,1512,13512,-0.669815,0.830248
rc_a33_point_primary_hn1,4,1513,13513,-0.636824,0.851754
rc_a33_point_primary_hn1,4,1514,13514,-0.648097,0.48346
rc_a33_point_primary_hn1,4,1515,13515,-0.607483,0.389575
rc_a33_point_primary_hn1,4,1516,13516,-0.559306,0.489744
rc_a33_point_primary_hn1,4,1517,13517,-0.435584,0.366664
rc_a33_point_primary_hn1,4,1518,13518,-0.809403,0.349025
rc_a33_point_primary_hn1,4,1519,13519,-0.689664,0.506068
rc_a33_point_primary_hn1,4,1520,13520,-0.579554,0.564722
rc_a33_point_primary_hn1,4,1521,13521,-0.544386,0.366734
rc_a33_point_primary_hn1,4,1522,13522,-0.761258,0.409643
rc_a33_point_primary_hn1,4,1523,13523,-0.730126,0.583486
rc_a33_point_primary_hn1,4,1524,13524,-0.657513,0.40746
rc_a33_point_primary_hn1,4,1525,13525,-0.744118,0.537056
rc_a33_point_primary_hn1,4,1526,13526,-0.665639,0.438872
rc_a33_point_primary_hn1,4,1527,13527,-0.59775,0.361098
rc_a33_point_primary_hn1,4,1528,13528,-0.413478,0.469594
rc_a33_point_primary_hn1,4,1529,13529,-0.349178,0.415039
rc_a33_point_primary_hn1,4,1530,13530,-0.516667,0.2683
rc_a33_point_primary_hn1,4,1531,13531,-0.506218,0.714737
rc_a33_point_primary_hn1,4,1532,13532,-0.661588,0.635169
rc_a33_point_primary_hn1,4,1533,13533,-0.556239,0.714781
rc_a33_point_primary_hn1,4,1534,13534,-0.408451,0.773404
rc_a33_point_primary_hn1,4,1535,13535,-0.301902,0.834191
rc_a33_point_primary_hn1,4,1536,13536,-0.190083,0.803215
rc_a33_point_primary_hn1,4,1537,13537,-0.828502,0.423567
rc_a33_point_primary_hn1,4,1538,13538,-0.845475,0.413804
rc_a33_point_primary_hn1,4,1539,13539,-0.999127,0.550946
rc_a33_point_primary_hn1,4,1540,13540,-1.06586,0.9015
rc_a33_point_primary_hn1,4,1541,13541,-0.828117,0.513267
rc_a33_point_primary_hn1,4,1542,13542,-0.792766,0.495053
rc_a33_point_primary_hn1,4,1543,13543,-0.968907,0.638306
rc_a33_point_primary_hn1,4,1544,13544,-0.998362,0.531955
rc_a33_point_primary_hn1,4,1545,13545,-0.837467,0.483452
rc_a33_point_primary_hn1,4,1546,13546,-0.492948,0.561109
rc_a33_point_primary_hn1,4,1547,13547,-0.583642,0.515144
rc_a33_point_primary_hn1,4,1548,13548,-0.789999,0.566849
rc_a33_point_primary_hn1,4,1549,13549,-1.02125,0.457811
rc_a33_point_primary_hn1,4,1550,13550,-0.992555,0.49048
rc_a33_point_primary_hn1,4,1551,13551,-0.95607,0.445445
rc_a33_point_primary_hn1,4,1552,13552,-1.04092,0.244847
rc_a33_point_primary_hn1,4,1553,13553,-0.821394,0.23382
rc_a33_point_primary_hn1,4,1554,13554,-1.2197,0.668991
rc_a33_point_primary_hn1,4,1555,13555,-0.972533,0.541997
rc_a33_point_primary_hn1,4,1556,13556,-0.961621,0.482831
rc_a33_point_primary_hn1,4,1557,13557,-0.916787,0.433309
rc_a33_point_primary_hn1,4,1558,13558,-0.573262,0.414059
rc_a33_point_primary_hn1,4,1559,13559,-0.766045,0.606862
rc_a33_point_primary_hn1,4,1560,13560,-0.71495,0.357597
rc_a33_point_primary_hn1,4,1561,13561,-0.577101,0.676758
rc_a33_point_primary_hn1,4,1562,13562,-0.6214,0.635423
rc_a33_point_primary_hn1,4,1563,13563,-0.664241,0.703058
rc_a33_point_primary_hn1,4,1564,13564,-0.692697,0.568503
rc_a33_point_primary_hn1,4,1565,13565,-0.80035,0.415137
rc_a33_point_primary_hn1,4,1566,13566,-0.779675,0.558376
rc_a33_point_primary_hn1,4,1567,13567,-0.74162,0.290469
rc_a33_point_primary_hn1,4,1568,13568,-0.650064,0.354493
rc_a33_point_primary_hn1,4,1569,13569,-0.825505,0.313248
rc_a33_point_primary_hn1,4,1570,13570,-1.02894,0.419475
rc_a33_point_primary_hn1,4,1571,13571,-0.865851,0.521145
rc_a33_point_primary_hn1,4,1572,13572,-0.902567,0.565389
rc_a33_point_primary_hn1,4,1573,13573,-0.932134,0.410578
rc_a33_point_primary_hn1,4,1574,13574,-0.593778,0.358497
rc_a33_point_primary_hn1,4,1575,13575,-0.780861,0.527022
rc_a33_point_primary_hn1,4,1576,13576,-0.798601,0.388522
rc_a33_point_primary_hn1,4,1577,13577,-0.786167,0.420622
rc_a33_point_primary_hn1,4,1578,13578,-0.860773,0.259463
rc_a33_point_primary_hn1,4,1579,13579,-0.700664,0.250729
rc_a33_point_primary_hn1,4,1580,13580,-1.07612,0.519276
rc_a33_point_primary_hn1,4,1581,13581,-1.03142,0.462991
rc_a33_point_primary_hn1,4,1582,13582,-1.05703,0.470638
rc_a33_point_primary_hn1,4,1583,13583,-0.758503,0.674652
rc_a33_point_primary_hn1,4,1584,13584,-0.733028,0.556782
rc_a33_point_primary_hn1,4,1585,13585,-0.744426,0.533236
rc_a33_point_primary_hn1,4,1586,13586,-0.938822,0.684141
rc_a33_point_primary_hn1,4,1587,13587,-1.13884,0.696645
rc_a33_point_primary_hn1,4,1588,13588,-1.19867,0.64391
rc_a33_point_primary_hn1,4,1589,13589,-1.00569,0.383296
rc_a33_point_primary_hn1,4,1590,13590,-0.987505,0.425107
rc_a33_point_primary_hn1,4,1591,13591,-1.07537,0.452975
rc_a33_point_primary_hn1,4,1592,13592,-1.01147,0.581378
rc_a33_point_primary_hn1,4,1593,13593,-0.721961,0.4731
rc_a33_point_primary_hn1,4,1594,13594,-0.595929,0.708151
rc_a33_point_primary_hn1,4,1595,13595,-0.565906,0.583423
rc_a33_point_primary_hn1,4,1596,13596,-0.663134,0.597147
rc_a33_point_primary_hn1,4,1597,13597,-0.61584,0.377434
rc_a33_point_primary_hn1,4,1598,13598,-0.479636,0.627344
rc_a33_point_primary_hn1,4,1599,13599,-0.363666,0.856023
rc_a33_point_primary_hn1,4,1600,13600,-0.357794,0.725088
rc_a33_point_primary_hn1,4,1601,13601,-0.394826,0.767603
rc_a33_point_primary_hn1,4,1602,13602,-0.427368,0.963056
rc_a33_point_primary_hn1,4,1603,13603,-0.512032,0.822627
rc_a33_point_primary_hn1,4,1604,13604,-0.64566,0.42125
rc_a33_point_primary_hn1,4,1605,13605,-0.743029,0.602478
rc_a33_point_primary_hn1,4,1606,13606,-0.453077,0.355887
rc_a33_point_primary_hn1,4,1607,13607,-0.66398,0.313628
rc_a33_point_primary_hn1,4,1608,13608,-0.74374,0.364392
rc_a33_point_primary_hn1,4,1609,13609,-0.539471,0.507711
rc_a33_point_primary_hn1,4,1610,13610,-0.81734,0.59401
rc_a33_point_primary_hn1,4,1611,13611,-0.797483,0.525238
rc_a33_point_primary_hn1,4,1612,13612,-0.432711,0.888676
rc_a33_point_primary_hn1,4,1613,13613,-0.513867,0.446684
rc_a33_point_primary_hn1,4,1614,13614,-0.513397,0.553159
rc_a33_point_primary_hn1,4,1615,13615,-0.644351,0.393388
rc_a33_point_primary_hn1,4,1616,13616,-0.878392,0.325884
rc_a33_point_primary_hn1,4,1617,13617,-0.861798,0.502297
rc_a33_point_primary_hn1,4,1618,13618,-0.920682,0.601786
rc_a33_point_primary_hn1,4,1619,13619,-0.612058,0.314563
rc_a33_point_primary_hn1,4,1620,13620,-0.516049,0.348083
rc_a33_point_primary_hn1,4,1621,13621,-0.792626,0.425843
rc_a33_point_primary_hn1,4,1622,13622,-0.647272,0.372007
rc_a33_point_primary_hn1,4,1623,13623,-0.842746,0.509446
rc_a33_point_primary_hn1,4,1624,13624,-0.542441,0.608762
rc_a33_point_primary_hn1,4,1625,13625,-0.693525,0.399952
rc_a33_point_primary_hn1,4,1626,13626,-0.613237,0.350732
rc_a33_point_primary_hn1,4,1627,13627,-0.481183,0.357564
rc_a33_point_primary_hn1,4,1628,13628,-0.665155,0.534635
rc_a33_point_primary_hn1,4,1629,13629,-0.654358,0.622398
rc_a33_point_primary_hn1,4,1630,13630,-0.867581,0.401961
rc_a33_point_primary_hn1,4,1631,13631,-0.716295,0.691343
rc_a33_point_primary_hn1,4,1632,13632,-0.600337,0.592544
rc_a33_point_primary_hn1,4,1633,13633,-0.515889,0.649647
rc_a33_point_primary_hn1,4,1634,13634,-0.578077,0.650672
rc_a33_point_primary_hn1,4,1635,13635,-0.440652,0.998651
rc_a33_point_primary_hn1,4,1636,13636,-0.69623,0.808127
rc_a33_point_primary_hn1,4,1637,13637,-1.01052,0.423268
rc_a33_point_primary_hn1,4,1638,13638,-0.744772,0.499349
rc_a33_point_primary_hn1,4,1639,13639,-0.766059,0.444682
rc_a33_point_primary_hn1,4,1640,13640,-0.76981,0.456052
rc_a33_point_primary_hn1,4,1641,13641,-0.830789,0.749044
rc_a33_point_primary_hn1,4,1642,13642,-0.833896,0.359545
rc_a33_point_primary_hn1,4,1643,13643,-1.19969,0.444327
rc_a33_point_primary_hn1,4,1644,13644,-1.48478,0.494408
rc_a33_point_primary_hn1,4,1645,13645,-1.30612,0.673672
rc_a33_point_primary_hn1,4,1646,13646,-1.36496,0.740629
rc_a33_point_primary_hn1,4,1647,13647,-1.0795,0.615244
rc_a33_point_primary_hn1,4,1648,13648,-1.12272,0.665864
rc_a33_point_primary_hn1,4,1649,13649,0.243664,1.07071
rc_a33_point_primary_hn1,4,1650,13650,0.248755,1.03572
rc_a33_point_primary_hn1,4,1651,13651,0.228497,1.08972
rc_a33_point_primary_hn1,4,1652,13652,0.197538,1.01461
rc_a33_point_primary_hn1,4,1653,13653,0.192078,1.18109
rc_a33_point_primary_hn1,4,1654,13654,0.17533,1.03656
rc_a33_point_primary_hn1,4,1655,13655,0.159732,1.19858
rc_a33_point_primary_hn1,4,1656,13656,-0.441991,0.824125
rc_a33_point_primary_hn1,4,1657,13657,-0.781522,0.546518
rc_a33_point_primary_hn1,4,1658,13658,-0.448877,0.700509
rc_a33_point_primary_hn1,4,1659,13659,-0.511506,0.658852
rc_a33_point_primary_hn1,4,1660,13660,-0.763908,0.610516
rc_a33_point_primary_hn1,4,1661,13661,-0.284841,0.703168
rc_a33_point_primary_hn1,4,1662,13662,-0.896773,0.755747
rc_a33_point_primary_hn1,4,1663,13663,-0.927101,0.661673
rc_a33_point_primary_hn1,4,1664,13664,-0.874733,0.779017
rc_a33_point_primary_hn1,4,1665,13665,-0.841657,0.630552
rc_a33_point_primary_hn1,4,1666,13666,-0.725717,0.383456
rc_a33_point_primary_hn1,4,1667,13667,-0.708013,0.260096
rc_a33_point_primary_hn1,4,1668,13668,-0.779935,0.367222
rc_a33_point_primary_hn1,4,1669,13669,-1.12569,0.714136
rc_a33_point_primary_hn1,4,1670,13670,-0.420568,0.700112
rc_a33_point_primary_hn1,4,1671,13671,-0.348012,0.691595
rc_a33_point_primary_hn1,4,1672,13672,-0.587286,0.286829
rc_a33_point_primary_hn1,4,1673,13673,-0.508844,0.534444
rc_a33_point_primary_hn1,4,1674,13674,-0.768997,0.669279
rc_a33_point_primary_hn1,4,1675,13675,-1.1745,0.835922
rc_a33_point_primary_hn1,4,1676,13676,-1.16853,0.492954
rc_a33_point_primary_hn1,4,1677,13677,-1.27653,0.565771
rc_a33_point_primary_hn1,4,1678,13678,-1.06608,0.348271
rc_a33_point_primary_hn1,4,1679,13679,-1.15125,0.694251
rc_a33_point_primary_hn1,4,1680,13680,-1.00021,0.549871
rc_a33_point_primary_hn1,4,1681,13681,-1.20078,0.81154
rc_a33_point_primary_hn1,4,1682,13682,-1.21951,0.862993
rc_a33_point_primary_hn1,4,1683,13683,-0.777212,0.47364
rc_a33_point_primary_hn1,4,1684,13684,-0.994291,0.522509
rc_a33_point_primary_hn1,4,1685,13685,-0.853343,0.563454
rc_a33_point_primary_hn1,4,1686,13686,-0.932725,0.537728
rc_a33_point_primary_hn1,4,1687,13687,-1.00866,0.919834
rc_a33_point_primary_hn1,4,1688,13688,-0.385655,0.621083
rc_a33_point_primary_hn1,4,1689,13689,-0.455386,0.619896
rc_a33_point_primary_hn1,4,1690,13690,0.149637,0.694734
rc_a33_point_primary_hn1,4,1691,13691,0.160755,0.740167
rc_a33_point_primary_hn1,4,1692,13692,-0.14707,0.805021
rc_a33_point_primary_hn1,4,1693,13693,-0.751043,0.445753
rc_a33_point_primary_hn1,4,1694,13694,-0.843066,0.499784
rc_a33_point_primary_hn1,4,1695,13695,-0.856116,0.661033
rc_a33_point_primary_hn1,4,1696,13696,-0.794183,0.585607
rc_a33_point_primary_hn1,4,1697,13697,-0.617941,0.454382
rc_a33_point_primary_hn1,4,1698,13698,-0.660585,0.490892
rc_a33_point_primary_hn1,4,1699,13699,-0.846733,0.459793
rc_a33_point_primary_hn1,4,1700,13700,-1.10578,0.428755
rc_a33_point_primary_hn1,4,1701,13701,-1.43965,0.897914
rc_a33_point_primary_hn1,4,1702,13702,-0.952204,0.388693
rc_a33_point_primary_hn1,4,1703,13703,-1.0002,0.421113
rc_a33_point_primary_hn1,4,1704,13704,-0.907574,0.399454
rc_a33_point_primary_hn1,4,1705,13705,-0.776825,0.540253
rc_a33_point_primary_hn1,4,1706,13706,-0.780967,0.610932
rc_a33_point_primary_hn1,4,1707,13707,-0.842148,0.651275
rc_a33_point_primary_hn1,4,1708,13708,-0.914588,0.998463
rc_a33_point_primary_hn1,4,1709,13709,-1.11128,0.708169
rc_a33_point_primary_hn1,4,1710,13710,-0.613983,0.894681
rc_a33_point_primary_hn1,4,1711,13711,-0.627645,1.0799
rc_a33_point_primary_hn1,4,1712,13712,-0.306951,0.619718
rc_a33_point_primary_hn1,4,1713,13713,-0.910749,0.402922
rc_a33_point_primary_hn1,4,1714,13714,-0.983767,0.559422
rc_a33_point_primary_hn1,4,1715,13715,-1.33521,0.57191
rc_a33_point_primary_hn1,4,1716,13716,-1.06559,0.597817
rc_a33_point_primary_hn1,4,1717,13717,-0.991923,0.629023
rc_a33_point_primary_hn1,4,1718,13718,-1.18157,0.685558
rc_a33_point_primary_hn1,4,1719,13719,-0.987718,0.604474
rc_a33_point_primary_hn1,4,1720,13720,-0.927799,0.346983
rc_a33_point_primary_hn1,4,1721,13721,-1.10966,0.448243
rc_a33_point_primary_hn1,4,1722,13722,-1.38436,0.716333
rc_a33_point_primary_hn1,4,1723,13723,-0.937451,0.442554
rc_a33_point_primary_hn1,4,1724,13724,-0.98189,0.454388
rc_a33_point_primary_hn1,4,1725,13725,-0.380996,1.04132
rc_a33_point_primary_hn1,4,1726,13726,-0.540481,0.937499
rc_a33_point_primary_hn1,4,1727,13727,-0.418517,1.0366
rc_a33_point_primary_hn1,4,1728,13728,-0.263244,0.954694
rc_a33_point_primary_hn1,4,1729,13729,-0.250033,1.14874
rc_a33_point_primary_hn1,4,1730,13730,-0.518133,0.503907
rc_a33_point_primary_hn1,4,1731,13731,-1.2457,1.03612
rc_a33_point_primary_hn1,4,1732,13732,-1.14268,1.00216
rc_a33_point_primary_hn1,4,1733,13733,-0.781054,0.533426
rc_a33_point_primary_hn1,4,1734,13734,-1.05907,0.558175
rc_a33_point_primary_hn1,4,1735,13735,-0.702451,0.56968
rc_a33_point_primary_hn1,4,1736,13736,-0.850966,0.799472
rc_a33_point_primary_hn1,4,1737,13737,-0.79671,0.647176
rc_a33_point_primary_hn1,4,1738,13738,-0.49684,0.876504
rc_a33_point_primary_hn1,4,1739,13739,-0.687641,1.02063
rc_a33_point_primary_hn1,4,1740,13740,-0.392294,0.751594
rc_a33_point_primary_hn1,4,1741,13741,-0.793178,0.725012
rc_a33_point_primary_hn1,4,1742,13742,-0.723716,0.651015
rc_a33_point_primary_hn1,4,1743,13743,-0.737906,0.558002
rc_a33_point_primary_hn1,4,1744,13744,-0.748965,0.969074
rc_a33_point_primary_hn1,4,1745,13745,-0.847776,0.75971
rc_a33_point_primary_hn1,4,1746,13746,-0.73399,0.448485
rc_a33_point_primary_hn1,4,1747,13747,-1.14378,0.626638
rc_a33_point_primary_hn1,4,1748,13748,-0.993215,0.773853
rc_a33_point_primary_hn1,4,1749,13749,-1.00571,1.00134
rc_a33_point_primary_hn1,4,1750,13750,-0.690028,0.760073
rc_a33_point_primary_hn1,4,1751,13751,-0.668524,0.714914
rc_a33_point_primary_hn1,4,1752,13752,-0.729418,0.805519
rc_a33_point_primary_hn1,4,1753,13753,-0.877769,0.54829
rc_a33_point_primary_hn1,4,1754,13754,-0.737902,0.418598
rc_a33_point_primary_hn1,4,1755,13755,-0.963583,0.956564
rc_a33_point_primary_hn1,4,1756,13756,-0.886838,0.935945
rc_a33_point_primary_hn1,4,1757,13757,-1.13822,0.49092
rc_a33_point_primary_hn1,4,1758,13758,-1.2879,0.513619
rc_a33_point_primary_hn1,4,1759,13759,-0.916611,0.630971
rc_a33_point_primary_hn1,4,1760,13760,-0.761656,0.215668
rc_a33_point_primary_hn1,4,1761,13761,-1.02414,0.340204
rc_a33_point_primary_hn1,4,1762,13762,-0.503382,1.22376
rc_a33_point_primary_hn1,4,1763,13763,-0.58264,0.868899
rc_a33_point_primary_hn1,4,1764,13764,-0.491117,0.983667
rc_a33_point_primary_hn1,4,1765,13765,-0.185637,1.0576
rc_a33_point_primary_hn1,4,1766,13766,-0.253182,0.927769
rc_a33_point_primary_hn1,4,1767,13767,-1.02213,0.494108
rc_a33_point_primary_hn1,4,1768,13768,-0.790123,0.53771
rc_a33_point_primary_hn1,4,1769,13769,-0.695641,0.442233
rc_a33_point_primary_hn1,4,1770,13770,-0.933031,0.475203
rc_a33_point_primary_hn1,4,1771,13771,-0.889814,0.434721
rc_a33_point_primary_hn1,4,1772,13772,-0.686608,0.420038
rc_a33_point_primary_hn1,4,1773,13773,-0.711856,0.406066
rc_a33_point_primary_hn1,4,1774,13774,-0.687027,0.382101
rc_a33_point_primary_hn1,4,1775,13775,-0.630142,0.700645
rc_a33_point_primary_hn1,4,1776,13776,-0.656836,0.566304
rc_a33_point_primary_hn1,4,1777,13777,-0.822734,0.456107
rc_a33_point_primary_hn1,4,1778,13778,-0.778504,0.35791
rc_a33_point_primary_hn1,4,1779,13779,-0.75043,0.815864
rc_a33_point_primary_hn1,4,1780,13780,-0.805733,0.349378
rc_a33_point_primary_hn1,4,1781,13781,-0.796519,0.354698
rc_a33_point_primary_hn1,4,1782,13782,-0.86821,0.849257
rc_a33_point_primary_hn1,4,1783,13783,-0.78291,0.578845
rc_a33_point_primary_hn1,4,1784,13784,-0.800294,0.483976
rc_a33_point_primary_hn1,4,1785,13785,-0.931811,0.802955
rc_a33_point_primary_hn1,4,1786,13786,-0.309249,0.860184
rc_a33_point_primary_hn1,4,1787,13787,-0.751397,1.06767
rc_a33_point_primary_hn1,4,1788,13788,-0.95871,1.30712
rc_a33_point_primary_hn1,4,1789,13789,-0.513595,1.46707
rc_a33_point_primary_hn1,4,1790,13790,-0.271872,0.56056
rc_a33_point_primary_hn1,4,1791,13791,-0.263437,0.550021
rc_a33_point_primary_hn1,4,1792,13792,-0.562373,0.504664
rc_a33_point_primary_hn1,4,1793,13793,-0.414628,0.522855
rc_a33_point_primary_hn1,4,1794,13794,-0.471636,0.589255
rc_a33_point_primary_hn1,4,1795,13795,-0.434241,0.62609
rc_a33_point_primary_hn1,4,1796,13796,-0.533663,0.561185
rc_a33_point_primary_hn1,4,1797,13797,-0.739348,0.334422
rc_a33_point_primary_hn1,4,1798,13798,-0.770957,0.326404
rc_a33_point_primary_hn1,4,1799,13799,-0.697224,0.294778
rc_a33_point_primary_hn1,4,1800,13800,-0.776252,0.487646
rc_a33_point_primary_hn1,4,1801,13801,-0.965514,1.18377
rc_a33_point_primary_hn1,4,1802,13802,-1.27004,1.17897
rc_a33_point_primary_hn1,4,1803,13803,-1.22347,1.09127
rc_a33_point_primary_hn1,4,1804,13804,-0.615191,0.620629
rc_a33_point_primary_hn1,4,1805,13805,-0.711673,0.598953
rc_a33_point_primary_hn1,4,1806,13806,-0.598389,0.561875
rc_a33_point_primary_hn1,4,1807,13807,-0.554986,0.588087
rc_a33_point_primary_hn1,4,1808,13808,-0.551797,0.540583
rc_a33_point_primary_hn1,4,1809,13809,-0.750983,0.353888
rc_a33_point_primary_hn1,4,1810,13810,-0.834844,0.324271
rc_a33_point_primary_hn1,4,1811,13811,-0.704559,0.355622
rc_a33_point_primary_hn1,4,1812,13812,-0.884033,0.585861
rc_a33_point_primary_hn1,4,1813,13813,-0.678074,1.15209
rc_a33_point_primary_hn1,4,1814,13814,-0.769151,1.29007
rc_a33_point_primary_hn1,4,1815,13815,-0.36662,1.10548
rc_a33_point_primary_hn1,4,1816,13816,-0.51972,0.461731
rc_a33_point_primary_hn1,4,1817,13817,-0.721677,0.40246
rc_a33_point_primary_hn1,4,1818,13818,-0.404531,0.474008
rc_a33_point_primary_hn1,4,1819,13819,-0.439306,0.520974
rc_a33_point_primary_hn1,4,1820,13820,-0.217344,0.815006
rc_a33_point_primary_hn1,4,1821,13821,0.0318678,1.07721
rc_a33_point_primary_hn1,4,1822,13822,0.176322,1.24642
rc_a33_point_primary_hn1,4,1823,13823,-0.0192223,0.993307
rc_a33_point_primary_hn1,4,1824,13824,-0.0686891,0.994026
rc_a33_point_primary_hn1,4,1825,13825,-0.0826871,1.14772
rc_a33_point_primary_hn1,4,1826,13826,-0.0983871,1.06671
rc_a33_point_primary_hn1,4,1827,13827,-0.230527,0.970798
rc_a33_point_primary_hn1,4,1828,13828,-0.624748,0.728905
rc_a33_point_primary_hn1,4,1829,13829,-0.610178,0.498989
rc_a33_point_primary_hn1,4,1830,13830,-0.742754,0.844953
rc_a33_point_primary_hn1,4,1831,13831,-1.2053,1.10804
rc_a33_point_primary_hn1,4,1832,13832,-1.10669,0.708028
rc_a33_point_primary_hn1,4,1833,13833,-0.813983,0.473957
rc_a33_point_primary_hn1,4,1834,13834,-1.03424,0.459947
rc_a33_point_primary_hn1,4,1835,13835,-0.735448,0.367663
rc_a33_point_primary_hn1,4,1836,13836,-0.789086,0.785432
rc_a33_point_primary_hn1,4,1837,13837,-0.664865,0.62272
rc_a33_point_primary_hn1,4,1838,13838,-0.727709,0.916697
rc_a33_point_primary_hn1,4,1839,13839,-1.22013,0.55829
rc_a33_point_primary_hn1,4,1840,13840,-1.33305,0.679112
rc_a33_point_primary_hn1,4,1841,13841,-0.968228,0.281305
rc_a33_point_primary_hn1,4,1842,13842,-1.00994,0.230408
rc_a33_point_primary_hn1,4,1843,13843,-1.01292,0.507924
rc_a33_point_primary_hn1,4,1844,13844,-0.907484,0.422774
rc_a33_point_primary_hn1,4,1845,13845,-1.17024,0.868276
rc_a33_point_primary_hn1,4,1846,13846,-1.07993,0.630194
rc_a33_point_primary_hn1,4,1847,13847,-0.998291,0.554882
rc_a33_point_primary_hn1,4,1848,13848,-0.824497,0.603472
rc_a33_point_primary_hn1,4,1849,13849,-0.953735,0.853506
rc_a33_point_primary_hn1,4,1850,13850,-0.94167,0.861055
rc_a33_point_primary_hn1,4,1851,13851,-1.09137,0.694728
rc_a33_point_primary_hn1,4,1852,13852,-0.799944,0.545094
rc_a33_point_primary_hn1,4,1853,13853,-0.941917,0.468229
rc_a33_point_primary_hn1,4,1854,13854,-0.953392,0.426127
rc_a33_point_primary_hn1,4,1855,13855,-0.953118,0.567187
rc_a33_point_primary_hn1,4,1856,13856,-0.962705,0.578222
rc_a33_point_primary_hn1,4,1857,13857,-0.968165,0.595716
rc_a33_point_primary_hn1,4,1858,13858,-0.945305,0.768162
rc_a33_point_primary_hn1,4,1859,13859,-1.08515,0.827148
rc_a33_point_primary_hn1,4,1860,13860,-0.860988,0.812603
rc_a33_point_primary_hn1,4,1861,13861,-0.948668,0.789688
rc_a33_point_primary_hn1,4,1862,13862,-0.722572,0.744299
rc_a33_point_primary_hn1,4,1863,13863,-0.883149,0.734792
rc_a33_point_primary_hn1,4,1864,13864,-0.95850900000000006,0.501126
rc_a33_point_primary_hn1,4,1865,13865,-0.819469,0.373523
rc_a33_point_primary_hn1,4,1866,13866,-0.975033,0.462502
rc_a33_point_primary_hn1,4,1867,13867,-0.88158,0.374929
rc_a33_point_primary_hn1,4,1868,13868,-1.01277,0.436348
rc_a33_point_primary_hn1,4,1869,13869,-0.817392,0.443274
rc_a33_point_primary_hn1,4,1870,13870,-0.985058,0.447512
rc_a33_point_primary_hn1,4,1871,13871,-0.856847,0.327098
rc_a33_point_primary_hn1,4,1872,13872,-0.814841,0.391383
rc_a33_point_primary_hn1,4,1873,13873,-0.804223,0.248198
rc_a33_point_primary_hn1,4,1874,13874,-0.797624,0.330851
rc_a33_point_primary_hn1,4,1875,13875,-0.841611,0.424281
rc_a33_point_primary_hn1,4,1876,13876,-0.915492,0.546325
rc_a33_point_primary_hn1,4,1877,13877,-0.861313,0.469167
rc_a33_point_primary_hn1,4,1878,13878,-0.673283,0.402259
rc_a33_point_primary_hn1,4,1879,13879,-1.03092,0.446539
rc_a33_point_primary_hn1,4,1880,13880,-0.796542,0.548959
rc_a33_point_primary_hn1,4,1881,13881,-1.17271,0.534903
rc_a33_point_primary_hn1,4,1882,13882,-1.16244,0.502513
rc_a33_point_primary_hn1,4,1883,13883,-0.820054,0.686157
rc_a33_point_primary_hn1,4,1884,13884,-0.397447,0.670838
rc_a33_point_primary_hn1,4,1885,13885,-0.405485,0.498658
rc_a33_point_primary_hn1,4,1886,13886,-0.482317,0.58071
rc_a33_point_primary_hn1,4,1887,13887,-0.392205,0.744474
rc_a33_point_primary_hn1,4,1888,13888,-0.696207,0.772955
rc_a33_point_primary_hn1,4,1889,13889,-0.935519,0.499366
rc_a33_point_primary_hn1,4,1890,13890,-0.979702,0.477087
rc_a33_point_primary_hn1,4,1891,13891,-0.81455,0.520319
rc_a33_point_primary_hn1,4,1892,13892,-0.936489,0.580499
rc_a33_point_primary_hn1,4,1893,13893,-0.750639,0.661813
rc_a33_point_primary_hn1,4,1894,13894,-0.803238,0.780514
rc_a33_point_primary_hn1,4,1895,13895,-0.905936,0.930572
rc_a33_point_primary_hn1,4,1896,13896,-1.05937,1.2571
rc_a33_point_primary_hn1,4,1897,13897,-0.800993,0.986901
rc_a33_point_primary_hn1,4,1898,13898,-0.852896,0.879151
rc_a33_point_primary_hn1,4,1899,13899,-0.832269,1.0132
rc_a33_point_primary_hn1,4,1900,13900,-1.39248,0.75469
rc_a33_point_primary_hn1,4,1901,13901,-1.44813,0.861202
rc_a33_point_primary_hn1,4,1902,13902,-1.41484,0.863819
rc_a33_point_primary_hn1,4,1903,13903,-1.45129,1.02622
rc_a33_point_primary_hn1,4,1904,13904,-1.4854,1.05456
rc_a33_point_primary_hn1,4,1905,13905,-1.20603,0.944791
rc_a33_point_primary_hn1,4,1906,13906,-1.2034,0.712942
rc_a33_point_primary_hn1,4,1907,13907,-1.25503,1.0849
rc_a33_point_primary_hn1,4,1908,13908,-0.950719,0.916688
rc_a33_point_primary_hn1,4,1909,13909,-1.05565,0.691187
rc_a33_point_primary_hn1,4,1910,13910,-0.953532,0.651943
rc_a33_point_primary_hn1,4,1911,13911,-0.612857,0.548422
rc_a33_point_primary_hn1,4,1912,13912,-0.692291,0.361014
rc_a33_point_primary_hn1,4,1913,13913,-0.718372,0.716599
rc_a33_point_primary_hn1,4,1914,13914,-0.547057,0.674997
rc_a33_point_primary_hn1,4,1915,13915,-0.383615,0.743464
rc_a33_point_primary_hn1,4,1916,13916,-1.0187,0.361592
rc_a33_point_primary_hn1,4,1917,13917,-0.669891,0.494443
rc_a33_point_primary_hn1,4,1918,13918,-0.830831,0.587079
rc_a33_point_primary_hn1,4,1919,13919,-0.688071,0.49391
rc_a33_point_primary_hn1,4,1920,13920,-0.62781,0.30322
rc_a33_point_primary_hn1,4,1921,13921,-0.692873,0.541114
rc_a33_point_primary_hn1,4,1922,13922,-0.606905,0.657067
rc_a33_point_primary_hn1,4,1923,13923,-0.732777,0.583256
rc_a33_point_primary_hn1,4,1924,13924,-0.715648,0.969721
rc_a33_point_primary_hn1,4,1925,13925,-0.596891,1.18866
rc_a33_point_primary_hn1,4,1926,13926,-0.336323,0.90469
rc_a33_point_primary_hn1,4,1927,13927,-0.425593,0.626843
rc_a33_point_primary_hn1,4,1928,13928,-0.917352,0.309073
rc_a33_point_primary_hn1,4,1929,13929,-0.863448,0.743206
rc_a33_point_primary_hn1,4,1930,13930,-0.91846,0.558507
rc_a33_point_primary_hn1,4,1931,13931,-0.765961,0.568934
rc_a33_point_primary_hn1,4,1932,13932,-0.679058,0.703962
rc_a33_point_primary_hn1,4,1933,13933,-0.770042,0.68234
rc_a33_point_primary_hn1,4,1934,13934,-0.675589,0.60878
rc_a33_point_primary_hn1,4,1935,13935,-0.639388,0.463623
rc_a33_point_primary_hn1,4,1936,13936,-0.633498,0.774121
rc_a33_point_primary_hn1,4,1937,13937,-0.588573,0.735246
rc_a33_point_primary_hn1,4,1938,13938,-0.472343,0.738952
rc_a33_point_primary_hn1,4,1939,13939,-0.925996,0.468697
rc_a33_point_primary_hn1,4,1940,13940,-0.776236,0.443841
rc_a33_point_primary_hn1,4,1941,13941,-1.08922,0.636673
rc_a33_point_primary_hn1,4,1942,13942,-0.978107,0.399415
rc_a33_point_primary_hn1,4,1943,13943,-0.771663,1.36045
rc_a33_point_primary_hn1,4,1944,13944,-0.814723,1.40274
rc_a33_point_primary_hn1,4,1945,13945,-1.05727,1.38207
rc_a33_point_primary_hn1,4,1946,13946,-1.0721,1.21692
rc_a33_point_primary_hn1,4,1947,13947,-0.901413,1.2797
rc_a33_point_primary_hn1,4,1948,13948,-0.911307,0.793189
rc_a33_point_primary_hn1,4,1949,13949,-1.03311,0.591299
rc_a33_point_primary_hn1,4,1950,13950,-1.05129,0.513241
rc_a33_point_primary_hn1,4,1951,13951,-0.88072,0.386974
rc_a33_point_primary_hn1,4,1952,13952,-0.959356,0.409547
rc_a33_point_primary_hn1,4,1953,13953,-0.688468,0.662752
rc_a33_point_primary_hn1,4,1954,13954,-0.613124,0.396311
rc_a33_point_primary_hn1,4,1955,13955,-0.899618,0.488819
rc_a33_point_primary_hn1,4,1956,13956,-0.853244,0.56994
rc_a33_point_primary_hn1,4,1957,13957,-0.772565,0.696166
rc_a33_point_primary_hn1,4,1958,13958,-1.06009,0.74318
rc_a33_point_primary_hn1,4,1959,13959,-1.12082,0.630893
rc_a33_point_primary_hn1,4,1960,13960,-0.807834,0.400329
rc_a33_point_primary_hn1,4,1961,13961,-0.80379,0.403172
rc_a33_point_primary_hn1,4,1962,13962,-0.87804,0.514524
rc_a33_point_primary_hn1,4,1963,13963,-0.618157,0.381576
rc_a33_point_primary_hn1,4,1964,13964,-0.749848,0.62929
rc_a33_point_primary_hn1,4,1965,13965,-0.681463,0.685059
rc_a33_point_primary_hn1,4,1966,13966,-0.341859,0.749347
rc_a33_point_primary_hn1,4,1967,13967,-0.84679,0.598062
rc_a33_point_primary_hn1,4,1968,13968,-0.500956,0.840401
rc_a33_point_primary_hn1,4,1969,13969,-0.57533,0.66586
rc_a33_point_primary_hn1,4,1970,13970,-0.295139,0.663847
rc_a33_point_primary_hn1,4,1971,13971,-0.315029,0.537165
rc_a33_point_primary_hn1,4,1972,13972,-0.598501,0.499086
rc_a33_point_primary_hn1,4,1973,13973,-0.784646,0.200933
rc_a33_point_primary_hn1,4,1974,13974,-0.894496,0.4736
rc_a33_point_primary_hn1,4,1975,13975,-0.706105,0.227958
rc_a33_point_primary_hn1,4,1976,13976,-0.837874,0.355029
rc_a33_point_primary_hn1,4,1977,13977,-0.828126,0.356937
rc_a33_point_primary_hn1,4,1978,13978,-0.750801,0.517444
rc_a33_point_primary_hn1,4,1979,13979,-0.376152,0.808392
rc_a33_point_primary_hn1,4,1980,13980,-1.17716,1.13391
rc_a33_point_primary_hn1,4,1981,13981,-1.17865,1.06092
rc_a33_point_primary_hn1,4,1982,13982,-0.976606,0.923139
rc_a33_point_primary_hn1,4,1983,13983,-0.807531,1.32411
rc_a33_point_primary_hn1,4,1984,13984,-1.13838,0.540731
rc_a33_point_primary_hn1,4,1985,13985,-1.20187,0.612366
rc_a33_point_primary_hn1,4,1986,13986,-0.390791,0.730492
rc_a33_point_primary_hn1,4,1987,13987,-0.295305,0.918143
rc_a33_point_primary_hn1,4,1988,13988,-0.296888,1.92718
rc_a33_point_primary_hn1,4,1989,13989,-0.319469,1.80896
rc_a33_point_primary_hn1,4,1990,13990,-0.737165,0.645788
rc_a33_point_primary_hn1,4,1991,13991,-0.411125,0.642293
rc_a33_point_primary_hn1,4,1992,13992,-0.637999,0.537023
rc_a33_point_primary_hn1,4,1993,13993,-0.512757,0.582278
rc_a33_point_primary_hn1,4,1994,13994,-0.630795,0.739885
rc_a33_point_primary_hn1,4,1995,13995,-0.996652,0.522274
rc_a33_point_primary_hn1,4,1996,13996,-1.2036,0.748739
rc_a33_point_primary_hn1,4,1997,13997,-0.859567,0.60812600000000006
rc_a33_point_primary_hn1,4,1998,13998,-0.944784,0.615724
rc_a33_point_primary_hn1,4,1999,13999,-0.861589,0.387466
rc_a33_point_primary_hn1,4,2000,14000,-0.879845,0.540254
rc_a33_point_primary_hn1,4,2001,14001,-0.796564,0.505188
rc_a33_point_primary_hn1,4,2002,14002,-0.863823,0.555292
rc_a33_point_primary_hn1,4,2003,14003,-0.757227,0.687832
rc_a33_point_primary_hn1,4,2004,14004,-0.758946,0.747682
rc_a33_point_primary_hn1,4,2005,14005,-0.773233,0.783042
rc_a33_point_primary_hn1,4,2006,14006,-1.2407,1.08905
rc_a33_point_primary_hn1,4,2007,14007,-1.26039,0.789347
rc_a33_point_primary_hn1,4,2008,14008,-1.25197,1.0502
rc_a33_point_primary_hn1,4,2009,14009,-0.960613,0.500578
rc_a33_point_primary_hn1,4,2010,14010,-1.01036,0.380152
rc_a33_point_primary_hn1,4,2011,14011,-0.805854,0.284776
rc_a33_point_primary_hn1,4,2012,14012,-0.904399,0.314031
rc_a33_point_primary_hn1,4,2013,14013,-0.877724,0.423224
rc_a33_point_primary_hn1,4,2014,14014,-0.748676,0.611466
rc_a33_point_primary_hn1,4,2015,14015,-0.618627,0.49243
rc_a33_point_primary_hn1,4,2016,14016,-0.643493,0.456708
rc_a33_point_primary_hn1,4,2017,14017,-0.69079,0.444666
rc_a33_point_primary_hn1,4,2018,14018,-0.63385,0.399146
rc_a33_point_primary_hn1,4,2019,14019,-1.24074,0.713391
rc_a33_point_primary_hn1,4,2020,14020,-1.08542,0.500807
rc_a33_point_primary_hn1,4,2021,14021,-0.5858,0.361197
rc_a33_point_primary_hn1,4,2022,14022,-0.525708,0.380109
rc_a33_point_primary_hn1,4,2023,14023,-0.850071,0.267923
rc_a33_point_primary_hn1,4,2024,14024,-1.03037,0.599449
rc_a33_point_primary_hn1,4,2025,14025,-1.00609,0.553584
rc_a33_point_primary_hn1,4,2026,14026,-1.10084,0.690217
rc_a33_point_primary_hn1,4,2027,14027,-1.4428,0.947463
rc_a33_point_primary_hn1,4,2028,14028,-1.26727,0.835516
rc_a33_point_primary_hn1,4,2029,14029,-1.21484,0.658763
rc_a33_point_primary_hn1,4,2030,14030,-1.2805,0.628418
rc_a33_point_primary_hn1,4,2031,14031,-1.03881,0.556222
rc_a33_point_primary_hn1,4,2032,14032,-0.702867,0.447401
rc_a33_point_primary_hn1,4,2033,14033,-0.701173,0.36187
rc_a33_point_primary_hn1,4,2034,14034,-0.820365,0.441347
rc_a33_point_primary_hn1,4,2035,14035,-0.430863,0.394802
rc_a33_point_primary_hn1,4,2036,14036,-0.379036,0.425149
rc_a33_point_primary_hn1,4,2037,14037,-0.483663,0.298579
rc_a33_point_primary_hn1,4,2038,14038,-0.494729,0.412404
rc_a33_point_primary_hn1,4,2039,14039,-0.691241,0.214413
rc_a33_point_primary_hn1,4,2040,14040,-0.815889,0.313877
rc_a33_point_primary_hn1,4,2041,14041,-0.675356,0.657453
rc_a33_point_primary_hn1,4,2042,14042,-0.474899,0.526962
rc_a33_point_primary_hn1,4,2043,14043,-0.34014,0.558394
rc_a33_point_primary_hn1,4,2044,14044,-0.487734,0.508919
rc_a33_point_primary_hn1,4,2045,14045,-0.325362,0.501659
rc_a33_point_primary_hn1,4,2046,14046,-0.414981,0.545298
rc_a33_point_primary_hn1,4,2047,14047,-0.625047,0.591979
rc_a33_point_primary_hn1,4,2048,14048,-0.531678,0.586978
rc_a33_point_primary_hn1,4,2049,14049,-0.66968,0.472824
rc_a33_point_primary_hn1,4,2050,14050,-0.552633,0.523187
rc_a33_point_primary_hn1,4,2051,14051,-0.207034,0.672044
rc_a33_point_primary_hn1,4,2052,14052,-0.865064,0.268033
rc_a33_point_primary_hn1,4,2053,14053,-0.851673,0.678825
rc_a33_point_primary_hn1,4,2054,14054,-0.726817,0.739436
rc_a33_point_primary_hn1,4,2055,14055,-0.775478,0.712007
rc_a33_point_primary_hn1,4,2056,14056,-1.07818,0.762233
rc_a33_point_primary_hn1,4,2057,14057,-0.884151,0.643864
rc_a33_point_primary_hn1,4,2058,14058,-0.906264,0.575756
rc_a33_point_primary_hn1,4,2059,14059,-0.915837,0.674053
rc_a33_point_primary_hn1,4,2060,14060,-1.07653,0.766938
rc_a33_point_primary_hn1,4,2061,14061,-1.16359,0.841978
rc_a33_point_primary_hn1,4,2062,14062,-1.0225,1.79951
rc_a33_point_primary_hn1,4,2063,14063,-1.28182,0.815442
rc_a33_point_primary_hn1,4,2064,14064,-1.10859,0.672371
rc_a33_point_primary_hn1,4,2065,14065,-1.11295,0.797175
rc_a33_point_primary_hn1,4,2066,14066,-1.04055,0.948887
rc_a33_point_primary_hn1,4,2067,14067,-1.11292,1.34799
rc_a33_point_primary_hn1,4,2068,14068,-0.888436,0.92376
rc_a33_point_primary_hn1,4,2069,14069,-0.487118,0.885629
rc_a33_point_primary_hn1,4,2070,14070,-0.722043,0.648177
rc_a33_point_primary_hn1,4,2071,14071,-0.656661,0.759239
rc_a33_point_primary_hn1,4,2072,14072,-1.22267,0.912311
rc_a33_point_primary_hn1,4,2073,14073,-1.76419,1.02451
rc_a33_point_primary_hn1,4,2074,14074,-0.921419,1.40467
rc_a33_point_primary_hn1,4,2075,14075,-1.0474,1.89543
rc_a33_point_primary_hn1,4,2076,14076,-0.9844,1.77408
rc_a33_point_primary_hn1,4,2077,14077,-1.00452,0.767212
rc_a33_point_primary_hn1,4,2078,14078,-0.920502,0.681789
rc_a33_point_primary_hn1,4,2079,14079,-0.982268,0.510608
rc_a33_point_primary_hn1,4,2080,14080,-0.862011,0.68795
rc_a33_point_primary_hn1,4,2081,14081,-1.01357,0.591318
rc_a33_point_primary_hn1,4,2082,14082,-0.719638,0.607156
rc_a33_point_primary_hn1,4,2083,14083,-0.740245,0.625242
rc_a33_point_primary_hn1,4,2084,14084,-0.578875,0.59416
rc_a33_point_primary_hn1,4,2085,14085,-0.747949,0.420305
rc_a33_point_primary_hn1,4,2086,14086,-0.935901,0.468211
rc_a33_point_primary_hn1,4,2087,14087,-0.88538,0.35319
rc_a33_point_primary_hn1,4,2088,14088,-0.918547,0.265376
rc_a33_point_primary_hn1,4,2089,14089,-0.948943,0.353102
rc_a33_point_primary_hn1,4,2090,14090,-0.786039,0.371832
rc_a33_point_primary_hn1,4,2091,14091,-0.679684,0.423873
rc_a33_point_primary_hn1,4,2092,14092,-0.705232,0.357827
rc_a33_point_primary_hn1,4,2093,14093,-0.647092,0.36207
rc_a33_point_primary_hn1,4,2094,14094,-0.70589,0.406774
rc_a33_point_primary_hn1,4,2095,14095,-0.723052,0.400779
rc_a33_point_primary_hn1,4,2096,14096,-0.628593,0.500337
rc_a33_point_primary_hn1,4,2097,14097,-0.546881,0.550882
rc_a33_point_primary_hn1,4,2098,14098,-0.694732,0.549644
rc_a33_point_primary_hn1,4,2099,14099,-0.453638,0.677182
rc_a33_point_primary_hn1,4,2100,14100,-0.533168,0.708241
rc_a33_point_primary_hn1,4,2101,14101,-0.717504,0.303502
rc_a33_point_primary_hn1,4,2102,14102,-0.665551,0.383257
rc_a33_point_primary_hn1,4,2103,14103,-0.488263,0.33304
rc_a33_point_primary_hn1,4,2104,14104,-0.421728,0.36304
rc_a33_point_primary_hn1,4,2105,14105,-0.789762,0.523577
rc_a33_point_primary_hn1,4,2106,14106,-0.494078,0.612819
rc_a33_point_primary_hn1,4,2107,14107,-0.52219,0.587917
rc_a33_point_primary_hn1,4,2108,14108,-0.774767,0.579582
rc_a33_point_primary_hn1,4,2109,14109,0.0224735,0.858269
rc_a33_point_primary_hn1,4,2110,14110,-0.178859,0.793195
rc_a33_point_primary_hn1,4,2111,14111,0.169061,2.04101
rc_a33_point_primary_hn1,4,2112,14112,0.292177,1.2762
rc_a33_point_primary_hn1,4,2113,14113,0.288889,1.3049
rc_a33_point_primary_hn1,4,2114,14114,-0.262171,0.706959
rc_a33_point_primary_hn1,4,2115,14115,-0.270385,0.691978
rc_a33_point_primary_hn1,4,2116,14116,-0.511423,0.679057
rc_a33_point_primary_hn1,4,2117,14117,-0.3902,0.657407
rc_a33_point_primary_hn1,4,2118,14118,-0.667489,0.945913
rc_a33_point_primary_hn1,4,2119,14119,-0.673441,1.01463
rc_a33_point_primary_hn1,4,2120,14120,-0.553599,1.13016
rc_a33_point_primary_hn1,4,2121,14121,-0.180956,0.982198
rc_a33_point_primary_hn1,4,2122,14122,-1.2209700000000001,1.17403
rc_a33_point_primary_hn1,4,2123,14123,-1.06883,1.03513
rc_a33_point_primary_hn1,4,2124,14124,-1.05048,0.737685
rc_a33_point_primary_hn1,4,2125,14125,-0.687724,0.357341
rc_a33_point_primary_hn1,4,2126,14126,-0.992849,0.552789
rc_a33_point_primary_hn1,4,2127,14127,-0.910848,0.707784
rc_a33_point_primary_hn1,4,2128,14128,-0.84285,0.620359
rc_a33_point_primary_hn1,4,2129,14129,-0.704783,0.551018
rc_a33_point_primary_hn1,4,2130,14130,-0.956099,0.815893
rc_a33_point_primary_hn1,4,2131,14131,-0.667901,0.397132
rc_a33_point_primary_hn1,4,2132,14132,-1.1988,0.949283
rc_a33_point_primary_hn1,4,2133,14133,-0.308916,0.640672
rc_a33_point_primary_hn1,4,2134,14134,-0.520906,0.403514
rc_a33_point_primary_hn1,4,2135,14135,-0.645414,0.457599
rc_a33_point_primary_hn1,4,2136,14136,-0.548137,0.547675
rc_a33_point_primary_hn1,4,2137,14137,-0.936626,0.680073
rc_a33_point_primary_hn1,4,2138,14138,-0.560844,0.341051
rc_a33_point_primary_hn1,4,2139,14139,-0.651424,0.354397
rc_a33_point_primary_hn1,4,2140,14140,-0.673731,0.477612
rc_a33_point_primary_hn1,4,2141,14141,-0.580248,0.30982
rc_a33_point_primary_hn1,4,2142,14142,-0.457032,1.48161
rc_a33_point_primary_hn1,4,2143,14143,-0.831274,0.589087
rc_a33_point_primary_hn1,4,2144,14144,-1.09731,0.739015
rc_a33_point_primary_hn1,4,2145,14145,-0.928599,0.766197
rc_a33_point_primary_hn1,4,2146,14146,-0.771684,0.38064
rc_a33_point_primary_hn1,4,2147,14147,-0.810528,0.54158
rc_a33_point_primary_hn1,4,2148,14148,-0.715341,0.525417
rc_a33_point_primary_hn1,4,2149,14149,-0.671132,0.514361
rc_a33_point_primary_hn1,4,2150,14150,-0.756348,0.288087
rc_a33_point_primary_hn1,4,2151,14151,-0.864274,0.37957
rc_a33_point_primary_hn1,4,2152,14152,-0.788523,0.326777
rc_a33_point_primary_hn1,4,2153,14153,-0.219195,0.884254
rc_a33_point_primary_hn1,4,2154,14154,-0.310762,0.500319
rc_a33_point_primary_hn1,4,2155,14155,-0.316449,0.548965
rc_a33_point_primary_hn1,4,2156,14156,-0.517797,0.37688
rc_a33_point_primary_hn1,4,2157,14157,-0.338795,0.642852
rc_a33_point_primary_hn1,4,2158,14158,-0.323308,0.309428
rc_a33_point_primary_hn1,4,2159,14159,-0.28663,0.324194
rc_a33_point_primary_hn1,4,2160,14160,-0.366623,0.634595
rc_a33_point_primary_hn1,4,2161,14161,-0.632905,0.708647
rc_a33_point_primary_hn1,4,2162,14162,-0.971041,0.499494
rc_a33_point_primary_hn1,4,2163,14163,-0.938672,0.497089
rc_a33_point_primary_hn1,4,2164,14164,-0.482596,0.450357
rc_a33_point_primary_hn1,4,2165,14165,-0.640004,0.433472
rc_a33_point_primary_hn1,4,2166,14166,-0.571757,0.459348
rc_a33_point_primary_hn1,4,2167,14167,-0.806456,0.503034
rc_a33_point_primary_hn1,4,2168,14168,-0.701574,0.552859
rc_a33_point_primary_hn1,4,2169,14169,-0.592128,0.656523
rc_a33_point_primary_hn1,4,2170,14170,-0.818683,0.749707
rc_a33_point_primary_hn1,4,2171,14171,-0.693744,0.556401
rc_a33_point_primary_hn1,4,2172,14172,-0.884451,0.569959
rc_a33_point_primary_hn1,4,2173,14173,-0.909181,0.516386
rc_a33_point_primary_hn1,4,2174,14174,-0.982821,0.438817
rc_a33_point_primary_hn1,4,2175,14175,-0.341405,0.692916
rc_a33_point_primary_hn1,4,2176,14176,-0.380777,0.894357
rc_a33_point_primary_hn1,4,2177,14177,-0.360699,0.815415
rc_a33_point_primary_hn1,4,2178,14178,-0.938719,0.691837
rc_a33_point_primary_hn1,4,2179,14179,-0.72947,0.5451
rc_a33_point_primary_hn1,4,2180,14180,-0.764214,0.52522
rc_a33_point_primary_hn1,4,2181,14181,-0.862521,0.604848
rc_a33_point_primary_hn1,4,2182,14182,-0.699988,1.19073
rc_a33_point_primary_hn1,4,2183,14183,-1.07245,0.701312
rc_a33_point_primary_hn1,4,2184,14184,-0.797304,0.877072
rc_a33_point_primary_hn1,4,2185,14185,-0.853327,0.917086
rc_a33_point_primary_hn1,4,2186,14186,-0.77064,0.937697
rc_a33_point_primary_hn1,4,2187,14187,-0.73869,0.903269
rc_a33_point_primary_hn1,4,2188,14188,-0.36199,0.777624
rc_a33_point_primary_hn1,4,2189,14189,-0.579622,0.491929
rc_a33_point_primary_hn1,4,2190,14190,-0.679487,0.435294
rc_a33_point_primary_hn1,4,2191,14191,-0.556505,0.477923
rc_a33_point_primary_hn1,4,2192,14192,-0.710974,0.464689
rc_a33_point_primary_hn1,4,2193,14193,-0.731266,0.303753
rc_a33_point_primary_hn1,4,2194,14194,-0.705577,0.600978
rc_a33_point_primary_hn1,4,2195,14195,-0.679328,0.512699
rc_a33_point_primary_hn1,4,2196,14196,-0.803599,0.503012
rc_a33_point_primary_hn1,4,2197,14197,-0.767284,0.509407
rc_a33_point_primary_hn1,4,2198,14198,-0.754567,0.50735
rc_a33_point_primary_hn1,4,2199,14199,-1.23699,0.688717
rc_a33_point_primary_hn1,4,2200,14200,-1.018,0.638
rc_a33_point_primary_hn1,4,2201,14201,-1.17712,0.802327
rc_a33_point_primary_hn1,4,2202,14202,-0.869787,0.760682
rc_a33_point_primary_hn1,4,2203,14203,-0.590839,0.367404
rc_a33_point_primary_hn1,4,2204,14204,-0.25928,0.401328
rc_a33_point_primary_hn1,4,2205,14205,-0.413138,0.359794
rc_a33_point_primary_hn1,4,2206,14206,-0.380463,0.355989
rc_a33_point_primary_hn1,4,2207,14207,-0.604361,0.319719
rc_a33_point_primary_hn1,4,2208,14208,-0.695404,0.35478
rc_a33_point_primary_hn1,4,2209,14209,-0.435409,0.512821
rc_a33_point_primary_hn1,4,2210,14210,-0.393784,0.527705
rc_a33_point_primary_hn1,4,2211,14211,-0.600798,0.503848
rc_a33_point_primary_hn1,4,2212,14212,-0.68959,0.501184
rc_a33_point_primary_hn1,4,2213,14213,-0.672753,0.44543
rc_a33_point_primary_hn1,4,2214,14214,-0.550453,0.628111
rc_a33_point_primary_hn1,4,2215,14215,-0.66954,0.549551
rc_a33_point_primary_hn1,4,2216,14216,-0.727608,0.567946
rc_a33_point_primary_hn1,4,2217,14217,-0.0822685,0.54631
rc_a33_point_primary_hn1,4,2218,14218,-0.0709526,0.562603
rc_a33_point_primary_hn1,4,2219,14219,-1.35812,0.688193
rc_a33_point_primary_hn1,4,2220,14220,-1.29369,0.533685
rc_a33_point_primary_hn1,4,2221,14221,-1.09973,0.333987
rc_a33_point_primary_hn1,4,2222,14222,-0.837405,0.311366
rc_a33_point_primary_hn1,4,2223,14223,-0.942311,0.472524
rc_a33_point_primary_hn1,4,2224,14224,-0.989693,0.583554
rc_a33_point_primary_hn1,4,2225,14225,-0.937358,0.202066
rc_a33_point_primary_hn1,4,2226,14226,-0.972829,0.507187
rc_a33_point_primary_hn1,4,2227,14227,-0.643666,0.826157
rc_a33_point_primary_hn1,4,2228,14228,-0.551812,0.774251
rc_a33_point_primary_hn1,4,2229,14229,-0.374883,0.674973
rc_a33_point_primary_hn1,4,2230,14230,-0.540878,0.510223
rc_a33_point_primary_hn1,4,2231,14231,-0.951718,0.557935
rc_a33_point_primary_hn1,4,2232,14232,-0.47547,0.514345
rc_a33_point_primary_hn1,4,2233,14233,-0.254135,0.490882
rc_a33_point_primary_hn1,4,2234,14234,-0.425077,0.479065
rc_a33_point_primary_hn1,4,2235,14235,-0.477327,0.419777
rc_a33_point_primary_hn1,4,2236,14236,-0.398472,0.469649
rc_a33_point_primary_hn1,4,2237,14237,-0.713351,0.887697
rc_a33_point_primary_hn1,4,2238,14238,-0.817513,0.675761
rc_a33_point_primary_hn1,4,2239,14239,-0.672856,0.46511
rc_a33_point_primary_hn1,4,2240,14240,-0.731102,0.420723
rc_a33_point_primary_hn1,4,2241,14241,-0.614465,0.35221
rc_a33_point_primary_hn1,4,2242,14242,-0.589526,0.430372
rc_a33_point_primary_hn1,4,2243,14243,-1.00152,0.308968
rc_a33_point_primary_hn1,4,2244,14244,-0.938228,0.48103
rc_a33_point_primary_hn1,4,2245,14245,-0.754571,0.352707
rc_a33_point_primary_hn1,4,2246,14246,-0.711077,0.340468
rc_a33_point_primary_hn1,4,2247,14247,-0.681055,0.433377
rc_a33_point_primary_hn1,4,2248,14248,-0.443038,0.564267
rc_a33_point_primary_hn1,4,2249,14249,-0.530207,0.58743
rc_a33_point_primary_hn1,4,2250,14250,-0.530664,0.703846
rc_a33_point_primary_hn1,4,2251,14251,-0.658006,0.310731
rc_a33_point_primary_hn1,4,2252,14252,-0.855229,0.362535
rc_a33_point_primary_hn1,4,2253,14253,-0.766326,0.446277
rc_a33_point_primary_hn1,4,2254,14254,-0.619296,0.688352
rc_a33_point_primary_hn1,4,2255,14255,-0.614267,1.60339
rc_a33_point_primary_hn1,4,2256,14256,-0.63195,1.59024
rc_a33_point_primary_hn1,4,2257,14257,-0.596399,1.46306
rc_a33_point_primary_hn1,4,2258,14258,-0.498969,0.541028
rc_a33_point_primary_hn1,4,2259,14259,-0.623899,0.488723
rc_a33_point_primary_hn1,4,2260,14260,-0.840059,0.393199
rc_a33_point_primary_hn1,4,2261,14261,-0.859726,0.393121
rc_a33_point_primary_hn1,4,2262,14262,-0.771434,0.567506
rc_a33_point_primary_hn1,4,2263,14263,-0.804677,0.580595
rc_a33_point_primary_hn1,4,2264,14264,-0.772015,0.371223
rc_a33_point_primary_hn1,4,2265,14265,-0.747554,0.37734
rc_a33_point_primary_hn1,4,2266,14266,-0.615623,0.350774
rc_a33_point_primary_hn1,4,2267,14267,-0.594737,0.378235
rc_a33_point_primary_hn1,4,2268,14268,-0.40632,0.512886
rc_a33_point_primary_hn1,4,2269,14269,-0.518427,0.5761
rc_a33_point_primary_hn1,4,2270,14270,-0.72417,0.300595
rc_a33_point_primary_hn1,4,2271,14271,-0.892794,0.508638
rc_a33_point_primary_hn1,4,2272,14272,-0.560956,0.386593
rc_a33_point_primary_hn1,4,2273,14273,-0.494789,0.568657
rc_a33_point_primary_hn1,4,2274,14274,-0.569197,0.923661
rc_a33_point_primary_hn1,4,2275,14275,-0.448026,0.842044
rc_a33_point_primary_hn1,4,2276,14276,-1.20003,0.48061
rc_a33_point_primary_hn1,4,2277,14277,-1.17765,0.374905
rc_a33_point_primary_hn1,4,2278,14278,-1.0007,0.385955
rc_a33_point_primary_hn1,4,2279,14279,-1.02208,0.446027
rc_a33_point_primary_hn1,4,2280,14280,-1.17673,0.629859
rc_a33_point_primary_hn1,4,2281,14281,-1.1352,0.637811
rc_a33_point_primary_hn1,4,2282,14282,-0.834872,0.358957
rc_a33_point_primary_hn1,4,2283,14283,-0.828337,0.503394
rc_a33_point_primary_hn1,4,2284,14284,-0.71844,0.448521
rc_a33_point_primary_hn1,4,2285,14285,-0.545558,0.5115
rc_a33_point_primary_hn1,4,2286,14286,-0.616871,0.648304
rc_a33_point_primary_hn1,4,2287,14287,-0.895636,0.911511
rc_a33_point_primary_hn1,4,2288,14288,-0.889973,0.854731
rc_a33_point_primary_hn1,4,2289,14289,-0.850585,0.630942
rc_a33_point_primary_hn1,4,2290,14290,-0.739064,0.604855
rc_a33_point_primary_hn1,4,2291,14291,-0.622806,0.424128
rc_a33_point_primary_hn1,4,2292,14292,-0.768915,0.552468
rc_a33_point_primary_hn1,4,2293,14293,-0.727813,0.449588
rc_a33_point_primary_hn1,4,2294,14294,-0.736581,0.415599
rc_a33_point_primary_hn1,4,2295,14295,-0.730857,0.401222
rc_a33_point_primary_hn1,4,2296,14296,-0.827449,0.435402
rc_a33_point_primary_hn1,4,2297,14297,-0.894923,0.502626
rc_a33_point_primary_hn1,4,2298,14298,-0.783065,0.681676
rc_a33_point_primary_hn1,4,2299,14299,-0.852799,0.789655
rc_a33_point_primary_hn1,4,2300,14300,-1.38604,0.72073
rc_a33_point_primary_hn1,4,2301,14301,-1.11922,0.335049
rc_a33_point_primary_hn1,4,2302,14302,-1.09048,0.359987
rc_a33_point_primary_hn1,4,2303,14303,-0.94725,0.364493
rc_a33_point_primary_hn1,4,2304,14304,-0.989913,0.739444
rc_a33_point_primary_hn1,4,2305,14305,-0.898889,0.410076
rc_a33_point_primary_hn1,4,2306,14306,-0.753715,0.339418
rc_a33_point_primary_hn1,4,2307,14307,-0.616255,0.459899
rc_a33_point_primary_hn1,4,2308,14308,-0.931544,0.535925
rc_a33_point_primary_hn1,4,2309,14309,-0.769578,0.905105
rc_a33_point_primary_hn1,4,2310,14310,-0.721937,1.02166
rc_a33_point_primary_hn1,4,2311,14311,-0.854046,0.635012
rc_a33_point_primary_hn1,4,2312,14312,-0.622967,0.674624
rc_a33_point_primary_hn1,4,2313,14313,-0.810696,0.809091
rc_a33_point_primary_hn1,4,2314,14314,-0.810688,0.733859
rc_a33_point_primary_hn1,4,2315,14315,-0.798754,0.961973
rc_a33_point_primary_hn1,4,2316,14316,-0.588536,0.635207
rc_a33_point_primary_hn1,4,2317,14317,-0.476224,0.617865
rc_a33_point_primary_hn1,4,2318,14318,-0.682648,0.703317
rc_a33_point_primary_hn1,4,2319,14319,-0.808622,0.541368
rc_a33_point_primary_hn1,4,2320,14320,-0.666148,0.539861
rc_a33_point_primary_hn1,4,2321,14321,-0.97184,0.857836
rc_a33_point_primary_hn1,4,2322,14322,-0.858079,0.494906
rc_a33_point_primary_hn1,4,2323,14323,-0.755388,0.573975
rc_a33_point_primary_hn1,4,2324,14324,-0.52954,0.569658
rc_a33_point_primary_hn1,4,2325,14325,-0.642052,0.432158
rc_a33_point_primary_hn1,4,2326,14326,-0.649411,0.492148
rc_a33_point_primary_hn1,4,2327,14327,-0.54179600000000006,0.538686
rc_a33_point_primary_hn1,4,2328,14328,-0.348409,0.655096
rc_a33_point_primary_hn1,4,2329,14329,-0.38928,0.756709
rc_a33_point_primary_hn1,4,2330,14330,-0.78560700000000006,0.933338
rc_a33_point_primary_hn1,4,2331,14331,-0.566128,0.623395
rc_a33_point_primary_hn1,4,2332,14332,-0.700652,0.7317
rc_a33_point_primary_hn1,4,2333,14333,-0.898091,0.651133
rc_a33_point_primary_hn1,4,2334,14334,-0.877608,0.583923
rc_a33_point_primary_hn1,4,2335,14335,-0.842035,0.59074
rc_a33_point_primary_hn1,4,2336,14336,-0.480418,0.671471
rc_a33_point_primary_hn1,4,2337,14337,-0.00246432,0.803095
rc_a33_point_primary_hn1,4,2338,14338,0.113649,0.862516
rc_a33_point_primary_hn1,4,2339,14339,-0.262899,1.29277
rc_a33_point_primary_hn1,4,2340,14340,-0.446513,0.630508
rc_a33_point_primary_hn1,4,2341,14341,-0.370764,0.714671
rc_a33_point_primary_hn1,4,2342,14342,-0.435391,0.726063
rc_a33_point_primary_hn1,4,2343,14343,-0.490542,0.722378
rc_a33_point_primary_hn1,4,2344,14344,-1.13008,0.427595
rc_a33_point_primary_hn1,4,2345,14345,-0.880073,0.864783
rc_a33_point_primary_hn1,4,2346,14346,-0.87788,0.786583
rc_a33_point_primary_hn1,4,2347,14347,-0.666553,0.482429
rc_a33_point_primary_hn1,4,2348,14348,-0.656213,0.474001
rc_a33_point_primary_hn1,4,2349,14349,-0.796678,0.443933
rc_a33_point_primary_hn1,4,2350,14350,-1.0793,0.58242
rc_a33_point_primary_hn1,4,2351,14351,-1.0567,0.58455
rc_a33_point_primary_hn1,4,2352,14352,-0.518582,0.565892
rc_a33_point_primary_hn1,4,2353,14353,-0.756301,0.925115
rc_a33_point_primary_hn1,4,2354,14354,-1.25899,0.79863
rc_a33_point_primary_hn1,4,2355,14355,-1.44316,0.893504
rc_a33_point_primary_hn1,4,2356,14356,-1.22015,1.2371
rc_a33_point_primary_hn1,4,2357,14357,-1.1895,1.48347
rc_a33_point_primary_hn1,4,2358,14358,-0.337628,0.525523
rc_a33_point_primary_hn1,4,2359,14359,-0.523411,0.597548
rc_a33_point_primary_hn1,4,2360,14360,-0.592866,0.885101
rc_a33_point_primary_hn1,4,2361,14361,-1.17561,0.358535
rc_a33_point_primary_hn1,4,2362,14362,-1.14054,0.366193
rc_a33_point_primary_hn1,4,2363,14363,-1.19019,0.257174
rc_a33_point_primary_hn1,4,2364,14364,-0.177369,0.38376
rc_a33_point_primary_hn1,4,2365,14365,-1.07897,0.783565
rc_a33_point_primary_hn1,4,2366,14366,-0.665112,0.396195
rc_a33_point_primary_hn1,4,2367,14367,-0.721942,0.464753
rc_a33_point_primary_hn1,4,2368,14368,-0.621398,0.547166
rc_a33_point_primary_hn1,4,2369,14369,-0.671256,0.488219
rc_a33_point_primary_hn1,4,2370,14370,-0.469663,0.547998
rc_a33_point_primary_hn1,4,2371,14371,-0.616469,0.570222
rc_a33_point_primary_hn1,4,2372,14372,-0.276627,0.626314
rc_a33_point_primary_hn1,4,2373,14373,-0.0846752,0.665245
rc_a33_point_primary_hn1,4,2374,14374,-0.531796,0.672309
rc_a33_point_primary_hn1,4,2375,14375,-0.258382,0.755809
rc_a33_point_primary_hn1,4,2376,14376,-0.44589,0.609899
rc_a33_point_primary_hn1,4,2377,14377,-0.696107,0.847516
rc_a33_point_primary_hn1,4,2378,14378,-0.6266,0.572383
rc_a33_point_primary_hn1,4,2379,14379,-0.652226,0.754873
rc_a33_point_primary_hn1,4,2380,14380,-0.276626,0.681484
rc_a33_point_primary_hn1,4,2381,14381,-0.348007,0.845919
rc_a33_point_primary_hn1,4,2382,14382,-0.340787,0.739809
rc_a33_point_primary_hn1,4,2383,14383,-0.534956,0.748274
rc_a33_point_primary_hn1,4,2384,14384,-0.547548,0.76055
rc_a33_point_primary_hn1,4,2385,14385,-0.535236,0.905088
rc_a33_point_primary_hn1,4,2386,14386,-0.680967,0.466496
rc_a33_point_primary_hn1,4,2387,14387,-0.830411,0.661778
rc_a33_point_primary_hn1,4,2388,14388,-0.853886,0.417191
rc_a33_point_primary_hn1,4,2389,14389,-0.928425,0.527887
rc_a33_point_primary_hn1,4,2390,14390,-1.08894,0.518911
rc_a33_point_primary_hn1,4,2391,14391,-1.17923,0.623913
rc_a33_point_primary_hn1,4,2392,14392,-0.972309,0.463141
rc_a33_point_primary_hn1,4,2393,14393,-1.31676,0.508622
rc_a33_point_primary_hn1,4,2394,14394,-0.753222,0.303128
rc_a33_point_primary_hn1,4,2395,14395,-0.953649,0.623124
rc_a33_point_primary_hn1,4,2396,14396,-0.784187,0.327507
rc_a33_point_primary_hn1,4,2397,14397,-0.647299,0.454733
rc_a33_point_primary_hn1,4,2398,14398,-0.407918,0.403766
rc_a33_point_primary_hn1,4,2399,14399,-0.546922,0.412133
rc_a33_point_primary_hn1,4,2400,14400,-0.802606,0.439409
rc_a33_point_primary_hn1,4,2401,14401,-0.747749,0.326257
rc_a33_point_primary_hn1,4,2402,14402,-0.721599,0.425505
rc_a33_point_primary_hn1,4,2403,14403,-0.722417,0.294444
rc_a33_point_primary_hn1,4,2404,14404,-0.91083,0.564447
rc_a33_point_primary_hn1,4,2405,14405,-0.944712,0.390018
rc_a33_point_primary_hn1,4,2406,14406,-0.941155,0.465576
rc_a33_point_primary_hn1,4,2407,14407,-0.859185,0.535836
rc_a33_point_primary_hn1,4,2408,14408,-0.926312,0.354883
rc_a33_point_primary_hn1,4,2409,14409,-1.1606,0.544759
rc_a33_point_primary_hn1,4,2410,14410,-0.998583,0.497369
rc_a33_point_primary_hn1,4,2411,14411,-0.844257,0.523881
rc_a33_point_primary_hn1,4,2412,14412,-0.809736,0.569069
rc_a33_point_primary_hn1,4,2413,14413,-0.654638,0.419151
rc_a33_point_primary_hn1,4,2414,14414,-0.930066,0.36931
rc_a33_point_primary_hn1,4,2415,14415,-1.05581,0.386086
rc_a33_point_primary_hn1,4,2416,14416,-0.992806,0.317164
rc_a33_point_primary_hn1,4,2417,14417,-1.01713,0.378663
rc_a33_point_primary_hn1,4,2418,14418,-0.960739,0.342772
rc_a33_point_primary_hn1,4,2419,14419,-1.0217,0.391133
rc_a33_point_primary_hn1,4,2420,14420,-1.06047,0.802278
rc_a33_point_primary_hn1,4,2421,14421,-0.924916,0.490403
rc_a33_point_primary_hn1,4,2422,14422,-0.729612,0.407972
rc_a33_point_primary_hn1,4,2423,14423,-0.641047,0.324178
rc_a33_point_primary_hn1,4,2424,14424,-0.629074,1.19423
rc_a33_point_primary_hn1,4,2425,14425,-0.374425,0.56015
rc_a33_point_primary_hn1,4,2426,14426,-0.430524,0.696383
rc_a33_point_primary_hn1,4,2427,14427,-0.439409,0.680168
rc_a33_point_primary_hn1,4,2428,14428,-0.712784,0.620818
rc_a33_point_primary_hn1,4,2429,14429,-0.465286,0.474636
rc_a33_point_primary_hn1,4,2430,14430,-0.923824,0.302841
rc_a33_point_primary_hn1,4,2431,14431,-0.738598,0.355988
rc_a33_point_primary_hn1,4,2432,14432,-0.68433600000000006,0.441553
rc_a33_point_primary_hn1,4,2433,14433,-0.658333,0.613946
rc_a33_point_primary_hn1,4,2434,14434,-0.713479,1.15387
rc_a33_point_primary_hn1,4,2435,14435,-1.23428,0.743241
rc_a33_point_primary_hn1,4,2436,14436,-0.980215,0.629389
rc_a33_point_primary_hn1,4,2437,14437,-1.10775,0.579157
rc_a33_point_primary_hn1,4,2438,14438,-1.12112,0.536531
rc_a33_point_primary_hn1,4,2439,14439,-0.562499,1.16681
rc_a33_point_primary_hn1,4,2440,14440,-0.853648,0.486014
rc_a33_point_primary_hn1,4,2441,14441,-0.77714,0.547814
rc_a33_point_primary_hn1,4,2442,14442,-0.669694,0.59164
rc_a33_point_primary_hn1,4,2443,14443,-1.07841,1.24303
rc_a33_point_primary_hn1,4,2444,14444,-0.908009,0.398088
rc_a33_point_primary_hn1,4,2445,14445,-0.913764,0.482719
rc_a33_point_primary_hn1,4,2446,14446,-1.00172,0.433696
rc_a33_point_primary_hn1,4,2447,14447,-1.3308,0.437477
rc_a33_point_primary_hn1,4,2448,14448,-1.24304,0.402821
rc_a33_point_primary_hn1,4,2449,14449,-1.06447,0.424433
rc_a33_point_primary_hn1,4,2450,14450,-1.04422,0.402646
rc_a33_point_primary_hn1,4,2451,14451,-1.10217,0.51205
rc_a33_point_primary_hn1,4,2452,14452,-1.01043,0.563473
rc_a33_point_primary_hn1,4,2453,14453,-1.21169,0.626062
rc_a33_point_primary_hn1,4,2454,14454,-0.882908,0.267656
rc_a33_point_primary_hn1,4,2455,14455,-0.561929,0.460862
rc_a33_point_primary_hn1,4,2456,14456,-0.654327,0.688197
rc_a33_point_primary_hn1,4,2457,14457,-0.609842,0.360598
rc_a33_point_primary_hn1,4,2458,14458,-0.709956,0.365643
rc_a33_point_primary_hn1,4,2459,14459,-0.733247,0.379135
rc_a33_point_primary_hn1,4,2460,14460,-0.578996,0.517042
rc_a33_point_primary_hn1,4,2461,14461,-0.719521,0.468537
rc_a33_point_primary_hn1,4,2462,14462,-0.859591,0.214167
rc_a33_point_primary_hn1,4,2463,14463,-1.16567,0.355776
rc_a33_point_primary_hn1,4,2464,14464,-1.0562,0.332174
rc_a33_point_primary_hn1,4,2465,14465,-1.05238,0.378178
rc_a33_point_primary_hn1,4,2466,14466,-1.04737,0.40464
rc_a33_point_primary_hn1,4,2467,14467,-0.619052,0.736193
rc_a33_point_primary_hn1,4,2468,14468,-0.458983,0.786348
rc_a33_point_primary_hn1,4,2469,14469,-0.441993,0.711487
rc_a33_point_primary_hn1,4,2470,14470,-0.970836,0.675384
rc_a33_point_primary_hn1,4,2471,14471,-1.07365,0.686856
rc_a33_point_primary_hn1,4,2472,14472,-1.26349,0.631265
rc_a33_point_primary_hn1,4,2473,14473,-0.824949,1.09003
rc_a33_point_primary_hn1,4,2474,14474,-0.474718,1.00342
rc_a33_point_primary_hn1,4,2475,14475,-0.604403,0.963051
rc_a33_point_primary_hn1,4,2476,14476,-0.500379,0.836928
rc_a33_point_primary_hn1,4,2477,14477,-1.00934,0.902599
rc_a33_point_primary_hn1,4,2478,14478,-0.963766,0.428847
rc_a33_point_primary_hn1,4,2479,14479,-0.611027,0.36922
rc_a33_point_primary_hn1,4,2480,14480,-0.88128,0.559806
rc_a33_point_primary_hn1,4,2481,14481,-0.737438,0.451606
rc_a33_point_primary_hn1,4,2482,14482,-0.751282,0.44527
rc_a33_point_primary_hn1,4,2483,14483,-0.97465,0.407329
rc_a33_point_primary_hn1,4,2484,14484,-0.683121,0.641729
rc_a33_point_primary_hn1,4,2485,14485,-0.377158,0.58526
rc_a33_point_primary_hn1,4,2486,14486,-0.290896,0.650147
rc_a33_point_primary_hn1,4,2487,14487,-0.372,0.542955
rc_a33_point_primary_hn1,4,2488,14488,-0.305171,0.582351
rc_a33_point_primary_hn1,4,2489,14489,-0.120895,0.556789
rc_a33_point_primary_hn1,4,2490,14490,0.0414443,0.858206
rc_a33_point_primary_hn1,4,2491,14491,-0.394018,0.442739
rc_a33_point_primary_hn1,4,2492,14492,-0.04131,0.726248
rc_a33_point_primary_hn1,4,2493,14493,-0.059634,0.776868
rc_a33_point_primary_hn1,4,2494,14494,-0.101237,0.796277
rc_a33_point_primary_hn1,4,2495,14495,-0.22952,0.600925
rc_a33_point_primary_hn1,4,2496,14496,-0.276046,0.751891
rc_a33_point_primary_hn1,4,2497,14497,-0.801282,0.72502
rc_a33_point_primary_hn1,4,2498,14498,-0.174063,0.578016
rc_a33_point_primary_hn1,4,2499,14499,-0.152774,0.561014
rc_a33_point_primary_hn1,4,2500,14500,-0.379095,0.536529
rc_a33_point_primary_hn1,4,2501,14501,-0.79323,0.782876
rc_a33_point_primary_hn1,4,2502,14502,-0.762993,0.954685
rc_a33_point_primary_hn1,4,2503,14503,-0.704661,0.817906
rc_a33_point_primary_hn1,4,2504,14504,-0.564892,0.801648
rc_a33_point_primary_hn1,4,2505,14505,-0.594831,0.705813
rc_a33_point_primary_hn1,4,2506,14506,-0.595533,0.690587
rc_a33_point_primary_hn1,4,2507,14507,-0.565275,0.663137
rc_a33_point_primary_hn1,4,2508,14508,-0.514282,0.655037
rc_a33_point_primary_hn1,4,2509,14509,-0.709652,0.546651
rc_a33_point_primary_hn1,4,2510,14510,-0.630265,0.918457
rc_a33_point_primary_hn1,4,2511,14511,-0.839151,0.717983
rc_a33_point_primary_hn1,4,2512,14512,-0.563362,0.749664
rc_a33_point_primary_hn1,4,2513,14513,-0.662742,0.753575
rc_a33_point_primary_hn1,4,2514,14514,-0.581487,0.673988
rc_a33_point_primary_hn1,4,2515,14515,-0.463131,0.743992
rc_a33_point_primary_hn1,4,2516,14516,-1.02956,0.452173
rc_a33_point_primary_hn1,4,2517,14517,-0.804164,0.252469
rc_a33_point_primary_hn1,4,2518,14518,-0.854288,0.431355
rc_a33_point_primary_hn1,4,2519,14519,-0.716292,0.533468
rc_a33_point_primary_hn1,4,2520,14520,-0.523093,0.578813
rc_a33_point_primary_hn1,4,2521,14521,-0.618355,0.472449
rc_a33_point_primary_hn1,4,2522,14522,-1.0903,0.487112
rc_a33_point_primary_hn1,4,2523,14523,-1.0499,0.555384
rc_a33_point_primary_hn1,4,2524,14524,-0.892402,1.7218
rc_a33_point_primary_hn1,4,2525,14525,-0.979996,1.55253
rc_a33_point_primary_hn1,4,2526,14526,-0.878919,1.46309
rc_a33_point_primary_hn1,4,2527,14527,-0.559316,0.967795
rc_a33_point_primary_hn1,4,2528,14528,-0.715191,0.727293
rc_a33_point_primary_hn1,4,2529,14529,-0.655074,0.727168
rc_a33_point_primary_hn1,4,2530,14530,-0.48644,0.698957
rc_a33_point_primary_hn1,4,2531,14531,-0.622051,1.06565
rc_a33_point_primary_hn1,4,2532,14532,-0.594879,0.877123
rc_a33_point_primary_hn1,4,2533,14533,-0.306066,1.1244
rc_a33_point_primary_hn1,4,2534,14534,-0.921813,0.517235
rc_a33_point_primary_hn1,4,2535,14535,-0.807548,0.444664
rc_a33_point_primary_hn1,4,2536,14536,-0.700934,0.461658
rc_a33_point_primary_hn1,4,2537,14537,-1.02555,0.276906
rc_a33_point_primary_hn1,4,2538,14538,-0.880795,0.484229
rc_a33_point_primary_hn1,4,2539,14539,-0.747708,0.423678
rc_a33_point_primary_hn1,4,2540,14540,-0.733212,0.490237
rc_a33_point_primary_hn1,4,2541,14541,-0.787491,0.479746
rc_a33_point_primary_hn1,4,2542,14542,-0.788389,0.578312
rc_a33_point_primary_hn1,4,2543,14543,-0.767631,0.588972
rc_a33_point_primary_hn1,4,2544,14544,-0.814742,0.389108
rc_a33_point_primary_hn1,4,2545,14545,-0.98711,0.527596
rc_a33_point_primary_hn1,4,2546,14546,-0.901783,0.547134
rc_a33_point_primary_hn1,4,2547,14547,-0.956631,0.669774
rc_a33_point_primary_hn1,4,2548,14548,-0.832462,0.642
rc_a33_point_primary_hn1,4,2549,14549,-0.746576,0.492844
rc_a33_point_primary_hn1,4,2550,14550,-0.779523,0.546768
rc_a33_point_primary_hn1,4,2551,14551,-1.18556,0.592778
rc_a33_point_primary_hn1,4,2552,14552,-0.96239,0.530383
rc_a33_point_primary_hn1,4,2553,14553,-1.22138,0.54416
rc_a33_point_primary_hn1,4,2554,14554,-1.04309,0.681994
rc_a33_point_primary_hn1,4,2555,14555,-0.7669,0.53911
rc_a33_point_primary_hn1,4,2556,14556,-0.962822,0.699006
rc_a33_point_primary_hn1,4,2557,14557,-0.69715800000000006,0.26745
rc_a33_point_primary_hn1,4,2558,14558,-0.863616,0.373457
rc_a33_point_primary_hn1,4,2559,14559,-0.844407,0.297105
rc_a33_point_primary_hn1,4,2560,14560,-0.960307,0.552163
rc_a33_point_primary_hn1,4,2561,14561,-0.907314,0.346561
rc_a33_point_primary_hn1,4,2562,14562,-0.855456,0.45499
rc_a33_point_primary_hn1,4,2563,14563,-0.4286,0.56014
rc_a33_point_primary_hn1,4,2564,14564,-0.67961,0.797414
rc_a33_point_primary_hn1,4,2565,14565,-0.525467,0.267815
rc_a33_point_primary_hn1,4,2566,14566,-0.479375,0.357241
rc_a33_point_primary_hn1,4,2567,14567,-0.698245,0.48485
rc_a33_point_primary_hn1,4,2568,14568,-0.765549,0.35839
rc_a33_point_primary_hn1,4,2569,14569,-0.81631,0.334629
rc_a33_point_primary_hn1,4,2570,14570,-0.777251,0.55366
rc_a33_point_primary_hn1,4,2571,14571,-0.833968,0.568599
rc_a33_point_primary_hn1,4,2572,14572,-0.725749,0.737636
rc_a33_point_primary_hn1,4,2573,14573,-0.857432,0.570793
rc_a33_point_primary_hn1,4,2574,14574,-0.749788,0.428417
rc_a33_point_primary_hn1,4,2575,14575,-0.819918,0.413439
rc_a33_point_primary_hn1,4,2576,14576,-0.846942,0.428985
rc_a33_point_primary_hn1,4,2577,14577,-0.879215,0.496487
rc_a33_point_primary_hn1,4,2578,14578,-0.973926,0.461696
rc_a33_point_primary_hn1,4,2579,14579,-0.854207,1.23924
rc_a33_point_primary_hn1,4,2580,14580,-0.894536,1.15277
rc_a33_point_primary_hn1,4,2581,14581,-0.721824,0.681693
rc_a33_point_primary_hn1,4,2582,14582,-0.745193,0.79376
rc_a33_point_primary_hn1,4,2583,14583,-0.847163,0.973723
rc_a33_point_primary_hn1,4,2584,14584,-0.875324,1.00594
rc_a33_point_primary_hn1,4,2585,14585,-0.776004,1.14678
rc_a33_point_primary_hn1,4,2586,14586,0.182428,1.45881
rc_a33_point_primary_hn1,4,2587,14587,0.112563,1.4128
rc_a33_point_primary_hn1,4,2588,14588,-0.470191,0.782032
rc_a33_point_primary_hn1,4,2589,14589,-0.73197,0.502823
rc_a33_point_primary_hn1,4,2590,14590,-0.996562,0.603783
rc_a33_point_primary_hn1,4,2591,14591,-0.978437,0.57064
rc_a33_point_primary_hn1,4,2592,14592,-0.841499,0.365408
rc_a33_point_primary_hn1,4,2593,14593,-0.877318,0.366032
rc_a33_point_primary_hn1,4,2594,14594,-0.774094,0.289818
rc_a33_point_primary_hn1,4,2595,14595,-0.840097,0.298866
rc_a33_point_primary_hn1,4,2596,14596,-0.835345,0.240033
rc_a33_point_primary_hn1,4,2597,14597,-0.874494,0.596034
rc_a33_point_primary_hn1,4,2598,14598,-0.809105,0.529256
rc_a33_point_primary_hn1,4,2599,14599,-0.56002,0.719908
rc_a33_point_primary_hn1,4,2600,14600,-0.726817,0.528842
rc_a33_point_primary_hn1,4,2601,14601,-0.980586,0.583991
rc_a33_point_primary_hn1,4,2602,14602,-0.847966,0.636746
rc_a33_point_primary_hn1,4,2603,14603,-0.981857,0.59351
rc_a33_point_primary_hn1,4,2604,14604,-1.03758,0.802281
rc_a33_point_primary_hn1,4,2605,14605,-0.91961,0.542017
rc_a33_point_primary_hn1,4,2606,14606,-1.14775,0.572663
rc_a33_point_primary_hn1,4,2607,14607,-1.05522,0.808057
rc_a33_point_primary_hn1,4,2608,14608,-1.221,0.938169
rc_a33_point_primary_hn1,4,2609,14609,-1.21171,0.538878
rc_a33_point_primary_hn1,4,2610,14610,-0.631027,0.596481
rc_a33_point_primary_hn1,4,2611,14611,-0.473283,0.553909
rc_a33_point_primary_hn1,4,2612,14612,-0.445257,0.612523
rc_a33_point_primary_hn1,4,2613,14613,-0.693176,0.355919
rc_a33_point_primary_hn1,4,2614,14614,-0.610634,0.499678
rc_a33_point_primary_hn1,4,2615,14615,-0.57595,0.469588
rc_a33_point_primary_hn1,4,2616,14616,-0.523032,0.591877
rc_a33_point_primary_hn1,4,2617,14617,-0.403623,0.645184
rc_a33_point_primary_hn1,4,2618,14618,-0.729842,0.603872
rc_a33_point_primary_hn1,4,2619,14619,-0.913878,0.353236
rc_a33_point_primary_hn1,4,2620,14620,-1.19533,0.63538
rc_a33_point_primary_hn1,4,2621,14621,-0.624464,0.333373
rc_a33_point_primary_hn1,4,2622,14622,-0.802432,0.382253
rc_a33_point_primary_hn1,4,2623,14623,-1.08216,0.422869
rc_a33_point_primary_hn1,4,2624,14624,-0.787263,0.549857
rc_a33_point_primary_hn1,4,2625,14625,-0.754493,0.665727
rc_a33_point_primary_hn1,4,2626,14626,-0.93477,0.548291
rc_a33_point_primary_hn1,4,2627,14627,-0.796656,0.73068
rc_a33_point_primary_hn1,4,2628,14628,-0.881976,0.715688
rc_a33_point_primary_hn1,4,2629,14629,-1.00756,0.663036
rc_a33_point_primary_hn1,4,2630,14630,-0.825567,0.441041
rc_a33_point_primary_hn1,4,2631,14631,-0.942412,0.493352
rc_a33_point_primary_hn1,4,2632,14632,-0.772418,0.59941
rc_a33_point_primary_hn1,4,2633,14633,-0.844438,0.567257
rc_a33_point_primary_hn1,4,2634,14634,-0.618997,0.481153
rc_a33_point_primary_hn1,4,2635,14635,-0.575768,0.328873
rc_a33_point_primary_hn1,4,2636,14636,-0.775711,0.496296
rc_a33_point_primary_hn1,4,2637,14637,-0.719145,0.78204
rc_a33_point_primary_hn1,4,2638,14638,-0.71351,0.678685
rc_a33_point_primary_hn1,4,2639,14639,-0.660096,0.725218
rc_a33_point_primary_hn1,4,2640,14640,-0.578997,0.969194
rc_a33_point_primary_hn1,4,2641,14641,-0.609472,1.00521
rc_a33_point_primary_hn1,4,2642,14642,-0.642536,1.14563
rc_a33_point_primary_hn1,4,2643,14643,-0.571754,1.11172
rc_a33_point_primary_hn1,4,2644,14644,-0.477812,1.13526
rc_a33_point_primary_hn1,4,2645,14645,-0.436809,1.20331
rc_a33_point_primary_hn1,4,2646,14646,-0.621617,1.04913
rc_a33_point_primary_hn1,4,2647,14647,-0.683121,0.929443
rc_a33_point_primary_hn1,4,2648,14648,-0.762647,0.530161
rc_a33_point_primary_hn1,4,2649,14649,-0.697119,0.819198
rc_a33_point_primary_hn1,4,2650,14650,-0.81769,0.776892
rc_a33_point_primary_hn1,4,2651,14651,-0.921169,0.815647
rc_a33_point_primary_hn1,4,2652,14652,-0.853952,0.764463
rc_a33_point_primary_hn1,4,2653,14653,-0.911626,0.659512
rc_a33_point_primary_hn1,4,2654,14654,-0.96334,0.405723
rc_a33_point_primary_hn1,4,2655,14655,-0.935602,0.32883
rc_a33_point_primary_hn1,4,2656,14656,-1.05408,0.420196
rc_a33_point_primary_hn1,4,2657,14657,-0.457711,0.509648
rc_a33_point_primary_hn1,4,2658,14658,-0.521347,0.541707
rc_a33_point_primary_hn1,4,2659,14659,-1.03025,0.617564
rc_a33_point_primary_hn1,4,2660,14660,-0.958788,0.741787
rc_a33_point_primary_hn1,4,2661,14661,-1.03678,0.72756
rc_a33_point_primary_hn1,4,2662,14662,-1.01414,0.934196
rc_a33_point_primary_hn1,4,2663,14663,-0.853835,0.680433
rc_a33_point_primary_hn1,4,2664,14664,-0.817855,0.546975
rc_a33_point_primary_hn1,4,2665,14665,-1.32084,0.898647
rc_a33_point_primary_hn1,4,2666,14666,-1.28034,0.833347
rc_a33_point_primary_hn1,4,2667,14667,-1.15204,0.500301
rc_a33_point_primary_hn1,4,2668,14668,-1.38397,0.535798
rc_a33_point_primary_hn1,4,2669,14669,-1.23653,0.609596
rc_a33_point_primary_hn1,4,2670,14670,-1.03991,0.506681
rc_a33_point_primary_hn1,4,2671,14671,-0.959663,0.541234
rc_a33_point_primary_hn1,4,2672,14672,-0.962861,0.697416
rc_a33_point_primary_hn1,4,2673,14673,-1.06562,0.948818
rc_a33_point_primary_hn1,4,2674,14674,-1.40933,0.931333
rc_a33_point_primary_hn1,4,2675,14675,-1.37826,0.945652
rc_a33_point_primary_hn1,4,2676,14676,-0.791076,0.277557
rc_a33_point_primary_hn1,4,2677,14677,-0.879791,0.336334
rc_a33_point_primary_hn1,4,2678,14678,-0.879406,0.348904
rc_a33_point_primary_hn1,4,2679,14679,-0.810662,0.268272
rc_a33_point_primary_hn1,4,2680,14680,-0.463513,0.800724
rc_a33_point_primary_hn1,4,2681,14681,-0.665287,0.678717
rc_a33_point_primary_hn1,4,2682,14682,-1.27287,0.881574
rc_a33_point_primary_hn1,4,2683,14683,-0.59006,0.503441
rc_a33_point_primary_hn1,4,2684,14684,-0.520894,0.563365
rc_a33_point_primary_hn1,4,2685,14685,-0.695875,0.459111
rc_a33_point_primary_hn1,4,2686,14686,-0.606472,0.48331
rc_a33_point_primary_hn1,4,2687,14687,-0.754567,0.421491
rc_a33_point_primary_hn1,4,2688,14688,-0.648137,0.544874
rc_a33_point_primary_hn1,4,2689,14689,-0.966816,0.694679
rc_a33_point_primary_hn1,4,2690,14690,-0.848594,0.566646
rc_a33_point_primary_hn1,4,2691,14691,-0.794258,0.508916
rc_a33_point_primary_hn1,4,2692,14692,-1.05071,0.64374
rc_a33_point_primary_hn1,4,2693,14693,-0.655567,0.473754
rc_a33_point_primary_hn1,4,2694,14694,-1.07178,0.937536
rc_a33_point_primary_hn1,4,2695,14695,-0.737352,0.422094
rc_a33_point_primary_hn1,4,2696,14696,-0.818529,0.496451
rc_a33_point_primary_hn1,4,2697,14697,-0.8486,0.483595
rc_a33_point_primary_hn1,4,2698,14698,-0.837241,0.4802
rc_a33_point_primary_hn1,4,2699,14699,-0.777113,0.73131
rc_a33_point_primary_hn1,4,2700,14700,-0.800057,0.59444
rc_a33_point_primary_hn1,4,2701,14701,-0.845401,0.621854
rc_a33_point_primary_hn1,4,2702,14702,-0.692052,0.627427
rc_a33_point_primary_hn1,4,2703,14703,-0.603956,0.839356
rc_a33_point_primary_hn1,4,2704,14704,-1.07385,1.11897
rc_a33_point_primary_hn1,4,2705,14705,-0.999681,1.21643
rc_a33_point_primary_hn1,4,2706,14706,-0.955653,0.888286
rc_a33_point_primary_hn1,4,2707,14707,-0.982478,1.03677
rc_a33_point_primary_hn1,4,2708,14708,-0.97171,0.943884
rc_a33_point_primary_hn1,4,2709,14709,-0.95843,1.01152
rc_a33_point_primary_hn1,4,2710,14710,-0.844691,0.79587
rc_a33_point_primary_hn1,4,2711,14711,-0.842836,0.729085
rc_a33_point_primary_hn1,4,2712,14712,-0.87017,0.68838
rc_a33_point_primary_hn1,4,2713,14713,-0.86757,0.602306
rc_a33_point_primary_hn1,4,2714,14714,-0.812684,0.550429
rc_a33_point_primary_hn1,4,2715,14715,-0.500409,0.812708
rc_a33_point_primary_hn1,4,2716,14716,-0.592061,0.935327
rc_a33_point_primary_hn1,4,2717,14717,-0.621336,0.938359
rc_a33_point_primary_hn1,4,2718,14718,-0.604616,0.888222
rc_a33_point_primary_hn1,4,2719,14719,-0.839785,0.717633
rc_a33_point_primary_hn1,4,2720,14720,-0.824733,0.841789
rc_a33_point_primary_hn1,4,2721,14721,-0.855184,1.11039
rc_a33_point_primary_hn1,4,2722,14722,-0.850533,0.752213
rc_a33_point_primary_hn1,4,2723,14723,-0.935849,0.743217
rc_a33_point_primary_hn1,4,2724,14724,-0.876565,0.719928
rc_a33_point_primary_hn1,4,2725,14725,-1.0319,0.70850900000000006
rc_a33_point_primary_hn1,4,2726,14726,-0.710152,0.645063
rc_a33_point_primary_hn1,4,2727,14727,-0.915058,0.583826
rc_a33_point_primary_hn1,4,2728,14728,-0.556006,0.490813
rc_a33_point_primary_hn1,4,2729,14729,-0.600751,0.557199
rc_a33_point_primary_hn1,4,2730,14730,-0.834151,0.435395
rc_a33_point_primary_hn1,4,2731,14731,-0.797275,0.35654
rc_a33_point_primary_hn1,4,2732,14732,-0.845349,0.532959
rc_a33_point_primary_hn1,4,2733,14733,-1.0184,1.01673
rc_a33_point_primary_hn1,4,2734,14734,-0.640878,1.00307
rc_a33_point_primary_hn1,4,2735,14735,-0.816626,1.04434
rc_a33_point_primary_hn1,4,2736,14736,-0.901934,0.460969
rc_a33_point_primary_hn1,4,2737,14737,-0.833775,0.67026
rc_a33_point_primary_hn1,4,2738,14738,-0.558978,0.54439
rc_a33_point_primary_hn1,4,2739,14739,-0.606291,0.457624
rc_a33_point_primary_hn1,4,2740,14740,-0.389339,0.518322
rc_a33_point_primary_hn1,4,2741,14741,-0.941674,0.481291
rc_a33_point_primary_hn1,4,2742,14742,-0.993984,0.382081
rc_a33_point_primary_hn1,4,2743,14743,-0.979054,0.448578
rc_a33_point_primary_hn1,4,2744,14744,-0.97375,0.495033
rc_a33_point_primary_hn1,4,2745,14745,-0.976441,0.540905
rc_a33_point_primary_hn1,4,2746,14746,-1.07838,0.740495
rc_a33_point_primary_hn1,4,2747,14747,-1.14847,0.645961
rc_a33_point_primary_hn1,4,2748,14748,-0.569755,0.461394
rc_a33_point_primary_hn1,4,2749,14749,-0.498837,0.407834
rc_a33_point_primary_hn1,4,2750,14750,-0.747767,1.51575
rc_a33_point_primary_hn1,4,2751,14751,-0.71351,0.942739
rc_a33_point_primary_hn1,4,2752,14752,-0.473049,0.781349
rc_a33_point_primary_hn1,4,2753,14753,-0.49225,0.509665
rc_a33_point_primary_hn1,4,2754,14754,-0.275815,1.0998000000000001
rc_a33_point_primary_hn1,4,2755,14755,-0.18133,1.4109
rc_a33_point_primary_hn1,4,2756,14756,-0.360557,0.804361
rc_a33_point_primary_hn1,4,2757,14757,-0.713456,0.630819
rc_a33_point_primary_hn1,4,2758,14758,-0.537052,0.627056
rc_a33_point_primary_hn1,4,2759,14759,-0.575045,0.613152
rc_a33_point_primary_hn1,4,2760,14760,-0.408956,0.52108
rc_a33_point_primary_hn1,4,2761,14761,-1.13817,0.563959
rc_a33_point_primary_hn1,4,2762,14762,-0.695503,0.828789
rc_a33_point_primary_hn1,4,2763,14763,-0.732783,0.714567
rc_a33_point_primary_hn1,4,2764,14764,-0.582448,0.795078
rc_a33_point_primary_hn1,4,2765,14765,-0.635941,0.607231
rc_a33_point_primary_hn1,4,2766,14766,-0.632039,0.597297
rc_a33_point_primary_hn1,4,2767,14767,-0.735822,0.545353
rc_a33_point_primary_hn1,4,2768,14768,-0.471044,0.700924
rc_a33_point_primary_hn1,4,2769,14769,-0.691404,0.431575
rc_a33_point_primary_hn1,4,2770,14770,-0.633914,0.506209
rc_a33_point_primary_hn1,4,2771,14771,-0.737592,0.319749
rc_a33_point_primary_hn1,4,2772,14772,-0.875691,0.299611
rc_a33_point_primary_hn1,4,2773,14773,-1.04568,0.524609
rc_a33_point_primary_hn1,4,2774,14774,-0.926543,0.480364
rc_a33_point_primary_hn1,4,2775,14775,-0.878367,0.53921
rc_a33_point_primary_hn1,4,2776,14776,-0.853174,0.301709
rc_a33_point_primary_hn1,4,2777,14777,-0.698875,0.486344
rc_a33_point_primary_hn1,4,2778,14778,-0.783095,0.274931
rc_a33_point_primary_hn1,4,2779,14779,-0.882032,0.374214
rc_a33_point_primary_hn1,4,2780,14780,-0.799493,0.548685
rc_a33_point_primary_hn1,4,2781,14781,-0.706588,0.253074
rc_a33_point_primary_hn1,4,2782,14782,-0.938416,0.389213
rc_a33_point_primary_hn1,4,2783,14783,-0.691355,0.698311
rc_a33_point_primary_hn1,4,2784,14784,-0.581279,0.969123
rc_a33_point_primary_hn1,4,2785,14785,-0.596902,0.780564
rc_a33_point_primary_hn1,4,2786,14786,-0.666466,1.10417
rc_a33_point_primary_hn1,4,2787,14787,-0.688029,1.1433
rc_a33_point_primary_hn1,4,2788,14788,-0.620932,0.574774
rc_a33_point_primary_hn1,4,2789,14789,-0.632337,0.577646
rc_a33_point_primary_hn1,4,2790,14790,-0.691696,0.5772
rc_a33_point_primary_hn1,4,2791,14791,-0.728649,0.48662300000000003
rc_a33_point_primary_hn1,4,2792,14792,-0.878509,0.511266
rc_a33_point_primary_hn1,4,2793,14793,-0.825571,0.460954
rc_a33_point_primary_hn1,4,2794,14794,-0.914232,0.498596
rc_a33_point_primary_hn1,4,2795,14795,-0.74689,0.302652
rc_a33_point_primary_hn1,4,2796,14796,-0.680865,0.251309
rc_a33_point_primary_hn1,4,2797,14797,-0.729673,0.289646
rc_a33_point_primary_hn1,4,2798,14798,-0.582606,0.506179
rc_a33_point_primary_hn1,4,2799,14799,-0.627857,0.459352
rc_a33_point_primary_hn1,4,2800,14800,-0.563274,0.384057
rc_a33_point_primary_hn1,4,2801,14801,-0.44834,0.424911
rc_a33_point_primary_hn1,4,2802,14802,-0.779501,0.668661
rc_a33_point_primary_hn1,4,2803,14803,-0.800987,0.76623
rc_a33_point_primary_hn1,4,2804,14804,-0.886662,0.740788
rc_a33_point_primary_hn1,4,2805,14805,-0.844862,0.522325
rc_a33_point_primary_hn1,4,2806,14806,-0.776428,0.547847
rc_a33_point_primary_hn1,4,2807,14807,-1.25421,0.689183
rc_a33_point_primary_hn1,4,2808,14808,-1.47228,0.75287
rc_a33_point_primary_hn1,4,2809,14809,-1.0653,0.42558
rc_a33_point_primary_hn1,4,2810,14810,-0.537104,0.656909
rc_a33_point_primary_hn1,4,2811,14811,-0.435339,0.72604900000000006
rc_a33_point_primary_hn1,4,2812,14812,-0.188341,0.682364
rc_a33_point_primary_hn1,4,2813,14813,-1.02185,0.487448
rc_a33_point_primary_hn1,4,2814,14814,-1.23462,0.757855
rc_a33_point_primary_hn1,4,2815,14815,-1.17006,0.858427
rc_a33_point_primary_hn1,4,2816,14816,-1.3285,0.70216
rc_a33_point_primary_hn1,4,2817,14817,-1.05292,0.660626
rc_a33_point_primary_hn1,4,2818,14818,-1.01882,0.688515
rc_a33_point_primary_hn1,4,2819,14819,-1.17785,0.683494
rc_a33_point_primary_hn1,4,2820,14820,-0.716124,0.56648
rc_a33_point_primary_hn1,4,2821,14821,-0.868762,1.08301
rc_a33_point_primary_hn1,4,2822,14822,-0.875119,1.06836
rc_a33_point_primary_hn1,4,2823,14823,-0.926834,0.962952
rc_a33_point_primary_hn1,4,2824,14824,-1.09681,0.780821
rc_a33_point_primary_hn1,4,2825,14825,-0.972011,0.730183
rc_a33_point_primary_hn1,4,2826,14826,-0.893503,0.792928
rc_a33_point_primary_hn1,4,2827,14827,-1.00632,0.374882
rc_a33_point_primary_hn1,4,2828,14828,-0.390795,0.743792
rc_a33_point_primary_hn1,4,2829,14829,-0.336723,0.62926
rc_a33_point_primary_hn1,4,2830,14830,-0.767662,0.421561
rc_a33_point_primary_hn1,4,2831,14831,-0.595625,0.487286
rc_a33_point_primary_hn1,4,2832,14832,-0.27798,0.521074
rc_a33_point_primary_hn1,4,2833,14833,-0.76384,0.444519
rc_a33_point_primary_hn1,4,2834,14834,-0.904543,0.487022
rc_a33_point_primary_hn1,4,2835,14835,-0.954568,0.44809
rc_a33_point_primary_hn1,4,2836,14836,-0.922173,0.512338
rc_a33_point_primary_hn1,4,2837,14837,-0.60713,0.428256
rc_a33_point_primary_hn1,4,2838,14838,-0.97857,0.863483
rc_a33_point_primary_hn1,4,2839,14839,-0.907093,0.650117
rc_a33_point_primary_hn1,4,2840,14840,-0.797281,0.778935
rc_a33_point_primary_hn1,4,2841,14841,-0.831096,0.430221
rc_a33_point_primary_hn1,4,2842,14842,-0.718005,0.581583
rc_a33_point_primary_hn1,4,2843,14843,-0.776738,0.478174
rc_a33_point_primary_hn1,4,2844,14844,-0.867748,1.53781
rc_a33_point_primary_hn1,4,2845,14845,-1.01895,1.37046
rc_a33_point_primary_hn1,4,2846,14846,-0.892583,0.55606
rc_a33_point_primary_hn1,4,2847,14847,-1.18368,0.588483
rc_a33_point_primary_hn1,4,2848,14848,-1.15634,0.505238
rc_a33_point_primary_hn1,4,2849,14849,-1.29733,0.744424
rc_a33_point_primary_hn1,4,2850,14850,-1.17453,0.492796
rc_a33_point_primary_hn1,4,2851,14851,-1.05515,0.442856
rc_a33_point_primary_hn1,4,2852,14852,-0.781599,0.627077
rc_a33_point_primary_hn1,4,2853,14853,-0.639242,0.448318
rc_a33_point_primary_hn1,4,2854,14854,-0.539644,0.596656
rc_a33_point_primary_hn1,4,2855,14855,-0.718908,0.454024
rc_a33_point_primary_hn1,4,2856,14856,-0.753627,0.386848
rc_a33_point_primary_hn1,4,2857,14857,-1.0125,0.373812
rc_a33_point_primary_hn1,4,2858,14858,-0.751747,0.719359
rc_a33_point_primary_hn1,4,2859,14859,-0.748611,0.377567
rc_a33_point_primary_hn1,4,2860,14860,-0.609328,0.63839
rc_a33_point_primary_hn1,4,2861,14861,-0.490125,0.439669
rc_a33_point_primary_hn1,4,2862,14862,-0.592779,0.603266
rc_a33_point_primary_hn1,4,2863,14863,-0.73218,0.583897
rc_a33_point_primary_hn1,4,2864,14864,-0.591962,0.454925
rc_a33_point_primary_hn1,4,2865,14865,-0.73973,0.539561
rc_a33_point_primary_hn1,4,2866,14866,-0.65601,0.393988
rc_a33_point_primary_hn1,4,2867,14867,-0.61986,0.37497
rc_a33_point_primary_hn1,4,2868,14868,-0.675297,0.54211
rc_a33_point_primary_hn1,4,2869,14869,-0.718222,0.533131
rc_a33_point_primary_hn1,4,2870,14870,-0.667777,0.631935
rc_a33_point_primary_hn1,4,2871,14871,-0.774523,0.580052
rc_a33_point_primary_hn1,4,2872,14872,-0.55198,0.357579
rc_a33_point_primary_hn1,4,2873,14873,-1.33837,0.678108
rc_a33_point_primary_hn1,4,2874,14874,-1.35058,0.780395
rc_a33_point_primary_hn1,4,2875,14875,-1.15022,0.684214
rc_a33_point_primary_hn1,4,2876,14876,-1.28125,0.86294
rc_a33_point_primary_hn1,4,2877,14877,-1.20735,0.512077
rc_a33_point_primary_hn1,4,2878,14878,-1.19337,1.45343
rc_a33_point_primary_hn1,4,2879,14879,-1.10116,1.32178
rc_a33_point_primary_hn1,4,2880,14880,-0.356964,0.676831
rc_a33_point_primary_hn1,4,2881,14881,-0.487794,0.560289
rc_a33_point_primary_hn1,4,2882,14882,-0.496838,0.726675
rc_a33_point_primary_hn1,4,2883,14883,-0.588895,0.562975
rc_a33_point_primary_hn1,4,2884,14884,-0.552479,0.608148
rc_a33_point_primary_hn1,4,2885,14885,-0.513862,0.772824
rc_a33_point_primary_hn1,4,2886,14886,-0.939899,0.518365
rc_a33_point_primary_hn1,4,2887,14887,-0.931252,0.546709
rc_a33_point_primary_hn1,4,2888,14888,-0.33577,0.769802
rc_a33_point_primary_hn1,4,2889,14889,-0.534122,0.779519
rc_a33_point_primary_hn1,4,2890,14890,-0.459805,0.804551
rc_a33_point_primary_hn1,4,2891,14891,-0.508124,0.811272
rc_a33_point_primary_hn1,4,2892,14892,-1.09898,0.701202
rc_a33_point_primary_hn1,4,2893,14893,-1.01261,0.658401
rc_a33_point_primary_hn1,4,2894,14894,-0.491304,0.65442
rc_a33_point_primary_hn1,4,2895,14895,-0.689368,0.620942
rc_a33_point_primary_hn1,4,2896,14896,-0.832791,0.522965
rc_a33_point_primary_hn1,4,2897,14897,-0.687807,0.829264
rc_a33_point_primary_hn1,4,2898,14898,-0.7535,0.832071
rc_a33_point_primary_hn1,4,2899,14899,-0.739739,0.585979
rc_a33_point_primary_hn1,4,2900,14900,-0.696057,0.593657
rc_a33_point_primary_hn1,4,2901,14901,-0.668693,0.554861
rc_a33_point_primary_hn1,4,2902,14902,-0.978108,0.582302
rc_a33_point_primary_hn1,4,2903,14903,-0.64297,0.554496
rc_a33_point_primary_hn1,4,2904,14904,-0.781995,0.392494
rc_a33_point_primary_hn1,4,2905,14905,-0.732136,0.441773
rc_a33_point_primary_hn1,4,2906,14906,-0.671406,0.472267
rc_a33_point_primary_hn1,4,2907,14907,-0.595651,0.29509
rc_a33_point_primary_hn1,4,2908,14908,-0.709356,0.479377
rc_a33_point_primary_hn1,4,2909,14909,-0.815182,0.431232
rc_a33_point_primary_hn1,4,2910,14910,-0.714654,0.385414
rc_a33_point_primary_hn1,4,2911,14911,-0.880169,0.416072
rc_a33_point_primary_hn1,4,2912,14912,-0.805059,0.261152
rc_a33_point_primary_hn1,4,2913,14913,-0.770577,0.39636
rc_a33_point_primary_hn1,4,2914,14914,-0.731918,0.430432
rc_a33_point_primary_hn1,4,2915,14915,-0.587267,0.527374
rc_a33_point_primary_hn1,4,2916,14916,-0.658967,0.549153
rc_a33_point_primary_hn1,4,2917,14917,-0.693082,0.476886
rc_a33_point_primary_hn1,4,2918,14918,-0.57066,0.346974
rc_a33_point_primary_hn1,4,2919,14919,-0.723036,0.403715
rc_a33_point_primary_hn1,4,2920,14920,-0.516214,0.366915
rc_a33_point_primary_hn1,4,2921,14921,-0.557355,0.427718
rc_a33_point_primary_hn1,4,2922,14922,-0.624622,0.337909
rc_a33_point_primary_hn1,4,2923,14923,-0.823452,0.547116
rc_a33_point_primary_hn1,4,2924,14924,-0.762314,0.644746
rc_a33_point_primary_hn1,4,2925,14925,-0.80537,0.587747
rc_a33_point_primary_hn1,4,2926,14926,-0.912179,0.40577
rc_a33_point_primary_hn1,4,2927,14927,-0.867127,0.47994
rc_a33_point_primary_hn1,4,2928,14928,-0.72476,0.329435
rc_a33_point_primary_hn1,4,2929,14929,-1.11557,0.432584
rc_a33_point_primary_hn1,4,2930,14930,-0.871245,0.353904
rc_a33_point_primary_hn1,4,2931,14931,-0.975598,0.428112
rc_a33_point_primary_hn1,4,2932,14932,-0.937944,0.416082
rc_a33_point_primary_hn1,4,2933,14933,-0.786046,0.315455
rc_a33_point_primary_hn1,4,2934,14934,-1.05441,0.534519
rc_a33_point_primary_hn1,4,2935,14935,-0.84003,0.394456
rc_a33_point_primary_hn1,4,2936,14936,-0.917084,0.45426
rc_a33_point_primary_hn1,4,2937,14937,-0.861742,0.446534
rc_a33_point_primary_hn1,4,2938,14938,-0.895313,0.358845
rc_a33_point_primary_hn1,4,2939,14939,-0.90155,0.361103
rc_a33_point_primary_hn1,4,2940,14940,-0.929908,0.800131
rc_a33_point_primary_hn1,4,2941,14941,-0.989079,0.694624
rc_a33_point_primary_hn1,4,2942,14942,-0.978884,0.770645
rc_a33_point_primary_hn1,4,2943,14943,-0.797811,0.655046
rc_a33_point_primary_hn1,4,2944,14944,-1.00832,0.581444
rc_a33_point_primary_hn1,4,2945,14945,-0.887809,0.453493
rc_a33_point_primary_hn1,4,2946,14946,-1.00604,0.4678
rc_a33_point_primary_hn1,4,2947,14947,-0.812557,0.617327
rc_a33_point_primary_hn1,4,2948,14948,-1.03243,0.506038
rc_a33_point_primary_hn1,4,2949,14949,-0.746286,0.431925
rc_a33_point_primary_hn1,4,2950,14950,-0.652201,0.460624
rc_a33_point_primary_hn1,4,2951,14951,-1.08456,0.438699
rc_a33_point_primary_hn1,4,2952,14952,-1.11625,0.493517
rc_a33_point_primary_hn1,4,2953,14953,-1.07646,0.575325
rc_a33_point_primary_hn1,4,2954,14954,-1.25468,0.57993
rc_a33_point_primary_hn1,4,2955,14955,-1.11493,0.425542
rc_a33_point_primary_hn1,4,2956,14956,-1.18492,0.449829
rc_a33_point_primary_hn1,4,2957,14957,-1.15805,0.448824
rc_a33_point_primary_hn1,4,2958,14958,-1.20272,0.497153
rc_a33_point_primary_hn1,4,2959,14959,-1.16281,0.47494
rc_a33_point_primary_hn1,4,2960,14960,-1.06221,0.538022
rc_a33_point_primary_hn1,4,2961,14961,-1.05353,0.731806
rc_a33_point_primary_hn1,4,2962,14962,-0.790531,0.498884
rc_a33_point_primary_hn1,4,2963,14963,-0.584805,0.565165
rc_a33_point_primary_hn1,4,2964,14964,-0.446577,0.479944
rc_a33_point_primary_hn1,4,2965,14965,-0.433401,0.616199
rc_a33_point_primary_hn1,4,2966,14966,-0.980103,0.417736
rc_a33_point_primary_hn1,4,2967,14967,-0.87946,0.349743
rc_a33_point_primary_hn1,4,2968,14968,-0.528768,0.29667
rc_a33_point_primary_hn1,4,2969,14969,-0.677869,0.410243
rc_a33_point_primary_hn1,4,2970,14970,-0.759317,0.517029
rc_a33_point_primary_hn1,4,2971,14971,-0.869764,0.761258
rc_a33_point_primary_hn1,4,2972,14972,-0.90376,1.11515
rc_a33_point_primary_hn1,4,2973,14973,-0.983965,1.14652
rc_a33_point_primary_hn1,4,2974,14974,-0.92595,0.336369
rc_a33_point_primary_hn1,4,2975,14975,-1.29535,1.06984
rc_a33_point_primary_hn1,4,2976,14976,-0.947837,0.651334
rc_a33_point_primary_hn1,4,2977,14977,-0.913606,0.610104
rc_a33_point_primary_hn1,4,2978,14978,-0.646492,0.555317
rc_a33_point_primary_hn1,4,2979,14979,-0.6645,0.739196
rc_a33_point_primary_hn1,4,2980,14980,-0.746098,0.574762
rc_a33_point_primary_hn1,4,2981,14981,-0.519957,0.693237
rc_a33_point_primary_hn1,4,2982,14982,-0.541843,0.611653
rc_a33_point_primary_hn1,4,2983,14983,-0.652679,0.523196
rc_a33_point_primary_hn1,4,2984,14984,-0.483426,0.533582
rc_a33_point_primary_hn1,4,2985,14985,-0.580862,0.395106
rc_a33_point_primary_hn1,4,2986,14986,-0.644984,0.538308
rc_a33_point_primary_hn1,4,2987,14987,-0.706501,0.439862
rc_a33_point_primary_hn1,4,2988,14988,-0.570127,0.450829
rc_a33_point_primary_hn1,4,2989,14989,-0.311183,0.774212
rc_a33_point_primary_hn1,4,2990,14990,-0.517888,0.436139
rc_a33_point_primary_hn1,4,2991,14991,-0.437433,0.631953
rc_a33_point_primary_hn1,4,2992,14992,-0.784386,0.515976
rc_a33_point_primary_hn1,4,2993,14993,-0.552605,0.458924
rc_a33_point_primary_hn1,4,2994,14994,-0.609977,0.449235
rc_a33_point_primary_hn1,4,2995,14995,-0.891882,0.30921
rc_a33_point_primary_hn1,4,2996,14996,-0.70637,0.363571
rc_a33_point_primary_hn1,4,2997,14997,-0.899085,0.312002
rc_a33_point_primary_hn1,4,2998,14998,-0.924754,0.348617
rc_a33_point_primary_hn1,4,2999,14999,-0.950014,0.345015
rc_a33_point_primary_hn1,4,3000,15000,-1.45014,1.05618
rc_a33_point_primary_hn1,4,3001,15001,-1.44027,1.40033
rc_a33_point_primary_hn1,4,3002,15002,-0.565249,0.448585
rc_a33_point_primary_hn1,4,3003,15003,-0.468371,0.621804
rc_a33_point_primary_hn1,4,3004,15004,-1.139,0.640786
rc_a33_point_primary_hn1,4,3005,15005,-0.931806,0.535627
rc_a33_point_primary_hn1,4,3006,15006,-0.948413,0.582971
rc_a33_point_primary_hn1,4,3007,15007,-0.755118,0.671249
rc_a33_point_primary_hn1,4,3008,15008,-0.91124,0.338134
rc_a33_point_primary_hn1,4,3009,15009,-1.08415,0.506467
rc_a33_point_primary_hn1,4,3010,15010,-0.727269,0.411389
rc_a33_point_primary_hn1,4,3011,15011,-0.6513,0.345271
rc_a33_point_primary_hn1,4,3012,15012,-0.767084,0.618877
rc_a33_point_primary_hn1,4,3013,15013,-0.659387,0.333035
rc_a33_point_primary_hn1,4,3014,15014,-0.66098,0.588788
rc_a33_point_primary_hn1,4,3015,15015,-0.805112,0.553266
rc_a33_point_primary_hn1,4,3016,15016,-0.73078,0.292612
rc_a33_point_primary_hn1,4,3017,15017,-0.891817,0.530421
rc_a33_point_primary_hn1,4,3018,15018,-0.777091,0.401928
rc_a33_point_primary_hn1,4,3019,15019,-0.764335,0.455352
rc_a33_point_primary_hn1,4,3020,15020,-0.970993,0.797954
rc_a33_point_primary_hn1,4,3021,15021,-0.880657,0.746044
rc_a33_point_primary_hn1,4,3022,15022,-0.968399,0.691927
rc_a33_point_primary_hn1,4,3023,15023,-0.641413,0.392437
rc_a33_point_primary_hn1,4,3024,15024,-0.649287,0.522685
rc_a33_point_primary_hn1,4,3025,15025,-0.678853,0.622139
rc_a33_point_primary_hn1,4,3026,15026,-0.528978,0.757474
rc_a33_point_primary_hn1,4,3027,15027,-0.443126,0.625577
rc_a33_point_primary_hn1,4,3028,15028,-0.96804,0.641445
rc_a33_point_primary_hn1,4,3029,15029,-1.15886,0.550877
rc_a33_point_primary_hn1,4,3030,15030,-0.946605,0.675589
rc_a33_point_primary_hn1,4,3031,15031,-0.544432,1.14357
rc_a33_point_primary_hn1,4,3032,15032,-0.762803,0.770314
rc_a33_point_primary_hn1,4,3033,15033,-0.531772,0.794832
rc_a33_point_primary_hn1,4,3034,15034,-0.921075,0.889863
rc_a33_point_primary_hn1,4,3035,15035,-0.71724,0.403546
rc_a33_point_primary_hn1,4,3036,15036,-0.738065,0.426876
rc_a33_point_primary_hn1,4,3037,15037,-0.748606,0.58969800000000006
rc_a33_point_primary_hn1,4,3038,15038,-0.555715,0.731657
rc_a33_point_primary_hn1,4,3039,15039,-0.80032,0.689269
rc_a33_point_primary_hn1,4,3040,15040,-0.51083,0.50537
rc_a33_point_primary_hn1,4,3041,15041,-0.639477,0.453483
rc_a33_point_primary_hn1,4,3042,15042,-0.840885,0.51409
rc_a33_point_primary_hn1,4,3043,15043,-0.909125,0.583832
rc_a33_point_primary_hn1,4,3044,15044,-1.06725,0.575224
rc_a33_point_primary_hn1,4,3045,15045,0.179498,0.972363
rc_a33_point_primary_hn1,4,3046,15046,-1.42607,0.768795
rc_a33_point_primary_hn1,4,3047,15047,-0.737868,0.32731
rc_a33_point_primary_hn1,4,3048,15048,-0.759512,0.436454
rc_a33_point_primary_hn1,4,3049,15049,-0.758193,0.389722
rc_a33_point_primary_hn1,4,3050,15050,-0.829252,0.261277
rc_a33_point_primary_hn1,4,3051,15051,-0.703845,0.590232
rc_a33_point_primary_hn1,4,3052,15052,-0.457704,0.65325
rc_a33_point_primary_hn1,4,3053,15053,-1.16595,0.518495
rc_a33_point_primary_hn1,4,3054,15054,-0.560178,0.536065
rc_a33_point_primary_hn1,4,3055,15055,-0.691872,0.552002
rc_a33_point_primary_hn1,4,3056,15056,-0.713675,0.53721
rc_a33_point_primary_hn1,4,3057,15057,-0.698061,0.414441
rc_a33_point_primary_hn1,4,3058,15058,-0.562047,0.64465
rc_a33_point_primary_hn1,4,3059,15059,-0.585429,0.428464
rc_a33_point_primary_hn1,4,3060,15060,-1.04108,1.21043
rc_a33_point_primary_hn1,4,3061,15061,-1.16882,1.15864
rc_a33_point_primary_hn1,4,3062,15062,-1.22569,0.957229
rc_a33_point_primary_hn1,4,3063,15063,-1.08429,0.972915
rc_a33_point_primary_hn1,4,3064,15064,-1.0293,0.346062
rc_a33_point_primary_hn1,4,3065,15065,-0.796737,0.349932
rc_a33_point_primary_hn1,4,3066,15066,-0.993025,0.738808
rc_a33_point_primary_hn1,4,3067,15067,-0.946366,0.820048
rc_a33_point_primary_hn1,4,3068,15068,-0.941793,0.751024
rc_a33_point_primary_hn1,4,3069,15069,-0.777218,0.339946
rc_a33_point_primary_hn1,4,3070,15070,-0.692103,0.369907
rc_a33_point_primary_hn1,4,3071,15071,-0.78000100000000006,0.574128
rc_a33_point_primary_hn1,4,3072,15072,-0.845023,0.560145
rc_a33_point_primary_hn1,4,3073,15073,-0.73874,0.686892
rc_a33_point_primary_hn1,4,3074,15074,-0.956011,0.701528
rc_a33_point_primary_hn1,4,3075,15075,-0.925336,0.647896
rc_a33_point_primary_hn1,4,3076,15076,-0.936347,0.688386
rc_a33_point_primary_hn1,4,3077,15077,-1.05022,0.528237
rc_a33_point_primary_hn1,4,3078,15078,-0.898077,0.643776
rc_a33_point_primary_hn1,4,3079,15079,-0.797121,0.506616
rc_a33_point_primary_hn1,4,3080,15080,-0.834924,0.437802
rc_a33_point_primary_hn1,4,3081,15081,-0.884502,0.49297
rc_a33_point_primary_hn1,4,3082,15082,-0.878271,0.60013
rc_a33_point_primary_hn1,4,3083,15083,-0.858815,0.423807
rc_a33_point_primary_hn1,4,3084,15084,-0.743525,0.440959
rc_a33_point_primary_hn1,4,3085,15085,-1.18839,0.373419
rc_a33_point_primary_hn1,4,3086,15086,-0.94892,0.369054
rc_a33_point_primary_hn1,4,3087,15087,-1.1325,0.395441
rc_a33_point_primary_hn1,4,3088,15088,-0.419858,0.875558
rc_a33_point_primary_hn1,4,3089,15089,-0.868788,0.560008
rc_a33_point_primary_hn1,4,3090,15090,-0.822659,0.523349
rc_a33_point_primary_hn1,4,3091,15091,-0.839486,0.285675
rc_a33_point_primary_hn1,4,3092,15092,-0.636789,0.381392
rc_a33_point_primary_hn1,4,3093,15093,-0.696715,0.599279
rc_a33_point_primary_hn1,4,3094,15094,-0.787229,0.507394
rc_a33_point_primary_hn1,4,3095,15095,-0.887398,0.437457
rc_a33_point_primary_hn1,4,3096,15096,-0.739217,0.436721
rc_a33_point_primary_hn1,4,3097,15097,-0.521087,0.576882
rc_a33_point_primary_hn1,4,3098,15098,-0.458076,0.51362
rc_a33_point_primary_hn1,4,3099,15099,-0.561843,0.632629
rc_a33_point_primary_hn1,4,3100,15100,-0.61788,0.612561
rc_a33_point_primary_hn1,4,3101,15101,-0.604012,0.579499
rc_a33_point_primary_hn1,4,3102,15102,-0.865061,0.403988
rc_a33_point_primary_hn1,4,3103,15103,-0.867204,0.512513
rc_a33_point_primary_hn1,4,3104,15104,-0.78385,0.552782
rc_a33_point_primary_hn1,4,3105,15105,-0.957274,0.551448
rc_a33_point_primary_hn1,4,3106,15106,-0.777784,0.645973
rc_a33_point_primary_hn1,4,3107,15107,-0.580068,0.597117
rc_a33_point_primary_hn1,4,3108,15108,-0.767658,0.596152
rc_a33_point_primary_hn1,4,3109,15109,-0.774978,0.729825
rc_a33_point_primary_hn1,4,3110,15110,-0.888028,0.618387
rc_a33_point_primary_hn1,4,3111,15111,-0.663416,0.596649
rc_a33_point_primary_hn1,4,3112,15112,-0.585488,0.664939
rc_a33_point_primary_hn1,4,3113,15113,-0.754702,0.686691
rc_a33_point_primary_hn1,4,3114,15114,-0.977679,0.333126
rc_a33_point_primary_hn1,4,3115,15115,-0.919362,0.372604
rc_a33_point_primary_hn1,4,3116,15116,-0.907601,0.43768
rc_a33_point_primary_hn1,4,3117,15117,-1.1119,0.77495
rc_a33_point_primary_hn1,4,3118,15118,-0.38884,0.726783
rc_a33_point_primary_hn1,4,3119,15119,-0.39769,0.484873
rc_a33_point_primary_hn1,4,3120,15120,-0.63168,0.776392
rc_a33_point_primary_hn1,4,3121,15121,-0.432761,0.612953
rc_a33_point_primary_hn1,4,3122,15122,-0.0695328,1.24285
rc_a33_point_primary_hn1,4,3123,15123,-0.343441,1.18539
rc_a33_point_primary_hn1,4,3124,15124,-0.52414,0.668872
rc_a33_point_primary_hn1,4,3125,15125,-0.579935,0.664484
rc_a33_point_primary_hn1,4,3126,15126,-1.1382,0.856323
rc_a33_point_primary_hn1,4,3127,15127,-0.333866,0.926623
rc_a33_point_primary_hn1,4,3128,15128,-0.216892,0.949122
rc_a33_point_primary_hn1,4,3129,15129,-0.22574,1.1433
rc_a33_point_primary_hn1,4,3130,15130,-0.242242,0.994601
rc_a33_point_primary_hn1,4,3131,15131,-0.23177,1.24859
rc_a33_point_primary_hn1,4,3132,15132,-0.375165,0.865165
rc_a33_point_primary_hn1,4,3133,15133,-0.425677,0.705064
rc_a33_point_primary_hn1,4,3134,15134,-0.647511,0.538179
rc_a33_point_primary_hn1,4,3135,15135,-0.484487,0.629352
rc_a33_point_primary_hn1,4,3136,15136,-0.641169,0.603067
rc_a33_point_primary_hn1,4,3137,15137,-0.550216,0.626068
rc_a33_point_primary_hn1,4,3138,15138,-0.301146,0.637456
rc_a33_point_primary_hn1,4,3139,15139,-0.417522,0.709178
rc_a33_point_primary_hn1,4,3140,15140,-0.411845,0.497339
rc_a33_point_primary_hn1,4,3141,15141,-0.393347,0.586217
rc_a33_point_primary_hn1,4,3142,15142,-0.577251,0.576955
rc_a33_point_primary_hn1,4,3143,15143,-0.464369,0.613233
rc_a33_point_primary_hn1,4,3144,15144,-0.487275,0.566898
rc_a33_point_primary_hn1,4,3145,15145,-0.580451,0.791616
rc_a33_point_primary_hn1,4,3146,15146,-0.636591,0.533249
rc_a33_point_primary_hn1,4,3147,15147,-0.615375,0.775247
rc_a33_point_primary_hn1,4,3148,15148,-0.514608,0.685798
rc_a33_point_primary_hn1,4,3149,15149,-0.577387,0.786014
rc_a33_point_primary_hn1,4,3150,15150,-0.450799,0.875378
rc_a33_point_primary_hn1,4,3151,15151,-0.534256,0.87264
rc_a33_point_primary_hn1,4,3152,15152,-0.690464,0.733166
rc_a33_point_primary_hn1,4,3153,15153,-0.698226,0.39252
rc_a33_point_primary_hn1,4,3154,15154,-0.664742,0.520749
rc_a33_point_primary_hn1,4,3155,15155,-0.625716,0.450438
rc_a33_point_primary_hn1,4,3156,15156,-0.539353,0.349049
rc_a33_point_primary_hn1,4,3157,15157,-0.745089,0.397558
rc_a33_point_primary_hn1,4,3158,15158,-0.654958,0.335312
rc_a33_point_primary_hn1,4,3159,15159,-0.663705,0.50093
rc_a33_point_primary_hn1,4,3160,15160,-0.72799,0.376933
rc_a33_point_primary_hn1,4,3161,15161,-0.480415,0.556032
rc_a33_point_primary_hn1,4,3162,15162,-0.711211,0.680485
rc_a33_point_primary_hn1,4,3163,15163,-0.91198,0.508365
rc_a33_point_primary_hn1,4,3164,15164,-1.21017,0.623213
rc_a33_point_primary_hn1,4,3165,15165,-1.09587,0.594239
rc_a33_point_primary_hn1,4,3166,15166,-0.617092,0.533632
rc_a33_point_primary_hn1,4,3167,15167,-0.776658,0.689212
rc_a33_point_primary_hn1,4,3168,15168,-0.567537,0.800182
rc_a33_point_primary_hn1,4,3169,15169,-0.810016,0.419916
rc_a33_point_primary_hn1,4,3170,15170,-0.847787,0.549334
rc_a33_point_primary_hn1,4,3171,15171,-0.74997,0.269263
rc_a33_point_primary_hn1,4,3172,15172,-0.973497,0.664778
rc_a33_point_primary_hn1,4,3173,15173,-0.638199,0.427315
rc_a33_point_primary_hn1,4,3174,15174,-0.614302,0.484355
rc_a33_point_primary_hn1,4,3175,15175,-0.945745,0.584823
rc_a33_point_primary_hn1,4,3176,15176,-0.814525,0.878253
rc_a33_point_primary_hn1,4,3177,15177,-0.841208,0.724353
rc_a33_point_primary_hn1,4,3178,15178,-0.878532,0.783544
rc_a33_point_primary_hn1,4,3179,15179,-0.723518,1.01253
rc_a33_point_primary_hn1,4,3180,15180,-0.74488,0.948091
rc_a33_point_primary_hn1,4,3181,15181,-0.926966,0.785939
rc_a33_point_primary_hn1,4,3182,15182,-0.582484,0.524014
rc_a33_point_primary_hn1,4,3183,15183,-0.326478,0.678795
rc_a33_point_primary_hn1,4,3184,15184,-0.391079,0.610709
rc_a33_point_primary_hn1,4,3185,15185,-0.473458,0.771707
rc_a33_point_primary_hn1,4,3186,15186,-0.420312,0.759572
rc_a33_point_primary_hn1,4,3187,15187,-0.421923,0.784049
rc_a33_point_primary_hn1,4,3188,15188,-0.815326,0.932068
rc_a33_point_primary_hn1,4,3189,15189,-0.843366,0.928941
rc_a33_point_primary_hn1,4,3190,15190,-0.962678,0.851434
rc_a33_point_primary_hn1,4,3191,15191,-0.946697,0.732336
rc_a33_point_primary_hn1,4,3192,15192,-1.19683,0.874091
rc_a33_point_primary_hn1,4,3193,15193,-0.459509,0.446773
rc_a33_point_primary_hn1,4,3194,15194,-0.651577,0.329893
rc_a33_point_primary_hn1,4,3195,15195,-1.04076,0.495563
rc_a33_point_primary_hn1,4,3196,15196,-0.844111,0.543135
rc_a33_point_primary_hn1,4,3197,15197,-0.794101,0.596922
rc_a33_point_primary_hn1,4,3198,15198,-0.726455,0.589006
rc_a33_point_primary_hn1,4,3199,15199,-0.937993,0.372925
rc_a33_point_primary_hn1,4,3200,15200,-0.852373,0.513186
rc_a33_point_primary_hn1,4,3201,15201,-0.709818,0.349682
rc_a33_point_primary_hn1,4,3202,15202,-0.808002,0.513784
rc_a33_point_primary_hn1,4,3203,15203,-0.765894,0.53231
rc_a33_point_primary_hn1,4,3204,15204,-0.762422,0.613651
rc_a33_point_primary_hn1,4,3205,15205,-0.479902,0.537594
rc_a33_point_primary_hn1,4,3206,15206,-0.412079,0.500155
rc_a33_point_primary_hn1,4,3207,15207,-0.847045,0.750494
rc_a33_point_primary_hn1,4,3208,15208,-0.846828,0.778104
rc_a33_point_primary_hn1,4,3209,15209,-1.0902,1.17512
rc_a33_point_primary_hn1,4,3210,15210,-0.841787,0.978116
rc_a33_point_primary_hn1,4,3211,15211,-0.890234,0.768598
rc_a33_point_primary_hn1,4,3212,15212,-0.962011,0.840685
rc_a33_point_primary_hn1,4,3213,15213,-0.987472,0.802779
rc_a33_point_primary_hn1,4,3214,15214,-0.896589,0.922131
rc_a33_point_primary_hn1,4,3215,15215,-0.856071,0.938592
rc_a33_point_primary_hn1,4,3216,15216,-0.714228,0.473627
rc_a33_point_primary_hn1,4,3217,15217,-0.714852,0.447048
rc_a33_point_primary_hn1,4,3218,15218,-0.979825,0.405374
rc_a33_point_primary_hn1,4,3219,15219,-1.14851,0.628796
rc_a33_point_primary_hn1,4,3220,15220,-0.925469,0.677153
rc_a33_point_primary_hn1,4,3221,15221,-0.847635,0.409747
rc_a33_point_primary_hn1,4,3222,15222,-0.688764,0.354215
rc_a33_point_primary_hn1,4,3223,15223,-0.695848,0.325094
rc_a33_point_primary_hn1,4,3224,15224,-0.633568,0.426831
rc_a33_point_primary_hn1,4,3225,15225,-0.617908,0.964143
rc_a33_point_primary_hn1,4,3226,15226,-0.673669,0.82853
rc_a33_point_primary_hn1,4,3227,15227,-0.719694,0.929325
rc_a33_point_primary_hn1,4,3228,15228,-0.765104,1.05054
rc_a33_point_primary_hn1,4,3229,15229,-0.512992,0.950269
rc_a33_point_primary_hn1,4,3230,15230,-0.446325,0.497068
rc_a33_point_primary_hn1,4,3231,15231,-1.35626,0.665352
rc_a33_point_primary_hn1,4,3232,15232,-1.56049,0.627731
rc_a33_point_primary_hn1,4,3233,15233,-1.71856,0.952642
rc_a33_point_primary_hn1,4,3234,15234,-1.60107,0.821249
rc_a33_point_primary_hn1,4,3235,15235,-0.728076,0.439139
rc_a33_point_primary_hn1,4,3236,15236,-0.806737,0.540981
rc_a33_point_primary_hn1,4,3237,15237,-0.818949,0.644196
rc_a33_point_primary_hn1,4,3238,15238,-0.787459,0.760186
rc_a33_point_primary_hn1,4,3239,15239,-0.800162,0.752415
rc_a33_point_primary_hn1,4,3240,15240,-0.827002,0.290597
rc_a33_point_primary_hn1,4,3241,15241,-0.647674,0.852434
rc_a33_point_primary_hn1,4,3242,15242,-0.716073,1.03577
rc_a33_point_primary_hn1,4,3243,15243,-0.695846,0.765599
rc_a33_point_primary_hn1,4,3244,15244,-0.707209,1.05176
rc_a33_point_primary_hn1,4,3245,15245,-0.776377,1.08577
rc_a33_point_primary_hn1,4,3246,15246,-0.71991,1.22372
rc_a33_point_primary_hn1,4,3247,15247,-0.660334,0.529346
rc_a33_point_primary_hn1,4,3248,15248,-0.907367,0.842614
rc_a33_point_primary_hn1,4,3249,15249,-0.876935,0.567776
rc_a33_point_primary_hn1,4,3250,15250,-0.982314,0.686852
rc_a33_point_primary_hn1,4,3251,15251,-0.764881,0.600996
rc_a33_point_primary_hn1,4,3252,15252,-0.845183,0.725705
rc_a33_point_primary_hn1,4,3253,15253,-0.733566,0.662941
rc_a33_point_primary_hn1,4,3254,15254,-0.709637,0.658199
rc_a33_point_primary_hn1,4,3255,15255,-0.651467,0.572277
rc_a33_point_primary_hn1,4,3256,15256,-0.736849,0.51074
rc_a33_point_primary_hn1,4,3257,15257,-0.731539,0.507105
rc_a33_point_primary_hn1,4,3258,15258,-0.734287,0.521816
rc_a33_point_primary_hn1,4,3259,15259,-0.569506,0.592377
rc_a33_point_primary_hn1,4,3260,15260,-0.579593,0.590778
rc_a33_point_primary_hn1,4,3261,15261,-0.580885,0.860764
rc_a33_point_primary_hn1,4,3262,15262,-0.720653,0.733882
rc_a33_point_primary_hn1,4,3263,15263,-0.515187,0.503172
rc_a33_point_primary_hn1,4,3264,15264,-1.03665,0.676539
rc_a33_point_primary_hn1,4,3265,15265,-0.90054,0.593918
rc_a33_point_primary_hn1,4,3266,15266,-0.81671,0.606332
rc_a33_point_primary_hn1,4,3267,15267,-0.749684,0.388099
rc_a33_point_primary_hn1,4,3268,15268,-0.610901,0.628105
rc_a33_point_primary_hn1,4,3269,15269,-0.780707,0.507056
rc_a33_point_primary_hn1,4,3270,15270,-0.71198,0.799899
rc_a33_point_primary_hn1,4,3271,15271,-0.643082,0.696198
rc_a33_point_primary_hn1,4,3272,15272,-0.523399,0.38351
rc_a33_point_primary_hn1,4,3273,15273,-0.805399,0.403126
rc_a33_point_primary_hn1,4,3274,15274,-0.585075,0.577898
rc_a33_point_primary_hn1,4,3275,15275,-0.572859,0.357144
rc_a33_point_primary_hn1,4,3276,15276,-0.641311,1.39978
rc_a33_point_primary_hn1,4,3277,15277,-0.637144,1.31893
rc_a33_point_primary_hn1,4,3278,15278,-0.505807,1.36551
rc_a33_point_primary_hn1,4,3279,15279,-0.497011,1.45745
rc_a33_point_primary_hn1,4,3280,15280,-0.508413,0.521762
rc_a33_point_primary_hn1,4,3281,15281,-1.07684,1.00582
rc_a33_point_primary_hn1,4,3282,15282,-0.530705,1.02539
rc_a33_point_primary_hn1,4,3283,15283,-0.505405,0.874704
rc_a33_point_primary_hn1,4,3284,15284,-0.59383300000000006,0.633149
rc_a33_point_primary_hn1,4,3285,15285,-0.87851,0.736492
rc_a33_point_primary_hn1,4,3286,15286,-0.797701,0.659798
rc_a33_point_primary_hn1,4,3287,15287,-0.417673,0.605199
rc_a33_point_primary_hn1,4,3288,15288,-0.603279,0.461455
rc_a33_point_primary_hn1,4,3289,15289,-0.757783,0.366486
rc_a33_point_primary_hn1,4,3290,15290,-0.714275,0.448316
rc_a33_point_primary_hn1,4,3291,15291,-0.790802,0.431855
rc_a33_point_primary_hn1,4,3292,15292,-0.862509,0.380381
rc_a33_point_primary_hn1,4,3293,15293,-0.617354,0.572117
rc_a33_point_primary_hn1,4,3294,15294,-0.349752,0.470717
rc_a33_point_primary_hn1,4,3295,15295,-0.674501,0.3753
rc_a33_point_primary_hn1,4,3296,15296,-0.501503,0.471986
rc_a33_point_primary_hn1,4,3297,15297,-0.342931,0.863538
rc_a33_point_primary_hn1,4,3298,15298,-0.401109,0.902139
rc_a33_point_primary_hn1,4,3299,15299,-0.887278,0.518337
rc_a33_point_primary_hn1,4,3300,15300,-0.696746,0.54307
rc_a33_point_primary_hn1,4,3301,15301,-0.718905,0.822007
rc_a33_point_primary_hn1,4,3302,15302,-0.672498,0.886426
rc_a33_point_primary_hn1,4,3303,15303,-0.69031,0.573406
rc_a33_point_primary_hn1,4,3304,15304,-0.620565,0.420443
rc_a33_point_primary_hn1,4,3305,15305,-0.559852,0.683954
rc_a33_point_primary_hn1,4,3306,15306,-0.610767,0.432986
rc_a33_point_primary_hn1,4,3307,15307,-0.42995,0.609638
rc_a33_point_primary_hn1,4,3308,15308,-0.710142,0.603666
rc_a33_point_primary_hn1,4,3309,15309,-0.835382,0.629487
rc_a33_point_primary_hn1,4,3310,15310,-0.379633,0.615343
rc_a33_point_primary_hn1,4,3311,15311,-0.600627,0.678293
rc_a33_point_primary_hn1,4,3312,15312,-0.79961,0.493404
rc_a33_point_primary_hn1,4,3313,15313,-1.07851,0.986663
rc_a33_point_primary_hn1,4,3314,15314,-0.999293,1.21238
rc_a33_point_primary_hn1,4,3315,15315,-0.771822,0.362835
rc_a33_point_primary_hn1,4,3316,15316,-0.563524,0.419839
rc_a33_point_primary_hn1,4,3317,15317,-0.645404,0.429445
rc_a33_point_primary_hn1,4,3318,15318,-0.581865,0.326805
rc_a33_point_primary_hn1,4,3319,15319,-0.408545,0.733756
rc_a33_point_primary_hn1,4,3320,15320,-0.358289,0.810708
rc_a33_point_primary_hn1,4,3321,15321,-0.423317,0.58705
rc_a33_point_primary_hn1,4,3322,15322,-0.282206,0.713178
rc_a33_point_primary_hn1,4,3323,15323,-1.40802,0.825108
rc_a33_point_primary_hn1,4,3324,15324,-1.38086,0.858601
rc_a33_point_primary_hn1,4,3325,15325,-1.33052,0.810805
rc_a33_point_primary_hn1,4,3326,15326,-1.19623,0.765211
rc_a33_point_primary_hn1,4,3327,15327,-0.601597,0.46079
rc_a33_point_primary_hn1,4,3328,15328,-0.694354,0.576119
rc_a33_point_primary_hn1,4,3329,15329,-0.202209,0.925811
rc_a33_point_primary_hn1,4,3330,15330,-0.309839,0.684238
rc_a33_point_primary_hn1,4,3331,15331,-0.408887,0.650428
rc_a33_point_primary_hn1,4,3332,15332,-0.23711,0.888287
rc_a33_point_primary_hn1,4,3333,15333,-0.325592,0.883416
rc_a33_point_primary_hn1,4,3334,15334,-0.215473,0.964582
rc_a33_point_primary_hn1,4,3335,15335,-0.186817,0.89639
rc_a33_point_primary_hn1,4,3336,15336,-0.578279,0.578555
rc_a33_point_primary_hn1,4,3337,15337,-0.491322,0.697888
rc_a33_point_primary_hn1,4,3338,15338,-0.467026,0.73643
rc_a33_point_primary_hn1,4,3339,15339,-0.307442,1.50989
rc_a33_point_primary_hn1,4,3340,15340,-0.912456,0.775937
rc_a33_point_primary_hn1,4,3341,15341,-0.897947,0.572634
rc_a33_point_primary_hn1,4,3342,15342,-0.678918,0.817845
rc_a33_point_primary_hn1,4,3343,15343,-0.902471,0.564007
rc_a33_point_primary_hn1,4,3344,15344,-1.03633,0.870199
rc_a33_point_primary_hn1,4,3345,15345,-0.856076,0.553623
rc_a33_point_primary_hn1,4,3346,15346,-0.845873,0.654333
rc_a33_point_primary_hn1,4,3347,15347,-0.481567,0.716785
rc_a33_point_primary_hn1,4,3348,15348,-0.423142,0.414349
rc_a33_point_primary_hn1,4,3349,15349,-0.315008,0.575362
rc_a33_point_primary_hn1,4,3350,15350,-0.523997,0.403646
rc_a33_point_primary_hn1,4,3351,15351,-0.217565,0.601124
rc_a33_point_primary_hn1,4,3352,15352,-0.447586,0.758939
rc_a33_point_primary_hn1,4,3353,15353,-0.270379,0.594368
rc_a33_point_primary_hn1,4,3354,15354,-0.799636,0.458774
rc_a33_point_primary_hn1,4,3355,15355,-0.643856,0.390618
rc_a33_point_primary_hn1,4,3356,15356,-0.843189,0.402938
rc_a33_point_primary_hn1,4,3357,15357,-0.95981,0.458477
rc_a33_point_primary_hn1,4,3358,15358,-0.911254,0.487697
rc_a33_point_primary_hn1,4,3359,15359,-0.960569,0.623624
rc_a33_point_primary_hn1,4,3360,15360,-0.722644,0.400872
rc_a33_point_primary_hn1,4,3361,15361,-0.716804,0.402775
rc_a33_point_primary_hn1,4,3362,15362,-0.729314,0.485634
rc_a33_point_primary_hn1,4,3363,15363,-0.749931,0.887431
rc_a33_point_primary_hn1,4,3364,15364,-0.71121,0.71641
rc_a33_point_primary_hn1,4,3365,15365,-0.824071,0.728936
rc_a33_point_primary_hn1,4,3366,15366,-1.05437,0.454914
rc_a33_point_primary_hn1,4,3367,15367,-0.937135,0.494336
rc_a33_point_primary_hn1,4,3368,15368,-0.691514,0.973474
rc_a33_point_primary_hn1,4,3369,15369,-0.657812,0.871926
rc_a33_point_primary_hn1,4,3370,15370,-1.00293,0.812506
rc_a33_point_primary_hn1,4,3371,15371,-1.08467,0.735473
rc_a33_point_primary_hn1,4,3372,15372,-1.05924,0.834458
rc_a33_point_primary_hn1,4,3373,15373,-1.02925,0.829734
rc_a33_point_primary_hn1,4,3374,15374,-1.04197,0.640714
rc_a33_point_primary_hn1,4,3375,15375,-1.03028,0.707775
rc_a33_point_primary_hn1,4,3376,15376,-0.574254,0.698978
rc_a33_point_primary_hn1,4,3377,15377,-0.592931,0.615785
rc_a33_point_primary_hn1,4,3378,15378,-0.397598,0.52894
rc_a33_point_primary_hn1,4,3379,15379,-0.916648,0.727874
rc_a33_point_primary_hn1,4,3380,15380,-1.05581,0.855449
rc_a33_point_primary_hn1,4,3381,15381,-1.06559,0.655721
rc_a33_point_primary_hn1,4,3382,15382,-1.0402,0.725626
rc_a33_point_primary_hn1,4,3383,15383,-1.04562,0.738927
rc_a33_point_primary_hn1,4,3384,15384,-1.24088,0.785167
rc_a33_point_primary_hn1,4,3385,15385,-1.0342,0.631453
rc_a33_point_primary_hn1,4,3386,15386,-0.99169,0.577647
rc_a33_point_primary_hn1,4,3387,15387,-0.927211,0.404908
rc_a33_point_primary_hn1,4,3388,15388,-0.802599,0.457833
rc_a33_point_primary_hn1,4,3389,15389,-0.863416,0.526398
rc_a33_point_primary_hn1,4,3390,15390,-0.836191,0.484102
rc_a33_point_primary_hn1,4,3391,15391,-1.05939,1.21281
rc_a33_point_primary_hn1,4,3392,15392,-0.896244,0.928291
rc_a33_point_primary_hn1,4,3393,15393,-0.565945,1.06082
rc_a33_point_primary_hn1,4,3394,15394,-0.638501,1.3482
rc_a33_point_primary_hn1,4,3395,15395,-0.587192,1.00036
rc_a33_point_primary_hn1,4,3396,15396,-0.498918,0.749788
rc_a33_point_primary_hn1,4,3397,15397,-1.07507,0.919368
rc_a33_point_primary_hn1,4,3398,15398,-1.07791,0.761484
rc_a33_point_primary_hn1,4,3399,15399,-1.11782,1.13722
rc_a33_point_primary_hn1,4,3400,15400,-0.954689,0.890874
rc_a33_point_primary_hn1,4,3401,15401,-1.14748,1.21293
rc_a33_point_primary_hn1,4,3402,15402,-1.02311,1.07341
rc_a33_point_primary_hn1,4,3403,15403,-0.85014,0.887718
rc_a33_point_primary_hn1,4,3404,15404,-0.726954,0.94852
rc_a33_point_primary_hn1,4,3405,15405,-0.578671,0.702458
rc_a33_point_primary_hn1,4,3406,15406,-0.661938,0.646438
rc_a33_point_primary_hn1,4,3407,15407,-0.696321,0.712132
rc_a33_point_primary_hn1,4,3408,15408,-0.657074,0.824122
rc_a33_point_primary_hn1,4,3409,15409,-0.658793,0.904685
rc_a33_point_primary_hn1,4,3410,15410,-0.987644,0.640086
rc_a33_point_primary_hn1,4,3411,15411,-1.01584,0.501694
rc_a33_point_primary_hn1,4,3412,15412,-0.942713,0.493101
rc_a33_point_primary_hn1,4,3413,15413,-1.06,0.601272
rc_a33_point_primary_hn1,4,3414,15414,-0.792316,0.225689
rc_a33_point_primary_hn1,4,3415,15415,-0.91501999999999994,0.517642
rc_a33_point_primary_hn1,4,3416,15416,-0.735922,0.545546
rc_a33_point_primary_hn1,4,3417,15417,-0.711436,0.597617
rc_a33_point_primary_hn1,4,3418,15418,-0.734805,0.816579
rc_a33_point_primary_hn1,4,3419,15419,-0.609908,0.402737
rc_a33_point_primary_hn1,4,3420,15420,-0.606401,0.500386
rc_a33_point_primary_hn1,4,3421,15421,-0.507254,0.560236
rc_a33_point_primary_hn1,4,3422,15422,-0.234891,0.615866
rc_a33_point_primary_hn1,4,3423,15423,-0.494753,0.56443
rc_a33_point_primary_hn1,4,3424,15424,-0.38511,0.594085
rc_a33_point_primary_hn1,4,3425,15425,-0.568229,0.38087
rc_a33_point_primary_hn1,4,3426,15426,-1.08836,0.568788
rc_a33_point_primary_hn1,4,3427,15427,-0.56961,0.605779
rc_a33_point_primary_hn1,4,3428,15428,-0.614684,0.665351
rc_a33_point_primary_hn1,4,3429,15429,-0.512164,1.2559
rc_a33_point_primary_hn1,4,3430,15430,-0.557844,1.06069
rc_a33_point_primary_hn1,4,3431,15431,-0.592493,1.15259
rc_a33_point_primary_hn1,4,3432,15432,-0.646792,0.979733
rc_a33_point_primary_hn1,4,3433,15433,-0.529064,1.12878
rc_a33_point_primary_hn1,4,3434,15434,-0.758015,0.846841
rc_a33_point_primary_hn1,4,3435,15435,-0.978231,0.710344
rc_a33_point_primary_hn1,4,3436,15436,-0.697276,0.823234
rc_a33_point_primary_hn1,4,3437,15437,-0.640488,0.56944
rc_a33_point_primary_hn1,4,3438,15438,-0.654699,0.452997
rc_a33_point_primary_hn1,4,3439,15439,-0.832796,0.478997
rc_a33_point_primary_hn1,4,3440,15440,-0.802635,0.485868
rc_a33_point_primary_hn1,4,3441,15441,-0.769341,0.991178
rc_a33_point_primary_hn1,4,3442,15442,-0.911959,1.01223
rc_a33_point_primary_hn1,4,3443,15443,-0.841047,0.43549
rc_a33_point_primary_hn1,4,3444,15444,-0.638065,0.280727
rc_a33_point_primary_hn1,4,3445,15445,-0.679541,0.383669
rc_a33_point_primary_hn1,4,3446,15446,-0.700613,0.453935
rc_a33_point_primary_hn1,4,3447,15447,-0.627071,0.398467
rc_a33_point_primary_hn1,4,3448,15448,-0.511527,0.559546
rc_a33_point_primary_hn1,4,3449,15449,-0.429783,0.626034
rc_a33_point_primary_hn1,4,3450,15450,-0.624256,0.576644
rc_a33_point_primary_hn1,4,3451,15451,-0.57043,0.426167
rc_a33_point_primary_hn1,4,3452,15452,-0.568457,0.530099
rc_a33_point_primary_hn1,4,3453,15453,-0.575207,0.477111
rc_a33_point_primary_hn1,4,3454,15454,-0.490159,0.677928
rc_a33_point_primary_hn1,4,3455,15455,-0.293536,1.15969
rc_a33_point_primary_hn1,4,3456,15456,-0.249447,0.962883
rc_a33_point_primary_hn1,4,3457,15457,-0.307677,0.900386
rc_a33_point_primary_hn1,4,3458,15458,-0.0928696,1.30179
rc_a33_point_primary_hn1,4,3459,15459,-0.0114975,1.34503
rc_a33_point_primary_hn1,4,3460,15460,-0.00283466,1.30471
rc_a33_point_primary_hn1,4,3461,15461,-0.931689,0.80825
rc_a33_point_primary_hn1,4,3462,15462,-1.34481,1.09162
rc_a33_point_primary_hn1,4,3463,15463,-1.30138,0.989807
rc_a33_point_primary_hn1,4,3464,15464,-1.22584,1.14627
rc_a33_point_primary_hn1,4,3465,15465,-1.15283,1.01739
rc_a33_point_primary_hn1,4,3466,15466,-0.134907,0.695179
rc_a33_point_primary_hn1,4,3467,15467,-0.228876,0.675874
rc_a33_point_primary_hn1,4,3468,15468,-0.676044,0.768072
rc_a33_point_primary_hn1,4,3469,15469,-0.85036,1.17008
rc_a33_point_primary_hn1,4,3470,15470,-0.938336,0.895753
rc_a33_point_primary_hn1,4,3471,15471,-1.1402,0.978977
rc_a33_point_primary_hn1,4,3472,15472,-0.992206,1.12451
rc_a33_point_primary_hn1,4,3473,15473,-1.06705,0.450606
rc_a33_point_primary_hn1,4,3474,15474,-0.386408,0.754095
rc_a33_point_primary_hn1,4,3475,15475,-0.212014,1.05411
rc_a33_point_primary_hn1,4,3476,15476,-0.244705,1.20059
rc_a33_point_primary_hn1,4,3477,15477,-0.369178,0.876982
rc_a33_point_primary_hn1,4,3478,15478,-0.214161,0.953661
rc_a33_point_primary_hn1,4,3479,15479,-0.471967,0.662127
rc_a33_point_primary_hn1,4,3480,15480,-0.392253,0.437942
rc_a33_point_primary_hn1,4,3481,15481,-0.605462,0.606552
rc_a33_point_primary_hn1,4,3482,15482,-0.716233,0.537782
rc_a33_point_primary_hn1,4,3483,15483,-0.616445,0.569724
rc_a33_point_primary_hn1,4,3484,15484,-0.540246,0.656384
rc_a33_point_primary_hn1,4,3485,15485,-0.587636,0.473766
rc_a33_point_primary_hn1,4,3486,15486,-0.56919,0.801397
rc_a33_point_primary_hn1,4,3487,15487,-0.609873,0.761575
rc_a33_point_primary_hn1,4,3488,15488,-0.666864,0.820684
rc_a33_point_primary_hn1,4,3489,15489,-0.669694,0.602153
rc_a33_point_primary_hn1,4,3490,15490,-0.55512,0.473455
rc_a33_point_primary_hn1,4,3491,15491,-0.47479,0.515233
rc_a33_point_primary_hn1,4,3492,15492,-0.503599,0.434357
rc_a33_point_primary_hn1,4,3493,15493,-0.272087,0.662017
rc_a33_point_primary_hn1,4,3494,15494,-0.26605,0.630323
rc_a33_point_primary_hn1,4,3495,15495,-1.50993,0.821782
rc_a33_point_primary_hn1,4,3496,15496,-1.50598,0.771451
rc_a33_point_primary_hn1,4,3497,15497,-1.18709,1.00419
rc_a33_point_primary_hn1,4,3498,15498,-1.08244,0.665432
rc_a33_point_primary_hn1,4,3499,15499,-0.624618,0.425567
rc_a33_point_primary_hn1,4,3500,15500,-0.783631,0.408329
rc_a33_point_primary_hn1,4,3501,15501,-0.897025,0.61374
rc_a33_point_primary_hn1,4,3502,15502,-0.886671,0.499715
rc_a33_point_primary_hn1,4,3503,15503,-0.917554,0.621699
rc_a33_point_primary_hn1,4,3504,15504,-1.11772,0.697665
rc_a33_point_primary_hn1,4,3505,15505,-1.03657,0.525711
rc_a33_point_primary_hn1,4,3506,15506,-0.84316,0.519344
rc_a33_point_primary_hn1,4,3507,15507,-0.936654,0.654385
rc_a33_point_primary_hn1,4,3508,15508,-1.01498,0.591837
rc_a33_point_primary_hn1,4,3509,15509,-0.592335,0.620315
rc_a33_point_primary_hn1,4,3510,15510,-0.723264,0.455608
rc_a33_point_primary_hn1,4,3511,15511,-0.448356,0.840856
rc_a33_point_primary_hn1,4,3512,15512,-0.402884,0.59232
rc_a33_point_primary_hn1,4,3513,15513,-0.748336,0.66311
rc_a33_point_primary_hn1,4,3514,15514,-0.376335,0.546584
rc_a33_point_primary_hn1,4,3515,15515,-0.442983,0.561013
rc_a33_point_primary_hn1,4,3516,15516,-0.367185,0.512164
rc_a33_point_primary_hn1,4,3517,15517,-0.497431,0.475104
rc_a33_point_primary_hn1,4,3518,15518,-0.687021,0.660864
rc_a33_point_primary_hn1,4,3519,15519,-0.677685,0.676517
rc_a33_point_primary_hn1,4,3520,15520,-0.857827,0.621102
rc_a33_point_primary_hn1,4,3521,15521,-0.8385,0.566224
rc_a33_point_primary_hn1,4,3522,15522,-0.827137,0.609381
rc_a33_point_primary_hn1,4,3523,15523,-0.824937,0.487362
rc_a33_point_primary_hn1,4,3524,15524,-0.857958,0.490328
rc_a33_point_primary_hn1,4,3525,15525,-0.729233,0.509844
rc_a33_point_primary_hn1,4,3526,15526,-0.860562,0.447545
rc_a33_point_primary_hn1,4,3527,15527,-1.0591,0.839186
rc_a33_point_primary_hn1,4,3528,15528,-1.05906,0.637282
rc_a33_point_primary_hn1,4,3529,15529,-1.0806,0.705566
rc_a33_point_primary_hn1,4,3530,15530,-0.946053,0.650632
rc_a33_point_primary_hn1,4,3531,15531,-0.806262,0.578343
rc_a33_point_primary_hn1,4,3532,15532,-1.05255,0.532953
rc_a33_point_primary_hn1,4,3533,15533,-0.850067,0.597001
rc_a33_point_primary_hn1,4,3534,15534,-0.524215,0.367416
rc_a33_point_primary_hn1,4,3535,15535,-0.572487,0.271488
rc_a33_point_primary_hn1,4,3536,15536,-1.16992,0.607684
rc_a33_point_primary_hn1,4,3537,15537,-1.09198,0.46254
rc_a33_point_primary_hn1,4,3538,15538,-0.918723,0.289851
rc_a33_point_primary_hn1,4,3539,15539,-0.971272,0.355129
rc_a33_point_primary_hn1,4,3540,15540,-0.987395,0.30477
rc_a33_point_primary_hn1,4,3541,15541,-0.621161,0.438418
rc_a33_point_primary_hn1,4,3542,15542,-0.68431,0.475822
rc_a33_point_primary_hn1,4,3543,15543,-0.786258,0.454052
rc_a33_point_primary_hn1,4,3544,15544,-0.920284,0.664776
rc_a33_point_primary_hn1,4,3545,15545,-0.81583,0.828557
rc_a33_point_primary_hn1,4,3546,15546,-0.983349,0.796462
rc_a33_point_primary_hn1,4,3547,15547,-0.794052,0.873847
rc_a33_point_primary_hn1,4,3548,15548,-0.483939,0.476374
rc_a33_point_primary_hn1,4,3549,15549,-0.913379,0.63956
rc_a33_point_primary_hn1,4,3550,15550,-0.768716,0.703698
rc_a33_point_primary_hn1,4,3551,15551,-0.900929,0.689451
rc_a33_point_primary_hn1,4,3552,15552,-0.709896,0.644856
rc_a33_point_primary_hn1,4,3553,15553,-0.708733,0.629563
rc_a33_point_primary_hn1,4,3554,15554,-0.903458,0.593845
rc_a33_point_primary_hn1,4,3555,15555,-0.763975,0.575453
rc_a33_point_primary_hn1,4,3556,15556,-0.68536,0.734181
rc_a33_point_primary_hn1,4,3557,15557,-0.950275,0.779692
rc_a33_point_primary_hn1,4,3558,15558,-0.977318,0.773362
rc_a33_point_primary_hn1,4,3559,15559,-1.09681,0.873183
rc_a33_point_primary_hn1,4,3560,15560,-1.01395,0.612374
rc_a33_point_primary_hn1,4,3561,15561,-1.31012,0.674348
rc_a33_point_primary_hn1,4,3562,15562,-0.908962,0.732754
rc_a33_point_primary_hn1,4,3563,15563,-0.443008,0.679122
rc_a33_point_primary_hn1,4,3564,15564,-0.963414,1.05345
rc_a33_point_primary_hn1,4,3565,15565,-0.845052,1.55175
rc_a33_point_primary_hn1,4,3566,15566,-0.724043,1.49471
rc_a33_point_primary_hn1,4,3567,15567,-0.598774,0.889446
rc_a33_point_primary_hn1,4,3568,15568,-0.581832,0.934126
rc_a33_point_primary_hn1,4,3569,15569,-0.566373,0.656967
rc_a33_point_primary_hn1,4,3570,15570,-0.883141,0.460952
rc_a33_point_primary_hn1,4,3571,15571,-0.596559,0.51605
rc_a33_point_primary_hn1,4,3572,15572,-0.493547,0.725643
rc_a33_point_primary_hn1,4,3573,15573,-0.529549,0.73951
rc_a33_point_primary_hn1,4,3574,15574,-0.366855,1.02781
rc_a33_point_primary_hn1,4,3575,15575,-0.361168,1.07206
rc_a33_point_primary_hn1,4,3576,15576,-0.433859,0.729817
rc_a33_point_primary_hn1,4,3577,15577,-0.915564,0.668418
rc_a33_point_primary_hn1,4,3578,15578,-0.89839,0.723189
rc_a33_point_primary_hn1,4,3579,15579,-0.826928,0.85607
rc_a33_point_primary_hn1,4,3580,15580,-0.772782,0.761119
rc_a33_point_primary_hn1,4,3581,15581,-0.682612,0.771707
rc_a33_point_primary_hn1,4,3582,15582,-0.734409,0.752652
rc_a33_point_primary_hn1,4,3583,15583,-1.43918,1.0921
rc_a33_point_primary_hn1,4,3584,15584,-1.20676,0.743279
rc_a33_point_primary_hn1,4,3585,15585,-1.27477,0.827199
rc_a33_point_primary_hn1,4,3586,15586,-0.946906,0.791098
rc_a33_point_primary_hn1,4,3587,15587,-1.01047,0.563914
rc_a33_point_primary_hn1,4,3588,15588,-0.696708,0.672413
rc_a33_point_primary_hn1,4,3589,15589,-0.676751,0.411433
rc_a33_point_primary_hn1,4,3590,15590,-0.976625,0.974774
rc_a33_point_primary_hn1,4,3591,15591,-1.3844,0.959202
rc_a33_point_primary_hn1,4,3592,15592,-1.38169,0.946033
rc_a33_point_primary_hn1,4,3593,15593,-1.13989,0.499088
rc_a33_point_primary_hn1,4,3594,15594,-1.29694,0.585719
rc_a33_point_primary_hn1,4,3595,15595,-1.24972,0.637225
rc_a33_point_primary_hn1,4,3596,15596,-0.788269,0.450492
rc_a33_point_primary_hn1,4,3597,15597,-0.605202,0.487894
rc_a33_point_primary_hn1,4,3598,15598,-0.882101,0.61599
rc_a33_point_primary_hn1,4,3599,15599,-0.921475,0.584356
rc_a33_point_primary_hn1,4,3600,15600,-0.792623,0.647054
rc_a33_point_primary_hn1,4,3601,15601,-0.868977,0.450137
rc_a33_point_primary_hn1,4,3602,15602,-1.05485,0.509428
rc_a33_point_primary_hn1,4,3603,15603,-0.999794,0.593151
rc_a33_point_primary_hn1,4,3604,15604,-0.350076,0.779808
rc_a33_point_primary_hn1,4,3605,15605,-0.603325,0.753277
rc_a33_point_primary_hn1,4,3606,15606,-0.611475,0.383137
rc_a33_point_primary_hn1,4,3607,15607,-0.722947,0.479486
rc_a33_point_primary_hn1,4,3608,15608,-0.730077,0.446698
rc_a33_point_primary_hn1,4,3609,15609,-0.718667,0.321766
rc_a33_point_primary_hn1,4,3610,15610,-0.830063,0.466998
rc_a33_point_primary_hn1,4,3611,15611,-0.660966,0.439241
rc_a33_point_primary_hn1,4,3612,15612,-0.828531,0.44659
rc_a33_point_primary_hn1,4,3613,15613,-1.02436,0.454064
rc_a33_point_primary_hn1,4,3614,15614,-1.04951,0.494774
rc_a33_point_primary_hn1,4,3615,15615,-1.27895,0.761874
rc_a33_point_primary_hn1,4,3616,15616,-1.09302,0.696541
rc_a33_point_primary_hn1,4,3617,15617,-1.13889,0.625815
rc_a33_point_primary_hn1,4,3618,15618,-0.772404,0.591694
rc_a33_point_primary_hn1,4,3619,15619,-0.834394,0.648502
rc_a33_point_primary_hn1,4,3620,15620,-1.00501,0.632612
rc_a33_point_primary_hn1,4,3621,15621,-1.04642,0.725915
rc_a33_point_primary_hn1,4,3622,15622,-0.82473,0.545306
rc_a33_point_primary_hn1,4,3623,15623,-0.88944,0.552097
rc_a33_point_primary_hn1,4,3624,15624,-0.875632,0.531107
rc_a33_point_primary_hn1,4,3625,15625,-0.860515,0.542485
rc_a33_point_primary_hn1,4,3626,15626,-0.821356,0.665756
rc_a33_point_primary_hn1,4,3627,15627,-0.946806,0.590107
rc_a33_point_primary_hn1,4,3628,15628,-0.247193,0.619507
rc_a33_point_primary_hn1,4,3629,15629,0.120612,0.863573
rc_a33_point_primary_hn1,4,3630,15630,0.168391,0.967317
rc_a33_point_primary_hn1,4,3631,15631,0.105542,0.998927
rc_a33_point_primary_hn1,4,3632,15632,0.0923839,1.07097
rc_a33_point_primary_hn1,4,3633,15633,-0.201111,0.719507
rc_a33_point_primary_hn1,4,3634,15634,-0.857254,0.585522
rc_a33_point_primary_hn1,4,3635,15635,-0.960009,0.386277
rc_a33_point_primary_hn1,4,3636,15636,-0.837094,0.525417
rc_a33_point_primary_hn1,4,3637,15637,-0.787673,0.761467
rc_a33_point_primary_hn1,4,3638,15638,-0.643713,0.803245
rc_a33_point_primary_hn1,4,3639,15639,-0.67588,1.15938
rc_a33_point_primary_hn1,4,3640,15640,-0.757375,1.1777
rc_a33_point_primary_hn1,4,3641,15641,-0.556923,1.75202
rc_a33_point_primary_hn1,4,3642,15642,-1.012,1.06865
rc_a33_point_primary_hn1,4,3643,15643,-1.04172,1.07078
rc_a33_point_primary_hn1,4,3644,15644,-1.00975,1.30006
rc_a33_point_primary_hn1,4,3645,15645,-0.84793,0.456051
rc_a33_point_primary_hn1,4,3646,15646,-0.806742,0.57921
rc_a33_point_primary_hn1,4,3647,15647,-0.755769,0.704354
rc_a33_point_primary_hn1,4,3648,15648,-0.763418,0.484798
rc_a33_point_primary_hn1,4,3649,15649,-0.502019,0.692188
rc_a33_point_primary_hn1,4,3650,15650,-0.591168,0.569956
rc_a33_point_primary_hn1,4,3651,15651,-0.631622,0.567038
rc_a33_point_primary_hn1,4,3652,15652,-0.620068,0.568031
rc_a33_point_primary_hn1,4,3653,15653,-0.367946,0.828767
rc_a33_point_primary_hn1,4,3654,15654,-0.493755,0.850151
rc_a33_point_primary_hn1,4,3655,15655,-0.623968,0.866007
rc_a33_point_primary_hn1,4,3656,15656,-0.80206,1.05754
rc_a33_point_primary_hn1,4,3657,15657,-0.770291,0.574872
rc_a33_point_primary_hn1,4,3658,15658,-0.730787,0.599385
rc_a33_point_primary_hn1,4,3659,15659,-0.876231,0.634122
rc_a33_point_primary_hn1,4,3660,15660,-0.787122,0.720897
rc_a33_point_primary_hn1,4,3661,15661,-0.76327,0.801696
rc_a33_point_primary_hn1,4,3662,15662,-0.747208,0.40733
rc_a33_point_primary_hn1,4,3663,15663,-0.820783,0.719998
rc_a33_point_primary_hn1,4,3664,15664,-0.445271,0.76634
rc_a33_point_primary_hn1,4,3665,15665,-0.634281,0.747323
rc_a33_point_primary_hn1,4,3666,15666,-0.643308,0.708937
rc_a33_point_primary_hn1,4,3667,15667,-0.940151,0.318926
rc_a33_point_primary_hn1,4,3668,15668,-0.851165,0.299233
rc_a33_point_primary_hn1,4,3669,15669,-0.890256,0.667081
rc_a33_point_primary_hn1,4,3670,15670,-0.604345,0.445747
rc_a33_point_primary_hn1,4,3671,15671,-0.5658,0.465821
rc_a33_point_primary_hn1,4,3672,15672,-0.737426,0.410575
rc_a33_point_primary_hn1,4,3673,15673,-0.845323,0.482377
rc_a33_point_primary_hn1,4,3674,15674,-0.639424,0.67121
rc_a33_point_primary_hn1,4,3675,15675,-0.404496,0.590654
rc_a33_point_primary_hn1,4,3676,15676,-0.608085,0.656839
rc_a33_point_primary_hn1,4,3677,15677,-0.588561,0.607468
rc_a33_point_primary_hn1,4,3678,15678,-1.01781,0.478634
rc_a33_point_primary_hn1,4,3679,15679,-0.915074,0.36186
rc_a33_point_primary_hn1,4,3680,15680,-0.867149,0.549641
rc_a33_point_primary_hn1,4,3681,15681,-0.925182,0.60104
rc_a33_point_primary_hn1,4,3682,15682,-0.697198,0.804842
rc_a33_point_primary_hn1,4,3683,15683,-0.849798,0.670248
rc_a33_point_primary_hn1,4,3684,15684,-0.644907,0.853397
rc_a33_point_primary_hn1,4,3685,15685,-0.281317,0.369644
rc_a33_point_primary_hn1,4,3686,15686,-0.484328,0.402417
rc_a33_point_primary_hn1,4,3687,15687,-1.23049,0.32525
rc_a33_point_primary_hn1,4,3688,15688,-1.64264,0.857315
rc_a33_point_primary_hn1,4,3689,15689,-1.59051,0.739592
rc_a33_point_primary_hn1,4,3690,15690,-1.39975,0.787933
rc_a33_point_primary_hn1,4,3691,15691,-0.656626,0.994031
rc_a33_point_primary_hn1,4,3692,15692,-0.694164,0.648442
rc_a33_point_primary_hn1,4,3693,15693,-0.690139,0.641555
rc_a33_point_primary_hn1,4,3694,15694,-0.656492,0.553768
rc_a33_point_primary_hn1,4,3695,15695,-0.506767,0.752469
rc_a33_point_primary_hn1,4,3696,15696,-0.522223,0.881342
rc_a33_point_primary_hn1,4,3697,15697,-0.482709,1.03985
rc_a33_point_primary_hn1,4,3698,15698,-0.477188,1.24425
rc_a33_point_primary_hn1,4,3699,15699,-0.487613,0.948819
rc_a33_point_primary_hn1,4,3700,15700,-0.900168,0.809246
rc_a33_point_primary_hn1,4,3701,15701,-1.00601,0.855899
rc_a33_point_primary_hn1,4,3702,15702,-1.03235,0.778057
rc_a33_point_primary_hn1,4,3703,15703,-1.01692,0.737539
rc_a33_point_primary_hn1,4,3704,15704,-0.832377,0.592012
rc_a33_point_primary_hn1,4,3705,15705,-0.992396,0.598221
rc_a33_point_primary_hn1,4,3706,15706,-0.963085,0.579341
rc_a33_point_primary_hn1,4,3707,15707,-0.956978,0.591402
rc_a33_point_primary_hn1,4,3708,15708,-0.902479,0.832516
rc_a33_point_primary_hn1,4,3709,15709,-0.722577,0.425071
rc_a33_point_primary_hn1,4,3710,15710,-0.709018,0.302386
rc_a33_point_primary_hn1,4,3711,15711,-0.907892,0.445852
rc_a33_point_primary_hn1,4,3712,15712,-0.655396,0.60072
rc_a33_point_primary_hn1,4,3713,15713,-0.621066,0.454771
rc_a33_point_primary_hn1,4,3714,15714,-1.17945,0.673125
rc_a33_point_primary_hn1,4,3715,15715,-1.31938,0.709219
rc_a33_point_primary_hn1,4,3716,15716,-1.01128,0.598276
rc_a33_point_primary_hn1,4,3717,15717,-0.579501,0.391891
rc_a33_point_primary_hn1,4,3718,15718,-0.702267,0.374366
rc_a33_point_primary_hn1,4,3719,15719,-0.607776,0.313838
rc_a33_point_primary_hn1,4,3720,15720,-0.743842,0.364395
rc_a33_point_primary_hn1,4,3721,15721,-0.404559,0.437732
rc_a33_point_primary_hn1,4,3722,15722,-0.523085,0.463362
rc_a33_point_primary_hn1,4,3723,15723,-0.572883,0.50154
rc_a33_point_primary_hn1,4,3724,15724,-0.404948,0.745475
rc_a33_point_primary_hn1,4,3725,15725,-1.25866,0.663085
rc_a33_point_primary_hn1,4,3726,15726,-1.33962,0.535433
rc_a33_point_primary_hn1,4,3727,15727,-1.15265,1.31075
rc_a33_point_primary_hn1,4,3728,15728,-0.890962,0.568446
rc_a33_point_primary_hn1,4,3729,15729,-0.84203,0.519718
rc_a33_point_primary_hn1,4,3730,15730,-0.851819,0.360585
rc_a33_point_primary_hn1,4,3731,15731,-0.887715,0.51991
rc_a33_point_primary_hn1,4,3732,15732,-0.849705,0.354367
rc_a33_point_primary_hn1,4,3733,15733,-0.884953,0.533027
rc_a33_point_primary_hn1,4,3734,15734,-0.334131,1.09756
rc_a33_point_primary_hn1,4,3735,15735,-0.436865,0.760395
rc_a33_point_primary_hn1,4,3736,15736,-0.419012,0.92159
rc_a33_point_primary_hn1,4,3737,15737,-0.437786,0.657324
rc_a33_point_primary_hn1,4,3738,15738,-0.528307,0.770766
rc_a33_point_primary_hn1,4,3739,15739,-0.400485,0.750773
rc_a33_point_primary_hn1,4,3740,15740,-0.539743,0.89493
rc_a33_point_primary_hn1,4,3741,15741,-0.587475,1.10521
rc_a33_point_primary_hn1,4,3742,15742,-0.926776,0.555953
rc_a33_point_primary_hn1,4,3743,15743,-0.893992,0.726406
rc_a33_point_primary_hn1,4,3744,15744,-0.996557,0.784212
rc_a33_point_primary_hn1,4,3745,15745,-0.93957,0.775597
rc_a33_point_primary_hn1,4,3746,15746,-1.03397,0.594686
rc_a33_point_primary_hn1,4,3747,15747,-0.963866,0.75713
rc_a33_point_primary_hn1,4,3748,15748,-0.600652,0.497427
rc_a33_point_primary_hn1,4,3749,15749,-0.519098,0.712131
rc_a33_point_primary_hn1,4,3750,15750,-0.730184,0.581212
rc_a33_point_primary_hn1,4,3751,15751,-0.682977,0.685916
rc_a33_point_primary_hn1,4,3752,15752,-0.884758,0.620349
rc_a33_point_primary_hn1,4,3753,15753,-0.718749,0.448747
rc_a33_point_primary_hn1,4,3754,15754,-0.822674,0.68629
rc_a33_point_primary_hn1,4,3755,15755,-0.7049,0.563228
rc_a33_point_primary_hn1,4,3756,15756,-0.718787,0.586138
rc_a33_point_primary_hn1,4,3757,15757,-0.580371,0.617276
rc_a33_point_primary_hn1,4,3758,15758,-0.59913400000000006,0.615146
rc_a33_point_primary_hn1,4,3759,15759,-0.943336,0.553064
rc_a33_point_primary_hn1,4,3760,15760,-0.891154,0.560359
rc_a33_point_primary_hn1,4,3761,15761,-0.474502,0.416162
rc_a33_point_primary_hn1,4,3762,15762,-0.774775,0.447492
rc_a33_point_primary_hn1,4,3763,15763,-0.795131,0.433674
rc_a33_point_primary_hn1,4,3764,15764,-0.693174,0.826027
rc_a33_point_primary_hn1,4,3765,15765,-0.810151,0.427539
rc_a33_point_primary_hn1,4,3766,15766,-0.786041,0.450209
rc_a33_point_primary_hn1,4,3767,15767,-0.788163,0.471546
rc_a33_point_primary_hn1,4,3768,15768,-0.697965,0.4322
rc_a33_point_primary_hn1,4,3769,15769,-0.804426,0.343791
rc_a33_point_primary_hn1,4,3770,15770,-0.744003,0.301262
rc_a33_point_primary_hn1,4,3771,15771,-0.588998,0.436019
rc_a33_point_primary_hn1,4,3772,15772,-0.833009,0.402449
rc_a33_point_primary_hn1,4,3773,15773,-0.914838,0.4474
rc_a33_point_primary_hn1,4,3774,15774,-0.947943,0.505626
rc_a33_point_primary_hn1,4,3775,15775,-0.773957,0.716728
rc_a33_point_primary_hn1,4,3776,15776,-0.804905,0.39783
rc_a33_point_primary_hn1,4,3777,15777,-0.783078,0.428197
rc_a33_point_primary_hn1,4,3778,15778,-0.754781,0.715531
rc_a33_point_primary_hn1,4,3779,15779,-0.660417,0.400788
rc_a33_point_primary_hn1,4,3780,15780,-1.06255,0.655976
rc_a33_point_primary_hn1,4,3781,15781,-0.947053,0.801884
rc_a33_point_primary_hn1,4,3782,15782,-1.00704,0.683851
rc_a33_point_primary_hn1,4,3783,15783,-1.1298,0.688723
rc_a33_point_primary_hn1,4,3784,15784,-0.763245,0.375959
rc_a33_point_primary_hn1,4,3785,15785,-1.05498,0.485423
rc_a33_point_primary_hn1,4,3786,15786,-0.924087,0.542085
rc_a33_point_primary_hn1,4,3787,15787,-0.705449,0.368856
rc_a33_point_primary_hn1,4,3788,15788,-0.715096,0.45643
rc_a33_point_primary_hn1,4,3789,15789,-0.735376,0.90883
rc_a33_point_primary_hn1,4,3790,15790,-0.732962,0.742045
rc_a33_point_primary_hn1,4,3791,15791,-0.711763,0.463212
rc_a33_point_primary_hn1,4,3792,15792,-0.901741,0.679556
rc_a33_point_primary_hn1,4,3793,15793,-0.957264,0.684546
rc_a33_point_primary_hn1,4,3794,15794,-0.803611,0.591344
rc_a33_point_primary_hn1,4,3795,15795,-0.998026,0.79908
rc_a33_point_primary_hn1,4,3796,15796,-0.951516,0.810668
rc_a33_point_primary_hn1,4,3797,15797,-0.855775,0.681024
rc_a33_point_primary_hn1,4,3798,15798,-1.09932,0.903728
rc_a33_point_primary_hn1,4,3799,15799,-1.17873,0.989214
rc_a33_point_primary_hn1,4,3800,15800,-1.01967,1.05291
rc_a33_point_primary_hn1,4,3801,15801,-1.0201,0.870211
rc_a33_point_primary_hn1,4,3802,15802,-0.196749,1.09962
rc_a33_point_primary_hn1,4,3803,15803,-0.734742,0.82539
rc_a33_point_primary_hn1,4,3804,15804,-0.635287,0.482069
rc_a33_point_primary_hn1,4,3805,15805,-1.05245,0.6187
rc_a33_point_primary_hn1,4,3806,15806,-0.91529,0.622332
rc_a33_point_primary_hn1,4,3807,15807,-1.0252,0.578677
rc_a33_point_primary_hn1,4,3808,15808,-0.566087,0.796687
rc_a33_point_primary_hn1,4,3809,15809,-0.686499,0.691954
rc_a33_point_primary_hn1,4,3810,15810,-0.984788,0.579283
rc_a33_point_primary_hn1,4,3811,15811,-0.94594,0.601379
rc_a33_point_primary_hn1,4,3812,15812,-1.09617,0.517607
rc_a33_point_primary_hn1,4,3813,15813,-0.996347,0.481323
rc_a33_point_primary_hn1,4,3814,15814,-0.921468,0.436391
rc_a33_point_primary_hn1,4,3815,15815,-1.11003,0.512085
rc_a33_point_primary_hn1,4,3816,15816,-0.94799,0.392253
rc_a33_point_primary_hn1,4,3817,15817,-1.29636,0.489914
rc_a33_point_primary_hn1,4,3818,15818,-1.05353,0.424606
rc_a33_point_primary_hn1,4,3819,15819,-0.645746,0.523468
rc_a33_point_primary_hn1,4,3820,15820,-0.921203,0.565171
rc_a33_point_primary_hn1,4,3821,15821,-1.06239,0.841415
rc_a33_point_primary_hn1,4,3822,15822,-0.769622,0.767673
rc_a33_point_primary_hn1,4,3823,15823,-0.793128,0.575646
rc_a33_point_primary_hn1,4,3824,15824,-0.716121,0.430861
rc_a33_point_primary_hn1,4,3825,15825,-0.689393,0.415482
rc_a33_point_primary_hn1,4,3826,15826,-0.671467,0.960453
rc_a33_point_primary_hn1,4,3827,15827,-0.69859,0.426246
rc_a33_point_primary_hn1,4,3828,15828,-0.581207,0.407682
rc_a33_point_primary_hn1,4,3829,15829,-0.694839,0.51953
rc_a33_point_primary_hn1,4,3830,15830,-0.622091,0.287544
rc_a33_point_primary_hn1,4,3831,15831,-0.697296,0.465426
rc_a33_point_primary_hn1,4,3832,15832,-0.687356,0.459523
rc_a33_point_primary_hn1,4,3833,15833,-0.7447,0.488189
rc_a33_point_primary_hn1,4,3834,15834,-0.689205,0.524184
rc_a33_point_primary_hn1,4,3835,15835,-0.772161,0.728248
rc_a33_point_primary_hn1,4,3836,15836,-0.541761,0.597267
rc_a33_point_primary_hn1,4,3837,15837,-0.71599,0.446696
rc_a33_point_primary_hn1,4,3838,15838,-0.756183,0.386413
rc_a33_point_primary_hn1,4,3839,15839,-0.900199,0.320157
rc_a33_point_primary_hn1,4,3840,15840,-0.971545,0.40985
rc_a33_point_primary_hn1,4,3841,15841,-1.21992,0.476825
rc_a33_point_primary_hn1,4,3842,15842,-0.671006,0.580251
rc_a33_point_primary_hn1,4,3843,15843,-0.863976,0.49816
rc_a33_point_primary_hn1,4,3844,15844,-0.760566,0.558868
rc_a33_point_primary_hn1,4,3845,15845,-1.05414,0.487282
rc_a33_point_primary_hn1,4,3846,15846,-0.736299,0.737543
rc_a33_point_primary_hn1,4,3847,15847,-0.739197,0.551345
rc_a33_point_primary_hn1,4,3848,15848,-0.719574,0.567281
rc_a33_point_primary_hn1,4,3849,15849,-0.955039,0.469164
rc_a33_point_primary_hn1,4,3850,15850,-0.651884,0.714729
rc_a33_point_primary_hn1,4,3851,15851,-0.519194,0.850011
rc_a33_point_primary_hn1,4,3852,15852,-0.4839,0.711924
rc_a33_point_primary_hn1,4,3853,15853,-0.731972,0.610687
rc_a33_point_primary_hn1,4,3854,15854,-0.64579,0.52206
rc_a33_point_primary_hn1,4,3855,15855,-0.695038,0.507449
rc_a33_point_primary_hn1,4,3856,15856,-0.511083,0.653909
rc_a33_point_primary_hn1,4,3857,15857,-0.450103,0.398052
rc_a33_point_primary_hn1,4,3858,15858,-0.694097,0.353887
rc_a33_point_primary_hn1,4,3859,15859,-0.851492,0.323075
rc_a33_point_primary_hn1,4,3860,15860,-0.667007,0.577468
rc_a33_point_primary_hn1,4,3861,15861,-0.386563,0.799946
rc_a33_point_primary_hn1,4,3862,15862,-0.412856,0.968656
rc_a33_point_primary_hn1,4,3863,15863,-0.285357,0.99213
rc_a33_point_primary_hn1,4,3864,15864,-0.329939,0.575467
rc_a33_point_primary_hn1,4,3865,15865,-0.303472,0.577367
rc_a33_point_primary_hn1,4,3866,15866,-0.331968,1.22154
rc_a33_point_primary_hn1,4,3867,15867,-0.62563,0.507607
rc_a33_point_primary_hn1,4,3868,15868,-0.331152,0.705413
rc_a33_point_primary_hn1,4,3869,15869,-0.769606,0.606841
rc_a33_point_primary_hn1,4,3870,15870,-0.825605,0.60418
rc_a33_point_primary_hn1,4,3871,15871,-0.625292,0.564268
rc_a33_point_primary_hn1,4,3872,15872,-0.619476,0.416261
rc_a33_point_primary_hn1,4,3873,15873,-0.425817,0.532363
rc_a33_point_primary_hn1,4,3874,15874,-0.426365,0.637123
rc_a33_point_primary_hn1,4,3875,15875,-0.473914,0.595642
rc_a33_point_primary_hn1,4,3876,15876,-0.628685,0.615019
rc_a33_point_primary_hn1,4,3877,15877,-0.383699,0.61551
rc_a33_point_primary_hn1,4,3878,15878,-0.383002,0.630207
rc_a33_point_primary_hn1,4,3879,15879,-0.661318,0.623669
rc_a33_point_primary_hn1,4,3880,15880,-0.621201,0.652412
rc_a33_point_primary_hn1,4,3881,15881,-0.514895,0.544874
rc_a33_point_primary_hn1,4,3882,15882,-0.595664,0.655535
rc_a33_point_primary_hn1,4,3883,15883,-0.422593,0.944966
rc_a33_point_primary_hn1,4,3884,15884,-0.146474,1.54491
rc_a33_point_primary_hn1,4,3885,15885,-0.117513,1.40759
rc_a33_point_primary_hn1,4,3886,15886,-0.731414,0.571856
rc_a33_point_primary_hn1,4,3887,15887,-0.890974,0.577607
rc_a33_point_primary_hn1,4,3888,15888,-0.816429,0.593538
rc_a33_point_primary_hn1,4,3889,15889,-0.963166,0.766288
rc_a33_point_primary_hn1,4,3890,15890,-0.671156,0.583104
rc_a33_point_primary_hn1,4,3891,15891,-0.508592,0.731202
rc_a33_point_primary_hn1,4,3892,15892,-0.576461,0.823242
rc_a33_point_primary_hn1,4,3893,15893,-0.27063,1.12167
rc_a33_point_primary_hn1,4,3894,15894,-1.02377,0.561103
rc_a33_point_primary_hn1,4,3895,15895,-1.11628,0.539488
rc_a33_point_primary_hn1,4,3896,15896,-0.99644,0.34199
rc_a33_point_primary_hn1,4,3897,15897,-0.98003,0.380591
rc_a33_point_primary_hn1,4,3898,15898,-0.861965,0.30176
rc_a33_point_primary_hn1,4,3899,15899,-0.946555,0.307732
rc_a33_point_primary_hn1,4,3900,15900,-0.954046,0.220874
rc_a33_point_primary_hn1,4,3901,15901,-1.38953,0.549361
rc_a33_point_primary_hn1,4,3902,15902,-1.55919,0.670152
rc_a33_point_primary_hn1,4,3903,15903,-1.57206,0.622204
rc_a33_point_primary_hn1,4,3904,15904,-1.54417,0.657464
rc_a33_point_primary_hn1,4,3905,15905,-1.47651,0.718099
rc_a33_point_primary_hn1,4,3906,15906,-1.20997,0.466117
rc_a33_point_primary_hn1,4,3907,15907,-0.772822,0.234638
rc_a33_point_primary_hn1,4,3908,15908,-0.45366,0.646572
rc_a33_point_primary_hn1,4,3909,15909,-0.616431,0.602387
rc_a33_point_primary_hn1,4,3910,15910,-0.751166,0.482187
rc_a33_point_primary_hn1,4,3911,15911,-0.600529,0.394192
rc_a33_point_primary_hn1,4,3912,15912,-0.502092,0.801323
rc_a33_point_primary_hn1,4,3913,15913,-0.598787,0.844715
rc_a33_point_primary_hn1,4,3914,15914,-0.56139,0.779935
rc_a33_point_primary_hn1,4,3915,15915,-0.636588,0.715766
rc_a33_point_primary_hn1,4,3916,15916,-0.656803,0.736455
rc_a33_point_primary_hn1,4,3917,15917,-0.527206,0.500189
rc_a33_point_primary_hn1,4,3918,15918,-0.618017,0.440517
rc_a33_point_primary_hn1,4,3919,15919,-0.738077,0.430254
rc_a33_point_primary_hn1,4,3920,15920,-0.796451,0.321339
rc_a33_point_primary_hn1,4,3921,15921,-0.836735,0.330982
rc_a33_point_primary_hn1,4,3922,15922,-1.04642,0.58271
rc_a33_point_primary_hn1,4,3923,15923,-0.990648,0.574698
rc_a33_point_primary_hn1,4,3924,15924,-0.877824,0.360947
rc_a33_point_primary_hn1,4,3925,15925,-1.01191,0.325999
rc_a33_point_primary_hn1,4,3926,15926,-1.2559,0.542386
rc_a33_point_primary_hn1,4,3927,15927,-1.2307,0.561421
rc_a33_point_primary_hn1,4,3928,15928,-1.20742,0.73685
rc_a33_point_primary_hn1,4,3929,15929,-1.07117,0.762497
rc_a33_point_primary_hn1,4,3930,15930,-0.94848,0.694344
rc_a33_point_primary_hn1,4,3931,15931,-0.873795,0.553421
rc_a33_point_primary_hn1,4,3932,15932,-0.762378,0.897633
rc_a33_point_primary_hn1,4,3933,15933,-0.714402,0.772176
rc_a33_point_primary_hn1,4,3934,15934,-0.778401,0.897088
rc_a33_point_primary_hn1,4,3935,15935,-0.928265,0.587462
rc_a33_point_primary_hn1,4,3936,15936,-0.869834,0.612946
rc_a33_point_primary_hn1,4,3937,15937,-0.887458,0.608255
rc_a33_point_primary_hn1,4,3938,15938,-0.779241,0.383493
rc_a33_point_primary_hn1,4,3939,15939,-0.778076,0.353403
rc_a33_point_primary_hn1,4,3940,15940,-0.971964,0.654534
rc_a33_point_primary_hn1,4,3941,15941,-0.631471,0.521222
rc_a33_point_primary_hn1,4,3942,15942,-0.646019,0.668116
rc_a33_point_primary_hn1,4,3943,15943,-0.571768,0.958144
rc_a33_point_primary_hn1,4,3944,15944,-0.658326,0.465646
rc_a33_point_primary_hn1,4,3945,15945,-0.290788,0.502925
rc_a33_point_primary_hn1,4,3946,15946,-0.468369,0.361301
rc_a33_point_primary_hn1,4,3947,15947,-0.653851,0.960338
rc_a33_point_primary_hn1,4,3948,15948,-0.536111,0.75018
rc_a33_point_primary_hn1,4,3949,15949,-0.549831,1.33392
rc_a33_point_primary_hn1,4,3950,15950,-0.396899,0.831349
rc_a33_point_primary_hn1,4,3951,15951,-0.652241,0.335033
rc_a33_point_primary_hn1,4,3952,15952,-0.615166,0.32549
rc_a33_point_primary_hn1,4,3953,15953,-0.565781,0.43791
rc_a33_point_primary_hn1,4,3954,15954,-1.57026,1.04562
rc_a33_point_primary_hn1,4,3955,15955,-1.09188,1.36404
rc_a33_point_primary_hn1,4,3956,15956,-0.724328,0.755776
rc_a33_point_primary_hn1,4,3957,15957,-0.690222,0.817212
rc_a33_point_primary_hn1,4,3958,15958,-0.704302,0.914758
rc_a33_point_primary_hn1,4,3959,15959,-1.18708,0.89112
rc_a33_point_primary_hn1,4,3960,15960,-1.16681,0.811867
rc_a33_point_primary_hn1,4,3961,15961,-1.09236,1.06715
rc_a33_point_primary_hn1,4,3962,15962,-1.06912,0.921891
rc_a33_point_primary_hn1,4,3963,15963,-0.625898,0.679905
rc_a33_point_primary_hn1,4,3964,15964,-0.588945,0.73625
rc_a33_point_primary_hn1,4,3965,15965,-0.659782,0.532307
rc_a33_point_primary_hn1,4,3966,15966,-0.688977,0.51849
rc_a33_point_primary_hn1,4,3967,15967,-0.960098,0.691224
rc_a33_point_primary_hn1,4,3968,15968,-0.636919,0.433743
rc_a33_point_primary_hn1,4,3969,15969,-0.927133,0.670725
rc_a33_point_primary_hn1,4,3970,15970,-0.852966,0.705012
rc_a33_point_primary_hn1,4,3971,15971,-0.80113,0.378489
rc_a33_point_primary_hn1,4,3972,15972,-0.913281,0.651808
rc_a33_point_primary_hn1,4,3973,15973,-0.80157,0.256535
rc_a33_point_primary_hn1,4,3974,15974,-0.847283,0.413087
rc_a33_point_primary_hn1,4,3975,15975,-0.783322,0.447838
rc_a33_point_primary_hn1,4,3976,15976,-0.861569,0.597267
rc_a33_point_primary_hn1,4,3977,15977,-0.868501,0.454133
rc_a33_point_primary_hn1,4,3978,15978,-0.794149,0.520892
rc_a33_point_primary_hn1,4,3979,15979,-0.820949,0.423306
rc_a33_point_primary_hn1,4,3980,15980,-0.616233,0.590763
rc_a33_point_primary_hn1,4,3981,15981,-0.866521,0.656455
rc_a33_point_primary_hn1,4,3982,15982,-0.752623,0.70789
rc_a33_point_primary_hn1,4,3983,15983,-0.462238,0.951697
rc_a33_point_primary_hn1,4,3984,15984,-0.390216,0.98416
rc_a33_point_primary_hn1,4,3985,15985,-0.485212,0.461188
rc_a33_point_primary_hn1,4,3986,15986,-0.466607,0.783692
rc_a33_point_primary_hn1,4,3987,15987,-0.62604,0.896828
rc_a33_point_primary_hn1,4,3988,15988,-0.568645,0.844084
rc_a33_point_primary_hn1,4,3989,15989,-0.511159,0.400723
rc_a33_point_primary_hn1,4,3990,15990,-1.5368,0.66017
rc_a33_point_primary_hn1,4,3991,15991,-1.92118,1.00693
rc_a33_point_primary_hn1,4,3992,15992,-1.91958,1.1347
rc_a33_point_primary_hn1,4,3993,15993,-1.9419,1.17579
rc_a33_point_primary_hn1,4,3994,15994,-1.97059,1.15199
rc_a33_point_primary_hn1,4,3995,15995,-1.39575,0.902731
rc_a33_point_primary_hn1,4,3996,15996,-1.44814,0.943624
rc_a33_point_primary_hn1,4,3997,15997,-1.61979,1.1538
rc_a33_point_primary_hn1,4,3998,15998,-1.45744,1.00088
rc_a33_point_primary_hn1,4,3999,15999,-1.36629,0.898895
rc_a33_point_primary_hn1,4,4000,16000,-1.59674,0.962963
