model_id,.chain,.iteration,.draw,mu,tau
rc_trial_a33_k3_hn05,1,1,1,-0.067736,0.657088
rc_trial_a33_k3_hn05,1,2,2,0.772176,0.743894
rc_trial_a33_k3_hn05,1,3,3,0.804939,0.785934
rc_trial_a33_k3_hn05,1,4,4,0.535503,0.333376
rc_trial_a33_k3_hn05,1,5,5,0.476361,0.149813
rc_trial_a33_k3_hn05,1,6,6,0.711148,0.488803
rc_trial_a33_k3_hn05,1,7,7,0.651616,0.494862
rc_trial_a33_k3_hn05,1,8,8,0.680525,0.357537
rc_trial_a33_k3_hn05,1,9,9,0.441043,0.442461
rc_trial_a33_k3_hn05,1,10,10,0.582792,0.595234
rc_trial_a33_k3_hn05,1,11,11,0.551395,0.767209
rc_trial_a33_k3_hn05,1,12,12,0.0234308,0.663782
rc_trial_a33_k3_hn05,1,13,13,-0.142065,0.732462
rc_trial_a33_k3_hn05,1,14,14,-0.290128,0.829598
rc_trial_a33_k3_hn05,1,15,15,-0.135322,1.01724
rc_trial_a33_k3_hn05,1,16,16,0.0537273,0.224623
rc_trial_a33_k3_hn05,1,17,17,0.127886,0.177015
rc_trial_a33_k3_hn05,1,18,18,0.151855,0.137132
rc_trial_a33_k3_hn05,1,19,19,0.331406,0.642208
rc_trial_a33_k3_hn05,1,20,20,0.283357,0.223454
rc_trial_a33_k3_hn05,1,21,21,0.714422,0.507487
rc_trial_a33_k3_hn05,1,22,22,0.912464,1.0011
rc_trial_a33_k3_hn05,1,23,23,0.906455,1.16024
rc_trial_a33_k3_hn05,1,24,24,0.793523,1.09049
rc_trial_a33_k3_hn05,1,25,25,0.705373,0.304217
rc_trial_a33_k3_hn05,1,26,26,0.630315,0.49207
rc_trial_a33_k3_hn05,1,27,27,0.107342,0.362097
rc_trial_a33_k3_hn05,1,28,28,0.276666,0.0530049
rc_trial_a33_k3_hn05,1,29,29,-0.0102761,0.290352
rc_trial_a33_k3_hn05,1,30,30,0.293585,0.172466
rc_trial_a33_k3_hn05,1,31,31,0.481731,0.255811
rc_trial_a33_k3_hn05,1,32,32,0.305643,0.208212
rc_trial_a33_k3_hn05,1,33,33,0.349041,0.139348
rc_trial_a33_k3_hn05,1,34,34,0.555059,0.282702
rc_trial_a33_k3_hn05,1,35,35,0.404809,0.216983
rc_trial_a33_k3_hn05,1,36,36,0.448555,0.202851
rc_trial_a33_k3_hn05,1,37,37,0.428282,0.273865
rc_trial_a33_k3_hn05,1,38,38,0.167653,0.088582
rc_trial_a33_k3_hn05,1,39,39,0.478836,0.2815
rc_trial_a33_k3_hn05,1,40,40,0.422725,0.198888
rc_trial_a33_k3_hn05,1,41,41,0.3443,0.12141
rc_trial_a33_k3_hn05,1,42,42,0.152083,0.108048
rc_trial_a33_k3_hn05,1,43,43,0.254718,0.08768
rc_trial_a33_k3_hn05,1,44,44,0.344073,0.109624
rc_trial_a33_k3_hn05,1,45,45,0.347601,0.114956
rc_trial_a33_k3_hn05,1,46,46,0.308285,0.294615
rc_trial_a33_k3_hn05,1,47,47,0.204059,0.291403
rc_trial_a33_k3_hn05,1,48,48,0.210392,0.343177
rc_trial_a33_k3_hn05,1,49,49,0.622085,0.178558
rc_trial_a33_k3_hn05,1,50,50,0.42698,0.145076
rc_trial_a33_k3_hn05,1,51,51,0.295064,0.0458895
rc_trial_a33_k3_hn05,1,52,52,0.358143,0.00754335
rc_trial_a33_k3_hn05,1,53,53,0.451761,0.00335566
rc_trial_a33_k3_hn05,1,54,54,0.354702,0.00423642
rc_trial_a33_k3_hn05,1,55,55,0.331887,0.0298642
rc_trial_a33_k3_hn05,1,56,56,0.319485,0.0563258
rc_trial_a33_k3_hn05,1,57,57,0.260196,0.0654404
rc_trial_a33_k3_hn05,1,58,58,0.225691,0.272488
rc_trial_a33_k3_hn05,1,59,59,0.399852,0.144004
rc_trial_a33_k3_hn05,1,60,60,0.288888,0.240568
rc_trial_a33_k3_hn05,1,61,61,0.52655,0.221113
rc_trial_a33_k3_hn05,1,62,62,0.0933521,0.671887
rc_trial_a33_k3_hn05,1,63,63,0.238081,0.341175
rc_trial_a33_k3_hn05,1,64,64,-0.176366,0.796212
rc_trial_a33_k3_hn05,1,65,65,-0.181601,0.830967
rc_trial_a33_k3_hn05,1,66,66,0.228897,0.438741
rc_trial_a33_k3_hn05,1,67,67,-0.0114561,0.538736
rc_trial_a33_k3_hn05,1,68,68,0.320266,0.647064
rc_trial_a33_k3_hn05,1,69,69,0.369916,0.500519
rc_trial_a33_k3_hn05,1,70,70,0.263143,0.728446
rc_trial_a33_k3_hn05,1,71,71,0.0670236,1.45597
rc_trial_a33_k3_hn05,1,72,72,0.259937,0.163761
rc_trial_a33_k3_hn05,1,73,73,0.260148,0.269321
rc_trial_a33_k3_hn05,1,74,74,0.336785,0.181174
rc_trial_a33_k3_hn05,1,75,75,0.0448726,0.333137
rc_trial_a33_k3_hn05,1,76,76,0.00439564,0.425648
rc_trial_a33_k3_hn05,1,77,77,0.407025,0.467878
rc_trial_a33_k3_hn05,1,78,78,0.353357,0.459354
rc_trial_a33_k3_hn05,1,79,79,0.16204,0.888103
rc_trial_a33_k3_hn05,1,80,80,0.169657,1.05654
rc_trial_a33_k3_hn05,1,81,81,0.309858,0.337962
rc_trial_a33_k3_hn05,1,82,82,0.239069,0.324094
rc_trial_a33_k3_hn05,1,83,83,0.409712,0.170404
rc_trial_a33_k3_hn05,1,84,84,0.34618,0.139902
rc_trial_a33_k3_hn05,1,85,85,1.05244,0.741218
rc_trial_a33_k3_hn05,1,86,86,1.02633,0.973241
rc_trial_a33_k3_hn05,1,87,87,0.979551,0.659545
rc_trial_a33_k3_hn05,1,88,88,0.870916,0.663942
rc_trial_a33_k3_hn05,1,89,89,0.372816,0.512832
rc_trial_a33_k3_hn05,1,90,90,0.228582,0.214977
rc_trial_a33_k3_hn05,1,91,91,0.780013,0.93524
rc_trial_a33_k3_hn05,1,92,92,0.33596,0.564083
rc_trial_a33_k3_hn05,1,93,93,0.0626553,0.29765
rc_trial_a33_k3_hn05,1,94,94,-0.0517872,1.12316
rc_trial_a33_k3_hn05,1,95,95,0.0128832,0.832272
rc_trial_a33_k3_hn05,1,96,96,0.0765028,0.607943
rc_trial_a33_k3_hn05,1,97,97,0.151217,1.10592
rc_trial_a33_k3_hn05,1,98,98,0.829492,0.543024
rc_trial_a33_k3_hn05,1,99,99,1.04738,0.583202
rc_trial_a33_k3_hn05,1,100,100,0.105602,0.17939
rc_trial_a33_k3_hn05,1,101,101,0.304039,0.113159
rc_trial_a33_k3_hn05,1,102,102,0.336252,0.102119
rc_trial_a33_k3_hn05,1,103,103,0.434903,0.235204
rc_trial_a33_k3_hn05,1,104,104,0.457684,0.273119
rc_trial_a33_k3_hn05,1,105,105,0.257515,0.127101
rc_trial_a33_k3_hn05,1,106,106,0.119525,0.111484
rc_trial_a33_k3_hn05,1,107,107,0.290139,0.214668
rc_trial_a33_k3_hn05,1,108,108,0.179138,0.157677
rc_trial_a33_k3_hn05,1,109,109,0.21299,0.407816
rc_trial_a33_k3_hn05,1,110,110,0.413827,0.268563
rc_trial_a33_k3_hn05,1,111,111,1.06315,0.808019
rc_trial_a33_k3_hn05,1,112,112,0.810911,0.902283
rc_trial_a33_k3_hn05,1,113,113,0.808438,0.81434
rc_trial_a33_k3_hn05,1,114,114,0.774854,0.737255
rc_trial_a33_k3_hn05,1,115,115,0.602947,0.572354
rc_trial_a33_k3_hn05,1,116,116,0.451633,0.50125
rc_trial_a33_k3_hn05,1,117,117,0.805606,1.09608
rc_trial_a33_k3_hn05,1,118,118,0.320937,0.665469
rc_trial_a33_k3_hn05,1,119,119,0.28275,0.876421
rc_trial_a33_k3_hn05,1,120,120,0.271633,0.351022
rc_trial_a33_k3_hn05,1,121,121,1.18831,1.08146
rc_trial_a33_k3_hn05,1,122,122,1.75958,1.06995
rc_trial_a33_k3_hn05,1,123,123,1.74506,1.06583
rc_trial_a33_k3_hn05,1,124,124,1.26882,0.799232
rc_trial_a33_k3_hn05,1,125,125,0.673265,0.677486
rc_trial_a33_k3_hn05,1,126,126,0.788892,0.959466
rc_trial_a33_k3_hn05,1,127,127,0.395685,0.446036
rc_trial_a33_k3_hn05,1,128,128,0.356842,0.462632
rc_trial_a33_k3_hn05,1,129,129,0.171406,0.555378
rc_trial_a33_k3_hn05,1,130,130,0.214957,0.807412
rc_trial_a33_k3_hn05,1,131,131,0.431038,0.20939
rc_trial_a33_k3_hn05,1,132,132,0.446556,0.260651
rc_trial_a33_k3_hn05,1,133,133,0.223517,0.117583
rc_trial_a33_k3_hn05,1,134,134,0.566445,0.610211
rc_trial_a33_k3_hn05,1,135,135,0.457299,0.58826
rc_trial_a33_k3_hn05,1,136,136,0.924785,0.449426
rc_trial_a33_k3_hn05,1,137,137,0.703113,0.243851
rc_trial_a33_k3_hn05,1,138,138,-0.139143,0.156121
rc_trial_a33_k3_hn05,1,139,139,0.471601,0.276977
rc_trial_a33_k3_hn05,1,140,140,0.122171,0.389869
rc_trial_a33_k3_hn05,1,141,141,0.329741,0.618435
rc_trial_a33_k3_hn05,1,142,142,0.214329,0.599639
rc_trial_a33_k3_hn05,1,143,143,0.316542,0.773053
rc_trial_a33_k3_hn05,1,144,144,0.715831,0.380487
rc_trial_a33_k3_hn05,1,145,145,0.560508,0.382778
rc_trial_a33_k3_hn05,1,146,146,0.231732,0.296999
rc_trial_a33_k3_hn05,1,147,147,0.547606,0.168949
rc_trial_a33_k3_hn05,1,148,148,0.591772,0.193469
rc_trial_a33_k3_hn05,1,149,149,0.5691,0.230572
rc_trial_a33_k3_hn05,1,150,150,0.802043,0.945896
rc_trial_a33_k3_hn05,1,151,151,0.830899,0.511575
rc_trial_a33_k3_hn05,1,152,152,0.607257,0.492228
rc_trial_a33_k3_hn05,1,153,153,0.292414,0.930021
rc_trial_a33_k3_hn05,1,154,154,0.332337,0.828597
rc_trial_a33_k3_hn05,1,155,155,0.659159,0.643639
rc_trial_a33_k3_hn05,1,156,156,0.204649,0.474293
rc_trial_a33_k3_hn05,1,157,157,0.35946,0.304008
rc_trial_a33_k3_hn05,1,158,158,0.520415,0.430456
rc_trial_a33_k3_hn05,1,159,159,0.620172,0.552228
rc_trial_a33_k3_hn05,1,160,160,0.233028,0.013658
rc_trial_a33_k3_hn05,1,161,161,0.293462,0.0225133
rc_trial_a33_k3_hn05,1,162,162,0.264806,0.0316633
rc_trial_a33_k3_hn05,1,163,163,0.461133,0.3405
rc_trial_a33_k3_hn05,1,164,164,0.14667,0.275196
rc_trial_a33_k3_hn05,1,165,165,0.0191135,0.262293
rc_trial_a33_k3_hn05,1,166,166,0.257984,0.206496
rc_trial_a33_k3_hn05,1,167,167,0.147101,0.219258
rc_trial_a33_k3_hn05,1,168,168,0.385258,0.36949
rc_trial_a33_k3_hn05,1,169,169,0.306407,0.840416
rc_trial_a33_k3_hn05,1,170,170,0.855828,0.538376
rc_trial_a33_k3_hn05,1,171,171,-0.326162,1.01447
rc_trial_a33_k3_hn05,1,172,172,0.304229,0.601066
rc_trial_a33_k3_hn05,1,173,173,0.0465267,0.53236000000000006
rc_trial_a33_k3_hn05,1,174,174,0.291949,0.383461
rc_trial_a33_k3_hn05,1,175,175,-0.0648469,0.521342
rc_trial_a33_k3_hn05,1,176,176,0.226738,0.600362
rc_trial_a33_k3_hn05,1,177,177,0.515948,0.838458
rc_trial_a33_k3_hn05,1,178,178,0.599207,0.570534
rc_trial_a33_k3_hn05,1,179,179,0.400507,0.596768
rc_trial_a33_k3_hn05,1,180,180,-0.120438,0.57278
rc_trial_a33_k3_hn05,1,181,181,-0.00379106,0.643042
rc_trial_a33_k3_hn05,1,182,182,0.604005,0.594812
rc_trial_a33_k3_hn05,1,183,183,0.838897,0.744686
rc_trial_a33_k3_hn05,1,184,184,0.931536,0.688538
rc_trial_a33_k3_hn05,1,185,185,0.848419,0.253271
rc_trial_a33_k3_hn05,1,186,186,0.170654,0.685615
rc_trial_a33_k3_hn05,1,187,187,0.962355,0.667185
rc_trial_a33_k3_hn05,1,188,188,0.707905,0.584069
rc_trial_a33_k3_hn05,1,189,189,1.07539,0.709341
rc_trial_a33_k3_hn05,1,190,190,0.794971,0.655343
rc_trial_a33_k3_hn05,1,191,191,0.524011,0.509035
rc_trial_a33_k3_hn05,1,192,192,0.519641,0.234459
rc_trial_a33_k3_hn05,1,193,193,0.832106,0.729858
rc_trial_a33_k3_hn05,1,194,194,0.147204,0.225417
rc_trial_a33_k3_hn05,1,195,195,0.284323,0.243808
rc_trial_a33_k3_hn05,1,196,196,0.170719,0.0617622
rc_trial_a33_k3_hn05,1,197,197,0.258099,0.00972534
rc_trial_a33_k3_hn05,1,198,198,0.181474,0.00594479
rc_trial_a33_k3_hn05,1,199,199,0.0693588,0.305087
rc_trial_a33_k3_hn05,1,200,200,0.713985,0.370622
rc_trial_a33_k3_hn05,1,201,201,0.604179,0.151653
rc_trial_a33_k3_hn05,1,202,202,0.545591,0.287027
rc_trial_a33_k3_hn05,1,203,203,0.842273,0.4852
rc_trial_a33_k3_hn05,1,204,204,0.875701,0.488767
rc_trial_a33_k3_hn05,1,205,205,1.13224,0.451184
rc_trial_a33_k3_hn05,1,206,206,0.808987,0.282326
rc_trial_a33_k3_hn05,1,207,207,0.202356,0.972151
rc_trial_a33_k3_hn05,1,208,208,0.401879,0.258677
rc_trial_a33_k3_hn05,1,209,209,0.378953,0.289034
rc_trial_a33_k3_hn05,1,210,210,0.210585,0.221464
rc_trial_a33_k3_hn05,1,211,211,0.311337,0.383915
rc_trial_a33_k3_hn05,1,212,212,0.501538,0.624157
rc_trial_a33_k3_hn05,1,213,213,0.244454,0.124995
rc_trial_a33_k3_hn05,1,214,214,0.306373,0.181865
rc_trial_a33_k3_hn05,1,215,215,0.40773,0.373217
rc_trial_a33_k3_hn05,1,216,216,0.216,0.261722
rc_trial_a33_k3_hn05,1,217,217,0.271126,0.591193
rc_trial_a33_k3_hn05,1,218,218,0.308105,0.674325
rc_trial_a33_k3_hn05,1,219,219,0.256639,0.682621
rc_trial_a33_k3_hn05,1,220,220,0.172804,0.443351
rc_trial_a33_k3_hn05,1,221,221,0.149546,0.486266
rc_trial_a33_k3_hn05,1,222,222,0.0716902,0.700886
rc_trial_a33_k3_hn05,1,223,223,0.23526,0.114799
rc_trial_a33_k3_hn05,1,224,224,0.327975,0.20843
rc_trial_a33_k3_hn05,1,225,225,0.256609,0.0355486
rc_trial_a33_k3_hn05,1,226,226,0.15257,0.095249
rc_trial_a33_k3_hn05,1,227,227,0.29845,0.079326
rc_trial_a33_k3_hn05,1,228,228,0.205355,0.0908511
rc_trial_a33_k3_hn05,1,229,229,0.187162,0.169618
rc_trial_a33_k3_hn05,1,230,230,0.240018,0.118696
rc_trial_a33_k3_hn05,1,231,231,0.243322,0.184613
rc_trial_a33_k3_hn05,1,232,232,0.372246,0.104868
rc_trial_a33_k3_hn05,1,233,233,0.257218,0.111567
rc_trial_a33_k3_hn05,1,234,234,0.435109,0.124077
rc_trial_a33_k3_hn05,1,235,235,0.422542,0.432664
rc_trial_a33_k3_hn05,1,236,236,0.233155,0.648894
rc_trial_a33_k3_hn05,1,237,237,-0.0590355,0.245486
rc_trial_a33_k3_hn05,1,238,238,-0.0748214,0.166067
rc_trial_a33_k3_hn05,1,239,239,0.0657647,0.134307
rc_trial_a33_k3_hn05,1,240,240,0.0953779,0.176634
rc_trial_a33_k3_hn05,1,241,241,0.523509,0.240306
rc_trial_a33_k3_hn05,1,242,242,0.0541627,0.275286
rc_trial_a33_k3_hn05,1,243,243,0.066088,0.260024
rc_trial_a33_k3_hn05,1,244,244,0.662589,0.601269
rc_trial_a33_k3_hn05,1,245,245,1.12017,0.78185
rc_trial_a33_k3_hn05,1,246,246,1.19989,0.797768
rc_trial_a33_k3_hn05,1,247,247,1.09035,0.791866
rc_trial_a33_k3_hn05,1,248,248,1.00638,0.51172
rc_trial_a33_k3_hn05,1,249,249,1.70047,0.933536
rc_trial_a33_k3_hn05,1,250,250,1.54832,1.21194
rc_trial_a33_k3_hn05,1,251,251,1.55084,1.31331
rc_trial_a33_k3_hn05,1,252,252,1.15251,0.47015
rc_trial_a33_k3_hn05,1,253,253,1.33412,0.627773
rc_trial_a33_k3_hn05,1,254,254,1.65144,0.994141
rc_trial_a33_k3_hn05,1,255,255,1.31496,0.653445
rc_trial_a33_k3_hn05,1,256,256,1.58291,0.58456
rc_trial_a33_k3_hn05,1,257,257,1.30893,0.636176
rc_trial_a33_k3_hn05,1,258,258,1.19389,0.603682
rc_trial_a33_k3_hn05,1,259,259,1.61415,0.691547
rc_trial_a33_k3_hn05,1,260,260,1.6664,0.668426
rc_trial_a33_k3_hn05,1,261,261,1.61749,0.760903
rc_trial_a33_k3_hn05,1,262,262,0.474946,0.250492
rc_trial_a33_k3_hn05,1,263,263,0.207999,0.0669296
rc_trial_a33_k3_hn05,1,264,264,0.340953,0.19792
rc_trial_a33_k3_hn05,1,265,265,0.104947,0.254447
rc_trial_a33_k3_hn05,1,266,266,0.0789548,0.165454
rc_trial_a33_k3_hn05,1,267,267,0.0745427,0.252171
rc_trial_a33_k3_hn05,1,268,268,-0.0682572,0.281957
rc_trial_a33_k3_hn05,1,269,269,0.0392539,0.38039
rc_trial_a33_k3_hn05,1,270,270,-0.0562565,0.259902
rc_trial_a33_k3_hn05,1,271,271,0.138216,0.235883
rc_trial_a33_k3_hn05,1,272,272,0.318697,0.333108
rc_trial_a33_k3_hn05,1,273,273,0.327234,0.426321
rc_trial_a33_k3_hn05,1,274,274,0.164124,0.254127
rc_trial_a33_k3_hn05,1,275,275,0.416417,0.195465
rc_trial_a33_k3_hn05,1,276,276,0.109262,0.249911
rc_trial_a33_k3_hn05,1,277,277,-0.10877,0.36697
rc_trial_a33_k3_hn05,1,278,278,0.296564,0.212223
rc_trial_a33_k3_hn05,1,279,279,0.903458,0.264163
rc_trial_a33_k3_hn05,1,280,280,1.04991,0.412429
rc_trial_a33_k3_hn05,1,281,281,0.260671,0.12230100000000001
rc_trial_a33_k3_hn05,1,282,282,0.333822,0.26224
rc_trial_a33_k3_hn05,1,283,283,0.559524,0.134832
rc_trial_a33_k3_hn05,1,284,284,0.492282,0.153219
rc_trial_a33_k3_hn05,1,285,285,0.19461,0.346032
rc_trial_a33_k3_hn05,1,286,286,0.123308,0.172962
rc_trial_a33_k3_hn05,1,287,287,0.183255,0.0140201
rc_trial_a33_k3_hn05,1,288,288,0.144777,0.091489
rc_trial_a33_k3_hn05,1,289,289,0.250977,0.0106535
rc_trial_a33_k3_hn05,1,290,290,0.264691,0.0815957
rc_trial_a33_k3_hn05,1,291,291,0.304699,0.014909
rc_trial_a33_k3_hn05,1,292,292,0.302629,0.015212
rc_trial_a33_k3_hn05,1,293,293,0.208671,0.108608
rc_trial_a33_k3_hn05,1,294,294,0.255567,0.0485698
rc_trial_a33_k3_hn05,1,295,295,0.205598,0.0595847
rc_trial_a33_k3_hn05,1,296,296,0.21853,0.36343
rc_trial_a33_k3_hn05,1,297,297,0.140678,0.351383
rc_trial_a33_k3_hn05,1,298,298,0.165599,0.417359
rc_trial_a33_k3_hn05,1,299,299,0.474117,0.284338
rc_trial_a33_k3_hn05,1,300,300,0.180813,0.167175
rc_trial_a33_k3_hn05,1,301,301,0.103851,0.264062
rc_trial_a33_k3_hn05,1,302,302,0.0773229,0.250731
rc_trial_a33_k3_hn05,1,303,303,0.144708,0.232974
rc_trial_a33_k3_hn05,1,304,304,0.215901,0.52893
rc_trial_a33_k3_hn05,1,305,305,0.34085,0.550386
rc_trial_a33_k3_hn05,1,306,306,0.27852,0.425599
rc_trial_a33_k3_hn05,1,307,307,0.194875,0.413367
rc_trial_a33_k3_hn05,1,308,308,0.164213,0.331532
rc_trial_a33_k3_hn05,1,309,309,0.423571,0.0718358
rc_trial_a33_k3_hn05,1,310,310,0.196636,0.15031
rc_trial_a33_k3_hn05,1,311,311,0.779007,0.81153
rc_trial_a33_k3_hn05,1,312,312,0.496818,0.727207
rc_trial_a33_k3_hn05,1,313,313,0.160779,0.987946
rc_trial_a33_k3_hn05,1,314,314,0.432333,0.577293
rc_trial_a33_k3_hn05,1,315,315,0.282669,0.376109
rc_trial_a33_k3_hn05,1,316,316,0.594579,0.797235
rc_trial_a33_k3_hn05,1,317,317,0.440538,0.712919
rc_trial_a33_k3_hn05,1,318,318,0.316878,0.574017
rc_trial_a33_k3_hn05,1,319,319,0.459667,0.777403
rc_trial_a33_k3_hn05,1,320,320,0.146649,0.344558
rc_trial_a33_k3_hn05,1,321,321,0.325056,0.428426
rc_trial_a33_k3_hn05,1,322,322,0.412259,0.830665
rc_trial_a33_k3_hn05,1,323,323,0.14187,0.565579
rc_trial_a33_k3_hn05,1,324,324,0.608616,0.808001
rc_trial_a33_k3_hn05,1,325,325,0.543042,0.819016
rc_trial_a33_k3_hn05,1,326,326,0.240249,0.19942
rc_trial_a33_k3_hn05,1,327,327,0.386317,0.232484
rc_trial_a33_k3_hn05,1,328,328,0.483549,0.442015
rc_trial_a33_k3_hn05,1,329,329,0.817054,0.602622
rc_trial_a33_k3_hn05,1,330,330,0.333269,0.21753
rc_trial_a33_k3_hn05,1,331,331,0.367354,0.209913
rc_trial_a33_k3_hn05,1,332,332,0.8631,0.375025
rc_trial_a33_k3_hn05,1,333,333,0.302346,0.724702
rc_trial_a33_k3_hn05,1,334,334,0.303826,0.588988
rc_trial_a33_k3_hn05,1,335,335,0.291428,0.523418
rc_trial_a33_k3_hn05,1,336,336,0.383603,0.45615
rc_trial_a33_k3_hn05,1,337,337,0.21971,0.363196
rc_trial_a33_k3_hn05,1,338,338,0.0414014,0.129178
rc_trial_a33_k3_hn05,1,339,339,0.231657,0.138892
rc_trial_a33_k3_hn05,1,340,340,0.11433,0.104406
rc_trial_a33_k3_hn05,1,341,341,0.405448,0.170071
rc_trial_a33_k3_hn05,1,342,342,-0.277939,0.419776
rc_trial_a33_k3_hn05,1,343,343,-0.217722,0.367287
rc_trial_a33_k3_hn05,1,344,344,-0.286149,1.09938
rc_trial_a33_k3_hn05,1,345,345,-0.272522,0.66046
rc_trial_a33_k3_hn05,1,346,346,0.146017,0.473257
rc_trial_a33_k3_hn05,1,347,347,0.141712,0.485221
rc_trial_a33_k3_hn05,1,348,348,0.660155,0.615868
rc_trial_a33_k3_hn05,1,349,349,0.361263,0.0984374
rc_trial_a33_k3_hn05,1,350,350,0.270096,0.407454
rc_trial_a33_k3_hn05,1,351,351,0.176488,0.305552
rc_trial_a33_k3_hn05,1,352,352,-0.0348033,0.711485
rc_trial_a33_k3_hn05,1,353,353,0.50487,0.280127
rc_trial_a33_k3_hn05,1,354,354,-0.111129,1.05147
rc_trial_a33_k3_hn05,1,355,355,-0.0705326,1.00481
rc_trial_a33_k3_hn05,1,356,356,0.119383,0.4266
rc_trial_a33_k3_hn05,1,357,357,0.139856,0.853168
rc_trial_a33_k3_hn05,1,358,358,-0.475783,0.655179
rc_trial_a33_k3_hn05,1,359,359,-0.471341,0.496398
rc_trial_a33_k3_hn05,1,360,360,0.0942168,0.514016
rc_trial_a33_k3_hn05,1,361,361,0.0840102,0.490175
rc_trial_a33_k3_hn05,1,362,362,0.231216,0.495846
rc_trial_a33_k3_hn05,1,363,363,0.0283834,0.464917
rc_trial_a33_k3_hn05,1,364,364,0.152241,0.83587
rc_trial_a33_k3_hn05,1,365,365,0.220498,0.575715
rc_trial_a33_k3_hn05,1,366,366,0.0630987,0.517827
rc_trial_a33_k3_hn05,1,367,367,-0.017524,0.993963
rc_trial_a33_k3_hn05,1,368,368,0.12555,0.505971
rc_trial_a33_k3_hn05,1,369,369,0.132261,0.537201
rc_trial_a33_k3_hn05,1,370,370,0.193292,0.508445
rc_trial_a33_k3_hn05,1,371,371,0.115026,0.721462
rc_trial_a33_k3_hn05,1,372,372,0.569041,0.62683
rc_trial_a33_k3_hn05,1,373,373,0.354073,0.595681
rc_trial_a33_k3_hn05,1,374,374,-0.12509,0.538838
rc_trial_a33_k3_hn05,1,375,375,0.158009,0.894367
rc_trial_a33_k3_hn05,1,376,376,0.072003,0.528014
rc_trial_a33_k3_hn05,1,377,377,0.15429,0.276948
rc_trial_a33_k3_hn05,1,378,378,0.117062,0.13071
rc_trial_a33_k3_hn05,1,379,379,0.563076,0.345997
rc_trial_a33_k3_hn05,1,380,380,0.242481,0.620035
rc_trial_a33_k3_hn05,1,381,381,0.405821,0.616422
rc_trial_a33_k3_hn05,1,382,382,0.0037467,0.268982
rc_trial_a33_k3_hn05,1,383,383,0.740351,0.562078
rc_trial_a33_k3_hn05,1,384,384,0.163006,0.504449
rc_trial_a33_k3_hn05,1,385,385,0.266384,0.461807
rc_trial_a33_k3_hn05,1,386,386,0.193491,0.540505
rc_trial_a33_k3_hn05,1,387,387,0.240792,0.742927
rc_trial_a33_k3_hn05,1,388,388,0.246855,0.454324
rc_trial_a33_k3_hn05,1,389,389,0.28901,0.50334
rc_trial_a33_k3_hn05,1,390,390,0.161586,0.394226
rc_trial_a33_k3_hn05,1,391,391,0.85619,1.02627
rc_trial_a33_k3_hn05,1,392,392,0.424301,0.310338
rc_trial_a33_k3_hn05,1,393,393,-0.0170037,1.05162
rc_trial_a33_k3_hn05,1,394,394,-0.568978,0.779316
rc_trial_a33_k3_hn05,1,395,395,0.301834,0.242704
rc_trial_a33_k3_hn05,1,396,396,0.348029,0.855078
rc_trial_a33_k3_hn05,1,397,397,0.297496,0.854348
rc_trial_a33_k3_hn05,1,398,398,0.219643,0.335727
rc_trial_a33_k3_hn05,1,399,399,0.3844,0.669523
rc_trial_a33_k3_hn05,1,400,400,0.221911,0.730287
rc_trial_a33_k3_hn05,1,401,401,0.197627,0.647228
rc_trial_a33_k3_hn05,1,402,402,0.174864,0.553629
rc_trial_a33_k3_hn05,1,403,403,0.617645,0.395764
rc_trial_a33_k3_hn05,1,404,404,0.516378,0.414863
rc_trial_a33_k3_hn05,1,405,405,0.4353,0.446176
rc_trial_a33_k3_hn05,1,406,406,0.581361,0.755387
rc_trial_a33_k3_hn05,1,407,407,0.441049,0.411324
rc_trial_a33_k3_hn05,1,408,408,0.364708,0.177045
rc_trial_a33_k3_hn05,1,409,409,0.530242,0.215009
rc_trial_a33_k3_hn05,1,410,410,0.306311,0.315389
rc_trial_a33_k3_hn05,1,411,411,0.452687,0.257212
rc_trial_a33_k3_hn05,1,412,412,0.70969,0.768348
rc_trial_a33_k3_hn05,1,413,413,0.927123,0.481725
rc_trial_a33_k3_hn05,1,414,414,0.256967,0.27723
rc_trial_a33_k3_hn05,1,415,415,0.345771,0.292294
rc_trial_a33_k3_hn05,1,416,416,0.284458,0.421741
rc_trial_a33_k3_hn05,1,417,417,-7.78969e-4,0.829813
rc_trial_a33_k3_hn05,1,418,418,0.0114092,0.874431
rc_trial_a33_k3_hn05,1,419,419,0.0124123,0.949581
rc_trial_a33_k3_hn05,1,420,420,-0.275193,0.504553
rc_trial_a33_k3_hn05,1,421,421,-0.18243500000000001,0.542759
rc_trial_a33_k3_hn05,1,422,422,-0.110567,0.594115
rc_trial_a33_k3_hn05,1,423,423,-0.27257,0.925771
rc_trial_a33_k3_hn05,1,424,424,0.295622,0.171861
rc_trial_a33_k3_hn05,1,425,425,0.279732,0.226771
rc_trial_a33_k3_hn05,1,426,426,-0.0797456,0.562698
rc_trial_a33_k3_hn05,1,427,427,0.0387743,1.43331
rc_trial_a33_k3_hn05,1,428,428,0.296113,0.117711
rc_trial_a33_k3_hn05,1,429,429,0.349696,0.0289919
rc_trial_a33_k3_hn05,1,430,430,0.184122,0.0791421
rc_trial_a33_k3_hn05,1,431,431,0.179989,0.10518
rc_trial_a33_k3_hn05,1,432,432,0.133506,0.0573446
rc_trial_a33_k3_hn05,1,433,433,0.56428,0.218747
rc_trial_a33_k3_hn05,1,434,434,0.683694,0.165565
rc_trial_a33_k3_hn05,1,435,435,0.603184,0.185472
rc_trial_a33_k3_hn05,1,436,436,0.720788,0.354039
rc_trial_a33_k3_hn05,1,437,437,0.597688,0.507143
rc_trial_a33_k3_hn05,1,438,438,0.376827,0.587243
rc_trial_a33_k3_hn05,1,439,439,0.600686,1.11577
rc_trial_a33_k3_hn05,1,440,440,0.497713,0.338219
rc_trial_a33_k3_hn05,1,441,441,0.417231,0.429391
rc_trial_a33_k3_hn05,1,442,442,0.409745,0.514932
rc_trial_a33_k3_hn05,1,443,443,0.456258,0.334375
rc_trial_a33_k3_hn05,1,444,444,0.607919,0.362222
rc_trial_a33_k3_hn05,1,445,445,0.901348,0.630821
rc_trial_a33_k3_hn05,1,446,446,1.00856,0.69008100000000006
rc_trial_a33_k3_hn05,1,447,447,1.07909,0.948321
rc_trial_a33_k3_hn05,1,448,448,0.738421,0.761811
rc_trial_a33_k3_hn05,1,449,449,0.438997,0.358114
rc_trial_a33_k3_hn05,1,450,450,0.475753,0.270339
rc_trial_a33_k3_hn05,1,451,451,0.461039,0.549069
rc_trial_a33_k3_hn05,1,452,452,0.733048,0.870528
rc_trial_a33_k3_hn05,1,453,453,0.137682,0.339334
rc_trial_a33_k3_hn05,1,454,454,1.0624,0.482782
rc_trial_a33_k3_hn05,1,455,455,0.994255,0.578799
rc_trial_a33_k3_hn05,1,456,456,1.01344,0.421812
rc_trial_a33_k3_hn05,1,457,457,0.918518,0.519865
rc_trial_a33_k3_hn05,1,458,458,0.90447,0.254062
rc_trial_a33_k3_hn05,1,459,459,-0.0854955,0.261552
rc_trial_a33_k3_hn05,1,460,460,-0.0705092,0.295133
rc_trial_a33_k3_hn05,1,461,461,-0.0361712,0.192016
rc_trial_a33_k3_hn05,1,462,462,-0.0794848,0.240268
rc_trial_a33_k3_hn05,1,463,463,0.168525,0.175977
rc_trial_a33_k3_hn05,1,464,464,0.225846,0.0246094
rc_trial_a33_k3_hn05,1,465,465,0.680596,0.302169
rc_trial_a33_k3_hn05,1,466,466,0.754632,0.260917
rc_trial_a33_k3_hn05,1,467,467,0.678106,0.299529
rc_trial_a33_k3_hn05,1,468,468,0.698164,0.267515
rc_trial_a33_k3_hn05,1,469,469,0.266269,0.0739247
rc_trial_a33_k3_hn05,1,470,470,0.173601,0.0886124
rc_trial_a33_k3_hn05,1,471,471,0.117462,0.0800424
rc_trial_a33_k3_hn05,1,472,472,0.300103,0.0481313
rc_trial_a33_k3_hn05,1,473,473,0.321116,0.17164
rc_trial_a33_k3_hn05,1,474,474,0.358403,0.0668191
rc_trial_a33_k3_hn05,1,475,475,0.392087,0.121983
rc_trial_a33_k3_hn05,1,476,476,0.21397,0.249501
rc_trial_a33_k3_hn05,1,477,477,0.210957,0.152573
rc_trial_a33_k3_hn05,1,478,478,0.144359,0.135581
rc_trial_a33_k3_hn05,1,479,479,0.484869,0.305092
rc_trial_a33_k3_hn05,1,480,480,0.342804,0.374693
rc_trial_a33_k3_hn05,1,481,481,0.417262,0.436857
rc_trial_a33_k3_hn05,1,482,482,0.565886,0.54539
rc_trial_a33_k3_hn05,1,483,483,0.692372,0.348375
rc_trial_a33_k3_hn05,1,484,484,0.35187,0.300469
rc_trial_a33_k3_hn05,1,485,485,0.242782,0.148985
rc_trial_a33_k3_hn05,1,486,486,0.28954,0.118817
rc_trial_a33_k3_hn05,1,487,487,0.214794,0.0888099
rc_trial_a33_k3_hn05,1,488,488,0.547847,0.615273
rc_trial_a33_k3_hn05,1,489,489,0.462147,0.394549
rc_trial_a33_k3_hn05,1,490,490,0.42658,0.235422
rc_trial_a33_k3_hn05,1,491,491,0.719448,0.310639
rc_trial_a33_k3_hn05,1,492,492,0.453687,0.134809
rc_trial_a33_k3_hn05,1,493,493,0.517997,0.238544
rc_trial_a33_k3_hn05,1,494,494,0.0227367,0.470172
rc_trial_a33_k3_hn05,1,495,495,0.800026,0.704356
rc_trial_a33_k3_hn05,1,496,496,0.153142,0.644721
rc_trial_a33_k3_hn05,1,497,497,0.152189,0.607862
rc_trial_a33_k3_hn05,1,498,498,0.347063,0.657353
rc_trial_a33_k3_hn05,1,499,499,0.931457,0.54568
rc_trial_a33_k3_hn05,1,500,500,0.699822,0.787829
rc_trial_a33_k3_hn05,1,501,501,0.759173,0.893605
rc_trial_a33_k3_hn05,1,502,502,0.652167,0.928476
rc_trial_a33_k3_hn05,1,503,503,0.216008,0.255364
rc_trial_a33_k3_hn05,1,504,504,0.43603,0.424134
rc_trial_a33_k3_hn05,1,505,505,0.730617,0.494859
rc_trial_a33_k3_hn05,1,506,506,0.735038,0.396079
rc_trial_a33_k3_hn05,1,507,507,0.746006,0.456328
rc_trial_a33_k3_hn05,1,508,508,0.810085,0.702194
rc_trial_a33_k3_hn05,1,509,509,1.15815,0.546553
rc_trial_a33_k3_hn05,1,510,510,0.578806,0.425195
rc_trial_a33_k3_hn05,1,511,511,0.659111,0.376524
rc_trial_a33_k3_hn05,1,512,512,0.481361,0.410195
rc_trial_a33_k3_hn05,1,513,513,0.237091,0.307336
rc_trial_a33_k3_hn05,1,514,514,0.227097,0.317586
rc_trial_a33_k3_hn05,1,515,515,0.210944,0.203198
rc_trial_a33_k3_hn05,1,516,516,0.160854,0.122386
rc_trial_a33_k3_hn05,1,517,517,0.593648,0.355638
rc_trial_a33_k3_hn05,1,518,518,0.305521,0.307259
rc_trial_a33_k3_hn05,1,519,519,0.423967,0.70109
rc_trial_a33_k3_hn05,1,520,520,0.367866,0.334536
rc_trial_a33_k3_hn05,1,521,521,0.481362,0.429355
rc_trial_a33_k3_hn05,1,522,522,0.486943,0.448738
rc_trial_a33_k3_hn05,1,523,523,0.377077,0.390538
rc_trial_a33_k3_hn05,1,524,524,0.288735,0.304265
rc_trial_a33_k3_hn05,1,525,525,0.264389,0.517338
rc_trial_a33_k3_hn05,1,526,526,0.396019,0.197649
rc_trial_a33_k3_hn05,1,527,527,0.365475,0.131377
rc_trial_a33_k3_hn05,1,528,528,0.505475,0.164482
rc_trial_a33_k3_hn05,1,529,529,0.337648,0.300576
rc_trial_a33_k3_hn05,1,530,530,0.528018,0.172834
rc_trial_a33_k3_hn05,1,531,531,0.279759,0.185824
rc_trial_a33_k3_hn05,1,532,532,-0.124596,0.660937
rc_trial_a33_k3_hn05,1,533,533,0.0939493,0.228913
rc_trial_a33_k3_hn05,1,534,534,-0.0509628,0.433586
rc_trial_a33_k3_hn05,1,535,535,-0.209765,0.868946
rc_trial_a33_k3_hn05,1,536,536,-0.188281,0.664004
rc_trial_a33_k3_hn05,1,537,537,0.31765,0.758468
rc_trial_a33_k3_hn05,1,538,538,0.355221,0.577312
rc_trial_a33_k3_hn05,1,539,539,0.633148,0.914757
rc_trial_a33_k3_hn05,1,540,540,0.876165,0.597895
rc_trial_a33_k3_hn05,1,541,541,0.0784777,0.909658
rc_trial_a33_k3_hn05,1,542,542,0.524087,0.639307
rc_trial_a33_k3_hn05,1,543,543,0.395048,0.612326
rc_trial_a33_k3_hn05,1,544,544,0.357764,0.507768
rc_trial_a33_k3_hn05,1,545,545,0.286762,0.839594
rc_trial_a33_k3_hn05,1,546,546,0.425779,0.623337
rc_trial_a33_k3_hn05,1,547,547,0.717052,0.463321
rc_trial_a33_k3_hn05,1,548,548,0.759926,0.595455
rc_trial_a33_k3_hn05,1,549,549,0.275964,0.736666
rc_trial_a33_k3_hn05,1,550,550,0.252083,0.513192
rc_trial_a33_k3_hn05,1,551,551,-0.285555,0.593198
rc_trial_a33_k3_hn05,1,552,552,-0.16767,0.900228
rc_trial_a33_k3_hn05,1,553,553,0.642063,0.48344
rc_trial_a33_k3_hn05,1,554,554,0.607393,0.38078
rc_trial_a33_k3_hn05,1,555,555,0.590499,0.614425
rc_trial_a33_k3_hn05,1,556,556,0.578167,0.536815
rc_trial_a33_k3_hn05,1,557,557,0.558151,0.701799
rc_trial_a33_k3_hn05,1,558,558,0.607406,0.624167
rc_trial_a33_k3_hn05,1,559,559,0.637117,0.421083
rc_trial_a33_k3_hn05,1,560,560,0.554768,0.382301
rc_trial_a33_k3_hn05,1,561,561,0.979682,0.853659
rc_trial_a33_k3_hn05,1,562,562,0.806191,0.922919
rc_trial_a33_k3_hn05,1,563,563,0.249736,0.316272
rc_trial_a33_k3_hn05,1,564,564,0.150572,0.712336
rc_trial_a33_k3_hn05,1,565,565,0.299075,0.575336
rc_trial_a33_k3_hn05,1,566,566,0.483727,0.377671
rc_trial_a33_k3_hn05,1,567,567,0.094562,0.348577
rc_trial_a33_k3_hn05,1,568,568,0.132843,0.354775
rc_trial_a33_k3_hn05,1,569,569,0.478578,0.229163
rc_trial_a33_k3_hn05,1,570,570,0.387561,0.236848
rc_trial_a33_k3_hn05,1,571,571,-0.129563,0.969831
rc_trial_a33_k3_hn05,1,572,572,0.872475,0.554595
rc_trial_a33_k3_hn05,1,573,573,0.869712,0.627725
rc_trial_a33_k3_hn05,1,574,574,0.804878,0.396373
rc_trial_a33_k3_hn05,1,575,575,0.18362,0.238451
rc_trial_a33_k3_hn05,1,576,576,0.372411,0.130909
rc_trial_a33_k3_hn05,1,577,577,0.396519,0.16408
rc_trial_a33_k3_hn05,1,578,578,0.31453,0.0641601
rc_trial_a33_k3_hn05,1,579,579,0.238114,0.0405262
rc_trial_a33_k3_hn05,1,580,580,0.378255,0.0439187
rc_trial_a33_k3_hn05,1,581,581,0.252913,0.0464306
rc_trial_a33_k3_hn05,1,582,582,0.32767,0.0365123
rc_trial_a33_k3_hn05,1,583,583,0.172443,0.0594222
rc_trial_a33_k3_hn05,1,584,584,0.262368,0.0525843
rc_trial_a33_k3_hn05,1,585,585,0.341726,0.027371
rc_trial_a33_k3_hn05,1,586,586,0.380774,0.0174085
rc_trial_a33_k3_hn05,1,587,587,0.14186000000000001,0.00294195
rc_trial_a33_k3_hn05,1,588,588,0.393913,0.00253796
rc_trial_a33_k3_hn05,1,589,589,0.249422,0.00377944
rc_trial_a33_k3_hn05,1,590,590,0.311616,0.00496221
rc_trial_a33_k3_hn05,1,591,591,0.50823,5.49662e-4
rc_trial_a33_k3_hn05,1,592,592,0.478908,9.38209e-4
rc_trial_a33_k3_hn05,1,593,593,0.100718,0.00170709
rc_trial_a33_k3_hn05,1,594,594,0.438954,0.00109506
rc_trial_a33_k3_hn05,1,595,595,0.304597,0.00184476
rc_trial_a33_k3_hn05,1,596,596,0.227786,5.03306e-4
rc_trial_a33_k3_hn05,1,597,597,0.146065,0.109745
rc_trial_a33_k3_hn05,1,598,598,0.227976,0.0679069
rc_trial_a33_k3_hn05,1,599,599,0.375815,0.0449971
rc_trial_a33_k3_hn05,1,600,600,0.166329,0.0773543
rc_trial_a33_k3_hn05,1,601,601,5.94454e-5,0.501061
rc_trial_a33_k3_hn05,1,602,602,0.132904,0.263346
rc_trial_a33_k3_hn05,1,603,603,0.236496,0.194822
rc_trial_a33_k3_hn05,1,604,604,0.562446,0.396811
rc_trial_a33_k3_hn05,1,605,605,0.41048,0.380501
rc_trial_a33_k3_hn05,1,606,606,0.302847,0.0812619
rc_trial_a33_k3_hn05,1,607,607,0.0872026,0.194633
rc_trial_a33_k3_hn05,1,608,608,0.95485,0.358329
rc_trial_a33_k3_hn05,1,609,609,0.79201,0.503144
rc_trial_a33_k3_hn05,1,610,610,0.85504,0.503778
rc_trial_a33_k3_hn05,1,611,611,0.545651,0.31585
rc_trial_a33_k3_hn05,1,612,612,0.473379,0.297343
rc_trial_a33_k3_hn05,1,613,613,0.444178,0.370995
rc_trial_a33_k3_hn05,1,614,614,0.494216,0.24797
rc_trial_a33_k3_hn05,1,615,615,0.221705,0.200996
rc_trial_a33_k3_hn05,1,616,616,0.403743,0.218625
rc_trial_a33_k3_hn05,1,617,617,0.880362,0.909762
rc_trial_a33_k3_hn05,1,618,618,0.352729,0.235372
rc_trial_a33_k3_hn05,1,619,619,0.431354,0.195763
rc_trial_a33_k3_hn05,1,620,620,0.20921,0.369027
rc_trial_a33_k3_hn05,1,621,621,0.384441,0.282715
rc_trial_a33_k3_hn05,1,622,622,0.0760365,0.16211
rc_trial_a33_k3_hn05,1,623,623,0.294237,0.274337
rc_trial_a33_k3_hn05,1,624,624,0.32476,0.38557
rc_trial_a33_k3_hn05,1,625,625,0.523905,0.644594
rc_trial_a33_k3_hn05,1,626,626,0.43792,0.684902
rc_trial_a33_k3_hn05,1,627,627,0.444674,0.257238
rc_trial_a33_k3_hn05,1,628,628,0.873906,0.647282
rc_trial_a33_k3_hn05,1,629,629,0.715688,0.782916
rc_trial_a33_k3_hn05,1,630,630,0.276274,0.69839
rc_trial_a33_k3_hn05,1,631,631,-0.031534,0.697645
rc_trial_a33_k3_hn05,1,632,632,0.0373057,1.02074
rc_trial_a33_k3_hn05,1,633,633,-0.0379305,0.286052
rc_trial_a33_k3_hn05,1,634,634,-0.305664,0.607273
rc_trial_a33_k3_hn05,1,635,635,-0.504508,0.709202
rc_trial_a33_k3_hn05,1,636,636,-0.295954,0.55308
rc_trial_a33_k3_hn05,1,637,637,0.830417,0.865665
rc_trial_a33_k3_hn05,1,638,638,0.891487,1.12358
rc_trial_a33_k3_hn05,1,639,639,0.695127,0.703236
rc_trial_a33_k3_hn05,1,640,640,0.72399,0.879334
rc_trial_a33_k3_hn05,1,641,641,0.299009,0.38404
rc_trial_a33_k3_hn05,1,642,642,-0.015437,1.00026
rc_trial_a33_k3_hn05,1,643,643,0.525405,0.383574
rc_trial_a33_k3_hn05,1,644,644,0.52279,0.632758
rc_trial_a33_k3_hn05,1,645,645,0.563271,0.243948
rc_trial_a33_k3_hn05,1,646,646,0.655768,0.286512
rc_trial_a33_k3_hn05,1,647,647,0.445232,0.619508
rc_trial_a33_k3_hn05,1,648,648,0.315372,0.536755
rc_trial_a33_k3_hn05,1,649,649,0.349825,0.0972071
rc_trial_a33_k3_hn05,1,650,650,0.194741,0.105869
rc_trial_a33_k3_hn05,1,651,651,0.337314,0.0944912
rc_trial_a33_k3_hn05,1,652,652,0.311941,0.0295868
rc_trial_a33_k3_hn05,1,653,653,0.406655,0.195717
rc_trial_a33_k3_hn05,1,654,654,0.288028,0.077684
rc_trial_a33_k3_hn05,1,655,655,0.32258,0.0590804
rc_trial_a33_k3_hn05,1,656,656,0.121205,0.137403
rc_trial_a33_k3_hn05,1,657,657,0.25933,0.0754216
rc_trial_a33_k3_hn05,1,658,658,0.205491,0.0456942
rc_trial_a33_k3_hn05,1,659,659,0.0232861,0.215737
rc_trial_a33_k3_hn05,1,660,660,0.183216,0.0890577
rc_trial_a33_k3_hn05,1,661,661,0.473754,0.192009
rc_trial_a33_k3_hn05,1,662,662,0.98116,0.333991
rc_trial_a33_k3_hn05,1,663,663,-0.319194,0.346659
rc_trial_a33_k3_hn05,1,664,664,-0.324486,0.818583
rc_trial_a33_k3_hn05,1,665,665,0.119897,0.601663
rc_trial_a33_k3_hn05,1,666,666,-0.133434,0.414287
rc_trial_a33_k3_hn05,1,667,667,-0.177519,0.642403
rc_trial_a33_k3_hn05,1,668,668,0.393816,0.206511
rc_trial_a33_k3_hn05,1,669,669,1.08282,0.7271
rc_trial_a33_k3_hn05,1,670,670,1.16879,0.620931
rc_trial_a33_k3_hn05,1,671,671,1.26643,0.690804
rc_trial_a33_k3_hn05,1,672,672,1.08291,0.920979
rc_trial_a33_k3_hn05,1,673,673,0.266005,0.278055
rc_trial_a33_k3_hn05,1,674,674,1.44991,0.690472
rc_trial_a33_k3_hn05,1,675,675,1.0281,0.918777
rc_trial_a33_k3_hn05,1,676,676,0.921482,0.731833
rc_trial_a33_k3_hn05,1,677,677,0.378545,0.279523
rc_trial_a33_k3_hn05,1,678,678,0.77367,0.85664
rc_trial_a33_k3_hn05,1,679,679,0.953241,0.680098
rc_trial_a33_k3_hn05,1,680,680,0.681807,0.299108
rc_trial_a33_k3_hn05,1,681,681,0.566713,0.61597
rc_trial_a33_k3_hn05,1,682,682,0.118189,0.680677
rc_trial_a33_k3_hn05,1,683,683,0.210921,0.34592
rc_trial_a33_k3_hn05,1,684,684,0.341844,0.155021
rc_trial_a33_k3_hn05,1,685,685,0.27002,0.691402
rc_trial_a33_k3_hn05,1,686,686,0.274718,0.681832
rc_trial_a33_k3_hn05,1,687,687,0.416842,1.16716
rc_trial_a33_k3_hn05,1,688,688,-0.293765,0.524913
rc_trial_a33_k3_hn05,1,689,689,0.769461,0.90011
rc_trial_a33_k3_hn05,1,690,690,0.812056,1.21215
rc_trial_a33_k3_hn05,1,691,691,0.352397,0.454889
rc_trial_a33_k3_hn05,1,692,692,0.63142,0.384484
rc_trial_a33_k3_hn05,1,693,693,0.106188,0.111659
rc_trial_a33_k3_hn05,1,694,694,0.325086,0.151642
rc_trial_a33_k3_hn05,1,695,695,0.240776,0.129725
rc_trial_a33_k3_hn05,1,696,696,0.152991,0.170094
rc_trial_a33_k3_hn05,1,697,697,0.4174,0.160823
rc_trial_a33_k3_hn05,1,698,698,0.218832,0.506387
rc_trial_a33_k3_hn05,1,699,699,0.343301,0.387652
rc_trial_a33_k3_hn05,1,700,700,0.246852,0.266706
rc_trial_a33_k3_hn05,1,701,701,0.449907,0.267223
rc_trial_a33_k3_hn05,1,702,702,-0.0294,0.181476
rc_trial_a33_k3_hn05,1,703,703,0.188407,0.0676577
rc_trial_a33_k3_hn05,1,704,704,0.570436,0.129526
rc_trial_a33_k3_hn05,1,705,705,0.839886,0.627728
rc_trial_a33_k3_hn05,1,706,706,0.672835,0.268414
rc_trial_a33_k3_hn05,1,707,707,0.673537,0.381444
rc_trial_a33_k3_hn05,1,708,708,0.360599,0.321067
rc_trial_a33_k3_hn05,1,709,709,0.440921,0.460124
rc_trial_a33_k3_hn05,1,710,710,1.19377,0.473215
rc_trial_a33_k3_hn05,1,711,711,1.17684,0.526161
rc_trial_a33_k3_hn05,1,712,712,1.26492,0.480195
rc_trial_a33_k3_hn05,1,713,713,1.80183,0.762339
rc_trial_a33_k3_hn05,1,714,714,1.71853,0.924866
rc_trial_a33_k3_hn05,1,715,715,1.60002,0.815156
rc_trial_a33_k3_hn05,1,716,716,1.79579,0.906199
rc_trial_a33_k3_hn05,1,717,717,1.7244,0.923847
rc_trial_a33_k3_hn05,1,718,718,1.67179,0.91666
rc_trial_a33_k3_hn05,1,719,719,1.64152,0.840955
rc_trial_a33_k3_hn05,1,720,720,0.186933,0.152636
rc_trial_a33_k3_hn05,1,721,721,0.279607,0.0880281
rc_trial_a33_k3_hn05,1,722,722,0.264202,0.0852775
rc_trial_a33_k3_hn05,1,723,723,0.195645,0.255471
rc_trial_a33_k3_hn05,1,724,724,0.354393,0.18727
rc_trial_a33_k3_hn05,1,725,725,0.186651,0.0569515
rc_trial_a33_k3_hn05,1,726,726,0.226594,0.0406319
rc_trial_a33_k3_hn05,1,727,727,0.319501,0.0590753
rc_trial_a33_k3_hn05,1,728,728,0.224198,0.0903268
rc_trial_a33_k3_hn05,1,729,729,0.194296,0.0743876
rc_trial_a33_k3_hn05,1,730,730,0.404351,0.145707
rc_trial_a33_k3_hn05,1,731,731,0.049818,0.188138
rc_trial_a33_k3_hn05,1,732,732,0.14528,0.208453
rc_trial_a33_k3_hn05,1,733,733,0.439384,0.431949
rc_trial_a33_k3_hn05,1,734,734,0.527429,0.181704
rc_trial_a33_k3_hn05,1,735,735,0.439384,0.125026
rc_trial_a33_k3_hn05,1,736,736,0.731966,0.143942
rc_trial_a33_k3_hn05,1,737,737,0.64072,0.379919
rc_trial_a33_k3_hn05,1,738,738,0.627455,0.183194
rc_trial_a33_k3_hn05,1,739,739,0.194505,0.102649
rc_trial_a33_k3_hn05,1,740,740,0.38248,0.0727416
rc_trial_a33_k3_hn05,1,741,741,0.133982,0.106481
rc_trial_a33_k3_hn05,1,742,742,0.269629,0.0848874
rc_trial_a33_k3_hn05,1,743,743,0.112552,0.296141
rc_trial_a33_k3_hn05,1,744,744,0.193056,0.240643
rc_trial_a33_k3_hn05,1,745,745,0.0330812,0.101442
rc_trial_a33_k3_hn05,1,746,746,0.392584,0.0406051
rc_trial_a33_k3_hn05,1,747,747,-0.561396,0.697336
rc_trial_a33_k3_hn05,1,748,748,-0.333993,1.0799
rc_trial_a33_k3_hn05,1,749,749,-0.211011,0.674124
rc_trial_a33_k3_hn05,1,750,750,-0.320737,0.930251
rc_trial_a33_k3_hn05,1,751,751,-0.233538,0.642569
rc_trial_a33_k3_hn05,1,752,752,0.217145,0.160483
rc_trial_a33_k3_hn05,1,753,753,0.0477379,0.0645753
rc_trial_a33_k3_hn05,1,754,754,0.217857,0.0457747
rc_trial_a33_k3_hn05,1,755,755,0.3087,0.0181215
rc_trial_a33_k3_hn05,1,756,756,0.211919,0.00326836
rc_trial_a33_k3_hn05,1,757,757,0.367313,0.0097677
rc_trial_a33_k3_hn05,1,758,758,0.108269,0.0150561
rc_trial_a33_k3_hn05,1,759,759,0.212912,0.0112899
rc_trial_a33_k3_hn05,1,760,760,0.23821,0.00822881
rc_trial_a33_k3_hn05,1,761,761,0.0857714,0.00826016
rc_trial_a33_k3_hn05,1,762,762,0.343043,0.00757642
rc_trial_a33_k3_hn05,1,763,763,0.224872,0.00759367
rc_trial_a33_k3_hn05,1,764,764,0.222135,0.0096631
rc_trial_a33_k3_hn05,1,765,765,0.421813,0.0223538
rc_trial_a33_k3_hn05,1,766,766,0.160691,0.0265572
rc_trial_a33_k3_hn05,1,767,767,0.215743,0.00976731
rc_trial_a33_k3_hn05,1,768,768,0.321704,0.00234326
rc_trial_a33_k3_hn05,1,769,769,0.2706,0.126799
rc_trial_a33_k3_hn05,1,770,770,0.321243,0.0850514
rc_trial_a33_k3_hn05,1,771,771,0.365756,0.154631
rc_trial_a33_k3_hn05,1,772,772,0.293919,0.0358609
rc_trial_a33_k3_hn05,1,773,773,0.278375,0.705726
rc_trial_a33_k3_hn05,1,774,774,0.325231,0.528733
rc_trial_a33_k3_hn05,1,775,775,0.459497,0.530694
rc_trial_a33_k3_hn05,1,776,776,0.387478,0.455497
rc_trial_a33_k3_hn05,1,777,777,0.361796,0.420018
rc_trial_a33_k3_hn05,1,778,778,0.31594,0.342886
rc_trial_a33_k3_hn05,1,779,779,0.512849,0.285548
rc_trial_a33_k3_hn05,1,780,780,0.270151,0.950054
rc_trial_a33_k3_hn05,1,781,781,-0.0624099,0.763678
rc_trial_a33_k3_hn05,1,782,782,-0.0300594,1.04363
rc_trial_a33_k3_hn05,1,783,783,0.361856,0.771879
rc_trial_a33_k3_hn05,1,784,784,0.643179,0.580444
rc_trial_a33_k3_hn05,1,785,785,0.710605,0.542778
rc_trial_a33_k3_hn05,1,786,786,0.743891,0.888168
rc_trial_a33_k3_hn05,1,787,787,0.639885,0.568185
rc_trial_a33_k3_hn05,1,788,788,0.520024,0.351255
rc_trial_a33_k3_hn05,1,789,789,0.80697700000000006,0.559516
rc_trial_a33_k3_hn05,1,790,790,0.621908,0.41281
rc_trial_a33_k3_hn05,1,791,791,0.478542,0.428465
rc_trial_a33_k3_hn05,1,792,792,-0.513692,0.537974
rc_trial_a33_k3_hn05,1,793,793,-0.513582,0.577223
rc_trial_a33_k3_hn05,1,794,794,-0.478755,0.55599
rc_trial_a33_k3_hn05,1,795,795,1.01989,0.452767
rc_trial_a33_k3_hn05,1,796,796,1.05218,0.567477
rc_trial_a33_k3_hn05,1,797,797,1.51876,0.762988
rc_trial_a33_k3_hn05,1,798,798,1.27755,0.568849
rc_trial_a33_k3_hn05,1,799,799,1.4201,1.23738
rc_trial_a33_k3_hn05,1,800,800,0.605203,0.299864
rc_trial_a33_k3_hn05,1,801,801,0.769881,0.254803
rc_trial_a33_k3_hn05,1,802,802,0.322772,0.133298
rc_trial_a33_k3_hn05,1,803,803,0.459903,0.176496
rc_trial_a33_k3_hn05,1,804,804,0.476453,0.241124
rc_trial_a33_k3_hn05,1,805,805,0.186977,0.0363488
rc_trial_a33_k3_hn05,1,806,806,0.352492,0.19504
rc_trial_a33_k3_hn05,1,807,807,0.137904,0.131619
rc_trial_a33_k3_hn05,1,808,808,0.334464,0.0965559
rc_trial_a33_k3_hn05,1,809,809,0.393878,0.135072
rc_trial_a33_k3_hn05,1,810,810,0.103512,0.0710022
rc_trial_a33_k3_hn05,1,811,811,0.628192,0.39498
rc_trial_a33_k3_hn05,1,812,812,1.28505,0.713691
rc_trial_a33_k3_hn05,1,813,813,1.17781,0.664504
rc_trial_a33_k3_hn05,1,814,814,0.464092,0.242193
rc_trial_a33_k3_hn05,1,815,815,0.892262,0.363988
rc_trial_a33_k3_hn05,1,816,816,0.899308,0.293923
rc_trial_a33_k3_hn05,1,817,817,1.11416,0.904108
rc_trial_a33_k3_hn05,1,818,818,0.997882,0.846463
rc_trial_a33_k3_hn05,1,819,819,0.883244,0.407672
rc_trial_a33_k3_hn05,1,820,820,0.917253,0.93094
rc_trial_a33_k3_hn05,1,821,821,1.13919,0.828548
rc_trial_a33_k3_hn05,1,822,822,1.21537,0.808895
rc_trial_a33_k3_hn05,1,823,823,1.58317,0.689168
rc_trial_a33_k3_hn05,1,824,824,1.61893,1.42212
rc_trial_a33_k3_hn05,1,825,825,1.1837,0.62188
rc_trial_a33_k3_hn05,1,826,826,1.15808,0.708508
rc_trial_a33_k3_hn05,1,827,827,0.149364,0.115117
rc_trial_a33_k3_hn05,1,828,828,1.07722,0.483858
rc_trial_a33_k3_hn05,1,829,829,0.480154,0.732568
rc_trial_a33_k3_hn05,1,830,830,0.0339959,0.565718
rc_trial_a33_k3_hn05,1,831,831,0.0496455,0.826234
rc_trial_a33_k3_hn05,1,832,832,-0.187163,1.09141
rc_trial_a33_k3_hn05,1,833,833,-0.197812,1.06222
rc_trial_a33_k3_hn05,1,834,834,0.506168,0.541012
rc_trial_a33_k3_hn05,1,835,835,0.752963,0.832961
rc_trial_a33_k3_hn05,1,836,836,0.744571,0.508105
rc_trial_a33_k3_hn05,1,837,837,0.38203,0.477869
rc_trial_a33_k3_hn05,1,838,838,0.544432,0.582684
rc_trial_a33_k3_hn05,1,839,839,0.882133,0.556329
rc_trial_a33_k3_hn05,1,840,840,1.00774,0.659578
rc_trial_a33_k3_hn05,1,841,841,0.718902,1.00773
rc_trial_a33_k3_hn05,1,842,842,0.727557,0.901494
rc_trial_a33_k3_hn05,1,843,843,0.68147,0.727867
rc_trial_a33_k3_hn05,1,844,844,0.548963,0.243131
rc_trial_a33_k3_hn05,1,845,845,0.891849,0.556279
rc_trial_a33_k3_hn05,1,846,846,0.209164,0.469451
rc_trial_a33_k3_hn05,1,847,847,0.316891,0.183021
rc_trial_a33_k3_hn05,1,848,848,0.514017,0.254883
rc_trial_a33_k3_hn05,1,849,849,0.688738,0.504509
rc_trial_a33_k3_hn05,1,850,850,0.484604,0.521174
rc_trial_a33_k3_hn05,1,851,851,0.698771,0.406546
rc_trial_a33_k3_hn05,1,852,852,0.361813,0.290348
rc_trial_a33_k3_hn05,1,853,853,0.461639,0.254593
rc_trial_a33_k3_hn05,1,854,854,0.240903,0.46503
rc_trial_a33_k3_hn05,1,855,855,0.616971,0.360071
rc_trial_a33_k3_hn05,1,856,856,0.527513,0.388187
rc_trial_a33_k3_hn05,1,857,857,0.243836,0.577503
rc_trial_a33_k3_hn05,1,858,858,0.197935,0.535246
rc_trial_a33_k3_hn05,1,859,859,0.333642,0.878435
rc_trial_a33_k3_hn05,1,860,860,0.306217,0.75634
rc_trial_a33_k3_hn05,1,861,861,0.933877,0.460618
rc_trial_a33_k3_hn05,1,862,862,0.69313,0.741634
rc_trial_a33_k3_hn05,1,863,863,0.671997,0.713525
rc_trial_a33_k3_hn05,1,864,864,0.509638,0.478784
rc_trial_a33_k3_hn05,1,865,865,0.338654,0.284241
rc_trial_a33_k3_hn05,1,866,866,0.489248,0.340382
rc_trial_a33_k3_hn05,1,867,867,0.280351,0.496213
rc_trial_a33_k3_hn05,1,868,868,0.403039,0.624899
rc_trial_a33_k3_hn05,1,869,869,0.0768576,0.444477
rc_trial_a33_k3_hn05,1,870,870,0.153119,0.0542488
rc_trial_a33_k3_hn05,1,871,871,0.832114,0.970559
rc_trial_a33_k3_hn05,1,872,872,0.840825,1.10154
rc_trial_a33_k3_hn05,1,873,873,0.771741,0.967189
rc_trial_a33_k3_hn05,1,874,874,0.634328,0.925013
rc_trial_a33_k3_hn05,1,875,875,0.594475,0.754793
rc_trial_a33_k3_hn05,1,876,876,0.174694,0.597981
rc_trial_a33_k3_hn05,1,877,877,0.135663,0.60572
rc_trial_a33_k3_hn05,1,878,878,0.163657,0.420601
rc_trial_a33_k3_hn05,1,879,879,0.176016,0.282557
rc_trial_a33_k3_hn05,1,880,880,0.211453,0.570754
rc_trial_a33_k3_hn05,1,881,881,0.202351,0.366657
rc_trial_a33_k3_hn05,1,882,882,0.301206,0.250249
rc_trial_a33_k3_hn05,1,883,883,0.198189,0.217045
rc_trial_a33_k3_hn05,1,884,884,-0.0612723,0.836166
rc_trial_a33_k3_hn05,1,885,885,0.641059,1.10708
rc_trial_a33_k3_hn05,1,886,886,0.548776,1.25335
rc_trial_a33_k3_hn05,1,887,887,0.720726,0.372652
rc_trial_a33_k3_hn05,1,888,888,0.638786,0.412637
rc_trial_a33_k3_hn05,1,889,889,0.598106,0.534154
rc_trial_a33_k3_hn05,1,890,890,0.204786,0.645869
rc_trial_a33_k3_hn05,1,891,891,0.618473,0.221717
rc_trial_a33_k3_hn05,1,892,892,0.43401,0.175605
rc_trial_a33_k3_hn05,1,893,893,0.841134,0.564439
rc_trial_a33_k3_hn05,1,894,894,0.716542,0.363696
rc_trial_a33_k3_hn05,1,895,895,0.676906,0.30618
rc_trial_a33_k3_hn05,1,896,896,0.427392,0.502186
rc_trial_a33_k3_hn05,1,897,897,-0.189494,0.341852
rc_trial_a33_k3_hn05,1,898,898,-0.147062,0.425472
rc_trial_a33_k3_hn05,1,899,899,-0.219183,0.40805
rc_trial_a33_k3_hn05,1,900,900,-0.28836,1.06692
rc_trial_a33_k3_hn05,1,901,901,-0.0938311,0.692048
rc_trial_a33_k3_hn05,1,902,902,0.392013,0.389398
rc_trial_a33_k3_hn05,1,903,903,0.381286,0.392942
rc_trial_a33_k3_hn05,1,904,904,0.35104,0.240545
rc_trial_a33_k3_hn05,1,905,905,0.280427,0.449414
rc_trial_a33_k3_hn05,1,906,906,0.117405,0.46274
rc_trial_a33_k3_hn05,1,907,907,0.478809,0.102363
rc_trial_a33_k3_hn05,1,908,908,0.302713,0.160277
rc_trial_a33_k3_hn05,1,909,909,0.106533,0.187509
rc_trial_a33_k3_hn05,1,910,910,0.0399615,0.394808
rc_trial_a33_k3_hn05,1,911,911,0.115084,0.453015
rc_trial_a33_k3_hn05,1,912,912,-0.129891,0.392322
rc_trial_a33_k3_hn05,1,913,913,-0.242195,0.61053
rc_trial_a33_k3_hn05,1,914,914,0.777366,0.81444
rc_trial_a33_k3_hn05,1,915,915,1.30774,0.80181500000000006
rc_trial_a33_k3_hn05,1,916,916,0.282927,0.615884
rc_trial_a33_k3_hn05,1,917,917,-0.00347129,0.598466
rc_trial_a33_k3_hn05,1,918,918,-0.0317461,0.732555
rc_trial_a33_k3_hn05,1,919,919,0.37562,0.289435
rc_trial_a33_k3_hn05,1,920,920,0.628666,0.73086
rc_trial_a33_k3_hn05,1,921,921,0.536859,0.675328
rc_trial_a33_k3_hn05,1,922,922,0.117529,0.632248
rc_trial_a33_k3_hn05,1,923,923,0.861407,0.639729
rc_trial_a33_k3_hn05,1,924,924,0.57472,0.571156
rc_trial_a33_k3_hn05,1,925,925,0.478581,0.530572
rc_trial_a33_k3_hn05,1,926,926,0.450937,0.531572
rc_trial_a33_k3_hn05,1,927,927,0.443652,0.533624
rc_trial_a33_k3_hn05,1,928,928,0.354488,0.289648
rc_trial_a33_k3_hn05,1,929,929,0.307444,0.280235
rc_trial_a33_k3_hn05,1,930,930,0.280013,0.440404
rc_trial_a33_k3_hn05,1,931,931,0.46082,0.438691
rc_trial_a33_k3_hn05,1,932,932,0.306632,0.583223
rc_trial_a33_k3_hn05,1,933,933,0.416412,0.253945
rc_trial_a33_k3_hn05,1,934,934,0.244438,0.532885
rc_trial_a33_k3_hn05,1,935,935,0.20653,0.0451823
rc_trial_a33_k3_hn05,1,936,936,0.343519,0.0573574
rc_trial_a33_k3_hn05,1,937,937,0.210315,0.0403457
rc_trial_a33_k3_hn05,1,938,938,-0.0813631,1.07328
rc_trial_a33_k3_hn05,1,939,939,-0.347936,0.519691
rc_trial_a33_k3_hn05,1,940,940,0.290591,0.194845
rc_trial_a33_k3_hn05,1,941,941,0.518906,0.497715
rc_trial_a33_k3_hn05,1,942,942,0.25394,0.7818
rc_trial_a33_k3_hn05,1,943,943,0.00701792,0.297013
rc_trial_a33_k3_hn05,1,944,944,0.090211,0.681368
rc_trial_a33_k3_hn05,1,945,945,0.0514885,0.915548
rc_trial_a33_k3_hn05,1,946,946,0.148409,0.294142
rc_trial_a33_k3_hn05,1,947,947,0.541177,0.575462
rc_trial_a33_k3_hn05,1,948,948,0.32497,0.327334
rc_trial_a33_k3_hn05,1,949,949,0.603711,0.330964
rc_trial_a33_k3_hn05,1,950,950,0.584465,0.248123
rc_trial_a33_k3_hn05,1,951,951,0.639305,0.524827
rc_trial_a33_k3_hn05,1,952,952,0.649947,0.264826
rc_trial_a33_k3_hn05,1,953,953,0.737546,0.381722
rc_trial_a33_k3_hn05,1,954,954,0.231586,0.0940313
rc_trial_a33_k3_hn05,1,955,955,0.552166,0.432618
rc_trial_a33_k3_hn05,1,956,956,0.542257,0.325364
rc_trial_a33_k3_hn05,1,957,957,0.405997,0.151845
rc_trial_a33_k3_hn05,1,958,958,0.408398,0.11039
rc_trial_a33_k3_hn05,1,959,959,0.434455,0.639759
rc_trial_a33_k3_hn05,1,960,960,0.144645,0.420079
rc_trial_a33_k3_hn05,1,961,961,0.336058,0.540946
rc_trial_a33_k3_hn05,1,962,962,0.074433,0.734881
rc_trial_a33_k3_hn05,1,963,963,0.269362,0.439798
rc_trial_a33_k3_hn05,1,964,964,0.452899,0.264385
rc_trial_a33_k3_hn05,1,965,965,0.669765,0.404001
rc_trial_a33_k3_hn05,1,966,966,0.0439049,0.101927
rc_trial_a33_k3_hn05,1,967,967,0.375385,0.413676
rc_trial_a33_k3_hn05,1,968,968,-0.0160878,0.144709
rc_trial_a33_k3_hn05,1,969,969,0.456651,0.145133
rc_trial_a33_k3_hn05,1,970,970,0.015729,0.111192
rc_trial_a33_k3_hn05,1,971,971,0.246952,0.808644
rc_trial_a33_k3_hn05,1,972,972,0.106415,0.854003
rc_trial_a33_k3_hn05,1,973,973,0.500696,0.498605
rc_trial_a33_k3_hn05,1,974,974,0.291851,0.402992
rc_trial_a33_k3_hn05,1,975,975,0.0610427,0.236768
rc_trial_a33_k3_hn05,1,976,976,0.846371,1.28511
rc_trial_a33_k3_hn05,1,977,977,0.925804,1.0379
rc_trial_a33_k3_hn05,1,978,978,0.921833,1.12429
rc_trial_a33_k3_hn05,1,979,979,0.705748,0.411978
rc_trial_a33_k3_hn05,1,980,980,0.750437,0.344034
rc_trial_a33_k3_hn05,1,981,981,0.166681,0.500871
rc_trial_a33_k3_hn05,1,982,982,-0.00392248,0.707396
rc_trial_a33_k3_hn05,1,983,983,-0.262913,0.526233
rc_trial_a33_k3_hn05,1,984,984,-0.0273929,0.652281
rc_trial_a33_k3_hn05,1,985,985,0.659149,0.532652
rc_trial_a33_k3_hn05,1,986,986,0.416767,0.373082
rc_trial_a33_k3_hn05,1,987,987,0.331259,0.26634
rc_trial_a33_k3_hn05,1,988,988,0.102724,0.152085
rc_trial_a33_k3_hn05,1,989,989,0.37418,0.024868
rc_trial_a33_k3_hn05,1,990,990,0.210744,0.205021
rc_trial_a33_k3_hn05,1,991,991,0.296146,0.158632
rc_trial_a33_k3_hn05,1,992,992,0.193082,0.438357
rc_trial_a33_k3_hn05,1,993,993,0.308409,0.279783
rc_trial_a33_k3_hn05,1,994,994,0.245304,1.01548
rc_trial_a33_k3_hn05,1,995,995,0.46994,0.741863
rc_trial_a33_k3_hn05,1,996,996,0.071051,0.464417
rc_trial_a33_k3_hn05,1,997,997,0.412737,0.874707
rc_trial_a33_k3_hn05,1,998,998,0.382113,0.940353
rc_trial_a33_k3_hn05,1,999,999,0.277498,0.238597
rc_trial_a33_k3_hn05,1,1000,1000,0.671033,0.584515
rc_trial_a33_k3_hn05,1,1001,1001,0.477857,0.427062
rc_trial_a33_k3_hn05,1,1002,1002,0.309651,0.742803
rc_trial_a33_k3_hn05,1,1003,1003,0.337047,0.264505
rc_trial_a33_k3_hn05,1,1004,1004,0.740674,0.695222
rc_trial_a33_k3_hn05,1,1005,1005,0.260963,0.459531
rc_trial_a33_k3_hn05,1,1006,1006,0.0306455,0.463763
rc_trial_a33_k3_hn05,1,1007,1007,0.484203,0.449788
rc_trial_a33_k3_hn05,1,1008,1008,0.468111,0.384701
rc_trial_a33_k3_hn05,1,1009,1009,0.529811,0.627257
rc_trial_a33_k3_hn05,1,1010,1010,0.250502,0.365238
rc_trial_a33_k3_hn05,1,1011,1011,0.359816,0.480255
rc_trial_a33_k3_hn05,1,1012,1012,-0.0355161,0.619058
rc_trial_a33_k3_hn05,1,1013,1013,0.194655,0.181066
rc_trial_a33_k3_hn05,1,1014,1014,0.686219,0.199041
rc_trial_a33_k3_hn05,1,1015,1015,0.129601,0.512689
rc_trial_a33_k3_hn05,1,1016,1016,0.0486891,0.353694
rc_trial_a33_k3_hn05,1,1017,1017,0.830669,0.622242
rc_trial_a33_k3_hn05,1,1018,1018,0.267259,0.150103
rc_trial_a33_k3_hn05,1,1019,1019,0.261166,0.0887488
rc_trial_a33_k3_hn05,1,1020,1020,0.219009,0.143908
rc_trial_a33_k3_hn05,1,1021,1021,0.276119,0.28052
rc_trial_a33_k3_hn05,1,1022,1022,0.122061,0.118643
rc_trial_a33_k3_hn05,1,1023,1023,0.358305,0.260596
rc_trial_a33_k3_hn05,1,1024,1024,0.245803,0.135287
rc_trial_a33_k3_hn05,1,1025,1025,0.272802,0.0216894
rc_trial_a33_k3_hn05,1,1026,1026,0.268299,0.0705348
rc_trial_a33_k3_hn05,1,1027,1027,0.317003,0.10108
rc_trial_a33_k3_hn05,1,1028,1028,0.296814,0.0444333
rc_trial_a33_k3_hn05,1,1029,1029,0.213974,0.0472582
rc_trial_a33_k3_hn05,1,1030,1030,0.14119,0.0895904
rc_trial_a33_k3_hn05,1,1031,1031,0.481035,0.77766
rc_trial_a33_k3_hn05,1,1032,1032,0.347492,0.696049
rc_trial_a33_k3_hn05,1,1033,1033,0.516285,0.147663
rc_trial_a33_k3_hn05,1,1034,1034,0.563129,0.1698
rc_trial_a33_k3_hn05,1,1035,1035,0.677632,0.824841
rc_trial_a33_k3_hn05,1,1036,1036,1.01837,0.538129
rc_trial_a33_k3_hn05,1,1037,1037,0.00363064,0.714709
rc_trial_a33_k3_hn05,1,1038,1038,0.248732,0.30516
rc_trial_a33_k3_hn05,1,1039,1039,0.270692,0.527701
rc_trial_a33_k3_hn05,1,1040,1040,0.321218,0.194727
rc_trial_a33_k3_hn05,1,1041,1041,0.244194,0.380284
rc_trial_a33_k3_hn05,1,1042,1042,-0.184194,0.380073
rc_trial_a33_k3_hn05,1,1043,1043,1.17587,1.07884
rc_trial_a33_k3_hn05,1,1044,1044,1.18085,0.938882
rc_trial_a33_k3_hn05,1,1045,1045,1.16714,1.05907
rc_trial_a33_k3_hn05,1,1046,1046,1.04364,0.837691
rc_trial_a33_k3_hn05,1,1047,1047,1.0057,0.776125
rc_trial_a33_k3_hn05,1,1048,1048,1.03426,0.712463
rc_trial_a33_k3_hn05,1,1049,1049,0.68986,0.475288
rc_trial_a33_k3_hn05,1,1050,1050,0.377865,0.317507
rc_trial_a33_k3_hn05,1,1051,1051,0.267702,0.505793
rc_trial_a33_k3_hn05,1,1052,1052,0.0593878,0.365867
rc_trial_a33_k3_hn05,1,1053,1053,0.0345662,0.378793
rc_trial_a33_k3_hn05,1,1054,1054,0.183519,1.11757
rc_trial_a33_k3_hn05,1,1055,1055,0.222357,0.527333
rc_trial_a33_k3_hn05,1,1056,1056,0.11459,0.426722
rc_trial_a33_k3_hn05,1,1057,1057,0.832905,0.542265
rc_trial_a33_k3_hn05,1,1058,1058,0.735692,0.329059
rc_trial_a33_k3_hn05,1,1059,1059,0.697585,0.683957
rc_trial_a33_k3_hn05,1,1060,1060,0.546759,0.404587
rc_trial_a33_k3_hn05,1,1061,1061,0.755187,0.686971
rc_trial_a33_k3_hn05,1,1062,1062,0.776775,0.67124
rc_trial_a33_k3_hn05,1,1063,1063,0.732477,0.635809
rc_trial_a33_k3_hn05,1,1064,1064,0.698598,0.53458
rc_trial_a33_k3_hn05,1,1065,1065,0.214623,0.410308
rc_trial_a33_k3_hn05,1,1066,1066,0.395604,0.447613
rc_trial_a33_k3_hn05,1,1067,1067,0.868659,0.399043
rc_trial_a33_k3_hn05,1,1068,1068,0.691835,1.19707
rc_trial_a33_k3_hn05,1,1069,1069,0.162758,0.54183
rc_trial_a33_k3_hn05,1,1070,1070,0.290404,0.204401
rc_trial_a33_k3_hn05,1,1071,1071,0.302035,0.211283
rc_trial_a33_k3_hn05,1,1072,1072,0.483529,0.368883
rc_trial_a33_k3_hn05,1,1073,1073,0.181746,0.859942
rc_trial_a33_k3_hn05,1,1074,1074,0.15107400000000001,0.459527
rc_trial_a33_k3_hn05,1,1075,1075,0.136805,0.468413
rc_trial_a33_k3_hn05,1,1076,1076,0.591119,0.480858
rc_trial_a33_k3_hn05,1,1077,1077,0.607478,0.679872
rc_trial_a33_k3_hn05,1,1078,1078,0.700601,0.464233
rc_trial_a33_k3_hn05,1,1079,1079,0.849051,0.428611
rc_trial_a33_k3_hn05,1,1080,1080,0.0561337,0.536539
rc_trial_a33_k3_hn05,1,1081,1081,0.346534,0.811936
rc_trial_a33_k3_hn05,1,1082,1082,0.328706,0.661805
rc_trial_a33_k3_hn05,1,1083,1083,0.413694,0.416862
rc_trial_a33_k3_hn05,1,1084,1084,0.573084,0.564205
rc_trial_a33_k3_hn05,1,1085,1085,0.46924,0.175317
rc_trial_a33_k3_hn05,1,1086,1086,0.143402,0.405226
rc_trial_a33_k3_hn05,1,1087,1087,0.0811701,0.506336
rc_trial_a33_k3_hn05,1,1088,1088,0.0683181,0.477271
rc_trial_a33_k3_hn05,1,1089,1089,0.118524,0.215407
rc_trial_a33_k3_hn05,1,1090,1090,0.488576,0.180353
rc_trial_a33_k3_hn05,1,1091,1091,0.73047,0.248197
rc_trial_a33_k3_hn05,1,1092,1092,0.315794,0.522262
rc_trial_a33_k3_hn05,1,1093,1093,0.488744,0.206793
rc_trial_a33_k3_hn05,1,1094,1094,0.137428,0.276819
rc_trial_a33_k3_hn05,1,1095,1095,0.00862944,0.449874
rc_trial_a33_k3_hn05,1,1096,1096,0.265167,0.296043
rc_trial_a33_k3_hn05,1,1097,1097,0.238211,0.400981
rc_trial_a33_k3_hn05,1,1098,1098,0.335009,0.18208
rc_trial_a33_k3_hn05,1,1099,1099,0.111155,0.278863
rc_trial_a33_k3_hn05,1,1100,1100,0.310154,0.189792
rc_trial_a33_k3_hn05,1,1101,1101,0.203813,0.15387
rc_trial_a33_k3_hn05,1,1102,1102,0.204037,0.0259494
rc_trial_a33_k3_hn05,1,1103,1103,0.433675,0.641671
rc_trial_a33_k3_hn05,1,1104,1104,0.424639,0.18445
rc_trial_a33_k3_hn05,1,1105,1105,0.305496,0.454963
rc_trial_a33_k3_hn05,1,1106,1106,0.492912,0.32111
rc_trial_a33_k3_hn05,1,1107,1107,0.222543,0.392592
rc_trial_a33_k3_hn05,1,1108,1108,0.672854,0.310722
rc_trial_a33_k3_hn05,1,1109,1109,0.393246,0.59809
rc_trial_a33_k3_hn05,1,1110,1110,0.187332,0.103202
rc_trial_a33_k3_hn05,1,1111,1111,0.257218,0.0361057
rc_trial_a33_k3_hn05,1,1112,1112,0.339659,0.391051
rc_trial_a33_k3_hn05,1,1113,1113,0.447087,0.397956
rc_trial_a33_k3_hn05,1,1114,1114,0.320856,0.51421
rc_trial_a33_k3_hn05,1,1115,1115,0.254622,0.468052
rc_trial_a33_k3_hn05,1,1116,1116,-0.235365,0.629157
rc_trial_a33_k3_hn05,1,1117,1117,0.118995,0.460576
rc_trial_a33_k3_hn05,1,1118,1118,0.164811,1.01364
rc_trial_a33_k3_hn05,1,1119,1119,0.485489,0.355079
rc_trial_a33_k3_hn05,1,1120,1120,0.600481,0.786108
rc_trial_a33_k3_hn05,1,1121,1121,0.712072,0.639513
rc_trial_a33_k3_hn05,1,1122,1122,0.710128,0.622927
rc_trial_a33_k3_hn05,1,1123,1123,0.462465,0.725549
rc_trial_a33_k3_hn05,1,1124,1124,0.0459131,0.165315
rc_trial_a33_k3_hn05,1,1125,1125,0.664178,0.375012
rc_trial_a33_k3_hn05,1,1126,1126,0.419403,0.337148
rc_trial_a33_k3_hn05,1,1127,1127,0.525798,0.765853
rc_trial_a33_k3_hn05,1,1128,1128,1.14929,0.512752
rc_trial_a33_k3_hn05,1,1129,1129,0.663607,0.574355
rc_trial_a33_k3_hn05,1,1130,1130,0.643384,0.590464
rc_trial_a33_k3_hn05,1,1131,1131,0.664609,0.423286
rc_trial_a33_k3_hn05,1,1132,1132,0.595725,0.641389
rc_trial_a33_k3_hn05,1,1133,1133,0.299525,0.555664
rc_trial_a33_k3_hn05,1,1134,1134,0.226242,0.594121
rc_trial_a33_k3_hn05,1,1135,1135,0.22532,0.800651
rc_trial_a33_k3_hn05,1,1136,1136,0.430379,0.417207
rc_trial_a33_k3_hn05,1,1137,1137,0.378071,0.45425
rc_trial_a33_k3_hn05,1,1138,1138,0.709893,0.418546
rc_trial_a33_k3_hn05,1,1139,1139,0.385928,0.378085
rc_trial_a33_k3_hn05,1,1140,1140,0.263668,0.142346
rc_trial_a33_k3_hn05,1,1141,1141,0.226851,0.134988
rc_trial_a33_k3_hn05,1,1142,1142,0.143217,0.241802
rc_trial_a33_k3_hn05,1,1143,1143,0.330587,0.0944003
rc_trial_a33_k3_hn05,1,1144,1144,0.243379,0.0588742
rc_trial_a33_k3_hn05,1,1145,1145,0.42805,0.0532934
rc_trial_a33_k3_hn05,1,1146,1146,0.231562,0.0387219
rc_trial_a33_k3_hn05,1,1147,1147,0.259247,0.0625693
rc_trial_a33_k3_hn05,1,1148,1148,0.247566,0.0383789
rc_trial_a33_k3_hn05,1,1149,1149,0.282638,0.085612
rc_trial_a33_k3_hn05,1,1150,1150,0.162467,0.184977
rc_trial_a33_k3_hn05,1,1151,1151,0.91829,0.816175
rc_trial_a33_k3_hn05,1,1152,1152,0.886809,0.362223
rc_trial_a33_k3_hn05,1,1153,1153,1.09397,0.651792
rc_trial_a33_k3_hn05,1,1154,1154,0.19324,0.258626
rc_trial_a33_k3_hn05,1,1155,1155,0.348927,0.911182
rc_trial_a33_k3_hn05,1,1156,1156,0.44109,0.471307
rc_trial_a33_k3_hn05,1,1157,1157,0.464829,1.13812
rc_trial_a33_k3_hn05,1,1158,1158,0.111083,0.452359
rc_trial_a33_k3_hn05,1,1159,1159,0.0562436,0.312329
rc_trial_a33_k3_hn05,1,1160,1160,0.577142,0.639911
rc_trial_a33_k3_hn05,1,1161,1161,-0.119453,0.564508
rc_trial_a33_k3_hn05,1,1162,1162,0.670594,0.490667
rc_trial_a33_k3_hn05,1,1163,1163,0.684999,0.451782
rc_trial_a33_k3_hn05,1,1164,1164,0.273312,0.247264
rc_trial_a33_k3_hn05,1,1165,1165,0.298686,0.326859
rc_trial_a33_k3_hn05,1,1166,1166,0.20831,0.339199
rc_trial_a33_k3_hn05,1,1167,1167,0.315662,0.432171
rc_trial_a33_k3_hn05,1,1168,1168,-0.0114181,0.741528
rc_trial_a33_k3_hn05,1,1169,1169,-3.38784e-5,0.609257
rc_trial_a33_k3_hn05,1,1170,1170,0.751995,0.801173
rc_trial_a33_k3_hn05,1,1171,1171,0.882977,0.723265
rc_trial_a33_k3_hn05,1,1172,1172,0.316116,0.644869
rc_trial_a33_k3_hn05,1,1173,1173,0.23095,0.396918
rc_trial_a33_k3_hn05,1,1174,1174,0.185641,0.540226
rc_trial_a33_k3_hn05,1,1175,1175,-0.00115035,0.525477
rc_trial_a33_k3_hn05,1,1176,1176,-0.0923717,0.882701
rc_trial_a33_k3_hn05,1,1177,1177,-0.0351452,0.6711
rc_trial_a33_k3_hn05,1,1178,1178,0.682565,0.559194
rc_trial_a33_k3_hn05,1,1179,1179,0.691889,0.513545
rc_trial_a33_k3_hn05,1,1180,1180,0.101536,0.874083
rc_trial_a33_k3_hn05,1,1181,1181,0.137219,0.334662
rc_trial_a33_k3_hn05,1,1182,1182,0.269603,0.814081
rc_trial_a33_k3_hn05,1,1183,1183,0.109021,0.65679
rc_trial_a33_k3_hn05,1,1184,1184,0.362115,0.56765
rc_trial_a33_k3_hn05,1,1185,1185,0.252595,0.232991
rc_trial_a33_k3_hn05,1,1186,1186,0.135645,0.174623
rc_trial_a33_k3_hn05,1,1187,1187,0.280895,0.065757
rc_trial_a33_k3_hn05,1,1188,1188,0.218219,0.0580849
rc_trial_a33_k3_hn05,1,1189,1189,0.089735,0.166469
rc_trial_a33_k3_hn05,1,1190,1190,0.0908066,0.0404082
rc_trial_a33_k3_hn05,1,1191,1191,0.436683,0.132833
rc_trial_a33_k3_hn05,1,1192,1192,0.117755,0.127413
rc_trial_a33_k3_hn05,1,1193,1193,0.245378,0.0607756
rc_trial_a33_k3_hn05,1,1194,1194,0.166681,0.0841732
rc_trial_a33_k3_hn05,1,1195,1195,0.627083,0.281588
rc_trial_a33_k3_hn05,1,1196,1196,0.130326,0.947777
rc_trial_a33_k3_hn05,1,1197,1197,-0.0825015,0.428858
rc_trial_a33_k3_hn05,1,1198,1198,-0.0710819,0.368427
rc_trial_a33_k3_hn05,1,1199,1199,0.180196,0.256887
rc_trial_a33_k3_hn05,1,1200,1200,0.139181,0.128558
rc_trial_a33_k3_hn05,1,1201,1201,0.144204,0.220317
rc_trial_a33_k3_hn05,1,1202,1202,0.237489,0.148309
rc_trial_a33_k3_hn05,1,1203,1203,0.166166,0.318603
rc_trial_a33_k3_hn05,1,1204,1204,0.0892379,0.567781
rc_trial_a33_k3_hn05,1,1205,1205,0.202301,1.07642
rc_trial_a33_k3_hn05,1,1206,1206,0.194708,0.507422
rc_trial_a33_k3_hn05,1,1207,1207,0.48256,0.359109
rc_trial_a33_k3_hn05,1,1208,1208,0.320636,0.470249
rc_trial_a33_k3_hn05,1,1209,1209,0.245095,0.380876
rc_trial_a33_k3_hn05,1,1210,1210,0.260949,0.31963
rc_trial_a33_k3_hn05,1,1211,1211,0.557521,0.189568
rc_trial_a33_k3_hn05,1,1212,1212,0.436385,0.24613
rc_trial_a33_k3_hn05,1,1213,1213,0.183043,0.473744
rc_trial_a33_k3_hn05,1,1214,1214,0.160581,0.425168
rc_trial_a33_k3_hn05,1,1215,1215,0.995377,0.406558
rc_trial_a33_k3_hn05,1,1216,1216,0.484794,0.521053
rc_trial_a33_k3_hn05,1,1217,1217,0.514961,0.929138
rc_trial_a33_k3_hn05,1,1218,1218,0.4841,0.702342
rc_trial_a33_k3_hn05,1,1219,1219,1.16269,0.592155
rc_trial_a33_k3_hn05,1,1220,1220,0.863238,0.908204
rc_trial_a33_k3_hn05,1,1221,1221,0.398215,0.487894
rc_trial_a33_k3_hn05,1,1222,1222,0.505034,0.573326
rc_trial_a33_k3_hn05,1,1223,1223,0.28575,0.251451
rc_trial_a33_k3_hn05,1,1224,1224,0.261027,0.156617
rc_trial_a33_k3_hn05,1,1225,1225,0.178861,0.13474
rc_trial_a33_k3_hn05,1,1226,1226,0.332339,0.320914
rc_trial_a33_k3_hn05,1,1227,1227,0.343874,0.0828305
rc_trial_a33_k3_hn05,1,1228,1228,-0.0114776,0.153527
rc_trial_a33_k3_hn05,1,1229,1229,0.133941,0.2609
rc_trial_a33_k3_hn05,1,1230,1230,0.367467,0.290769
rc_trial_a33_k3_hn05,1,1231,1231,0.113209,0.0475279
rc_trial_a33_k3_hn05,1,1232,1232,0.653991,0.144963
rc_trial_a33_k3_hn05,1,1233,1233,0.853584,0.227041
rc_trial_a33_k3_hn05,1,1234,1234,0.717983,0.736074
rc_trial_a33_k3_hn05,1,1235,1235,0.710173,0.63758
rc_trial_a33_k3_hn05,1,1236,1236,0.50104,0.34183
rc_trial_a33_k3_hn05,1,1237,1237,0.530351,0.290495
rc_trial_a33_k3_hn05,1,1238,1238,0.312202,0.119704
rc_trial_a33_k3_hn05,1,1239,1239,0.24516,0.10559
rc_trial_a33_k3_hn05,1,1240,1240,0.272774,0.270391
rc_trial_a33_k3_hn05,1,1241,1241,0.218574,0.3424
rc_trial_a33_k3_hn05,1,1242,1242,0.657988,0.495042
rc_trial_a33_k3_hn05,1,1243,1243,0.66156,0.535657
rc_trial_a33_k3_hn05,1,1244,1244,0.772473,0.491132
rc_trial_a33_k3_hn05,1,1245,1245,0.778504,0.929695
rc_trial_a33_k3_hn05,1,1246,1246,0.790192,0.778457
rc_trial_a33_k3_hn05,1,1247,1247,0.711208,0.706517
rc_trial_a33_k3_hn05,1,1248,1248,0.348161,0.410061
rc_trial_a33_k3_hn05,1,1249,1249,0.31851,0.560618
rc_trial_a33_k3_hn05,1,1250,1250,0.317189,0.43632
rc_trial_a33_k3_hn05,1,1251,1251,0.399868,0.531647
rc_trial_a33_k3_hn05,1,1252,1252,0.0856539,0.349301
rc_trial_a33_k3_hn05,1,1253,1253,0.0917002,0.352461
rc_trial_a33_k3_hn05,1,1254,1254,0.0126355,0.284614
rc_trial_a33_k3_hn05,1,1255,1255,0.0650996,0.166294
rc_trial_a33_k3_hn05,1,1256,1256,0.270526,0.0479571
rc_trial_a33_k3_hn05,1,1257,1257,0.0554823,0.108789
rc_trial_a33_k3_hn05,1,1258,1258,0.179239,0.171734
rc_trial_a33_k3_hn05,1,1259,1259,0.220405,0.0263544
rc_trial_a33_k3_hn05,1,1260,1260,0.362558,0.0547758
rc_trial_a33_k3_hn05,1,1261,1261,0.481691,0.0326202
rc_trial_a33_k3_hn05,1,1262,1262,0.614997,0.138426
rc_trial_a33_k3_hn05,1,1263,1263,0.563018,0.124848
rc_trial_a33_k3_hn05,1,1264,1264,0.419345,0.150376
rc_trial_a33_k3_hn05,1,1265,1265,0.786527,0.542354
rc_trial_a33_k3_hn05,1,1266,1266,0.543278,0.550314
rc_trial_a33_k3_hn05,1,1267,1267,0.40091,1.01527
rc_trial_a33_k3_hn05,1,1268,1268,0.285995,0.575484
rc_trial_a33_k3_hn05,1,1269,1269,0.250482,0.648898
rc_trial_a33_k3_hn05,1,1270,1270,0.197659,0.72055
rc_trial_a33_k3_hn05,1,1271,1271,0.551483,0.908654
rc_trial_a33_k3_hn05,1,1272,1272,0.376622,0.451387
rc_trial_a33_k3_hn05,1,1273,1273,0.0576396,0.892051
rc_trial_a33_k3_hn05,1,1274,1274,-0.00809525,1.05088
rc_trial_a33_k3_hn05,1,1275,1275,0.428683,0.268189
rc_trial_a33_k3_hn05,1,1276,1276,0.288275,0.576843
rc_trial_a33_k3_hn05,1,1277,1277,0.543296,0.581348
rc_trial_a33_k3_hn05,1,1278,1278,0.519598,0.602259
rc_trial_a33_k3_hn05,1,1279,1279,0.60012,0.521559
rc_trial_a33_k3_hn05,1,1280,1280,0.610769,0.82865
rc_trial_a33_k3_hn05,1,1281,1281,0.643821,0.732679
rc_trial_a33_k3_hn05,1,1282,1282,0.527594,0.439535
rc_trial_a33_k3_hn05,1,1283,1283,0.617646,0.528358
rc_trial_a33_k3_hn05,1,1284,1284,0.512696,0.492497
rc_trial_a33_k3_hn05,1,1285,1285,0.524768,0.471587
rc_trial_a33_k3_hn05,1,1286,1286,0.694467,0.856411
rc_trial_a33_k3_hn05,1,1287,1287,0.41936,0.825375
rc_trial_a33_k3_hn05,1,1288,1288,0.656423,0.391293
rc_trial_a33_k3_hn05,1,1289,1289,0.722627,0.803211
rc_trial_a33_k3_hn05,1,1290,1290,0.73561,0.570188
rc_trial_a33_k3_hn05,1,1291,1291,0.436912,0.412413
rc_trial_a33_k3_hn05,1,1292,1292,0.00771413,1.11361
rc_trial_a33_k3_hn05,1,1293,1293,0.0615601,0.242451
rc_trial_a33_k3_hn05,1,1294,1294,-0.0496563,0.200218
rc_trial_a33_k3_hn05,1,1295,1295,0.0954039,0.317198
rc_trial_a33_k3_hn05,1,1296,1296,0.159586,0.103876
rc_trial_a33_k3_hn05,1,1297,1297,0.154403,0.0462206
rc_trial_a33_k3_hn05,1,1298,1298,0.351451,0.0731009
rc_trial_a33_k3_hn05,1,1299,1299,0.498721,0.266051
rc_trial_a33_k3_hn05,1,1300,1300,0.461485,0.336984
rc_trial_a33_k3_hn05,1,1301,1301,0.614722,0.347563
rc_trial_a33_k3_hn05,1,1302,1302,0.0465161,0.498188
rc_trial_a33_k3_hn05,1,1303,1303,0.163077,0.583733
rc_trial_a33_k3_hn05,1,1304,1304,0.151678,0.51937
rc_trial_a33_k3_hn05,1,1305,1305,0.0698642,0.429787
rc_trial_a33_k3_hn05,1,1306,1306,0.0902013,0.366419
rc_trial_a33_k3_hn05,1,1307,1307,-0.142026,0.449484
rc_trial_a33_k3_hn05,1,1308,1308,0.0754087,0.600334
rc_trial_a33_k3_hn05,1,1309,1309,0.423132,0.340982
rc_trial_a33_k3_hn05,1,1310,1310,0.281317,0.294953
rc_trial_a33_k3_hn05,1,1311,1311,0.10591,0.171583
rc_trial_a33_k3_hn05,1,1312,1312,0.0985313,0.0145096
rc_trial_a33_k3_hn05,1,1313,1313,0.107401,0.0154394
rc_trial_a33_k3_hn05,1,1314,1314,0.0888186,0.0149551
rc_trial_a33_k3_hn05,1,1315,1315,0.442461,0.321829
rc_trial_a33_k3_hn05,1,1316,1316,-0.070289,0.305819
rc_trial_a33_k3_hn05,1,1317,1317,-0.188702,0.670318
rc_trial_a33_k3_hn05,1,1318,1318,-0.337262,0.597574
rc_trial_a33_k3_hn05,1,1319,1319,-0.300054,0.831504
rc_trial_a33_k3_hn05,1,1320,1320,-0.160507,0.705252
rc_trial_a33_k3_hn05,1,1321,1321,0.241071,0.702805
rc_trial_a33_k3_hn05,1,1322,1322,0.489051,0.808673
rc_trial_a33_k3_hn05,1,1323,1323,0.0956608,0.49007
rc_trial_a33_k3_hn05,1,1324,1324,0.390266,0.761298
rc_trial_a33_k3_hn05,1,1325,1325,0.903983,0.556428
rc_trial_a33_k3_hn05,1,1326,1326,1.01203,0.768742
rc_trial_a33_k3_hn05,1,1327,1327,0.622092,0.354527
rc_trial_a33_k3_hn05,1,1328,1328,-0.134373,0.498086
rc_trial_a33_k3_hn05,1,1329,1329,-0.140404,0.470575
rc_trial_a33_k3_hn05,1,1330,1330,0.10411,0.387615
rc_trial_a33_k3_hn05,1,1331,1331,0.94878,0.595713
rc_trial_a33_k3_hn05,1,1332,1332,0.563638,0.568359
rc_trial_a33_k3_hn05,1,1333,1333,0.954977,0.669149
rc_trial_a33_k3_hn05,1,1334,1334,0.758251,1.01553
rc_trial_a33_k3_hn05,1,1335,1335,0.450087,0.453081
rc_trial_a33_k3_hn05,1,1336,1336,0.460298,0.523129
rc_trial_a33_k3_hn05,1,1337,1337,0.477417,0.321253
rc_trial_a33_k3_hn05,1,1338,1338,0.2995,0.15151
rc_trial_a33_k3_hn05,1,1339,1339,0.502206,0.175163
rc_trial_a33_k3_hn05,1,1340,1340,0.803754,0.447644
rc_trial_a33_k3_hn05,1,1341,1341,-0.0187795,0.295188
rc_trial_a33_k3_hn05,1,1342,1342,0.452714,0.0637315
rc_trial_a33_k3_hn05,1,1343,1343,0.109722,0.0142146
rc_trial_a33_k3_hn05,1,1344,1344,0.460346,0.116174
rc_trial_a33_k3_hn05,1,1345,1345,0.353717,0.168003
rc_trial_a33_k3_hn05,1,1346,1346,0.157995,0.273348
rc_trial_a33_k3_hn05,1,1347,1347,0.143711,0.299189
rc_trial_a33_k3_hn05,1,1348,1348,0.226996,0.262887
rc_trial_a33_k3_hn05,1,1349,1349,0.176875,0.291257
rc_trial_a33_k3_hn05,1,1350,1350,0.0457476,0.752288
rc_trial_a33_k3_hn05,1,1351,1351,-0.12524,0.484681
rc_trial_a33_k3_hn05,1,1352,1352,0.345747,0.333425
rc_trial_a33_k3_hn05,1,1353,1353,0.639626,0.285148
rc_trial_a33_k3_hn05,1,1354,1354,0.559699,0.272552
rc_trial_a33_k3_hn05,1,1355,1355,0.750438,0.50117
rc_trial_a33_k3_hn05,1,1356,1356,0.699132,0.615608
rc_trial_a33_k3_hn05,1,1357,1357,0.809911,0.660148
rc_trial_a33_k3_hn05,1,1358,1358,-0.0242478,0.624794
rc_trial_a33_k3_hn05,1,1359,1359,-0.131461,0.46422
rc_trial_a33_k3_hn05,1,1360,1360,0.189235,0.552944
rc_trial_a33_k3_hn05,1,1361,1361,0.346531,0.322748
rc_trial_a33_k3_hn05,1,1362,1362,0.0674213,0.207073
rc_trial_a33_k3_hn05,1,1363,1363,0.211269,0.187399
rc_trial_a33_k3_hn05,1,1364,1364,0.246775,0.171806
rc_trial_a33_k3_hn05,1,1365,1365,0.190233,0.142527
rc_trial_a33_k3_hn05,1,1366,1366,0.20325,0.431401
rc_trial_a33_k3_hn05,1,1367,1367,0.187239,0.0031945
rc_trial_a33_k3_hn05,1,1368,1368,0.301932,0.0666568
rc_trial_a33_k3_hn05,1,1369,1369,0.341948,0.122441
rc_trial_a33_k3_hn05,1,1370,1370,0.225608,0.0431892
rc_trial_a33_k3_hn05,1,1371,1371,0.439976,0.0968488
rc_trial_a33_k3_hn05,1,1372,1372,0.335471,0.162578
rc_trial_a33_k3_hn05,1,1373,1373,0.754142,0.622773
rc_trial_a33_k3_hn05,1,1374,1374,0.712165,0.418991
rc_trial_a33_k3_hn05,1,1375,1375,0.491138,0.215377
rc_trial_a33_k3_hn05,1,1376,1376,0.491051,0.237377
rc_trial_a33_k3_hn05,1,1377,1377,0.135302,0.381902
rc_trial_a33_k3_hn05,1,1378,1378,0.219771,0.149552
rc_trial_a33_k3_hn05,1,1379,1379,0.516141,0.171471
rc_trial_a33_k3_hn05,1,1380,1380,0.32713,0.207275
rc_trial_a33_k3_hn05,1,1381,1381,0.626585,0.458012
rc_trial_a33_k3_hn05,1,1382,1382,0.740124,0.602351
rc_trial_a33_k3_hn05,1,1383,1383,0.614564,1.19552
rc_trial_a33_k3_hn05,1,1384,1384,0.554716,0.359152
rc_trial_a33_k3_hn05,1,1385,1385,-0.10136,0.778474
rc_trial_a33_k3_hn05,1,1386,1386,-0.124976,0.907919
rc_trial_a33_k3_hn05,1,1387,1387,0.079664,0.521369
rc_trial_a33_k3_hn05,1,1388,1388,-0.0272493,0.512313
rc_trial_a33_k3_hn05,1,1389,1389,-0.100359,0.519514
rc_trial_a33_k3_hn05,1,1390,1390,0.0664827,0.479038
rc_trial_a33_k3_hn05,1,1391,1391,0.153916,0.727481
rc_trial_a33_k3_hn05,1,1392,1392,-0.191218,0.541707
rc_trial_a33_k3_hn05,1,1393,1393,-0.0523258,0.637582
rc_trial_a33_k3_hn05,1,1394,1394,-0.0422319,0.630986
rc_trial_a33_k3_hn05,1,1395,1395,0.223492,0.31885
rc_trial_a33_k3_hn05,1,1396,1396,0.163332,0.109062
rc_trial_a33_k3_hn05,1,1397,1397,0.548068,0.343303
rc_trial_a33_k3_hn05,1,1398,1398,0.660696,0.444434
rc_trial_a33_k3_hn05,1,1399,1399,0.407446,0.601595
rc_trial_a33_k3_hn05,1,1400,1400,0.398016,0.589449
rc_trial_a33_k3_hn05,1,1401,1401,0.316593,0.0796666
rc_trial_a33_k3_hn05,1,1402,1402,0.0960001,0.108031
rc_trial_a33_k3_hn05,1,1403,1403,0.213671,0.123113
rc_trial_a33_k3_hn05,1,1404,1404,0.306627,1.00349
rc_trial_a33_k3_hn05,1,1405,1405,0.450529,0.752986
rc_trial_a33_k3_hn05,1,1406,1406,0.390926,0.485155
rc_trial_a33_k3_hn05,1,1407,1407,0.42236,0.44656
rc_trial_a33_k3_hn05,1,1408,1408,0.477009,0.490825
rc_trial_a33_k3_hn05,1,1409,1409,0.533068,0.311693
rc_trial_a33_k3_hn05,1,1410,1410,0.385922,0.457251
rc_trial_a33_k3_hn05,1,1411,1411,0.286279,0.219746
rc_trial_a33_k3_hn05,1,1412,1412,0.213591,0.212233
rc_trial_a33_k3_hn05,1,1413,1413,0.828438,0.535701
rc_trial_a33_k3_hn05,1,1414,1414,0.281033,0.422236
rc_trial_a33_k3_hn05,1,1415,1415,0.300328,0.374187
rc_trial_a33_k3_hn05,1,1416,1416,0.39539,0.374438
rc_trial_a33_k3_hn05,1,1417,1417,-0.126627,0.425874
rc_trial_a33_k3_hn05,1,1418,1418,0.0370162,0.33509
rc_trial_a33_k3_hn05,1,1419,1419,0.150559,0.850053
rc_trial_a33_k3_hn05,1,1420,1420,-0.0862802,0.538088
rc_trial_a33_k3_hn05,1,1421,1421,0.156937,0.536652
rc_trial_a33_k3_hn05,1,1422,1422,-0.0270205,0.189538
rc_trial_a33_k3_hn05,1,1423,1423,0.0577999,0.343273
rc_trial_a33_k3_hn05,1,1424,1424,0.404507,0.180966
rc_trial_a33_k3_hn05,1,1425,1425,0.0710709,0.225458
rc_trial_a33_k3_hn05,1,1426,1426,0.120448,0.20217
rc_trial_a33_k3_hn05,1,1427,1427,-0.00648527,0.131583
rc_trial_a33_k3_hn05,1,1428,1428,0.450436,0.022405
rc_trial_a33_k3_hn05,1,1429,1429,0.183973,0.0384668
rc_trial_a33_k3_hn05,1,1430,1430,0.494455,0.290111
rc_trial_a33_k3_hn05,1,1431,1431,0.294677,0.181454
rc_trial_a33_k3_hn05,1,1432,1432,0.52487,0.339266
rc_trial_a33_k3_hn05,1,1433,1433,0.631219,0.583746
rc_trial_a33_k3_hn05,1,1434,1434,0.259905,0.366141
rc_trial_a33_k3_hn05,1,1435,1435,1.15225,0.613653
rc_trial_a33_k3_hn05,1,1436,1436,1.06443,0.706179
rc_trial_a33_k3_hn05,1,1437,1437,0.563056,0.387053
rc_trial_a33_k3_hn05,1,1438,1438,0.639693,0.8142
rc_trial_a33_k3_hn05,1,1439,1439,0.65169,1.1191
rc_trial_a33_k3_hn05,1,1440,1440,0.351919,0.247522
rc_trial_a33_k3_hn05,1,1441,1441,0.21865,0.261782
rc_trial_a33_k3_hn05,1,1442,1442,-0.0746173,0.365894
rc_trial_a33_k3_hn05,1,1443,1443,-0.0599948,0.489168
rc_trial_a33_k3_hn05,1,1444,1444,-0.0514462,0.431986
rc_trial_a33_k3_hn05,1,1445,1445,0.431956,0.791106
rc_trial_a33_k3_hn05,1,1446,1446,0.442513,0.932763
rc_trial_a33_k3_hn05,1,1447,1447,0.400696,0.941107
rc_trial_a33_k3_hn05,1,1448,1448,0.427336,0.961595
rc_trial_a33_k3_hn05,1,1449,1449,0.363846,0.296996
rc_trial_a33_k3_hn05,1,1450,1450,0.633734,0.538895
rc_trial_a33_k3_hn05,1,1451,1451,0.722184,0.766709
rc_trial_a33_k3_hn05,1,1452,1452,0.81656,0.440835
rc_trial_a33_k3_hn05,1,1453,1453,1.10404,0.468251
rc_trial_a33_k3_hn05,1,1454,1454,1.56205,0.914811
rc_trial_a33_k3_hn05,1,1455,1455,0.799023,0.574881
rc_trial_a33_k3_hn05,1,1456,1456,0.754276,0.640939
rc_trial_a33_k3_hn05,1,1457,1457,0.188834,0.477595
rc_trial_a33_k3_hn05,1,1458,1458,0.170996,0.633142
rc_trial_a33_k3_hn05,1,1459,1459,0.340477,0.563307
rc_trial_a33_k3_hn05,1,1460,1460,0.24288,0.782359
rc_trial_a33_k3_hn05,1,1461,1461,0.556848,0.432505
rc_trial_a33_k3_hn05,1,1462,1462,0.436419,0.383394
rc_trial_a33_k3_hn05,1,1463,1463,0.526155,0.201308
rc_trial_a33_k3_hn05,1,1464,1464,0.485531,0.249657
rc_trial_a33_k3_hn05,1,1465,1465,0.456622,0.196037
rc_trial_a33_k3_hn05,1,1466,1466,0.270837,0.152204
rc_trial_a33_k3_hn05,1,1467,1467,0.47552,0.17112
rc_trial_a33_k3_hn05,1,1468,1468,0.511689,0.202071
rc_trial_a33_k3_hn05,1,1469,1469,0.428385,0.418191
rc_trial_a33_k3_hn05,1,1470,1470,0.229429,0.640303
rc_trial_a33_k3_hn05,1,1471,1471,0.204062,0.635503
rc_trial_a33_k3_hn05,1,1472,1472,0.0846126,0.535576
rc_trial_a33_k3_hn05,1,1473,1473,0.234516,0.578051
rc_trial_a33_k3_hn05,1,1474,1474,0.557132,0.64441
rc_trial_a33_k3_hn05,1,1475,1475,0.953043,0.562167
rc_trial_a33_k3_hn05,1,1476,1476,0.802185,0.68968
rc_trial_a33_k3_hn05,1,1477,1477,0.46034,0.495179
rc_trial_a33_k3_hn05,1,1478,1478,0.264818,0.302607
rc_trial_a33_k3_hn05,1,1479,1479,0.267458,0.665273
rc_trial_a33_k3_hn05,1,1480,1480,0.500315,0.290525
rc_trial_a33_k3_hn05,1,1481,1481,0.483965,0.417348
rc_trial_a33_k3_hn05,1,1482,1482,0.513433,0.419246
rc_trial_a33_k3_hn05,1,1483,1483,0.280998,0.213226
rc_trial_a33_k3_hn05,1,1484,1484,0.719425,0.61786
rc_trial_a33_k3_hn05,1,1485,1485,0.171477,0.167855
rc_trial_a33_k3_hn05,1,1486,1486,0.0729248,0.271347
rc_trial_a33_k3_hn05,1,1487,1487,0.120473,0.182769
rc_trial_a33_k3_hn05,1,1488,1488,0.0178867,0.558624
rc_trial_a33_k3_hn05,1,1489,1489,-0.142179,0.837311
rc_trial_a33_k3_hn05,1,1490,1490,-0.0973876,0.821793
rc_trial_a33_k3_hn05,1,1491,1491,0.240523,0.881095
rc_trial_a33_k3_hn05,1,1492,1492,0.153555,0.770736
rc_trial_a33_k3_hn05,1,1493,1493,0.501691,0.427945
rc_trial_a33_k3_hn05,1,1494,1494,1.0552,0.823027
rc_trial_a33_k3_hn05,1,1495,1495,0.184431,0.195256
rc_trial_a33_k3_hn05,1,1496,1496,0.221686,0.126456
rc_trial_a33_k3_hn05,1,1497,1497,0.342667,0.0903086
rc_trial_a33_k3_hn05,1,1498,1498,0.391919,0.209426
rc_trial_a33_k3_hn05,1,1499,1499,0.287324,0.179719
rc_trial_a33_k3_hn05,1,1500,1500,0.22658,0.247594
rc_trial_a33_k3_hn05,1,1501,1501,0.190139,0.217301
rc_trial_a33_k3_hn05,1,1502,1502,0.37218,0.184393
rc_trial_a33_k3_hn05,1,1503,1503,0.269135,0.216938
rc_trial_a33_k3_hn05,1,1504,1504,0.212065,0.258564
rc_trial_a33_k3_hn05,1,1505,1505,0.612608,0.225006
rc_trial_a33_k3_hn05,1,1506,1506,0.313273,0.574588
rc_trial_a33_k3_hn05,1,1507,1507,0.178437,0.376836
rc_trial_a33_k3_hn05,1,1508,1508,0.120438,0.423392
rc_trial_a33_k3_hn05,1,1509,1509,0.225904,0.329391
rc_trial_a33_k3_hn05,1,1510,1510,-0.0536276,0.539719
rc_trial_a33_k3_hn05,1,1511,1511,0.27602,0.159605
rc_trial_a33_k3_hn05,1,1512,1512,-6.4531e-4,0.20945
rc_trial_a33_k3_hn05,1,1513,1513,-0.487603,0.435511
rc_trial_a33_k3_hn05,1,1514,1514,0.357605,0.0226999
rc_trial_a33_k3_hn05,1,1515,1515,0.180714,0.0465431
rc_trial_a33_k3_hn05,1,1516,1516,0.337995,0.510154
rc_trial_a33_k3_hn05,1,1517,1517,0.498055,0.515456
rc_trial_a33_k3_hn05,1,1518,1518,0.477928,0.679268
rc_trial_a33_k3_hn05,1,1519,1519,0.497105,0.711452
rc_trial_a33_k3_hn05,1,1520,1520,0.130288,0.46487
rc_trial_a33_k3_hn05,1,1521,1521,0.0290936,0.7029
rc_trial_a33_k3_hn05,1,1522,1522,0.0299404,0.843217
rc_trial_a33_k3_hn05,1,1523,1523,-0.05378,0.507231
rc_trial_a33_k3_hn05,1,1524,1524,0.21399,0.889703
rc_trial_a33_k3_hn05,1,1525,1525,-0.215951,0.401554
rc_trial_a33_k3_hn05,1,1526,1526,-0.166838,0.584811
rc_trial_a33_k3_hn05,1,1527,1527,1.0588,0.420051
rc_trial_a33_k3_hn05,1,1528,1528,0.33131,0.241062
rc_trial_a33_k3_hn05,1,1529,1529,0.336452,0.327778
rc_trial_a33_k3_hn05,1,1530,1530,0.195476,0.228031
rc_trial_a33_k3_hn05,1,1531,1531,0.471722,0.566899
rc_trial_a33_k3_hn05,1,1532,1532,0.32377,0.259321
rc_trial_a33_k3_hn05,1,1533,1533,-0.0881319,0.434526
rc_trial_a33_k3_hn05,1,1534,1534,0.42422,0.939952
rc_trial_a33_k3_hn05,1,1535,1535,0.607733,0.367442
rc_trial_a33_k3_hn05,1,1536,1536,0.664229,0.404381
rc_trial_a33_k3_hn05,1,1537,1537,0.455579,0.245405
rc_trial_a33_k3_hn05,1,1538,1538,0.759519,0.438233
rc_trial_a33_k3_hn05,1,1539,1539,0.374567,0.427291
rc_trial_a33_k3_hn05,1,1540,1540,0.635723,0.641298
rc_trial_a33_k3_hn05,1,1541,1541,0.739171,0.289053
rc_trial_a33_k3_hn05,1,1542,1542,0.752619,0.28848
rc_trial_a33_k3_hn05,1,1543,1543,0.5141,0.366902
rc_trial_a33_k3_hn05,1,1544,1544,0.357567,0.184003
rc_trial_a33_k3_hn05,1,1545,1545,0.252401,0.0857127
rc_trial_a33_k3_hn05,1,1546,1546,0.0434895,0.420382
rc_trial_a33_k3_hn05,1,1547,1547,0.406096,0.546963
rc_trial_a33_k3_hn05,1,1548,1548,0.644879,0.882327
rc_trial_a33_k3_hn05,1,1549,1549,0.959385,0.593309
rc_trial_a33_k3_hn05,1,1550,1550,0.249558,1.08541
rc_trial_a33_k3_hn05,1,1551,1551,0.752609,0.598761
rc_trial_a33_k3_hn05,1,1552,1552,0.710425,0.952379
rc_trial_a33_k3_hn05,1,1553,1553,0.677375,0.35299
rc_trial_a33_k3_hn05,1,1554,1554,0.537367,0.623156
rc_trial_a33_k3_hn05,1,1555,1555,0.513881,0.373426
rc_trial_a33_k3_hn05,1,1556,1556,0.573371,0.32385
rc_trial_a33_k3_hn05,1,1557,1557,0.416048,0.561775
rc_trial_a33_k3_hn05,1,1558,1558,0.333522,0.54781
rc_trial_a33_k3_hn05,1,1559,1559,-0.0758761,0.639782
rc_trial_a33_k3_hn05,1,1560,1560,-0.0324439,0.634517
rc_trial_a33_k3_hn05,1,1561,1561,0.513554,0.353892
rc_trial_a33_k3_hn05,1,1562,1562,0.535943,0.436885
rc_trial_a33_k3_hn05,1,1563,1563,0.515042,0.322637
rc_trial_a33_k3_hn05,1,1564,1564,0.40393,0.275598
rc_trial_a33_k3_hn05,1,1565,1565,0.653167,0.175241
rc_trial_a33_k3_hn05,1,1566,1566,0.536736,0.121854
rc_trial_a33_k3_hn05,1,1567,1567,0.410568,0.724854
rc_trial_a33_k3_hn05,1,1568,1568,0.554891,0.810715
rc_trial_a33_k3_hn05,1,1569,1569,0.37221,0.388404
rc_trial_a33_k3_hn05,1,1570,1570,0.0486857,0.538176
rc_trial_a33_k3_hn05,1,1571,1571,0.0620463,0.513299
rc_trial_a33_k3_hn05,1,1572,1572,0.302204,0.602461
rc_trial_a33_k3_hn05,1,1573,1573,0.311487,0.524803
rc_trial_a33_k3_hn05,1,1574,1574,0.811231,0.790129
rc_trial_a33_k3_hn05,1,1575,1575,1.28386,0.731437
rc_trial_a33_k3_hn05,1,1576,1576,0.976221,0.436851
rc_trial_a33_k3_hn05,1,1577,1577,0.998913,0.433085
rc_trial_a33_k3_hn05,1,1578,1578,0.810973,0.326207
rc_trial_a33_k3_hn05,1,1579,1579,0.777677,0.253834
rc_trial_a33_k3_hn05,1,1580,1580,0.193521,0.189635
rc_trial_a33_k3_hn05,1,1581,1581,0.455548,0.271681
rc_trial_a33_k3_hn05,1,1582,1582,0.551137,0.348589
rc_trial_a33_k3_hn05,1,1583,1583,0.493511,0.555248
rc_trial_a33_k3_hn05,1,1584,1584,0.365602,0.224584
rc_trial_a33_k3_hn05,1,1585,1585,0.121757,0.163822
rc_trial_a33_k3_hn05,1,1586,1586,0.21455,0.274693
rc_trial_a33_k3_hn05,1,1587,1587,0.144032,0.216634
rc_trial_a33_k3_hn05,1,1588,1588,0.173778,0.375408
rc_trial_a33_k3_hn05,1,1589,1589,0.159056,0.181628
rc_trial_a33_k3_hn05,1,1590,1590,0.0651547,0.282205
rc_trial_a33_k3_hn05,1,1591,1591,0.146142,0.846906
rc_trial_a33_k3_hn05,1,1592,1592,0.145487,0.550925
rc_trial_a33_k3_hn05,1,1593,1593,0.47405,0.594146
rc_trial_a33_k3_hn05,1,1594,1594,0.45969,0.416609
rc_trial_a33_k3_hn05,1,1595,1595,0.0610455,0.260531
rc_trial_a33_k3_hn05,1,1596,1596,0.626355,0.535418
rc_trial_a33_k3_hn05,1,1597,1597,0.0903902,0.28797
rc_trial_a33_k3_hn05,1,1598,1598,-0.135815,0.93875
rc_trial_a33_k3_hn05,1,1599,1599,0.773944,0.265728
rc_trial_a33_k3_hn05,1,1600,1600,0.478902,0.622117
rc_trial_a33_k3_hn05,1,1601,1601,0.396394,0.347935
rc_trial_a33_k3_hn05,1,1602,1602,-0.0184872,0.481013
rc_trial_a33_k3_hn05,1,1603,1603,0.230862,0.74935
rc_trial_a33_k3_hn05,1,1604,1604,0.232943,0.317309
rc_trial_a33_k3_hn05,1,1605,1605,0.686121,0.640431
rc_trial_a33_k3_hn05,1,1606,1606,0.655795,0.816544
rc_trial_a33_k3_hn05,1,1607,1607,0.373748,0.650107
rc_trial_a33_k3_hn05,1,1608,1608,-0.0688327,0.761315
rc_trial_a33_k3_hn05,1,1609,1609,-0.110897,0.679619
rc_trial_a33_k3_hn05,1,1610,1610,0.560394,0.415636
rc_trial_a33_k3_hn05,1,1611,1611,0.385995,0.303866
rc_trial_a33_k3_hn05,1,1612,1612,0.487187,0.431908
rc_trial_a33_k3_hn05,1,1613,1613,0.573294,0.818761
rc_trial_a33_k3_hn05,1,1614,1614,0.546843,0.903548
rc_trial_a33_k3_hn05,1,1615,1615,0.725765,0.477459
rc_trial_a33_k3_hn05,1,1616,1616,0.160166,0.204805
rc_trial_a33_k3_hn05,1,1617,1617,0.0899631,0.417019
rc_trial_a33_k3_hn05,1,1618,1618,0.10194,0.27505
rc_trial_a33_k3_hn05,1,1619,1619,0.0443618,0.250241
rc_trial_a33_k3_hn05,1,1620,1620,0.153293,0.503738
rc_trial_a33_k3_hn05,1,1621,1621,0.504385,0.424331
rc_trial_a33_k3_hn05,1,1622,1622,0.492641,0.360127
rc_trial_a33_k3_hn05,1,1623,1623,0.194454,0.240635
rc_trial_a33_k3_hn05,1,1624,1624,0.347973,0.290672
rc_trial_a33_k3_hn05,1,1625,1625,0.189817,0.292067
rc_trial_a33_k3_hn05,1,1626,1626,0.390634,0.091524
rc_trial_a33_k3_hn05,1,1627,1627,0.460942,0.188355
rc_trial_a33_k3_hn05,1,1628,1628,0.591711,0.173115
rc_trial_a33_k3_hn05,1,1629,1629,0.493144,0.196416
rc_trial_a33_k3_hn05,1,1630,1630,0.530907,0.17313
rc_trial_a33_k3_hn05,1,1631,1631,0.562506,0.0860062
rc_trial_a33_k3_hn05,1,1632,1632,0.0949612,0.500684
rc_trial_a33_k3_hn05,1,1633,1633,0.359389,0.461004
rc_trial_a33_k3_hn05,1,1634,1634,0.445529,0.715111
rc_trial_a33_k3_hn05,1,1635,1635,0.353193,0.628817
rc_trial_a33_k3_hn05,1,1636,1636,0.395049,0.825343
rc_trial_a33_k3_hn05,1,1637,1637,0.0392669,0.612499
rc_trial_a33_k3_hn05,1,1638,1638,0.693028,0.744951
rc_trial_a33_k3_hn05,1,1639,1639,0.427978,0.594796
rc_trial_a33_k3_hn05,1,1640,1640,0.0133252,0.347963
rc_trial_a33_k3_hn05,1,1641,1641,-0.0217081,0.303587
rc_trial_a33_k3_hn05,1,1642,1642,0.216282,0.0729152
rc_trial_a33_k3_hn05,1,1643,1643,0.386281,0.0697479
rc_trial_a33_k3_hn05,1,1644,1644,0.308458,0.0697645
rc_trial_a33_k3_hn05,1,1645,1645,-0.00736023,0.18978
rc_trial_a33_k3_hn05,1,1646,1646,0.334533,0.0882197
rc_trial_a33_k3_hn05,1,1647,1647,0.330135,0.0928374
rc_trial_a33_k3_hn05,1,1648,1648,0.358972,0.114767
rc_trial_a33_k3_hn05,1,1649,1649,0.237667,0.227514
rc_trial_a33_k3_hn05,1,1650,1650,0.636285,0.251698
rc_trial_a33_k3_hn05,1,1651,1651,0.451796,0.227562
rc_trial_a33_k3_hn05,1,1652,1652,0.417664,0.210388
rc_trial_a33_k3_hn05,1,1653,1653,0.675492,0.203039
rc_trial_a33_k3_hn05,1,1654,1654,0.649548,0.377608
rc_trial_a33_k3_hn05,1,1655,1655,1.09953,0.421617
rc_trial_a33_k3_hn05,1,1656,1656,1.03114,0.466441
rc_trial_a33_k3_hn05,1,1657,1657,0.37842,0.0112658
rc_trial_a33_k3_hn05,1,1658,1658,0.101761,0.0404481
rc_trial_a33_k3_hn05,1,1659,1659,0.160189,0.0818211
rc_trial_a33_k3_hn05,1,1660,1660,0.370356,0.0371326
rc_trial_a33_k3_hn05,1,1661,1661,0.309953,0.0348568
rc_trial_a33_k3_hn05,1,1662,1662,0.489974,0.070423
rc_trial_a33_k3_hn05,1,1663,1663,0.125909,0.14956
rc_trial_a33_k3_hn05,1,1664,1664,0.316653,0.16463
rc_trial_a33_k3_hn05,1,1665,1665,0.472019,0.331669
rc_trial_a33_k3_hn05,1,1666,1666,0.226198,0.410517
rc_trial_a33_k3_hn05,1,1667,1667,0.764521,0.509788
rc_trial_a33_k3_hn05,1,1668,1668,0.418894,0.765878
rc_trial_a33_k3_hn05,1,1669,1669,0.461799,0.630885
rc_trial_a33_k3_hn05,1,1670,1670,0.0528863,0.365129
rc_trial_a33_k3_hn05,1,1671,1671,0.312528,0.537875
rc_trial_a33_k3_hn05,1,1672,1672,0.22973,0.558793
rc_trial_a33_k3_hn05,1,1673,1673,0.00637074,0.511582
rc_trial_a33_k3_hn05,1,1674,1674,0.26151,0.269229
rc_trial_a33_k3_hn05,1,1675,1675,-0.040641,1.37736
rc_trial_a33_k3_hn05,1,1676,1676,-0.075437,1.07728
rc_trial_a33_k3_hn05,1,1677,1677,-0.0831563,0.589633
rc_trial_a33_k3_hn05,1,1678,1678,0.142524,0.686108
rc_trial_a33_k3_hn05,1,1679,1679,0.845014,0.520327
rc_trial_a33_k3_hn05,1,1680,1680,1.05405,0.759911
rc_trial_a33_k3_hn05,1,1681,1681,1.14376,0.715827
rc_trial_a33_k3_hn05,1,1682,1682,0.339578,0.0897038
rc_trial_a33_k3_hn05,1,1683,1683,0.409659,0.0844969
rc_trial_a33_k3_hn05,1,1684,1684,0.395922,0.153235
rc_trial_a33_k3_hn05,1,1685,1685,0.755251,0.430308
rc_trial_a33_k3_hn05,1,1686,1686,0.70123,0.33089
rc_trial_a33_k3_hn05,1,1687,1687,1.48904,1.01976
rc_trial_a33_k3_hn05,1,1688,1688,0.203991,0.153079
rc_trial_a33_k3_hn05,1,1689,1689,0.10535,0.306013
rc_trial_a33_k3_hn05,1,1690,1690,0.246156,0.132543
rc_trial_a33_k3_hn05,1,1691,1691,0.109125,0.138503
rc_trial_a33_k3_hn05,1,1692,1692,0.182397,0.155258
rc_trial_a33_k3_hn05,1,1693,1693,0.500104,0.209081
rc_trial_a33_k3_hn05,1,1694,1694,0.332165,0.192299
rc_trial_a33_k3_hn05,1,1695,1695,0.491492,0.155134
rc_trial_a33_k3_hn05,1,1696,1696,0.49401,0.137704
rc_trial_a33_k3_hn05,1,1697,1697,0.381243,0.37023
rc_trial_a33_k3_hn05,1,1698,1698,0.43632,0.402329
rc_trial_a33_k3_hn05,1,1699,1699,0.416713,0.401522
rc_trial_a33_k3_hn05,1,1700,1700,0.301538,0.00253909
rc_trial_a33_k3_hn05,1,1701,1701,0.264489,0.00103302
rc_trial_a33_k3_hn05,1,1702,1702,0.296857,5.28229e-4
rc_trial_a33_k3_hn05,1,1703,1703,0.380794,5.64891e-4
rc_trial_a33_k3_hn05,1,1704,1704,0.362154,0.00166077
rc_trial_a33_k3_hn05,1,1705,1705,0.30114,0.00187375
rc_trial_a33_k3_hn05,1,1706,1706,0.325607,0.00116311
rc_trial_a33_k3_hn05,1,1707,1707,0.263952,0.0190971
rc_trial_a33_k3_hn05,1,1708,1708,0.271745,0.128052
rc_trial_a33_k3_hn05,1,1709,1709,0.547614,0.317126
rc_trial_a33_k3_hn05,1,1710,1710,1.15945,0.539519
rc_trial_a33_k3_hn05,1,1711,1711,0.308034,0.826101
rc_trial_a33_k3_hn05,1,1712,1712,0.724557,0.649052
rc_trial_a33_k3_hn05,1,1713,1713,0.144809,0.272831
rc_trial_a33_k3_hn05,1,1714,1714,0.202764,0.96042
rc_trial_a33_k3_hn05,1,1715,1715,0.340371,0.893792
rc_trial_a33_k3_hn05,1,1716,1716,0.247114,0.428969
rc_trial_a33_k3_hn05,1,1717,1717,0.693608,1.07353
rc_trial_a33_k3_hn05,1,1718,1718,0.70955,0.596603
rc_trial_a33_k3_hn05,1,1719,1719,0.614682,1.07492
rc_trial_a33_k3_hn05,1,1720,1720,0.668104,0.751235
rc_trial_a33_k3_hn05,1,1721,1721,0.509475,0.275402
rc_trial_a33_k3_hn05,1,1722,1722,0.493154,0.447617
rc_trial_a33_k3_hn05,1,1723,1723,0.327365,0.626002
rc_trial_a33_k3_hn05,1,1724,1724,0.393648,0.590375
rc_trial_a33_k3_hn05,1,1725,1725,0.736504,0.34396
rc_trial_a33_k3_hn05,1,1726,1726,0.893071,0.580076
rc_trial_a33_k3_hn05,1,1727,1727,0.791802,0.433409
rc_trial_a33_k3_hn05,1,1728,1728,1.04265,0.643596
rc_trial_a33_k3_hn05,1,1729,1729,0.687314,0.213547
rc_trial_a33_k3_hn05,1,1730,1730,0.89798,0.457823
rc_trial_a33_k3_hn05,1,1731,1731,0.699516,0.562826
rc_trial_a33_k3_hn05,1,1732,1732,0.894963,0.709281
rc_trial_a33_k3_hn05,1,1733,1733,0.783274,0.963518
rc_trial_a33_k3_hn05,1,1734,1734,0.172952,0.240608
rc_trial_a33_k3_hn05,1,1735,1735,0.555522,0.448589
rc_trial_a33_k3_hn05,1,1736,1736,0.555198,0.510955
rc_trial_a33_k3_hn05,1,1737,1737,0.295576,0.319926
rc_trial_a33_k3_hn05,1,1738,1738,0.570338,0.204867
rc_trial_a33_k3_hn05,1,1739,1739,-0.0647247,0.810113
rc_trial_a33_k3_hn05,1,1740,1740,-0.0674968,0.780261
rc_trial_a33_k3_hn05,1,1741,1741,0.562135,0.34966
rc_trial_a33_k3_hn05,1,1742,1742,0.446848,0.349173
rc_trial_a33_k3_hn05,1,1743,1743,0.268118,0.546915
rc_trial_a33_k3_hn05,1,1744,1744,0.218828,0.572911
rc_trial_a33_k3_hn05,1,1745,1745,0.337927,0.483585
rc_trial_a33_k3_hn05,1,1746,1746,0.314394,0.402828
rc_trial_a33_k3_hn05,1,1747,1747,-0.0203418,0.399263
rc_trial_a33_k3_hn05,1,1748,1748,-0.136479,1.23892
rc_trial_a33_k3_hn05,1,1749,1749,0.0430622,0.998245
rc_trial_a33_k3_hn05,1,1750,1750,0.0345135,0.306487
rc_trial_a33_k3_hn05,1,1751,1751,0.110202,1.0098800000000001
rc_trial_a33_k3_hn05,1,1752,1752,0.503074,0.53712
rc_trial_a33_k3_hn05,1,1753,1753,0.418176,0.415042
rc_trial_a33_k3_hn05,1,1754,1754,0.257368,0.567389
rc_trial_a33_k3_hn05,1,1755,1755,0.312628,0.362405
rc_trial_a33_k3_hn05,1,1756,1756,0.414665,0.416214
rc_trial_a33_k3_hn05,1,1757,1757,0.583761,0.160239
rc_trial_a33_k3_hn05,1,1758,1758,0.532965,0.328736
rc_trial_a33_k3_hn05,1,1759,1759,0.430991,0.488066
rc_trial_a33_k3_hn05,1,1760,1760,0.507582,0.393443
rc_trial_a33_k3_hn05,1,1761,1761,0.207891,0.461802
rc_trial_a33_k3_hn05,1,1762,1762,0.241281,0.401145
rc_trial_a33_k3_hn05,1,1763,1763,0.27746,0.544842
rc_trial_a33_k3_hn05,1,1764,1764,0.385205,0.299642
rc_trial_a33_k3_hn05,1,1765,1765,0.237988,0.155455
rc_trial_a33_k3_hn05,1,1766,1766,0.14703,0.0582396
rc_trial_a33_k3_hn05,1,1767,1767,0.498811,0.100749
rc_trial_a33_k3_hn05,1,1768,1768,0.77449,0.252989
rc_trial_a33_k3_hn05,1,1769,1769,0.232129,0.544142
rc_trial_a33_k3_hn05,1,1770,1770,0.150776,0.381575
rc_trial_a33_k3_hn05,1,1771,1771,0.334062,0.447325
rc_trial_a33_k3_hn05,1,1772,1772,0.141373,0.165097
rc_trial_a33_k3_hn05,1,1773,1773,0.524305,0.526837
rc_trial_a33_k3_hn05,1,1774,1774,0.697509,0.707529
rc_trial_a33_k3_hn05,1,1775,1775,0.0818612,0.289842
rc_trial_a33_k3_hn05,1,1776,1776,0.686248,0.621937
rc_trial_a33_k3_hn05,1,1777,1777,0.575801,0.526816
rc_trial_a33_k3_hn05,1,1778,1778,0.321751,0.262491
rc_trial_a33_k3_hn05,1,1779,1779,0.191036,0.081908
rc_trial_a33_k3_hn05,1,1780,1780,0.283949,0.0582233
rc_trial_a33_k3_hn05,1,1781,1781,0.255493,0.186389
rc_trial_a33_k3_hn05,1,1782,1782,0.345838,0.350827
rc_trial_a33_k3_hn05,1,1783,1783,0.104467,0.393012
rc_trial_a33_k3_hn05,1,1784,1784,0.54193499999999994,0.325509
rc_trial_a33_k3_hn05,1,1785,1785,0.350474,0.345323
rc_trial_a33_k3_hn05,1,1786,1786,0.617863,0.274557
rc_trial_a33_k3_hn05,1,1787,1787,0.568707,0.322428
rc_trial_a33_k3_hn05,1,1788,1788,0.53523,0.285292
rc_trial_a33_k3_hn05,1,1789,1789,0.545453,0.190174
rc_trial_a33_k3_hn05,1,1790,1790,0.393626,0.282994
rc_trial_a33_k3_hn05,1,1791,1791,0.330711,0.133652
rc_trial_a33_k3_hn05,1,1792,1792,0.242698,0.147113
rc_trial_a33_k3_hn05,1,1793,1793,0.380195,0.608176
rc_trial_a33_k3_hn05,1,1794,1794,0.513452,0.339592
rc_trial_a33_k3_hn05,1,1795,1795,0.205091,0.153584
rc_trial_a33_k3_hn05,1,1796,1796,0.221887,0.742987
rc_trial_a33_k3_hn05,1,1797,1797,0.220326,0.64056
rc_trial_a33_k3_hn05,1,1798,1798,0.335318,0.48965
rc_trial_a33_k3_hn05,1,1799,1799,0.526159,0.354945
rc_trial_a33_k3_hn05,1,1800,1800,0.237159,0.2842
rc_trial_a33_k3_hn05,1,1801,1801,0.52944,0.242541
rc_trial_a33_k3_hn05,1,1802,1802,0.401428,0.202581
rc_trial_a33_k3_hn05,1,1803,1803,0.145345,0.214256
rc_trial_a33_k3_hn05,1,1804,1804,0.61759,0.273064
rc_trial_a33_k3_hn05,1,1805,1805,0.410585,0.102185
rc_trial_a33_k3_hn05,1,1806,1806,0.282992,0.121532
rc_trial_a33_k3_hn05,1,1807,1807,0.34616,0.123418
rc_trial_a33_k3_hn05,1,1808,1808,0.273227,0.230693
rc_trial_a33_k3_hn05,1,1809,1809,0.206693,0.433283
rc_trial_a33_k3_hn05,1,1810,1810,-0.549764,1.10864
rc_trial_a33_k3_hn05,1,1811,1811,-0.54599,0.922339
rc_trial_a33_k3_hn05,1,1812,1812,-0.538049,0.822287
rc_trial_a33_k3_hn05,1,1813,1813,-0.549349,0.937703
rc_trial_a33_k3_hn05,1,1814,1814,-0.864869,0.858145
rc_trial_a33_k3_hn05,1,1815,1815,-0.533828,0.774431
rc_trial_a33_k3_hn05,1,1816,1816,0.224948,0.768333
rc_trial_a33_k3_hn05,1,1817,1817,0.126839,0.872123
rc_trial_a33_k3_hn05,1,1818,1818,0.187545,0.510319
rc_trial_a33_k3_hn05,1,1819,1819,0.0160718,0.451095
rc_trial_a33_k3_hn05,1,1820,1820,0.350731,0.53366
rc_trial_a33_k3_hn05,1,1821,1821,0.994807,0.644488
rc_trial_a33_k3_hn05,1,1822,1822,0.272051,0.298495
rc_trial_a33_k3_hn05,1,1823,1823,0.223675,0.159899
rc_trial_a33_k3_hn05,1,1824,1824,0.520281,0.171442
rc_trial_a33_k3_hn05,1,1825,1825,0.333152,0.297159
rc_trial_a33_k3_hn05,1,1826,1826,0.465196,0.674054
rc_trial_a33_k3_hn05,1,1827,1827,0.392248,0.500775
rc_trial_a33_k3_hn05,1,1828,1828,0.45492,0.912444
rc_trial_a33_k3_hn05,1,1829,1829,0.615568,0.484198
rc_trial_a33_k3_hn05,1,1830,1830,0.652083,0.675371
rc_trial_a33_k3_hn05,1,1831,1831,0.619494,0.881902
rc_trial_a33_k3_hn05,1,1832,1832,0.4199,0.236578
rc_trial_a33_k3_hn05,1,1833,1833,0.33386,0.302174
rc_trial_a33_k3_hn05,1,1834,1834,0.479147,0.338227
rc_trial_a33_k3_hn05,1,1835,1835,0.459907,0.31442
rc_trial_a33_k3_hn05,1,1836,1836,0.298503,0.414368
rc_trial_a33_k3_hn05,1,1837,1837,0.427238,0.26929
rc_trial_a33_k3_hn05,1,1838,1838,0.449699,0.527152
rc_trial_a33_k3_hn05,1,1839,1839,0.296282,0.182432
rc_trial_a33_k3_hn05,1,1840,1840,0.32085,0.102906
rc_trial_a33_k3_hn05,1,1841,1841,0.227612,0.0804678
rc_trial_a33_k3_hn05,1,1842,1842,0.168815,0.0337402
rc_trial_a33_k3_hn05,1,1843,1843,0.148761,0.174443
rc_trial_a33_k3_hn05,1,1844,1844,0.23743,0.118428
rc_trial_a33_k3_hn05,1,1845,1845,0.251727,0.203777
rc_trial_a33_k3_hn05,1,1846,1846,0.590315,0.32636
rc_trial_a33_k3_hn05,1,1847,1847,0.288704,0.308995
rc_trial_a33_k3_hn05,1,1848,1848,0.0164277,1.1136
rc_trial_a33_k3_hn05,1,1849,1849,0.258155,0.345764
rc_trial_a33_k3_hn05,1,1850,1850,0.108529,0.35733
rc_trial_a33_k3_hn05,1,1851,1851,0.159331,0.246312
rc_trial_a33_k3_hn05,1,1852,1852,0.386262,0.653714
rc_trial_a33_k3_hn05,1,1853,1853,0.397463,0.382949
rc_trial_a33_k3_hn05,1,1854,1854,0.368175,0.533858
rc_trial_a33_k3_hn05,1,1855,1855,0.571256,0.231832
rc_trial_a33_k3_hn05,1,1856,1856,0.431046,0.296995
rc_trial_a33_k3_hn05,1,1857,1857,0.881006,0.734242
rc_trial_a33_k3_hn05,1,1858,1858,0.533397,0.469482
rc_trial_a33_k3_hn05,1,1859,1859,0.483087,0.256194
rc_trial_a33_k3_hn05,1,1860,1860,0.536747,0.440705
rc_trial_a33_k3_hn05,1,1861,1861,0.711949,0.380404
rc_trial_a33_k3_hn05,1,1862,1862,0.658948,0.341136
rc_trial_a33_k3_hn05,1,1863,1863,0.149657,0.137971
rc_trial_a33_k3_hn05,1,1864,1864,0.551919,0.623435
rc_trial_a33_k3_hn05,1,1865,1865,0.191901,0.550257
rc_trial_a33_k3_hn05,1,1866,1866,0.213024,0.363683
rc_trial_a33_k3_hn05,1,1867,1867,0.374331,0.135815
rc_trial_a33_k3_hn05,1,1868,1868,0.257237,0.127051
rc_trial_a33_k3_hn05,1,1869,1869,0.328269,0.0974938
rc_trial_a33_k3_hn05,1,1870,1870,0.613759,0.0841655
rc_trial_a33_k3_hn05,1,1871,1871,0.00112981,0.0675366
rc_trial_a33_k3_hn05,1,1872,1872,0.40658300000000003,0.0546404
rc_trial_a33_k3_hn05,1,1873,1873,0.260562,0.0261596
rc_trial_a33_k3_hn05,1,1874,1874,0.283641,0.0110015
rc_trial_a33_k3_hn05,1,1875,1875,0.160505,0.0621276
rc_trial_a33_k3_hn05,1,1876,1876,0.403685,0.0377313
rc_trial_a33_k3_hn05,1,1877,1877,0.647086,0.289047
rc_trial_a33_k3_hn05,1,1878,1878,0.605733,0.318988
rc_trial_a33_k3_hn05,1,1879,1879,0.251555,0.23728
rc_trial_a33_k3_hn05,1,1880,1880,-0.10001,0.241157
rc_trial_a33_k3_hn05,1,1881,1881,-0.0864862,0.271883
rc_trial_a33_k3_hn05,1,1882,1882,-0.0703112,0.278753
rc_trial_a33_k3_hn05,1,1883,1883,0.770429,0.62446
rc_trial_a33_k3_hn05,1,1884,1884,0.759963,0.821464
rc_trial_a33_k3_hn05,1,1885,1885,0.636588,0.527781
rc_trial_a33_k3_hn05,1,1886,1886,0.604451,0.36055
rc_trial_a33_k3_hn05,1,1887,1887,0.417062,0.241146
rc_trial_a33_k3_hn05,1,1888,1888,0.329603,0.293634
rc_trial_a33_k3_hn05,1,1889,1889,0.4478,0.0912996
rc_trial_a33_k3_hn05,1,1890,1890,0.851698,0.524311
rc_trial_a33_k3_hn05,1,1891,1891,0.541546,0.41554
rc_trial_a33_k3_hn05,1,1892,1892,0.512352,0.442451
rc_trial_a33_k3_hn05,1,1893,1893,0.435986,0.240725
rc_trial_a33_k3_hn05,1,1894,1894,-0.17287,0.840039
rc_trial_a33_k3_hn05,1,1895,1895,0.125357,0.353227
rc_trial_a33_k3_hn05,1,1896,1896,0.475246,0.497056
rc_trial_a33_k3_hn05,1,1897,1897,0.462446,0.429647
rc_trial_a33_k3_hn05,1,1898,1898,0.0764359,0.373006
rc_trial_a33_k3_hn05,1,1899,1899,0.145829,0.313721
rc_trial_a33_k3_hn05,1,1900,1900,0.629877,1.02141
rc_trial_a33_k3_hn05,1,1901,1901,0.794887,1.65757
rc_trial_a33_k3_hn05,1,1902,1902,0.315134,0.126662
rc_trial_a33_k3_hn05,1,1903,1903,0.43283,0.196408
rc_trial_a33_k3_hn05,1,1904,1904,0.450688,0.319575
rc_trial_a33_k3_hn05,1,1905,1905,0.577118,0.394873
rc_trial_a33_k3_hn05,1,1906,1906,0.323007,0.325764
rc_trial_a33_k3_hn05,1,1907,1907,0.0674972,0.186863
rc_trial_a33_k3_hn05,1,1908,1908,0.378007,0.076497
rc_trial_a33_k3_hn05,1,1909,1909,0.440064,0.116886
rc_trial_a33_k3_hn05,1,1910,1910,0.286081,0.194504
rc_trial_a33_k3_hn05,1,1911,1911,1.06805,0.494082
rc_trial_a33_k3_hn05,1,1912,1912,1.18029,0.531306
rc_trial_a33_k3_hn05,1,1913,1913,0.320978,0.0706614
rc_trial_a33_k3_hn05,1,1914,1914,-0.0363905,0.260336
rc_trial_a33_k3_hn05,1,1915,1915,0.203523,1.14148
rc_trial_a33_k3_hn05,1,1916,1916,0.0422964,0.656357
rc_trial_a33_k3_hn05,1,1917,1917,0.208399,0.214504
rc_trial_a33_k3_hn05,1,1918,1918,0.245242,0.394699
rc_trial_a33_k3_hn05,1,1919,1919,0.292393,0.126342
rc_trial_a33_k3_hn05,1,1920,1920,0.143001,0.137766
rc_trial_a33_k3_hn05,1,1921,1921,0.211267,0.0655648
rc_trial_a33_k3_hn05,1,1922,1922,0.301791,0.0975126
rc_trial_a33_k3_hn05,1,1923,1923,0.215526,0.150144
rc_trial_a33_k3_hn05,1,1924,1924,-0.219905,0.525845
rc_trial_a33_k3_hn05,1,1925,1925,0.0149736,1.49182
rc_trial_a33_k3_hn05,1,1926,1926,0.01458,0.493263
rc_trial_a33_k3_hn05,1,1927,1927,0.0304515,0.508048
rc_trial_a33_k3_hn05,1,1928,1928,0.821532,0.511407
rc_trial_a33_k3_hn05,1,1929,1929,0.920999,0.435297
rc_trial_a33_k3_hn05,1,1930,1930,1.02567,0.785115
rc_trial_a33_k3_hn05,1,1931,1931,0.995624,0.663088
rc_trial_a33_k3_hn05,1,1932,1932,0.634528,0.889545
rc_trial_a33_k3_hn05,1,1933,1933,0.271357,0.276923
rc_trial_a33_k3_hn05,1,1934,1934,0.217441,0.327857
rc_trial_a33_k3_hn05,1,1935,1935,0.175021,0.0303838
rc_trial_a33_k3_hn05,1,1936,1936,-0.0555759,0.269406
rc_trial_a33_k3_hn05,1,1937,1937,0.106838,0.16361
rc_trial_a33_k3_hn05,1,1938,1938,0.320759,0.0183076
rc_trial_a33_k3_hn05,1,1939,1939,0.280887,0.00594619
rc_trial_a33_k3_hn05,1,1940,1940,0.239782,0.0240473
rc_trial_a33_k3_hn05,1,1941,1941,0.246842,0.0271321
rc_trial_a33_k3_hn05,1,1942,1942,0.210176,0.0725283
rc_trial_a33_k3_hn05,1,1943,1943,0.0974591,0.0917251
rc_trial_a33_k3_hn05,1,1944,1944,0.222031,0.125936
rc_trial_a33_k3_hn05,1,1945,1945,0.425264,0.454022
rc_trial_a33_k3_hn05,1,1946,1946,0.412074,0.0599279
rc_trial_a33_k3_hn05,1,1947,1947,0.412313,0.101094
rc_trial_a33_k3_hn05,1,1948,1948,0.303109,0.0528728
rc_trial_a33_k3_hn05,1,1949,1949,0.402964,0.293951
rc_trial_a33_k3_hn05,1,1950,1950,0.413923,0.358465
rc_trial_a33_k3_hn05,1,1951,1951,0.174415,0.996755
rc_trial_a33_k3_hn05,1,1952,1952,0.646161,0.393336
rc_trial_a33_k3_hn05,1,1953,1953,0.695207,0.421215
rc_trial_a33_k3_hn05,1,1954,1954,0.909347,0.813374
rc_trial_a33_k3_hn05,1,1955,1955,0.408651,0.360687
rc_trial_a33_k3_hn05,1,1956,1956,0.543627,0.332387
rc_trial_a33_k3_hn05,1,1957,1957,-0.0484305,0.613467
rc_trial_a33_k3_hn05,1,1958,1958,0.235264,0.219934
rc_trial_a33_k3_hn05,1,1959,1959,0.473727,0.554742
rc_trial_a33_k3_hn05,1,1960,1960,0.576905,0.500202
rc_trial_a33_k3_hn05,1,1961,1961,0.0388057,1.09776
rc_trial_a33_k3_hn05,1,1962,1962,0.0712185,0.790011
rc_trial_a33_k3_hn05,1,1963,1963,0.175159,0.600187
rc_trial_a33_k3_hn05,1,1964,1964,0.335431,0.780261
rc_trial_a33_k3_hn05,1,1965,1965,-0.094579,0.604314
rc_trial_a33_k3_hn05,1,1966,1966,0.0495479,0.790718
rc_trial_a33_k3_hn05,1,1967,1967,0.0216036,0.772926
rc_trial_a33_k3_hn05,1,1968,1968,0.0667236,0.85703
rc_trial_a33_k3_hn05,1,1969,1969,0.804773,0.389045
rc_trial_a33_k3_hn05,1,1970,1970,0.829893,0.364933
rc_trial_a33_k3_hn05,1,1971,1971,0.697298,0.553775
rc_trial_a33_k3_hn05,1,1972,1972,0.961617,0.670773
rc_trial_a33_k3_hn05,1,1973,1973,0.205238,0.75841
rc_trial_a33_k3_hn05,1,1974,1974,0.184189,0.839535
rc_trial_a33_k3_hn05,1,1975,1975,0.62279,0.643727
rc_trial_a33_k3_hn05,1,1976,1976,0.127828,0.240226
rc_trial_a33_k3_hn05,1,1977,1977,0.414563,0.17297
rc_trial_a33_k3_hn05,1,1978,1978,0.4929,0.186825
rc_trial_a33_k3_hn05,1,1979,1979,0.317853,0.250461
rc_trial_a33_k3_hn05,1,1980,1980,0.541246,0.14959
rc_trial_a33_k3_hn05,1,1981,1981,0.516815,0.172129
rc_trial_a33_k3_hn05,1,1982,1982,0.222745,0.177726
rc_trial_a33_k3_hn05,1,1983,1983,0.243997,0.163733
rc_trial_a33_k3_hn05,1,1984,1984,0.38208,0.126196
rc_trial_a33_k3_hn05,1,1985,1985,0.184497,0.0305669
rc_trial_a33_k3_hn05,1,1986,1986,0.0770637,0.117626
rc_trial_a33_k3_hn05,1,1987,1987,-0.100827,0.293221
rc_trial_a33_k3_hn05,1,1988,1988,0.0420084,0.29449
rc_trial_a33_k3_hn05,1,1989,1989,0.150918,0.910152
rc_trial_a33_k3_hn05,1,1990,1990,0.227032,0.878259
rc_trial_a33_k3_hn05,1,1991,1991,0.836701,0.338922
rc_trial_a33_k3_hn05,1,1992,1992,0.565625,0.454668
rc_trial_a33_k3_hn05,1,1993,1993,0.0546785,0.148216
rc_trial_a33_k3_hn05,1,1994,1994,0.28017,0.191852
rc_trial_a33_k3_hn05,1,1995,1995,0.27435,0.294447
rc_trial_a33_k3_hn05,1,1996,1996,0.419225,1.16251
rc_trial_a33_k3_hn05,1,1997,1997,0.360747,0.543779
rc_trial_a33_k3_hn05,1,1998,1998,0.346098,0.506965
rc_trial_a33_k3_hn05,1,1999,1999,0.36743,0.753287
rc_trial_a33_k3_hn05,1,2000,2000,0.37901,0.741994
rc_trial_a33_k3_hn05,1,2001,2001,0.436559,0.431047
rc_trial_a33_k3_hn05,1,2002,2002,0.336571,0.5334
rc_trial_a33_k3_hn05,1,2003,2003,0.36845,0.300663
rc_trial_a33_k3_hn05,1,2004,2004,0.0549551,0.62112
rc_trial_a33_k3_hn05,1,2005,2005,0.243924,0.331177
rc_trial_a33_k3_hn05,1,2006,2006,0.32333,0.332177
rc_trial_a33_k3_hn05,1,2007,2007,0.398644,0.290067
rc_trial_a33_k3_hn05,1,2008,2008,0.517411,0.293915
rc_trial_a33_k3_hn05,1,2009,2009,0.255582,0.57622
rc_trial_a33_k3_hn05,1,2010,2010,0.343379,0.393984
rc_trial_a33_k3_hn05,1,2011,2011,0.256525,0.687703
rc_trial_a33_k3_hn05,1,2012,2012,0.371569,0.244591
rc_trial_a33_k3_hn05,1,2013,2013,0.192287,0.273685
rc_trial_a33_k3_hn05,1,2014,2014,-0.185933,0.734507
rc_trial_a33_k3_hn05,1,2015,2015,-0.085792,0.628758
rc_trial_a33_k3_hn05,1,2016,2016,0.38629,0.499815
rc_trial_a33_k3_hn05,1,2017,2017,0.868612,0.450875
rc_trial_a33_k3_hn05,1,2018,2018,1.0126,0.641843
rc_trial_a33_k3_hn05,1,2019,2019,1.03501,0.650598
rc_trial_a33_k3_hn05,1,2020,2020,0.607287,0.34379
rc_trial_a33_k3_hn05,1,2021,2021,0.792056,0.622045
rc_trial_a33_k3_hn05,1,2022,2022,0.346998,0.0934878
rc_trial_a33_k3_hn05,1,2023,2023,0.159434,0.062929
rc_trial_a33_k3_hn05,1,2024,2024,0.143231,0.0445441
rc_trial_a33_k3_hn05,1,2025,2025,0.189724,0.393885
rc_trial_a33_k3_hn05,1,2026,2026,0.255482,0.467428
rc_trial_a33_k3_hn05,1,2027,2027,0.346448,0.299819
rc_trial_a33_k3_hn05,1,2028,2028,0.0209504,0.374215
rc_trial_a33_k3_hn05,1,2029,2029,-0.190787,1.14304
rc_trial_a33_k3_hn05,1,2030,2030,-0.18119,0.705924
rc_trial_a33_k3_hn05,1,2031,2031,-0.199029,0.602872
rc_trial_a33_k3_hn05,1,2032,2032,0.361285,0.125298
rc_trial_a33_k3_hn05,1,2033,2033,0.12029,0.254306
rc_trial_a33_k3_hn05,1,2034,2034,0.978619,0.794262
rc_trial_a33_k3_hn05,1,2035,2035,0.962629,0.774563
rc_trial_a33_k3_hn05,1,2036,2036,0.913818,0.8143
rc_trial_a33_k3_hn05,1,2037,2037,0.942775,0.485217
rc_trial_a33_k3_hn05,1,2038,2038,0.0170035,0.707772
rc_trial_a33_k3_hn05,1,2039,2039,-0.0530095,0.382609
rc_trial_a33_k3_hn05,1,2040,2040,-0.0671652,0.369004
rc_trial_a33_k3_hn05,1,2041,2041,-0.0140716,0.334311
rc_trial_a33_k3_hn05,1,2042,2042,0.150602,0.273297
rc_trial_a33_k3_hn05,1,2043,2043,0.658344,1.1908
rc_trial_a33_k3_hn05,1,2044,2044,0.55958,0.815932
rc_trial_a33_k3_hn05,1,2045,2045,0.372886,0.583133
rc_trial_a33_k3_hn05,1,2046,2046,0.601195,0.368768
rc_trial_a33_k3_hn05,1,2047,2047,0.499572,0.252574
rc_trial_a33_k3_hn05,1,2048,2048,0.857358,1.22031
rc_trial_a33_k3_hn05,1,2049,2049,0.891185,1.1764
rc_trial_a33_k3_hn05,1,2050,2050,0.475999,0.536344
rc_trial_a33_k3_hn05,1,2051,2051,0.238809,0.55201
rc_trial_a33_k3_hn05,1,2052,2052,0.719077,0.663283
rc_trial_a33_k3_hn05,1,2053,2053,0.426901,0.51109
rc_trial_a33_k3_hn05,1,2054,2054,0.221052,0.195539
rc_trial_a33_k3_hn05,1,2055,2055,0.225274,0.306596
rc_trial_a33_k3_hn05,1,2056,2056,0.375934,0.0566284
rc_trial_a33_k3_hn05,1,2057,2057,0.33229,0.108028
rc_trial_a33_k3_hn05,1,2058,2058,0.691972,0.513359
rc_trial_a33_k3_hn05,1,2059,2059,0.685753,0.632893
rc_trial_a33_k3_hn05,1,2060,2060,0.367932,0.318078
rc_trial_a33_k3_hn05,1,2061,2061,0.630374,0.596188
rc_trial_a33_k3_hn05,1,2062,2062,0.294356,0.479911
rc_trial_a33_k3_hn05,1,2063,2063,0.854167,0.340759
rc_trial_a33_k3_hn05,1,2064,2064,0.447766,0.335322
rc_trial_a33_k3_hn05,1,2065,2065,0.41169,0.274533
rc_trial_a33_k3_hn05,1,2066,2066,0.219548,0.239295
rc_trial_a33_k3_hn05,1,2067,2067,1.06721,1.01059
rc_trial_a33_k3_hn05,1,2068,2068,1.09075,0.537674
rc_trial_a33_k3_hn05,1,2069,2069,0.641729,0.476302
rc_trial_a33_k3_hn05,1,2070,2070,0.715699,0.517609
rc_trial_a33_k3_hn05,1,2071,2071,0.94676,0.867913
rc_trial_a33_k3_hn05,1,2072,2072,0.268671,0.350432
rc_trial_a33_k3_hn05,1,2073,2073,0.109135,0.490397
rc_trial_a33_k3_hn05,1,2074,2074,0.506427,0.738759
rc_trial_a33_k3_hn05,1,2075,2075,0.497275,0.708935
rc_trial_a33_k3_hn05,1,2076,2076,0.41621,0.728047
rc_trial_a33_k3_hn05,1,2077,2077,0.714483,0.768495
rc_trial_a33_k3_hn05,1,2078,2078,0.628651,0.902175
rc_trial_a33_k3_hn05,1,2079,2079,0.424546,0.176854
rc_trial_a33_k3_hn05,1,2080,2080,0.32221,0.56419299999999994
rc_trial_a33_k3_hn05,1,2081,2081,-0.255639,0.711779
rc_trial_a33_k3_hn05,1,2082,2082,0.0263265,0.381537
rc_trial_a33_k3_hn05,1,2083,2083,0.301459,0.228192
rc_trial_a33_k3_hn05,1,2084,2084,0.20889,0.327058
rc_trial_a33_k3_hn05,1,2085,2085,0.381791,0.379833
rc_trial_a33_k3_hn05,1,2086,2086,0.190097,0.794667
rc_trial_a33_k3_hn05,1,2087,2087,0.267216,1.15184
rc_trial_a33_k3_hn05,1,2088,2088,0.62938,0.362437
rc_trial_a33_k3_hn05,1,2089,2089,0.266094,0.193664
rc_trial_a33_k3_hn05,1,2090,2090,0.0938718,0.109828
rc_trial_a33_k3_hn05,1,2091,2091,0.283737,0.28228
rc_trial_a33_k3_hn05,1,2092,2092,0.787944,0.408289
rc_trial_a33_k3_hn05,1,2093,2093,0.499454,0.354202
rc_trial_a33_k3_hn05,1,2094,2094,0.326363,0.0371427
rc_trial_a33_k3_hn05,1,2095,2095,0.356792,0.0163613
rc_trial_a33_k3_hn05,1,2096,2096,0.177676,0.012818
rc_trial_a33_k3_hn05,1,2097,2097,0.438961,0.397167
rc_trial_a33_k3_hn05,1,2098,2098,0.315041,0.377867
rc_trial_a33_k3_hn05,1,2099,2099,0.217657,0.700291
rc_trial_a33_k3_hn05,1,2100,2100,0.717164,0.610265
rc_trial_a33_k3_hn05,1,2101,2101,0.334038,0.994236
rc_trial_a33_k3_hn05,1,2102,2102,-0.0822105,0.618561
rc_trial_a33_k3_hn05,1,2103,2103,0.0201956,0.458368
rc_trial_a33_k3_hn05,1,2104,2104,-0.197159,0.836768
rc_trial_a33_k3_hn05,1,2105,2105,0.0291575,0.402264
rc_trial_a33_k3_hn05,1,2106,2106,0.418814,0.330361
rc_trial_a33_k3_hn05,1,2107,2107,0.500288,0.553797
rc_trial_a33_k3_hn05,1,2108,2108,0.401077,0.436201
rc_trial_a33_k3_hn05,1,2109,2109,0.544751,0.59749
rc_trial_a33_k3_hn05,1,2110,2110,0.5363,0.620177
rc_trial_a33_k3_hn05,1,2111,2111,0.108972,0.655341
rc_trial_a33_k3_hn05,1,2112,2112,0.719892,0.62694
rc_trial_a33_k3_hn05,1,2113,2113,0.778221,0.706136
rc_trial_a33_k3_hn05,1,2114,2114,0.840393,0.881822
rc_trial_a33_k3_hn05,1,2115,2115,0.635475,0.507472
rc_trial_a33_k3_hn05,1,2116,2116,0.350445,0.0570386
rc_trial_a33_k3_hn05,1,2117,2117,0.466126,0.14235
rc_trial_a33_k3_hn05,1,2118,2118,0.302963,0.157919
rc_trial_a33_k3_hn05,1,2119,2119,0.37485,0.191018
rc_trial_a33_k3_hn05,1,2120,2120,0.525237,0.120463
rc_trial_a33_k3_hn05,1,2121,2121,0.030335,0.56562
rc_trial_a33_k3_hn05,1,2122,2122,0.288104,0.045126
rc_trial_a33_k3_hn05,1,2123,2123,0.213036,0.0782965
rc_trial_a33_k3_hn05,1,2124,2124,0.243325,0.0865394
rc_trial_a33_k3_hn05,1,2125,2125,0.408176,0.0550696
rc_trial_a33_k3_hn05,1,2126,2126,0.0708165,0.149335
rc_trial_a33_k3_hn05,1,2127,2127,0.405526,0.459045
rc_trial_a33_k3_hn05,1,2128,2128,0.256809,0.644074
rc_trial_a33_k3_hn05,1,2129,2129,0.253066,0.639467
rc_trial_a33_k3_hn05,1,2130,2130,0.271938,0.740963
rc_trial_a33_k3_hn05,1,2131,2131,0.118657,0.448207
rc_trial_a33_k3_hn05,1,2132,2132,0.135981,0.46513
rc_trial_a33_k3_hn05,1,2133,2133,0.287928,0.160694
rc_trial_a33_k3_hn05,1,2134,2134,0.338456,0.164706
rc_trial_a33_k3_hn05,1,2135,2135,0.27115,0.429102
rc_trial_a33_k3_hn05,1,2136,2136,-0.00127802,0.499379
rc_trial_a33_k3_hn05,1,2137,2137,0.159632,0.0540754
rc_trial_a33_k3_hn05,1,2138,2138,0.416012,0.0662855
rc_trial_a33_k3_hn05,1,2139,2139,0.298922,0.189281
rc_trial_a33_k3_hn05,1,2140,2140,0.304614,0.0824748
rc_trial_a33_k3_hn05,1,2141,2141,0.415265,0.169952
rc_trial_a33_k3_hn05,1,2142,2142,0.361547,0.327987
rc_trial_a33_k3_hn05,1,2143,2143,0.139174,0.107271
rc_trial_a33_k3_hn05,1,2144,2144,0.366283,0.172979
rc_trial_a33_k3_hn05,1,2145,2145,0.321737,0.0809842
rc_trial_a33_k3_hn05,1,2146,2146,0.498201,0.280132
rc_trial_a33_k3_hn05,1,2147,2147,0.815817,0.55031
rc_trial_a33_k3_hn05,1,2148,2148,0.979075,0.591888
rc_trial_a33_k3_hn05,1,2149,2149,0.714582,0.652395
rc_trial_a33_k3_hn05,1,2150,2150,0.585056,0.873574
rc_trial_a33_k3_hn05,1,2151,2151,0.263014,0.55225900000000006
rc_trial_a33_k3_hn05,1,2152,2152,0.199385,0.69384
rc_trial_a33_k3_hn05,1,2153,2153,0.293758,1.42077
rc_trial_a33_k3_hn05,1,2154,2154,0.283665,1.34439
rc_trial_a33_k3_hn05,1,2155,2155,0.108964,0.489154
rc_trial_a33_k3_hn05,1,2156,2156,0.146594,0.56258300000000006
rc_trial_a33_k3_hn05,1,2157,2157,0.116032,0.48589
rc_trial_a33_k3_hn05,1,2158,2158,-0.222627,0.544224
rc_trial_a33_k3_hn05,1,2159,2159,-0.466123,0.972253
rc_trial_a33_k3_hn05,1,2160,2160,-0.144888,0.882801
rc_trial_a33_k3_hn05,1,2161,2161,0.905732,0.516882
rc_trial_a33_k3_hn05,1,2162,2162,0.952069,0.404556
rc_trial_a33_k3_hn05,1,2163,2163,0.777212,0.382566
rc_trial_a33_k3_hn05,1,2164,2164,0.46243,0.23855
rc_trial_a33_k3_hn05,1,2165,2165,0.560184,0.134484
rc_trial_a33_k3_hn05,1,2166,2166,0.524353,0.343111
rc_trial_a33_k3_hn05,1,2167,2167,0.566871,0.361745
rc_trial_a33_k3_hn05,1,2168,2168,0.348728,1.32249
rc_trial_a33_k3_hn05,1,2169,2169,0.413307,0.994288
rc_trial_a33_k3_hn05,1,2170,2170,0.430563,0.436093
rc_trial_a33_k3_hn05,1,2171,2171,0.369482,0.56907
rc_trial_a33_k3_hn05,1,2172,2172,0.124107,0.460651
rc_trial_a33_k3_hn05,1,2173,2173,0.99162,0.685688
rc_trial_a33_k3_hn05,1,2174,2174,0.799458,0.558338
rc_trial_a33_k3_hn05,1,2175,2175,0.492056,0.365574
rc_trial_a33_k3_hn05,1,2176,2176,0.708067,0.978558
rc_trial_a33_k3_hn05,1,2177,2177,0.424936,0.730195
rc_trial_a33_k3_hn05,1,2178,2178,0.0620759,0.61507
rc_trial_a33_k3_hn05,1,2179,2179,0.375761,0.222686
rc_trial_a33_k3_hn05,1,2180,2180,0.390417,0.122526
rc_trial_a33_k3_hn05,1,2181,2181,0.435409,0.217027
rc_trial_a33_k3_hn05,1,2182,2182,0.564507,0.322408
rc_trial_a33_k3_hn05,1,2183,2183,0.0175497,0.328868
rc_trial_a33_k3_hn05,1,2184,2184,0.0379483,0.363065
rc_trial_a33_k3_hn05,1,2185,2185,0.344782,0.656247
rc_trial_a33_k3_hn05,1,2186,2186,0.245911,0.732883
rc_trial_a33_k3_hn05,1,2187,2187,0.194627,0.362261
rc_trial_a33_k3_hn05,1,2188,2188,-0.0778806,0.699603
rc_trial_a33_k3_hn05,1,2189,2189,0.155415,0.303128
rc_trial_a33_k3_hn05,1,2190,2190,-0.0489832,0.419172
rc_trial_a33_k3_hn05,1,2191,2191,0.624779,0.426082
rc_trial_a33_k3_hn05,1,2192,2192,0.773603,0.606343
rc_trial_a33_k3_hn05,1,2193,2193,0.412451,0.520037
rc_trial_a33_k3_hn05,1,2194,2194,0.709251,0.599397
rc_trial_a33_k3_hn05,1,2195,2195,0.52511,0.342767
rc_trial_a33_k3_hn05,1,2196,2196,0.241735,0.49768
rc_trial_a33_k3_hn05,1,2197,2197,0.39516,0.439596
rc_trial_a33_k3_hn05,1,2198,2198,0.362436,0.652118
rc_trial_a33_k3_hn05,1,2199,2199,0.16503,0.882642
rc_trial_a33_k3_hn05,1,2200,2200,0.200037,1.22251
rc_trial_a33_k3_hn05,1,2201,2201,0.166261,0.278918
rc_trial_a33_k3_hn05,1,2202,2202,0.165386,0.532462
rc_trial_a33_k3_hn05,1,2203,2203,0.305223,0.303816
rc_trial_a33_k3_hn05,1,2204,2204,0.293002,0.559469
rc_trial_a33_k3_hn05,1,2205,2205,0.430826,0.284316
rc_trial_a33_k3_hn05,1,2206,2206,0.193352,0.826492
rc_trial_a33_k3_hn05,1,2207,2207,0.292346,0.387899
rc_trial_a33_k3_hn05,1,2208,2208,1.98966e-4,0.415605
rc_trial_a33_k3_hn05,1,2209,2209,-0.0864879,0.41398
rc_trial_a33_k3_hn05,1,2210,2210,0.19173,0.563139
rc_trial_a33_k3_hn05,1,2211,2211,0.610346,0.546487
rc_trial_a33_k3_hn05,1,2212,2212,0.350474,0.460167
rc_trial_a33_k3_hn05,1,2213,2213,0.358035,0.87217
rc_trial_a33_k3_hn05,1,2214,2214,-0.060957,0.370325
rc_trial_a33_k3_hn05,1,2215,2215,0.406833,0.692712
rc_trial_a33_k3_hn05,1,2216,2216,0.448806,0.616709
rc_trial_a33_k3_hn05,1,2217,2217,0.546107,0.900004
rc_trial_a33_k3_hn05,1,2218,2218,-0.0372972,0.791362
rc_trial_a33_k3_hn05,1,2219,2219,0.140452,0.493415
rc_trial_a33_k3_hn05,1,2220,2220,-0.138358,0.596254
rc_trial_a33_k3_hn05,1,2221,2221,0.0375749,0.08105
rc_trial_a33_k3_hn05,1,2222,2222,0.222811,0.0961833
rc_trial_a33_k3_hn05,1,2223,2223,0.261764,0.0461921
rc_trial_a33_k3_hn05,1,2224,2224,0.831093,0.637176
rc_trial_a33_k3_hn05,1,2225,2225,0.694727,0.653423
rc_trial_a33_k3_hn05,1,2226,2226,0.279405,0.211939
rc_trial_a33_k3_hn05,1,2227,2227,0.643059,0.65866
rc_trial_a33_k3_hn05,1,2228,2228,0.671361,1.15619
rc_trial_a33_k3_hn05,1,2229,2229,0.823652,0.550247
rc_trial_a33_k3_hn05,1,2230,2230,0.0267057,0.337571
rc_trial_a33_k3_hn05,1,2231,2231,-0.135243,0.473328
rc_trial_a33_k3_hn05,1,2232,2232,-0.314555,0.605702
rc_trial_a33_k3_hn05,1,2233,2233,0.510021,0.358213
rc_trial_a33_k3_hn05,1,2234,2234,0.660893,0.308895
rc_trial_a33_k3_hn05,1,2235,2235,0.606356,0.373976
rc_trial_a33_k3_hn05,1,2236,2236,0.568227,0.21975
rc_trial_a33_k3_hn05,1,2237,2237,0.224808,1.17396
rc_trial_a33_k3_hn05,1,2238,2238,0.24539,1.30244
rc_trial_a33_k3_hn05,1,2239,2239,0.18123,0.704813
rc_trial_a33_k3_hn05,1,2240,2240,0.179979,0.747118
rc_trial_a33_k3_hn05,1,2241,2241,0.251069,0.616576
rc_trial_a33_k3_hn05,1,2242,2242,0.127231,0.336049
rc_trial_a33_k3_hn05,1,2243,2243,0.134974,0.586685
rc_trial_a33_k3_hn05,1,2244,2244,0.210406,0.524367
rc_trial_a33_k3_hn05,1,2245,2245,0.32326,0.501339
rc_trial_a33_k3_hn05,1,2246,2246,0.400853,0.252687
rc_trial_a33_k3_hn05,1,2247,2247,0.117147,0.353051
rc_trial_a33_k3_hn05,1,2248,2248,0.284199,0.799443
rc_trial_a33_k3_hn05,1,2249,2249,0.231632,0.724909
rc_trial_a33_k3_hn05,1,2250,2250,0.413987,0.30459
rc_trial_a33_k3_hn05,1,2251,2251,0.636267,0.361441
rc_trial_a33_k3_hn05,1,2252,2252,0.0483137,0.712898
rc_trial_a33_k3_hn05,1,2253,2253,-0.0498768,0.610925
rc_trial_a33_k3_hn05,1,2254,2254,0.297547,0.0726112
rc_trial_a33_k3_hn05,1,2255,2255,0.336076,0.0866815
rc_trial_a33_k3_hn05,1,2256,2256,0.140767,0.0783521
rc_trial_a33_k3_hn05,1,2257,2257,0.194908,0.0659805
rc_trial_a33_k3_hn05,1,2258,2258,0.309306,0.161146
rc_trial_a33_k3_hn05,1,2259,2259,0.0515907,0.351073
rc_trial_a33_k3_hn05,1,2260,2260,0.092541,0.274716
rc_trial_a33_k3_hn05,1,2261,2261,0.0211048,0.0934009
rc_trial_a33_k3_hn05,1,2262,2262,0.0122249,0.132138
rc_trial_a33_k3_hn05,1,2263,2263,0.255389,0.161206
rc_trial_a33_k3_hn05,1,2264,2264,0.473991,0.612213
rc_trial_a33_k3_hn05,1,2265,2265,0.593744,0.48191
rc_trial_a33_k3_hn05,1,2266,2266,0.233667,0.323607
rc_trial_a33_k3_hn05,1,2267,2267,0.277061,0.329046
rc_trial_a33_k3_hn05,1,2268,2268,0.502398,0.348514
rc_trial_a33_k3_hn05,1,2269,2269,0.201589,0.312756
rc_trial_a33_k3_hn05,1,2270,2270,0.310722,0.0514124
rc_trial_a33_k3_hn05,1,2271,2271,-0.0563584,0.304107
rc_trial_a33_k3_hn05,1,2272,2272,0.413806,0.353796
rc_trial_a33_k3_hn05,1,2273,2273,0.547192,1.00886
rc_trial_a33_k3_hn05,1,2274,2274,0.728116,0.461644
rc_trial_a33_k3_hn05,1,2275,2275,0.401592,1.0717
rc_trial_a33_k3_hn05,1,2276,2276,0.714622,0.576066
rc_trial_a33_k3_hn05,1,2277,2277,0.401033,0.814003
rc_trial_a33_k3_hn05,1,2278,2278,0.263969,0.148386
rc_trial_a33_k3_hn05,1,2279,2279,0.501314,0.228205
rc_trial_a33_k3_hn05,1,2280,2280,0.187021,0.0926765
rc_trial_a33_k3_hn05,1,2281,2281,0.0957748,0.0910722
rc_trial_a33_k3_hn05,1,2282,2282,0.429829,0.183229
rc_trial_a33_k3_hn05,1,2283,2283,0.421472,0.390762
rc_trial_a33_k3_hn05,1,2284,2284,0.334794,0.0841686
rc_trial_a33_k3_hn05,1,2285,2285,0.831815,0.186504
rc_trial_a33_k3_hn05,1,2286,2286,0.551532,0.266476
rc_trial_a33_k3_hn05,1,2287,2287,0.211278,0.067267
rc_trial_a33_k3_hn05,1,2288,2288,0.347792,0.515121
rc_trial_a33_k3_hn05,1,2289,2289,0.24967,0.867396
rc_trial_a33_k3_hn05,1,2290,2290,0.369703,0.167138
rc_trial_a33_k3_hn05,1,2291,2291,0.416253,0.273235
rc_trial_a33_k3_hn05,1,2292,2292,0.259018,0.312535
rc_trial_a33_k3_hn05,1,2293,2293,0.48979,0.289237
rc_trial_a33_k3_hn05,1,2294,2294,0.269447,0.569614
rc_trial_a33_k3_hn05,1,2295,2295,0.261766,0.402794
rc_trial_a33_k3_hn05,1,2296,2296,-0.44148,0.772406
rc_trial_a33_k3_hn05,1,2297,2297,-0.532768,1.53739
rc_trial_a33_k3_hn05,1,2298,2298,-0.378037,1.13055
rc_trial_a33_k3_hn05,1,2299,2299,-0.375185,1.05223
rc_trial_a33_k3_hn05,1,2300,2300,-0.393606,0.933762
rc_trial_a33_k3_hn05,1,2301,2301,-0.260577,0.963578
rc_trial_a33_k3_hn05,1,2302,2302,0.62738,0.38305
rc_trial_a33_k3_hn05,1,2303,2303,0.680044,0.549698
rc_trial_a33_k3_hn05,1,2304,2304,0.967058,0.74304
rc_trial_a33_k3_hn05,1,2305,2305,0.487971,0.445492
rc_trial_a33_k3_hn05,1,2306,2306,0.516302,0.507101
rc_trial_a33_k3_hn05,1,2307,2307,0.450749,0.246932
rc_trial_a33_k3_hn05,1,2308,2308,0.565043,0.205702
rc_trial_a33_k3_hn05,1,2309,2309,0.305372,0.967535
rc_trial_a33_k3_hn05,1,2310,2310,0.443818,0.988307
rc_trial_a33_k3_hn05,1,2311,2311,0.48492,0.619687
rc_trial_a33_k3_hn05,1,2312,2312,0.750005,0.731965
rc_trial_a33_k3_hn05,1,2313,2313,0.712232,0.966427
rc_trial_a33_k3_hn05,1,2314,2314,0.633743,0.29057500000000003
rc_trial_a33_k3_hn05,1,2315,2315,0.678374,0.848114
rc_trial_a33_k3_hn05,1,2316,2316,0.0338971,0.439685
rc_trial_a33_k3_hn05,1,2317,2317,0.354179,0.181618
rc_trial_a33_k3_hn05,1,2318,2318,0.26386,0.120372
rc_trial_a33_k3_hn05,1,2319,2319,0.29093,0.47993
rc_trial_a33_k3_hn05,1,2320,2320,0.207928,0.1822
rc_trial_a33_k3_hn05,1,2321,2321,0.338158,0.151991
rc_trial_a33_k3_hn05,1,2322,2322,0.304295,0.285337
rc_trial_a33_k3_hn05,1,2323,2323,0.493477,0.389698
rc_trial_a33_k3_hn05,1,2324,2324,-0.253632,1.03558
rc_trial_a33_k3_hn05,1,2325,2325,-0.0886165,0.75591
rc_trial_a33_k3_hn05,1,2326,2326,-0.0158117,0.516277
rc_trial_a33_k3_hn05,1,2327,2327,-0.00255536,0.687328
rc_trial_a33_k3_hn05,1,2328,2328,-7.22148e-4,0.637134
rc_trial_a33_k3_hn05,1,2329,2329,0.735118,0.408321
rc_trial_a33_k3_hn05,1,2330,2330,0.788839,0.164
rc_trial_a33_k3_hn05,1,2331,2331,0.856242,0.330414
rc_trial_a33_k3_hn05,1,2332,2332,0.158697,0.0431415
rc_trial_a33_k3_hn05,1,2333,2333,0.259141,0.0285165
rc_trial_a33_k3_hn05,1,2334,2334,0.268221,0.027612
rc_trial_a33_k3_hn05,1,2335,2335,0.254483,0.016071
rc_trial_a33_k3_hn05,1,2336,2336,0.203428,0.0119243
rc_trial_a33_k3_hn05,1,2337,2337,0.00986693,0.00403018
rc_trial_a33_k3_hn05,1,2338,2338,0.464149,0.0133815
rc_trial_a33_k3_hn05,1,2339,2339,0.0284358,0.148779
rc_trial_a33_k3_hn05,1,2340,2340,0.386554,0.0482233
rc_trial_a33_k3_hn05,1,2341,2341,0.246224,0.106257
rc_trial_a33_k3_hn05,1,2342,2342,0.204901,0.0909708
rc_trial_a33_k3_hn05,1,2343,2343,0.406262,0.102222
rc_trial_a33_k3_hn05,1,2344,2344,0.137291,0.151897
rc_trial_a33_k3_hn05,1,2345,2345,0.410388,0.275885
rc_trial_a33_k3_hn05,1,2346,2346,0.265393,0.253231
rc_trial_a33_k3_hn05,1,2347,2347,0.175245,0.282979
rc_trial_a33_k3_hn05,1,2348,2348,0.40986,0.224449
rc_trial_a33_k3_hn05,1,2349,2349,0.384423,0.282625
rc_trial_a33_k3_hn05,1,2350,2350,0.220447,0.100499
rc_trial_a33_k3_hn05,1,2351,2351,0.202306,0.316592
rc_trial_a33_k3_hn05,1,2352,2352,0.127566,0.367667
rc_trial_a33_k3_hn05,1,2353,2353,0.0621673,0.271107
rc_trial_a33_k3_hn05,1,2354,2354,0.184692,0.225416
rc_trial_a33_k3_hn05,1,2355,2355,0.284337,0.366832
rc_trial_a33_k3_hn05,1,2356,2356,0.0383825,0.387426
rc_trial_a33_k3_hn05,1,2357,2357,0.611217,0.997813
rc_trial_a33_k3_hn05,1,2358,2358,0.555477,1.17047
rc_trial_a33_k3_hn05,1,2359,2359,0.419232,0.238784
rc_trial_a33_k3_hn05,1,2360,2360,0.582077,0.430075
rc_trial_a33_k3_hn05,1,2361,2361,0.0942962,0.695349
rc_trial_a33_k3_hn05,1,2362,2362,0.2324,0.240977
rc_trial_a33_k3_hn05,1,2363,2363,0.584276,0.445209
rc_trial_a33_k3_hn05,1,2364,2364,0.449053,0.227057
rc_trial_a33_k3_hn05,1,2365,2365,0.888099,0.901597
rc_trial_a33_k3_hn05,1,2366,2366,0.184974,0.771475
rc_trial_a33_k3_hn05,1,2367,2367,0.117023,0.970433
rc_trial_a33_k3_hn05,1,2368,2368,-0.229877,0.559719
rc_trial_a33_k3_hn05,1,2369,2369,-0.224292,0.477495
rc_trial_a33_k3_hn05,1,2370,2370,-0.295355,0.842974
rc_trial_a33_k3_hn05,1,2371,2371,-0.133975,0.346676
rc_trial_a33_k3_hn05,1,2372,2372,0.1634,0.106112
rc_trial_a33_k3_hn05,1,2373,2373,0.406299,0.131757
rc_trial_a33_k3_hn05,1,2374,2374,0.518631,1.16254
rc_trial_a33_k3_hn05,1,2375,2375,0.117256,0.218577
rc_trial_a33_k3_hn05,1,2376,2376,0.219999,0.444876
rc_trial_a33_k3_hn05,1,2377,2377,0.596854,0.327251
rc_trial_a33_k3_hn05,1,2378,2378,0.64763,0.295621
rc_trial_a33_k3_hn05,1,2379,2379,0.38835,0.181755
rc_trial_a33_k3_hn05,1,2380,2380,0.295631,0.153408
rc_trial_a33_k3_hn05,1,2381,2381,0.456651,0.245317
rc_trial_a33_k3_hn05,1,2382,2382,0.29579,0.0176369
rc_trial_a33_k3_hn05,1,2383,2383,0.289856,0.0367173
rc_trial_a33_k3_hn05,1,2384,2384,0.268865,0.242656
rc_trial_a33_k3_hn05,1,2385,2385,0.0799736,0.463896
rc_trial_a33_k3_hn05,1,2386,2386,0.313643,0.373197
rc_trial_a33_k3_hn05,1,2387,2387,0.212052,0.251098
rc_trial_a33_k3_hn05,1,2388,2388,0.186013,0.328867
rc_trial_a33_k3_hn05,1,2389,2389,0.382377,0.97467
rc_trial_a33_k3_hn05,1,2390,2390,0.324699,0.612519
rc_trial_a33_k3_hn05,1,2391,2391,0.26919,0.498543
rc_trial_a33_k3_hn05,1,2392,2392,0.0679496,1.06762
rc_trial_a33_k3_hn05,1,2393,2393,0.0795044,1.08659
rc_trial_a33_k3_hn05,1,2394,2394,0.49466,0.275273
rc_trial_a33_k3_hn05,1,2395,2395,0.636371,0.565055
rc_trial_a33_k3_hn05,1,2396,2396,0.748709,0.459094
rc_trial_a33_k3_hn05,1,2397,2397,0.554417,0.340168
rc_trial_a33_k3_hn05,1,2398,2398,0.412949,0.305666
rc_trial_a33_k3_hn05,1,2399,2399,0.243048,0.295342
rc_trial_a33_k3_hn05,1,2400,2400,0.349108,0.152046
rc_trial_a33_k3_hn05,1,2401,2401,0.22155,0.473958
rc_trial_a33_k3_hn05,1,2402,2402,0.146661,1.26613
rc_trial_a33_k3_hn05,1,2403,2403,0.284603,0.0887427
rc_trial_a33_k3_hn05,1,2404,2404,0.232604,0.0847036
rc_trial_a33_k3_hn05,1,2405,2405,0.541979,0.41651
rc_trial_a33_k3_hn05,1,2406,2406,0.50643,0.386486
rc_trial_a33_k3_hn05,1,2407,2407,0.0931525,0.329834
rc_trial_a33_k3_hn05,1,2408,2408,0.0495181,0.369765
rc_trial_a33_k3_hn05,1,2409,2409,0.129719,0.388272
rc_trial_a33_k3_hn05,1,2410,2410,0.346793,0.229502
rc_trial_a33_k3_hn05,1,2411,2411,0.673361,0.270154
rc_trial_a33_k3_hn05,1,2412,2412,0.43747,0.381516
rc_trial_a33_k3_hn05,1,2413,2413,0.389818,0.622692
rc_trial_a33_k3_hn05,1,2414,2414,0.530261,0.858958
rc_trial_a33_k3_hn05,1,2415,2415,0.333663,0.725471
rc_trial_a33_k3_hn05,1,2416,2416,0.101391,0.611387
rc_trial_a33_k3_hn05,1,2417,2417,0.00297892,0.491466
rc_trial_a33_k3_hn05,1,2418,2418,0.0785383,0.495365
rc_trial_a33_k3_hn05,1,2419,2419,0.641308,0.689183
rc_trial_a33_k3_hn05,1,2420,2420,0.728915,0.673542
rc_trial_a33_k3_hn05,1,2421,2421,0.595768,0.272695
rc_trial_a33_k3_hn05,1,2422,2422,0.234884,0.136098
rc_trial_a33_k3_hn05,1,2423,2423,0.207509,0.353823
rc_trial_a33_k3_hn05,1,2424,2424,0.247865,0.142052
rc_trial_a33_k3_hn05,1,2425,2425,0.344576,0.290504
rc_trial_a33_k3_hn05,1,2426,2426,0.201818,0.17767
rc_trial_a33_k3_hn05,1,2427,2427,1.37608,1.14412
rc_trial_a33_k3_hn05,1,2428,2428,1.39035,0.793188
rc_trial_a33_k3_hn05,1,2429,2429,1.34091,1.14771
rc_trial_a33_k3_hn05,1,2430,2430,0.942611,0.402772
rc_trial_a33_k3_hn05,1,2431,2431,0.966851,0.519738
rc_trial_a33_k3_hn05,1,2432,2432,0.456802,0.24169
rc_trial_a33_k3_hn05,1,2433,2433,0.39826,0.18817
rc_trial_a33_k3_hn05,1,2434,2434,0.755274,0.624569
rc_trial_a33_k3_hn05,1,2435,2435,0.344766,0.0279608
rc_trial_a33_k3_hn05,1,2436,2436,0.0377525,0.333489
rc_trial_a33_k3_hn05,1,2437,2437,0.152338,0.0488902
rc_trial_a33_k3_hn05,1,2438,2438,0.248625,0.0402949
rc_trial_a33_k3_hn05,1,2439,2439,0.448507,0.0246632
rc_trial_a33_k3_hn05,1,2440,2440,0.0636959,0.0356932
rc_trial_a33_k3_hn05,1,2441,2441,0.445485,0.231954
rc_trial_a33_k3_hn05,1,2442,2442,0.11236,0.172957
rc_trial_a33_k3_hn05,1,2443,2443,0.367686,0.559556
rc_trial_a33_k3_hn05,1,2444,2444,0.294711,0.554275
rc_trial_a33_k3_hn05,1,2445,2445,0.242858,0.426026
rc_trial_a33_k3_hn05,1,2446,2446,0.290461,0.312138
rc_trial_a33_k3_hn05,1,2447,2447,0.214859,0.568534
rc_trial_a33_k3_hn05,1,2448,2448,0.315562,0.559352
rc_trial_a33_k3_hn05,1,2449,2449,0.233538,0.475857
rc_trial_a33_k3_hn05,1,2450,2450,0.447524,0.676751
rc_trial_a33_k3_hn05,1,2451,2451,0.311349,0.747429
rc_trial_a33_k3_hn05,1,2452,2452,-0.0244774,0.402112
rc_trial_a33_k3_hn05,1,2453,2453,0.17921,0.146393
rc_trial_a33_k3_hn05,1,2454,2454,0.858498,0.983347
rc_trial_a33_k3_hn05,1,2455,2455,0.240417,0.298152
rc_trial_a33_k3_hn05,1,2456,2456,0.0663594,0.749844
rc_trial_a33_k3_hn05,1,2457,2457,0.0105607,0.451371
rc_trial_a33_k3_hn05,1,2458,2458,0.0892357,0.579652
rc_trial_a33_k3_hn05,1,2459,2459,-0.114447,0.856721
rc_trial_a33_k3_hn05,1,2460,2460,0.417261,0.0668442
rc_trial_a33_k3_hn05,1,2461,2461,0.241704,0.0885229
rc_trial_a33_k3_hn05,1,2462,2462,0.263924,0.0348946
rc_trial_a33_k3_hn05,1,2463,2463,0.186327,0.121979
rc_trial_a33_k3_hn05,1,2464,2464,0.325586,0.454419
rc_trial_a33_k3_hn05,1,2465,2465,0.33236,0.37238
rc_trial_a33_k3_hn05,1,2466,2466,0.737812,0.446086
rc_trial_a33_k3_hn05,1,2467,2467,0.175402,0.504121
rc_trial_a33_k3_hn05,1,2468,2468,0.0720758,0.566674
rc_trial_a33_k3_hn05,1,2469,2469,0.659523,0.586059
rc_trial_a33_k3_hn05,1,2470,2470,0.807893,0.58343
rc_trial_a33_k3_hn05,1,2471,2471,0.356742,0.621416
rc_trial_a33_k3_hn05,1,2472,2472,0.249265,0.390254
rc_trial_a33_k3_hn05,1,2473,2473,0.335271,0.152857
rc_trial_a33_k3_hn05,1,2474,2474,1.29258,0.897582
rc_trial_a33_k3_hn05,1,2475,2475,0.676991,0.313522
rc_trial_a33_k3_hn05,1,2476,2476,-0.0297827,0.237815
rc_trial_a33_k3_hn05,1,2477,2477,0.45262,0.388851
rc_trial_a33_k3_hn05,1,2478,2478,0.392443,0.497986
rc_trial_a33_k3_hn05,1,2479,2479,0.425461,0.620435
rc_trial_a33_k3_hn05,1,2480,2480,0.412697,0.435026
rc_trial_a33_k3_hn05,1,2481,2481,0.424811,0.500009
rc_trial_a33_k3_hn05,1,2482,2482,0.404112,0.555697
rc_trial_a33_k3_hn05,1,2483,2483,0.4433,0.602786
rc_trial_a33_k3_hn05,1,2484,2484,0.587054,0.404344
rc_trial_a33_k3_hn05,1,2485,2485,0.274374,0.33787
rc_trial_a33_k3_hn05,1,2486,2486,0.34592,0.627619
rc_trial_a33_k3_hn05,1,2487,2487,0.592801,0.614461
rc_trial_a33_k3_hn05,1,2488,2488,0.0892998,0.940491
rc_trial_a33_k3_hn05,1,2489,2489,0.0165134,1.18962
rc_trial_a33_k3_hn05,1,2490,2490,0.131883,0.37976
rc_trial_a33_k3_hn05,1,2491,2491,-0.185855,0.221471
rc_trial_a33_k3_hn05,1,2492,2492,0.00851946,0.188332
rc_trial_a33_k3_hn05,1,2493,2493,0.682911,0.556425
rc_trial_a33_k3_hn05,1,2494,2494,0.983943,0.606029
rc_trial_a33_k3_hn05,1,2495,2495,1.23072,0.724074
rc_trial_a33_k3_hn05,1,2496,2496,1.05741,0.587373
rc_trial_a33_k3_hn05,1,2497,2497,0.778187,0.937875
rc_trial_a33_k3_hn05,1,2498,2498,-0.119835,0.784063
rc_trial_a33_k3_hn05,1,2499,2499,0.0285929,0.484338
rc_trial_a33_k3_hn05,1,2500,2500,0.194051,0.468111
rc_trial_a33_k3_hn05,1,2501,2501,-0.00227223,0.588526
rc_trial_a33_k3_hn05,1,2502,2502,0.516469,0.721145
rc_trial_a33_k3_hn05,1,2503,2503,-0.190476,0.41184
rc_trial_a33_k3_hn05,1,2504,2504,0.132525,0.493081
rc_trial_a33_k3_hn05,1,2505,2505,0.0494045,0.489157
rc_trial_a33_k3_hn05,1,2506,2506,0.242307,0.178777
rc_trial_a33_k3_hn05,1,2507,2507,0.181239,0.148387
rc_trial_a33_k3_hn05,1,2508,2508,0.19364,0.819189
rc_trial_a33_k3_hn05,1,2509,2509,0.308767,0.608967
rc_trial_a33_k3_hn05,1,2510,2510,0.196943,0.218878
rc_trial_a33_k3_hn05,1,2511,2511,0.148007,0.409409
rc_trial_a33_k3_hn05,1,2512,2512,0.539795,0.632873
rc_trial_a33_k3_hn05,1,2513,2513,0.474384,0.449779
rc_trial_a33_k3_hn05,1,2514,2514,0.434376,0.481944
rc_trial_a33_k3_hn05,1,2515,2515,0.459717,0.519734
rc_trial_a33_k3_hn05,1,2516,2516,0.053889,0.605074
rc_trial_a33_k3_hn05,1,2517,2517,0.637607,0.361483
rc_trial_a33_k3_hn05,1,2518,2518,0.48915,0.36442
rc_trial_a33_k3_hn05,1,2519,2519,0.4536,0.396505
rc_trial_a33_k3_hn05,1,2520,2520,0.698411,0.905627
rc_trial_a33_k3_hn05,1,2521,2521,0.0996215,0.4647
rc_trial_a33_k3_hn05,1,2522,2522,0.377785,0.453515
rc_trial_a33_k3_hn05,1,2523,2523,0.51233,0.517622
rc_trial_a33_k3_hn05,1,2524,2524,0.362288,0.218065
rc_trial_a33_k3_hn05,1,2525,2525,0.460122,0.152827
rc_trial_a33_k3_hn05,1,2526,2526,0.117093,0.119899
rc_trial_a33_k3_hn05,1,2527,2527,0.359641,0.136689
rc_trial_a33_k3_hn05,1,2528,2528,0.140235,0.303921
rc_trial_a33_k3_hn05,1,2529,2529,0.0795256,0.26674
rc_trial_a33_k3_hn05,1,2530,2530,0.283585,0.563373
rc_trial_a33_k3_hn05,1,2531,2531,0.332704,0.217202
rc_trial_a33_k3_hn05,1,2532,2532,0.338054,0.396865
rc_trial_a33_k3_hn05,1,2533,2533,0.484564,0.415869
rc_trial_a33_k3_hn05,1,2534,2534,0.355971,0.408588
rc_trial_a33_k3_hn05,1,2535,2535,0.391926,0.310939
rc_trial_a33_k3_hn05,1,2536,2536,0.684413,1.97107
rc_trial_a33_k3_hn05,1,2537,2537,0.686062,1.80643
rc_trial_a33_k3_hn05,1,2538,2538,0.671059,1.60619
rc_trial_a33_k3_hn05,1,2539,2539,0.430719,0.506929
rc_trial_a33_k3_hn05,1,2540,2540,0.847401,0.716987
rc_trial_a33_k3_hn05,1,2541,2541,0.83726,0.807202
rc_trial_a33_k3_hn05,1,2542,2542,0.536876,0.333834
rc_trial_a33_k3_hn05,1,2543,2543,0.474344,0.163483
rc_trial_a33_k3_hn05,1,2544,2544,0.439603,0.390402
rc_trial_a33_k3_hn05,1,2545,2545,0.601108,0.501758
rc_trial_a33_k3_hn05,1,2546,2546,0.877808,0.62085
rc_trial_a33_k3_hn05,1,2547,2547,0.658396,0.712731
rc_trial_a33_k3_hn05,1,2548,2548,0.808011,0.565302
rc_trial_a33_k3_hn05,1,2549,2549,1.0622,0.691412
rc_trial_a33_k3_hn05,1,2550,2550,0.74047,0.620641
rc_trial_a33_k3_hn05,1,2551,2551,0.76121,0.639052
rc_trial_a33_k3_hn05,1,2552,2552,0.795815,0.580069
rc_trial_a33_k3_hn05,1,2553,2553,0.939282,0.538326
rc_trial_a33_k3_hn05,1,2554,2554,0.634647,0.305413
rc_trial_a33_k3_hn05,1,2555,2555,1.63967,0.920004
rc_trial_a33_k3_hn05,1,2556,2556,0.637434,0.392773
rc_trial_a33_k3_hn05,1,2557,2557,0.571434,0.365235
rc_trial_a33_k3_hn05,1,2558,2558,0.225166,1.00042
rc_trial_a33_k3_hn05,1,2559,2559,0.191744,1.00517
rc_trial_a33_k3_hn05,1,2560,2560,0.131771,1.22682
rc_trial_a33_k3_hn05,1,2561,2561,0.326209,0.905895
rc_trial_a33_k3_hn05,1,2562,2562,0.577374,0.243074
rc_trial_a33_k3_hn05,1,2563,2563,0.194443,0.329606
rc_trial_a33_k3_hn05,1,2564,2564,0.192267,0.55386
rc_trial_a33_k3_hn05,1,2565,2565,0.0744821,0.796311
rc_trial_a33_k3_hn05,1,2566,2566,-0.00316969,0.666834
rc_trial_a33_k3_hn05,1,2567,2567,0.528639,0.490944
rc_trial_a33_k3_hn05,1,2568,2568,0.662193,0.5952
rc_trial_a33_k3_hn05,1,2569,2569,0.13364,0.408588
rc_trial_a33_k3_hn05,1,2570,2570,0.119599,0.532649
rc_trial_a33_k3_hn05,1,2571,2571,0.741711,0.478863
rc_trial_a33_k3_hn05,1,2572,2572,0.267685,0.409026
rc_trial_a33_k3_hn05,1,2573,2573,0.360647,0.360449
rc_trial_a33_k3_hn05,1,2574,2574,0.312817,0.302193
rc_trial_a33_k3_hn05,1,2575,2575,0.255584,0.313155
rc_trial_a33_k3_hn05,1,2576,2576,0.372523,0.565417
rc_trial_a33_k3_hn05,1,2577,2577,0.399296,0.522978
rc_trial_a33_k3_hn05,1,2578,2578,0.337428,0.66689
rc_trial_a33_k3_hn05,1,2579,2579,0.311828,0.260529
rc_trial_a33_k3_hn05,1,2580,2580,0.244533,0.240541
rc_trial_a33_k3_hn05,1,2581,2581,0.263744,0.264619
rc_trial_a33_k3_hn05,1,2582,2582,-0.033777,0.373097
rc_trial_a33_k3_hn05,1,2583,2583,0.231614,0.291691
rc_trial_a33_k3_hn05,1,2584,2584,0.367024,0.300214
rc_trial_a33_k3_hn05,1,2585,2585,0.498831,0.35991
rc_trial_a33_k3_hn05,1,2586,2586,-0.161232,0.487489
rc_trial_a33_k3_hn05,1,2587,2587,-0.10001,0.526318
rc_trial_a33_k3_hn05,1,2588,2588,-0.219322,0.488349
rc_trial_a33_k3_hn05,1,2589,2589,0.192747,0.467773
rc_trial_a33_k3_hn05,1,2590,2590,0.125332,0.444056
rc_trial_a33_k3_hn05,1,2591,2591,0.20275,0.6969
rc_trial_a33_k3_hn05,1,2592,2592,0.282634,0.216159
rc_trial_a33_k3_hn05,1,2593,2593,0.376882,0.0853415
rc_trial_a33_k3_hn05,1,2594,2594,0.15156,0.435403
rc_trial_a33_k3_hn05,1,2595,2595,0.325489,0.11151
rc_trial_a33_k3_hn05,1,2596,2596,0.415848,0.223255
rc_trial_a33_k3_hn05,1,2597,2597,0.471402,0.242782
rc_trial_a33_k3_hn05,1,2598,2598,0.43097800000000003,0.267407
rc_trial_a33_k3_hn05,1,2599,2599,0.471549,0.242222
rc_trial_a33_k3_hn05,1,2600,2600,0.844039,0.551101
rc_trial_a33_k3_hn05,1,2601,2601,0.663593,0.40234
rc_trial_a33_k3_hn05,1,2602,2602,0.931707,0.339737
rc_trial_a33_k3_hn05,1,2603,2603,0.275199,0.354439
rc_trial_a33_k3_hn05,1,2604,2604,-0.20376,0.887842
rc_trial_a33_k3_hn05,1,2605,2605,-0.0560609,0.647481
rc_trial_a33_k3_hn05,1,2606,2606,0.361498,0.726277
rc_trial_a33_k3_hn05,1,2607,2607,0.173785,0.425141
rc_trial_a33_k3_hn05,1,2608,2608,-0.0649429,0.473158
rc_trial_a33_k3_hn05,1,2609,2609,-0.127894,0.180313
rc_trial_a33_k3_hn05,1,2610,2610,0.0651627,0.268342
rc_trial_a33_k3_hn05,1,2611,2611,0.118873,0.117427
rc_trial_a33_k3_hn05,1,2612,2612,0.0237606,0.274787
rc_trial_a33_k3_hn05,1,2613,2613,-0.163063,0.185442
rc_trial_a33_k3_hn05,1,2614,2614,0.307068,0.198062
rc_trial_a33_k3_hn05,1,2615,2615,0.970606,0.655282
rc_trial_a33_k3_hn05,1,2616,2616,0.9754,0.49108
rc_trial_a33_k3_hn05,1,2617,2617,0.861783,0.591321
rc_trial_a33_k3_hn05,1,2618,2618,-0.224012,1.15858
rc_trial_a33_k3_hn05,1,2619,2619,-0.0749407,0.731715
rc_trial_a33_k3_hn05,1,2620,2620,0.813072,0.540567
rc_trial_a33_k3_hn05,1,2621,2621,0.757676,0.50025
rc_trial_a33_k3_hn05,1,2622,2622,0.946571,0.625982
rc_trial_a33_k3_hn05,1,2623,2623,0.398001,0.575083
rc_trial_a33_k3_hn05,1,2624,2624,0.152633,0.401636
rc_trial_a33_k3_hn05,1,2625,2625,0.0463148,0.715139
rc_trial_a33_k3_hn05,1,2626,2626,0.201735,0.164298
rc_trial_a33_k3_hn05,1,2627,2627,0.422238,0.12734
rc_trial_a33_k3_hn05,1,2628,2628,0.308615,0.157168
rc_trial_a33_k3_hn05,1,2629,2629,0.273695,0.179504
rc_trial_a33_k3_hn05,1,2630,2630,0.304691,0.571911
rc_trial_a33_k3_hn05,1,2631,2631,0.177608,0.194055
rc_trial_a33_k3_hn05,1,2632,2632,0.0250452,0.290435
rc_trial_a33_k3_hn05,1,2633,2633,0.326127,0.206583
rc_trial_a33_k3_hn05,1,2634,2634,0.0621352,0.25697
rc_trial_a33_k3_hn05,1,2635,2635,0.166566,0.27803
rc_trial_a33_k3_hn05,1,2636,2636,0.255619,0.540218
rc_trial_a33_k3_hn05,1,2637,2637,0.361819,0.239947
rc_trial_a33_k3_hn05,1,2638,2638,0.350912,0.387012
rc_trial_a33_k3_hn05,1,2639,2639,0.28901,0.0999125
rc_trial_a33_k3_hn05,1,2640,2640,0.292979,0.242574
rc_trial_a33_k3_hn05,1,2641,2641,0.364821,0.190215
rc_trial_a33_k3_hn05,1,2642,2642,0.447706,0.769635
rc_trial_a33_k3_hn05,1,2643,2643,0.362999,0.252034
rc_trial_a33_k3_hn05,1,2644,2644,0.435271,0.298934
rc_trial_a33_k3_hn05,1,2645,2645,0.386755,0.438913
rc_trial_a33_k3_hn05,1,2646,2646,0.398313,0.721546
rc_trial_a33_k3_hn05,1,2647,2647,1.10568,0.913761
rc_trial_a33_k3_hn05,1,2648,2648,0.956259,0.591438
rc_trial_a33_k3_hn05,1,2649,2649,0.863877,0.868952
rc_trial_a33_k3_hn05,1,2650,2650,0.705596,0.623223
rc_trial_a33_k3_hn05,1,2651,2651,0.378916,0.310804
rc_trial_a33_k3_hn05,1,2652,2652,0.801789,0.329042
rc_trial_a33_k3_hn05,1,2653,2653,0.611359,0.786933
rc_trial_a33_k3_hn05,1,2654,2654,0.551333,0.563895
rc_trial_a33_k3_hn05,1,2655,2655,0.650307,0.836083
rc_trial_a33_k3_hn05,1,2656,2656,0.652077,0.815593
rc_trial_a33_k3_hn05,1,2657,2657,0.75532,0.677754
rc_trial_a33_k3_hn05,1,2658,2658,0.391039,0.701901
rc_trial_a33_k3_hn05,1,2659,2659,0.626414,0.453221
rc_trial_a33_k3_hn05,1,2660,2660,0.584235,0.503829
rc_trial_a33_k3_hn05,1,2661,2661,0.489577,0.412459
rc_trial_a33_k3_hn05,1,2662,2662,0.535748,0.375799
rc_trial_a33_k3_hn05,1,2663,2663,0.332605,0.416501
rc_trial_a33_k3_hn05,1,2664,2664,0.430375,0.188689
rc_trial_a33_k3_hn05,1,2665,2665,0.647508,0.314421
rc_trial_a33_k3_hn05,1,2666,2666,0.535282,0.27044
rc_trial_a33_k3_hn05,1,2667,2667,0.625877,0.302928
rc_trial_a33_k3_hn05,1,2668,2668,0.636922,0.267342
rc_trial_a33_k3_hn05,1,2669,2669,0.602687,0.273443
rc_trial_a33_k3_hn05,1,2670,2670,0.314919,0.463524
rc_trial_a33_k3_hn05,1,2671,2671,0.582019,0.496051
rc_trial_a33_k3_hn05,1,2672,2672,0.561193,0.566952
rc_trial_a33_k3_hn05,1,2673,2673,0.473682,0.373924
rc_trial_a33_k3_hn05,1,2674,2674,0.393519,0.602368
rc_trial_a33_k3_hn05,1,2675,2675,0.75748,0.728877
rc_trial_a33_k3_hn05,1,2676,2676,0.226642,0.553451
rc_trial_a33_k3_hn05,1,2677,2677,0.281003,0.268792
rc_trial_a33_k3_hn05,1,2678,2678,0.445133,0.330664
rc_trial_a33_k3_hn05,1,2679,2679,-0.0382089,0.286563
rc_trial_a33_k3_hn05,1,2680,2680,-0.0275267,0.299565
rc_trial_a33_k3_hn05,1,2681,2681,0.105292,0.105742
rc_trial_a33_k3_hn05,1,2682,2682,0.882466,1.44098
rc_trial_a33_k3_hn05,1,2683,2683,0.974098,0.97603
rc_trial_a33_k3_hn05,1,2684,2684,1.03996,1.32677
rc_trial_a33_k3_hn05,1,2685,2685,0.926853,0.450643
rc_trial_a33_k3_hn05,1,2686,2686,0.364552,0.178125
rc_trial_a33_k3_hn05,1,2687,2687,0.41206,0.537052
rc_trial_a33_k3_hn05,1,2688,2688,0.837769,0.684913
rc_trial_a33_k3_hn05,1,2689,2689,0.762449,0.761046
rc_trial_a33_k3_hn05,1,2690,2690,0.678287,0.777032
rc_trial_a33_k3_hn05,1,2691,2691,0.814674,0.778967
rc_trial_a33_k3_hn05,1,2692,2692,1.1344,0.808853
rc_trial_a33_k3_hn05,1,2693,2693,0.505359,0.461663
rc_trial_a33_k3_hn05,1,2694,2694,0.3951,0.586174
rc_trial_a33_k3_hn05,1,2695,2695,0.131845,0.460921
rc_trial_a33_k3_hn05,1,2696,2696,0.34037,0.846623
rc_trial_a33_k3_hn05,1,2697,2697,0.395603,0.614713
rc_trial_a33_k3_hn05,1,2698,2698,0.371177,0.634748
rc_trial_a33_k3_hn05,1,2699,2699,-0.37634,1.26631
rc_trial_a33_k3_hn05,1,2700,2700,-0.402985,1.24549
rc_trial_a33_k3_hn05,1,2701,2701,-0.0930941,0.312539
rc_trial_a33_k3_hn05,1,2702,2702,-0.101938,0.193512
rc_trial_a33_k3_hn05,1,2703,2703,0.662477,0.379821
rc_trial_a33_k3_hn05,1,2704,2704,0.322574,1.07752
rc_trial_a33_k3_hn05,1,2705,2705,0.276744,0.560333
rc_trial_a33_k3_hn05,1,2706,2706,0.548759,0.54222
rc_trial_a33_k3_hn05,1,2707,2707,0.605639,0.448397
rc_trial_a33_k3_hn05,1,2708,2708,0.0762601,0.451806
rc_trial_a33_k3_hn05,1,2709,2709,0.642278,0.324934
rc_trial_a33_k3_hn05,1,2710,2710,0.316943,0.996747
rc_trial_a33_k3_hn05,1,2711,2711,0.213514,0.375436
rc_trial_a33_k3_hn05,1,2712,2712,0.339163,0.506014
rc_trial_a33_k3_hn05,1,2713,2713,0.340269,0.364639
rc_trial_a33_k3_hn05,1,2714,2714,0.37795,0.44046
rc_trial_a33_k3_hn05,1,2715,2715,0.269725,0.228391
rc_trial_a33_k3_hn05,1,2716,2716,0.761606,0.853746
rc_trial_a33_k3_hn05,1,2717,2717,0.339334,0.0947839
rc_trial_a33_k3_hn05,1,2718,2718,0.133571,0.0725302
rc_trial_a33_k3_hn05,1,2719,2719,0.107649,0.00443602
rc_trial_a33_k3_hn05,1,2720,2720,0.435319,0.0103171
rc_trial_a33_k3_hn05,1,2721,2721,0.461785,0.0111467
rc_trial_a33_k3_hn05,1,2722,2722,0.244253,0.0233468
rc_trial_a33_k3_hn05,1,2723,2723,-0.19224,0.609971
rc_trial_a33_k3_hn05,1,2724,2724,-0.166279,0.372585
rc_trial_a33_k3_hn05,1,2725,2725,0.0484599,0.43155
rc_trial_a33_k3_hn05,1,2726,2726,-0.0673021,0.470552
rc_trial_a33_k3_hn05,1,2727,2727,1.15804,0.634589
rc_trial_a33_k3_hn05,1,2728,2728,1.13955,0.564278
rc_trial_a33_k3_hn05,1,2729,2729,1.02974,0.721007
rc_trial_a33_k3_hn05,1,2730,2730,0.967258,0.669917
rc_trial_a33_k3_hn05,1,2731,2731,1.26292,1.00228
rc_trial_a33_k3_hn05,1,2732,2732,0.384773,0.142981
rc_trial_a33_k3_hn05,1,2733,2733,0.297952,0.121738
rc_trial_a33_k3_hn05,1,2734,2734,0.269577,0.136945
rc_trial_a33_k3_hn05,1,2735,2735,0.389693,0.0510985
rc_trial_a33_k3_hn05,1,2736,2736,0.213037,0.832027
rc_trial_a33_k3_hn05,1,2737,2737,0.42981,0.0822312
rc_trial_a33_k3_hn05,1,2738,2738,0.0520422,0.257575
rc_trial_a33_k3_hn05,1,2739,2739,0.218939,0.196102
rc_trial_a33_k3_hn05,1,2740,2740,0.972845,0.951052
rc_trial_a33_k3_hn05,1,2741,2741,0.168464,0.445371
rc_trial_a33_k3_hn05,1,2742,2742,0.278957,1.08644
rc_trial_a33_k3_hn05,1,2743,2743,0.385186,0.122397
rc_trial_a33_k3_hn05,1,2744,2744,0.340318,0.0309263
rc_trial_a33_k3_hn05,1,2745,2745,0.274851,0.0338638
rc_trial_a33_k3_hn05,1,2746,2746,0.103805,0.0441452
rc_trial_a33_k3_hn05,1,2747,2747,0.151957,0.354731
rc_trial_a33_k3_hn05,1,2748,2748,0.171167,0.319975
rc_trial_a33_k3_hn05,1,2749,2749,0.487822,0.204654
rc_trial_a33_k3_hn05,1,2750,2750,0.168772,0.0890844
rc_trial_a33_k3_hn05,1,2751,2751,0.485136,0.0977198
rc_trial_a33_k3_hn05,1,2752,2752,0.276489,0.216011
rc_trial_a33_k3_hn05,1,2753,2753,0.662105,0.15789
rc_trial_a33_k3_hn05,1,2754,2754,0.0910761,0.149535
rc_trial_a33_k3_hn05,1,2755,2755,0.544575,0.105945
rc_trial_a33_k3_hn05,1,2756,2756,0.453431,0.518694
rc_trial_a33_k3_hn05,1,2757,2757,0.375231,0.886708
rc_trial_a33_k3_hn05,1,2758,2758,0.0387175,0.385649
rc_trial_a33_k3_hn05,1,2759,2759,0.226521,0.109612
rc_trial_a33_k3_hn05,1,2760,2760,1.25466,0.806069
rc_trial_a33_k3_hn05,1,2761,2761,1.36292,0.773609
rc_trial_a33_k3_hn05,1,2762,2762,1.10209,0.719988
rc_trial_a33_k3_hn05,1,2763,2763,0.369592,0.241832
rc_trial_a33_k3_hn05,1,2764,2764,0.331725,0.358582
rc_trial_a33_k3_hn05,1,2765,2765,0.282885,0.236112
rc_trial_a33_k3_hn05,1,2766,2766,0.761071,0.455811
rc_trial_a33_k3_hn05,1,2767,2767,0.600469,0.297351
rc_trial_a33_k3_hn05,1,2768,2768,0.822514,0.593884
rc_trial_a33_k3_hn05,1,2769,2769,0.484978,0.684947
rc_trial_a33_k3_hn05,1,2770,2770,0.524916,0.768329
rc_trial_a33_k3_hn05,1,2771,2771,0.329346,0.294901
rc_trial_a33_k3_hn05,1,2772,2772,0.27227,0.310423
rc_trial_a33_k3_hn05,1,2773,2773,0.286475,0.584538
rc_trial_a33_k3_hn05,1,2774,2774,0.481012,0.732037
rc_trial_a33_k3_hn05,1,2775,2775,0.59072,0.499311
rc_trial_a33_k3_hn05,1,2776,2776,0.298239,0.178482
rc_trial_a33_k3_hn05,1,2777,2777,0.39599,0.116885
rc_trial_a33_k3_hn05,1,2778,2778,0.211994,0.199122
rc_trial_a33_k3_hn05,1,2779,2779,0.272729,0.16222
rc_trial_a33_k3_hn05,1,2780,2780,0.938403,1.05367
rc_trial_a33_k3_hn05,1,2781,2781,0.426085,0.392671
rc_trial_a33_k3_hn05,1,2782,2782,0.667446,0.491832
rc_trial_a33_k3_hn05,1,2783,2783,0.222202,0.335127
rc_trial_a33_k3_hn05,1,2784,2784,0.177551,0.580664
rc_trial_a33_k3_hn05,1,2785,2785,0.180318,0.146209
rc_trial_a33_k3_hn05,1,2786,2786,0.255365,0.0958702
rc_trial_a33_k3_hn05,1,2787,2787,0.926897,0.779298
rc_trial_a33_k3_hn05,1,2788,2788,0.278988,0.469841
rc_trial_a33_k3_hn05,1,2789,2789,0.427146,0.582736
rc_trial_a33_k3_hn05,1,2790,2790,0.567866,1.08767
rc_trial_a33_k3_hn05,1,2791,2791,0.45405,0.846851
rc_trial_a33_k3_hn05,1,2792,2792,0.436602,0.827531
rc_trial_a33_k3_hn05,1,2793,2793,1.08611,0.560926
rc_trial_a33_k3_hn05,1,2794,2794,0.218856,0.185847
rc_trial_a33_k3_hn05,1,2795,2795,0.437766,0.262925
rc_trial_a33_k3_hn05,1,2796,2796,0.229482,0.0751848
rc_trial_a33_k3_hn05,1,2797,2797,0.86726,0.527873
rc_trial_a33_k3_hn05,1,2798,2798,0.844706,0.598032
rc_trial_a33_k3_hn05,1,2799,2799,0.836873,0.558579
rc_trial_a33_k3_hn05,1,2800,2800,0.850038,0.477328
rc_trial_a33_k3_hn05,1,2801,2801,0.79965,0.470177
rc_trial_a33_k3_hn05,1,2802,2802,0.644976,0.4329
rc_trial_a33_k3_hn05,1,2803,2803,0.168349,0.193505
rc_trial_a33_k3_hn05,1,2804,2804,0.0744691,0.497259
rc_trial_a33_k3_hn05,1,2805,2805,0.00485118,0.718377
rc_trial_a33_k3_hn05,1,2806,2806,0.493814,0.580579
rc_trial_a33_k3_hn05,1,2807,2807,0.546933,0.258855
rc_trial_a33_k3_hn05,1,2808,2808,0.525628,0.445382
rc_trial_a33_k3_hn05,1,2809,2809,0.469102,0.465932
rc_trial_a33_k3_hn05,1,2810,2810,0.466048,0.329062
rc_trial_a33_k3_hn05,1,2811,2811,-0.320062,0.793755
rc_trial_a33_k3_hn05,1,2812,2812,-0.25977,1.10992
rc_trial_a33_k3_hn05,1,2813,2813,-0.366722,1.10257
rc_trial_a33_k3_hn05,1,2814,2814,-0.393697,1.1415
rc_trial_a33_k3_hn05,1,2815,2815,-0.302748,1.53026
rc_trial_a33_k3_hn05,1,2816,2816,-0.686892,1.15451
rc_trial_a33_k3_hn05,1,2817,2817,-0.512292,0.837032
rc_trial_a33_k3_hn05,1,2818,2818,0.479948,0.32389
rc_trial_a33_k3_hn05,1,2819,2819,1.07222,0.829971
rc_trial_a33_k3_hn05,1,2820,2820,0.831884,0.674782
rc_trial_a33_k3_hn05,1,2821,2821,0.866518,0.670187
rc_trial_a33_k3_hn05,1,2822,2822,0.782638,0.709854
rc_trial_a33_k3_hn05,1,2823,2823,0.925236,0.497238
rc_trial_a33_k3_hn05,1,2824,2824,0.376894,0.0736879
rc_trial_a33_k3_hn05,1,2825,2825,0.232961,0.570097
rc_trial_a33_k3_hn05,1,2826,2826,0.741873,0.422931
rc_trial_a33_k3_hn05,1,2827,2827,0.50342,0.617212
rc_trial_a33_k3_hn05,1,2828,2828,0.532362,0.627503
rc_trial_a33_k3_hn05,1,2829,2829,0.594895,0.621184
rc_trial_a33_k3_hn05,1,2830,2830,0.605435,0.619516
rc_trial_a33_k3_hn05,1,2831,2831,0.473829,0.54597
rc_trial_a33_k3_hn05,1,2832,2832,0.293541,0.689361
rc_trial_a33_k3_hn05,1,2833,2833,0.377356,0.900917
rc_trial_a33_k3_hn05,1,2834,2834,0.393717,0.841351
rc_trial_a33_k3_hn05,1,2835,2835,0.739551,0.529096
rc_trial_a33_k3_hn05,1,2836,2836,1.03059,0.734368
rc_trial_a33_k3_hn05,1,2837,2837,1.1579,0.696989
rc_trial_a33_k3_hn05,1,2838,2838,-0.31238899999999997,0.621361
rc_trial_a33_k3_hn05,1,2839,2839,0.159544,0.178657
rc_trial_a33_k3_hn05,1,2840,2840,0.321576,0.110908
rc_trial_a33_k3_hn05,1,2841,2841,0.672341,0.641863
rc_trial_a33_k3_hn05,1,2842,2842,0.696451,0.769493
rc_trial_a33_k3_hn05,1,2843,2843,0.0434354,0.23493
rc_trial_a33_k3_hn05,1,2844,2844,0.349703,0.254598
rc_trial_a33_k3_hn05,1,2845,2845,0.370538,0.185833
rc_trial_a33_k3_hn05,1,2846,2846,0.195147,0.236003
rc_trial_a33_k3_hn05,1,2847,2847,0.510196,0.258273
rc_trial_a33_k3_hn05,1,2848,2848,0.126989,0.41123
rc_trial_a33_k3_hn05,1,2849,2849,0.200137,0.532978
rc_trial_a33_k3_hn05,1,2850,2850,0.35279,0.379576
rc_trial_a33_k3_hn05,1,2851,2851,0.284213,0.109436
rc_trial_a33_k3_hn05,1,2852,2852,0.289015,0.0773797
rc_trial_a33_k3_hn05,1,2853,2853,0.201651,0.0246675
rc_trial_a33_k3_hn05,1,2854,2854,0.246831,0.0237387
rc_trial_a33_k3_hn05,1,2855,2855,0.406603,0.115337
rc_trial_a33_k3_hn05,1,2856,2856,0.123563,0.107928
rc_trial_a33_k3_hn05,1,2857,2857,0.279153,0.0895569
rc_trial_a33_k3_hn05,1,2858,2858,0.177657,0.162791
rc_trial_a33_k3_hn05,1,2859,2859,0.319139,0.0216041
rc_trial_a33_k3_hn05,1,2860,2860,0.52629,1.02505
rc_trial_a33_k3_hn05,1,2861,2861,0.0913888,0.289248
rc_trial_a33_k3_hn05,1,2862,2862,0.327216,0.422259
rc_trial_a33_k3_hn05,1,2863,2863,0.319671,0.45871
rc_trial_a33_k3_hn05,1,2864,2864,0.429927,0.342948
rc_trial_a33_k3_hn05,1,2865,2865,0.306169,0.605528
rc_trial_a33_k3_hn05,1,2866,2866,0.347985,0.576038
rc_trial_a33_k3_hn05,1,2867,2867,0.612824,1.1778
rc_trial_a33_k3_hn05,1,2868,2868,0.933665,0.430708
rc_trial_a33_k3_hn05,1,2869,2869,0.947548,0.597246
rc_trial_a33_k3_hn05,1,2870,2870,1.09722,0.763522
rc_trial_a33_k3_hn05,1,2871,2871,0.965865,0.675312
rc_trial_a33_k3_hn05,1,2872,2872,0.437355,0.356321
rc_trial_a33_k3_hn05,1,2873,2873,0.447673,0.28484
rc_trial_a33_k3_hn05,1,2874,2874,0.0698304,0.810127
rc_trial_a33_k3_hn05,1,2875,2875,0.200662,0.580871
rc_trial_a33_k3_hn05,1,2876,2876,0.595394,0.250765
rc_trial_a33_k3_hn05,1,2877,2877,0.308902,0.37629
rc_trial_a33_k3_hn05,1,2878,2878,0.270942,0.289591
rc_trial_a33_k3_hn05,1,2879,2879,0.560271,0.491324
rc_trial_a33_k3_hn05,1,2880,2880,0.528225,0.383585
rc_trial_a33_k3_hn05,1,2881,2881,0.51717900000000006,0.436083
rc_trial_a33_k3_hn05,1,2882,2882,0.591058,0.406509
rc_trial_a33_k3_hn05,1,2883,2883,0.397437,0.472733
rc_trial_a33_k3_hn05,1,2884,2884,0.356063,0.230983
rc_trial_a33_k3_hn05,1,2885,2885,0.442649,0.348007
rc_trial_a33_k3_hn05,1,2886,2886,0.386489,0.396976
rc_trial_a33_k3_hn05,1,2887,2887,0.56649,0.387783
rc_trial_a33_k3_hn05,1,2888,2888,0.431559,0.395682
rc_trial_a33_k3_hn05,1,2889,2889,0.331378,0.442165
rc_trial_a33_k3_hn05,1,2890,2890,0.134344,0.310086
rc_trial_a33_k3_hn05,1,2891,2891,-0.0649966,0.20843
rc_trial_a33_k3_hn05,1,2892,2892,0.123666,0.165363
rc_trial_a33_k3_hn05,1,2893,2893,0.0340144,0.156614
rc_trial_a33_k3_hn05,1,2894,2894,0.137826,0.16353
rc_trial_a33_k3_hn05,1,2895,2895,0.418601,0.081765
rc_trial_a33_k3_hn05,1,2896,2896,0.423598,0.258345
rc_trial_a33_k3_hn05,1,2897,2897,0.7636,0.445187
rc_trial_a33_k3_hn05,1,2898,2898,0.197844,0.193557
rc_trial_a33_k3_hn05,1,2899,2899,0.0981725,0.215344
rc_trial_a33_k3_hn05,1,2900,2900,0.288602,0.0614919
rc_trial_a33_k3_hn05,1,2901,2901,-0.147436,0.875841
rc_trial_a33_k3_hn05,1,2902,2902,-0.517893,1.27956
rc_trial_a33_k3_hn05,1,2903,2903,-0.493411,0.644119
rc_trial_a33_k3_hn05,1,2904,2904,1.00053,0.446228
rc_trial_a33_k3_hn05,1,2905,2905,0.870481,0.392205
rc_trial_a33_k3_hn05,1,2906,2906,0.886339,0.532255
rc_trial_a33_k3_hn05,1,2907,2907,0.893182,0.540236
rc_trial_a33_k3_hn05,1,2908,2908,0.989164,0.989514
rc_trial_a33_k3_hn05,1,2909,2909,0.393662,0.299065
rc_trial_a33_k3_hn05,1,2910,2910,-0.159565,0.544505
rc_trial_a33_k3_hn05,1,2911,2911,1.007,0.543542
rc_trial_a33_k3_hn05,1,2912,2912,0.943091,0.345863
rc_trial_a33_k3_hn05,1,2913,2913,0.930239,0.302174
rc_trial_a33_k3_hn05,1,2914,2914,-2.45222e-4,0.411286
rc_trial_a33_k3_hn05,1,2915,2915,0.515232,0.861882
rc_trial_a33_k3_hn05,1,2916,2916,0.167521,0.30241
rc_trial_a33_k3_hn05,1,2917,2917,0.466767,0.0330588
rc_trial_a33_k3_hn05,1,2918,2918,0.290098,0.208263
rc_trial_a33_k3_hn05,1,2919,2919,0.255448,0.0703461
rc_trial_a33_k3_hn05,1,2920,2920,0.32088,0.101919
rc_trial_a33_k3_hn05,1,2921,2921,0.0621764,0.380662
rc_trial_a33_k3_hn05,1,2922,2922,0.270572,0.491078
rc_trial_a33_k3_hn05,1,2923,2923,0.26908,0.385934
rc_trial_a33_k3_hn05,1,2924,2924,0.964613,0.807321
rc_trial_a33_k3_hn05,1,2925,2925,0.313435,0.487824
rc_trial_a33_k3_hn05,1,2926,2926,0.717616,1.0686
rc_trial_a33_k3_hn05,1,2927,2927,0.290625,0.323673
rc_trial_a33_k3_hn05,1,2928,2928,0.435903,0.32819
rc_trial_a33_k3_hn05,1,2929,2929,0.440626,0.585774
rc_trial_a33_k3_hn05,1,2930,2930,0.084551,0.380876
rc_trial_a33_k3_hn05,1,2931,2931,0.476502,0.74553
rc_trial_a33_k3_hn05,1,2932,2932,0.513403,0.625852
rc_trial_a33_k3_hn05,1,2933,2933,0.443096,0.504222
rc_trial_a33_k3_hn05,1,2934,2934,0.276788,0.358182
rc_trial_a33_k3_hn05,1,2935,2935,0.348663,0.896615
rc_trial_a33_k3_hn05,1,2936,2936,0.0380403,0.814848
rc_trial_a33_k3_hn05,1,2937,2937,0.105103,0.557401
rc_trial_a33_k3_hn05,1,2938,2938,0.395724,0.824602
rc_trial_a33_k3_hn05,1,2939,2939,0.334663,0.215401
rc_trial_a33_k3_hn05,1,2940,2940,0.422301,0.424818
rc_trial_a33_k3_hn05,1,2941,2941,0.868231,0.59703
rc_trial_a33_k3_hn05,1,2942,2942,0.718876,0.320673
rc_trial_a33_k3_hn05,1,2943,2943,0.677761,0.408206
rc_trial_a33_k3_hn05,1,2944,2944,0.355682,0.298328
rc_trial_a33_k3_hn05,1,2945,2945,0.50063,0.37105
rc_trial_a33_k3_hn05,1,2946,2946,0.644096,0.353471
rc_trial_a33_k3_hn05,1,2947,2947,0.583978,0.562751
rc_trial_a33_k3_hn05,1,2948,2948,0.329968,0.348702
rc_trial_a33_k3_hn05,1,2949,2949,0.200271,0.0259241
rc_trial_a33_k3_hn05,1,2950,2950,0.266812,0.0308455
rc_trial_a33_k3_hn05,1,2951,2951,0.137882,0.171991
rc_trial_a33_k3_hn05,1,2952,2952,0.198103,0.00652183
rc_trial_a33_k3_hn05,1,2953,2953,0.231141,0.0310113
rc_trial_a33_k3_hn05,1,2954,2954,0.389328,0.269555
rc_trial_a33_k3_hn05,1,2955,2955,0.452919,0.2361
rc_trial_a33_k3_hn05,1,2956,2956,0.426899,0.320164
rc_trial_a33_k3_hn05,1,2957,2957,0.345877,0.141348
rc_trial_a33_k3_hn05,1,2958,2958,0.225929,0.0813789
rc_trial_a33_k3_hn05,1,2959,2959,0.344815,0.341843
rc_trial_a33_k3_hn05,1,2960,2960,0.935854,0.86409
rc_trial_a33_k3_hn05,1,2961,2961,0.648381,0.867549
rc_trial_a33_k3_hn05,1,2962,2962,0.209788,0.90137
rc_trial_a33_k3_hn05,1,2963,2963,0.296616,0.471667
rc_trial_a33_k3_hn05,1,2964,2964,0.0194946,0.396338
rc_trial_a33_k3_hn05,1,2965,2965,0.789619,0.840663
rc_trial_a33_k3_hn05,1,2966,2966,0.453485,0.457156
rc_trial_a33_k3_hn05,1,2967,2967,0.621357,0.568677
rc_trial_a33_k3_hn05,1,2968,2968,0.385813,0.385258
rc_trial_a33_k3_hn05,1,2969,2969,0.612709,0.6044
rc_trial_a33_k3_hn05,1,2970,2970,0.592544,0.576126
rc_trial_a33_k3_hn05,1,2971,2971,0.805946,0.446208
rc_trial_a33_k3_hn05,1,2972,2972,0.486366,0.355094
rc_trial_a33_k3_hn05,1,2973,2973,0.387942,0.0177046
rc_trial_a33_k3_hn05,1,2974,2974,0.175929,0.028857
rc_trial_a33_k3_hn05,1,2975,2975,0.188623,0.0125491
rc_trial_a33_k3_hn05,1,2976,2976,0.21109,0.0117454
rc_trial_a33_k3_hn05,1,2977,2977,0.324381,0.104599
rc_trial_a33_k3_hn05,1,2978,2978,0.115094,0.153392
rc_trial_a33_k3_hn05,1,2979,2979,-0.00270749,0.248582
rc_trial_a33_k3_hn05,1,2980,2980,0.371486,0.54325
rc_trial_a33_k3_hn05,1,2981,2981,0.317802,0.295441
rc_trial_a33_k3_hn05,1,2982,2982,0.512828,0.188122
rc_trial_a33_k3_hn05,1,2983,2983,0.283728,0.237771
rc_trial_a33_k3_hn05,1,2984,2984,0.260532,0.289007
rc_trial_a33_k3_hn05,1,2985,2985,0.172484,0.656401
rc_trial_a33_k3_hn05,1,2986,2986,0.0927721,0.917905
rc_trial_a33_k3_hn05,1,2987,2987,0.583053,0.602986
rc_trial_a33_k3_hn05,1,2988,2988,0.620084,0.442207
rc_trial_a33_k3_hn05,1,2989,2989,0.530254,0.413688
rc_trial_a33_k3_hn05,1,2990,2990,0.491827,0.261663
rc_trial_a33_k3_hn05,1,2991,2991,0.666037,0.514009
rc_trial_a33_k3_hn05,1,2992,2992,0.605473,0.367254
rc_trial_a33_k3_hn05,1,2993,2993,0.608927,0.308295
rc_trial_a33_k3_hn05,1,2994,2994,0.325744,0.133425
rc_trial_a33_k3_hn05,1,2995,2995,0.287911,0.0818226
rc_trial_a33_k3_hn05,1,2996,2996,0.203456,0.153235
rc_trial_a33_k3_hn05,1,2997,2997,-0.159026,0.266028
rc_trial_a33_k3_hn05,1,2998,2998,0.678467,0.17466
rc_trial_a33_k3_hn05,1,2999,2999,0.274891,0.249982
rc_trial_a33_k3_hn05,1,3000,3000,0.370022,0.265393
rc_trial_a33_k3_hn05,1,3001,3001,0.324131,0.252773
rc_trial_a33_k3_hn05,1,3002,3002,0.394905,0.45848
rc_trial_a33_k3_hn05,1,3003,3003,0.312651,0.673273
rc_trial_a33_k3_hn05,1,3004,3004,0.512753,0.426869
rc_trial_a33_k3_hn05,1,3005,3005,0.593647,0.582514
rc_trial_a33_k3_hn05,1,3006,3006,0.862187,0.885807
rc_trial_a33_k3_hn05,1,3007,3007,0.584967,0.095677
rc_trial_a33_k3_hn05,1,3008,3008,0.259555,0.252265
rc_trial_a33_k3_hn05,1,3009,3009,0.699798,0.295958
rc_trial_a33_k3_hn05,1,3010,3010,0.72658,0.272614
rc_trial_a33_k3_hn05,1,3011,3011,0.555401,0.313905
rc_trial_a33_k3_hn05,1,3012,3012,0.367455,0.297741
rc_trial_a33_k3_hn05,1,3013,3013,0.388094,0.191878
rc_trial_a33_k3_hn05,1,3014,3014,0.0145984,0.360584
rc_trial_a33_k3_hn05,1,3015,3015,0.203715,0.674591
rc_trial_a33_k3_hn05,1,3016,3016,0.00711494,0.448245
rc_trial_a33_k3_hn05,1,3017,3017,-0.117413,0.676772
rc_trial_a33_k3_hn05,1,3018,3018,0.770999,0.381887
rc_trial_a33_k3_hn05,1,3019,3019,0.736913,0.418162
rc_trial_a33_k3_hn05,1,3020,3020,0.765242,0.427572
rc_trial_a33_k3_hn05,1,3021,3021,0.896658,0.575555
rc_trial_a33_k3_hn05,1,3022,3022,0.0565417,0.615281
rc_trial_a33_k3_hn05,1,3023,3023,0.0446274,0.496969
rc_trial_a33_k3_hn05,1,3024,3024,-0.262812,0.615198
rc_trial_a33_k3_hn05,1,3025,3025,0.0525458,0.476412
rc_trial_a33_k3_hn05,1,3026,3026,0.146945,0.437048
rc_trial_a33_k3_hn05,1,3027,3027,0.043083,0.979674
rc_trial_a33_k3_hn05,1,3028,3028,0.392493,0.0671761
rc_trial_a33_k3_hn05,1,3029,3029,0.344612,0.208256
rc_trial_a33_k3_hn05,1,3030,3030,0.296845,0.137267
rc_trial_a33_k3_hn05,1,3031,3031,0.441724,0.122105
rc_trial_a33_k3_hn05,1,3032,3032,0.420828,0.251518
rc_trial_a33_k3_hn05,1,3033,3033,0.200114,1.08204
rc_trial_a33_k3_hn05,1,3034,3034,0.0215934,0.458856
rc_trial_a33_k3_hn05,1,3035,3035,0.995587,0.670867
rc_trial_a33_k3_hn05,1,3036,3036,1.23891,0.888706
rc_trial_a33_k3_hn05,1,3037,3037,1.15043,0.721205
rc_trial_a33_k3_hn05,1,3038,3038,1.21952,0.771541
rc_trial_a33_k3_hn05,1,3039,3039,1.21435,0.721052
rc_trial_a33_k3_hn05,1,3040,3040,1.12441,0.863574
rc_trial_a33_k3_hn05,1,3041,3041,1.18902,0.791039
rc_trial_a33_k3_hn05,1,3042,3042,0.614612,0.284569
rc_trial_a33_k3_hn05,1,3043,3043,0.739472,0.265696
rc_trial_a33_k3_hn05,1,3044,3044,0.81116,0.64595
rc_trial_a33_k3_hn05,1,3045,3045,0.446165,0.384756
rc_trial_a33_k3_hn05,1,3046,3046,0.322268,0.354935
rc_trial_a33_k3_hn05,1,3047,3047,0.380384,0.281735
rc_trial_a33_k3_hn05,1,3048,3048,0.334741,0.127259
rc_trial_a33_k3_hn05,1,3049,3049,0.835857,0.406592
rc_trial_a33_k3_hn05,1,3050,3050,1.34123,0.867623
rc_trial_a33_k3_hn05,1,3051,3051,0.812412,0.973664
rc_trial_a33_k3_hn05,1,3052,3052,0.642805,0.552218
rc_trial_a33_k3_hn05,1,3053,3053,0.663792,0.52078
rc_trial_a33_k3_hn05,1,3054,3054,0.288843,0.275473
rc_trial_a33_k3_hn05,1,3055,3055,0.610009,0.324689
rc_trial_a33_k3_hn05,1,3056,3056,0.591222,0.36323
rc_trial_a33_k3_hn05,1,3057,3057,0.767544,0.327808
rc_trial_a33_k3_hn05,1,3058,3058,0.648875,0.37455
rc_trial_a33_k3_hn05,1,3059,3059,0.776763,0.429196
rc_trial_a33_k3_hn05,1,3060,3060,0.729383,0.597499
rc_trial_a33_k3_hn05,1,3061,3061,0.515546,0.400137
rc_trial_a33_k3_hn05,1,3062,3062,0.713342,1.18746
rc_trial_a33_k3_hn05,1,3063,3063,0.795447,0.811145
rc_trial_a33_k3_hn05,1,3064,3064,0.843597,0.663395
rc_trial_a33_k3_hn05,1,3065,3065,0.733597,0.828422
rc_trial_a33_k3_hn05,1,3066,3066,0.599129,0.83214
rc_trial_a33_k3_hn05,1,3067,3067,0.624703,0.693119
rc_trial_a33_k3_hn05,1,3068,3068,0.343429,0.30485
rc_trial_a33_k3_hn05,1,3069,3069,0.60994,0.599951
rc_trial_a33_k3_hn05,1,3070,3070,0.80942,0.433957
rc_trial_a33_k3_hn05,1,3071,3071,0.370429,0.402289
rc_trial_a33_k3_hn05,1,3072,3072,0.477913,0.381023
rc_trial_a33_k3_hn05,1,3073,3073,0.400141,0.2068
rc_trial_a33_k3_hn05,1,3074,3074,0.541671,0.434399
rc_trial_a33_k3_hn05,1,3075,3075,0.21988,0.128804
rc_trial_a33_k3_hn05,1,3076,3076,0.565802,0.42948
rc_trial_a33_k3_hn05,1,3077,3077,0.363962,0.139247
rc_trial_a33_k3_hn05,1,3078,3078,0.0234092,0.0664124
rc_trial_a33_k3_hn05,1,3079,3079,0.425669,0.133763
rc_trial_a33_k3_hn05,1,3080,3080,0.114483,0.061161
rc_trial_a33_k3_hn05,1,3081,3081,0.345198,0.0281845
rc_trial_a33_k3_hn05,1,3082,3082,0.323652,0.00850083
rc_trial_a33_k3_hn05,1,3083,3083,0.271381,0.0447579
rc_trial_a33_k3_hn05,1,3084,3084,0.230367,0.160602
rc_trial_a33_k3_hn05,1,3085,3085,0.13978,0.179839
rc_trial_a33_k3_hn05,1,3086,3086,0.120294,0.274815
rc_trial_a33_k3_hn05,1,3087,3087,0.43754,0.18352
rc_trial_a33_k3_hn05,1,3088,3088,0.624573,0.394249
rc_trial_a33_k3_hn05,1,3089,3089,0.180727,0.617949
rc_trial_a33_k3_hn05,1,3090,3090,0.441025,0.142206
rc_trial_a33_k3_hn05,1,3091,3091,-0.090426,0.639595
rc_trial_a33_k3_hn05,1,3092,3092,0.0466858,0.231834
rc_trial_a33_k3_hn05,1,3093,3093,0.105122,0.804159
rc_trial_a33_k3_hn05,1,3094,3094,0.0877826,0.495265
rc_trial_a33_k3_hn05,1,3095,3095,0.0526098,1.09022
rc_trial_a33_k3_hn05,1,3096,3096,0.471198,0.285957
rc_trial_a33_k3_hn05,1,3097,3097,0.146402,0.284458
rc_trial_a33_k3_hn05,1,3098,3098,0.164945,0.174474
rc_trial_a33_k3_hn05,1,3099,3099,0.160618,0.0414075
rc_trial_a33_k3_hn05,1,3100,3100,0.20565,0.0736069
rc_trial_a33_k3_hn05,1,3101,3101,0.437809,0.896864
rc_trial_a33_k3_hn05,1,3102,3102,0.427477,0.650573
rc_trial_a33_k3_hn05,1,3103,3103,0.446394,0.675838
rc_trial_a33_k3_hn05,1,3104,3104,0.462885,0.570978
rc_trial_a33_k3_hn05,1,3105,3105,0.814085,0.348665
rc_trial_a33_k3_hn05,1,3106,3106,0.253767,0.948296
rc_trial_a33_k3_hn05,1,3107,3107,0.258946,0.914356
rc_trial_a33_k3_hn05,1,3108,3108,0.179297,0.332168
rc_trial_a33_k3_hn05,1,3109,3109,0.358885,0.375694
rc_trial_a33_k3_hn05,1,3110,3110,0.435612,0.479512
rc_trial_a33_k3_hn05,1,3111,3111,0.474964,0.31879
rc_trial_a33_k3_hn05,1,3112,3112,0.558408,0.548673
rc_trial_a33_k3_hn05,1,3113,3113,0.662306,0.645498
rc_trial_a33_k3_hn05,1,3114,3114,0.604023,0.463043
rc_trial_a33_k3_hn05,1,3115,3115,0.711272,0.341564
rc_trial_a33_k3_hn05,1,3116,3116,1.05747,0.518622
rc_trial_a33_k3_hn05,1,3117,3117,0.87002,0.482606
rc_trial_a33_k3_hn05,1,3118,3118,0.703419,0.421463
rc_trial_a33_k3_hn05,1,3119,3119,0.146435,0.211163
rc_trial_a33_k3_hn05,1,3120,3120,0.159092,0.138911
rc_trial_a33_k3_hn05,1,3121,3121,0.383452,0.116789
rc_trial_a33_k3_hn05,1,3122,3122,-0.00600613,0.243877
rc_trial_a33_k3_hn05,1,3123,3123,0.38181,0.322631
rc_trial_a33_k3_hn05,1,3124,3124,0.284986,0.34556
rc_trial_a33_k3_hn05,1,3125,3125,0.282166,0.422821
rc_trial_a33_k3_hn05,1,3126,3126,0.211452,0.393166
rc_trial_a33_k3_hn05,1,3127,3127,0.374513,0.455961
rc_trial_a33_k3_hn05,1,3128,3128,-0.00388205,0.169297
rc_trial_a33_k3_hn05,1,3129,3129,0.381543,0.277317
rc_trial_a33_k3_hn05,1,3130,3130,0.420634,0.191589
rc_trial_a33_k3_hn05,1,3131,3131,0.189034,0.124664
rc_trial_a33_k3_hn05,1,3132,3132,0.40178,0.139521
rc_trial_a33_k3_hn05,1,3133,3133,0.174642,0.074839
rc_trial_a33_k3_hn05,1,3134,3134,0.467604,0.243166
rc_trial_a33_k3_hn05,1,3135,3135,0.738723,0.387843
rc_trial_a33_k3_hn05,1,3136,3136,0.716665,0.318459
rc_trial_a33_k3_hn05,1,3137,3137,1.03179,0.902244
rc_trial_a33_k3_hn05,1,3138,3138,0.254751,0.190533
rc_trial_a33_k3_hn05,1,3139,3139,0.313105,0.141543
rc_trial_a33_k3_hn05,1,3140,3140,0.283006,0.717485
rc_trial_a33_k3_hn05,1,3141,3141,0.446009,0.616543
rc_trial_a33_k3_hn05,1,3142,3142,0.435946,0.591608
rc_trial_a33_k3_hn05,1,3143,3143,0.149614,0.333255
rc_trial_a33_k3_hn05,1,3144,3144,0.405849,0.288005
rc_trial_a33_k3_hn05,1,3145,3145,0.311838,0.301402
rc_trial_a33_k3_hn05,1,3146,3146,0.43045,0.399559
rc_trial_a33_k3_hn05,1,3147,3147,0.440175,0.753935
rc_trial_a33_k3_hn05,1,3148,3148,0.296086,0.0491048
rc_trial_a33_k3_hn05,1,3149,3149,0.285403,0.0790231
rc_trial_a33_k3_hn05,1,3150,3150,0.372028,0.144849
rc_trial_a33_k3_hn05,1,3151,3151,0.184075,0.255701
rc_trial_a33_k3_hn05,1,3152,3152,0.387843,0.136828
rc_trial_a33_k3_hn05,1,3153,3153,0.37667,0.281329
rc_trial_a33_k3_hn05,1,3154,3154,0.35319,0.241061
rc_trial_a33_k3_hn05,1,3155,3155,0.390064,0.20755
rc_trial_a33_k3_hn05,1,3156,3156,0.416487,0.277416
rc_trial_a33_k3_hn05,1,3157,3157,0.0287806,0.364723
rc_trial_a33_k3_hn05,1,3158,3158,0.201287,0.322059
rc_trial_a33_k3_hn05,1,3159,3159,-0.148187,0.304584
rc_trial_a33_k3_hn05,1,3160,3160,-0.0374244,0.38127
rc_trial_a33_k3_hn05,1,3161,3161,0.0171113,0.816162
rc_trial_a33_k3_hn05,1,3162,3162,0.454466,0.201495
rc_trial_a33_k3_hn05,1,3163,3163,0.350521,1.41993
rc_trial_a33_k3_hn05,1,3164,3164,0.0892206,0.38568
rc_trial_a33_k3_hn05,1,3165,3165,0.210848,0.443179
rc_trial_a33_k3_hn05,1,3166,3166,0.0335944,0.337435
rc_trial_a33_k3_hn05,1,3167,3167,0.274975,0.118083
rc_trial_a33_k3_hn05,1,3168,3168,0.234891,0.0627932
rc_trial_a33_k3_hn05,1,3169,3169,0.262677,0.120308
rc_trial_a33_k3_hn05,1,3170,3170,0.310906,0.0308927
rc_trial_a33_k3_hn05,1,3171,3171,0.1075,0.224185
rc_trial_a33_k3_hn05,1,3172,3172,0.163408,0.133455
rc_trial_a33_k3_hn05,1,3173,3173,0.0678307,0.214482
rc_trial_a33_k3_hn05,1,3174,3174,0.0808474,0.339906
rc_trial_a33_k3_hn05,1,3175,3175,0.320837,0.0437017
rc_trial_a33_k3_hn05,1,3176,3176,0.181299,0.118637
rc_trial_a33_k3_hn05,1,3177,3177,0.418204,0.112369
rc_trial_a33_k3_hn05,1,3178,3178,0.136183,0.00809441
rc_trial_a33_k3_hn05,1,3179,3179,0.401374,0.0186073
rc_trial_a33_k3_hn05,1,3180,3180,0.102578,0.185016
rc_trial_a33_k3_hn05,1,3181,3181,0.457257,0.249602
rc_trial_a33_k3_hn05,1,3182,3182,0.159281,0.326499
rc_trial_a33_k3_hn05,1,3183,3183,0.294332,0.446058
rc_trial_a33_k3_hn05,1,3184,3184,0.314007,0.438395
rc_trial_a33_k3_hn05,1,3185,3185,0.06701,0.358703
rc_trial_a33_k3_hn05,1,3186,3186,0.0241907,0.287376
rc_trial_a33_k3_hn05,1,3187,3187,0.307641,0.0553062
rc_trial_a33_k3_hn05,1,3188,3188,0.241871,0.0653855
rc_trial_a33_k3_hn05,1,3189,3189,0.347972,0.323531
rc_trial_a33_k3_hn05,1,3190,3190,0.359493,0.116213
rc_trial_a33_k3_hn05,1,3191,3191,0.270677,0.274856
rc_trial_a33_k3_hn05,1,3192,3192,0.317212,0.218323
rc_trial_a33_k3_hn05,1,3193,3193,0.40072,0.293102
rc_trial_a33_k3_hn05,1,3194,3194,0.0122515,0.357547
rc_trial_a33_k3_hn05,1,3195,3195,0.44193,0.7095
rc_trial_a33_k3_hn05,1,3196,3196,0.503373,0.219246
rc_trial_a33_k3_hn05,1,3197,3197,0.430817,0.271509
rc_trial_a33_k3_hn05,1,3198,3198,0.273748,0.166121
rc_trial_a33_k3_hn05,1,3199,3199,0.182628,0.442014
rc_trial_a33_k3_hn05,1,3200,3200,0.668883,0.912937
rc_trial_a33_k3_hn05,1,3201,3201,0.623126,0.853877
rc_trial_a33_k3_hn05,1,3202,3202,0.645747,0.794742
rc_trial_a33_k3_hn05,1,3203,3203,0.464384,0.397599
rc_trial_a33_k3_hn05,1,3204,3204,0.264184,0.206869
rc_trial_a33_k3_hn05,1,3205,3205,0.30206,0.873414
rc_trial_a33_k3_hn05,1,3206,3206,0.27759,0.668174
rc_trial_a33_k3_hn05,1,3207,3207,0.412992,0.170636
rc_trial_a33_k3_hn05,1,3208,3208,0.383955,0.288178
rc_trial_a33_k3_hn05,1,3209,3209,0.367213,0.211864
rc_trial_a33_k3_hn05,1,3210,3210,0.291706,0.0948068
rc_trial_a33_k3_hn05,1,3211,3211,0.387647,0.55347
rc_trial_a33_k3_hn05,1,3212,3212,0.35669,0.219109
rc_trial_a33_k3_hn05,1,3213,3213,0.0872179,0.334646
rc_trial_a33_k3_hn05,1,3214,3214,0.549592,0.592587
rc_trial_a33_k3_hn05,1,3215,3215,0.685429,0.483987
rc_trial_a33_k3_hn05,1,3216,3216,0.901246,0.620006
rc_trial_a33_k3_hn05,1,3217,3217,0.913165,0.656799
rc_trial_a33_k3_hn05,1,3218,3218,1.48524,0.541486
rc_trial_a33_k3_hn05,1,3219,3219,1.22142,0.763548
rc_trial_a33_k3_hn05,1,3220,3220,0.338604,0.282863
rc_trial_a33_k3_hn05,1,3221,3221,0.0128519,0.327192
rc_trial_a33_k3_hn05,1,3222,3222,0.0491528,0.291166
rc_trial_a33_k3_hn05,1,3223,3223,0.596667,0.0834003
rc_trial_a33_k3_hn05,1,3224,3224,0.443992,0.0975157
rc_trial_a33_k3_hn05,1,3225,3225,0.29833,0.0770798
rc_trial_a33_k3_hn05,1,3226,3226,-0.356786,0.330654
rc_trial_a33_k3_hn05,1,3227,3227,0.705931,0.255103
rc_trial_a33_k3_hn05,1,3228,3228,0.771862,0.437558
rc_trial_a33_k3_hn05,1,3229,3229,0.655012,0.413865
rc_trial_a33_k3_hn05,1,3230,3230,1.09149,1.05619
rc_trial_a33_k3_hn05,1,3231,3231,1.05412,0.828039
rc_trial_a33_k3_hn05,1,3232,3232,0.976238,0.655603
rc_trial_a33_k3_hn05,1,3233,3233,1.04199,0.599601
rc_trial_a33_k3_hn05,1,3234,3234,0.212577,0.835105
rc_trial_a33_k3_hn05,1,3235,3235,-0.0245208,0.38199
rc_trial_a33_k3_hn05,1,3236,3236,0.888114,0.787384
rc_trial_a33_k3_hn05,1,3237,3237,0.636777,0.35053
rc_trial_a33_k3_hn05,1,3238,3238,0.401999,0.144842
rc_trial_a33_k3_hn05,1,3239,3239,0.262675,0.141607
rc_trial_a33_k3_hn05,1,3240,3240,0.305522,0.268727
rc_trial_a33_k3_hn05,1,3241,3241,0.450631,0.346828
rc_trial_a33_k3_hn05,1,3242,3242,0.161032,0.585582
rc_trial_a33_k3_hn05,1,3243,3243,0.250955,0.382857
rc_trial_a33_k3_hn05,1,3244,3244,0.0134575,0.356285
rc_trial_a33_k3_hn05,1,3245,3245,-0.00895951,0.225518
rc_trial_a33_k3_hn05,1,3246,3246,0.267774,0.267001
rc_trial_a33_k3_hn05,1,3247,3247,0.51495899999999994,0.371051
rc_trial_a33_k3_hn05,1,3248,3248,0.508829,0.322581
rc_trial_a33_k3_hn05,1,3249,3249,0.597077,0.357705
rc_trial_a33_k3_hn05,1,3250,3250,0.49959,0.296891
rc_trial_a33_k3_hn05,1,3251,3251,0.340437,0.301363
rc_trial_a33_k3_hn05,1,3252,3252,0.24609,0.188939
rc_trial_a33_k3_hn05,1,3253,3253,0.34064,0.00968722
rc_trial_a33_k3_hn05,1,3254,3254,0.535138,0.0104577
rc_trial_a33_k3_hn05,1,3255,3255,0.29731,0.00813123
rc_trial_a33_k3_hn05,1,3256,3256,0.415034,0.0689391
rc_trial_a33_k3_hn05,1,3257,3257,0.177709,0.0386028
rc_trial_a33_k3_hn05,1,3258,3258,0.352538,0.0644945
rc_trial_a33_k3_hn05,1,3259,3259,0.446061,0.0603841
rc_trial_a33_k3_hn05,1,3260,3260,0.172598,0.0544416
rc_trial_a33_k3_hn05,1,3261,3261,0.213959,0.00337985
rc_trial_a33_k3_hn05,1,3262,3262,0.319442,0.00768279
rc_trial_a33_k3_hn05,1,3263,3263,0.365579,0.00554327
rc_trial_a33_k3_hn05,1,3264,3264,0.195615,0.0165604
rc_trial_a33_k3_hn05,1,3265,3265,0.311539,0.00470618
rc_trial_a33_k3_hn05,1,3266,3266,0.355708,0.00528591
rc_trial_a33_k3_hn05,1,3267,3267,0.238585,0.00567722
rc_trial_a33_k3_hn05,1,3268,3268,0.189656,0.0610222
rc_trial_a33_k3_hn05,1,3269,3269,0.159965,0.0864298
rc_trial_a33_k3_hn05,1,3270,3270,0.318751,0.104044
rc_trial_a33_k3_hn05,1,3271,3271,0.197415,0.0252149
rc_trial_a33_k3_hn05,1,3272,3272,0.122838,0.102889
rc_trial_a33_k3_hn05,1,3273,3273,0.427294,0.0902798
rc_trial_a33_k3_hn05,1,3274,3274,0.544057,0.0779209
rc_trial_a33_k3_hn05,1,3275,3275,0.375347,0.0747719
rc_trial_a33_k3_hn05,1,3276,3276,0.227798,0.251791
rc_trial_a33_k3_hn05,1,3277,3277,0.319362,0.213893
rc_trial_a33_k3_hn05,1,3278,3278,0.478865,0.197116
rc_trial_a33_k3_hn05,1,3279,3279,0.444925,0.540959
rc_trial_a33_k3_hn05,1,3280,3280,0.0863172,0.984209
rc_trial_a33_k3_hn05,1,3281,3281,0.00803599,1.12095
rc_trial_a33_k3_hn05,1,3282,3282,0.258847,0.564806
rc_trial_a33_k3_hn05,1,3283,3283,0.210854,0.505483
rc_trial_a33_k3_hn05,1,3284,3284,0.32107,0.787802
rc_trial_a33_k3_hn05,1,3285,3285,0.656731,0.659537
rc_trial_a33_k3_hn05,1,3286,3286,0.747411,0.51293
rc_trial_a33_k3_hn05,1,3287,3287,0.476363,0.530812
rc_trial_a33_k3_hn05,1,3288,3288,0.672547,0.225002
rc_trial_a33_k3_hn05,1,3289,3289,0.452187,0.193928
rc_trial_a33_k3_hn05,1,3290,3290,0.312749,0.641313
rc_trial_a33_k3_hn05,1,3291,3291,0.315473,0.690459
rc_trial_a33_k3_hn05,1,3292,3292,0.311561,0.630343
rc_trial_a33_k3_hn05,1,3293,3293,0.369004,0.883742
rc_trial_a33_k3_hn05,1,3294,3294,0.435478,0.80718
rc_trial_a33_k3_hn05,1,3295,3295,0.626404,0.722338
rc_trial_a33_k3_hn05,1,3296,3296,0.777834,0.777775
rc_trial_a33_k3_hn05,1,3297,3297,0.0168099,0.195588
rc_trial_a33_k3_hn05,1,3298,3298,0.285961,0.39968
rc_trial_a33_k3_hn05,1,3299,3299,0.528725,0.605754
rc_trial_a33_k3_hn05,1,3300,3300,0.785002,0.970435
rc_trial_a33_k3_hn05,1,3301,3301,0.416941,0.107557
rc_trial_a33_k3_hn05,1,3302,3302,0.126955,0.260547
rc_trial_a33_k3_hn05,1,3303,3303,-0.1785,0.974639
rc_trial_a33_k3_hn05,1,3304,3304,-0.377409,0.644932
rc_trial_a33_k3_hn05,1,3305,3305,0.197888,0.321729
rc_trial_a33_k3_hn05,1,3306,3306,0.147848,0.501355
rc_trial_a33_k3_hn05,1,3307,3307,0.356055,0.113388
rc_trial_a33_k3_hn05,1,3308,3308,0.412646,0.124282
rc_trial_a33_k3_hn05,1,3309,3309,0.0554425,0.190697
rc_trial_a33_k3_hn05,1,3310,3310,0.129553,0.360169
rc_trial_a33_k3_hn05,1,3311,3311,0.34541,0.0960111
rc_trial_a33_k3_hn05,1,3312,3312,0.478595,0.364136
rc_trial_a33_k3_hn05,1,3313,3313,0.488722,0.288827
rc_trial_a33_k3_hn05,1,3314,3314,0.394303,0.495251
rc_trial_a33_k3_hn05,1,3315,3315,0.65664,0.391932
rc_trial_a33_k3_hn05,1,3316,3316,0.628518,0.32612
rc_trial_a33_k3_hn05,1,3317,3317,0.306213,0.605799
rc_trial_a33_k3_hn05,1,3318,3318,0.671713,0.383942
rc_trial_a33_k3_hn05,1,3319,3319,0.790357,0.338372
rc_trial_a33_k3_hn05,1,3320,3320,0.704508,0.371046
rc_trial_a33_k3_hn05,1,3321,3321,0.216385,0.11151
rc_trial_a33_k3_hn05,1,3322,3322,0.278512,0.177832
rc_trial_a33_k3_hn05,1,3323,3323,0.177754,0.169936
rc_trial_a33_k3_hn05,1,3324,3324,0.291905,0.307728
rc_trial_a33_k3_hn05,1,3325,3325,0.222436,0.120198
rc_trial_a33_k3_hn05,1,3326,3326,0.314818,0.273651
rc_trial_a33_k3_hn05,1,3327,3327,0.341358,0.223525
rc_trial_a33_k3_hn05,1,3328,3328,0.37111,0.0963461
rc_trial_a33_k3_hn05,1,3329,3329,0.182404,0.20101
rc_trial_a33_k3_hn05,1,3330,3330,-0.0401485,0.359735
rc_trial_a33_k3_hn05,1,3331,3331,0.463204,0.213434
rc_trial_a33_k3_hn05,1,3332,3332,0.442001,0.629585
rc_trial_a33_k3_hn05,1,3333,3333,0.546121,0.622757
rc_trial_a33_k3_hn05,1,3334,3334,0.419931,0.275278
rc_trial_a33_k3_hn05,1,3335,3335,0.4939,0.321115
rc_trial_a33_k3_hn05,1,3336,3336,0.521354,0.237542
rc_trial_a33_k3_hn05,1,3337,3337,0.265947,0.246267
rc_trial_a33_k3_hn05,1,3338,3338,0.591972,0.36348
rc_trial_a33_k3_hn05,1,3339,3339,0.146706,0.706391
rc_trial_a33_k3_hn05,1,3340,3340,0.136924,0.739237
rc_trial_a33_k3_hn05,1,3341,3341,0.0484184,0.647392
rc_trial_a33_k3_hn05,1,3342,3342,0.507829,0.438432
rc_trial_a33_k3_hn05,1,3343,3343,0.613898,0.352764
rc_trial_a33_k3_hn05,1,3344,3344,0.228473,0.332969
rc_trial_a33_k3_hn05,1,3345,3345,0.142704,0.672728
rc_trial_a33_k3_hn05,1,3346,3346,0.290147,0.761006
rc_trial_a33_k3_hn05,1,3347,3347,0.492726,0.661871
rc_trial_a33_k3_hn05,1,3348,3348,0.426345,0.540531
rc_trial_a33_k3_hn05,1,3349,3349,-0.242589,0.716283
rc_trial_a33_k3_hn05,1,3350,3350,0.49168,0.249889
rc_trial_a33_k3_hn05,1,3351,3351,0.520236,0.569279
rc_trial_a33_k3_hn05,1,3352,3352,0.395707,0.497245
rc_trial_a33_k3_hn05,1,3353,3353,0.550044,0.48859
rc_trial_a33_k3_hn05,1,3354,3354,1.0331,0.527491
rc_trial_a33_k3_hn05,1,3355,3355,0.359077,0.228886
rc_trial_a33_k3_hn05,1,3356,3356,0.373771,0.322866
rc_trial_a33_k3_hn05,1,3357,3357,0.336265,0.374252
rc_trial_a33_k3_hn05,1,3358,3358,0.231815,0.10641
rc_trial_a33_k3_hn05,1,3359,3359,0.640517,0.883004
rc_trial_a33_k3_hn05,1,3360,3360,0.334704,0.565269
rc_trial_a33_k3_hn05,1,3361,3361,-0.0647763,0.406521
rc_trial_a33_k3_hn05,1,3362,3362,-0.322471,0.510324
rc_trial_a33_k3_hn05,1,3363,3363,1.23513,0.594815
rc_trial_a33_k3_hn05,1,3364,3364,0.739584,0.419364
rc_trial_a33_k3_hn05,1,3365,3365,0.921951,0.513437
rc_trial_a33_k3_hn05,1,3366,3366,0.950912,0.582989
rc_trial_a33_k3_hn05,1,3367,3367,0.997354,0.704192
rc_trial_a33_k3_hn05,1,3368,3368,1.04661,0.731285
rc_trial_a33_k3_hn05,1,3369,3369,1.12769,0.797778
rc_trial_a33_k3_hn05,1,3370,3370,1.12695,0.816956
rc_trial_a33_k3_hn05,1,3371,3371,0.850108,0.437996
rc_trial_a33_k3_hn05,1,3372,3372,0.755011,0.627716
rc_trial_a33_k3_hn05,1,3373,3373,0.636127,0.47522
rc_trial_a33_k3_hn05,1,3374,3374,0.390403,0.410322
rc_trial_a33_k3_hn05,1,3375,3375,0.613191,0.343483
rc_trial_a33_k3_hn05,1,3376,3376,0.438317,0.203553
rc_trial_a33_k3_hn05,1,3377,3377,0.241865,0.240241
rc_trial_a33_k3_hn05,1,3378,3378,0.377485,0.163074
rc_trial_a33_k3_hn05,1,3379,3379,0.404545,0.164657
rc_trial_a33_k3_hn05,1,3380,3380,0.25305,0.100824
rc_trial_a33_k3_hn05,1,3381,3381,0.174719,0.152604
rc_trial_a33_k3_hn05,1,3382,3382,0.0776931,0.149121
rc_trial_a33_k3_hn05,1,3383,3383,0.0911989,0.0773074
rc_trial_a33_k3_hn05,1,3384,3384,0.348115,0.0683706
rc_trial_a33_k3_hn05,1,3385,3385,0.14028,0.0689902
rc_trial_a33_k3_hn05,1,3386,3386,0.0737458,0.170665
rc_trial_a33_k3_hn05,1,3387,3387,0.234341,0.194727
rc_trial_a33_k3_hn05,1,3388,3388,0.125799,0.274936
rc_trial_a33_k3_hn05,1,3389,3389,0.595154,0.319326
rc_trial_a33_k3_hn05,1,3390,3390,0.948494,0.557334
rc_trial_a33_k3_hn05,1,3391,3391,0.962765,0.712744
rc_trial_a33_k3_hn05,1,3392,3392,0.859285,0.553271
rc_trial_a33_k3_hn05,1,3393,3393,0.837191,0.737131
rc_trial_a33_k3_hn05,1,3394,3394,1.03048,1.00295
rc_trial_a33_k3_hn05,1,3395,3395,0.856969,0.699368
rc_trial_a33_k3_hn05,1,3396,3396,0.93488,0.647588
rc_trial_a33_k3_hn05,1,3397,3397,0.866662,1.06893
rc_trial_a33_k3_hn05,1,3398,3398,0.456396,0.422067
rc_trial_a33_k3_hn05,1,3399,3399,0.510878,0.458394
rc_trial_a33_k3_hn05,1,3400,3400,0.724932,0.443231
rc_trial_a33_k3_hn05,1,3401,3401,0.816603,0.66607
rc_trial_a33_k3_hn05,1,3402,3402,0.0851734,0.419247
rc_trial_a33_k3_hn05,1,3403,3403,0.133054,0.0918154
rc_trial_a33_k3_hn05,1,3404,3404,0.0739545,0.133616
rc_trial_a33_k3_hn05,1,3405,3405,0.252783,0.30696
rc_trial_a33_k3_hn05,1,3406,3406,0.30399,0.0473764
rc_trial_a33_k3_hn05,1,3407,3407,0.286795,0.195231
rc_trial_a33_k3_hn05,1,3408,3408,0.111089,0.319115
rc_trial_a33_k3_hn05,1,3409,3409,0.102131,0.161477
rc_trial_a33_k3_hn05,1,3410,3410,0.3153,0.233995
rc_trial_a33_k3_hn05,1,3411,3411,0.352508,0.0359889
rc_trial_a33_k3_hn05,1,3412,3412,0.399603,0.0486549
rc_trial_a33_k3_hn05,1,3413,3413,0.319652,0.0129302
rc_trial_a33_k3_hn05,1,3414,3414,0.203161,0.0214823
rc_trial_a33_k3_hn05,1,3415,3415,0.41831,0.0144454
rc_trial_a33_k3_hn05,1,3416,3416,0.267935,0.278486
rc_trial_a33_k3_hn05,1,3417,3417,0.435265,0.182459
rc_trial_a33_k3_hn05,1,3418,3418,0.333166,0.0739927
rc_trial_a33_k3_hn05,1,3419,3419,0.234556,0.0644192
rc_trial_a33_k3_hn05,1,3420,3420,0.464514,0.178422
rc_trial_a33_k3_hn05,1,3421,3421,0.0202835,0.413063
rc_trial_a33_k3_hn05,1,3422,3422,1.20436,0.549608
rc_trial_a33_k3_hn05,1,3423,3423,0.513527,0.438169
rc_trial_a33_k3_hn05,1,3424,3424,0.137866,0.250638
rc_trial_a33_k3_hn05,1,3425,3425,0.299708,0.280298
rc_trial_a33_k3_hn05,1,3426,3426,0.170148,0.155727
rc_trial_a33_k3_hn05,1,3427,3427,0.157504,0.260588
rc_trial_a33_k3_hn05,1,3428,3428,0.049719,0.15755
rc_trial_a33_k3_hn05,1,3429,3429,0.317197,0.166094
rc_trial_a33_k3_hn05,1,3430,3430,0.165365,0.360516
rc_trial_a33_k3_hn05,1,3431,3431,0.44472,0.322114
rc_trial_a33_k3_hn05,1,3432,3432,0.594499,0.370642
rc_trial_a33_k3_hn05,1,3433,3433,0.338335,0.499129
rc_trial_a33_k3_hn05,1,3434,3434,0.148584,0.570554
rc_trial_a33_k3_hn05,1,3435,3435,0.305013,0.462989
rc_trial_a33_k3_hn05,1,3436,3436,0.625775,0.29701
rc_trial_a33_k3_hn05,1,3437,3437,0.371244,0.238697
rc_trial_a33_k3_hn05,1,3438,3438,0.174972,0.472484
rc_trial_a33_k3_hn05,1,3439,3439,0.255033,0.353994
rc_trial_a33_k3_hn05,1,3440,3440,0.481287,0.495199
rc_trial_a33_k3_hn05,1,3441,3441,0.389292,0.194802
rc_trial_a33_k3_hn05,1,3442,3442,0.390395,0.448464
rc_trial_a33_k3_hn05,1,3443,3443,0.438151,0.298967
rc_trial_a33_k3_hn05,1,3444,3444,0.771967,0.795482
rc_trial_a33_k3_hn05,1,3445,3445,0.703787,0.713801
rc_trial_a33_k3_hn05,1,3446,3446,0.314043,0.437179
rc_trial_a33_k3_hn05,1,3447,3447,0.503126,0.391551
rc_trial_a33_k3_hn05,1,3448,3448,0.849572,0.49057
rc_trial_a33_k3_hn05,1,3449,3449,0.729347,0.504098
rc_trial_a33_k3_hn05,1,3450,3450,0.674094,0.513067
rc_trial_a33_k3_hn05,1,3451,3451,0.529018,0.240693
rc_trial_a33_k3_hn05,1,3452,3452,0.452679,0.491424
rc_trial_a33_k3_hn05,1,3453,3453,0.509455,0.960335
rc_trial_a33_k3_hn05,1,3454,3454,0.544701,0.181366
rc_trial_a33_k3_hn05,1,3455,3455,0.553309,0.181766
rc_trial_a33_k3_hn05,1,3456,3456,0.495172,0.224861
rc_trial_a33_k3_hn05,1,3457,3457,0.334394,0.243809
rc_trial_a33_k3_hn05,1,3458,3458,0.391073,0.2725
rc_trial_a33_k3_hn05,1,3459,3459,0.443988,0.448164
rc_trial_a33_k3_hn05,1,3460,3460,0.0884804,0.827221
rc_trial_a33_k3_hn05,1,3461,3461,0.200458,0.223517
rc_trial_a33_k3_hn05,1,3462,3462,0.268917,0.428043
rc_trial_a33_k3_hn05,1,3463,3463,0.519487,0.556134
rc_trial_a33_k3_hn05,1,3464,3464,0.424851,1.47612
rc_trial_a33_k3_hn05,1,3465,3465,0.412297,1.66022
rc_trial_a33_k3_hn05,1,3466,3466,0.719611,0.463384
rc_trial_a33_k3_hn05,1,3467,3467,0.118106,0.416052
rc_trial_a33_k3_hn05,1,3468,3468,0.0885193,0.473601
rc_trial_a33_k3_hn05,1,3469,3469,0.177871,0.496518
rc_trial_a33_k3_hn05,1,3470,3470,0.38883,0.689494
rc_trial_a33_k3_hn05,1,3471,3471,0.28075,0.840474
rc_trial_a33_k3_hn05,1,3472,3472,0.303427,0.298848
rc_trial_a33_k3_hn05,1,3473,3473,0.229822,0.936375
rc_trial_a33_k3_hn05,1,3474,3474,0.0649338,0.513271
rc_trial_a33_k3_hn05,1,3475,3475,0.0305373,0.724933
rc_trial_a33_k3_hn05,1,3476,3476,1.33732,0.960293
rc_trial_a33_k3_hn05,1,3477,3477,1.33114,0.900305
rc_trial_a33_k3_hn05,1,3478,3478,0.629815,0.414314
rc_trial_a33_k3_hn05,1,3479,3479,0.835425,0.747471
rc_trial_a33_k3_hn05,1,3480,3480,0.456256,0.765278
rc_trial_a33_k3_hn05,1,3481,3481,0.148437,0.262735
rc_trial_a33_k3_hn05,1,3482,3482,0.572735,0.362175
rc_trial_a33_k3_hn05,1,3483,3483,0.287882,0.285256
rc_trial_a33_k3_hn05,1,3484,3484,0.265438,0.343739
rc_trial_a33_k3_hn05,1,3485,3485,0.397869,0.61013
rc_trial_a33_k3_hn05,1,3486,3486,0.00704014,0.947631
rc_trial_a33_k3_hn05,1,3487,3487,0.763956,0.714015
rc_trial_a33_k3_hn05,1,3488,3488,0.560926,0.330403
rc_trial_a33_k3_hn05,1,3489,3489,0.624081,1.32551
rc_trial_a33_k3_hn05,1,3490,3490,0.719746,0.626397
rc_trial_a33_k3_hn05,1,3491,3491,0.405992,0.225223
rc_trial_a33_k3_hn05,1,3492,3492,0.533985,0.285889
rc_trial_a33_k3_hn05,1,3493,3493,0.773389,0.75129
rc_trial_a33_k3_hn05,1,3494,3494,0.40234,0.0913672
rc_trial_a33_k3_hn05,1,3495,3495,0.158651,0.00406791
rc_trial_a33_k3_hn05,1,3496,3496,0.378241,0.0823077
rc_trial_a33_k3_hn05,1,3497,3497,0.570815,0.118747
rc_trial_a33_k3_hn05,1,3498,3498,0.223823,0.089632
rc_trial_a33_k3_hn05,1,3499,3499,0.297108,0.0927529
rc_trial_a33_k3_hn05,1,3500,3500,-0.0285223,0.927453
rc_trial_a33_k3_hn05,1,3501,3501,-0.204654,0.609968
rc_trial_a33_k3_hn05,1,3502,3502,-0.228829,0.497425
rc_trial_a33_k3_hn05,1,3503,3503,-0.26268,1.00525
rc_trial_a33_k3_hn05,1,3504,3504,-0.134678,0.773676
rc_trial_a33_k3_hn05,1,3505,3505,-0.105369,0.985528
rc_trial_a33_k3_hn05,1,3506,3506,-0.426581,0.680938
rc_trial_a33_k3_hn05,1,3507,3507,-0.391282,0.466256
rc_trial_a33_k3_hn05,1,3508,3508,0.545009,0.572738
rc_trial_a33_k3_hn05,1,3509,3509,0.415712,0.58096
rc_trial_a33_k3_hn05,1,3510,3510,0.466603,0.593821
rc_trial_a33_k3_hn05,1,3511,3511,0.312142,0.523507
rc_trial_a33_k3_hn05,1,3512,3512,0.571241,0.583756
rc_trial_a33_k3_hn05,1,3513,3513,0.481769,0.453986
rc_trial_a33_k3_hn05,1,3514,3514,0.479838,0.673433
rc_trial_a33_k3_hn05,1,3515,3515,-0.248845,0.84175
rc_trial_a33_k3_hn05,1,3516,3516,-0.300114,1.29202
rc_trial_a33_k3_hn05,1,3517,3517,0.0112796,0.498741
rc_trial_a33_k3_hn05,1,3518,3518,0.254106,0.286717
rc_trial_a33_k3_hn05,1,3519,3519,0.245673,0.0988494
rc_trial_a33_k3_hn05,1,3520,3520,0.256903,0.234073
rc_trial_a33_k3_hn05,1,3521,3521,0.436223,0.356365
rc_trial_a33_k3_hn05,1,3522,3522,0.28265,0.367052
rc_trial_a33_k3_hn05,1,3523,3523,0.115527,0.358092
rc_trial_a33_k3_hn05,1,3524,3524,0.216619,0.21157
rc_trial_a33_k3_hn05,1,3525,3525,0.275547,0.309804
rc_trial_a33_k3_hn05,1,3526,3526,0.595989,0.294223
rc_trial_a33_k3_hn05,1,3527,3527,0.381487,0.391567
rc_trial_a33_k3_hn05,1,3528,3528,0.661236,0.455739
rc_trial_a33_k3_hn05,1,3529,3529,0.74904,0.619607
rc_trial_a33_k3_hn05,1,3530,3530,0.649214,0.822929
rc_trial_a33_k3_hn05,1,3531,3531,0.442636,0.678835
rc_trial_a33_k3_hn05,1,3532,3532,0.439911,0.629498
rc_trial_a33_k3_hn05,1,3533,3533,-0.129703,0.770842
rc_trial_a33_k3_hn05,1,3534,3534,0.0808843,0.431708
rc_trial_a33_k3_hn05,1,3535,3535,0.386163,0.715342
rc_trial_a33_k3_hn05,1,3536,3536,0.477429,0.333399
rc_trial_a33_k3_hn05,1,3537,3537,0.715135,0.814694
rc_trial_a33_k3_hn05,1,3538,3538,0.961779,1.0254
rc_trial_a33_k3_hn05,1,3539,3539,0.72343,0.641128
rc_trial_a33_k3_hn05,1,3540,3540,0.688659,0.750895
rc_trial_a33_k3_hn05,1,3541,3541,0.387228,0.430587
rc_trial_a33_k3_hn05,1,3542,3542,0.236862,0.38223
rc_trial_a33_k3_hn05,1,3543,3543,0.46985,0.748849
rc_trial_a33_k3_hn05,1,3544,3544,0.67407,0.738179
rc_trial_a33_k3_hn05,1,3545,3545,0.410721,0.502211
rc_trial_a33_k3_hn05,1,3546,3546,0.41799,0.401595
rc_trial_a33_k3_hn05,1,3547,3547,0.512448,0.558716
rc_trial_a33_k3_hn05,1,3548,3548,0.4323,0.242043
rc_trial_a33_k3_hn05,1,3549,3549,0.369184,0.389577
rc_trial_a33_k3_hn05,1,3550,3550,0.300097,0.145688
rc_trial_a33_k3_hn05,1,3551,3551,0.266259,0.0622883
rc_trial_a33_k3_hn05,1,3552,3552,0.249894,0.019896
rc_trial_a33_k3_hn05,1,3553,3553,0.286646,0.101266
rc_trial_a33_k3_hn05,1,3554,3554,0.45509,0.0806341
rc_trial_a33_k3_hn05,1,3555,3555,0.223899,0.0912714
rc_trial_a33_k3_hn05,1,3556,3556,0.700655,0.332336
rc_trial_a33_k3_hn05,1,3557,3557,0.727662,0.435092
rc_trial_a33_k3_hn05,1,3558,3558,-0.105222,0.438819
rc_trial_a33_k3_hn05,1,3559,3559,0.256693,0.239086
rc_trial_a33_k3_hn05,1,3560,3560,0.200169,0.176332
rc_trial_a33_k3_hn05,1,3561,3561,0.136432,0.236469
rc_trial_a33_k3_hn05,1,3562,3562,0.234345,0.291035
rc_trial_a33_k3_hn05,1,3563,3563,-0.0709491,0.631247
rc_trial_a33_k3_hn05,1,3564,3564,-0.104776,0.707065
rc_trial_a33_k3_hn05,1,3565,3565,-0.31454,0.529204
rc_trial_a33_k3_hn05,1,3566,3566,-0.274502,0.670803
rc_trial_a33_k3_hn05,1,3567,3567,0.695408,0.226583
rc_trial_a33_k3_hn05,1,3568,3568,0.666652,0.180549
rc_trial_a33_k3_hn05,1,3569,3569,0.837167,0.205219
rc_trial_a33_k3_hn05,1,3570,3570,0.691234,0.327971
rc_trial_a33_k3_hn05,1,3571,3571,0.860228,0.27273
rc_trial_a33_k3_hn05,1,3572,3572,0.660981,0.201801
rc_trial_a33_k3_hn05,1,3573,3573,0.56408,0.297977
rc_trial_a33_k3_hn05,1,3574,3574,0.348419,0.167431
rc_trial_a33_k3_hn05,1,3575,3575,0.410177,0.0607198
rc_trial_a33_k3_hn05,1,3576,3576,0.223843,0.178582
rc_trial_a33_k3_hn05,1,3577,3577,0.183141,0.215381
rc_trial_a33_k3_hn05,1,3578,3578,0.145125,0.666766
rc_trial_a33_k3_hn05,1,3579,3579,-0.177027,0.746181
rc_trial_a33_k3_hn05,1,3580,3580,-0.201795,0.818318
rc_trial_a33_k3_hn05,1,3581,3581,-0.405465,0.938261
rc_trial_a33_k3_hn05,1,3582,3582,0.235026,0.71994
rc_trial_a33_k3_hn05,1,3583,3583,0.475539,0.3868
rc_trial_a33_k3_hn05,1,3584,3584,0.745264,0.314878
rc_trial_a33_k3_hn05,1,3585,3585,0.342285,0.452115
rc_trial_a33_k3_hn05,1,3586,3586,0.485512,0.581828
rc_trial_a33_k3_hn05,1,3587,3587,0.0600773,0.564105
rc_trial_a33_k3_hn05,1,3588,3588,0.426961,0.252735
rc_trial_a33_k3_hn05,1,3589,3589,0.0402429,0.0841969
rc_trial_a33_k3_hn05,1,3590,3590,0.0828835,0.0818554
rc_trial_a33_k3_hn05,1,3591,3591,0.0543643,0.134322
rc_trial_a33_k3_hn05,1,3592,3592,0.341045,0.477777
rc_trial_a33_k3_hn05,1,3593,3593,0.151411,0.448091
rc_trial_a33_k3_hn05,1,3594,3594,0.192685,0.315648
rc_trial_a33_k3_hn05,1,3595,3595,0.186108,0.149094
rc_trial_a33_k3_hn05,1,3596,3596,0.362508,0.292661
rc_trial_a33_k3_hn05,1,3597,3597,0.315615,0.21885
rc_trial_a33_k3_hn05,1,3598,3598,0.213353,0.0727894
rc_trial_a33_k3_hn05,1,3599,3599,0.237366,0.0653383
rc_trial_a33_k3_hn05,1,3600,3600,0.26142,0.293862
rc_trial_a33_k3_hn05,1,3601,3601,0.465467,0.257682
rc_trial_a33_k3_hn05,1,3602,3602,0.376668,1.09831
rc_trial_a33_k3_hn05,1,3603,3603,0.047181,0.411088
rc_trial_a33_k3_hn05,1,3604,3604,0.546621,0.24787
rc_trial_a33_k3_hn05,1,3605,3605,0.348415,0.184779
rc_trial_a33_k3_hn05,1,3606,3606,0.287945,0.145816
rc_trial_a33_k3_hn05,1,3607,3607,0.357814,0.12308
rc_trial_a33_k3_hn05,1,3608,3608,0.437092,0.127969
rc_trial_a33_k3_hn05,1,3609,3609,0.191627,0.290546
rc_trial_a33_k3_hn05,1,3610,3610,0.189938,0.297478
rc_trial_a33_k3_hn05,1,3611,3611,0.548543,0.831263
rc_trial_a33_k3_hn05,1,3612,3612,0.0827797,0.16863
rc_trial_a33_k3_hn05,1,3613,3613,1.34477,0.701773
rc_trial_a33_k3_hn05,1,3614,3614,0.94122,0.327969
rc_trial_a33_k3_hn05,1,3615,3615,0.0963519,0.183091
rc_trial_a33_k3_hn05,1,3616,3616,0.234271,0.453326
rc_trial_a33_k3_hn05,1,3617,3617,0.189263,0.614664
rc_trial_a33_k3_hn05,1,3618,3618,0.333266,0.513767
rc_trial_a33_k3_hn05,1,3619,3619,0.259982,0.446536
rc_trial_a33_k3_hn05,1,3620,3620,0.593587,0.568612
rc_trial_a33_k3_hn05,1,3621,3621,0.449953,0.408966
rc_trial_a33_k3_hn05,1,3622,3622,0.127299,0.0757003
rc_trial_a33_k3_hn05,1,3623,3623,0.371566,0.300635
rc_trial_a33_k3_hn05,1,3624,3624,0.230927,0.0938595
rc_trial_a33_k3_hn05,1,3625,3625,0.177444,0.0874106
rc_trial_a33_k3_hn05,1,3626,3626,0.181438,0.0283828
rc_trial_a33_k3_hn05,1,3627,3627,0.921063,0.350853
rc_trial_a33_k3_hn05,1,3628,3628,0.599925,0.369162
rc_trial_a33_k3_hn05,1,3629,3629,0.701676,0.433268
rc_trial_a33_k3_hn05,1,3630,3630,0.50078,1.26443
rc_trial_a33_k3_hn05,1,3631,3631,0.479921,1.22911
rc_trial_a33_k3_hn05,1,3632,3632,0.283249,0.484892
rc_trial_a33_k3_hn05,1,3633,3633,0.323323,0.510564
rc_trial_a33_k3_hn05,1,3634,3634,0.17279,0.213126
rc_trial_a33_k3_hn05,1,3635,3635,0.339214,0.10288
rc_trial_a33_k3_hn05,1,3636,3636,0.282239,0.039829
rc_trial_a33_k3_hn05,1,3637,3637,0.0626411,0.149827
rc_trial_a33_k3_hn05,1,3638,3638,0.119163,0.238041
rc_trial_a33_k3_hn05,1,3639,3639,0.245122,0.292391
rc_trial_a33_k3_hn05,1,3640,3640,0.236278,0.288062
rc_trial_a33_k3_hn05,1,3641,3641,0.40537,0.178245
rc_trial_a33_k3_hn05,1,3642,3642,0.396445,0.345012
rc_trial_a33_k3_hn05,1,3643,3643,0.665715,0.461731
rc_trial_a33_k3_hn05,1,3644,3644,0.328337,0.257626
rc_trial_a33_k3_hn05,1,3645,3645,0.420303,0.486939
rc_trial_a33_k3_hn05,1,3646,3646,0.696728,0.391296
rc_trial_a33_k3_hn05,1,3647,3647,0.594812,0.548983
rc_trial_a33_k3_hn05,1,3648,3648,0.569752,0.463706
rc_trial_a33_k3_hn05,1,3649,3649,0.550716,0.314627
rc_trial_a33_k3_hn05,1,3650,3650,0.045218,0.110173
rc_trial_a33_k3_hn05,1,3651,3651,0.176517,0.108306
rc_trial_a33_k3_hn05,1,3652,3652,0.145996,0.0849803
rc_trial_a33_k3_hn05,1,3653,3653,0.170096,0.409508
rc_trial_a33_k3_hn05,1,3654,3654,0.245307,0.358514
rc_trial_a33_k3_hn05,1,3655,3655,0.947333,0.452413
rc_trial_a33_k3_hn05,1,3656,3656,0.844735,0.553948
rc_trial_a33_k3_hn05,1,3657,3657,0.247911,0.218212
rc_trial_a33_k3_hn05,1,3658,3658,1.31326,1.14178
rc_trial_a33_k3_hn05,1,3659,3659,1.31489,1.31722
rc_trial_a33_k3_hn05,1,3660,3660,0.862981,0.589347
rc_trial_a33_k3_hn05,1,3661,3661,0.859885,0.552433
rc_trial_a33_k3_hn05,1,3662,3662,0.312643,0.232894
rc_trial_a33_k3_hn05,1,3663,3663,0.335183,0.279257
rc_trial_a33_k3_hn05,1,3664,3664,0.276024,0.391134
rc_trial_a33_k3_hn05,1,3665,3665,0.380371,0.0902682
rc_trial_a33_k3_hn05,1,3666,3666,0.233611,0.13307
rc_trial_a33_k3_hn05,1,3667,3667,0.493664,0.112335
rc_trial_a33_k3_hn05,1,3668,3668,0.464329,0.172009
rc_trial_a33_k3_hn05,1,3669,3669,0.567792,0.204011
rc_trial_a33_k3_hn05,1,3670,3670,0.648581,0.158303
rc_trial_a33_k3_hn05,1,3671,3671,0.629134,0.170794
rc_trial_a33_k3_hn05,1,3672,3672,0.433609,0.151068
rc_trial_a33_k3_hn05,1,3673,3673,0.719349,0.693147
rc_trial_a33_k3_hn05,1,3674,3674,0.372973,0.487742
rc_trial_a33_k3_hn05,1,3675,3675,0.325524,0.294644
rc_trial_a33_k3_hn05,1,3676,3676,0.412177,0.1935
rc_trial_a33_k3_hn05,1,3677,3677,0.466562,0.327213
rc_trial_a33_k3_hn05,1,3678,3678,0.815857,0.609806
rc_trial_a33_k3_hn05,1,3679,3679,0.981008,0.365124
rc_trial_a33_k3_hn05,1,3680,3680,0.998769,0.326499
rc_trial_a33_k3_hn05,1,3681,3681,0.957518,0.533664
rc_trial_a33_k3_hn05,1,3682,3682,1.05389,0.47976799999999997
rc_trial_a33_k3_hn05,1,3683,3683,1.0386,0.369213
rc_trial_a33_k3_hn05,1,3684,3684,0.187586,0.0570858
rc_trial_a33_k3_hn05,1,3685,3685,0.110906,0.0400673
rc_trial_a33_k3_hn05,1,3686,3686,0.573161,0.0424233
rc_trial_a33_k3_hn05,1,3687,3687,0.0666479,0.0552304
rc_trial_a33_k3_hn05,1,3688,3688,0.462524,0.0651901
rc_trial_a33_k3_hn05,1,3689,3689,0.142351,0.0766541
rc_trial_a33_k3_hn05,1,3690,3690,0.254513,0.133264
rc_trial_a33_k3_hn05,1,3691,3691,0.42562,0.284385
rc_trial_a33_k3_hn05,1,3692,3692,0.427843,0.226122
rc_trial_a33_k3_hn05,1,3693,3693,0.219324,0.174572
rc_trial_a33_k3_hn05,1,3694,3694,0.203975,0.20436000000000001
rc_trial_a33_k3_hn05,1,3695,3695,0.024287,0.303986
rc_trial_a33_k3_hn05,1,3696,3696,0.122749,0.148228
rc_trial_a33_k3_hn05,1,3697,3697,0.0717101,0.417204
rc_trial_a33_k3_hn05,1,3698,3698,0.213194,0.287151
rc_trial_a33_k3_hn05,1,3699,3699,0.139629,0.647639
rc_trial_a33_k3_hn05,1,3700,3700,0.204284,0.549212
rc_trial_a33_k3_hn05,1,3701,3701,0.245867,0.777775
rc_trial_a33_k3_hn05,1,3702,3702,0.262998,0.202192
rc_trial_a33_k3_hn05,1,3703,3703,0.118781,0.661043
rc_trial_a33_k3_hn05,1,3704,3704,0.333673,0.598008
rc_trial_a33_k3_hn05,1,3705,3705,0.395858,0.793095
rc_trial_a33_k3_hn05,1,3706,3706,0.539697,0.882135
rc_trial_a33_k3_hn05,1,3707,3707,0.305383,0.744428
rc_trial_a33_k3_hn05,1,3708,3708,0.598048,0.564336
rc_trial_a33_k3_hn05,1,3709,3709,0.369289,0.545389
rc_trial_a33_k3_hn05,1,3710,3710,0.235189,0.732199
rc_trial_a33_k3_hn05,1,3711,3711,0.238798,0.0835858
rc_trial_a33_k3_hn05,1,3712,3712,0.321047,0.15861
rc_trial_a33_k3_hn05,1,3713,3713,0.214469,0.132791
rc_trial_a33_k3_hn05,1,3714,3714,0.304829,0.0581103
rc_trial_a33_k3_hn05,1,3715,3715,0.485693,0.166457
rc_trial_a33_k3_hn05,1,3716,3716,0.391617,0.183312
rc_trial_a33_k3_hn05,1,3717,3717,0.00738859,0.320877
rc_trial_a33_k3_hn05,1,3718,3718,0.210598,0.311872
rc_trial_a33_k3_hn05,1,3719,3719,0.0648002,0.496711
rc_trial_a33_k3_hn05,1,3720,3720,0.235347,0.454634
rc_trial_a33_k3_hn05,1,3721,3721,0.318658,0.15345
rc_trial_a33_k3_hn05,1,3722,3722,0.451709,0.256559
rc_trial_a33_k3_hn05,1,3723,3723,0.781337,0.727051
rc_trial_a33_k3_hn05,1,3724,3724,0.571462,0.324119
rc_trial_a33_k3_hn05,1,3725,3725,0.945259,0.340563
rc_trial_a33_k3_hn05,1,3726,3726,0.587427,0.221753
rc_trial_a33_k3_hn05,1,3727,3727,0.624947,0.15799
rc_trial_a33_k3_hn05,1,3728,3728,0.319822,0.0862474
rc_trial_a33_k3_hn05,1,3729,3729,0.305508,0.159816
rc_trial_a33_k3_hn05,1,3730,3730,0.195335,0.2285
rc_trial_a33_k3_hn05,1,3731,3731,0.216778,0.234548
rc_trial_a33_k3_hn05,1,3732,3732,0.649525,0.605745
rc_trial_a33_k3_hn05,1,3733,3733,0.427825,0.396219
rc_trial_a33_k3_hn05,1,3734,3734,0.51206,0.315164
rc_trial_a33_k3_hn05,1,3735,3735,0.729381,1.15425
rc_trial_a33_k3_hn05,1,3736,3736,0.713717,0.529634
rc_trial_a33_k3_hn05,1,3737,3737,0.281676,0.563891
rc_trial_a33_k3_hn05,1,3738,3738,0.375502,0.745691
rc_trial_a33_k3_hn05,1,3739,3739,0.292854,0.255676
rc_trial_a33_k3_hn05,1,3740,3740,0.39112,1.15751
rc_trial_a33_k3_hn05,1,3741,3741,0.74148,0.485156
rc_trial_a33_k3_hn05,1,3742,3742,0.205981,0.187204
rc_trial_a33_k3_hn05,1,3743,3743,1.04785,0.611437
rc_trial_a33_k3_hn05,1,3744,3744,0.989555,0.677209
rc_trial_a33_k3_hn05,1,3745,3745,0.795305,0.57832
rc_trial_a33_k3_hn05,1,3746,3746,0.798234,0.620877
rc_trial_a33_k3_hn05,1,3747,3747,0.141394,0.763837
rc_trial_a33_k3_hn05,1,3748,3748,-0.0903943,0.280159
rc_trial_a33_k3_hn05,1,3749,3749,-0.041804,0.402584
rc_trial_a33_k3_hn05,1,3750,3750,0.100494,0.280229
rc_trial_a33_k3_hn05,1,3751,3751,0.135678,0.230922
rc_trial_a33_k3_hn05,1,3752,3752,0.154406,0.18346
rc_trial_a33_k3_hn05,1,3753,3753,0.607874,0.317364
rc_trial_a33_k3_hn05,1,3754,3754,0.439458,0.475315
rc_trial_a33_k3_hn05,1,3755,3755,0.385597,0.342298
rc_trial_a33_k3_hn05,1,3756,3756,0.69192,0.377897
rc_trial_a33_k3_hn05,1,3757,3757,0.72091,0.926808
rc_trial_a33_k3_hn05,1,3758,3758,0.696638,0.947488
rc_trial_a33_k3_hn05,1,3759,3759,0.691936,0.909208
rc_trial_a33_k3_hn05,1,3760,3760,0.667261,0.690928
rc_trial_a33_k3_hn05,1,3761,3761,0.944284,0.590265
rc_trial_a33_k3_hn05,1,3762,3762,0.366721,0.126135
rc_trial_a33_k3_hn05,1,3763,3763,0.99241,1.04151
rc_trial_a33_k3_hn05,1,3764,3764,0.364939,0.268812
rc_trial_a33_k3_hn05,1,3765,3765,0.347756,0.546888
rc_trial_a33_k3_hn05,1,3766,3766,0.317974,0.25538
rc_trial_a33_k3_hn05,1,3767,3767,0.218949,0.246892
rc_trial_a33_k3_hn05,1,3768,3768,0.214134,0.43414
rc_trial_a33_k3_hn05,1,3769,3769,0.22691,0.185998
rc_trial_a33_k3_hn05,1,3770,3770,0.539041,0.241874
rc_trial_a33_k3_hn05,1,3771,3771,0.363838,0.160184
rc_trial_a33_k3_hn05,1,3772,3772,0.255084,0.138592
rc_trial_a33_k3_hn05,1,3773,3773,0.347825,0.103065
rc_trial_a33_k3_hn05,1,3774,3774,0.33519,0.169063
rc_trial_a33_k3_hn05,1,3775,3775,0.32566,0.181077
rc_trial_a33_k3_hn05,1,3776,3776,0.296142,0.319418
rc_trial_a33_k3_hn05,1,3777,3777,0.562526,0.277816
rc_trial_a33_k3_hn05,1,3778,3778,0.429845,0.341053
rc_trial_a33_k3_hn05,1,3779,3779,0.465195,0.692794
rc_trial_a33_k3_hn05,1,3780,3780,0.175548,0.228316
rc_trial_a33_k3_hn05,1,3781,3781,1.1335,0.952163
rc_trial_a33_k3_hn05,1,3782,3782,0.0193926,0.215766
rc_trial_a33_k3_hn05,1,3783,3783,0.334538,0.0455325
rc_trial_a33_k3_hn05,1,3784,3784,0.227714,0.118296
rc_trial_a33_k3_hn05,1,3785,3785,0.289614,0.121616
rc_trial_a33_k3_hn05,1,3786,3786,0.259053,0.140321
rc_trial_a33_k3_hn05,1,3787,3787,0.290571,0.0396897
rc_trial_a33_k3_hn05,1,3788,3788,0.00786947,1.13558
rc_trial_a33_k3_hn05,1,3789,3789,0.537688,0.283583
rc_trial_a33_k3_hn05,1,3790,3790,0.335144,0.280765
rc_trial_a33_k3_hn05,1,3791,3791,0.413026,0.455583
rc_trial_a33_k3_hn05,1,3792,3792,0.612122,0.365612
rc_trial_a33_k3_hn05,1,3793,3793,0.621269,0.496881
rc_trial_a33_k3_hn05,1,3794,3794,-0.405174,0.868245
rc_trial_a33_k3_hn05,1,3795,3795,0.488681,0.478648
rc_trial_a33_k3_hn05,1,3796,3796,0.701398,0.650124
rc_trial_a33_k3_hn05,1,3797,3797,0.835916,0.82903
rc_trial_a33_k3_hn05,1,3798,3798,0.814927,1.00085
rc_trial_a33_k3_hn05,1,3799,3799,0.911901,0.887456
rc_trial_a33_k3_hn05,1,3800,3800,0.793006,0.766531
rc_trial_a33_k3_hn05,1,3801,3801,0.641564,0.365224
rc_trial_a33_k3_hn05,1,3802,3802,0.286503,0.680463
rc_trial_a33_k3_hn05,1,3803,3803,-0.239189,0.846528
rc_trial_a33_k3_hn05,1,3804,3804,0.258296,0.553452
rc_trial_a33_k3_hn05,1,3805,3805,0.31184,0.403348
rc_trial_a33_k3_hn05,1,3806,3806,0.256027,0.834487
rc_trial_a33_k3_hn05,1,3807,3807,0.176698,1.09368
rc_trial_a33_k3_hn05,1,3808,3808,0.431715,0.459278
rc_trial_a33_k3_hn05,1,3809,3809,0.722465,0.901532
rc_trial_a33_k3_hn05,1,3810,3810,0.518092,0.659801
rc_trial_a33_k3_hn05,1,3811,3811,0.510627,0.573263
rc_trial_a33_k3_hn05,1,3812,3812,0.3805,0.178666
rc_trial_a33_k3_hn05,1,3813,3813,0.718372,0.591914
rc_trial_a33_k3_hn05,1,3814,3814,0.108255,0.876595
rc_trial_a33_k3_hn05,1,3815,3815,0.0087315,1.07777
rc_trial_a33_k3_hn05,1,3816,3816,0.761116,0.582837
rc_trial_a33_k3_hn05,1,3817,3817,0.743517,0.556067
rc_trial_a33_k3_hn05,1,3818,3818,0.571794,0.430688
rc_trial_a33_k3_hn05,1,3819,3819,0.540061,0.214206
rc_trial_a33_k3_hn05,1,3820,3820,0.571827,0.194018
rc_trial_a33_k3_hn05,1,3821,3821,0.617641,0.612691
rc_trial_a33_k3_hn05,1,3822,3822,1.0978,0.50322
rc_trial_a33_k3_hn05,1,3823,3823,0.973156,0.334707
rc_trial_a33_k3_hn05,1,3824,3824,0.464708,0.568668
rc_trial_a33_k3_hn05,1,3825,3825,0.153814,0.403156
rc_trial_a33_k3_hn05,1,3826,3826,0.413039,0.236654
rc_trial_a33_k3_hn05,1,3827,3827,0.374323,0.293638
rc_trial_a33_k3_hn05,1,3828,3828,0.377554,0.386515
rc_trial_a33_k3_hn05,1,3829,3829,0.219079,0.31211
rc_trial_a33_k3_hn05,1,3830,3830,0.267533,0.585611
rc_trial_a33_k3_hn05,1,3831,3831,1.01389,0.756297
rc_trial_a33_k3_hn05,1,3832,3832,0.102284,0.295931
rc_trial_a33_k3_hn05,1,3833,3833,0.458596,0.396295
rc_trial_a33_k3_hn05,1,3834,3834,0.055879,0.371676
rc_trial_a33_k3_hn05,1,3835,3835,0.372102,0.344372
rc_trial_a33_k3_hn05,1,3836,3836,0.398654,0.171133
rc_trial_a33_k3_hn05,1,3837,3837,0.388782,0.239891
rc_trial_a33_k3_hn05,1,3838,3838,0.503135,0.493715
rc_trial_a33_k3_hn05,1,3839,3839,0.442553,0.580518
rc_trial_a33_k3_hn05,1,3840,3840,0.503713,0.446663
rc_trial_a33_k3_hn05,1,3841,3841,0.264346,0.464073
rc_trial_a33_k3_hn05,1,3842,3842,0.281004,0.334066
rc_trial_a33_k3_hn05,1,3843,3843,0.412778,0.223207
rc_trial_a33_k3_hn05,1,3844,3844,0.231654,0.18806
rc_trial_a33_k3_hn05,1,3845,3845,0.604656,0.283863
rc_trial_a33_k3_hn05,1,3846,3846,0.495025,0.306165
rc_trial_a33_k3_hn05,1,3847,3847,0.33068,0.13998
rc_trial_a33_k3_hn05,1,3848,3848,0.243482,0.746459
rc_trial_a33_k3_hn05,1,3849,3849,0.292432,0.050876
rc_trial_a33_k3_hn05,1,3850,3850,0.225453,0.0884589
rc_trial_a33_k3_hn05,1,3851,3851,0.0367333,0.345954
rc_trial_a33_k3_hn05,1,3852,3852,-0.0828447,0.35502
rc_trial_a33_k3_hn05,1,3853,3853,0.651749,0.290594
rc_trial_a33_k3_hn05,1,3854,3854,0.632999,0.289257
rc_trial_a33_k3_hn05,1,3855,3855,0.490759,0.471604
rc_trial_a33_k3_hn05,1,3856,3856,0.494414,0.540217
rc_trial_a33_k3_hn05,1,3857,3857,0.171143,0.45788
rc_trial_a33_k3_hn05,1,3858,3858,0.293933,1.08742
rc_trial_a33_k3_hn05,1,3859,3859,0.488979,0.667522
rc_trial_a33_k3_hn05,1,3860,3860,0.206928,0.343484
rc_trial_a33_k3_hn05,1,3861,3861,0.368351,0.216473
rc_trial_a33_k3_hn05,1,3862,3862,0.306421,0.278346
rc_trial_a33_k3_hn05,1,3863,3863,0.165438,0.283223
rc_trial_a33_k3_hn05,1,3864,3864,0.160447,0.264883
rc_trial_a33_k3_hn05,1,3865,3865,0.938641,1.24477
rc_trial_a33_k3_hn05,1,3866,3866,0.940152,0.971271
rc_trial_a33_k3_hn05,1,3867,3867,0.20092,0.491845
rc_trial_a33_k3_hn05,1,3868,3868,1.18936,0.951912
rc_trial_a33_k3_hn05,1,3869,3869,1.28665,1.00319
rc_trial_a33_k3_hn05,1,3870,3870,1.20705,1.03649
rc_trial_a33_k3_hn05,1,3871,3871,1.18898,0.757031
rc_trial_a33_k3_hn05,1,3872,3872,0.592924,0.405151
rc_trial_a33_k3_hn05,1,3873,3873,1.34348,0.692836
rc_trial_a33_k3_hn05,1,3874,3874,0.495974,0.56049
rc_trial_a33_k3_hn05,1,3875,3875,0.368661,0.490812
rc_trial_a33_k3_hn05,1,3876,3876,0.546414,0.981475
rc_trial_a33_k3_hn05,1,3877,3877,0.72762,0.843122
rc_trial_a33_k3_hn05,1,3878,3878,0.697296,0.800981
rc_trial_a33_k3_hn05,1,3879,3879,0.678012,0.887899
rc_trial_a33_k3_hn05,1,3880,3880,0.688788,0.813035
rc_trial_a33_k3_hn05,1,3881,3881,0.449859,0.787805
rc_trial_a33_k3_hn05,1,3882,3882,0.522665,0.898799
rc_trial_a33_k3_hn05,1,3883,3883,0.672709,0.678724
rc_trial_a33_k3_hn05,1,3884,3884,0.881507,0.733273
rc_trial_a33_k3_hn05,1,3885,3885,0.716499,0.556162
rc_trial_a33_k3_hn05,1,3886,3886,0.0876009,0.799063
rc_trial_a33_k3_hn05,1,3887,3887,0.388508,0.937303
rc_trial_a33_k3_hn05,1,3888,3888,0.399978,0.817359
rc_trial_a33_k3_hn05,1,3889,3889,0.53196,0.424432
rc_trial_a33_k3_hn05,1,3890,3890,-0.00906066,0.26581
rc_trial_a33_k3_hn05,1,3891,3891,0.161246,0.189417
rc_trial_a33_k3_hn05,1,3892,3892,0.468752,0.257599
rc_trial_a33_k3_hn05,1,3893,3893,0.143403,0.112784
rc_trial_a33_k3_hn05,1,3894,3894,0.366776,0.139663
rc_trial_a33_k3_hn05,1,3895,3895,0.09494,0.0737757
rc_trial_a33_k3_hn05,1,3896,3896,0.402858,0.177046
rc_trial_a33_k3_hn05,1,3897,3897,0.214116,0.21031
rc_trial_a33_k3_hn05,1,3898,3898,0.02965,0.174498
rc_trial_a33_k3_hn05,1,3899,3899,0.543991,0.306531
rc_trial_a33_k3_hn05,1,3900,3900,0.352508,0.372779
rc_trial_a33_k3_hn05,1,3901,3901,0.162676,0.951332
rc_trial_a33_k3_hn05,1,3902,3902,0.255074,0.861379
rc_trial_a33_k3_hn05,1,3903,3903,0.107457,0.563691
rc_trial_a33_k3_hn05,1,3904,3904,0.0415483,0.729635
rc_trial_a33_k3_hn05,1,3905,3905,-0.0375312,1.08882
rc_trial_a33_k3_hn05,1,3906,3906,0.220777,0.363407
rc_trial_a33_k3_hn05,1,3907,3907,0.166644,0.615404
rc_trial_a33_k3_hn05,1,3908,3908,0.105264,0.638484
rc_trial_a33_k3_hn05,1,3909,3909,0.120994,0.810446
rc_trial_a33_k3_hn05,1,3910,3910,0.120136,0.496955
rc_trial_a33_k3_hn05,1,3911,3911,0.179258,0.335605
rc_trial_a33_k3_hn05,1,3912,3912,0.286146,0.115794
rc_trial_a33_k3_hn05,1,3913,3913,0.265011,0.148813
rc_trial_a33_k3_hn05,1,3914,3914,0.194397,1.10729
rc_trial_a33_k3_hn05,1,3915,3915,0.17742,1.28785
rc_trial_a33_k3_hn05,1,3916,3916,0.157335,1.2936
rc_trial_a33_k3_hn05,1,3917,3917,0.372848,0.158325
rc_trial_a33_k3_hn05,1,3918,3918,0.230882,0.0905289
rc_trial_a33_k3_hn05,1,3919,3919,0.620134,0.575533
rc_trial_a33_k3_hn05,1,3920,3920,0.665664,0.881789
rc_trial_a33_k3_hn05,1,3921,3921,0.0385199,0.0150019
rc_trial_a33_k3_hn05,1,3922,3922,0.0103173,0.00965831
rc_trial_a33_k3_hn05,1,3923,3923,0.164471,0.0930736
rc_trial_a33_k3_hn05,1,3924,3924,0.550089,0.188346
rc_trial_a33_k3_hn05,1,3925,3925,0.499215,0.115318
rc_trial_a33_k3_hn05,1,3926,3926,0.271277,0.110876
rc_trial_a33_k3_hn05,1,3927,3927,0.432121,0.091478
rc_trial_a33_k3_hn05,1,3928,3928,0.248995,0.108651
rc_trial_a33_k3_hn05,1,3929,3929,0.401162,0.144375
rc_trial_a33_k3_hn05,1,3930,3930,0.470026,0.134337
rc_trial_a33_k3_hn05,1,3931,3931,0.264293,0.201927
rc_trial_a33_k3_hn05,1,3932,3932,0.169992,0.221719
rc_trial_a33_k3_hn05,1,3933,3933,0.221049,0.293962
rc_trial_a33_k3_hn05,1,3934,3934,0.371998,0.303141
rc_trial_a33_k3_hn05,1,3935,3935,0.445584,0.0803839
rc_trial_a33_k3_hn05,1,3936,3936,0.657057,0.735101
rc_trial_a33_k3_hn05,1,3937,3937,0.655064,0.952167
rc_trial_a33_k3_hn05,1,3938,3938,0.48244,0.605755
rc_trial_a33_k3_hn05,1,3939,3939,0.0427021,0.330622
rc_trial_a33_k3_hn05,1,3940,3940,0.256499,0.251088
rc_trial_a33_k3_hn05,1,3941,3941,1.04454,0.950203
rc_trial_a33_k3_hn05,1,3942,3942,0.881264,0.49723
rc_trial_a33_k3_hn05,1,3943,3943,0.712587,0.275199
rc_trial_a33_k3_hn05,1,3944,3944,0.794544,0.437282
rc_trial_a33_k3_hn05,1,3945,3945,0.400609,0.26033
rc_trial_a33_k3_hn05,1,3946,3946,0.534065,0.263173
rc_trial_a33_k3_hn05,1,3947,3947,0.568562,0.275023
rc_trial_a33_k3_hn05,1,3948,3948,0.435557,0.363188
rc_trial_a33_k3_hn05,1,3949,3949,0.201717,0.532041
rc_trial_a33_k3_hn05,1,3950,3950,0.116891,0.381208
rc_trial_a33_k3_hn05,1,3951,3951,0.382808,0.256351
rc_trial_a33_k3_hn05,1,3952,3952,0.424328,0.32676
rc_trial_a33_k3_hn05,1,3953,3953,0.492411,0.484555
rc_trial_a33_k3_hn05,1,3954,3954,0.330438,0.645078
rc_trial_a33_k3_hn05,1,3955,3955,0.588056,0.463155
rc_trial_a33_k3_hn05,1,3956,3956,0.527896,0.428321
rc_trial_a33_k3_hn05,1,3957,3957,0.2192,0.286645
rc_trial_a33_k3_hn05,1,3958,3958,0.333217,0.313757
rc_trial_a33_k3_hn05,1,3959,3959,0.242951,0.324128
rc_trial_a33_k3_hn05,1,3960,3960,0.0259309,0.172978
rc_trial_a33_k3_hn05,1,3961,3961,0.0630807,0.248595
rc_trial_a33_k3_hn05,1,3962,3962,0.0179479,0.189962
rc_trial_a33_k3_hn05,1,3963,3963,0.26258,0.274799
rc_trial_a33_k3_hn05,1,3964,3964,0.391452,0.470243
rc_trial_a33_k3_hn05,1,3965,3965,0.29376,0.478936
rc_trial_a33_k3_hn05,1,3966,3966,0.365225,1.01003
rc_trial_a33_k3_hn05,1,3967,3967,0.498916,0.496751
rc_trial_a33_k3_hn05,1,3968,3968,0.839077,0.463111
rc_trial_a33_k3_hn05,1,3969,3969,0.0644984,0.261457
rc_trial_a33_k3_hn05,1,3970,3970,0.199763,0.229055
rc_trial_a33_k3_hn05,1,3971,3971,-0.0458424,0.496847
rc_trial_a33_k3_hn05,1,3972,3972,-0.460317,0.745983
rc_trial_a33_k3_hn05,1,3973,3973,-0.383811,0.625616
rc_trial_a33_k3_hn05,1,3974,3974,-0.0609168,0.521892
rc_trial_a33_k3_hn05,1,3975,3975,-0.0263598,0.248394
rc_trial_a33_k3_hn05,1,3976,3976,0.431231,0.190799
rc_trial_a33_k3_hn05,1,3977,3977,0.323416,0.336858
rc_trial_a33_k3_hn05,1,3978,3978,0.31965,0.0128465
rc_trial_a33_k3_hn05,1,3979,3979,0.208251,0.0211685
rc_trial_a33_k3_hn05,1,3980,3980,0.294901,0.191843
rc_trial_a33_k3_hn05,1,3981,3981,0.550471,0.346756
rc_trial_a33_k3_hn05,1,3982,3982,0.398397,0.730855
rc_trial_a33_k3_hn05,1,3983,3983,0.741333,0.523275
rc_trial_a33_k3_hn05,1,3984,3984,0.280327,0.116274
rc_trial_a33_k3_hn05,1,3985,3985,0.373669,0.150213
rc_trial_a33_k3_hn05,1,3986,3986,0.31098,0.11062
rc_trial_a33_k3_hn05,1,3987,3987,0.397286,0.351126
rc_trial_a33_k3_hn05,1,3988,3988,0.39131,0.227139
rc_trial_a33_k3_hn05,1,3989,3989,-0.335929,0.553413
rc_trial_a33_k3_hn05,1,3990,3990,-0.428157,1.31664
rc_trial_a33_k3_hn05,1,3991,3991,-0.554208,0.452082
rc_trial_a33_k3_hn05,1,3992,3992,-0.593647,0.446683
rc_trial_a33_k3_hn05,1,3993,3993,0.329154,0.356231
rc_trial_a33_k3_hn05,1,3994,3994,0.451339,0.332991
rc_trial_a33_k3_hn05,1,3995,3995,0.335235,0.404939
rc_trial_a33_k3_hn05,1,3996,3996,0.309676,0.333478
rc_trial_a33_k3_hn05,1,3997,3997,1.19347,0.588299
rc_trial_a33_k3_hn05,1,3998,3998,1.14094,0.664754
rc_trial_a33_k3_hn05,1,3999,3999,1.14285,0.636026
rc_trial_a33_k3_hn05,1,4000,4000,0.217066,0.509787
rc_trial_a33_k3_hn05,2,1,4001,0.164818,0.886999
rc_trial_a33_k3_hn05,2,2,4002,0.219892,1.30571
rc_trial_a33_k3_hn05,2,3,4003,0.288516,0.91614
rc_trial_a33_k3_hn05,2,4,4004,0.0888619,0.401109
rc_trial_a33_k3_hn05,2,5,4005,0.750115,0.466377
rc_trial_a33_k3_hn05,2,6,4006,0.691126,0.580286
rc_trial_a33_k3_hn05,2,7,4007,0.278098,0.150217
rc_trial_a33_k3_hn05,2,8,4008,0.265317,0.14479
rc_trial_a33_k3_hn05,2,9,4009,0.280721,0.1767
rc_trial_a33_k3_hn05,2,10,4010,1.1864,0.592355
rc_trial_a33_k3_hn05,2,11,4011,1.17596,0.638844
rc_trial_a33_k3_hn05,2,12,4012,1.25714,0.832441
rc_trial_a33_k3_hn05,2,13,4013,0.158891,0.227832
rc_trial_a33_k3_hn05,2,14,4014,0.448566,0.250479
rc_trial_a33_k3_hn05,2,15,4015,0.407424,0.300183
rc_trial_a33_k3_hn05,2,16,4016,0.298571,0.440449
rc_trial_a33_k3_hn05,2,17,4017,0.285476,0.445889
rc_trial_a33_k3_hn05,2,18,4018,0.19935,0.286675
rc_trial_a33_k3_hn05,2,19,4019,0.146294,0.524808
rc_trial_a33_k3_hn05,2,20,4020,-0.094804,0.328312
rc_trial_a33_k3_hn05,2,21,4021,-0.0358432,0.323287
rc_trial_a33_k3_hn05,2,22,4022,0.395336,0.543122
rc_trial_a33_k3_hn05,2,23,4023,0.342544,0.553009
rc_trial_a33_k3_hn05,2,24,4024,0.21839,0.658028
rc_trial_a33_k3_hn05,2,25,4025,0.257393,0.385631
rc_trial_a33_k3_hn05,2,26,4026,0.21978,0.10519
rc_trial_a33_k3_hn05,2,27,4027,0.322208,0.273586
rc_trial_a33_k3_hn05,2,28,4028,0.946664,0.913633
rc_trial_a33_k3_hn05,2,29,4029,1.18266,0.722997
rc_trial_a33_k3_hn05,2,30,4030,0.844451,0.594108
rc_trial_a33_k3_hn05,2,31,4031,0.606588,0.442327
rc_trial_a33_k3_hn05,2,32,4032,0.913472,0.562729
rc_trial_a33_k3_hn05,2,33,4033,0.922225,0.572816
rc_trial_a33_k3_hn05,2,34,4034,0.602803,0.344372
rc_trial_a33_k3_hn05,2,35,4035,0.644837,0.391245
rc_trial_a33_k3_hn05,2,36,4036,0.714174,0.511926
rc_trial_a33_k3_hn05,2,37,4037,0.541472,0.699655
rc_trial_a33_k3_hn05,2,38,4038,0.187152,0.388631
rc_trial_a33_k3_hn05,2,39,4039,0.4153,0.323337
rc_trial_a33_k3_hn05,2,40,4040,0.289464,0.495559
rc_trial_a33_k3_hn05,2,41,4041,0.195077,0.574896
rc_trial_a33_k3_hn05,2,42,4042,0.201349,0.654534
rc_trial_a33_k3_hn05,2,43,4043,0.236445,0.6491
rc_trial_a33_k3_hn05,2,44,4044,0.290015,0.423704
rc_trial_a33_k3_hn05,2,45,4045,0.318749,0.316592
rc_trial_a33_k3_hn05,2,46,4046,0.435647,0.594677
rc_trial_a33_k3_hn05,2,47,4047,0.0827493,0.0735201
rc_trial_a33_k3_hn05,2,48,4048,0.0464608,0.020687
rc_trial_a33_k3_hn05,2,49,4049,0.50538400000000006,0.0193245
rc_trial_a33_k3_hn05,2,50,4050,0.371737,0.0685898
rc_trial_a33_k3_hn05,2,51,4051,0.214832,0.108948
rc_trial_a33_k3_hn05,2,52,4052,0.406462,0.12234
rc_trial_a33_k3_hn05,2,53,4053,0.0358906,0.288612
rc_trial_a33_k3_hn05,2,54,4054,0.144855,0.412709
rc_trial_a33_k3_hn05,2,55,4055,0.863161,0.58168
rc_trial_a33_k3_hn05,2,56,4056,-0.0139734,0.429637
rc_trial_a33_k3_hn05,2,57,4057,0.118372,0.9798
rc_trial_a33_k3_hn05,2,58,4058,0.019251,0.466467
rc_trial_a33_k3_hn05,2,59,4059,0.0358239,0.596355
rc_trial_a33_k3_hn05,2,60,4060,-0.0362745,1.27417
rc_trial_a33_k3_hn05,2,61,4061,0.279507,0.990057
rc_trial_a33_k3_hn05,2,62,4062,0.331068,0.373689
rc_trial_a33_k3_hn05,2,63,4063,0.301522,0.258748
rc_trial_a33_k3_hn05,2,64,4064,0.331165,0.650291
rc_trial_a33_k3_hn05,2,65,4065,-0.0885055,0.443455
rc_trial_a33_k3_hn05,2,66,4066,-0.0503927,0.577441
rc_trial_a33_k3_hn05,2,67,4067,-0.0437046,0.579625
rc_trial_a33_k3_hn05,2,68,4068,-0.0522239,0.514786
rc_trial_a33_k3_hn05,2,69,4069,0.33612,0.151926
rc_trial_a33_k3_hn05,2,70,4070,0.850742,0.363467
rc_trial_a33_k3_hn05,2,71,4071,0.684854,0.384538
rc_trial_a33_k3_hn05,2,72,4072,0.218022,0.113602
rc_trial_a33_k3_hn05,2,73,4073,0.376175,0.106158
rc_trial_a33_k3_hn05,2,74,4074,0.322571,0.0709626
rc_trial_a33_k3_hn05,2,75,4075,0.448232,0.0920693
rc_trial_a33_k3_hn05,2,76,4076,0.180242,0.289556
rc_trial_a33_k3_hn05,2,77,4077,0.848401,0.425642
rc_trial_a33_k3_hn05,2,78,4078,0.31709,0.324924
rc_trial_a33_k3_hn05,2,79,4079,0.695268,1.27552
rc_trial_a33_k3_hn05,2,80,4080,0.392156,0.693603
rc_trial_a33_k3_hn05,2,81,4081,0.510242,0.700667
rc_trial_a33_k3_hn05,2,82,4082,0.553288,0.427393
rc_trial_a33_k3_hn05,2,83,4083,0.159017,0.199098
rc_trial_a33_k3_hn05,2,84,4084,0.369209,0.106257
rc_trial_a33_k3_hn05,2,85,4085,0.315164,0.141903
rc_trial_a33_k3_hn05,2,86,4086,0.810519,0.716885
rc_trial_a33_k3_hn05,2,87,4087,1.12268,0.671344
rc_trial_a33_k3_hn05,2,88,4088,0.95513,0.622479
rc_trial_a33_k3_hn05,2,89,4089,0.932339,0.735131
rc_trial_a33_k3_hn05,2,90,4090,0.689935,0.48853
rc_trial_a33_k3_hn05,2,91,4091,0.978501,0.761737
rc_trial_a33_k3_hn05,2,92,4092,0.264633,0.485022
rc_trial_a33_k3_hn05,2,93,4093,0.24226,0.369186
rc_trial_a33_k3_hn05,2,94,4094,0.293394,0.474109
rc_trial_a33_k3_hn05,2,95,4095,0.332575,0.749802
rc_trial_a33_k3_hn05,2,96,4096,0.331979,0.39964
rc_trial_a33_k3_hn05,2,97,4097,0.442347,0.348987
rc_trial_a33_k3_hn05,2,98,4098,0.448978,0.277114
rc_trial_a33_k3_hn05,2,99,4099,0.482082,0.232741
rc_trial_a33_k3_hn05,2,100,4100,0.736111,0.459995
rc_trial_a33_k3_hn05,2,101,4101,-0.0443792,0.969394
rc_trial_a33_k3_hn05,2,102,4102,0.24756,0.425059
rc_trial_a33_k3_hn05,2,103,4103,0.285052,0.39771
rc_trial_a33_k3_hn05,2,104,4104,0.267775,0.403972
rc_trial_a33_k3_hn05,2,105,4105,0.0710839,0.884135
rc_trial_a33_k3_hn05,2,106,4106,0.146664,0.133319
rc_trial_a33_k3_hn05,2,107,4107,0.220108,0.729016
rc_trial_a33_k3_hn05,2,108,4108,0.182948,0.337184
rc_trial_a33_k3_hn05,2,109,4109,0.301973,0.0996253
rc_trial_a33_k3_hn05,2,110,4110,0.469743,0.199835
rc_trial_a33_k3_hn05,2,111,4111,0.459509,0.441395
rc_trial_a33_k3_hn05,2,112,4112,0.467384,0.294077
rc_trial_a33_k3_hn05,2,113,4113,0.305147,0.543304
rc_trial_a33_k3_hn05,2,114,4114,0.945231,0.674928
rc_trial_a33_k3_hn05,2,115,4115,0.914381,0.959463
rc_trial_a33_k3_hn05,2,116,4116,0.919437,0.728468
rc_trial_a33_k3_hn05,2,117,4117,0.227936,0.480608
rc_trial_a33_k3_hn05,2,118,4118,0.44469,0.572587
rc_trial_a33_k3_hn05,2,119,4119,1.0209,0.362665
rc_trial_a33_k3_hn05,2,120,4120,0.974377,0.399317
rc_trial_a33_k3_hn05,2,121,4121,0.995331,0.458053
rc_trial_a33_k3_hn05,2,122,4122,1.75996,1.29024
rc_trial_a33_k3_hn05,2,123,4123,1.89944,1.29429
rc_trial_a33_k3_hn05,2,124,4124,1.38728,0.817059
rc_trial_a33_k3_hn05,2,125,4125,1.36869,0.673387
rc_trial_a33_k3_hn05,2,126,4126,-0.206789,0.589861
rc_trial_a33_k3_hn05,2,127,4127,-0.536846,0.603969
rc_trial_a33_k3_hn05,2,128,4128,-0.598599,0.754784
rc_trial_a33_k3_hn05,2,129,4129,-0.48486,1.19764
rc_trial_a33_k3_hn05,2,130,4130,-0.738961,0.520087
rc_trial_a33_k3_hn05,2,131,4131,-0.718402,0.567622
rc_trial_a33_k3_hn05,2,132,4132,-0.0473193,0.608003
rc_trial_a33_k3_hn05,2,133,4133,-0.045042,0.376919
rc_trial_a33_k3_hn05,2,134,4134,0.890431,0.5599
rc_trial_a33_k3_hn05,2,135,4135,0.531038,0.20987
rc_trial_a33_k3_hn05,2,136,4136,0.115456,0.119901
rc_trial_a33_k3_hn05,2,137,4137,0.282105,0.0721235
rc_trial_a33_k3_hn05,2,138,4138,0.237902,0.0681035
rc_trial_a33_k3_hn05,2,139,4139,0.250961,0.0479989
rc_trial_a33_k3_hn05,2,140,4140,0.29142,0.020102
rc_trial_a33_k3_hn05,2,141,4141,0.25916,0.803845
rc_trial_a33_k3_hn05,2,142,4142,0.484645,0.705719
rc_trial_a33_k3_hn05,2,143,4143,0.670898,0.971287
rc_trial_a33_k3_hn05,2,144,4144,0.347557,0.353932
rc_trial_a33_k3_hn05,2,145,4145,0.360959,0.466466
rc_trial_a33_k3_hn05,2,146,4146,0.107801,0.531221
rc_trial_a33_k3_hn05,2,147,4147,0.339768,0.259213
rc_trial_a33_k3_hn05,2,148,4148,0.351516,0.201131
rc_trial_a33_k3_hn05,2,149,4149,0.531493,0.279974
rc_trial_a33_k3_hn05,2,150,4150,0.766054,0.241952
rc_trial_a33_k3_hn05,2,151,4151,0.566262,0.225105
rc_trial_a33_k3_hn05,2,152,4152,-0.100157,0.182343
rc_trial_a33_k3_hn05,2,153,4153,-0.00294776,0.298368
rc_trial_a33_k3_hn05,2,154,4154,-0.173742,0.413193
rc_trial_a33_k3_hn05,2,155,4155,0.00582725,0.170301
rc_trial_a33_k3_hn05,2,156,4156,0.0208182,0.505073
rc_trial_a33_k3_hn05,2,157,4157,0.0204718,0.53721
rc_trial_a33_k3_hn05,2,158,4158,0.0598849,0.369914
rc_trial_a33_k3_hn05,2,159,4159,0.279447,0.663179
rc_trial_a33_k3_hn05,2,160,4160,0.424744,0.435863
rc_trial_a33_k3_hn05,2,161,4161,0.365105,0.601349
rc_trial_a33_k3_hn05,2,162,4162,0.500995,0.905874
rc_trial_a33_k3_hn05,2,163,4163,0.538009,1.20563
rc_trial_a33_k3_hn05,2,164,4164,0.508627,0.861097
rc_trial_a33_k3_hn05,2,165,4165,0.94317,0.732083
rc_trial_a33_k3_hn05,2,166,4166,0.54064,0.355536
rc_trial_a33_k3_hn05,2,167,4167,0.367097,0.551213
rc_trial_a33_k3_hn05,2,168,4168,0.244168,0.510436
rc_trial_a33_k3_hn05,2,169,4169,0.84214,0.565062
rc_trial_a33_k3_hn05,2,170,4170,0.850849,0.468164
rc_trial_a33_k3_hn05,2,171,4171,1.08165,0.736561
rc_trial_a33_k3_hn05,2,172,4172,0.258984,0.321296
rc_trial_a33_k3_hn05,2,173,4173,0.220347,0.559228
rc_trial_a33_k3_hn05,2,174,4174,0.221535,0.898954
rc_trial_a33_k3_hn05,2,175,4175,-0.00822455,0.582276
rc_trial_a33_k3_hn05,2,176,4176,0.184785,0.319073
rc_trial_a33_k3_hn05,2,177,4177,0.252858,0.368184
rc_trial_a33_k3_hn05,2,178,4178,0.0838476,0.378507
rc_trial_a33_k3_hn05,2,179,4179,0.135918,0.3583
rc_trial_a33_k3_hn05,2,180,4180,0.31823,0.244518
rc_trial_a33_k3_hn05,2,181,4181,0.241526,0.329839
rc_trial_a33_k3_hn05,2,182,4182,0.263984,0.374237
rc_trial_a33_k3_hn05,2,183,4183,0.324824,0.267011
rc_trial_a33_k3_hn05,2,184,4184,0.320202,0.0925345
rc_trial_a33_k3_hn05,2,185,4185,0.766847,0.686566
rc_trial_a33_k3_hn05,2,186,4186,0.556521,0.398548
rc_trial_a33_k3_hn05,2,187,4187,0.357779,0.311911
rc_trial_a33_k3_hn05,2,188,4188,0.027328,0.217085
rc_trial_a33_k3_hn05,2,189,4189,-0.0143871,0.233712
rc_trial_a33_k3_hn05,2,190,4190,0.248887,0.160407
rc_trial_a33_k3_hn05,2,191,4191,0.281439,0.241729
rc_trial_a33_k3_hn05,2,192,4192,0.378028,0.133557
rc_trial_a33_k3_hn05,2,193,4193,0.150371,0.274677
rc_trial_a33_k3_hn05,2,194,4194,0.424233,0.146846
rc_trial_a33_k3_hn05,2,195,4195,0.00884166,0.253405
rc_trial_a33_k3_hn05,2,196,4196,0.0950877,0.190483
rc_trial_a33_k3_hn05,2,197,4197,-0.216756,1.14635
rc_trial_a33_k3_hn05,2,198,4198,0.390705,0.190547
rc_trial_a33_k3_hn05,2,199,4199,0.315825,0.175676
rc_trial_a33_k3_hn05,2,200,4200,-0.0795926,0.529398
rc_trial_a33_k3_hn05,2,201,4201,0.0230675,0.612239
rc_trial_a33_k3_hn05,2,202,4202,-0.00134233,0.637251
rc_trial_a33_k3_hn05,2,203,4203,0.21178,0.628325
rc_trial_a33_k3_hn05,2,204,4204,0.666403,0.870215
rc_trial_a33_k3_hn05,2,205,4205,0.246576,0.202224
rc_trial_a33_k3_hn05,2,206,4206,0.535088,0.226053
rc_trial_a33_k3_hn05,2,207,4207,0.256577,0.123397
rc_trial_a33_k3_hn05,2,208,4208,0.0899344,0.315991
rc_trial_a33_k3_hn05,2,209,4209,0.123908,0.00475553
rc_trial_a33_k3_hn05,2,210,4210,0.351259,0.00315358
rc_trial_a33_k3_hn05,2,211,4211,0.328512,0.133293
rc_trial_a33_k3_hn05,2,212,4212,0.170791,0.00567213
rc_trial_a33_k3_hn05,2,213,4213,0.368163,0.0164462
rc_trial_a33_k3_hn05,2,214,4214,-0.12751,0.521228
rc_trial_a33_k3_hn05,2,215,4215,-0.139738,0.761519
rc_trial_a33_k3_hn05,2,216,4216,-0.132121,0.696015
rc_trial_a33_k3_hn05,2,217,4217,1.09117,0.866577
rc_trial_a33_k3_hn05,2,218,4218,0.854585,1.06203
rc_trial_a33_k3_hn05,2,219,4219,0.738365,0.511892
rc_trial_a33_k3_hn05,2,220,4220,0.8685,1.06493
rc_trial_a33_k3_hn05,2,221,4221,0.929906,1.10828
rc_trial_a33_k3_hn05,2,222,4222,0.143144,0.375932
rc_trial_a33_k3_hn05,2,223,4223,0.178532,0.650051
rc_trial_a33_k3_hn05,2,224,4224,0.441313,0.257704
rc_trial_a33_k3_hn05,2,225,4225,0.824469,0.525468
rc_trial_a33_k3_hn05,2,226,4226,0.488114,0.594262
rc_trial_a33_k3_hn05,2,227,4227,0.45627,0.704903
rc_trial_a33_k3_hn05,2,228,4228,0.563973,1.09529
rc_trial_a33_k3_hn05,2,229,4229,0.607932,1.2676
rc_trial_a33_k3_hn05,2,230,4230,0.190107,0.17198
rc_trial_a33_k3_hn05,2,231,4231,0.382438,0.49124
rc_trial_a33_k3_hn05,2,232,4232,0.446341,0.434468
rc_trial_a33_k3_hn05,2,233,4233,0.360754,0.408756
rc_trial_a33_k3_hn05,2,234,4234,-0.00239815,0.362787
rc_trial_a33_k3_hn05,2,235,4235,0.0945462,0.489369
rc_trial_a33_k3_hn05,2,236,4236,0.943093,0.713137
rc_trial_a33_k3_hn05,2,237,4237,0.976332,0.664885
rc_trial_a33_k3_hn05,2,238,4238,0.277605,0.118175
rc_trial_a33_k3_hn05,2,239,4239,0.34737,0.11801
rc_trial_a33_k3_hn05,2,240,4240,0.343706,0.108701
rc_trial_a33_k3_hn05,2,241,4241,0.491415,0.0034086
rc_trial_a33_k3_hn05,2,242,4242,0.423175,0.0116351
rc_trial_a33_k3_hn05,2,243,4243,0.233111,0.00447587
rc_trial_a33_k3_hn05,2,244,4244,0.136329,0.534819
rc_trial_a33_k3_hn05,2,245,4245,0.217794,0.0373838
rc_trial_a33_k3_hn05,2,246,4246,0.349793,0.438839
rc_trial_a33_k3_hn05,2,247,4247,0.34636,0.118395
rc_trial_a33_k3_hn05,2,248,4248,0.32006,0.328826
rc_trial_a33_k3_hn05,2,249,4249,0.338188,0.0940044
rc_trial_a33_k3_hn05,2,250,4250,0.336937,0.389004
rc_trial_a33_k3_hn05,2,251,4251,0.234634,0.207523
rc_trial_a33_k3_hn05,2,252,4252,0.267693,0.187167
rc_trial_a33_k3_hn05,2,253,4253,0.300674,0.154084
rc_trial_a33_k3_hn05,2,254,4254,0.108179,0.484306
rc_trial_a33_k3_hn05,2,255,4255,0.221219,0.636512
rc_trial_a33_k3_hn05,2,256,4256,0.157634,0.458705
rc_trial_a33_k3_hn05,2,257,4257,-0.0562783,0.387407
rc_trial_a33_k3_hn05,2,258,4258,0.770064,0.629059
rc_trial_a33_k3_hn05,2,259,4259,0.688996,0.728615
rc_trial_a33_k3_hn05,2,260,4260,0.479094,0.261316
rc_trial_a33_k3_hn05,2,261,4261,0.4349,0.248989
rc_trial_a33_k3_hn05,2,262,4262,0.879507,0.67231
rc_trial_a33_k3_hn05,2,263,4263,0.884363,0.638242
rc_trial_a33_k3_hn05,2,264,4264,0.39127,0.318798
rc_trial_a33_k3_hn05,2,265,4265,0.591076,0.294558
rc_trial_a33_k3_hn05,2,266,4266,0.525084,0.132622
rc_trial_a33_k3_hn05,2,267,4267,0.618798,0.147719
rc_trial_a33_k3_hn05,2,268,4268,0.445646,0.330172
rc_trial_a33_k3_hn05,2,269,4269,0.393868,0.0977197
rc_trial_a33_k3_hn05,2,270,4270,0.355957,0.0300562
rc_trial_a33_k3_hn05,2,271,4271,0.268487,0.0468438
rc_trial_a33_k3_hn05,2,272,4272,0.198327,0.0764421
rc_trial_a33_k3_hn05,2,273,4273,0.523147,0.426299
rc_trial_a33_k3_hn05,2,274,4274,0.538136,0.437217
rc_trial_a33_k3_hn05,2,275,4275,0.566168,0.372415
rc_trial_a33_k3_hn05,2,276,4276,0.269435,0.225872
rc_trial_a33_k3_hn05,2,277,4277,0.303112,0.314006
rc_trial_a33_k3_hn05,2,278,4278,0.235401,0.227646
rc_trial_a33_k3_hn05,2,279,4279,0.0871402,0.383963
rc_trial_a33_k3_hn05,2,280,4280,0.226662,0.362905
rc_trial_a33_k3_hn05,2,281,4281,0.30796,0.293093
rc_trial_a33_k3_hn05,2,282,4282,0.349282,0.400923
rc_trial_a33_k3_hn05,2,283,4283,0.193377,0.651823
rc_trial_a33_k3_hn05,2,284,4284,0.567356,0.69582
rc_trial_a33_k3_hn05,2,285,4285,0.38279,0.359667
rc_trial_a33_k3_hn05,2,286,4286,0.349281,0.130067
rc_trial_a33_k3_hn05,2,287,4287,0.175685,0.187789
rc_trial_a33_k3_hn05,2,288,4288,0.778705,0.968887
rc_trial_a33_k3_hn05,2,289,4289,0.763153,0.42691
rc_trial_a33_k3_hn05,2,290,4290,0.266524,1.03358
rc_trial_a33_k3_hn05,2,291,4291,0.601959,0.283078
rc_trial_a33_k3_hn05,2,292,4292,0.0112703,0.54332
rc_trial_a33_k3_hn05,2,293,4293,-0.0743109,0.204539
rc_trial_a33_k3_hn05,2,294,4294,0.0167857,0.41126
rc_trial_a33_k3_hn05,2,295,4295,0.0644727,0.542614
rc_trial_a33_k3_hn05,2,296,4296,-0.0659286,0.529924
rc_trial_a33_k3_hn05,2,297,4297,0.832562,0.709825
rc_trial_a33_k3_hn05,2,298,4298,1.1078,0.547806
rc_trial_a33_k3_hn05,2,299,4299,1.04093,0.532674
rc_trial_a33_k3_hn05,2,300,4300,0.770402,0.370521
rc_trial_a33_k3_hn05,2,301,4301,0.820515,0.659089
rc_trial_a33_k3_hn05,2,302,4302,0.954985,0.620986
rc_trial_a33_k3_hn05,2,303,4303,0.938182,0.483689
rc_trial_a33_k3_hn05,2,304,4304,0.112248,0.668533
rc_trial_a33_k3_hn05,2,305,4305,0.174731,0.513492
rc_trial_a33_k3_hn05,2,306,4306,-0.222818,0.927101
rc_trial_a33_k3_hn05,2,307,4307,0.343687,0.226005
rc_trial_a33_k3_hn05,2,308,4308,0.566321,0.473337
rc_trial_a33_k3_hn05,2,309,4309,0.607913,0.686583
rc_trial_a33_k3_hn05,2,310,4310,0.570574,0.784331
rc_trial_a33_k3_hn05,2,311,4311,0.853133,0.902792
rc_trial_a33_k3_hn05,2,312,4312,0.62903,0.826776
rc_trial_a33_k3_hn05,2,313,4313,0.51192,1.00496
rc_trial_a33_k3_hn05,2,314,4314,0.440258,0.664364
rc_trial_a33_k3_hn05,2,315,4315,0.834142,0.683048
rc_trial_a33_k3_hn05,2,316,4316,1.46789,1.03302
rc_trial_a33_k3_hn05,2,317,4317,1.69387,0.806754
rc_trial_a33_k3_hn05,2,318,4318,1.99196,0.884274
rc_trial_a33_k3_hn05,2,319,4319,0.980189,0.48277
rc_trial_a33_k3_hn05,2,320,4320,1.12907,0.463071
rc_trial_a33_k3_hn05,2,321,4321,1.25242,0.579006
rc_trial_a33_k3_hn05,2,322,4322,1.24953,0.382622
rc_trial_a33_k3_hn05,2,323,4323,1.44329,0.544279
rc_trial_a33_k3_hn05,2,324,4324,1.46854,0.612708
rc_trial_a33_k3_hn05,2,325,4325,1.37042,0.612429
rc_trial_a33_k3_hn05,2,326,4326,1.16239,0.546041
rc_trial_a33_k3_hn05,2,327,4327,0.741078,0.795729
rc_trial_a33_k3_hn05,2,328,4328,0.575841,0.494187
rc_trial_a33_k3_hn05,2,329,4329,0.967941,0.988805
rc_trial_a33_k3_hn05,2,330,4330,1.0545,0.965826
rc_trial_a33_k3_hn05,2,331,4331,0.372047,0.093881
rc_trial_a33_k3_hn05,2,332,4332,0.277615,0.101915
rc_trial_a33_k3_hn05,2,333,4333,0.280035,0.242106
rc_trial_a33_k3_hn05,2,334,4334,0.322465,0.365825
rc_trial_a33_k3_hn05,2,335,4335,0.0539599,0.249458
rc_trial_a33_k3_hn05,2,336,4336,-0.0890891,0.253891
rc_trial_a33_k3_hn05,2,337,4337,-0.247996,0.707837
rc_trial_a33_k3_hn05,2,338,4338,-0.300796,1.25194
rc_trial_a33_k3_hn05,2,339,4339,-0.355029,0.685071
rc_trial_a33_k3_hn05,2,340,4340,-0.303751,0.907363
rc_trial_a33_k3_hn05,2,341,4341,-0.352184,0.750113
rc_trial_a33_k3_hn05,2,342,4342,-0.354726,0.678797
rc_trial_a33_k3_hn05,2,343,4343,-0.217261,0.586047
rc_trial_a33_k3_hn05,2,344,4344,0.745225,0.58879
rc_trial_a33_k3_hn05,2,345,4345,0.63255,0.583206
rc_trial_a33_k3_hn05,2,346,4346,0.533742,0.58565
rc_trial_a33_k3_hn05,2,347,4347,0.463712,0.7826
rc_trial_a33_k3_hn05,2,348,4348,0.502234,0.919243
rc_trial_a33_k3_hn05,2,349,4349,0.522859,1.19581
rc_trial_a33_k3_hn05,2,350,4350,0.691924,0.706992
rc_trial_a33_k3_hn05,2,351,4351,0.581688,0.542475
rc_trial_a33_k3_hn05,2,352,4352,0.131014,0.270029
rc_trial_a33_k3_hn05,2,353,4353,0.21466,0.335778
rc_trial_a33_k3_hn05,2,354,4354,0.428349,0.551156
rc_trial_a33_k3_hn05,2,355,4355,0.506628,0.326944
rc_trial_a33_k3_hn05,2,356,4356,0.514407,1.20178
rc_trial_a33_k3_hn05,2,357,4357,0.328625,0.461634
rc_trial_a33_k3_hn05,2,358,4358,0.624662,0.564179
rc_trial_a33_k3_hn05,2,359,4359,0.74542,0.300655
rc_trial_a33_k3_hn05,2,360,4360,0.719766,0.741467
rc_trial_a33_k3_hn05,2,361,4361,0.744665,0.397991
rc_trial_a33_k3_hn05,2,362,4362,0.822235,0.425196
rc_trial_a33_k3_hn05,2,363,4363,0.586813,0.239335
rc_trial_a33_k3_hn05,2,364,4364,0.00242141,0.455756
rc_trial_a33_k3_hn05,2,365,4365,0.204579,0.152972
rc_trial_a33_k3_hn05,2,366,4366,0.244492,0.0960685
rc_trial_a33_k3_hn05,2,367,4367,0.607273,0.381506
rc_trial_a33_k3_hn05,2,368,4368,0.55121,0.615671
rc_trial_a33_k3_hn05,2,369,4369,0.111133,0.510942
rc_trial_a33_k3_hn05,2,370,4370,-0.0847763,0.65626
rc_trial_a33_k3_hn05,2,371,4371,0.064623,0.448044
rc_trial_a33_k3_hn05,2,372,4372,0.186991,0.63586
rc_trial_a33_k3_hn05,2,373,4373,0.45255,0.827452
rc_trial_a33_k3_hn05,2,374,4374,0.6661,0.75018
rc_trial_a33_k3_hn05,2,375,4375,0.5733,0.419478
rc_trial_a33_k3_hn05,2,376,4376,0.524144,0.287656
rc_trial_a33_k3_hn05,2,377,4377,0.31558,0.259044
rc_trial_a33_k3_hn05,2,378,4378,0.493163,0.382254
rc_trial_a33_k3_hn05,2,379,4379,0.488115,0.373688
rc_trial_a33_k3_hn05,2,380,4380,0.437842,0.223535
rc_trial_a33_k3_hn05,2,381,4381,0.902407,0.503896
rc_trial_a33_k3_hn05,2,382,4382,0.914106,0.465327
rc_trial_a33_k3_hn05,2,383,4383,0.123345,0.0415332
rc_trial_a33_k3_hn05,2,384,4384,0.179082,0.283734
rc_trial_a33_k3_hn05,2,385,4385,0.25657,0.104237
rc_trial_a33_k3_hn05,2,386,4386,0.243626,0.0956859
rc_trial_a33_k3_hn05,2,387,4387,0.131762,0.404357
rc_trial_a33_k3_hn05,2,388,4388,0.0520643,0.468846
rc_trial_a33_k3_hn05,2,389,4389,0.273889,0.498458
rc_trial_a33_k3_hn05,2,390,4390,0.148609,0.24945
rc_trial_a33_k3_hn05,2,391,4391,0.507663,0.616489
rc_trial_a33_k3_hn05,2,392,4392,0.480009,0.517245
rc_trial_a33_k3_hn05,2,393,4393,0.472036,0.47084
rc_trial_a33_k3_hn05,2,394,4394,0.375484,0.570173
rc_trial_a33_k3_hn05,2,395,4395,0.237289,0.415281
rc_trial_a33_k3_hn05,2,396,4396,0.791886,0.625935
rc_trial_a33_k3_hn05,2,397,4397,-0.487456,0.865609
rc_trial_a33_k3_hn05,2,398,4398,-0.491227,0.921698
rc_trial_a33_k3_hn05,2,399,4399,-0.562609,0.883763
rc_trial_a33_k3_hn05,2,400,4400,-0.666446,0.657942
rc_trial_a33_k3_hn05,2,401,4401,-0.63669,0.753703
rc_trial_a33_k3_hn05,2,402,4402,-0.701346,0.730158
rc_trial_a33_k3_hn05,2,403,4403,0.430264,0.299888
rc_trial_a33_k3_hn05,2,404,4404,0.431213,0.85856
rc_trial_a33_k3_hn05,2,405,4405,0.562601,0.820286
rc_trial_a33_k3_hn05,2,406,4406,0.724144,0.364754
rc_trial_a33_k3_hn05,2,407,4407,0.805788,0.589224
rc_trial_a33_k3_hn05,2,408,4408,0.741851,0.587584
rc_trial_a33_k3_hn05,2,409,4409,0.623937,0.395825
rc_trial_a33_k3_hn05,2,410,4410,0.859478,0.465443
rc_trial_a33_k3_hn05,2,411,4411,0.852203,0.644169
rc_trial_a33_k3_hn05,2,412,4412,0.803632,0.667963
rc_trial_a33_k3_hn05,2,413,4413,0.691066,0.346302
rc_trial_a33_k3_hn05,2,414,4414,0.689435,0.293376
rc_trial_a33_k3_hn05,2,415,4415,0.164119,0.170271
rc_trial_a33_k3_hn05,2,416,4416,0.472642,0.146097
rc_trial_a33_k3_hn05,2,417,4417,0.450242,0.12671
rc_trial_a33_k3_hn05,2,418,4418,0.440598,0.113033
rc_trial_a33_k3_hn05,2,419,4419,0.288286,0.207682
rc_trial_a33_k3_hn05,2,420,4420,0.694739,0.428198
rc_trial_a33_k3_hn05,2,421,4421,0.300449,0.219342
rc_trial_a33_k3_hn05,2,422,4422,-0.00288941,0.379796
rc_trial_a33_k3_hn05,2,423,4423,0.0869545,0.123618
rc_trial_a33_k3_hn05,2,424,4424,0.269416,0.144064
rc_trial_a33_k3_hn05,2,425,4425,0.306441,0.297705
rc_trial_a33_k3_hn05,2,426,4426,0.299397,0.212703
rc_trial_a33_k3_hn05,2,427,4427,0.236302,0.198904
rc_trial_a33_k3_hn05,2,428,4428,0.186577,0.160807
rc_trial_a33_k3_hn05,2,429,4429,0.38432500000000003,0.246605
rc_trial_a33_k3_hn05,2,430,4430,0.265948,0.253508
rc_trial_a33_k3_hn05,2,431,4431,0.678451,0.212969
rc_trial_a33_k3_hn05,2,432,4432,0.532088,0.259394
rc_trial_a33_k3_hn05,2,433,4433,0.327019,0.980943
rc_trial_a33_k3_hn05,2,434,4434,0.0572283,0.595819
rc_trial_a33_k3_hn05,2,435,4435,0.379192,0.681241
rc_trial_a33_k3_hn05,2,436,4436,0.525868,0.751732
rc_trial_a33_k3_hn05,2,437,4437,0.87663,0.525268
rc_trial_a33_k3_hn05,2,438,4438,0.256374,0.283043
rc_trial_a33_k3_hn05,2,439,4439,0.200906,0.324816
rc_trial_a33_k3_hn05,2,440,4440,0.33968,0.106404
rc_trial_a33_k3_hn05,2,441,4441,0.301683,0.117073
rc_trial_a33_k3_hn05,2,442,4442,0.175637,0.0738136
rc_trial_a33_k3_hn05,2,443,4443,0.274639,0.0782487
rc_trial_a33_k3_hn05,2,444,4444,0.172864,0.0973127
rc_trial_a33_k3_hn05,2,445,4445,0.189426,0.105743
rc_trial_a33_k3_hn05,2,446,4446,0.296931,0.141081
rc_trial_a33_k3_hn05,2,447,4447,0.326207,0.47745
rc_trial_a33_k3_hn05,2,448,4448,0.0322027,0.281129
rc_trial_a33_k3_hn05,2,449,4449,0.511624,0.0815566
rc_trial_a33_k3_hn05,2,450,4450,0.0639948,0.0908482
rc_trial_a33_k3_hn05,2,451,4451,0.186232,0.0927711
rc_trial_a33_k3_hn05,2,452,4452,0.231896,0.102703
rc_trial_a33_k3_hn05,2,453,4453,0.204884,0.190438
rc_trial_a33_k3_hn05,2,454,4454,0.285268,0.0407555
rc_trial_a33_k3_hn05,2,455,4455,0.293454,0.022074
rc_trial_a33_k3_hn05,2,456,4456,0.232497,0.00619776
rc_trial_a33_k3_hn05,2,457,4457,0.185111,0.00550562
rc_trial_a33_k3_hn05,2,458,4458,0.083596,0.1882
rc_trial_a33_k3_hn05,2,459,4459,0.30917,0.289933
rc_trial_a33_k3_hn05,2,460,4460,-0.229094,0.384286
rc_trial_a33_k3_hn05,2,461,4461,0.0753166,0.378842
rc_trial_a33_k3_hn05,2,462,4462,-0.0434258,1.25616
rc_trial_a33_k3_hn05,2,463,4463,-0.0295427,1.2377
rc_trial_a33_k3_hn05,2,464,4464,-0.0934143,0.509454
rc_trial_a33_k3_hn05,2,465,4465,0.00795157,0.328719
rc_trial_a33_k3_hn05,2,466,4466,0.150743,0.35163
rc_trial_a33_k3_hn05,2,467,4467,0.360082,0.692946
rc_trial_a33_k3_hn05,2,468,4468,0.184891,0.262836
rc_trial_a33_k3_hn05,2,469,4469,0.179645,0.443318
rc_trial_a33_k3_hn05,2,470,4470,0.201157,0.437797
rc_trial_a33_k3_hn05,2,471,4471,0.838353,0.793396
rc_trial_a33_k3_hn05,2,472,4472,0.124794,0.708392
rc_trial_a33_k3_hn05,2,473,4473,0.0986033,0.629526
rc_trial_a33_k3_hn05,2,474,4474,0.34924500000000003,1.47138
rc_trial_a33_k3_hn05,2,475,4475,0.0961627,0.259081
rc_trial_a33_k3_hn05,2,476,4476,0.444618,0.482733
rc_trial_a33_k3_hn05,2,477,4477,0.245504,0.613454
rc_trial_a33_k3_hn05,2,478,4478,0.305633,0.320205
rc_trial_a33_k3_hn05,2,479,4479,-0.0519219,0.363941
rc_trial_a33_k3_hn05,2,480,4480,0.159792,0.666481
rc_trial_a33_k3_hn05,2,481,4481,-0.384205,0.920068
rc_trial_a33_k3_hn05,2,482,4482,-0.320995,1.35364
rc_trial_a33_k3_hn05,2,483,4483,-0.662305,0.817657
rc_trial_a33_k3_hn05,2,484,4484,-0.749362,0.722151
rc_trial_a33_k3_hn05,2,485,4485,-0.226953,1.20383
rc_trial_a33_k3_hn05,2,486,4486,0.1,0.626697
rc_trial_a33_k3_hn05,2,487,4487,0.424441,0.132308
rc_trial_a33_k3_hn05,2,488,4488,0.230048,0.22733
rc_trial_a33_k3_hn05,2,489,4489,0.11095,0.107636
rc_trial_a33_k3_hn05,2,490,4490,0.271159,0.149536
rc_trial_a33_k3_hn05,2,491,4491,0.0391837,0.469337
rc_trial_a33_k3_hn05,2,492,4492,-0.0010964,0.375977
rc_trial_a33_k3_hn05,2,493,4493,0.410157,0.477115
rc_trial_a33_k3_hn05,2,494,4494,0.428854,0.518117
rc_trial_a33_k3_hn05,2,495,4495,0.515731,0.55024
rc_trial_a33_k3_hn05,2,496,4496,0.357062,0.732993
rc_trial_a33_k3_hn05,2,497,4497,0.308072,0.25657
rc_trial_a33_k3_hn05,2,498,4498,0.292462,0.263359
rc_trial_a33_k3_hn05,2,499,4499,0.263647,0.076462
rc_trial_a33_k3_hn05,2,500,4500,0.362714,0.262679
rc_trial_a33_k3_hn05,2,501,4501,0.370949,0.268891
rc_trial_a33_k3_hn05,2,502,4502,0.208282,0.609345
rc_trial_a33_k3_hn05,2,503,4503,-0.0547155,0.63727
rc_trial_a33_k3_hn05,2,504,4504,0.353765,0.014456
rc_trial_a33_k3_hn05,2,505,4505,0.171935,0.0204676
rc_trial_a33_k3_hn05,2,506,4506,0.319592,0.0310685
rc_trial_a33_k3_hn05,2,507,4507,0.310068,0.251787
rc_trial_a33_k3_hn05,2,508,4508,0.778179,0.370459
rc_trial_a33_k3_hn05,2,509,4509,0.216611,0.252076
rc_trial_a33_k3_hn05,2,510,4510,0.0145055,0.322888
rc_trial_a33_k3_hn05,2,511,4511,-0.0932598,0.390519
rc_trial_a33_k3_hn05,2,512,4512,0.321607,0.0416595
rc_trial_a33_k3_hn05,2,513,4513,0.281693,0.00375505
rc_trial_a33_k3_hn05,2,514,4514,0.285022,0.00645689
rc_trial_a33_k3_hn05,2,515,4515,0.289134,0.198208
rc_trial_a33_k3_hn05,2,516,4516,0.323955,0.05932
rc_trial_a33_k3_hn05,2,517,4517,0.328597,0.0859524
rc_trial_a33_k3_hn05,2,518,4518,-0.0336183,0.054108
rc_trial_a33_k3_hn05,2,519,4519,0.545023,0.0114402
rc_trial_a33_k3_hn05,2,520,4520,0.0322135,0.111561
rc_trial_a33_k3_hn05,2,521,4521,0.460986,0.199638
rc_trial_a33_k3_hn05,2,522,4522,0.8378,0.633338
rc_trial_a33_k3_hn05,2,523,4523,0.0564619,0.736199
rc_trial_a33_k3_hn05,2,524,4524,0.148629,0.307338
rc_trial_a33_k3_hn05,2,525,4525,-0.0320127,0.354502
rc_trial_a33_k3_hn05,2,526,4526,0.3466,0.318219
rc_trial_a33_k3_hn05,2,527,4527,0.906331,0.708685
rc_trial_a33_k3_hn05,2,528,4528,0.941316,0.620464
rc_trial_a33_k3_hn05,2,529,4529,0.129302,1.04244
rc_trial_a33_k3_hn05,2,530,4530,0.0480367,0.392527
rc_trial_a33_k3_hn05,2,531,4531,0.247336,0.238404
rc_trial_a33_k3_hn05,2,532,4532,0.516608,1.16537
rc_trial_a33_k3_hn05,2,533,4533,0.713543,0.332634
rc_trial_a33_k3_hn05,2,534,4534,0.7149,0.382941
rc_trial_a33_k3_hn05,2,535,4535,0.267413,0.671798
rc_trial_a33_k3_hn05,2,536,4536,0.486121,0.178806
rc_trial_a33_k3_hn05,2,537,4537,0.0905327,0.235551
rc_trial_a33_k3_hn05,2,538,4538,0.519936,0.435869
rc_trial_a33_k3_hn05,2,539,4539,0.604331,0.444251
rc_trial_a33_k3_hn05,2,540,4540,0.513838,0.339355
rc_trial_a33_k3_hn05,2,541,4541,0.494658,0.301437
rc_trial_a33_k3_hn05,2,542,4542,0.680934,0.34251
rc_trial_a33_k3_hn05,2,543,4543,0.597689,1.0084
rc_trial_a33_k3_hn05,2,544,4544,0.512207,0.524867
rc_trial_a33_k3_hn05,2,545,4545,0.141307,0.376255
rc_trial_a33_k3_hn05,2,546,4546,0.325486,0.0868959
rc_trial_a33_k3_hn05,2,547,4547,0.0978525,0.103469
rc_trial_a33_k3_hn05,2,548,4548,0.338304,0.0510133
rc_trial_a33_k3_hn05,2,549,4549,0.258325,0.0714626
rc_trial_a33_k3_hn05,2,550,4550,0.433581,0.136889
rc_trial_a33_k3_hn05,2,551,4551,0.281822,0.00908466
rc_trial_a33_k3_hn05,2,552,4552,0.295812,0.0155323
rc_trial_a33_k3_hn05,2,553,4553,0.302107,0.026925
rc_trial_a33_k3_hn05,2,554,4554,0.200953,0.0979618
rc_trial_a33_k3_hn05,2,555,4555,0.328198,0.542614
rc_trial_a33_k3_hn05,2,556,4556,0.200206,0.210564
rc_trial_a33_k3_hn05,2,557,4557,0.234827,0.536565
rc_trial_a33_k3_hn05,2,558,4558,0.259282,0.542651
rc_trial_a33_k3_hn05,2,559,4559,0.244723,0.39449
rc_trial_a33_k3_hn05,2,560,4560,0.170949,0.401105
rc_trial_a33_k3_hn05,2,561,4561,1.68043,0.944706
rc_trial_a33_k3_hn05,2,562,4562,1.5756,0.88623
rc_trial_a33_k3_hn05,2,563,4563,1.64887,0.719167
rc_trial_a33_k3_hn05,2,564,4564,1.6528,0.8808
rc_trial_a33_k3_hn05,2,565,4565,0.748947,0.235054
rc_trial_a33_k3_hn05,2,566,4566,0.799806,0.187839
rc_trial_a33_k3_hn05,2,567,4567,1.07735,0.480405
rc_trial_a33_k3_hn05,2,568,4568,0.600414,1.38188
rc_trial_a33_k3_hn05,2,569,4569,0.62905,1.5635
rc_trial_a33_k3_hn05,2,570,4570,0.660929,1.7844
rc_trial_a33_k3_hn05,2,571,4571,0.589223,1.54739
rc_trial_a33_k3_hn05,2,572,4572,0.276332,0.180537
rc_trial_a33_k3_hn05,2,573,4573,0.291515,0.158406
rc_trial_a33_k3_hn05,2,574,4574,0.559719,0.70762
rc_trial_a33_k3_hn05,2,575,4575,0.560703,0.554854
rc_trial_a33_k3_hn05,2,576,4576,0.511329,0.692672
rc_trial_a33_k3_hn05,2,577,4577,0.24822,0.664756
rc_trial_a33_k3_hn05,2,578,4578,0.354659,0.633462
rc_trial_a33_k3_hn05,2,579,4579,0.207673,0.476221
rc_trial_a33_k3_hn05,2,580,4580,0.797755,0.433733
rc_trial_a33_k3_hn05,2,581,4581,0.161567,0.447058
rc_trial_a33_k3_hn05,2,582,4582,0.500146,0.627286
rc_trial_a33_k3_hn05,2,583,4583,0.414025,0.73029
rc_trial_a33_k3_hn05,2,584,4584,0.313452,0.815504
rc_trial_a33_k3_hn05,2,585,4585,0.648139,0.807156
rc_trial_a33_k3_hn05,2,586,4586,0.668322,0.639596
rc_trial_a33_k3_hn05,2,587,4587,0.70656,1.13166
rc_trial_a33_k3_hn05,2,588,4588,0.500291,0.221907
rc_trial_a33_k3_hn05,2,589,4589,0.374461,0.231886
rc_trial_a33_k3_hn05,2,590,4590,0.256834,0.970199
rc_trial_a33_k3_hn05,2,591,4591,0.267903,0.738814
rc_trial_a33_k3_hn05,2,592,4592,0.325296,0.77826
rc_trial_a33_k3_hn05,2,593,4593,0.242247,0.725917
rc_trial_a33_k3_hn05,2,594,4594,0.225415,0.492633
rc_trial_a33_k3_hn05,2,595,4595,0.761451,0.91584
rc_trial_a33_k3_hn05,2,596,4596,0.25256,0.465744
rc_trial_a33_k3_hn05,2,597,4597,0.0892874,0.818803
rc_trial_a33_k3_hn05,2,598,4598,-0.153837,0.585072
rc_trial_a33_k3_hn05,2,599,4599,-0.198737,0.88088
rc_trial_a33_k3_hn05,2,600,4600,-0.171025,1.15382
rc_trial_a33_k3_hn05,2,601,4601,-0.207966,1.1245
rc_trial_a33_k3_hn05,2,602,4602,0.00319808,0.409408
rc_trial_a33_k3_hn05,2,603,4603,0.197525,0.615695
rc_trial_a33_k3_hn05,2,604,4604,-0.148533,0.867257
rc_trial_a33_k3_hn05,2,605,4605,1.03356,0.713714
rc_trial_a33_k3_hn05,2,606,4606,1.1492,0.855505
rc_trial_a33_k3_hn05,2,607,4607,0.512346,0.610453
rc_trial_a33_k3_hn05,2,608,4608,0.807463,0.820533
rc_trial_a33_k3_hn05,2,609,4609,1.13003,0.8065
rc_trial_a33_k3_hn05,2,610,4610,1.04387,0.74547
rc_trial_a33_k3_hn05,2,611,4611,1.03409,0.577971
rc_trial_a33_k3_hn05,2,612,4612,0.204359,0.223696
rc_trial_a33_k3_hn05,2,613,4613,0.0346456,0.239898
rc_trial_a33_k3_hn05,2,614,4614,0.183253,0.565055
rc_trial_a33_k3_hn05,2,615,4615,0.57683,0.195718
rc_trial_a33_k3_hn05,2,616,4616,0.504431,0.207107
rc_trial_a33_k3_hn05,2,617,4617,0.341018,0.267038
rc_trial_a33_k3_hn05,2,618,4618,0.526117,0.266099
rc_trial_a33_k3_hn05,2,619,4619,0.579316,0.572748
rc_trial_a33_k3_hn05,2,620,4620,0.686625,0.520947
rc_trial_a33_k3_hn05,2,621,4621,0.40147,0.13098
rc_trial_a33_k3_hn05,2,622,4622,0.408775,0.0320395
rc_trial_a33_k3_hn05,2,623,4623,0.15083,0.143585
rc_trial_a33_k3_hn05,2,624,4624,0.130624,0.0866222
rc_trial_a33_k3_hn05,2,625,4625,0.292975,0.0170311
rc_trial_a33_k3_hn05,2,626,4626,0.690402,0.122666
rc_trial_a33_k3_hn05,2,627,4627,-0.0872424,0.0666682
rc_trial_a33_k3_hn05,2,628,4628,0.40142099999999997,0.196169
rc_trial_a33_k3_hn05,2,629,4629,0.520595,0.151767
rc_trial_a33_k3_hn05,2,630,4630,0.639178,0.459757
rc_trial_a33_k3_hn05,2,631,4631,0.948412,1.10402
rc_trial_a33_k3_hn05,2,632,4632,1.10137,1.2404
rc_trial_a33_k3_hn05,2,633,4633,1.21882,1.49254
rc_trial_a33_k3_hn05,2,634,4634,0.937375,0.537201
rc_trial_a33_k3_hn05,2,635,4635,1.19357,0.882879
rc_trial_a33_k3_hn05,2,636,4636,0.74259,0.478714
rc_trial_a33_k3_hn05,2,637,4637,1.00739,0.607806
rc_trial_a33_k3_hn05,2,638,4638,-0.157348,0.967002
rc_trial_a33_k3_hn05,2,639,4639,0.892849,1.09402
rc_trial_a33_k3_hn05,2,640,4640,0.873389,0.636124
rc_trial_a33_k3_hn05,2,641,4641,0.653353,0.695532
rc_trial_a33_k3_hn05,2,642,4642,0.151377,0.697968
rc_trial_a33_k3_hn05,2,643,4643,-0.0239113,0.220011
rc_trial_a33_k3_hn05,2,644,4644,0.353392,0.318724
rc_trial_a33_k3_hn05,2,645,4645,0.432933,0.12638
rc_trial_a33_k3_hn05,2,646,4646,0.160542,0.197139
rc_trial_a33_k3_hn05,2,647,4647,0.139894,0.304206
rc_trial_a33_k3_hn05,2,648,4648,0.168993,0.193961
rc_trial_a33_k3_hn05,2,649,4649,0.302192,0.188057
rc_trial_a33_k3_hn05,2,650,4650,0.40157,0.296299
rc_trial_a33_k3_hn05,2,651,4651,0.228845,0.175918
rc_trial_a33_k3_hn05,2,652,4652,0.36374,0.338672
rc_trial_a33_k3_hn05,2,653,4653,0.360239,0.33527
rc_trial_a33_k3_hn05,2,654,4654,0.367589,0.330343
rc_trial_a33_k3_hn05,2,655,4655,0.179488,0.297786
rc_trial_a33_k3_hn05,2,656,4656,0.225963,0.295601
rc_trial_a33_k3_hn05,2,657,4657,0.421073,0.278681
rc_trial_a33_k3_hn05,2,658,4658,0.302363,0.139306
rc_trial_a33_k3_hn05,2,659,4659,0.391274,0.164919
rc_trial_a33_k3_hn05,2,660,4660,0.320183,0.472801
rc_trial_a33_k3_hn05,2,661,4661,0.229913,0.303757
rc_trial_a33_k3_hn05,2,662,4662,0.197149,0.321263
rc_trial_a33_k3_hn05,2,663,4663,0.162345,0.367023
rc_trial_a33_k3_hn05,2,664,4664,0.201327,0.157623
rc_trial_a33_k3_hn05,2,665,4665,0.28895,0.216372
rc_trial_a33_k3_hn05,2,666,4666,0.314328,0.212212
rc_trial_a33_k3_hn05,2,667,4667,0.291715,0.341846
rc_trial_a33_k3_hn05,2,668,4668,0.246713,0.217225
rc_trial_a33_k3_hn05,2,669,4669,0.0930967,0.180321
rc_trial_a33_k3_hn05,2,670,4670,1.09414,0.932719
rc_trial_a33_k3_hn05,2,671,4671,0.805829,0.812573
rc_trial_a33_k3_hn05,2,672,4672,0.771501,0.901612
rc_trial_a33_k3_hn05,2,673,4673,0.500396,0.25692
rc_trial_a33_k3_hn05,2,674,4674,0.627186,0.240735
rc_trial_a33_k3_hn05,2,675,4675,0.317153,0.713918
rc_trial_a33_k3_hn05,2,676,4676,0.356693,0.633367
rc_trial_a33_k3_hn05,2,677,4677,0.420083,0.330254
rc_trial_a33_k3_hn05,2,678,4678,0.579299,0.49074
rc_trial_a33_k3_hn05,2,679,4679,0.541963,0.249344
rc_trial_a33_k3_hn05,2,680,4680,0.670734,0.407789
rc_trial_a33_k3_hn05,2,681,4681,0.526203,0.524952
rc_trial_a33_k3_hn05,2,682,4682,0.593443,0.793674
rc_trial_a33_k3_hn05,2,683,4683,0.606143,0.607718
rc_trial_a33_k3_hn05,2,684,4684,0.574701,0.785627
rc_trial_a33_k3_hn05,2,685,4685,0.479892,0.865708
rc_trial_a33_k3_hn05,2,686,4686,0.605466,0.555747
rc_trial_a33_k3_hn05,2,687,4687,0.824214,0.748482
rc_trial_a33_k3_hn05,2,688,4688,0.644958,0.295905
rc_trial_a33_k3_hn05,2,689,4689,0.595167,0.527677
rc_trial_a33_k3_hn05,2,690,4690,0.834777,0.523323
rc_trial_a33_k3_hn05,2,691,4691,1.0965,0.427039
rc_trial_a33_k3_hn05,2,692,4692,0.482011,0.158095
rc_trial_a33_k3_hn05,2,693,4693,0.336423,0.105346
rc_trial_a33_k3_hn05,2,694,4694,0.662805,0.407012
rc_trial_a33_k3_hn05,2,695,4695,0.931197,0.401144
rc_trial_a33_k3_hn05,2,696,4696,0.857313,0.689882
rc_trial_a33_k3_hn05,2,697,4697,0.857846,0.748876
rc_trial_a33_k3_hn05,2,698,4698,1.04504,0.552684
rc_trial_a33_k3_hn05,2,699,4699,0.212938,0.177261
rc_trial_a33_k3_hn05,2,700,4700,0.45507,0.116495
rc_trial_a33_k3_hn05,2,701,4701,0.0481502,0.0768797
rc_trial_a33_k3_hn05,2,702,4702,0.217484,0.597078
rc_trial_a33_k3_hn05,2,703,4703,0.171456,0.29135
rc_trial_a33_k3_hn05,2,704,4704,0.00308124,0.37032
rc_trial_a33_k3_hn05,2,705,4705,0.0968873,1.05529
rc_trial_a33_k3_hn05,2,706,4706,0.101658,1.11587
rc_trial_a33_k3_hn05,2,707,4707,0.113928,0.715494
rc_trial_a33_k3_hn05,2,708,4708,0.706231,0.393015
rc_trial_a33_k3_hn05,2,709,4709,0.479365,0.503383
rc_trial_a33_k3_hn05,2,710,4710,0.623311,0.271684
rc_trial_a33_k3_hn05,2,711,4711,0.415594,0.211976
rc_trial_a33_k3_hn05,2,712,4712,0.400377,0.204971
rc_trial_a33_k3_hn05,2,713,4713,0.523843,0.549313
rc_trial_a33_k3_hn05,2,714,4714,0.633202,0.496394
rc_trial_a33_k3_hn05,2,715,4715,0.529332,0.222939
rc_trial_a33_k3_hn05,2,716,4716,0.353131,0.120606
rc_trial_a33_k3_hn05,2,717,4717,0.335144,0.879983
rc_trial_a33_k3_hn05,2,718,4718,0.097981,0.0558506
rc_trial_a33_k3_hn05,2,719,4719,0.350764,0.0599212
rc_trial_a33_k3_hn05,2,720,4720,0.378317,0.13776
rc_trial_a33_k3_hn05,2,721,4721,0.195173,0.0233683
rc_trial_a33_k3_hn05,2,722,4722,0.403222,0.121713
rc_trial_a33_k3_hn05,2,723,4723,0.475869,0.255646
rc_trial_a33_k3_hn05,2,724,4724,0.505062,0.775474
rc_trial_a33_k3_hn05,2,725,4725,0.775839,0.497006
rc_trial_a33_k3_hn05,2,726,4726,0.36962,0.260356
rc_trial_a33_k3_hn05,2,727,4727,0.273475,0.134519
rc_trial_a33_k3_hn05,2,728,4728,0.454399,0.403671
rc_trial_a33_k3_hn05,2,729,4729,0.547186,0.346584
rc_trial_a33_k3_hn05,2,730,4730,0.469601,0.3319
rc_trial_a33_k3_hn05,2,731,4731,0.315837,0.290152
rc_trial_a33_k3_hn05,2,732,4732,0.14335,0.304946
rc_trial_a33_k3_hn05,2,733,4733,0.0329037,0.844357
rc_trial_a33_k3_hn05,2,734,4734,-0.367,0.767861
rc_trial_a33_k3_hn05,2,735,4735,-0.396892,0.890065
rc_trial_a33_k3_hn05,2,736,4736,0.301554,0.0852256
rc_trial_a33_k3_hn05,2,737,4737,0.225778,0.396799
rc_trial_a33_k3_hn05,2,738,4738,-0.114369,0.319605
rc_trial_a33_k3_hn05,2,739,4739,0.556166,0.498726
rc_trial_a33_k3_hn05,2,740,4740,0.67201,0.967477
rc_trial_a33_k3_hn05,2,741,4741,0.412328,0.409616
rc_trial_a33_k3_hn05,2,742,4742,0.593642,0.457163
rc_trial_a33_k3_hn05,2,743,4743,0.204609,0.635443
rc_trial_a33_k3_hn05,2,744,4744,-0.172039,0.73129
rc_trial_a33_k3_hn05,2,745,4745,-0.132168,0.601515
rc_trial_a33_k3_hn05,2,746,4746,-0.314368,0.457465
rc_trial_a33_k3_hn05,2,747,4747,-0.218087,0.612392
rc_trial_a33_k3_hn05,2,748,4748,-0.590818,0.52087
rc_trial_a33_k3_hn05,2,749,4749,0.325154,0.0885594
rc_trial_a33_k3_hn05,2,750,4750,0.101969,0.435092
rc_trial_a33_k3_hn05,2,751,4751,0.343707,0.0273455
rc_trial_a33_k3_hn05,2,752,4752,0.336375,0.0298749
rc_trial_a33_k3_hn05,2,753,4753,0.10073,0.138938
rc_trial_a33_k3_hn05,2,754,4754,0.22699,0.188503
rc_trial_a33_k3_hn05,2,755,4755,0.163529,0.298051
rc_trial_a33_k3_hn05,2,756,4756,0.318025,0.0785863
rc_trial_a33_k3_hn05,2,757,4757,0.707016,0.8012
rc_trial_a33_k3_hn05,2,758,4758,0.693818,0.916124
rc_trial_a33_k3_hn05,2,759,4759,1.00679,0.761846
rc_trial_a33_k3_hn05,2,760,4760,0.749753,0.721237
rc_trial_a33_k3_hn05,2,761,4761,0.856795,0.523182
rc_trial_a33_k3_hn05,2,762,4762,0.975449,0.701248
rc_trial_a33_k3_hn05,2,763,4763,0.94562,0.780091
rc_trial_a33_k3_hn05,2,764,4764,1.01713,0.688927
rc_trial_a33_k3_hn05,2,765,4765,0.877545,0.417267
rc_trial_a33_k3_hn05,2,766,4766,0.404453,0.937382
rc_trial_a33_k3_hn05,2,767,4767,0.391373,0.983056
rc_trial_a33_k3_hn05,2,768,4768,0.413544,0.641917
rc_trial_a33_k3_hn05,2,769,4769,0.403293,0.615188
rc_trial_a33_k3_hn05,2,770,4770,0.386256,0.431676
rc_trial_a33_k3_hn05,2,771,4771,0.0970149,0.568171
rc_trial_a33_k3_hn05,2,772,4772,0.574228,0.292568
rc_trial_a33_k3_hn05,2,773,4773,0.546819,0.341001
rc_trial_a33_k3_hn05,2,774,4774,0.806096,0.497828
rc_trial_a33_k3_hn05,2,775,4775,1.14089,0.611549
rc_trial_a33_k3_hn05,2,776,4776,1.08634,0.571998
rc_trial_a33_k3_hn05,2,777,4777,0.863603,0.384392
rc_trial_a33_k3_hn05,2,778,4778,0.358091,0.148236
rc_trial_a33_k3_hn05,2,779,4779,0.486534,0.153384
rc_trial_a33_k3_hn05,2,780,4780,0.438873,0.502025
rc_trial_a33_k3_hn05,2,781,4781,0.137155,0.766352
rc_trial_a33_k3_hn05,2,782,4782,0.107486,0.659269
rc_trial_a33_k3_hn05,2,783,4783,0.480402,0.430822
rc_trial_a33_k3_hn05,2,784,4784,0.474165,0.455583
rc_trial_a33_k3_hn05,2,785,4785,0.547253,0.450026
rc_trial_a33_k3_hn05,2,786,4786,0.592125,0.352011
rc_trial_a33_k3_hn05,2,787,4787,0.340122,0.259744
rc_trial_a33_k3_hn05,2,788,4788,0.671456,0.28149
rc_trial_a33_k3_hn05,2,789,4789,0.408811,0.217189
rc_trial_a33_k3_hn05,2,790,4790,0.111277,0.490484
rc_trial_a33_k3_hn05,2,791,4791,0.314562,0.428624
rc_trial_a33_k3_hn05,2,792,4792,0.132678,0.333292
rc_trial_a33_k3_hn05,2,793,4793,0.450356,0.946828
rc_trial_a33_k3_hn05,2,794,4794,0.480784,0.478987
rc_trial_a33_k3_hn05,2,795,4795,0.142406,0.476653
rc_trial_a33_k3_hn05,2,796,4796,0.221832,0.490347
rc_trial_a33_k3_hn05,2,797,4797,0.277262,0.216627
rc_trial_a33_k3_hn05,2,798,4798,0.232414,0.641388
rc_trial_a33_k3_hn05,2,799,4799,0.448012,0.970848
rc_trial_a33_k3_hn05,2,800,4800,0.381112,1.22723
rc_trial_a33_k3_hn05,2,801,4801,0.375182,0.999392
rc_trial_a33_k3_hn05,2,802,4802,0.366231,0.950706
rc_trial_a33_k3_hn05,2,803,4803,0.42814,0.746966
rc_trial_a33_k3_hn05,2,804,4804,0.380486,0.142551
rc_trial_a33_k3_hn05,2,805,4805,0.203076,0.197768
rc_trial_a33_k3_hn05,2,806,4806,0.748739,0.410558
rc_trial_a33_k3_hn05,2,807,4807,-0.0142703,0.85822
rc_trial_a33_k3_hn05,2,808,4808,-0.132046,0.91643
rc_trial_a33_k3_hn05,2,809,4809,0.178168,0.154322
rc_trial_a33_k3_hn05,2,810,4810,0.266925,0.179876
rc_trial_a33_k3_hn05,2,811,4811,-0.279444,0.402102
rc_trial_a33_k3_hn05,2,812,4812,-0.312967,0.354129
rc_trial_a33_k3_hn05,2,813,4813,-0.223181,0.723716
rc_trial_a33_k3_hn05,2,814,4814,0.622335,0.295043
rc_trial_a33_k3_hn05,2,815,4815,0.247555,0.0774481
rc_trial_a33_k3_hn05,2,816,4816,0.33122,0.112342
rc_trial_a33_k3_hn05,2,817,4817,0.513014,0.704719
rc_trial_a33_k3_hn05,2,818,4818,0.458602,0.402122
rc_trial_a33_k3_hn05,2,819,4819,0.428888,0.424793
rc_trial_a33_k3_hn05,2,820,4820,0.524182,0.434987
rc_trial_a33_k3_hn05,2,821,4821,0.260191,0.218175
rc_trial_a33_k3_hn05,2,822,4822,0.328255,0.200259
rc_trial_a33_k3_hn05,2,823,4823,0.301124,0.411016
rc_trial_a33_k3_hn05,2,824,4824,0.728287,0.695703
rc_trial_a33_k3_hn05,2,825,4825,0.127157,0.394653
rc_trial_a33_k3_hn05,2,826,4826,0.53381,0.359718
rc_trial_a33_k3_hn05,2,827,4827,0.547155,0.465116
rc_trial_a33_k3_hn05,2,828,4828,0.592609,0.361916
rc_trial_a33_k3_hn05,2,829,4829,0.685209,0.385396
rc_trial_a33_k3_hn05,2,830,4830,1.2606,0.690809
rc_trial_a33_k3_hn05,2,831,4831,0.601739,0.948926
rc_trial_a33_k3_hn05,2,832,4832,0.486129,0.486523
rc_trial_a33_k3_hn05,2,833,4833,0.363365,0.492298
rc_trial_a33_k3_hn05,2,834,4834,0.214111,0.820274
rc_trial_a33_k3_hn05,2,835,4835,0.261547,0.0983567
rc_trial_a33_k3_hn05,2,836,4836,0.263947,0.0523192
rc_trial_a33_k3_hn05,2,837,4837,0.317612,0.471106
rc_trial_a33_k3_hn05,2,838,4838,0.0532491,0.271473
rc_trial_a33_k3_hn05,2,839,4839,0.299893,0.289706
rc_trial_a33_k3_hn05,2,840,4840,0.344304,0.0231543
rc_trial_a33_k3_hn05,2,841,4841,0.0689317,0.0108164
rc_trial_a33_k3_hn05,2,842,4842,0.267636,0.0105653
rc_trial_a33_k3_hn05,2,843,4843,0.320682,0.0662784
rc_trial_a33_k3_hn05,2,844,4844,0.338956,0.0829032
rc_trial_a33_k3_hn05,2,845,4845,-0.176149,0.317468
rc_trial_a33_k3_hn05,2,846,4846,0.237763,0.147329
rc_trial_a33_k3_hn05,2,847,4847,0.0360818,0.211071
rc_trial_a33_k3_hn05,2,848,4848,0.140522,0.119487
rc_trial_a33_k3_hn05,2,849,4849,0.231667,0.155455
rc_trial_a33_k3_hn05,2,850,4850,0.427408,0.206299
rc_trial_a33_k3_hn05,2,851,4851,1.02324,0.86618
rc_trial_a33_k3_hn05,2,852,4852,1.13374,0.879708
rc_trial_a33_k3_hn05,2,853,4853,1.07023,0.678789
rc_trial_a33_k3_hn05,2,854,4854,0.751159,0.322063
rc_trial_a33_k3_hn05,2,855,4855,0.28043,0.465523
rc_trial_a33_k3_hn05,2,856,4856,0.537647,0.488787
rc_trial_a33_k3_hn05,2,857,4857,0.473977,0.641361
rc_trial_a33_k3_hn05,2,858,4858,0.197017,0.24764
rc_trial_a33_k3_hn05,2,859,4859,0.314261,0.288139
rc_trial_a33_k3_hn05,2,860,4860,0.626601,0.219789
rc_trial_a33_k3_hn05,2,861,4861,0.415129,0.312331
rc_trial_a33_k3_hn05,2,862,4862,0.618116,0.243849
rc_trial_a33_k3_hn05,2,863,4863,0.405952,0.589229
rc_trial_a33_k3_hn05,2,864,4864,0.413228,0.485114
rc_trial_a33_k3_hn05,2,865,4865,0.264532,0.694634
rc_trial_a33_k3_hn05,2,866,4866,0.309154,0.531671
rc_trial_a33_k3_hn05,2,867,4867,0.361354,0.473311
rc_trial_a33_k3_hn05,2,868,4868,0.563073,0.73982
rc_trial_a33_k3_hn05,2,869,4869,0.777716,0.5024
rc_trial_a33_k3_hn05,2,870,4870,-0.0683955,0.102972
rc_trial_a33_k3_hn05,2,871,4871,0.24015,0.0969987
rc_trial_a33_k3_hn05,2,872,4872,0.30406,0.094974
rc_trial_a33_k3_hn05,2,873,4873,0.180722,0.0579221
rc_trial_a33_k3_hn05,2,874,4874,0.189237,0.15153
rc_trial_a33_k3_hn05,2,875,4875,0.457321,0.260197
rc_trial_a33_k3_hn05,2,876,4876,0.693205,0.292877
rc_trial_a33_k3_hn05,2,877,4877,0.732241,0.536647
rc_trial_a33_k3_hn05,2,878,4878,0.475744,0.461903
rc_trial_a33_k3_hn05,2,879,4879,0.325861,0.49426
rc_trial_a33_k3_hn05,2,880,4880,0.293214,0.806168
rc_trial_a33_k3_hn05,2,881,4881,0.278735,0.896765
rc_trial_a33_k3_hn05,2,882,4882,0.269778,0.534282
rc_trial_a33_k3_hn05,2,883,4883,0.541421,0.849719
rc_trial_a33_k3_hn05,2,884,4884,0.538777,0.513432
rc_trial_a33_k3_hn05,2,885,4885,-0.076605500000000007,0.558029
rc_trial_a33_k3_hn05,2,886,4886,0.0555228,0.412773
rc_trial_a33_k3_hn05,2,887,4887,0.600279,0.139337
rc_trial_a33_k3_hn05,2,888,4888,1.00248,1.34586
rc_trial_a33_k3_hn05,2,889,4889,0.95848,0.922319
rc_trial_a33_k3_hn05,2,890,4890,1.00374,0.805814
rc_trial_a33_k3_hn05,2,891,4891,0.895173,0.455105
rc_trial_a33_k3_hn05,2,892,4892,1.08584,0.697026
rc_trial_a33_k3_hn05,2,893,4893,0.189468,0.704993
rc_trial_a33_k3_hn05,2,894,4894,0.236475,0.556915
rc_trial_a33_k3_hn05,2,895,4895,0.180135,0.164037
rc_trial_a33_k3_hn05,2,896,4896,0.202765,0.159531
rc_trial_a33_k3_hn05,2,897,4897,0.311498,0.285892
rc_trial_a33_k3_hn05,2,898,4898,0.328278,0.541061
rc_trial_a33_k3_hn05,2,899,4899,0.147269,0.270007
rc_trial_a33_k3_hn05,2,900,4900,0.314775,0.395339
rc_trial_a33_k3_hn05,2,901,4901,0.124448,0.316966
rc_trial_a33_k3_hn05,2,902,4902,0.101902,0.309375
rc_trial_a33_k3_hn05,2,903,4903,-0.0860976,0.628799
rc_trial_a33_k3_hn05,2,904,4904,-0.269109,0.703994
rc_trial_a33_k3_hn05,2,905,4905,-0.718559,1.13791
rc_trial_a33_k3_hn05,2,906,4906,-0.37805,0.717387
rc_trial_a33_k3_hn05,2,907,4907,0.343793,1.09183
rc_trial_a33_k3_hn05,2,908,4908,0.183431,0.405607
rc_trial_a33_k3_hn05,2,909,4909,0.169804,0.476387
rc_trial_a33_k3_hn05,2,910,4910,0.199787,0.996645
rc_trial_a33_k3_hn05,2,911,4911,0.121061,0.450024
rc_trial_a33_k3_hn05,2,912,4912,-0.460523,1.27521
rc_trial_a33_k3_hn05,2,913,4913,0.523776,0.0897508
rc_trial_a33_k3_hn05,2,914,4914,0.225688,0.0732755
rc_trial_a33_k3_hn05,2,915,4915,0.129436,1.00048
rc_trial_a33_k3_hn05,2,916,4916,0.476849,0.154826
rc_trial_a33_k3_hn05,2,917,4917,0.478763,0.683264
rc_trial_a33_k3_hn05,2,918,4918,0.563283,1.14722
rc_trial_a33_k3_hn05,2,919,4919,0.280785,0.329075
rc_trial_a33_k3_hn05,2,920,4920,0.464655,0.459627
rc_trial_a33_k3_hn05,2,921,4921,0.44552,0.230882
rc_trial_a33_k3_hn05,2,922,4922,0.173391,0.338615
rc_trial_a33_k3_hn05,2,923,4923,0.00450199,0.263235
rc_trial_a33_k3_hn05,2,924,4924,0.441364,0.26213
rc_trial_a33_k3_hn05,2,925,4925,0.306774,0.782795
rc_trial_a33_k3_hn05,2,926,4926,0.214871,0.620143
rc_trial_a33_k3_hn05,2,927,4927,0.410055,1.00708
rc_trial_a33_k3_hn05,2,928,4928,0.381274,0.972574
rc_trial_a33_k3_hn05,2,929,4929,0.386381,0.989462
rc_trial_a33_k3_hn05,2,930,4930,0.388477,1.0059
rc_trial_a33_k3_hn05,2,931,4931,0.19725,0.170478
rc_trial_a33_k3_hn05,2,932,4932,0.306505,0.307906
rc_trial_a33_k3_hn05,2,933,4933,0.464165,0.20892
rc_trial_a33_k3_hn05,2,934,4934,0.648747,0.23822
rc_trial_a33_k3_hn05,2,935,4935,0.541751,0.147204
rc_trial_a33_k3_hn05,2,936,4936,1.54216,0.84114
rc_trial_a33_k3_hn05,2,937,4937,1.92625,0.655634
rc_trial_a33_k3_hn05,2,938,4938,1.91889,0.612718
rc_trial_a33_k3_hn05,2,939,4939,-0.0900957,0.803104
rc_trial_a33_k3_hn05,2,940,4940,0.635805,0.228608
rc_trial_a33_k3_hn05,2,941,4941,0.853857,0.504823
rc_trial_a33_k3_hn05,2,942,4942,0.400825,0.143278
rc_trial_a33_k3_hn05,2,943,4943,0.135078,0.57916
rc_trial_a33_k3_hn05,2,944,4944,0.247988,0.443748
rc_trial_a33_k3_hn05,2,945,4945,0.287744,0.237657
rc_trial_a33_k3_hn05,2,946,4946,0.0485186,0.509865
rc_trial_a33_k3_hn05,2,947,4947,0.358533,0.199564
rc_trial_a33_k3_hn05,2,948,4948,0.43389,0.214072
rc_trial_a33_k3_hn05,2,949,4949,0.430359,0.204333
rc_trial_a33_k3_hn05,2,950,4950,0.285839,0.162212
rc_trial_a33_k3_hn05,2,951,4951,0.256728,0.169778
rc_trial_a33_k3_hn05,2,952,4952,0.336219,0.0410813
rc_trial_a33_k3_hn05,2,953,4953,0.338563,0.0675561
rc_trial_a33_k3_hn05,2,954,4954,0.11837,0.127046
rc_trial_a33_k3_hn05,2,955,4955,0.187511,0.630591
rc_trial_a33_k3_hn05,2,956,4956,0.0945322,0.589447
rc_trial_a33_k3_hn05,2,957,4957,0.302566,0.0500603
rc_trial_a33_k3_hn05,2,958,4958,0.158893,0.0201824
rc_trial_a33_k3_hn05,2,959,4959,0.195282,0.0807248
rc_trial_a33_k3_hn05,2,960,4960,0.260507,0.153521
rc_trial_a33_k3_hn05,2,961,4961,0.181613,0.140006
rc_trial_a33_k3_hn05,2,962,4962,0.0398788,0.118163
rc_trial_a33_k3_hn05,2,963,4963,0.050182,0.453145
rc_trial_a33_k3_hn05,2,964,4964,-0.4419,0.556586
rc_trial_a33_k3_hn05,2,965,4965,-0.0691555,1.09626
rc_trial_a33_k3_hn05,2,966,4966,0.0357349,1.13773
rc_trial_a33_k3_hn05,2,967,4967,0.016052,0.286902
rc_trial_a33_k3_hn05,2,968,4968,0.0532196,0.360055
rc_trial_a33_k3_hn05,2,969,4969,0.418362,0.562022
rc_trial_a33_k3_hn05,2,970,4970,0.725934,0.319328
rc_trial_a33_k3_hn05,2,971,4971,0.704132,0.783082
rc_trial_a33_k3_hn05,2,972,4972,0.504055,1.02638
rc_trial_a33_k3_hn05,2,973,4973,0.532091,0.644739
rc_trial_a33_k3_hn05,2,974,4974,0.42627,0.541503
rc_trial_a33_k3_hn05,2,975,4975,0.856608,0.570745
rc_trial_a33_k3_hn05,2,976,4976,0.876741,0.516904
rc_trial_a33_k3_hn05,2,977,4977,0.739032,0.833728
rc_trial_a33_k3_hn05,2,978,4978,1.13839,0.598177
rc_trial_a33_k3_hn05,2,979,4979,1.14256,0.736906
rc_trial_a33_k3_hn05,2,980,4980,0.454075,0.375677
rc_trial_a33_k3_hn05,2,981,4981,0.422604,0.441766
rc_trial_a33_k3_hn05,2,982,4982,0.48436,0.302285
rc_trial_a33_k3_hn05,2,983,4983,0.522974,0.514404
rc_trial_a33_k3_hn05,2,984,4984,0.646037,0.282377
rc_trial_a33_k3_hn05,2,985,4985,0.670073,0.443074
rc_trial_a33_k3_hn05,2,986,4986,0.211852,0.401883
rc_trial_a33_k3_hn05,2,987,4987,0.670726,0.924684
rc_trial_a33_k3_hn05,2,988,4988,0.613799,0.597626
rc_trial_a33_k3_hn05,2,989,4989,0.878058,0.53752
rc_trial_a33_k3_hn05,2,990,4990,0.893069,0.451563
rc_trial_a33_k3_hn05,2,991,4991,1.03345,0.664548
rc_trial_a33_k3_hn05,2,992,4992,0.053401,0.579135
rc_trial_a33_k3_hn05,2,993,4993,0.31085,0.0219476
rc_trial_a33_k3_hn05,2,994,4994,0.302729,0.0970651
rc_trial_a33_k3_hn05,2,995,4995,0.525053,0.0649256
rc_trial_a33_k3_hn05,2,996,4996,-0.0324705,0.127605
rc_trial_a33_k3_hn05,2,997,4997,0.678113,0.229979
rc_trial_a33_k3_hn05,2,998,4998,0.603344,0.24665
rc_trial_a33_k3_hn05,2,999,4999,1.22617,0.841101
rc_trial_a33_k3_hn05,2,1000,5000,0.546508,0.634181
rc_trial_a33_k3_hn05,2,1001,5001,0.590246,0.447236
rc_trial_a33_k3_hn05,2,1002,5002,0.705852,0.363276
rc_trial_a33_k3_hn05,2,1003,5003,0.918609,0.673266
rc_trial_a33_k3_hn05,2,1004,5004,1.04725,0.764246
rc_trial_a33_k3_hn05,2,1005,5005,0.614262,0.70488
rc_trial_a33_k3_hn05,2,1006,5006,0.62226,0.823166
rc_trial_a33_k3_hn05,2,1007,5007,0.796216,0.437471
rc_trial_a33_k3_hn05,2,1008,5008,0.628302,0.152528
rc_trial_a33_k3_hn05,2,1009,5009,0.590817,0.49017
rc_trial_a33_k3_hn05,2,1010,5010,0.869816,0.718327
rc_trial_a33_k3_hn05,2,1011,5011,0.938979,0.611233
rc_trial_a33_k3_hn05,2,1012,5012,1.28898,0.517859
rc_trial_a33_k3_hn05,2,1013,5013,1.40795,1.20811
rc_trial_a33_k3_hn05,2,1014,5014,0.432231,0.173496
rc_trial_a33_k3_hn05,2,1015,5015,0.200845,0.113689
rc_trial_a33_k3_hn05,2,1016,5016,0.155406,0.135013
rc_trial_a33_k3_hn05,2,1017,5017,0.525528,0.0588976
rc_trial_a33_k3_hn05,2,1018,5018,0.487384,0.114571
rc_trial_a33_k3_hn05,2,1019,5019,-0.083895,0.213049
rc_trial_a33_k3_hn05,2,1020,5020,0.156725,0.23751
rc_trial_a33_k3_hn05,2,1021,5021,0.553458,0.363877
rc_trial_a33_k3_hn05,2,1022,5022,0.571729,0.714656
rc_trial_a33_k3_hn05,2,1023,5023,0.564394,0.517834
rc_trial_a33_k3_hn05,2,1024,5024,0.718696,1.09654
rc_trial_a33_k3_hn05,2,1025,5025,0.459179,0.60163
rc_trial_a33_k3_hn05,2,1026,5026,0.527633,0.209249
rc_trial_a33_k3_hn05,2,1027,5027,0.596164,0.818922
rc_trial_a33_k3_hn05,2,1028,5028,0.167583,0.149068
rc_trial_a33_k3_hn05,2,1029,5029,0.36702,0.245396
rc_trial_a33_k3_hn05,2,1030,5030,0.512432,0.410629
rc_trial_a33_k3_hn05,2,1031,5031,0.458408,0.645138
rc_trial_a33_k3_hn05,2,1032,5032,0.879651,0.536322
rc_trial_a33_k3_hn05,2,1033,5033,0.604414,0.508968
rc_trial_a33_k3_hn05,2,1034,5034,-0.0951451,0.609723
rc_trial_a33_k3_hn05,2,1035,5035,0.409222,0.301129
rc_trial_a33_k3_hn05,2,1036,5036,0.314212,0.530313
rc_trial_a33_k3_hn05,2,1037,5037,0.572788,0.777873
rc_trial_a33_k3_hn05,2,1038,5038,0.193735,0.469293
rc_trial_a33_k3_hn05,2,1039,5039,0.484963,1.03363
rc_trial_a33_k3_hn05,2,1040,5040,0.573178,0.602952
rc_trial_a33_k3_hn05,2,1041,5041,0.520512,0.688435
rc_trial_a33_k3_hn05,2,1042,5042,0.643209,0.344933
rc_trial_a33_k3_hn05,2,1043,5043,0.408556,0.46552
rc_trial_a33_k3_hn05,2,1044,5044,0.212528,0.039566
rc_trial_a33_k3_hn05,2,1045,5045,0.177622,0.120232
rc_trial_a33_k3_hn05,2,1046,5046,0.214068,0.0999658
rc_trial_a33_k3_hn05,2,1047,5047,0.311743,0.273894
rc_trial_a33_k3_hn05,2,1048,5048,0.0832919,0.39705
rc_trial_a33_k3_hn05,2,1049,5049,0.145346,0.227063
rc_trial_a33_k3_hn05,2,1050,5050,0.0841047,0.1489
rc_trial_a33_k3_hn05,2,1051,5051,0.242697,0.662979
rc_trial_a33_k3_hn05,2,1052,5052,0.144808,0.536174
rc_trial_a33_k3_hn05,2,1053,5053,0.444205,0.865049
rc_trial_a33_k3_hn05,2,1054,5054,0.399629,0.35681
rc_trial_a33_k3_hn05,2,1055,5055,0.43577,0.668444
rc_trial_a33_k3_hn05,2,1056,5056,0.201238,0.214027
rc_trial_a33_k3_hn05,2,1057,5057,0.189538,0.187514
rc_trial_a33_k3_hn05,2,1058,5058,0.326997,0.157662
rc_trial_a33_k3_hn05,2,1059,5059,0.441258,0.164504
rc_trial_a33_k3_hn05,2,1060,5060,0.422061,0.229086
rc_trial_a33_k3_hn05,2,1061,5061,0.219495,0.185166
rc_trial_a33_k3_hn05,2,1062,5062,0.504205,0.584289
rc_trial_a33_k3_hn05,2,1063,5063,0.317845,0.060443
rc_trial_a33_k3_hn05,2,1064,5064,0.361176,0.28664
rc_trial_a33_k3_hn05,2,1065,5065,0.206295,0.607767
rc_trial_a33_k3_hn05,2,1066,5066,0.347241,0.285605
rc_trial_a33_k3_hn05,2,1067,5067,0.270876,0.368735
rc_trial_a33_k3_hn05,2,1068,5068,0.646485,0.502671
rc_trial_a33_k3_hn05,2,1069,5069,0.451004,0.603039
rc_trial_a33_k3_hn05,2,1070,5070,0.683569,0.325198
rc_trial_a33_k3_hn05,2,1071,5071,0.542024,0.401158
rc_trial_a33_k3_hn05,2,1072,5072,-0.0038961,1.16396
rc_trial_a33_k3_hn05,2,1073,5073,-0.0218034,1.15223
rc_trial_a33_k3_hn05,2,1074,5074,0.483137,0.153746
rc_trial_a33_k3_hn05,2,1075,5075,0.474926,0.150753
rc_trial_a33_k3_hn05,2,1076,5076,0.56917,0.369678
rc_trial_a33_k3_hn05,2,1077,5077,0.525771,0.712499
rc_trial_a33_k3_hn05,2,1078,5078,0.373645,0.398546
rc_trial_a33_k3_hn05,2,1079,5079,0.138226,0.296046
rc_trial_a33_k3_hn05,2,1080,5080,0.615486,0.478566
rc_trial_a33_k3_hn05,2,1081,5081,0.542882,0.262781
rc_trial_a33_k3_hn05,2,1082,5082,0.587131,0.288716
rc_trial_a33_k3_hn05,2,1083,5083,0.746124,0.229622
rc_trial_a33_k3_hn05,2,1084,5084,0.570796,0.183687
rc_trial_a33_k3_hn05,2,1085,5085,0.385836,0.351096
rc_trial_a33_k3_hn05,2,1086,5086,0.333119,0.236924
rc_trial_a33_k3_hn05,2,1087,5087,0.559798,0.494244
rc_trial_a33_k3_hn05,2,1088,5088,0.378582,0.25468
rc_trial_a33_k3_hn05,2,1089,5089,0.46613,0.313574
rc_trial_a33_k3_hn05,2,1090,5090,0.420483,0.370731
rc_trial_a33_k3_hn05,2,1091,5091,0.33338,0.465719
rc_trial_a33_k3_hn05,2,1092,5092,0.0868956,0.726318
rc_trial_a33_k3_hn05,2,1093,5093,0.0445976,0.759741
rc_trial_a33_k3_hn05,2,1094,5094,0.397208,0.423275
rc_trial_a33_k3_hn05,2,1095,5095,0.247025,0.0523406
rc_trial_a33_k3_hn05,2,1096,5096,0.325185,0.0590529
rc_trial_a33_k3_hn05,2,1097,5097,0.124976,1.00775
rc_trial_a33_k3_hn05,2,1098,5098,0.134407,0.246269
rc_trial_a33_k3_hn05,2,1099,5099,0.157129,0.387669
rc_trial_a33_k3_hn05,2,1100,5100,0.0830233,0.159812
rc_trial_a33_k3_hn05,2,1101,5101,0.18532,0.32743
rc_trial_a33_k3_hn05,2,1102,5102,0.38621,1.17821
rc_trial_a33_k3_hn05,2,1103,5103,0.434582,0.5002
rc_trial_a33_k3_hn05,2,1104,5104,0.7412,0.587518
rc_trial_a33_k3_hn05,2,1105,5105,0.626836,0.523343
rc_trial_a33_k3_hn05,2,1106,5106,0.733204,0.711544
rc_trial_a33_k3_hn05,2,1107,5107,0.0767986,0.620003
rc_trial_a33_k3_hn05,2,1108,5108,0.617968,0.590968
rc_trial_a33_k3_hn05,2,1109,5109,0.645804,0.517562
rc_trial_a33_k3_hn05,2,1110,5110,0.497042,0.538354
rc_trial_a33_k3_hn05,2,1111,5111,0.32197,1.07712
rc_trial_a33_k3_hn05,2,1112,5112,0.456169,0.520743
rc_trial_a33_k3_hn05,2,1113,5113,0.430151,0.494814
rc_trial_a33_k3_hn05,2,1114,5114,0.821615,0.934556
rc_trial_a33_k3_hn05,2,1115,5115,0.175095,0.278595
rc_trial_a33_k3_hn05,2,1116,5116,0.590552,0.247279
rc_trial_a33_k3_hn05,2,1117,5117,0.723094,0.453086
rc_trial_a33_k3_hn05,2,1118,5118,0.493006,0.385504
rc_trial_a33_k3_hn05,2,1119,5119,0.703187,0.536816
rc_trial_a33_k3_hn05,2,1120,5120,0.806475,0.900682
rc_trial_a33_k3_hn05,2,1121,5121,0.379323,0.167716
rc_trial_a33_k3_hn05,2,1122,5122,0.845388,0.485901
rc_trial_a33_k3_hn05,2,1123,5123,0.227951,0.122996
rc_trial_a33_k3_hn05,2,1124,5124,-0.018718,0.245391
rc_trial_a33_k3_hn05,2,1125,5125,-0.0533948,0.239975
rc_trial_a33_k3_hn05,2,1126,5126,0.168538,0.223787
rc_trial_a33_k3_hn05,2,1127,5127,0.572843,0.598443
rc_trial_a33_k3_hn05,2,1128,5128,0.534392,0.592618
rc_trial_a33_k3_hn05,2,1129,5129,0.531326,1.0518
rc_trial_a33_k3_hn05,2,1130,5130,0.434288,0.296182
rc_trial_a33_k3_hn05,2,1131,5131,-0.0965288,1.13294
rc_trial_a33_k3_hn05,2,1132,5132,0.102372,0.856238
rc_trial_a33_k3_hn05,2,1133,5133,0.13766,0.815189
rc_trial_a33_k3_hn05,2,1134,5134,0.137137,0.752309
rc_trial_a33_k3_hn05,2,1135,5135,0.159149,0.648164
rc_trial_a33_k3_hn05,2,1136,5136,0.370328,1.05401
rc_trial_a33_k3_hn05,2,1137,5137,0.336844,1.0786
rc_trial_a33_k3_hn05,2,1138,5138,0.287789,1.22252
rc_trial_a33_k3_hn05,2,1139,5139,0.286579,1.23397
rc_trial_a33_k3_hn05,2,1140,5140,-0.0263233,0.925046
rc_trial_a33_k3_hn05,2,1141,5141,0.206293,0.401708
rc_trial_a33_k3_hn05,2,1142,5142,0.218839,0.336512
rc_trial_a33_k3_hn05,2,1143,5143,0.13741,0.915638
rc_trial_a33_k3_hn05,2,1144,5144,0.110248,0.934413
rc_trial_a33_k3_hn05,2,1145,5145,0.237153,0.724067
rc_trial_a33_k3_hn05,2,1146,5146,0.580167,0.322781
rc_trial_a33_k3_hn05,2,1147,5147,0.272548,0.249721
rc_trial_a33_k3_hn05,2,1148,5148,0.385195,0.436554
rc_trial_a33_k3_hn05,2,1149,5149,0.531106,0.381813
rc_trial_a33_k3_hn05,2,1150,5150,0.457232,0.449666
rc_trial_a33_k3_hn05,2,1151,5151,0.193319,0.0324895
rc_trial_a33_k3_hn05,2,1152,5152,0.163911,0.282143
rc_trial_a33_k3_hn05,2,1153,5153,0.396345,0.262435
rc_trial_a33_k3_hn05,2,1154,5154,0.231597,0.283016
rc_trial_a33_k3_hn05,2,1155,5155,0.300485,0.149592
rc_trial_a33_k3_hn05,2,1156,5156,0.14097,0.063258
rc_trial_a33_k3_hn05,2,1157,5157,0.43401,0.135685
rc_trial_a33_k3_hn05,2,1158,5158,0.129721,0.390423
rc_trial_a33_k3_hn05,2,1159,5159,0.149411,0.812048
rc_trial_a33_k3_hn05,2,1160,5160,0.140841,0.868884
rc_trial_a33_k3_hn05,2,1161,5161,0.228551,0.645108
rc_trial_a33_k3_hn05,2,1162,5162,0.144364,0.541578
rc_trial_a33_k3_hn05,2,1163,5163,0.2825,0.272809
rc_trial_a33_k3_hn05,2,1164,5164,0.105646,0.208088
rc_trial_a33_k3_hn05,2,1165,5165,0.420754,0.198945
rc_trial_a33_k3_hn05,2,1166,5166,0.253407,0.296147
rc_trial_a33_k3_hn05,2,1167,5167,0.946206,0.466324
rc_trial_a33_k3_hn05,2,1168,5168,0.767755,0.363164
rc_trial_a33_k3_hn05,2,1169,5169,0.702584,0.497276
rc_trial_a33_k3_hn05,2,1170,5170,0.942774,0.553845
rc_trial_a33_k3_hn05,2,1171,5171,0.935308,0.533145
rc_trial_a33_k3_hn05,2,1172,5172,0.970586,0.566432
rc_trial_a33_k3_hn05,2,1173,5173,1.55581,1.35575
rc_trial_a33_k3_hn05,2,1174,5174,1.67213,1.40932
rc_trial_a33_k3_hn05,2,1175,5175,1.62448,1.24007
rc_trial_a33_k3_hn05,2,1176,5176,1.37581,0.797005
rc_trial_a33_k3_hn05,2,1177,5177,0.574029,0.754463
rc_trial_a33_k3_hn05,2,1178,5178,0.60049,0.642942
rc_trial_a33_k3_hn05,2,1179,5179,0.600846,0.348737
rc_trial_a33_k3_hn05,2,1180,5180,0.271685,0.397718
rc_trial_a33_k3_hn05,2,1181,5181,0.28519,0.21352
rc_trial_a33_k3_hn05,2,1182,5182,0.309015,0.297064
rc_trial_a33_k3_hn05,2,1183,5183,0.189238,0.9613
rc_trial_a33_k3_hn05,2,1184,5184,0.249886,0.436533
rc_trial_a33_k3_hn05,2,1185,5185,0.250264,0.469003
rc_trial_a33_k3_hn05,2,1186,5186,-0.298109,0.539678
rc_trial_a33_k3_hn05,2,1187,5187,-0.297921,0.454874
rc_trial_a33_k3_hn05,2,1188,5188,-0.509325,1.18666
rc_trial_a33_k3_hn05,2,1189,5189,-0.418738,0.740921
rc_trial_a33_k3_hn05,2,1190,5190,0.419196,0.158329
rc_trial_a33_k3_hn05,2,1191,5191,0.563331,0.0566837
rc_trial_a33_k3_hn05,2,1192,5192,0.144056,0.0825476
rc_trial_a33_k3_hn05,2,1193,5193,-0.138844,0.435532
rc_trial_a33_k3_hn05,2,1194,5194,0.25889,0.0910837
rc_trial_a33_k3_hn05,2,1195,5195,0.157359,0.138495
rc_trial_a33_k3_hn05,2,1196,5196,0.257848,0.402125
rc_trial_a33_k3_hn05,2,1197,5197,0.845381,0.564539
rc_trial_a33_k3_hn05,2,1198,5198,0.868601,0.564937
rc_trial_a33_k3_hn05,2,1199,5199,-0.142684,0.339523
rc_trial_a33_k3_hn05,2,1200,5200,0.300703,0.183568
rc_trial_a33_k3_hn05,2,1201,5201,0.0710312,0.176313
rc_trial_a33_k3_hn05,2,1202,5202,0.537297,0.0742861
rc_trial_a33_k3_hn05,2,1203,5203,0.545147,0.0681973
rc_trial_a33_k3_hn05,2,1204,5204,0.223304,0.118426
rc_trial_a33_k3_hn05,2,1205,5205,0.150157,0.336174
rc_trial_a33_k3_hn05,2,1206,5206,0.214429,0.0282991
rc_trial_a33_k3_hn05,2,1207,5207,0.227576,0.00959012
rc_trial_a33_k3_hn05,2,1208,5208,0.306649,0.00686524
rc_trial_a33_k3_hn05,2,1209,5209,0.141452,0.0165807
rc_trial_a33_k3_hn05,2,1210,5210,0.332016,0.0305186
rc_trial_a33_k3_hn05,2,1211,5211,0.302392,0.0326251
rc_trial_a33_k3_hn05,2,1212,5212,0.371967,0.0234454
rc_trial_a33_k3_hn05,2,1213,5213,0.328161,0.02258
rc_trial_a33_k3_hn05,2,1214,5214,0.137723,0.0353308
rc_trial_a33_k3_hn05,2,1215,5215,0.264259,0.0956138
rc_trial_a33_k3_hn05,2,1216,5216,0.274367,0.0466856
rc_trial_a33_k3_hn05,2,1217,5217,0.0941518,0.221358
rc_trial_a33_k3_hn05,2,1218,5218,0.246924,0.217701
rc_trial_a33_k3_hn05,2,1219,5219,0.222329,0.5056
rc_trial_a33_k3_hn05,2,1220,5220,0.508996,0.870004
rc_trial_a33_k3_hn05,2,1221,5221,0.806731,0.656245
rc_trial_a33_k3_hn05,2,1222,5222,0.344388,0.708305
rc_trial_a33_k3_hn05,2,1223,5223,0.458906,0.437458
rc_trial_a33_k3_hn05,2,1224,5224,0.421997,0.912103
rc_trial_a33_k3_hn05,2,1225,5225,0.423832,0.920619
rc_trial_a33_k3_hn05,2,1226,5226,0.614536,0.506744
rc_trial_a33_k3_hn05,2,1227,5227,0.537178,0.533536
rc_trial_a33_k3_hn05,2,1228,5228,0.652342,0.431542
rc_trial_a33_k3_hn05,2,1229,5229,0.116081,0.111373
rc_trial_a33_k3_hn05,2,1230,5230,0.243859,0.344526
rc_trial_a33_k3_hn05,2,1231,5231,0.178097,0.356188
rc_trial_a33_k3_hn05,2,1232,5232,0.25003,0.240891
rc_trial_a33_k3_hn05,2,1233,5233,0.350941,0.133233
rc_trial_a33_k3_hn05,2,1234,5234,0.413453,0.131137
rc_trial_a33_k3_hn05,2,1235,5235,0.0848664,0.220808
rc_trial_a33_k3_hn05,2,1236,5236,0.417986,0.19338
rc_trial_a33_k3_hn05,2,1237,5237,0.348448,0.299496
rc_trial_a33_k3_hn05,2,1238,5238,0.573366,0.678012
rc_trial_a33_k3_hn05,2,1239,5239,0.428281,0.704366
rc_trial_a33_k3_hn05,2,1240,5240,0.220848,0.322571
rc_trial_a33_k3_hn05,2,1241,5241,0.272041,0.506926
rc_trial_a33_k3_hn05,2,1242,5242,0.156021,0.518625
rc_trial_a33_k3_hn05,2,1243,5243,0.402764,0.442174
rc_trial_a33_k3_hn05,2,1244,5244,1.06738,0.619191
rc_trial_a33_k3_hn05,2,1245,5245,0.451837,0.275684
rc_trial_a33_k3_hn05,2,1246,5246,0.667599,0.187473
rc_trial_a33_k3_hn05,2,1247,5247,0.380803,0.199169
rc_trial_a33_k3_hn05,2,1248,5248,0.245408,0.782155
rc_trial_a33_k3_hn05,2,1249,5249,0.152659,0.343449
rc_trial_a33_k3_hn05,2,1250,5250,0.0762009,0.167853
rc_trial_a33_k3_hn05,2,1251,5251,0.269806,0.288142
rc_trial_a33_k3_hn05,2,1252,5252,0.320073,0.239971
rc_trial_a33_k3_hn05,2,1253,5253,0.325847,0.177143
rc_trial_a33_k3_hn05,2,1254,5254,0.233531,0.294134
rc_trial_a33_k3_hn05,2,1255,5255,0.292186,0.305089
rc_trial_a33_k3_hn05,2,1256,5256,0.281775,0.307094
rc_trial_a33_k3_hn05,2,1257,5257,0.126807,0.561919
rc_trial_a33_k3_hn05,2,1258,5258,0.177968,0.336295
rc_trial_a33_k3_hn05,2,1259,5259,-0.147342,0.983192
rc_trial_a33_k3_hn05,2,1260,5260,-0.327786,0.907917
rc_trial_a33_k3_hn05,2,1261,5261,0.229227,0.167711
rc_trial_a33_k3_hn05,2,1262,5262,0.338372,0.169745
rc_trial_a33_k3_hn05,2,1263,5263,0.22904,0.166756
rc_trial_a33_k3_hn05,2,1264,5264,0.281375,0.0910123
rc_trial_a33_k3_hn05,2,1265,5265,0.244415,0.0297802
rc_trial_a33_k3_hn05,2,1266,5266,0.413105,0.333511
rc_trial_a33_k3_hn05,2,1267,5267,0.510392,0.438781
rc_trial_a33_k3_hn05,2,1268,5268,0.459566,0.435182
rc_trial_a33_k3_hn05,2,1269,5269,0.220222,0.309966
rc_trial_a33_k3_hn05,2,1270,5270,0.0692033,0.393567
rc_trial_a33_k3_hn05,2,1271,5271,0.348772,0.493476
rc_trial_a33_k3_hn05,2,1272,5272,0.290305,0.640927
rc_trial_a33_k3_hn05,2,1273,5273,1.08188,0.765567
rc_trial_a33_k3_hn05,2,1274,5274,0.806984,0.981548
rc_trial_a33_k3_hn05,2,1275,5275,0.60408,0.529244
rc_trial_a33_k3_hn05,2,1276,5276,0.871768,0.913448
rc_trial_a33_k3_hn05,2,1277,5277,0.746066,0.749819
rc_trial_a33_k3_hn05,2,1278,5278,1.14724,0.500914
rc_trial_a33_k3_hn05,2,1279,5279,0.531142,0.347543
rc_trial_a33_k3_hn05,2,1280,5280,0.216289,0.0974573
rc_trial_a33_k3_hn05,2,1281,5281,0.217735,0.163318
rc_trial_a33_k3_hn05,2,1282,5282,0.38933,0.289297
rc_trial_a33_k3_hn05,2,1283,5283,0.654128,0.381726
rc_trial_a33_k3_hn05,2,1284,5284,0.6359,0.393839
rc_trial_a33_k3_hn05,2,1285,5285,0.779456,0.33914299999999997
rc_trial_a33_k3_hn05,2,1286,5286,1.26472,0.648646
rc_trial_a33_k3_hn05,2,1287,5287,0.0433241,0.265775
rc_trial_a33_k3_hn05,2,1288,5288,0.343739,0.0445986
rc_trial_a33_k3_hn05,2,1289,5289,0.183665,0.0810841
rc_trial_a33_k3_hn05,2,1290,5290,0.174193,0.109484
rc_trial_a33_k3_hn05,2,1291,5291,0.575819,0.321648
rc_trial_a33_k3_hn05,2,1292,5292,-0.00372357,0.186292
rc_trial_a33_k3_hn05,2,1293,5293,0.403101,0.852959
rc_trial_a33_k3_hn05,2,1294,5294,0.41121,0.914796
rc_trial_a33_k3_hn05,2,1295,5295,0.181968,0.50683
rc_trial_a33_k3_hn05,2,1296,5296,0.115131,0.553141
rc_trial_a33_k3_hn05,2,1297,5297,0.240544,0.46841699999999997
rc_trial_a33_k3_hn05,2,1298,5298,0.531658,0.352065
rc_trial_a33_k3_hn05,2,1299,5299,0.548606,0.536468
rc_trial_a33_k3_hn05,2,1300,5300,0.926842,0.549364
rc_trial_a33_k3_hn05,2,1301,5301,0.785043,0.344551
rc_trial_a33_k3_hn05,2,1302,5302,0.722755,0.4201
rc_trial_a33_k3_hn05,2,1303,5303,0.730561,0.762056
rc_trial_a33_k3_hn05,2,1304,5304,0.72523,0.817268
rc_trial_a33_k3_hn05,2,1305,5305,0.648441,0.153234
rc_trial_a33_k3_hn05,2,1306,5306,0.517838,0.0143917
rc_trial_a33_k3_hn05,2,1307,5307,0.12915,0.0218666
rc_trial_a33_k3_hn05,2,1308,5308,0.335335,0.0214705
rc_trial_a33_k3_hn05,2,1309,5309,0.117944,0.074632
rc_trial_a33_k3_hn05,2,1310,5310,0.168228,0.254445
rc_trial_a33_k3_hn05,2,1311,5311,0.296489,0.218982
rc_trial_a33_k3_hn05,2,1312,5312,0.832931,0.644998
rc_trial_a33_k3_hn05,2,1313,5313,0.62457,0.443932
rc_trial_a33_k3_hn05,2,1314,5314,0.517518,0.236228
rc_trial_a33_k3_hn05,2,1315,5315,-0.041742,0.53674
rc_trial_a33_k3_hn05,2,1316,5316,0.164517,0.26896
rc_trial_a33_k3_hn05,2,1317,5317,0.381253,0.250153
rc_trial_a33_k3_hn05,2,1318,5318,0.267027,0.205436
rc_trial_a33_k3_hn05,2,1319,5319,0.340892,0.408733
rc_trial_a33_k3_hn05,2,1320,5320,0.387835,0.391303
rc_trial_a33_k3_hn05,2,1321,5321,0.633786,0.397128
rc_trial_a33_k3_hn05,2,1322,5322,0.506474,0.520264
rc_trial_a33_k3_hn05,2,1323,5323,0.674246,0.539984
rc_trial_a33_k3_hn05,2,1324,5324,0.892945,0.884348
rc_trial_a33_k3_hn05,2,1325,5325,0.87142,0.329611
rc_trial_a33_k3_hn05,2,1326,5326,0.222702,0.415658
rc_trial_a33_k3_hn05,2,1327,5327,0.316202,0.432852
rc_trial_a33_k3_hn05,2,1328,5328,0.303685,0.527153
rc_trial_a33_k3_hn05,2,1329,5329,0.500971,0.780305
rc_trial_a33_k3_hn05,2,1330,5330,0.0820409,0.756181
rc_trial_a33_k3_hn05,2,1331,5331,0.203111,0.649702
rc_trial_a33_k3_hn05,2,1332,5332,0.344272,0.711529
rc_trial_a33_k3_hn05,2,1333,5333,0.305963,0.650785
rc_trial_a33_k3_hn05,2,1334,5334,0.132536,0.12887
rc_trial_a33_k3_hn05,2,1335,5335,0.327191,0.140992
rc_trial_a33_k3_hn05,2,1336,5336,0.218128,0.245405
rc_trial_a33_k3_hn05,2,1337,5337,0.700344,0.797352
rc_trial_a33_k3_hn05,2,1338,5338,0.61671,0.930716
rc_trial_a33_k3_hn05,2,1339,5339,0.899457,0.704898
rc_trial_a33_k3_hn05,2,1340,5340,0.251286,0.284649
rc_trial_a33_k3_hn05,2,1341,5341,0.245742,0.239212
rc_trial_a33_k3_hn05,2,1342,5342,0.0732796,0.661421
rc_trial_a33_k3_hn05,2,1343,5343,0.171446,0.405145
rc_trial_a33_k3_hn05,2,1344,5344,0.281584,0.0874986
rc_trial_a33_k3_hn05,2,1345,5345,0.354957,0.0829608
rc_trial_a33_k3_hn05,2,1346,5346,-0.0289163,0.428363
rc_trial_a33_k3_hn05,2,1347,5347,0.588739,0.298368
rc_trial_a33_k3_hn05,2,1348,5348,0.445581,0.288416
rc_trial_a33_k3_hn05,2,1349,5349,0.654776,0.69415
rc_trial_a33_k3_hn05,2,1350,5350,0.709242,0.59388
rc_trial_a33_k3_hn05,2,1351,5351,0.777314,0.807609
rc_trial_a33_k3_hn05,2,1352,5352,0.70469,0.398558
rc_trial_a33_k3_hn05,2,1353,5353,0.241879,0.531288
rc_trial_a33_k3_hn05,2,1354,5354,0.144475,0.240792
rc_trial_a33_k3_hn05,2,1355,5355,0.120341,0.283718
rc_trial_a33_k3_hn05,2,1356,5356,0.15472,0.630208
rc_trial_a33_k3_hn05,2,1357,5357,0.0132779,0.682948
rc_trial_a33_k3_hn05,2,1358,5358,-0.0365525,0.399237
rc_trial_a33_k3_hn05,2,1359,5359,-0.249939,0.391259
rc_trial_a33_k3_hn05,2,1360,5360,1.40179,0.81857
rc_trial_a33_k3_hn05,2,1361,5361,1.45428,0.766883
rc_trial_a33_k3_hn05,2,1362,5362,1.135,0.493509
rc_trial_a33_k3_hn05,2,1363,5363,1.11501,0.835423
rc_trial_a33_k3_hn05,2,1364,5364,0.0546686,0.44361
rc_trial_a33_k3_hn05,2,1365,5365,0.204824,0.399616
rc_trial_a33_k3_hn05,2,1366,5366,0.0685575,0.175124
rc_trial_a33_k3_hn05,2,1367,5367,0.0294862,0.32776
rc_trial_a33_k3_hn05,2,1368,5368,0.252871,0.711276
rc_trial_a33_k3_hn05,2,1369,5369,0.169447,0.590419
rc_trial_a33_k3_hn05,2,1370,5370,0.300709,1.16275
rc_trial_a33_k3_hn05,2,1371,5371,0.278282,0.536663
rc_trial_a33_k3_hn05,2,1372,5372,0.394254,0.368434
rc_trial_a33_k3_hn05,2,1373,5373,0.425962,0.323472
rc_trial_a33_k3_hn05,2,1374,5374,0.193131,0.0566436
rc_trial_a33_k3_hn05,2,1375,5375,0.338748,0.604485
rc_trial_a33_k3_hn05,2,1376,5376,0.304192,0.13505
rc_trial_a33_k3_hn05,2,1377,5377,0.120881,0.202654
rc_trial_a33_k3_hn05,2,1378,5378,0.177837,0.309582
rc_trial_a33_k3_hn05,2,1379,5379,0.26487,0.334168
rc_trial_a33_k3_hn05,2,1380,5380,0.179509,0.341878
rc_trial_a33_k3_hn05,2,1381,5381,0.237555,0.175174
rc_trial_a33_k3_hn05,2,1382,5382,0.374891,0.255499
rc_trial_a33_k3_hn05,2,1383,5383,0.361745,0.212412
rc_trial_a33_k3_hn05,2,1384,5384,-0.0683267,0.645954
rc_trial_a33_k3_hn05,2,1385,5385,-0.259,0.627339
rc_trial_a33_k3_hn05,2,1386,5386,-0.249352,0.854561
rc_trial_a33_k3_hn05,2,1387,5387,0.16011,0.593041
rc_trial_a33_k3_hn05,2,1388,5388,0.714225,0.701752
rc_trial_a33_k3_hn05,2,1389,5389,0.405724,0.129827
rc_trial_a33_k3_hn05,2,1390,5390,0.417304,0.151269
rc_trial_a33_k3_hn05,2,1391,5391,0.520605,0.265971
rc_trial_a33_k3_hn05,2,1392,5392,-0.102869,0.207512
rc_trial_a33_k3_hn05,2,1393,5393,0.41706,0.150024
rc_trial_a33_k3_hn05,2,1394,5394,0.077014,0.556702
rc_trial_a33_k3_hn05,2,1395,5395,0.0582967,0.669913
rc_trial_a33_k3_hn05,2,1396,5396,-0.250011,0.472894
rc_trial_a33_k3_hn05,2,1397,5397,-0.390922,0.43107
rc_trial_a33_k3_hn05,2,1398,5398,-0.288166,0.623358
rc_trial_a33_k3_hn05,2,1399,5399,-0.3628,1.24447
rc_trial_a33_k3_hn05,2,1400,5400,0.663457,0.539512
rc_trial_a33_k3_hn05,2,1401,5401,0.908778,0.633011
rc_trial_a33_k3_hn05,2,1402,5402,0.559786,0.880959
rc_trial_a33_k3_hn05,2,1403,5403,-0.0651488,0.484416
rc_trial_a33_k3_hn05,2,1404,5404,0.326233,0.386124
rc_trial_a33_k3_hn05,2,1405,5405,0.530919,0.548785
rc_trial_a33_k3_hn05,2,1406,5406,0.558075,1.30982
rc_trial_a33_k3_hn05,2,1407,5407,0.3603,0.120499
rc_trial_a33_k3_hn05,2,1408,5408,0.64963,0.310621
rc_trial_a33_k3_hn05,2,1409,5409,0.621174,0.359243
rc_trial_a33_k3_hn05,2,1410,5410,0.628197,0.452688
rc_trial_a33_k3_hn05,2,1411,5411,0.635733,0.284624
rc_trial_a33_k3_hn05,2,1412,5412,0.918167,0.548661
rc_trial_a33_k3_hn05,2,1413,5413,0.984878,0.547822
rc_trial_a33_k3_hn05,2,1414,5414,1.04445,1.33599
rc_trial_a33_k3_hn05,2,1415,5415,0.911544,1.01857
rc_trial_a33_k3_hn05,2,1416,5416,0.834464,0.898259
rc_trial_a33_k3_hn05,2,1417,5417,0.839417,0.688455
rc_trial_a33_k3_hn05,2,1418,5418,0.615533,0.559936
rc_trial_a33_k3_hn05,2,1419,5419,0.689882,0.87584
rc_trial_a33_k3_hn05,2,1420,5420,1.0192,0.641388
rc_trial_a33_k3_hn05,2,1421,5421,0.918936,0.654549
rc_trial_a33_k3_hn05,2,1422,5422,0.810587,0.630622
rc_trial_a33_k3_hn05,2,1423,5423,0.809499,0.598111
rc_trial_a33_k3_hn05,2,1424,5424,0.811084,0.607307
rc_trial_a33_k3_hn05,2,1425,5425,0.73173,0.726205
rc_trial_a33_k3_hn05,2,1426,5426,0.684357,0.604603
rc_trial_a33_k3_hn05,2,1427,5427,1.16981,0.791137
rc_trial_a33_k3_hn05,2,1428,5428,1.19253,0.84658
rc_trial_a33_k3_hn05,2,1429,5429,0.63321,0.251543
rc_trial_a33_k3_hn05,2,1430,5430,0.68158,0.380889
rc_trial_a33_k3_hn05,2,1431,5431,0.621297,0.525298
rc_trial_a33_k3_hn05,2,1432,5432,0.318472,0.355904
rc_trial_a33_k3_hn05,2,1433,5433,0.300894,0.246232
rc_trial_a33_k3_hn05,2,1434,5434,0.39899,0.453091
rc_trial_a33_k3_hn05,2,1435,5435,0.468851,0.387673
rc_trial_a33_k3_hn05,2,1436,5436,0.460427,0.351158
rc_trial_a33_k3_hn05,2,1437,5437,-0.0404181,0.522471
rc_trial_a33_k3_hn05,2,1438,5438,-0.043541,0.644975
rc_trial_a33_k3_hn05,2,1439,5439,0.36793,0.365471
rc_trial_a33_k3_hn05,2,1440,5440,-0.332736,1.02437
rc_trial_a33_k3_hn05,2,1441,5441,-0.44566,0.851911
rc_trial_a33_k3_hn05,2,1442,5442,-0.326655,1.199
rc_trial_a33_k3_hn05,2,1443,5443,0.109932,0.319313
rc_trial_a33_k3_hn05,2,1444,5444,0.0907341,0.33574
rc_trial_a33_k3_hn05,2,1445,5445,0.0907213,0.179272
rc_trial_a33_k3_hn05,2,1446,5446,0.310025,0.0743383
rc_trial_a33_k3_hn05,2,1447,5447,0.330708,0.058317
rc_trial_a33_k3_hn05,2,1448,5448,0.202564,0.0110333
rc_trial_a33_k3_hn05,2,1449,5449,0.256218,0.0655672
rc_trial_a33_k3_hn05,2,1450,5450,0.389671,0.0381644
rc_trial_a33_k3_hn05,2,1451,5451,0.378529,0.0132553
rc_trial_a33_k3_hn05,2,1452,5452,0.387325,0.0578986
rc_trial_a33_k3_hn05,2,1453,5453,0.366879,0.0497665
rc_trial_a33_k3_hn05,2,1454,5454,0.231859,0.0327583
rc_trial_a33_k3_hn05,2,1455,5455,0.345049,0.0294867
rc_trial_a33_k3_hn05,2,1456,5456,0.323258,0.0911735
rc_trial_a33_k3_hn05,2,1457,5457,0.804333,0.290604
rc_trial_a33_k3_hn05,2,1458,5458,0.795086,0.304883
rc_trial_a33_k3_hn05,2,1459,5459,0.457484,0.204673
rc_trial_a33_k3_hn05,2,1460,5460,0.825403,0.491136
rc_trial_a33_k3_hn05,2,1461,5461,0.282212,0.378161
rc_trial_a33_k3_hn05,2,1462,5462,0.571972,0.544895
rc_trial_a33_k3_hn05,2,1463,5463,0.689884,0.607656
rc_trial_a33_k3_hn05,2,1464,5464,0.210696,0.215313
rc_trial_a33_k3_hn05,2,1465,5465,-0.338744,0.608724
rc_trial_a33_k3_hn05,2,1466,5466,-0.244209,1.07182
rc_trial_a33_k3_hn05,2,1467,5467,1.03436,0.538937
rc_trial_a33_k3_hn05,2,1468,5468,-0.136996,0.417433
rc_trial_a33_k3_hn05,2,1469,5469,0.0971225,0.459263
rc_trial_a33_k3_hn05,2,1470,5470,0.416624,0.250112
rc_trial_a33_k3_hn05,2,1471,5471,0.265539,0.253133
rc_trial_a33_k3_hn05,2,1472,5472,0.225524,0.053966
rc_trial_a33_k3_hn05,2,1473,5473,0.271025,0.0324489
rc_trial_a33_k3_hn05,2,1474,5474,0.101011,0.0305054
rc_trial_a33_k3_hn05,2,1475,5475,0.0399429,0.227865
rc_trial_a33_k3_hn05,2,1476,5476,0.570885,0.210546
rc_trial_a33_k3_hn05,2,1477,5477,0.128411,0.0252942
rc_trial_a33_k3_hn05,2,1478,5478,0.329252,0.0217344
rc_trial_a33_k3_hn05,2,1479,5479,0.127254,0.033301
rc_trial_a33_k3_hn05,2,1480,5480,0.379007,0.0514224
rc_trial_a33_k3_hn05,2,1481,5481,0.126073,0.0964745
rc_trial_a33_k3_hn05,2,1482,5482,0.299832,0.0572905
rc_trial_a33_k3_hn05,2,1483,5483,0.264421,0.032242
rc_trial_a33_k3_hn05,2,1484,5484,0.253026,0.0284493
rc_trial_a33_k3_hn05,2,1485,5485,0.504196,0.0324123
rc_trial_a33_k3_hn05,2,1486,5486,0.588653,0.183695
rc_trial_a33_k3_hn05,2,1487,5487,0.536687,0.164904
rc_trial_a33_k3_hn05,2,1488,5488,0.410288,0.180072
rc_trial_a33_k3_hn05,2,1489,5489,0.77968,0.704499
rc_trial_a33_k3_hn05,2,1490,5490,0.807726,0.769116
rc_trial_a33_k3_hn05,2,1491,5491,0.98641,0.51347
rc_trial_a33_k3_hn05,2,1492,5492,0.763801,1.20191
rc_trial_a33_k3_hn05,2,1493,5493,0.737433,1.25397
rc_trial_a33_k3_hn05,2,1494,5494,0.642325,0.682374
rc_trial_a33_k3_hn05,2,1495,5495,0.887231,0.744636
rc_trial_a33_k3_hn05,2,1496,5496,0.541486,0.70707
rc_trial_a33_k3_hn05,2,1497,5497,0.272081,0.544073
rc_trial_a33_k3_hn05,2,1498,5498,0.28158,0.298983
rc_trial_a33_k3_hn05,2,1499,5499,0.250259,0.116558
rc_trial_a33_k3_hn05,2,1500,5500,0.304614,0.191124
rc_trial_a33_k3_hn05,2,1501,5501,0.366867,0.102766
rc_trial_a33_k3_hn05,2,1502,5502,0.208473,0.0451822
rc_trial_a33_k3_hn05,2,1503,5503,0.363051,0.0442061
rc_trial_a33_k3_hn05,2,1504,5504,0.247986,0.0286474
rc_trial_a33_k3_hn05,2,1505,5505,0.223961,0.024254
rc_trial_a33_k3_hn05,2,1506,5506,0.390245,0.0264862
rc_trial_a33_k3_hn05,2,1507,5507,0.210175,0.0213946
rc_trial_a33_k3_hn05,2,1508,5508,0.198288,0.0379517
rc_trial_a33_k3_hn05,2,1509,5509,0.167207,0.619848
rc_trial_a33_k3_hn05,2,1510,5510,0.261174,0.545598
rc_trial_a33_k3_hn05,2,1511,5511,0.705118,0.699574
rc_trial_a33_k3_hn05,2,1512,5512,0.59612,1.14802
rc_trial_a33_k3_hn05,2,1513,5513,0.693517,0.916543
rc_trial_a33_k3_hn05,2,1514,5514,0.858194,1.23518
rc_trial_a33_k3_hn05,2,1515,5515,0.663556,0.625343
rc_trial_a33_k3_hn05,2,1516,5516,0.479603,0.432747
rc_trial_a33_k3_hn05,2,1517,5517,0.353853,0.248301
rc_trial_a33_k3_hn05,2,1518,5518,0.583405,0.277803
rc_trial_a33_k3_hn05,2,1519,5519,1.37923,1.65563
rc_trial_a33_k3_hn05,2,1520,5520,1.32081,1.3793
rc_trial_a33_k3_hn05,2,1521,5521,0.34172400000000003,0.525365
rc_trial_a33_k3_hn05,2,1522,5522,0.36074,0.473429
rc_trial_a33_k3_hn05,2,1523,5523,0.49164,0.452022
rc_trial_a33_k3_hn05,2,1524,5524,0.267411,0.246553
rc_trial_a33_k3_hn05,2,1525,5525,0.181629,0.385273
rc_trial_a33_k3_hn05,2,1526,5526,0.293957,0.108751
rc_trial_a33_k3_hn05,2,1527,5527,0.00948318,0.0842195
rc_trial_a33_k3_hn05,2,1528,5528,0.0690612,0.0821487
rc_trial_a33_k3_hn05,2,1529,5529,0.216498,0.0777697
rc_trial_a33_k3_hn05,2,1530,5530,0.344171,0.0252169
rc_trial_a33_k3_hn05,2,1531,5531,0.304249,0.0351628
rc_trial_a33_k3_hn05,2,1532,5532,0.134692,0.00607632
rc_trial_a33_k3_hn05,2,1533,5533,0.186405,0.0104214
rc_trial_a33_k3_hn05,2,1534,5534,0.352744,0.00883019
rc_trial_a33_k3_hn05,2,1535,5535,0.244072,0.0273784
rc_trial_a33_k3_hn05,2,1536,5536,0.259398,0.00563823
rc_trial_a33_k3_hn05,2,1537,5537,0.233661,0.017072
rc_trial_a33_k3_hn05,2,1538,5538,0.231772,0.0162589
rc_trial_a33_k3_hn05,2,1539,5539,0.247915,0.0130048
rc_trial_a33_k3_hn05,2,1540,5540,0.309631,0.0185796
rc_trial_a33_k3_hn05,2,1541,5541,0.337572,0.00853534
rc_trial_a33_k3_hn05,2,1542,5542,0.231574,0.011645
rc_trial_a33_k3_hn05,2,1543,5543,0.247985,0.00344728
rc_trial_a33_k3_hn05,2,1544,5544,0.404154,0.00440773
rc_trial_a33_k3_hn05,2,1545,5545,0.276065,0.00435068
rc_trial_a33_k3_hn05,2,1546,5546,0.25082,0.00396527
rc_trial_a33_k3_hn05,2,1547,5547,0.276087,0.0049477
rc_trial_a33_k3_hn05,2,1548,5548,0.100826,0.0520025
rc_trial_a33_k3_hn05,2,1549,5549,0.309043,0.15147
rc_trial_a33_k3_hn05,2,1550,5550,0.30224,0.131537
rc_trial_a33_k3_hn05,2,1551,5551,0.0696476,0.285824
rc_trial_a33_k3_hn05,2,1552,5552,0.540868,0.29688
rc_trial_a33_k3_hn05,2,1553,5553,0.409103,0.276734
rc_trial_a33_k3_hn05,2,1554,5554,0.510806,0.147042
rc_trial_a33_k3_hn05,2,1555,5555,0.0617712,0.228439
rc_trial_a33_k3_hn05,2,1556,5556,0.213722,0.245313
rc_trial_a33_k3_hn05,2,1557,5557,0.616945,0.363924
rc_trial_a33_k3_hn05,2,1558,5558,0.629753,0.274874
rc_trial_a33_k3_hn05,2,1559,5559,0.700733,0.377767
rc_trial_a33_k3_hn05,2,1560,5560,0.737845,0.353657
rc_trial_a33_k3_hn05,2,1561,5561,0.447885,1.35239
rc_trial_a33_k3_hn05,2,1562,5562,0.345724,0.486439
rc_trial_a33_k3_hn05,2,1563,5563,0.623647,0.496465
rc_trial_a33_k3_hn05,2,1564,5564,0.768117,0.560573
rc_trial_a33_k3_hn05,2,1565,5565,0.737744,0.572456
rc_trial_a33_k3_hn05,2,1566,5566,0.394528,0.699132
rc_trial_a33_k3_hn05,2,1567,5567,0.370543,0.858196
rc_trial_a33_k3_hn05,2,1568,5568,0.376238,0.831621
rc_trial_a33_k3_hn05,2,1569,5569,0.342504,0.3298
rc_trial_a33_k3_hn05,2,1570,5570,0.337341,0.173462
rc_trial_a33_k3_hn05,2,1571,5571,0.540248,0.098025
rc_trial_a33_k3_hn05,2,1572,5572,0.144865,0.269206
rc_trial_a33_k3_hn05,2,1573,5573,0.613666,0.140687
rc_trial_a33_k3_hn05,2,1574,5574,0.157561,0.111328
rc_trial_a33_k3_hn05,2,1575,5575,0.385482,0.0475988
rc_trial_a33_k3_hn05,2,1576,5576,0.097606299999999993,0.101282
rc_trial_a33_k3_hn05,2,1577,5577,0.266905,0.095773
rc_trial_a33_k3_hn05,2,1578,5578,0.245773,0.107181
rc_trial_a33_k3_hn05,2,1579,5579,0.0757974,0.0267041
rc_trial_a33_k3_hn05,2,1580,5580,0.426599,0.005335
rc_trial_a33_k3_hn05,2,1581,5581,0.291337,0.00751478
rc_trial_a33_k3_hn05,2,1582,5582,0.153947,0.452662
rc_trial_a33_k3_hn05,2,1583,5583,0.238324,0.341014
rc_trial_a33_k3_hn05,2,1584,5584,0.123177,0.170113
rc_trial_a33_k3_hn05,2,1585,5585,0.254063,0.120761
rc_trial_a33_k3_hn05,2,1586,5586,0.412968,0.115052
rc_trial_a33_k3_hn05,2,1587,5587,0.201558,0.114628
rc_trial_a33_k3_hn05,2,1588,5588,0.254083,0.152115
rc_trial_a33_k3_hn05,2,1589,5589,0.550381,0.232796
rc_trial_a33_k3_hn05,2,1590,5590,0.390824,0.215431
rc_trial_a33_k3_hn05,2,1591,5591,0.431199,0.250087
rc_trial_a33_k3_hn05,2,1592,5592,0.292917,0.165056
rc_trial_a33_k3_hn05,2,1593,5593,0.634732,0.374132
rc_trial_a33_k3_hn05,2,1594,5594,0.250726,0.756819
rc_trial_a33_k3_hn05,2,1595,5595,0.233265,0.139011
rc_trial_a33_k3_hn05,2,1596,5596,0.0111556,0.407301
rc_trial_a33_k3_hn05,2,1597,5597,0.125092,0.315647
rc_trial_a33_k3_hn05,2,1598,5598,0.765868,0.655063
rc_trial_a33_k3_hn05,2,1599,5599,0.641807,0.421367
rc_trial_a33_k3_hn05,2,1600,5600,0.703438,0.767466
rc_trial_a33_k3_hn05,2,1601,5601,0.443724,0.318961
rc_trial_a33_k3_hn05,2,1602,5602,1.31519,0.732095
rc_trial_a33_k3_hn05,2,1603,5603,0.742604,0.537383
rc_trial_a33_k3_hn05,2,1604,5604,0.229236,0.351162
rc_trial_a33_k3_hn05,2,1605,5605,0.132495,0.302274
rc_trial_a33_k3_hn05,2,1606,5606,0.074125,0.326332
rc_trial_a33_k3_hn05,2,1607,5607,0.228475,0.331586
rc_trial_a33_k3_hn05,2,1608,5608,0.173818,0.137959
rc_trial_a33_k3_hn05,2,1609,5609,0.346253,0.0951433
rc_trial_a33_k3_hn05,2,1610,5610,-0.0596663,1.5756
rc_trial_a33_k3_hn05,2,1611,5611,-0.0558618,1.17188
rc_trial_a33_k3_hn05,2,1612,5612,0.0545008,0.385217
rc_trial_a33_k3_hn05,2,1613,5613,-0.0572795,1.01782
rc_trial_a33_k3_hn05,2,1614,5614,0.513362,0.555738
rc_trial_a33_k3_hn05,2,1615,5615,0.695046,0.449724
rc_trial_a33_k3_hn05,2,1616,5616,0.386463,0.284275
rc_trial_a33_k3_hn05,2,1617,5617,0.377926,0.588997
rc_trial_a33_k3_hn05,2,1618,5618,0.529235,0.641076
rc_trial_a33_k3_hn05,2,1619,5619,0.604368,0.568671
rc_trial_a33_k3_hn05,2,1620,5620,0.523111,1.01629
rc_trial_a33_k3_hn05,2,1621,5621,0.576603,0.531292
rc_trial_a33_k3_hn05,2,1622,5622,0.535646,0.794349
rc_trial_a33_k3_hn05,2,1623,5623,0.945918,1.31123
rc_trial_a33_k3_hn05,2,1624,5624,0.251107,0.190153
rc_trial_a33_k3_hn05,2,1625,5625,0.552256,0.380842
rc_trial_a33_k3_hn05,2,1626,5626,0.411371,0.480542
rc_trial_a33_k3_hn05,2,1627,5627,0.4166,0.338268
rc_trial_a33_k3_hn05,2,1628,5628,0.391426,0.182252
rc_trial_a33_k3_hn05,2,1629,5629,0.525014,0.266772
rc_trial_a33_k3_hn05,2,1630,5630,0.481952,0.207722
rc_trial_a33_k3_hn05,2,1631,5631,0.29516,1.08449
rc_trial_a33_k3_hn05,2,1632,5632,0.291777,0.295473
rc_trial_a33_k3_hn05,2,1633,5633,0.299461,0.103313
rc_trial_a33_k3_hn05,2,1634,5634,0.243545,0.0978925
rc_trial_a33_k3_hn05,2,1635,5635,0.218684,0.121594
rc_trial_a33_k3_hn05,2,1636,5636,0.470685,0.523658
rc_trial_a33_k3_hn05,2,1637,5637,0.184611,0.472464
rc_trial_a33_k3_hn05,2,1638,5638,0.143507,0.457596
rc_trial_a33_k3_hn05,2,1639,5639,0.277724,0.779996
rc_trial_a33_k3_hn05,2,1640,5640,-0.0517384,0.460451
rc_trial_a33_k3_hn05,2,1641,5641,0.236315,0.297452
rc_trial_a33_k3_hn05,2,1642,5642,0.147414,0.130285
rc_trial_a33_k3_hn05,2,1643,5643,0.401393,0.758477
rc_trial_a33_k3_hn05,2,1644,5644,0.267813,0.313817
rc_trial_a33_k3_hn05,2,1645,5645,0.572094,0.326433
rc_trial_a33_k3_hn05,2,1646,5646,0.563225,0.376759
rc_trial_a33_k3_hn05,2,1647,5647,0.539882,0.752653
rc_trial_a33_k3_hn05,2,1648,5648,0.604159,0.905922
rc_trial_a33_k3_hn05,2,1649,5649,0.55919,0.479636
rc_trial_a33_k3_hn05,2,1650,5650,0.452104,0.517089
rc_trial_a33_k3_hn05,2,1651,5651,0.239918,0.0344215
rc_trial_a33_k3_hn05,2,1652,5652,0.125426,0.326732
rc_trial_a33_k3_hn05,2,1653,5653,0.0239232,0.613452
rc_trial_a33_k3_hn05,2,1654,5654,0.599385,0.167491
rc_trial_a33_k3_hn05,2,1655,5655,0.339574,0.18902
rc_trial_a33_k3_hn05,2,1656,5656,0.419217,0.319308
rc_trial_a33_k3_hn05,2,1657,5657,0.253632,0.106483
rc_trial_a33_k3_hn05,2,1658,5658,0.210476,0.0115978
rc_trial_a33_k3_hn05,2,1659,5659,0.531924,0.463334
rc_trial_a33_k3_hn05,2,1660,5660,0.241278,0.0467471
rc_trial_a33_k3_hn05,2,1661,5661,0.252462,0.0270754
rc_trial_a33_k3_hn05,2,1662,5662,0.3124,0.54805
rc_trial_a33_k3_hn05,2,1663,5663,0.82717,0.583492
rc_trial_a33_k3_hn05,2,1664,5664,0.851986,0.414491
rc_trial_a33_k3_hn05,2,1665,5665,0.258269,0.0474611
rc_trial_a33_k3_hn05,2,1666,5666,-0.151843,0.526959
rc_trial_a33_k3_hn05,2,1667,5667,-0.116805,0.499601
rc_trial_a33_k3_hn05,2,1668,5668,-0.0175011,0.52887
rc_trial_a33_k3_hn05,2,1669,5669,0.321915,0.165252
rc_trial_a33_k3_hn05,2,1670,5670,0.377656,0.140984
rc_trial_a33_k3_hn05,2,1671,5671,0.31309,0.153993
rc_trial_a33_k3_hn05,2,1672,5672,0.190441,0.454589
rc_trial_a33_k3_hn05,2,1673,5673,0.268799,0.335562
rc_trial_a33_k3_hn05,2,1674,5674,0.284997,0.220791
rc_trial_a33_k3_hn05,2,1675,5675,0.479914,0.263221
rc_trial_a33_k3_hn05,2,1676,5676,0.475849,0.627488
rc_trial_a33_k3_hn05,2,1677,5677,0.215199,0.0686939
rc_trial_a33_k3_hn05,2,1678,5678,0.482418,0.0548494
rc_trial_a33_k3_hn05,2,1679,5679,0.419934,0.0697787
rc_trial_a33_k3_hn05,2,1680,5680,0.0651444,0.162652
rc_trial_a33_k3_hn05,2,1681,5681,0.0651634,0.12099
rc_trial_a33_k3_hn05,2,1682,5682,0.19899,0.0793723
rc_trial_a33_k3_hn05,2,1683,5683,0.268683,0.143329
rc_trial_a33_k3_hn05,2,1684,5684,0.491701,0.142312
rc_trial_a33_k3_hn05,2,1685,5685,0.255623,0.0305549
rc_trial_a33_k3_hn05,2,1686,5686,0.31564,0.0149914
rc_trial_a33_k3_hn05,2,1687,5687,0.29683,0.001562
rc_trial_a33_k3_hn05,2,1688,5688,0.247412,0.00123849
rc_trial_a33_k3_hn05,2,1689,5689,0.465574,0.00646274
rc_trial_a33_k3_hn05,2,1690,5690,0.515062,0.0064952
rc_trial_a33_k3_hn05,2,1691,5691,0.105746,0.0124345
rc_trial_a33_k3_hn05,2,1692,5692,0.344552,0.041332
rc_trial_a33_k3_hn05,2,1693,5693,0.134156,0.0326991
rc_trial_a33_k3_hn05,2,1694,5694,0.384358,0.0330348
rc_trial_a33_k3_hn05,2,1695,5695,0.444556,0.384036
rc_trial_a33_k3_hn05,2,1696,5696,0.136977,0.340897
rc_trial_a33_k3_hn05,2,1697,5697,0.0865483,0.261382
rc_trial_a33_k3_hn05,2,1698,5698,0.648804,0.492559
rc_trial_a33_k3_hn05,2,1699,5699,0.134621,0.320935
rc_trial_a33_k3_hn05,2,1700,5700,0.708093,0.551178
rc_trial_a33_k3_hn05,2,1701,5701,0.721069,0.516677
rc_trial_a33_k3_hn05,2,1702,5702,0.714313,0.621361
rc_trial_a33_k3_hn05,2,1703,5703,0.689464,0.487269
rc_trial_a33_k3_hn05,2,1704,5704,0.672887,0.781403
rc_trial_a33_k3_hn05,2,1705,5705,0.845549,0.784654
rc_trial_a33_k3_hn05,2,1706,5706,0.810179,0.683449
rc_trial_a33_k3_hn05,2,1707,5707,1.03419,0.722701
rc_trial_a33_k3_hn05,2,1708,5708,1.33286,0.94175
rc_trial_a33_k3_hn05,2,1709,5709,-0.181919,0.582889
rc_trial_a33_k3_hn05,2,1710,5710,0.139828,0.486499
rc_trial_a33_k3_hn05,2,1711,5711,0.390834,1.0253
rc_trial_a33_k3_hn05,2,1712,5712,0.312619,0.40663
rc_trial_a33_k3_hn05,2,1713,5713,0.56817,0.539877
rc_trial_a33_k3_hn05,2,1714,5714,0.198573,0.485655
rc_trial_a33_k3_hn05,2,1715,5715,0.347263,0.276267
rc_trial_a33_k3_hn05,2,1716,5716,0.28957,0.533931
rc_trial_a33_k3_hn05,2,1717,5717,0.351302,0.703463
rc_trial_a33_k3_hn05,2,1718,5718,0.908126,0.590899
rc_trial_a33_k3_hn05,2,1719,5719,0.614879,0.849735
rc_trial_a33_k3_hn05,2,1720,5720,0.543031,0.874606
rc_trial_a33_k3_hn05,2,1721,5721,0.23215,0.496756
rc_trial_a33_k3_hn05,2,1722,5722,0.195321,0.563223
rc_trial_a33_k3_hn05,2,1723,5723,0.332433,0.540213
rc_trial_a33_k3_hn05,2,1724,5724,0.411812,0.291555
rc_trial_a33_k3_hn05,2,1725,5725,0.295679,1.20624
rc_trial_a33_k3_hn05,2,1726,5726,0.097513,0.390189
rc_trial_a33_k3_hn05,2,1727,5727,0.332522,0.650226
rc_trial_a33_k3_hn05,2,1728,5728,0.163368,0.405228
rc_trial_a33_k3_hn05,2,1729,5729,0.12716,0.184114
rc_trial_a33_k3_hn05,2,1730,5730,0.255965,0.0854979
rc_trial_a33_k3_hn05,2,1731,5731,0.188934,0.0844121
rc_trial_a33_k3_hn05,2,1732,5732,0.288181,0.0560371
rc_trial_a33_k3_hn05,2,1733,5733,0.269094,0.069875
rc_trial_a33_k3_hn05,2,1734,5734,0.288458,0.158237
rc_trial_a33_k3_hn05,2,1735,5735,0.26873,0.149709
rc_trial_a33_k3_hn05,2,1736,5736,0.139236,0.0597807
rc_trial_a33_k3_hn05,2,1737,5737,0.359882,0.241106
rc_trial_a33_k3_hn05,2,1738,5738,0.421492,0.0608147
rc_trial_a33_k3_hn05,2,1739,5739,0.25546,0.0335763
rc_trial_a33_k3_hn05,2,1740,5740,0.491085,0.0515883
rc_trial_a33_k3_hn05,2,1741,5741,0.0930589,0.0698364
rc_trial_a33_k3_hn05,2,1742,5742,0.456151,0.0295979
rc_trial_a33_k3_hn05,2,1743,5743,0.134681,0.0714366
rc_trial_a33_k3_hn05,2,1744,5744,0.243354,0.0979974
rc_trial_a33_k3_hn05,2,1745,5745,0.19895,0.116696
rc_trial_a33_k3_hn05,2,1746,5746,0.220241,0.263854
rc_trial_a33_k3_hn05,2,1747,5747,0.448533,0.681146
rc_trial_a33_k3_hn05,2,1748,5748,0.421655,0.664909
rc_trial_a33_k3_hn05,2,1749,5749,0.621569,0.404447
rc_trial_a33_k3_hn05,2,1750,5750,0.816675,0.934966
rc_trial_a33_k3_hn05,2,1751,5751,0.715423,0.870237
rc_trial_a33_k3_hn05,2,1752,5752,0.711294,0.868134
rc_trial_a33_k3_hn05,2,1753,5753,0.17565,0.19775
rc_trial_a33_k3_hn05,2,1754,5754,0.287263,0.228807
rc_trial_a33_k3_hn05,2,1755,5755,-0.0601268,0.356287
rc_trial_a33_k3_hn05,2,1756,5756,0.480646,0.939854
rc_trial_a33_k3_hn05,2,1757,5757,0.376308,0.448219
rc_trial_a33_k3_hn05,2,1758,5758,0.586638,0.278939
rc_trial_a33_k3_hn05,2,1759,5759,0.419336,0.490418
rc_trial_a33_k3_hn05,2,1760,5760,0.379272,0.502199
rc_trial_a33_k3_hn05,2,1761,5761,0.599686,0.552412
rc_trial_a33_k3_hn05,2,1762,5762,0.307158,0.405613
rc_trial_a33_k3_hn05,2,1763,5763,0.331956,0.275839
rc_trial_a33_k3_hn05,2,1764,5764,0.124909,0.995742
rc_trial_a33_k3_hn05,2,1765,5765,0.299334,0.153715
rc_trial_a33_k3_hn05,2,1766,5766,0.489678,0.264616
rc_trial_a33_k3_hn05,2,1767,5767,0.491196,1.12239
rc_trial_a33_k3_hn05,2,1768,5768,0.518996,0.605949
rc_trial_a33_k3_hn05,2,1769,5769,0.460375,0.19217
rc_trial_a33_k3_hn05,2,1770,5770,0.180091,0.100331
rc_trial_a33_k3_hn05,2,1771,5771,0.315492,0.0641739
rc_trial_a33_k3_hn05,2,1772,5772,0.223229,0.0814805
rc_trial_a33_k3_hn05,2,1773,5773,0.266636,0.0705046
rc_trial_a33_k3_hn05,2,1774,5774,0.19076099999999999,0.146624
rc_trial_a33_k3_hn05,2,1775,5775,0.105274,0.171183
rc_trial_a33_k3_hn05,2,1776,5776,0.458045,0.437671
rc_trial_a33_k3_hn05,2,1777,5777,0.467894,0.392273
rc_trial_a33_k3_hn05,2,1778,5778,0.149723,0.758594
rc_trial_a33_k3_hn05,2,1779,5779,0.0752267,0.487897
rc_trial_a33_k3_hn05,2,1780,5780,-0.184016,0.695426
rc_trial_a33_k3_hn05,2,1781,5781,0.115974,0.208071
rc_trial_a33_k3_hn05,2,1782,5782,0.0461427,0.0387859
rc_trial_a33_k3_hn05,2,1783,5783,0.563639,0.0217285
rc_trial_a33_k3_hn05,2,1784,5784,0.233675,0.0102885
rc_trial_a33_k3_hn05,2,1785,5785,0.376638,0.0125712
rc_trial_a33_k3_hn05,2,1786,5786,0.0925938,0.0696114
rc_trial_a33_k3_hn05,2,1787,5787,0.416167,0.0552489
rc_trial_a33_k3_hn05,2,1788,5788,0.325753,0.0561449
rc_trial_a33_k3_hn05,2,1789,5789,0.295023,0.011627
rc_trial_a33_k3_hn05,2,1790,5790,0.332684,0.0658059
rc_trial_a33_k3_hn05,2,1791,5791,0.276848,0.033212
rc_trial_a33_k3_hn05,2,1792,5792,0.27232,0.104327
rc_trial_a33_k3_hn05,2,1793,5793,0.464596,0.118521
rc_trial_a33_k3_hn05,2,1794,5794,0.109259,0.0711446
rc_trial_a33_k3_hn05,2,1795,5795,0.24718,0.269592
rc_trial_a33_k3_hn05,2,1796,5796,0.268827,0.156789
rc_trial_a33_k3_hn05,2,1797,5797,0.423373,0.469258
rc_trial_a33_k3_hn05,2,1798,5798,0.574771,0.316658
rc_trial_a33_k3_hn05,2,1799,5799,0.201457,0.248726
rc_trial_a33_k3_hn05,2,1800,5800,0.329891,0.156548
rc_trial_a33_k3_hn05,2,1801,5801,0.377863,0.705908
rc_trial_a33_k3_hn05,2,1802,5802,0.608965,0.375775
rc_trial_a33_k3_hn05,2,1803,5803,0.765747,0.430319
rc_trial_a33_k3_hn05,2,1804,5804,0.311888,0.0920721
rc_trial_a33_k3_hn05,2,1805,5805,0.0672457,0.536241
rc_trial_a33_k3_hn05,2,1806,5806,0.536905,0.790231
rc_trial_a33_k3_hn05,2,1807,5807,0.064366,0.714461
rc_trial_a33_k3_hn05,2,1808,5808,0.0910866,0.730701
rc_trial_a33_k3_hn05,2,1809,5809,0.0314446,0.95935
rc_trial_a33_k3_hn05,2,1810,5810,0.850765,0.369642
rc_trial_a33_k3_hn05,2,1811,5811,0.78058,0.738055
rc_trial_a33_k3_hn05,2,1812,5812,0.752818,0.444916
rc_trial_a33_k3_hn05,2,1813,5813,0.869292,0.623321
rc_trial_a33_k3_hn05,2,1814,5814,0.640677,0.245345
rc_trial_a33_k3_hn05,2,1815,5815,0.629242,0.280066
rc_trial_a33_k3_hn05,2,1816,5816,0.657088,1.03401
rc_trial_a33_k3_hn05,2,1817,5817,0.666529,0.601056
rc_trial_a33_k3_hn05,2,1818,5818,0.423565,0.305897
rc_trial_a33_k3_hn05,2,1819,5819,-0.0960863,0.444285
rc_trial_a33_k3_hn05,2,1820,5820,-0.036553,0.322788
rc_trial_a33_k3_hn05,2,1821,5821,0.293129,0.324716
rc_trial_a33_k3_hn05,2,1822,5822,0.0334211,0.606046
rc_trial_a33_k3_hn05,2,1823,5823,0.416668,0.386525
rc_trial_a33_k3_hn05,2,1824,5824,0.413036,0.255514
rc_trial_a33_k3_hn05,2,1825,5825,0.194951,0.302413
rc_trial_a33_k3_hn05,2,1826,5826,0.133957,0.470219
rc_trial_a33_k3_hn05,2,1827,5827,-0.0868018,0.374248
rc_trial_a33_k3_hn05,2,1828,5828,0.318598,0.584406
rc_trial_a33_k3_hn05,2,1829,5829,0.0413758,0.617333
rc_trial_a33_k3_hn05,2,1830,5830,-0.101847,0.739797
rc_trial_a33_k3_hn05,2,1831,5831,-0.0283049,0.805499
rc_trial_a33_k3_hn05,2,1832,5832,0.635709,0.344709
rc_trial_a33_k3_hn05,2,1833,5833,0.534001,0.291376
rc_trial_a33_k3_hn05,2,1834,5834,0.106642,0.206453
rc_trial_a33_k3_hn05,2,1835,5835,-0.0159659,0.344277
rc_trial_a33_k3_hn05,2,1836,5836,0.260752,0.451419
rc_trial_a33_k3_hn05,2,1837,5837,0.265595,0.496565
rc_trial_a33_k3_hn05,2,1838,5838,0.366852,0.388085
rc_trial_a33_k3_hn05,2,1839,5839,0.773357,0.424306
rc_trial_a33_k3_hn05,2,1840,5840,0.140391,0.119091
rc_trial_a33_k3_hn05,2,1841,5841,0.0208378,0.473918
rc_trial_a33_k3_hn05,2,1842,5842,0.212253,0.252121
rc_trial_a33_k3_hn05,2,1843,5843,0.128491,0.326145
rc_trial_a33_k3_hn05,2,1844,5844,0.119769,0.234623
rc_trial_a33_k3_hn05,2,1845,5845,0.150779,0.0874968
rc_trial_a33_k3_hn05,2,1846,5846,0.467996,0.114934
rc_trial_a33_k3_hn05,2,1847,5847,-0.151928,0.193297
rc_trial_a33_k3_hn05,2,1848,5848,-0.22852,0.164381
rc_trial_a33_k3_hn05,2,1849,5849,0.332548,0.0151653
rc_trial_a33_k3_hn05,2,1850,5850,0.307582,0.0233359
rc_trial_a33_k3_hn05,2,1851,5851,0.348496,0.0348184
rc_trial_a33_k3_hn05,2,1852,5852,0.0205578,0.0322801
rc_trial_a33_k3_hn05,2,1853,5853,0.228793,0.0280808
rc_trial_a33_k3_hn05,2,1854,5854,0.189772,0.0236218
rc_trial_a33_k3_hn05,2,1855,5855,0.151637,0.113891
rc_trial_a33_k3_hn05,2,1856,5856,0.427234,0.456437
rc_trial_a33_k3_hn05,2,1857,5857,0.214851,0.274609
rc_trial_a33_k3_hn05,2,1858,5858,0.441619,0.83383
rc_trial_a33_k3_hn05,2,1859,5859,0.409016,0.303951
rc_trial_a33_k3_hn05,2,1860,5860,0.700224,0.95182
rc_trial_a33_k3_hn05,2,1861,5861,0.97573,0.586019
rc_trial_a33_k3_hn05,2,1862,5862,0.573477,0.610876
rc_trial_a33_k3_hn05,2,1863,5863,0.454489,0.604355
rc_trial_a33_k3_hn05,2,1864,5864,0.611867,0.60872
rc_trial_a33_k3_hn05,2,1865,5865,0.514423,0.648795
rc_trial_a33_k3_hn05,2,1866,5866,0.42318,0.440135
rc_trial_a33_k3_hn05,2,1867,5867,0.417605,0.613426
rc_trial_a33_k3_hn05,2,1868,5868,0.483305,0.266158
rc_trial_a33_k3_hn05,2,1869,5869,0.331808,0.539222
rc_trial_a33_k3_hn05,2,1870,5870,0.292513,0.46977
rc_trial_a33_k3_hn05,2,1871,5871,0.277128,0.538679
rc_trial_a33_k3_hn05,2,1872,5872,0.240002,0.216553
rc_trial_a33_k3_hn05,2,1873,5873,0.394899,0.192699
rc_trial_a33_k3_hn05,2,1874,5874,0.421187,0.153345
rc_trial_a33_k3_hn05,2,1875,5875,0.0583805,1.1968
rc_trial_a33_k3_hn05,2,1876,5876,0.113188,1.04124
rc_trial_a33_k3_hn05,2,1877,5877,0.563809,0.38178
rc_trial_a33_k3_hn05,2,1878,5878,0.0896496,0.0685152
rc_trial_a33_k3_hn05,2,1879,5879,0.31894,0.0502983
rc_trial_a33_k3_hn05,2,1880,5880,0.20019700000000001,0.488719
rc_trial_a33_k3_hn05,2,1881,5881,0.224837,0.395712
rc_trial_a33_k3_hn05,2,1882,5882,0.720374,0.365651
rc_trial_a33_k3_hn05,2,1883,5883,0.488851,0.454533
rc_trial_a33_k3_hn05,2,1884,5884,0.256924,0.700328
rc_trial_a33_k3_hn05,2,1885,5885,0.0515157,0.394686
rc_trial_a33_k3_hn05,2,1886,5886,0.106818,0.435967
rc_trial_a33_k3_hn05,2,1887,5887,0.109552,0.571611
rc_trial_a33_k3_hn05,2,1888,5888,-0.276244,0.68005
rc_trial_a33_k3_hn05,2,1889,5889,-0.256111,0.696832
rc_trial_a33_k3_hn05,2,1890,5890,0.158295,0.384732
rc_trial_a33_k3_hn05,2,1891,5891,7.41468e-4,0.690888
rc_trial_a33_k3_hn05,2,1892,5892,0.0451211,1.60919
rc_trial_a33_k3_hn05,2,1893,5893,0.271733,0.282738
rc_trial_a33_k3_hn05,2,1894,5894,0.145028,0.296976
rc_trial_a33_k3_hn05,2,1895,5895,0.168288,0.295762
rc_trial_a33_k3_hn05,2,1896,5896,0.442414,0.360945
rc_trial_a33_k3_hn05,2,1897,5897,0.523528,0.555316
rc_trial_a33_k3_hn05,2,1898,5898,-0.0464541,0.506293
rc_trial_a33_k3_hn05,2,1899,5899,-0.0458087,0.442765
rc_trial_a33_k3_hn05,2,1900,5900,0.534053,0.296309
rc_trial_a33_k3_hn05,2,1901,5901,0.465054,0.245599
rc_trial_a33_k3_hn05,2,1902,5902,0.229935,0.141023
rc_trial_a33_k3_hn05,2,1903,5903,0.144548,0.176286
rc_trial_a33_k3_hn05,2,1904,5904,0.367297,0.436648
rc_trial_a33_k3_hn05,2,1905,5905,0.288175,0.553326
rc_trial_a33_k3_hn05,2,1906,5906,0.0803478,0.281329
rc_trial_a33_k3_hn05,2,1907,5907,0.605835,0.228842
rc_trial_a33_k3_hn05,2,1908,5908,0.394773,0.357511
rc_trial_a33_k3_hn05,2,1909,5909,0.636736,0.288406
rc_trial_a33_k3_hn05,2,1910,5910,0.56321,0.327968
rc_trial_a33_k3_hn05,2,1911,5911,0.0343046,0.443858
rc_trial_a33_k3_hn05,2,1912,5912,0.0341726,0.607436
rc_trial_a33_k3_hn05,2,1913,5913,-0.131478,1.07616
rc_trial_a33_k3_hn05,2,1914,5914,0.252571,0.336788
rc_trial_a33_k3_hn05,2,1915,5915,0.154499,0.466555
rc_trial_a33_k3_hn05,2,1916,5916,0.906935,0.878601
rc_trial_a33_k3_hn05,2,1917,5917,0.506092,0.332566
rc_trial_a33_k3_hn05,2,1918,5918,0.50259,0.36992
rc_trial_a33_k3_hn05,2,1919,5919,-0.136614,0.51978
rc_trial_a33_k3_hn05,2,1920,5920,0.636856,0.653907
rc_trial_a33_k3_hn05,2,1921,5921,0.742974,0.423469
rc_trial_a33_k3_hn05,2,1922,5922,0.700829,0.423843
rc_trial_a33_k3_hn05,2,1923,5923,0.812232,1.06199
rc_trial_a33_k3_hn05,2,1924,5924,0.263333,0.229889
rc_trial_a33_k3_hn05,2,1925,5925,0.406709,0.171748
rc_trial_a33_k3_hn05,2,1926,5926,0.304201,0.23771
rc_trial_a33_k3_hn05,2,1927,5927,0.420025,0.312071
rc_trial_a33_k3_hn05,2,1928,5928,0.437789,0.564329
rc_trial_a33_k3_hn05,2,1929,5929,0.531826,0.765694
rc_trial_a33_k3_hn05,2,1930,5930,0.135484,0.582757
rc_trial_a33_k3_hn05,2,1931,5931,0.277912,0.231704
rc_trial_a33_k3_hn05,2,1932,5932,0.084275,0.162962
rc_trial_a33_k3_hn05,2,1933,5933,0.232235,0.384758
rc_trial_a33_k3_hn05,2,1934,5934,0.180449,0.360154
rc_trial_a33_k3_hn05,2,1935,5935,-0.0610282,0.429704
rc_trial_a33_k3_hn05,2,1936,5936,0.342153,0.042545
rc_trial_a33_k3_hn05,2,1937,5937,0.321506,0.278511
rc_trial_a33_k3_hn05,2,1938,5938,0.367115,0.26124000000000003
rc_trial_a33_k3_hn05,2,1939,5939,0.249658,0.450347
rc_trial_a33_k3_hn05,2,1940,5940,0.270209,0.424883
rc_trial_a33_k3_hn05,2,1941,5941,0.738669,0.618008
rc_trial_a33_k3_hn05,2,1942,5942,0.840792,0.709229
rc_trial_a33_k3_hn05,2,1943,5943,0.563257,0.247773
rc_trial_a33_k3_hn05,2,1944,5944,0.732012,0.45453
rc_trial_a33_k3_hn05,2,1945,5945,0.634674,0.256377
rc_trial_a33_k3_hn05,2,1946,5946,0.447707,0.196578
rc_trial_a33_k3_hn05,2,1947,5947,0.396587,0.206991
rc_trial_a33_k3_hn05,2,1948,5948,0.437164,0.218221
rc_trial_a33_k3_hn05,2,1949,5949,0.844905,0.523318
rc_trial_a33_k3_hn05,2,1950,5950,0.839559,0.503964
rc_trial_a33_k3_hn05,2,1951,5951,1.22741,0.627026
rc_trial_a33_k3_hn05,2,1952,5952,1.23428,0.703459
rc_trial_a33_k3_hn05,2,1953,5953,1.25138,0.767706
rc_trial_a33_k3_hn05,2,1954,5954,0.870217,0.694191
rc_trial_a33_k3_hn05,2,1955,5955,0.529254,0.579942
rc_trial_a33_k3_hn05,2,1956,5956,0.454322,0.742666
rc_trial_a33_k3_hn05,2,1957,5957,0.281301,0.332461
rc_trial_a33_k3_hn05,2,1958,5958,0.52336,0.945276
rc_trial_a33_k3_hn05,2,1959,5959,0.893402,0.562034
rc_trial_a33_k3_hn05,2,1960,5960,0.543656,0.521887
rc_trial_a33_k3_hn05,2,1961,5961,0.559986,0.425944
rc_trial_a33_k3_hn05,2,1962,5962,1.36071,0.706455
rc_trial_a33_k3_hn05,2,1963,5963,-0.0645903,0.620381
rc_trial_a33_k3_hn05,2,1964,5964,0.277379,0.573519
rc_trial_a33_k3_hn05,2,1965,5965,0.347966,0.439669
rc_trial_a33_k3_hn05,2,1966,5966,0.698081,0.525652
rc_trial_a33_k3_hn05,2,1967,5967,0.452598,0.404829
rc_trial_a33_k3_hn05,2,1968,5968,0.604836,0.387256
rc_trial_a33_k3_hn05,2,1969,5969,0.177283,0.0793227
rc_trial_a33_k3_hn05,2,1970,5970,0.394863,0.0158874
rc_trial_a33_k3_hn05,2,1971,5971,0.115796,0.00631797
rc_trial_a33_k3_hn05,2,1972,5972,0.0209394,0.00645711
rc_trial_a33_k3_hn05,2,1973,5973,0.144983,0.00616976
rc_trial_a33_k3_hn05,2,1974,5974,0.0995229,0.021277
rc_trial_a33_k3_hn05,2,1975,5975,0.271365,0.0267816
rc_trial_a33_k3_hn05,2,1976,5976,0.143414,0.021541
rc_trial_a33_k3_hn05,2,1977,5977,0.119185,0.0205395
rc_trial_a33_k3_hn05,2,1978,5978,0.573329,0.221302
rc_trial_a33_k3_hn05,2,1979,5979,0.757135,0.349409
rc_trial_a33_k3_hn05,2,1980,5980,0.727061,0.282475
rc_trial_a33_k3_hn05,2,1981,5981,0.732779,0.256836
rc_trial_a33_k3_hn05,2,1982,5982,0.453414,0.412129
rc_trial_a33_k3_hn05,2,1983,5983,0.719311,0.361982
rc_trial_a33_k3_hn05,2,1984,5984,0.589472,0.42695
rc_trial_a33_k3_hn05,2,1985,5985,0.754187,0.648047
rc_trial_a33_k3_hn05,2,1986,5986,0.12792,0.269735
rc_trial_a33_k3_hn05,2,1987,5987,0.130541,0.352442
rc_trial_a33_k3_hn05,2,1988,5988,0.0434112,0.694136
rc_trial_a33_k3_hn05,2,1989,5989,0.396669,0.476391
rc_trial_a33_k3_hn05,2,1990,5990,0.113591,0.649918
rc_trial_a33_k3_hn05,2,1991,5991,0.464324,0.529596
rc_trial_a33_k3_hn05,2,1992,5992,0.570526,0.361413
rc_trial_a33_k3_hn05,2,1993,5993,0.283837,0.121178
rc_trial_a33_k3_hn05,2,1994,5994,0.595736,0.575754
rc_trial_a33_k3_hn05,2,1995,5995,0.6392,0.56305
rc_trial_a33_k3_hn05,2,1996,5996,0.464272,0.215842
rc_trial_a33_k3_hn05,2,1997,5997,0.453883,0.247209
rc_trial_a33_k3_hn05,2,1998,5998,0.672195,0.215462
rc_trial_a33_k3_hn05,2,1999,5999,0.415992,0.200454
rc_trial_a33_k3_hn05,2,2000,6000,0.569686,0.204776
rc_trial_a33_k3_hn05,2,2001,6001,0.519535,0.308116
rc_trial_a33_k3_hn05,2,2002,6002,0.316654,0.137386
rc_trial_a33_k3_hn05,2,2003,6003,0.30557,0.444245
rc_trial_a33_k3_hn05,2,2004,6004,0.579788,0.107445
rc_trial_a33_k3_hn05,2,2005,6005,0.456627,0.405353
rc_trial_a33_k3_hn05,2,2006,6006,0.538107,0.299648
rc_trial_a33_k3_hn05,2,2007,6007,0.520071,0.335887
rc_trial_a33_k3_hn05,2,2008,6008,0.411656,0.406758
rc_trial_a33_k3_hn05,2,2009,6009,0.382371,0.395163
rc_trial_a33_k3_hn05,2,2010,6010,0.536087,0.189771
rc_trial_a33_k3_hn05,2,2011,6011,0.606786,0.218785
rc_trial_a33_k3_hn05,2,2012,6012,0.470304,0.24207
rc_trial_a33_k3_hn05,2,2013,6013,0.639465,0.335624
rc_trial_a33_k3_hn05,2,2014,6014,0.676244,0.138184
rc_trial_a33_k3_hn05,2,2015,6015,0.50568,0.317606
rc_trial_a33_k3_hn05,2,2016,6016,0.441798,0.247899
rc_trial_a33_k3_hn05,2,2017,6017,0.377968,0.231283
rc_trial_a33_k3_hn05,2,2018,6018,0.435957,0.299193
rc_trial_a33_k3_hn05,2,2019,6019,0.327164,0.191875
rc_trial_a33_k3_hn05,2,2020,6020,0.508842,0.452924
rc_trial_a33_k3_hn05,2,2021,6021,0.634582,0.213691
rc_trial_a33_k3_hn05,2,2022,6022,0.184685,0.226163
rc_trial_a33_k3_hn05,2,2023,6023,0.582388,0.0759721
rc_trial_a33_k3_hn05,2,2024,6024,0.311174,0.182572
rc_trial_a33_k3_hn05,2,2025,6025,0.344373,0.291071
rc_trial_a33_k3_hn05,2,2026,6026,0.370703,0.139319
rc_trial_a33_k3_hn05,2,2027,6027,0.237837,0.0903216
rc_trial_a33_k3_hn05,2,2028,6028,0.255561,0.110363
rc_trial_a33_k3_hn05,2,2029,6029,0.205136,0.0906849
rc_trial_a33_k3_hn05,2,2030,6030,0.431817,0.088564
rc_trial_a33_k3_hn05,2,2031,6031,0.201307,0.130548
rc_trial_a33_k3_hn05,2,2032,6032,0.313288,0.738657
rc_trial_a33_k3_hn05,2,2033,6033,0.417339,0.528573
rc_trial_a33_k3_hn05,2,2034,6034,0.467776,0.523143
rc_trial_a33_k3_hn05,2,2035,6035,0.664566,0.48927
rc_trial_a33_k3_hn05,2,2036,6036,0.659414,0.86523
rc_trial_a33_k3_hn05,2,2037,6037,0.63967,1.16861
rc_trial_a33_k3_hn05,2,2038,6038,0.367275,0.422179
rc_trial_a33_k3_hn05,2,2039,6039,0.315638,0.566984
rc_trial_a33_k3_hn05,2,2040,6040,0.512493,0.364613
rc_trial_a33_k3_hn05,2,2041,6041,0.360434,0.537141
rc_trial_a33_k3_hn05,2,2042,6042,0.528578,0.399418
rc_trial_a33_k3_hn05,2,2043,6043,0.0891743,0.497815
rc_trial_a33_k3_hn05,2,2044,6044,0.289813,0.213634
rc_trial_a33_k3_hn05,2,2045,6045,0.0535018,0.438634
rc_trial_a33_k3_hn05,2,2046,6046,0.0103285,0.353881
rc_trial_a33_k3_hn05,2,2047,6047,0.21086,0.964001
rc_trial_a33_k3_hn05,2,2048,6048,0.275298,0.902693
rc_trial_a33_k3_hn05,2,2049,6049,0.296086,0.400884
rc_trial_a33_k3_hn05,2,2050,6050,0.38071,0.102266
rc_trial_a33_k3_hn05,2,2051,6051,0.369161,0.163318
rc_trial_a33_k3_hn05,2,2052,6052,0.991851,0.511366
rc_trial_a33_k3_hn05,2,2053,6053,1.07316,0.808387
rc_trial_a33_k3_hn05,2,2054,6054,1.15719,0.898543
rc_trial_a33_k3_hn05,2,2055,6055,0.423505,0.436809
rc_trial_a33_k3_hn05,2,2056,6056,0.276732,0.493012
rc_trial_a33_k3_hn05,2,2057,6057,0.326844,0.540432
rc_trial_a33_k3_hn05,2,2058,6058,0.0871433,0.724714
rc_trial_a33_k3_hn05,2,2059,6059,0.0213576,0.670594
rc_trial_a33_k3_hn05,2,2060,6060,-0.178959,0.986295
rc_trial_a33_k3_hn05,2,2061,6061,0.618772,0.289746
rc_trial_a33_k3_hn05,2,2062,6062,0.473704,0.78335
rc_trial_a33_k3_hn05,2,2063,6063,0.426214,0.326654
rc_trial_a33_k3_hn05,2,2064,6064,0.228138,0.352606
rc_trial_a33_k3_hn05,2,2065,6065,0.269085,0.323242
rc_trial_a33_k3_hn05,2,2066,6066,0.184862,0.166013
rc_trial_a33_k3_hn05,2,2067,6067,0.35551,0.294837
rc_trial_a33_k3_hn05,2,2068,6068,0.405308,0.325308
rc_trial_a33_k3_hn05,2,2069,6069,0.386105,0.206631
rc_trial_a33_k3_hn05,2,2070,6070,0.414143,0.184222
rc_trial_a33_k3_hn05,2,2071,6071,0.274735,0.234818
rc_trial_a33_k3_hn05,2,2072,6072,0.520909,0.11964
rc_trial_a33_k3_hn05,2,2073,6073,0.24035,0.37934
rc_trial_a33_k3_hn05,2,2074,6074,0.00160587,0.252176
rc_trial_a33_k3_hn05,2,2075,6075,0.348305,0.336355
rc_trial_a33_k3_hn05,2,2076,6076,0.0203671,0.232832
rc_trial_a33_k3_hn05,2,2077,6077,0.210131,0.194094
rc_trial_a33_k3_hn05,2,2078,6078,0.469324,0.327485
rc_trial_a33_k3_hn05,2,2079,6079,0.0227081,0.0703248
rc_trial_a33_k3_hn05,2,2080,6080,0.131421,0.303879
rc_trial_a33_k3_hn05,2,2081,6081,0.0434007,0.147069
rc_trial_a33_k3_hn05,2,2082,6082,0.213021,0.273895
rc_trial_a33_k3_hn05,2,2083,6083,0.282634,0.35844
rc_trial_a33_k3_hn05,2,2084,6084,-0.325277,0.519707
rc_trial_a33_k3_hn05,2,2085,6085,-0.0369965,0.896446
rc_trial_a33_k3_hn05,2,2086,6086,-0.0250192,0.930676
rc_trial_a33_k3_hn05,2,2087,6087,0.0854886,0.84466
rc_trial_a33_k3_hn05,2,2088,6088,0.36382,0.428363
rc_trial_a33_k3_hn05,2,2089,6089,0.149117,1.05763
rc_trial_a33_k3_hn05,2,2090,6090,0.334488,0.489324
rc_trial_a33_k3_hn05,2,2091,6091,0.814532,0.434628
rc_trial_a33_k3_hn05,2,2092,6092,0.756023,0.631903
rc_trial_a33_k3_hn05,2,2093,6093,-0.0776548,0.713216
rc_trial_a33_k3_hn05,2,2094,6094,0.15845,0.358719
rc_trial_a33_k3_hn05,2,2095,6095,0.129279,0.122105
rc_trial_a33_k3_hn05,2,2096,6096,0.0813546,0.0964451
rc_trial_a33_k3_hn05,2,2097,6097,0.208777,0.156696
rc_trial_a33_k3_hn05,2,2098,6098,0.208916,0.309252
rc_trial_a33_k3_hn05,2,2099,6099,-0.111726,0.311564
rc_trial_a33_k3_hn05,2,2100,6100,0.0314188,0.300454
rc_trial_a33_k3_hn05,2,2101,6101,0.501752,0.210236
rc_trial_a33_k3_hn05,2,2102,6102,0.424342,0.316774
rc_trial_a33_k3_hn05,2,2103,6103,0.335238,0.333031
rc_trial_a33_k3_hn05,2,2104,6104,0.358907,0.494245
rc_trial_a33_k3_hn05,2,2105,6105,0.630954,0.94368
rc_trial_a33_k3_hn05,2,2106,6106,0.673575,0.891878
rc_trial_a33_k3_hn05,2,2107,6107,0.433687,0.575674
rc_trial_a33_k3_hn05,2,2108,6108,0.566403,0.896322
rc_trial_a33_k3_hn05,2,2109,6109,0.308042,0.579415
rc_trial_a33_k3_hn05,2,2110,6110,0.256782,0.770523
rc_trial_a33_k3_hn05,2,2111,6111,0.0571675,0.225376
rc_trial_a33_k3_hn05,2,2112,6112,1.13219,0.700276
rc_trial_a33_k3_hn05,2,2113,6113,0.362414,0.146073
rc_trial_a33_k3_hn05,2,2114,6114,0.252113,0.0726518
rc_trial_a33_k3_hn05,2,2115,6115,0.339674,0.042942
rc_trial_a33_k3_hn05,2,2116,6116,0.148789,0.263782
rc_trial_a33_k3_hn05,2,2117,6117,0.123391,0.0613869
rc_trial_a33_k3_hn05,2,2118,6118,0.266874,0.292415
rc_trial_a33_k3_hn05,2,2119,6119,-0.112303,0.234065
rc_trial_a33_k3_hn05,2,2120,6120,0.0253463,0.480949
rc_trial_a33_k3_hn05,2,2121,6121,0.175112,0.379367
rc_trial_a33_k3_hn05,2,2122,6122,0.103673,0.313081
rc_trial_a33_k3_hn05,2,2123,6123,-0.0743547,0.345346
rc_trial_a33_k3_hn05,2,2124,6124,-0.0406864,0.192021
rc_trial_a33_k3_hn05,2,2125,6125,0.501906,0.925161
rc_trial_a33_k3_hn05,2,2126,6126,0.571283,0.415952
rc_trial_a33_k3_hn05,2,2127,6127,-0.146904,0.776927
rc_trial_a33_k3_hn05,2,2128,6128,0.255752,0.118734
rc_trial_a33_k3_hn05,2,2129,6129,0.0592015,0.662708
rc_trial_a33_k3_hn05,2,2130,6130,0.173887,0.328494
rc_trial_a33_k3_hn05,2,2131,6131,0.178587,0.40275300000000003
rc_trial_a33_k3_hn05,2,2132,6132,0.315493,0.357087
rc_trial_a33_k3_hn05,2,2133,6133,-0.425886,1.01796
rc_trial_a33_k3_hn05,2,2134,6134,-0.24628,0.519303
rc_trial_a33_k3_hn05,2,2135,6135,-0.354916,0.635296
rc_trial_a33_k3_hn05,2,2136,6136,-0.323156,0.986156
rc_trial_a33_k3_hn05,2,2137,6137,0.362795,0.26566
rc_trial_a33_k3_hn05,2,2138,6138,0.556512,0.312386
rc_trial_a33_k3_hn05,2,2139,6139,0.53369,0.456856
rc_trial_a33_k3_hn05,2,2140,6140,0.623024,0.242249
rc_trial_a33_k3_hn05,2,2141,6141,0.549813,0.48301500000000003
rc_trial_a33_k3_hn05,2,2142,6142,0.322278,0.243495
rc_trial_a33_k3_hn05,2,2143,6143,0.178228,0.103365
rc_trial_a33_k3_hn05,2,2144,6144,0.102258,0.0935229
rc_trial_a33_k3_hn05,2,2145,6145,0.45573,0.0596446
rc_trial_a33_k3_hn05,2,2146,6146,0.452895,0.00515946
rc_trial_a33_k3_hn05,2,2147,6147,-0.543742,0.916317
rc_trial_a33_k3_hn05,2,2148,6148,-0.0504876,0.591751
rc_trial_a33_k3_hn05,2,2149,6149,0.612711,0.0911045
rc_trial_a33_k3_hn05,2,2150,6150,0.93733,0.211762
rc_trial_a33_k3_hn05,2,2151,6151,0.220372,0.447378
rc_trial_a33_k3_hn05,2,2152,6152,0.393686,0.343394
rc_trial_a33_k3_hn05,2,2153,6153,0.262372,0.65834
rc_trial_a33_k3_hn05,2,2154,6154,1.12606,0.877774
rc_trial_a33_k3_hn05,2,2155,6155,0.21275,0.184004
rc_trial_a33_k3_hn05,2,2156,6156,0.616559,0.179831
rc_trial_a33_k3_hn05,2,2157,6157,0.333459,0.342019
rc_trial_a33_k3_hn05,2,2158,6158,0.148063,0.243753
rc_trial_a33_k3_hn05,2,2159,6159,0.461828,0.432789
rc_trial_a33_k3_hn05,2,2160,6160,0.495877,0.456181
rc_trial_a33_k3_hn05,2,2161,6161,0.387652,0.516477
rc_trial_a33_k3_hn05,2,2162,6162,0.183718,0.133247
rc_trial_a33_k3_hn05,2,2163,6163,0.355703,0.171013
rc_trial_a33_k3_hn05,2,2164,6164,0.179477,0.13201
rc_trial_a33_k3_hn05,2,2165,6165,0.193745,0.173557
rc_trial_a33_k3_hn05,2,2166,6166,0.315625,0.082373
rc_trial_a33_k3_hn05,2,2167,6167,0.263205,0.048149
rc_trial_a33_k3_hn05,2,2168,6168,0.254263,0.0145675
rc_trial_a33_k3_hn05,2,2169,6169,0.182012,0.00518302
rc_trial_a33_k3_hn05,2,2170,6170,0.451595,0.00703642
rc_trial_a33_k3_hn05,2,2171,6171,0.310688,0.150059
rc_trial_a33_k3_hn05,2,2172,6172,0.347807,0.168796
rc_trial_a33_k3_hn05,2,2173,6173,0.447993,0.0935113
rc_trial_a33_k3_hn05,2,2174,6174,0.473447,0.1335
rc_trial_a33_k3_hn05,2,2175,6175,0.451014,0.174933
rc_trial_a33_k3_hn05,2,2176,6176,0.598987,0.119031
rc_trial_a33_k3_hn05,2,2177,6177,0.438712,0.251294
rc_trial_a33_k3_hn05,2,2178,6178,0.428585,0.0992656
rc_trial_a33_k3_hn05,2,2179,6179,0.807397,0.338305
rc_trial_a33_k3_hn05,2,2180,6180,0.14443,0.452257
rc_trial_a33_k3_hn05,2,2181,6181,0.0197985,0.285945
rc_trial_a33_k3_hn05,2,2182,6182,0.0230593,0.257057
rc_trial_a33_k3_hn05,2,2183,6183,0.165391,0.29586
rc_trial_a33_k3_hn05,2,2184,6184,0.0817625,0.407924
rc_trial_a33_k3_hn05,2,2185,6185,0.618951,0.359464
rc_trial_a33_k3_hn05,2,2186,6186,0.512295,0.412367
rc_trial_a33_k3_hn05,2,2187,6187,0.460558,0.417349
rc_trial_a33_k3_hn05,2,2188,6188,0.450634,0.358753
rc_trial_a33_k3_hn05,2,2189,6189,0.597254,0.508819
rc_trial_a33_k3_hn05,2,2190,6190,0.677109,0.671697
rc_trial_a33_k3_hn05,2,2191,6191,0.716403,0.534623
rc_trial_a33_k3_hn05,2,2192,6192,0.783065,0.528954
rc_trial_a33_k3_hn05,2,2193,6193,0.729241,0.719623
rc_trial_a33_k3_hn05,2,2194,6194,0.376341,0.647184
rc_trial_a33_k3_hn05,2,2195,6195,0.446947,0.478273
rc_trial_a33_k3_hn05,2,2196,6196,0.458721,0.600787
rc_trial_a33_k3_hn05,2,2197,6197,0.4763,0.670882
rc_trial_a33_k3_hn05,2,2198,6198,0.173926,0.170903
rc_trial_a33_k3_hn05,2,2199,6199,-0.100301,0.30197
rc_trial_a33_k3_hn05,2,2200,6200,0.0551045,0.212084
rc_trial_a33_k3_hn05,2,2201,6201,0.0854237,0.188943
rc_trial_a33_k3_hn05,2,2202,6202,0.11559,0.175985
rc_trial_a33_k3_hn05,2,2203,6203,0.27113,0.225784
rc_trial_a33_k3_hn05,2,2204,6204,0.297129,0.245872
rc_trial_a33_k3_hn05,2,2205,6205,0.183118,0.199136
rc_trial_a33_k3_hn05,2,2206,6206,-0.094583,1.00692
rc_trial_a33_k3_hn05,2,2207,6207,0.380952,0.0555045
rc_trial_a33_k3_hn05,2,2208,6208,0.244837,0.0741697
rc_trial_a33_k3_hn05,2,2209,6209,0.268286,0.0158187
rc_trial_a33_k3_hn05,2,2210,6210,0.284052,0.030978
rc_trial_a33_k3_hn05,2,2211,6211,0.26994,0.014687
rc_trial_a33_k3_hn05,2,2212,6212,0.266262,0.00531883
rc_trial_a33_k3_hn05,2,2213,6213,0.242827,0.00954627
rc_trial_a33_k3_hn05,2,2214,6214,0.506542,0.430128
rc_trial_a33_k3_hn05,2,2215,6215,0.173967,0.0987498
rc_trial_a33_k3_hn05,2,2216,6216,0.265077,0.102124
rc_trial_a33_k3_hn05,2,2217,6217,0.530752,0.269929
rc_trial_a33_k3_hn05,2,2218,6218,0.412901,0.458209
rc_trial_a33_k3_hn05,2,2219,6219,0.67227,0.253365
rc_trial_a33_k3_hn05,2,2220,6220,0.335083,0.241419
rc_trial_a33_k3_hn05,2,2221,6221,0.444455,0.191143
rc_trial_a33_k3_hn05,2,2222,6222,0.441172,0.195721
rc_trial_a33_k3_hn05,2,2223,6223,0.447225,0.192662
rc_trial_a33_k3_hn05,2,2224,6224,0.228151,0.249588
rc_trial_a33_k3_hn05,2,2225,6225,0.439669,0.370018
rc_trial_a33_k3_hn05,2,2226,6226,0.311652,0.0151808
rc_trial_a33_k3_hn05,2,2227,6227,0.306143,0.0224682
rc_trial_a33_k3_hn05,2,2228,6228,0.317345,0.089348
rc_trial_a33_k3_hn05,2,2229,6229,0.117795,0.0407309
rc_trial_a33_k3_hn05,2,2230,6230,0.187867,0.0357189
rc_trial_a33_k3_hn05,2,2231,6231,0.296948,0.0463518
rc_trial_a33_k3_hn05,2,2232,6232,0.355065,0.156823
rc_trial_a33_k3_hn05,2,2233,6233,0.205183,0.0680309
rc_trial_a33_k3_hn05,2,2234,6234,0.16731,0.00668055
rc_trial_a33_k3_hn05,2,2235,6235,0.35363,0.0100588
rc_trial_a33_k3_hn05,2,2236,6236,0.245356,0.0925099
rc_trial_a33_k3_hn05,2,2237,6237,0.182083,0.27806
rc_trial_a33_k3_hn05,2,2238,6238,0.230957,0.231004
rc_trial_a33_k3_hn05,2,2239,6239,0.350089,0.272559
rc_trial_a33_k3_hn05,2,2240,6240,0.123087,0.73408
rc_trial_a33_k3_hn05,2,2241,6241,0.445892,0.425179
rc_trial_a33_k3_hn05,2,2242,6242,0.415477,0.460837
rc_trial_a33_k3_hn05,2,2243,6243,0.369378,0.423935
rc_trial_a33_k3_hn05,2,2244,6244,0.312965,0.502801
rc_trial_a33_k3_hn05,2,2245,6245,0.550686,0.811788
rc_trial_a33_k3_hn05,2,2246,6246,0.371273,0.119
rc_trial_a33_k3_hn05,2,2247,6247,0.282917,1.45335
rc_trial_a33_k3_hn05,2,2248,6248,0.515661,0.233763
rc_trial_a33_k3_hn05,2,2249,6249,0.419899,0.327265
rc_trial_a33_k3_hn05,2,2250,6250,0.11877,0.354057
rc_trial_a33_k3_hn05,2,2251,6251,0.34917,0.727765
rc_trial_a33_k3_hn05,2,2252,6252,0.233973,0.0955325
rc_trial_a33_k3_hn05,2,2253,6253,0.2528,0.0711989
rc_trial_a33_k3_hn05,2,2254,6254,0.321005,0.136681
rc_trial_a33_k3_hn05,2,2255,6255,0.20852299999999999,0.184558
rc_trial_a33_k3_hn05,2,2256,6256,0.268442,0.124092
rc_trial_a33_k3_hn05,2,2257,6257,-0.00563104,1.02902
rc_trial_a33_k3_hn05,2,2258,6258,0.139343,1.53703
rc_trial_a33_k3_hn05,2,2259,6259,0.131746,1.18843
rc_trial_a33_k3_hn05,2,2260,6260,-0.0240902,0.470551
rc_trial_a33_k3_hn05,2,2261,6261,-0.026447,0.693229
rc_trial_a33_k3_hn05,2,2262,6262,-0.057216,0.563032
rc_trial_a33_k3_hn05,2,2263,6263,-0.0408775,0.530592
rc_trial_a33_k3_hn05,2,2264,6264,-0.0137131,0.390404
rc_trial_a33_k3_hn05,2,2265,6265,0.318716,0.416879
rc_trial_a33_k3_hn05,2,2266,6266,0.493977,0.270604
rc_trial_a33_k3_hn05,2,2267,6267,0.320118,0.595955
rc_trial_a33_k3_hn05,2,2268,6268,0.445079,0.184352
rc_trial_a33_k3_hn05,2,2269,6269,0.401631,0.131024
rc_trial_a33_k3_hn05,2,2270,6270,-0.065017,0.406343
rc_trial_a33_k3_hn05,2,2271,6271,-0.183135,0.427354
rc_trial_a33_k3_hn05,2,2272,6272,-0.0890772,0.449007
rc_trial_a33_k3_hn05,2,2273,6273,0.370237,0.312039
rc_trial_a33_k3_hn05,2,2274,6274,0.399232,0.249421
rc_trial_a33_k3_hn05,2,2275,6275,0.176153,0.0991921
rc_trial_a33_k3_hn05,2,2276,6276,0.16004,0.955647
rc_trial_a33_k3_hn05,2,2277,6277,0.156167,0.912606
rc_trial_a33_k3_hn05,2,2278,6278,0.23097,0.814612
rc_trial_a33_k3_hn05,2,2279,6279,0.296471,0.463086
rc_trial_a33_k3_hn05,2,2280,6280,0.505574,0.308227
rc_trial_a33_k3_hn05,2,2281,6281,0.768486,1.00198
rc_trial_a33_k3_hn05,2,2282,6282,0.277511,0.419247
rc_trial_a33_k3_hn05,2,2283,6283,0.779589,0.718603
rc_trial_a33_k3_hn05,2,2284,6284,0.504738,0.264851
rc_trial_a33_k3_hn05,2,2285,6285,0.375355,0.191666
rc_trial_a33_k3_hn05,2,2286,6286,0.441841,0.190842
rc_trial_a33_k3_hn05,2,2287,6287,0.410561,0.125624
rc_trial_a33_k3_hn05,2,2288,6288,0.296555,0.139936
rc_trial_a33_k3_hn05,2,2289,6289,0.412751,0.256241
rc_trial_a33_k3_hn05,2,2290,6290,0.38690600000000003,0.409675
rc_trial_a33_k3_hn05,2,2291,6291,0.290375,0.121697
rc_trial_a33_k3_hn05,2,2292,6292,0.176439,0.261481
rc_trial_a33_k3_hn05,2,2293,6293,0.273466,0.234514
rc_trial_a33_k3_hn05,2,2294,6294,0.27493,0.0638336
rc_trial_a33_k3_hn05,2,2295,6295,0.128681,0.302868
rc_trial_a33_k3_hn05,2,2296,6296,0.136425,0.312996
rc_trial_a33_k3_hn05,2,2297,6297,0.0916686,0.263453
rc_trial_a33_k3_hn05,2,2298,6298,0.325624,0.184049
rc_trial_a33_k3_hn05,2,2299,6299,0.407245,0.193914
rc_trial_a33_k3_hn05,2,2300,6300,0.266615,0.552178
rc_trial_a33_k3_hn05,2,2301,6301,0.345871,0.279435
rc_trial_a33_k3_hn05,2,2302,6302,-0.172737,0.829388
rc_trial_a33_k3_hn05,2,2303,6303,-0.123919,0.888622
rc_trial_a33_k3_hn05,2,2304,6304,0.526172,0.543969
rc_trial_a33_k3_hn05,2,2305,6305,0.747788,0.533887
rc_trial_a33_k3_hn05,2,2306,6306,0.628587,0.358609
rc_trial_a33_k3_hn05,2,2307,6307,0.423959,0.919498
rc_trial_a33_k3_hn05,2,2308,6308,0.481575,0.05362
rc_trial_a33_k3_hn05,2,2309,6309,0.238976,0.221971
rc_trial_a33_k3_hn05,2,2310,6310,0.168716,0.0860816
rc_trial_a33_k3_hn05,2,2311,6311,0.721506,0.436865
rc_trial_a33_k3_hn05,2,2312,6312,0.729851,0.375853
rc_trial_a33_k3_hn05,2,2313,6313,0.550608,0.254137
rc_trial_a33_k3_hn05,2,2314,6314,0.925057,0.382229
rc_trial_a33_k3_hn05,2,2315,6315,0.264092,0.324958
rc_trial_a33_k3_hn05,2,2316,6316,0.0896364,0.494085
rc_trial_a33_k3_hn05,2,2317,6317,0.991194,0.81923
rc_trial_a33_k3_hn05,2,2318,6318,0.617664,0.539625
rc_trial_a33_k3_hn05,2,2319,6319,0.417694,0.503867
rc_trial_a33_k3_hn05,2,2320,6320,0.792559,0.77427
rc_trial_a33_k3_hn05,2,2321,6321,0.651601,0.587931
rc_trial_a33_k3_hn05,2,2322,6322,0.651409,0.643364
rc_trial_a33_k3_hn05,2,2323,6323,0.618195,0.527448
rc_trial_a33_k3_hn05,2,2324,6324,0.608587,0.279571
rc_trial_a33_k3_hn05,2,2325,6325,1.00956,0.562806
rc_trial_a33_k3_hn05,2,2326,6326,0.288025,0.122118
rc_trial_a33_k3_hn05,2,2327,6327,0.248141,0.181608
rc_trial_a33_k3_hn05,2,2328,6328,0.724516,0.391904
rc_trial_a33_k3_hn05,2,2329,6329,0.750944,0.696744
rc_trial_a33_k3_hn05,2,2330,6330,0.28916,0.721896
rc_trial_a33_k3_hn05,2,2331,6331,0.0221436,0.47904
rc_trial_a33_k3_hn05,2,2332,6332,0.0841015,0.357478
rc_trial_a33_k3_hn05,2,2333,6333,0.495533,0.706603
rc_trial_a33_k3_hn05,2,2334,6334,0.168846,0.146159
rc_trial_a33_k3_hn05,2,2335,6335,0.246631,0.212365
rc_trial_a33_k3_hn05,2,2336,6336,0.316984,0.23328
rc_trial_a33_k3_hn05,2,2337,6337,0.137311,0.13145
rc_trial_a33_k3_hn05,2,2338,6338,0.296346,0.742308
rc_trial_a33_k3_hn05,2,2339,6339,0.119948,0.235475
rc_trial_a33_k3_hn05,2,2340,6340,0.282596,0.442842
rc_trial_a33_k3_hn05,2,2341,6341,0.350372,0.235506
rc_trial_a33_k3_hn05,2,2342,6342,0.788709,0.420217
rc_trial_a33_k3_hn05,2,2343,6343,0.401885,0.47837
rc_trial_a33_k3_hn05,2,2344,6344,0.39155,0.427999
rc_trial_a33_k3_hn05,2,2345,6345,0.310565,0.29912
rc_trial_a33_k3_hn05,2,2346,6346,0.344958,1.64223
rc_trial_a33_k3_hn05,2,2347,6347,0.355243,1.73522
rc_trial_a33_k3_hn05,2,2348,6348,0.360786,1.57024
rc_trial_a33_k3_hn05,2,2349,6349,0.496568,0.304707
rc_trial_a33_k3_hn05,2,2350,6350,0.702971,0.895625
rc_trial_a33_k3_hn05,2,2351,6351,0.531656,0.683165
rc_trial_a33_k3_hn05,2,2352,6352,0.0446747,0.281018
rc_trial_a33_k3_hn05,2,2353,6353,0.190206,0.188734
rc_trial_a33_k3_hn05,2,2354,6354,0.140116,0.207342
rc_trial_a33_k3_hn05,2,2355,6355,0.34745,0.137288
rc_trial_a33_k3_hn05,2,2356,6356,0.123162,0.554786
rc_trial_a33_k3_hn05,2,2357,6357,0.185377,0.207371
rc_trial_a33_k3_hn05,2,2358,6358,0.299958,0.620536
rc_trial_a33_k3_hn05,2,2359,6359,0.580492,0.175303
rc_trial_a33_k3_hn05,2,2360,6360,0.389185,0.254134
rc_trial_a33_k3_hn05,2,2361,6361,0.344151,0.262535
rc_trial_a33_k3_hn05,2,2362,6362,1.5921,0.860123
rc_trial_a33_k3_hn05,2,2363,6363,1.66531,0.691656
rc_trial_a33_k3_hn05,2,2364,6364,1.3516,0.427988
rc_trial_a33_k3_hn05,2,2365,6365,1.35081,0.440684
rc_trial_a33_k3_hn05,2,2366,6366,1.37547,0.437147
rc_trial_a33_k3_hn05,2,2367,6367,0.986075,1.08215
rc_trial_a33_k3_hn05,2,2368,6368,0.950762,0.872703
rc_trial_a33_k3_hn05,2,2369,6369,0.920538,0.577325
rc_trial_a33_k3_hn05,2,2370,6370,0.768217,0.296868
rc_trial_a33_k3_hn05,2,2371,6371,0.606647,0.609048
rc_trial_a33_k3_hn05,2,2372,6372,0.713669,0.627745
rc_trial_a33_k3_hn05,2,2373,6373,0.920141,1.03089
rc_trial_a33_k3_hn05,2,2374,6374,0.903772,1.13107
rc_trial_a33_k3_hn05,2,2375,6375,0.965922,1.1062
rc_trial_a33_k3_hn05,2,2376,6376,0.468887,0.420871
rc_trial_a33_k3_hn05,2,2377,6377,0.154585,0.740378
rc_trial_a33_k3_hn05,2,2378,6378,0.120465,0.623192
rc_trial_a33_k3_hn05,2,2379,6379,0.179747,0.531714
rc_trial_a33_k3_hn05,2,2380,6380,0.528047,0.488025
rc_trial_a33_k3_hn05,2,2381,6381,0.531986,0.451809
rc_trial_a33_k3_hn05,2,2382,6382,0.232078,0.683941
rc_trial_a33_k3_hn05,2,2383,6383,0.232796,0.758329
rc_trial_a33_k3_hn05,2,2384,6384,0.248158,0.827744
rc_trial_a33_k3_hn05,2,2385,6385,0.405777,0.392186
rc_trial_a33_k3_hn05,2,2386,6386,0.425094,0.503226
rc_trial_a33_k3_hn05,2,2387,6387,0.746452,0.786463
rc_trial_a33_k3_hn05,2,2388,6388,0.705905,0.863537
rc_trial_a33_k3_hn05,2,2389,6389,0.601784,0.904765
rc_trial_a33_k3_hn05,2,2390,6390,0.463922,0.687143
rc_trial_a33_k3_hn05,2,2391,6391,0.50455,0.51836
rc_trial_a33_k3_hn05,2,2392,6392,0.564314,0.436344
rc_trial_a33_k3_hn05,2,2393,6393,0.696914,0.363097
rc_trial_a33_k3_hn05,2,2394,6394,0.0498452,0.587596
rc_trial_a33_k3_hn05,2,2395,6395,0.176947,0.352135
rc_trial_a33_k3_hn05,2,2396,6396,0.362907,0.120534
rc_trial_a33_k3_hn05,2,2397,6397,0.410647,0.117307
rc_trial_a33_k3_hn05,2,2398,6398,0.451473,0.0852084
rc_trial_a33_k3_hn05,2,2399,6399,0.199334,0.0539391
rc_trial_a33_k3_hn05,2,2400,6400,0.365602,0.0363297
rc_trial_a33_k3_hn05,2,2401,6401,0.142833,0.00919608
rc_trial_a33_k3_hn05,2,2402,6402,0.117814,0.0238682
rc_trial_a33_k3_hn05,2,2403,6403,0.231948,0.0714972
rc_trial_a33_k3_hn05,2,2404,6404,0.174012,0.0599818
rc_trial_a33_k3_hn05,2,2405,6405,0.399472,0.175063
rc_trial_a33_k3_hn05,2,2406,6406,0.198864,0.193549
rc_trial_a33_k3_hn05,2,2407,6407,0.766103,0.507953
rc_trial_a33_k3_hn05,2,2408,6408,0.720926,0.558886
rc_trial_a33_k3_hn05,2,2409,6409,0.441203,0.576106
rc_trial_a33_k3_hn05,2,2410,6410,0.547178,0.542595
rc_trial_a33_k3_hn05,2,2411,6411,0.576775,0.501382
rc_trial_a33_k3_hn05,2,2412,6412,0.599093,0.455232
rc_trial_a33_k3_hn05,2,2413,6413,0.449267,0.45393
rc_trial_a33_k3_hn05,2,2414,6414,0.521211,0.270361
rc_trial_a33_k3_hn05,2,2415,6415,0.256266,0.0721777
rc_trial_a33_k3_hn05,2,2416,6416,0.129381,0.00989353
rc_trial_a33_k3_hn05,2,2417,6417,0.36614,0.0285333
rc_trial_a33_k3_hn05,2,2418,6418,0.318086,0.00980259
rc_trial_a33_k3_hn05,2,2419,6419,0.242897,0.0878691
rc_trial_a33_k3_hn05,2,2420,6420,0.442736,0.0411282
rc_trial_a33_k3_hn05,2,2421,6421,0.0951082,0.0268365
rc_trial_a33_k3_hn05,2,2422,6422,0.184203,0.0272016
rc_trial_a33_k3_hn05,2,2423,6423,0.42135,0.0054078
rc_trial_a33_k3_hn05,2,2424,6424,0.103791,0.00354821
rc_trial_a33_k3_hn05,2,2425,6425,0.413862,0.0117319
rc_trial_a33_k3_hn05,2,2426,6426,0.535402,0.327834
rc_trial_a33_k3_hn05,2,2427,6427,0.416119,0.150243
rc_trial_a33_k3_hn05,2,2428,6428,0.385707,0.185437
rc_trial_a33_k3_hn05,2,2429,6429,0.318533,0.10144
rc_trial_a33_k3_hn05,2,2430,6430,0.230718,0.0803677
rc_trial_a33_k3_hn05,2,2431,6431,0.162434,0.05514
rc_trial_a33_k3_hn05,2,2432,6432,0.21104,0.0347657
rc_trial_a33_k3_hn05,2,2433,6433,0.256682,0.0196017
rc_trial_a33_k3_hn05,2,2434,6434,0.263192,0.229893
rc_trial_a33_k3_hn05,2,2435,6435,0.199435,0.129879
rc_trial_a33_k3_hn05,2,2436,6436,0.416724,0.528356
rc_trial_a33_k3_hn05,2,2437,6437,0.872658,0.50057
rc_trial_a33_k3_hn05,2,2438,6438,0.259048,0.447109
rc_trial_a33_k3_hn05,2,2439,6439,0.343575,0.0972247
rc_trial_a33_k3_hn05,2,2440,6440,0.228902,0.538617
rc_trial_a33_k3_hn05,2,2441,6441,0.0886439,0.453536
rc_trial_a33_k3_hn05,2,2442,6442,-0.027245,0.170756
rc_trial_a33_k3_hn05,2,2443,6443,0.0173861,0.555014
rc_trial_a33_k3_hn05,2,2444,6444,-0.0439306,0.817377
rc_trial_a33_k3_hn05,2,2445,6445,0.0400846,0.457474
rc_trial_a33_k3_hn05,2,2446,6446,1.34322,0.882366
rc_trial_a33_k3_hn05,2,2447,6447,1.15629,0.715759
rc_trial_a33_k3_hn05,2,2448,6448,1.13745,0.854957
rc_trial_a33_k3_hn05,2,2449,6449,1.04387,0.921408
rc_trial_a33_k3_hn05,2,2450,6450,0.918828,0.836546
rc_trial_a33_k3_hn05,2,2451,6451,0.352473,0.430138
rc_trial_a33_k3_hn05,2,2452,6452,0.488082,0.31781
rc_trial_a33_k3_hn05,2,2453,6453,0.855283,0.490188
rc_trial_a33_k3_hn05,2,2454,6454,0.36723,0.34126
rc_trial_a33_k3_hn05,2,2455,6455,0.191758,0.359543
rc_trial_a33_k3_hn05,2,2456,6456,0.156788,0.395213
rc_trial_a33_k3_hn05,2,2457,6457,0.464989,0.228274
rc_trial_a33_k3_hn05,2,2458,6458,0.245794,0.162642
rc_trial_a33_k3_hn05,2,2459,6459,0.680621,0.94448
rc_trial_a33_k3_hn05,2,2460,6460,0.684243,0.906951
rc_trial_a33_k3_hn05,2,2461,6461,0.552444,0.571487
rc_trial_a33_k3_hn05,2,2462,6462,0.283843,0.659289
rc_trial_a33_k3_hn05,2,2463,6463,0.252268,0.480113
rc_trial_a33_k3_hn05,2,2464,6464,0.239308,0.0437732
rc_trial_a33_k3_hn05,2,2465,6465,0.232102,0.0277045
rc_trial_a33_k3_hn05,2,2466,6466,0.172432,0.012314
rc_trial_a33_k3_hn05,2,2467,6467,0.133774,0.0906953
rc_trial_a33_k3_hn05,2,2468,6468,0.238669,0.0242448
rc_trial_a33_k3_hn05,2,2469,6469,0.384914,0.00618969
rc_trial_a33_k3_hn05,2,2470,6470,0.164366,0.0014485
rc_trial_a33_k3_hn05,2,2471,6471,0.270198,0.00578093
rc_trial_a33_k3_hn05,2,2472,6472,0.371039,0.0111342
rc_trial_a33_k3_hn05,2,2473,6473,0.252486,0.00855067
rc_trial_a33_k3_hn05,2,2474,6474,0.138715,0.380662
rc_trial_a33_k3_hn05,2,2475,6475,-0.0199113,1.10993
rc_trial_a33_k3_hn05,2,2476,6476,-0.0439702,1.19454
rc_trial_a33_k3_hn05,2,2477,6477,0.200791,0.499105
rc_trial_a33_k3_hn05,2,2478,6478,0.414266,1.04366
rc_trial_a33_k3_hn05,2,2479,6479,0.42932,0.195127
rc_trial_a33_k3_hn05,2,2480,6480,0.607389,0.323053
rc_trial_a33_k3_hn05,2,2481,6481,0.368653,0.30106
rc_trial_a33_k3_hn05,2,2482,6482,0.362463,0.26953
rc_trial_a33_k3_hn05,2,2483,6483,0.0618656,0.89162
rc_trial_a33_k3_hn05,2,2484,6484,0.0941535,0.881611
rc_trial_a33_k3_hn05,2,2485,6485,-0.0230037,0.577897
rc_trial_a33_k3_hn05,2,2486,6486,0.00790222,0.473878
rc_trial_a33_k3_hn05,2,2487,6487,0.0229611,0.530892
rc_trial_a33_k3_hn05,2,2488,6488,0.308686,0.636684
rc_trial_a33_k3_hn05,2,2489,6489,0.819774,0.785756
rc_trial_a33_k3_hn05,2,2490,6490,0.840098,0.561277
rc_trial_a33_k3_hn05,2,2491,6491,0.825113,0.31269
rc_trial_a33_k3_hn05,2,2492,6492,0.898444,0.755835
rc_trial_a33_k3_hn05,2,2493,6493,0.764023,0.441889
rc_trial_a33_k3_hn05,2,2494,6494,0.844063,0.961776
rc_trial_a33_k3_hn05,2,2495,6495,0.547719,0.699015
rc_trial_a33_k3_hn05,2,2496,6496,0.536642,0.724652
rc_trial_a33_k3_hn05,2,2497,6497,0.0769684,0.691806
rc_trial_a33_k3_hn05,2,2498,6498,-0.0236469,0.507816
rc_trial_a33_k3_hn05,2,2499,6499,-0.0545055,0.683027
rc_trial_a33_k3_hn05,2,2500,6500,-0.0238631,0.776489
rc_trial_a33_k3_hn05,2,2501,6501,-0.273056,0.659901
rc_trial_a33_k3_hn05,2,2502,6502,-0.108753,0.983474
rc_trial_a33_k3_hn05,2,2503,6503,-0.0327276,0.732756
rc_trial_a33_k3_hn05,2,2504,6504,0.115631,0.455582
rc_trial_a33_k3_hn05,2,2505,6505,0.288358,0.43644
rc_trial_a33_k3_hn05,2,2506,6506,0.451545,0.481575
rc_trial_a33_k3_hn05,2,2507,6507,0.647378,0.257006
rc_trial_a33_k3_hn05,2,2508,6508,0.732403,0.417255
rc_trial_a33_k3_hn05,2,2509,6509,0.529757,0.341234
rc_trial_a33_k3_hn05,2,2510,6510,0.663593,0.505201
rc_trial_a33_k3_hn05,2,2511,6511,0.644724,0.492789
rc_trial_a33_k3_hn05,2,2512,6512,0.256151,0.487327
rc_trial_a33_k3_hn05,2,2513,6513,0.126042,0.666369
rc_trial_a33_k3_hn05,2,2514,6514,0.112367,0.645493
rc_trial_a33_k3_hn05,2,2515,6515,-0.0382956,0.556572
rc_trial_a33_k3_hn05,2,2516,6516,0.0072207,0.780625
rc_trial_a33_k3_hn05,2,2517,6517,-0.00459561,0.764566
rc_trial_a33_k3_hn05,2,2518,6518,0.108245,0.459607
rc_trial_a33_k3_hn05,2,2519,6519,0.199539,0.445824
rc_trial_a33_k3_hn05,2,2520,6520,0.162679,0.41162
rc_trial_a33_k3_hn05,2,2521,6521,0.22622,0.341554
rc_trial_a33_k3_hn05,2,2522,6522,0.152962,0.472103
rc_trial_a33_k3_hn05,2,2523,6523,0.44297,0.536337
rc_trial_a33_k3_hn05,2,2524,6524,0.410085,0.621999
rc_trial_a33_k3_hn05,2,2525,6525,0.313653,0.0699228
rc_trial_a33_k3_hn05,2,2526,6526,0.514989,0.256492
rc_trial_a33_k3_hn05,2,2527,6527,0.245535,0.186853
rc_trial_a33_k3_hn05,2,2528,6528,0.575496,0.461983
rc_trial_a33_k3_hn05,2,2529,6529,0.712636,0.984397
rc_trial_a33_k3_hn05,2,2530,6530,0.773808,0.647905
rc_trial_a33_k3_hn05,2,2531,6531,0.632677,0.907354
rc_trial_a33_k3_hn05,2,2532,6532,0.660244,0.569837
rc_trial_a33_k3_hn05,2,2533,6533,0.610013,0.573239
rc_trial_a33_k3_hn05,2,2534,6534,0.123144,0.248106
rc_trial_a33_k3_hn05,2,2535,6535,0.146537,0.228345
rc_trial_a33_k3_hn05,2,2536,6536,0.192549,0.311327
rc_trial_a33_k3_hn05,2,2537,6537,0.260209,0.546905
rc_trial_a33_k3_hn05,2,2538,6538,0.275529,0.472448
rc_trial_a33_k3_hn05,2,2539,6539,0.252553,0.416871
rc_trial_a33_k3_hn05,2,2540,6540,0.129552,0.474364
rc_trial_a33_k3_hn05,2,2541,6541,0.154452,0.399865
rc_trial_a33_k3_hn05,2,2542,6542,0.340922,0.436446
rc_trial_a33_k3_hn05,2,2543,6543,0.253508,0.0842013
rc_trial_a33_k3_hn05,2,2544,6544,0.487607,0.462756
rc_trial_a33_k3_hn05,2,2545,6545,0.490762,0.452725
rc_trial_a33_k3_hn05,2,2546,6546,0.52738,0.348113
rc_trial_a33_k3_hn05,2,2547,6547,0.552504,0.478384
rc_trial_a33_k3_hn05,2,2548,6548,0.458909,0.372518
rc_trial_a33_k3_hn05,2,2549,6549,0.532186,0.491501
rc_trial_a33_k3_hn05,2,2550,6550,0.451679,0.526111
rc_trial_a33_k3_hn05,2,2551,6551,0.381147,0.253908
rc_trial_a33_k3_hn05,2,2552,6552,0.325725,0.667191
rc_trial_a33_k3_hn05,2,2553,6553,0.461525,0.533031
rc_trial_a33_k3_hn05,2,2554,6554,0.117814,0.67578
rc_trial_a33_k3_hn05,2,2555,6555,1.03592,0.869933
rc_trial_a33_k3_hn05,2,2556,6556,-0.0498104,0.303513
rc_trial_a33_k3_hn05,2,2557,6557,0.00286587,0.537538
rc_trial_a33_k3_hn05,2,2558,6558,0.290483,0.160294
rc_trial_a33_k3_hn05,2,2559,6559,0.255469,0.133547
rc_trial_a33_k3_hn05,2,2560,6560,0.230641,0.136322
rc_trial_a33_k3_hn05,2,2561,6561,0.21347,0.195651
rc_trial_a33_k3_hn05,2,2562,6562,0.0490666,0.170341
rc_trial_a33_k3_hn05,2,2563,6563,-0.00171024,0.251088
rc_trial_a33_k3_hn05,2,2564,6564,0.302639,0.198757
rc_trial_a33_k3_hn05,2,2565,6565,0.30486,0.0247544
rc_trial_a33_k3_hn05,2,2566,6566,0.0573121,0.0660363
rc_trial_a33_k3_hn05,2,2567,6567,0.464659,0.21128
rc_trial_a33_k3_hn05,2,2568,6568,-0.302506,0.463355
rc_trial_a33_k3_hn05,2,2569,6569,0.116045,0.127667
rc_trial_a33_k3_hn05,2,2570,6570,0.213193,0.0294158
rc_trial_a33_k3_hn05,2,2571,6571,0.100815,0.019791
rc_trial_a33_k3_hn05,2,2572,6572,0.449551,0.0454224
rc_trial_a33_k3_hn05,2,2573,6573,0.364885,0.232626
rc_trial_a33_k3_hn05,2,2574,6574,0.510599,0.183368
rc_trial_a33_k3_hn05,2,2575,6575,0.416664,0.154014
rc_trial_a33_k3_hn05,2,2576,6576,0.397027,0.202116
rc_trial_a33_k3_hn05,2,2577,6577,0.281306,0.038334
rc_trial_a33_k3_hn05,2,2578,6578,0.479381,0.160436
rc_trial_a33_k3_hn05,2,2579,6579,0.291145,0.282945
rc_trial_a33_k3_hn05,2,2580,6580,0.368078,0.247196
rc_trial_a33_k3_hn05,2,2581,6581,0.510416,0.0760395
rc_trial_a33_k3_hn05,2,2582,6582,0.207956,0.119457
rc_trial_a33_k3_hn05,2,2583,6583,0.496375,0.540056
rc_trial_a33_k3_hn05,2,2584,6584,-0.0788032,0.255849
rc_trial_a33_k3_hn05,2,2585,6585,0.0864934,0.153851
rc_trial_a33_k3_hn05,2,2586,6586,-0.102022,0.838623
rc_trial_a33_k3_hn05,2,2587,6587,-0.127278,0.24765
rc_trial_a33_k3_hn05,2,2588,6588,-0.158071,0.255155
rc_trial_a33_k3_hn05,2,2589,6589,-0.277847,0.47956
rc_trial_a33_k3_hn05,2,2590,6590,0.150897,0.3473
rc_trial_a33_k3_hn05,2,2591,6591,0.220923,0.185228
rc_trial_a33_k3_hn05,2,2592,6592,0.339691,0.0666722
rc_trial_a33_k3_hn05,2,2593,6593,0.171972,0.26667
rc_trial_a33_k3_hn05,2,2594,6594,0.193105,0.24603
rc_trial_a33_k3_hn05,2,2595,6595,0.125075,0.136727
rc_trial_a33_k3_hn05,2,2596,6596,0.124386,0.335596
rc_trial_a33_k3_hn05,2,2597,6597,0.715574,0.561182
rc_trial_a33_k3_hn05,2,2598,6598,0.741715,0.727647
rc_trial_a33_k3_hn05,2,2599,6599,0.693144,0.40119
rc_trial_a33_k3_hn05,2,2600,6600,0.718519,0.405644
rc_trial_a33_k3_hn05,2,2601,6601,0.603081,0.851079
rc_trial_a33_k3_hn05,2,2602,6602,0.645183,0.565859
rc_trial_a33_k3_hn05,2,2603,6603,0.0651042,0.28192
rc_trial_a33_k3_hn05,2,2604,6604,-0.557733,0.60392
rc_trial_a33_k3_hn05,2,2605,6605,-0.334422,0.612806
rc_trial_a33_k3_hn05,2,2606,6606,-0.411786,0.653215
rc_trial_a33_k3_hn05,2,2607,6607,-0.698218,1.18459
rc_trial_a33_k3_hn05,2,2608,6608,-0.638536,1.27792
rc_trial_a33_k3_hn05,2,2609,6609,-0.0320475,0.356671
rc_trial_a33_k3_hn05,2,2610,6610,0.0354449,0.432486
rc_trial_a33_k3_hn05,2,2611,6611,0.0129498,0.253766
rc_trial_a33_k3_hn05,2,2612,6612,0.38275,0.302887
rc_trial_a33_k3_hn05,2,2613,6613,0.30723,0.303539
rc_trial_a33_k3_hn05,2,2614,6614,0.316483,0.138192
rc_trial_a33_k3_hn05,2,2615,6615,0.231781,0.100567
rc_trial_a33_k3_hn05,2,2616,6616,0.461854,0.0879358
rc_trial_a33_k3_hn05,2,2617,6617,0.310539,0.482121
rc_trial_a33_k3_hn05,2,2618,6618,-0.174313,0.661244
rc_trial_a33_k3_hn05,2,2619,6619,-0.258107,0.948875
rc_trial_a33_k3_hn05,2,2620,6620,0.505695,0.495598
rc_trial_a33_k3_hn05,2,2621,6621,0.67153,0.444362
rc_trial_a33_k3_hn05,2,2622,6622,0.681799,0.233799
rc_trial_a33_k3_hn05,2,2623,6623,0.75695,0.326359
rc_trial_a33_k3_hn05,2,2624,6624,0.755739,0.408474
rc_trial_a33_k3_hn05,2,2625,6625,0.376301,0.166887
rc_trial_a33_k3_hn05,2,2626,6626,0.481731,0.196069
rc_trial_a33_k3_hn05,2,2627,6627,0.0632221,0.425012
rc_trial_a33_k3_hn05,2,2628,6628,0.139871,0.346401
rc_trial_a33_k3_hn05,2,2629,6629,0.390379,0.0555896
rc_trial_a33_k3_hn05,2,2630,6630,0.259076,0.153811
rc_trial_a33_k3_hn05,2,2631,6631,0.163186,0.131465
rc_trial_a33_k3_hn05,2,2632,6632,0.0462102,0.145193
rc_trial_a33_k3_hn05,2,2633,6633,0.181802,0.0919218
rc_trial_a33_k3_hn05,2,2634,6634,1.26107,0.6379
rc_trial_a33_k3_hn05,2,2635,6635,0.264662,0.184764
rc_trial_a33_k3_hn05,2,2636,6636,0.442309,0.238051
rc_trial_a33_k3_hn05,2,2637,6637,0.393189,0.207168
rc_trial_a33_k3_hn05,2,2638,6638,0.525347,0.515719
rc_trial_a33_k3_hn05,2,2639,6639,0.175982,0.268239
rc_trial_a33_k3_hn05,2,2640,6640,0.203409,0.829619
rc_trial_a33_k3_hn05,2,2641,6641,0.258801,0.606499
rc_trial_a33_k3_hn05,2,2642,6642,0.290992,0.752753
rc_trial_a33_k3_hn05,2,2643,6643,0.0660637,0.875656
rc_trial_a33_k3_hn05,2,2644,6644,0.0800045,0.406115
rc_trial_a33_k3_hn05,2,2645,6645,0.128662,0.063395
rc_trial_a33_k3_hn05,2,2646,6646,0.533579,0.0412561
rc_trial_a33_k3_hn05,2,2647,6647,0.530728,0.0397528
rc_trial_a33_k3_hn05,2,2648,6648,0.105704,0.0830916
rc_trial_a33_k3_hn05,2,2649,6649,0.393473,0.139573
rc_trial_a33_k3_hn05,2,2650,6650,0.223128,0.22267
rc_trial_a33_k3_hn05,2,2651,6651,0.412003,0.118626
rc_trial_a33_k3_hn05,2,2652,6652,0.285361,0.111707
rc_trial_a33_k3_hn05,2,2653,6653,0.345666,0.235346
rc_trial_a33_k3_hn05,2,2654,6654,0.581822,0.305735
rc_trial_a33_k3_hn05,2,2655,6655,0.638843,0.409047
rc_trial_a33_k3_hn05,2,2656,6656,0.221136,0.0261698
rc_trial_a33_k3_hn05,2,2657,6657,0.219991,0.0258302
rc_trial_a33_k3_hn05,2,2658,6658,-0.0189639,0.041645
rc_trial_a33_k3_hn05,2,2659,6659,0.178342,0.0130463
rc_trial_a33_k3_hn05,2,2660,6660,0.375126,0.0882066
rc_trial_a33_k3_hn05,2,2661,6661,0.383249,0.0900543
rc_trial_a33_k3_hn05,2,2662,6662,0.332268,0.0425364
rc_trial_a33_k3_hn05,2,2663,6663,0.327674,0.114953
rc_trial_a33_k3_hn05,2,2664,6664,0.444681,0.468676
rc_trial_a33_k3_hn05,2,2665,6665,0.0894925,0.286671
rc_trial_a33_k3_hn05,2,2666,6666,0.141036,0.111589
rc_trial_a33_k3_hn05,2,2667,6667,0.15331,0.140256
rc_trial_a33_k3_hn05,2,2668,6668,0.31379,0.273814
rc_trial_a33_k3_hn05,2,2669,6669,0.182766,0.465452
rc_trial_a33_k3_hn05,2,2670,6670,0.295148,0.761388
rc_trial_a33_k3_hn05,2,2671,6671,0.250599,0.712183
rc_trial_a33_k3_hn05,2,2672,6672,-0.149547,0.646935
rc_trial_a33_k3_hn05,2,2673,6673,0.281387,0.266717
rc_trial_a33_k3_hn05,2,2674,6674,0.129591,0.240834
rc_trial_a33_k3_hn05,2,2675,6675,0.192107,0.242704
rc_trial_a33_k3_hn05,2,2676,6676,0.503184,0.499211
rc_trial_a33_k3_hn05,2,2677,6677,0.386616,0.474822
rc_trial_a33_k3_hn05,2,2678,6678,0.441746,0.47099
rc_trial_a33_k3_hn05,2,2679,6679,0.24146,0.458735
rc_trial_a33_k3_hn05,2,2680,6680,0.52381,0.342171
rc_trial_a33_k3_hn05,2,2681,6681,4.78764e-4,0.772987
rc_trial_a33_k3_hn05,2,2682,6682,-0.0562298,0.300012
rc_trial_a33_k3_hn05,2,2683,6683,0.227211,0.0234982
rc_trial_a33_k3_hn05,2,2684,6684,0.83679,0.666395
rc_trial_a33_k3_hn05,2,2685,6685,0.836208,0.486927
rc_trial_a33_k3_hn05,2,2686,6686,1.14823,0.961409
rc_trial_a33_k3_hn05,2,2687,6687,0.876176,1.02288
rc_trial_a33_k3_hn05,2,2688,6688,0.308988,0.154007
rc_trial_a33_k3_hn05,2,2689,6689,0.691344,0.287874
rc_trial_a33_k3_hn05,2,2690,6690,0.417258,0.160505
rc_trial_a33_k3_hn05,2,2691,6691,0.0208435,0.929494
rc_trial_a33_k3_hn05,2,2692,6692,0.171268,0.816232
rc_trial_a33_k3_hn05,2,2693,6693,0.465125,0.511709
rc_trial_a33_k3_hn05,2,2694,6694,0.57769,1.00523
rc_trial_a33_k3_hn05,2,2695,6695,1.09387,0.586183
rc_trial_a33_k3_hn05,2,2696,6696,0.492939,0.553835
rc_trial_a33_k3_hn05,2,2697,6697,0.532322,0.42625
rc_trial_a33_k3_hn05,2,2698,6698,-0.102651,0.685647
rc_trial_a33_k3_hn05,2,2699,6699,-0.0371308,0.188268
rc_trial_a33_k3_hn05,2,2700,6700,0.165103,0.273256
rc_trial_a33_k3_hn05,2,2701,6701,0.370633,0.407094
rc_trial_a33_k3_hn05,2,2702,6702,0.238962,0.276266
rc_trial_a33_k3_hn05,2,2703,6703,0.707608,0.38589
rc_trial_a33_k3_hn05,2,2704,6704,-0.126244,0.782094
rc_trial_a33_k3_hn05,2,2705,6705,-0.0484253,0.622429
rc_trial_a33_k3_hn05,2,2706,6706,0.253885,0.149061
rc_trial_a33_k3_hn05,2,2707,6707,0.250025,0.202646
rc_trial_a33_k3_hn05,2,2708,6708,-0.16958,0.963339
rc_trial_a33_k3_hn05,2,2709,6709,-0.186742,0.452001
rc_trial_a33_k3_hn05,2,2710,6710,-0.0695859,0.376712
rc_trial_a33_k3_hn05,2,2711,6711,0.104633,0.419645
rc_trial_a33_k3_hn05,2,2712,6712,0.0642631,1.03882
rc_trial_a33_k3_hn05,2,2713,6713,0.531576,0.45131
rc_trial_a33_k3_hn05,2,2714,6714,0.272238,0.462293
rc_trial_a33_k3_hn05,2,2715,6715,0.432464,0.433691
rc_trial_a33_k3_hn05,2,2716,6716,0.311084,0.301153
rc_trial_a33_k3_hn05,2,2717,6717,0.399068,0.194339
rc_trial_a33_k3_hn05,2,2718,6718,0.187102,0.630882
rc_trial_a33_k3_hn05,2,2719,6719,0.521604,0.49522
rc_trial_a33_k3_hn05,2,2720,6720,0.619895,0.380673
rc_trial_a33_k3_hn05,2,2721,6721,0.49733,0.493744
rc_trial_a33_k3_hn05,2,2722,6722,1.17013,1.11147
rc_trial_a33_k3_hn05,2,2723,6723,1.02056,0.51072
rc_trial_a33_k3_hn05,2,2724,6724,0.300249,0.148502
rc_trial_a33_k3_hn05,2,2725,6725,0.356652,0.004446
rc_trial_a33_k3_hn05,2,2726,6726,0.129334,0.0115912
rc_trial_a33_k3_hn05,2,2727,6727,0.208454,0.0599661
rc_trial_a33_k3_hn05,2,2728,6728,0.359341,0.582015
rc_trial_a33_k3_hn05,2,2729,6729,0.440099,0.619011
rc_trial_a33_k3_hn05,2,2730,6730,0.0320234,0.479444
rc_trial_a33_k3_hn05,2,2731,6731,0.387523,0.171732
rc_trial_a33_k3_hn05,2,2732,6732,0.245492,0.119911
rc_trial_a33_k3_hn05,2,2733,6733,0.337234,0.154441
rc_trial_a33_k3_hn05,2,2734,6734,0.220734,0.399697
rc_trial_a33_k3_hn05,2,2735,6735,0.333172,0.670347
rc_trial_a33_k3_hn05,2,2736,6736,0.410336,0.630516
rc_trial_a33_k3_hn05,2,2737,6737,0.767996,0.39831
rc_trial_a33_k3_hn05,2,2738,6738,0.455318,0.525874
rc_trial_a33_k3_hn05,2,2739,6739,0.437519,0.499494
rc_trial_a33_k3_hn05,2,2740,6740,0.401877,0.47861
rc_trial_a33_k3_hn05,2,2741,6741,0.176832,0.463236
rc_trial_a33_k3_hn05,2,2742,6742,0.39484,0.342322
rc_trial_a33_k3_hn05,2,2743,6743,0.223847,0.0963314
rc_trial_a33_k3_hn05,2,2744,6744,0.248744,0.0826374
rc_trial_a33_k3_hn05,2,2745,6745,1.41378,1.33147
rc_trial_a33_k3_hn05,2,2746,6746,1.40525,1.56129
rc_trial_a33_k3_hn05,2,2747,6747,0.215613,0.05953
rc_trial_a33_k3_hn05,2,2748,6748,0.254667,0.128603
rc_trial_a33_k3_hn05,2,2749,6749,0.228465,0.255428
rc_trial_a33_k3_hn05,2,2750,6750,0.437302,0.627191
rc_trial_a33_k3_hn05,2,2751,6751,0.427658,0.460359
rc_trial_a33_k3_hn05,2,2752,6752,0.253585,0.305342
rc_trial_a33_k3_hn05,2,2753,6753,0.457019,0.317243
rc_trial_a33_k3_hn05,2,2754,6754,0.374457,0.533066
rc_trial_a33_k3_hn05,2,2755,6755,0.581756,0.52012
rc_trial_a33_k3_hn05,2,2756,6756,0.579438,0.502505
rc_trial_a33_k3_hn05,2,2757,6757,0.537257,0.574223
rc_trial_a33_k3_hn05,2,2758,6758,0.326031,0.528116
rc_trial_a33_k3_hn05,2,2759,6759,0.401056,0.931333
rc_trial_a33_k3_hn05,2,2760,6760,0.516164,0.571732
rc_trial_a33_k3_hn05,2,2761,6761,0.704731,0.35128
rc_trial_a33_k3_hn05,2,2762,6762,0.634096,0.425055
rc_trial_a33_k3_hn05,2,2763,6763,0.384508,0.242577
rc_trial_a33_k3_hn05,2,2764,6764,0.574733,0.141603
rc_trial_a33_k3_hn05,2,2765,6765,0.403012,0.35512
rc_trial_a33_k3_hn05,2,2766,6766,0.649971,0.540768
rc_trial_a33_k3_hn05,2,2767,6767,0.672747,0.503015
rc_trial_a33_k3_hn05,2,2768,6768,0.69535,0.518431
rc_trial_a33_k3_hn05,2,2769,6769,0.607173,0.259101
rc_trial_a33_k3_hn05,2,2770,6770,0.395711,0.335266
rc_trial_a33_k3_hn05,2,2771,6771,0.538799,0.255739
rc_trial_a33_k3_hn05,2,2772,6772,0.556448,0.341042
rc_trial_a33_k3_hn05,2,2773,6773,0.219784,0.11612
rc_trial_a33_k3_hn05,2,2774,6774,0.411085,0.482174
rc_trial_a33_k3_hn05,2,2775,6775,0.308519,0.26163
rc_trial_a33_k3_hn05,2,2776,6776,0.496856,0.45295
rc_trial_a33_k3_hn05,2,2777,6777,0.424872,0.295549
rc_trial_a33_k3_hn05,2,2778,6778,0.239218,0.533732
rc_trial_a33_k3_hn05,2,2779,6779,0.450288,0.341177
rc_trial_a33_k3_hn05,2,2780,6780,0.278089,0.407217
rc_trial_a33_k3_hn05,2,2781,6781,0.187039,0.420453
rc_trial_a33_k3_hn05,2,2782,6782,0.0971369,0.503403
rc_trial_a33_k3_hn05,2,2783,6783,0.143208,0.484423
rc_trial_a33_k3_hn05,2,2784,6784,0.111817,0.40499
rc_trial_a33_k3_hn05,2,2785,6785,0.00112465,0.563592
rc_trial_a33_k3_hn05,2,2786,6786,-0.0187761,0.582917
rc_trial_a33_k3_hn05,2,2787,6787,-0.0331805,1.02792
rc_trial_a33_k3_hn05,2,2788,6788,-0.140696,0.662038
rc_trial_a33_k3_hn05,2,2789,6789,-0.0687114,0.659911
rc_trial_a33_k3_hn05,2,2790,6790,1.22084,0.486763
rc_trial_a33_k3_hn05,2,2791,6791,1.22467,0.520261
rc_trial_a33_k3_hn05,2,2792,6792,1.20296,0.604182
rc_trial_a33_k3_hn05,2,2793,6793,1.09221,0.496843
rc_trial_a33_k3_hn05,2,2794,6794,1.4303,1.36223
rc_trial_a33_k3_hn05,2,2795,6795,0.595946,0.665157
rc_trial_a33_k3_hn05,2,2796,6796,0.581518,0.937749
rc_trial_a33_k3_hn05,2,2797,6797,0.712125,1.14146
rc_trial_a33_k3_hn05,2,2798,6798,0.633139,0.771894
rc_trial_a33_k3_hn05,2,2799,6799,0.377825,0.491315
rc_trial_a33_k3_hn05,2,2800,6800,0.0576938,1.07853
rc_trial_a33_k3_hn05,2,2801,6801,0.677377,0.457041
rc_trial_a33_k3_hn05,2,2802,6802,0.497443,0.541597
rc_trial_a33_k3_hn05,2,2803,6803,0.58178,0.58224
rc_trial_a33_k3_hn05,2,2804,6804,0.0296566,0.353961
rc_trial_a33_k3_hn05,2,2805,6805,0.356037,0.141834
rc_trial_a33_k3_hn05,2,2806,6806,0.076266,0.0379499
rc_trial_a33_k3_hn05,2,2807,6807,0.435239,0.018165
rc_trial_a33_k3_hn05,2,2808,6808,0.190922,0.0131214
rc_trial_a33_k3_hn05,2,2809,6809,0.283994,0.0359224
rc_trial_a33_k3_hn05,2,2810,6810,0.300199,0.0154475
rc_trial_a33_k3_hn05,2,2811,6811,0.308323,0.0614892
rc_trial_a33_k3_hn05,2,2812,6812,0.248304,0.0527259
rc_trial_a33_k3_hn05,2,2813,6813,0.368288,0.0755304
rc_trial_a33_k3_hn05,2,2814,6814,0.0870477,0.112022
rc_trial_a33_k3_hn05,2,2815,6815,0.432769,0.0778248
rc_trial_a33_k3_hn05,2,2816,6816,0.251513,0.0632473
rc_trial_a33_k3_hn05,2,2817,6817,0.12907,0.128185
rc_trial_a33_k3_hn05,2,2818,6818,0.325273,0.29761
rc_trial_a33_k3_hn05,2,2819,6819,0.162867,0.321132
rc_trial_a33_k3_hn05,2,2820,6820,0.37405,0.0618057
rc_trial_a33_k3_hn05,2,2821,6821,0.405392,0.0342295
rc_trial_a33_k3_hn05,2,2822,6822,0.375861,0.133757
rc_trial_a33_k3_hn05,2,2823,6823,0.273524,0.0385368
rc_trial_a33_k3_hn05,2,2824,6824,0.351231,0.681755
rc_trial_a33_k3_hn05,2,2825,6825,0.354105,0.675966
rc_trial_a33_k3_hn05,2,2826,6826,0.330327,0.121417
rc_trial_a33_k3_hn05,2,2827,6827,-0.029226,0.767967
rc_trial_a33_k3_hn05,2,2828,6828,0.084817,0.936118
rc_trial_a33_k3_hn05,2,2829,6829,0.10396,0.401932
rc_trial_a33_k3_hn05,2,2830,6830,0.37641,0.223605
rc_trial_a33_k3_hn05,2,2831,6831,0.599504,0.62186
rc_trial_a33_k3_hn05,2,2832,6832,0.660509,0.819145
rc_trial_a33_k3_hn05,2,2833,6833,0.420917,0.273078
rc_trial_a33_k3_hn05,2,2834,6834,0.850428,0.795774
rc_trial_a33_k3_hn05,2,2835,6835,0.980956,0.658625
rc_trial_a33_k3_hn05,2,2836,6836,0.733832,0.271693
rc_trial_a33_k3_hn05,2,2837,6837,0.579501,0.610664
rc_trial_a33_k3_hn05,2,2838,6838,0.650125,0.50722
rc_trial_a33_k3_hn05,2,2839,6839,0.559278,0.476835
rc_trial_a33_k3_hn05,2,2840,6840,0.594815,0.506335
rc_trial_a33_k3_hn05,2,2841,6841,0.625536,0.656362
rc_trial_a33_k3_hn05,2,2842,6842,0.479113,0.609707
rc_trial_a33_k3_hn05,2,2843,6843,0.791653,0.820474
rc_trial_a33_k3_hn05,2,2844,6844,0.803408,0.757718
rc_trial_a33_k3_hn05,2,2845,6845,0.45538,0.77705
rc_trial_a33_k3_hn05,2,2846,6846,0.468226,0.416243
rc_trial_a33_k3_hn05,2,2847,6847,0.38476900000000003,0.291205
rc_trial_a33_k3_hn05,2,2848,6848,0.222354,0.148957
rc_trial_a33_k3_hn05,2,2849,6849,0.437951,0.257122
rc_trial_a33_k3_hn05,2,2850,6850,-0.880424,1.39529
rc_trial_a33_k3_hn05,2,2851,6851,-0.153893,0.364729
rc_trial_a33_k3_hn05,2,2852,6852,-0.240851,0.896398
rc_trial_a33_k3_hn05,2,2853,6853,0.970683,0.404685
rc_trial_a33_k3_hn05,2,2854,6854,0.889966,0.478531
rc_trial_a33_k3_hn05,2,2855,6855,0.19604,0.524677
rc_trial_a33_k3_hn05,2,2856,6856,0.167791,0.581215
rc_trial_a33_k3_hn05,2,2857,6857,0.423232,0.525884
rc_trial_a33_k3_hn05,2,2858,6858,0.472067,0.433156
rc_trial_a33_k3_hn05,2,2859,6859,0.511445,0.472498
rc_trial_a33_k3_hn05,2,2860,6860,0.0810423,0.360271
rc_trial_a33_k3_hn05,2,2861,6861,0.431861,0.173
rc_trial_a33_k3_hn05,2,2862,6862,0.340894,0.159564
rc_trial_a33_k3_hn05,2,2863,6863,0.424933,0.14365
rc_trial_a33_k3_hn05,2,2864,6864,0.254861,0.382658
rc_trial_a33_k3_hn05,2,2865,6865,0.451157,0.229351
rc_trial_a33_k3_hn05,2,2866,6866,0.618406,0.293275
rc_trial_a33_k3_hn05,2,2867,6867,0.635116,0.369601
rc_trial_a33_k3_hn05,2,2868,6868,0.547001,0.353205
rc_trial_a33_k3_hn05,2,2869,6869,0.583818,0.379188
rc_trial_a33_k3_hn05,2,2870,6870,0.534411,0.370321
rc_trial_a33_k3_hn05,2,2871,6871,0.741907,0.404988
rc_trial_a33_k3_hn05,2,2872,6872,0.671967,0.304517
rc_trial_a33_k3_hn05,2,2873,6873,0.520636,0.588718
rc_trial_a33_k3_hn05,2,2874,6874,0.233266,0.873678
rc_trial_a33_k3_hn05,2,2875,6875,0.188648,0.694393
rc_trial_a33_k3_hn05,2,2876,6876,0.236137,0.432797
rc_trial_a33_k3_hn05,2,2877,6877,0.00552386,0.113392
rc_trial_a33_k3_hn05,2,2878,6878,0.0857973,0.390121
rc_trial_a33_k3_hn05,2,2879,6879,-0.125826,0.444328
rc_trial_a33_k3_hn05,2,2880,6880,-0.188877,1.08691
rc_trial_a33_k3_hn05,2,2881,6881,-0.278864,0.547593
rc_trial_a33_k3_hn05,2,2882,6882,-0.339154,0.871832
rc_trial_a33_k3_hn05,2,2883,6883,-0.273759,0.622507
rc_trial_a33_k3_hn05,2,2884,6884,-0.256741,0.86555
rc_trial_a33_k3_hn05,2,2885,6885,-0.116796,0.503347
rc_trial_a33_k3_hn05,2,2886,6886,0.341428,0.179322
rc_trial_a33_k3_hn05,2,2887,6887,0.256947,0.099156
rc_trial_a33_k3_hn05,2,2888,6888,-0.424321,0.724469
rc_trial_a33_k3_hn05,2,2889,6889,1.22228,0.591659
rc_trial_a33_k3_hn05,2,2890,6890,0.821508,0.738304
rc_trial_a33_k3_hn05,2,2891,6891,1.14963,0.565306
rc_trial_a33_k3_hn05,2,2892,6892,0.997051,0.569891
rc_trial_a33_k3_hn05,2,2893,6893,1.09926,1.17107
rc_trial_a33_k3_hn05,2,2894,6894,0.794681,0.762477
rc_trial_a33_k3_hn05,2,2895,6895,0.751865,0.928943
rc_trial_a33_k3_hn05,2,2896,6896,0.425614,0.584878
rc_trial_a33_k3_hn05,2,2897,6897,0.527084,0.460218
rc_trial_a33_k3_hn05,2,2898,6898,0.511702,0.806386
rc_trial_a33_k3_hn05,2,2899,6899,0.555069,0.893141
rc_trial_a33_k3_hn05,2,2900,6900,0.322676,0.572398
rc_trial_a33_k3_hn05,2,2901,6901,0.0948773,0.0541859
rc_trial_a33_k3_hn05,2,2902,6902,0.223606,0.0998605
rc_trial_a33_k3_hn05,2,2903,6903,0.372098,0.13501
rc_trial_a33_k3_hn05,2,2904,6904,0.374499,0.157863
rc_trial_a33_k3_hn05,2,2905,6905,0.221172,0.0391762
rc_trial_a33_k3_hn05,2,2906,6906,0.0799836,0.203137
rc_trial_a33_k3_hn05,2,2907,6907,0.272401,0.796002
rc_trial_a33_k3_hn05,2,2908,6908,0.148061,0.929775
rc_trial_a33_k3_hn05,2,2909,6909,0.197007,0.998741
rc_trial_a33_k3_hn05,2,2910,6910,0.483073,0.573842
rc_trial_a33_k3_hn05,2,2911,6911,0.517622,0.625194
rc_trial_a33_k3_hn05,2,2912,6912,0.652242,0.375246
rc_trial_a33_k3_hn05,2,2913,6913,0.47129,0.327107
rc_trial_a33_k3_hn05,2,2914,6914,1.09908,0.804773
rc_trial_a33_k3_hn05,2,2915,6915,1.23364,0.693512
rc_trial_a33_k3_hn05,2,2916,6916,1.08471,0.67249
rc_trial_a33_k3_hn05,2,2917,6917,1.03385,0.590921
rc_trial_a33_k3_hn05,2,2918,6918,1.11107,0.81568
rc_trial_a33_k3_hn05,2,2919,6919,1.15286,0.82184
rc_trial_a33_k3_hn05,2,2920,6920,0.67785,0.493775
rc_trial_a33_k3_hn05,2,2921,6921,0.640375,0.627274
rc_trial_a33_k3_hn05,2,2922,6922,0.360586,0.480021
rc_trial_a33_k3_hn05,2,2923,6923,0.224473,0.573026
rc_trial_a33_k3_hn05,2,2924,6924,0.453822,0.336186
rc_trial_a33_k3_hn05,2,2925,6925,0.500617,0.56114
rc_trial_a33_k3_hn05,2,2926,6926,0.6337,0.586856
rc_trial_a33_k3_hn05,2,2927,6927,0.526453,0.68281
rc_trial_a33_k3_hn05,2,2928,6928,1.04085,0.529506
rc_trial_a33_k3_hn05,2,2929,6929,0.572245,0.593127
rc_trial_a33_k3_hn05,2,2930,6930,0.287223,0.325581
rc_trial_a33_k3_hn05,2,2931,6931,0.32432,0.403356
rc_trial_a33_k3_hn05,2,2932,6932,0.142111,0.469376
rc_trial_a33_k3_hn05,2,2933,6933,0.305363,0.346595
rc_trial_a33_k3_hn05,2,2934,6934,0.458989,0.458403
rc_trial_a33_k3_hn05,2,2935,6935,0.417967,0.386446
rc_trial_a33_k3_hn05,2,2936,6936,0.685262,0.945398
rc_trial_a33_k3_hn05,2,2937,6937,0.789222,0.856903
rc_trial_a33_k3_hn05,2,2938,6938,0.807603,0.683822
rc_trial_a33_k3_hn05,2,2939,6939,0.612484,0.634614
rc_trial_a33_k3_hn05,2,2940,6940,0.407897,0.571761
rc_trial_a33_k3_hn05,2,2941,6941,0.480952,0.292933
rc_trial_a33_k3_hn05,2,2942,6942,0.437809,0.241614
rc_trial_a33_k3_hn05,2,2943,6943,0.316601,0.510688
rc_trial_a33_k3_hn05,2,2944,6944,1.34168,0.821103
rc_trial_a33_k3_hn05,2,2945,6945,1.19516,0.528322
rc_trial_a33_k3_hn05,2,2946,6946,1.19466,0.586078
rc_trial_a33_k3_hn05,2,2947,6947,0.0904249,0.339037
rc_trial_a33_k3_hn05,2,2948,6948,0.148616,0.234187
rc_trial_a33_k3_hn05,2,2949,6949,0.424757,0.12839
rc_trial_a33_k3_hn05,2,2950,6950,0.169416,0.0620442
rc_trial_a33_k3_hn05,2,2951,6951,0.393372,0.012864
rc_trial_a33_k3_hn05,2,2952,6952,0.191509,0.0166714
rc_trial_a33_k3_hn05,2,2953,6953,0.287784,0.0180873
rc_trial_a33_k3_hn05,2,2954,6954,0.239969,0.00495582
rc_trial_a33_k3_hn05,2,2955,6955,0.242836,0.0476659
rc_trial_a33_k3_hn05,2,2956,6956,0.244115,0.0444435
rc_trial_a33_k3_hn05,2,2957,6957,0.157683,0.0332775
rc_trial_a33_k3_hn05,2,2958,6958,0.35344,0.0375187
rc_trial_a33_k3_hn05,2,2959,6959,0.0184805,0.168594
rc_trial_a33_k3_hn05,2,2960,6960,0.249229,0.0137574
rc_trial_a33_k3_hn05,2,2961,6961,0.149463,0.378053
rc_trial_a33_k3_hn05,2,2962,6962,0.231022,0.106564
rc_trial_a33_k3_hn05,2,2963,6963,0.00286207,0.129253
rc_trial_a33_k3_hn05,2,2964,6964,0.348626,0.207014
rc_trial_a33_k3_hn05,2,2965,6965,0.470627,0.145331
rc_trial_a33_k3_hn05,2,2966,6966,0.168914,0.349959
rc_trial_a33_k3_hn05,2,2967,6967,-0.189239,0.310052
rc_trial_a33_k3_hn05,2,2968,6968,-0.434845,0.546169
rc_trial_a33_k3_hn05,2,2969,6969,-0.402092,1.0211
rc_trial_a33_k3_hn05,2,2970,6970,0.735668,0.421055
rc_trial_a33_k3_hn05,2,2971,6971,0.366444,0.102409
rc_trial_a33_k3_hn05,2,2972,6972,0.129232,0.0462309
rc_trial_a33_k3_hn05,2,2973,6973,0.336933,0.0462779
rc_trial_a33_k3_hn05,2,2974,6974,-0.00234289,0.329694
rc_trial_a33_k3_hn05,2,2975,6975,0.618927,0.582667
rc_trial_a33_k3_hn05,2,2976,6976,0.231503,0.295544
rc_trial_a33_k3_hn05,2,2977,6977,0.625314,0.203857
rc_trial_a33_k3_hn05,2,2978,6978,0.311327,0.897522
rc_trial_a33_k3_hn05,2,2979,6979,-0.0246483,0.424786
rc_trial_a33_k3_hn05,2,2980,6980,0.444165,0.748414
rc_trial_a33_k3_hn05,2,2981,6981,0.537419,0.642215
rc_trial_a33_k3_hn05,2,2982,6982,0.556632,0.780958
rc_trial_a33_k3_hn05,2,2983,6983,0.788496,0.676522
rc_trial_a33_k3_hn05,2,2984,6984,0.960919,1.1533
rc_trial_a33_k3_hn05,2,2985,6985,0.660181,0.692007
rc_trial_a33_k3_hn05,2,2986,6986,0.754137,0.568641
rc_trial_a33_k3_hn05,2,2987,6987,0.973092,0.790676
rc_trial_a33_k3_hn05,2,2988,6988,1.09264,0.54191
rc_trial_a33_k3_hn05,2,2989,6989,0.335306,0.426366
rc_trial_a33_k3_hn05,2,2990,6990,0.365187,0.415065
rc_trial_a33_k3_hn05,2,2991,6991,0.708263,0.638447
rc_trial_a33_k3_hn05,2,2992,6992,0.574347,0.60594
rc_trial_a33_k3_hn05,2,2993,6993,0.683962,0.401701
rc_trial_a33_k3_hn05,2,2994,6994,0.59917,0.457259
rc_trial_a33_k3_hn05,2,2995,6995,0.531536,0.754745
rc_trial_a33_k3_hn05,2,2996,6996,0.585507,0.708439
rc_trial_a33_k3_hn05,2,2997,6997,0.214556,0.263795
rc_trial_a33_k3_hn05,2,2998,6998,0.475015,0.713818
rc_trial_a33_k3_hn05,2,2999,6999,0.854495,0.421102
rc_trial_a33_k3_hn05,2,3000,7000,0.707731,0.385618
rc_trial_a33_k3_hn05,2,3001,7001,0.43976,0.281697
rc_trial_a33_k3_hn05,2,3002,7002,0.4688,0.292238
rc_trial_a33_k3_hn05,2,3003,7003,0.47803,0.266423
rc_trial_a33_k3_hn05,2,3004,7004,0.23212,0.487403
rc_trial_a33_k3_hn05,2,3005,7005,0.590984,0.60311
rc_trial_a33_k3_hn05,2,3006,7006,0.380074,0.659699
rc_trial_a33_k3_hn05,2,3007,7007,0.30658,0.844318
rc_trial_a33_k3_hn05,2,3008,7008,0.408002,0.238678
rc_trial_a33_k3_hn05,2,3009,7009,0.356951,0.171045
rc_trial_a33_k3_hn05,2,3010,7010,0.395908,0.176638
rc_trial_a33_k3_hn05,2,3011,7011,-0.0267036,0.183927
rc_trial_a33_k3_hn05,2,3012,7012,0.282272,0.234634
rc_trial_a33_k3_hn05,2,3013,7013,0.097017,0.297321
rc_trial_a33_k3_hn05,2,3014,7014,0.332275,0.555102
rc_trial_a33_k3_hn05,2,3015,7015,0.168855,0.346219
rc_trial_a33_k3_hn05,2,3016,7016,-0.392643,0.959495
rc_trial_a33_k3_hn05,2,3017,7017,-0.373489,1.01255
rc_trial_a33_k3_hn05,2,3018,7018,-0.136958,0.737052
rc_trial_a33_k3_hn05,2,3019,7019,0.179737,0.611592
rc_trial_a33_k3_hn05,2,3020,7020,0.212525,0.763814
rc_trial_a33_k3_hn05,2,3021,7021,0.126559,0.826213
rc_trial_a33_k3_hn05,2,3022,7022,0.268285,0.198094
rc_trial_a33_k3_hn05,2,3023,7023,0.170674,0.0939841
rc_trial_a33_k3_hn05,2,3024,7024,0.399611,0.113724
rc_trial_a33_k3_hn05,2,3025,7025,0.182382,0.194023
rc_trial_a33_k3_hn05,2,3026,7026,0.246832,0.135956
rc_trial_a33_k3_hn05,2,3027,7027,0.231652,0.142063
rc_trial_a33_k3_hn05,2,3028,7028,0.00743229,0.185128
rc_trial_a33_k3_hn05,2,3029,7029,0.137053,0.378878
rc_trial_a33_k3_hn05,2,3030,7030,0.499302,0.119327
rc_trial_a33_k3_hn05,2,3031,7031,0.0711233,0.245516
rc_trial_a33_k3_hn05,2,3032,7032,0.0263356,0.073602
rc_trial_a33_k3_hn05,2,3033,7033,0.106442,0.269626
rc_trial_a33_k3_hn05,2,3034,7034,0.303937,0.210265
rc_trial_a33_k3_hn05,2,3035,7035,0.0680181,0.17077
rc_trial_a33_k3_hn05,2,3036,7036,0.00182814,0.138373
rc_trial_a33_k3_hn05,2,3037,7037,0.11061,0.185832
rc_trial_a33_k3_hn05,2,3038,7038,0.0485712,0.273955
rc_trial_a33_k3_hn05,2,3039,7039,0.410792,0.11218500000000001
rc_trial_a33_k3_hn05,2,3040,7040,0.153846,0.295211
rc_trial_a33_k3_hn05,2,3041,7041,0.244418,0.25659
rc_trial_a33_k3_hn05,2,3042,7042,0.578546,0.589266
rc_trial_a33_k3_hn05,2,3043,7043,0.230735,0.219644
rc_trial_a33_k3_hn05,2,3044,7044,0.360958,0.168469
rc_trial_a33_k3_hn05,2,3045,7045,0.303678,0.091328
rc_trial_a33_k3_hn05,2,3046,7046,0.826603,0.63944
rc_trial_a33_k3_hn05,2,3047,7047,0.859054,0.933772
rc_trial_a33_k3_hn05,2,3048,7048,0.718946,0.471062
rc_trial_a33_k3_hn05,2,3049,7049,0.522969,0.262308
rc_trial_a33_k3_hn05,2,3050,7050,0.510074,0.266836
rc_trial_a33_k3_hn05,2,3051,7051,0.532583,0.286831
rc_trial_a33_k3_hn05,2,3052,7052,0.739017,0.290106
rc_trial_a33_k3_hn05,2,3053,7053,0.821366,0.355201
rc_trial_a33_k3_hn05,2,3054,7054,1.03116,0.41056
rc_trial_a33_k3_hn05,2,3055,7055,-0.5445,0.643209
rc_trial_a33_k3_hn05,2,3056,7056,0.820644,0.269048
rc_trial_a33_k3_hn05,2,3057,7057,0.734813,0.184824
rc_trial_a33_k3_hn05,2,3058,7058,0.19135,0.0936516
rc_trial_a33_k3_hn05,2,3059,7059,0.171296,0.0900998
rc_trial_a33_k3_hn05,2,3060,7060,0.234031,0.118397
rc_trial_a33_k3_hn05,2,3061,7061,0.110095,0.346956
rc_trial_a33_k3_hn05,2,3062,7062,0.475379,0.297896
rc_trial_a33_k3_hn05,2,3063,7063,0.877367,0.379915
rc_trial_a33_k3_hn05,2,3064,7064,1.16768,0.636368
rc_trial_a33_k3_hn05,2,3065,7065,1.27101,0.989558
rc_trial_a33_k3_hn05,2,3066,7066,1.5705,1.01481
rc_trial_a33_k3_hn05,2,3067,7067,0.178664,0.217134
rc_trial_a33_k3_hn05,2,3068,7068,0.723781,0.50155
rc_trial_a33_k3_hn05,2,3069,7069,0.666132,0.342909
rc_trial_a33_k3_hn05,2,3070,7070,0.746017,0.256343
rc_trial_a33_k3_hn05,2,3071,7071,0.537152,0.123868
rc_trial_a33_k3_hn05,2,3072,7072,0.671746,0.38287
rc_trial_a33_k3_hn05,2,3073,7073,0.981628,0.457944
rc_trial_a33_k3_hn05,2,3074,7074,0.181739,0.602793
rc_trial_a33_k3_hn05,2,3075,7075,0.341453,0.463727
rc_trial_a33_k3_hn05,2,3076,7076,0.288583,0.30259
rc_trial_a33_k3_hn05,2,3077,7077,0.100939,0.380034
rc_trial_a33_k3_hn05,2,3078,7078,0.362658,0.102327
rc_trial_a33_k3_hn05,2,3079,7079,0.331735,0.100531
rc_trial_a33_k3_hn05,2,3080,7080,-0.0990044,0.933327
rc_trial_a33_k3_hn05,2,3081,7081,0.1172,0.306462
rc_trial_a33_k3_hn05,2,3082,7082,-0.0440575,0.304192
rc_trial_a33_k3_hn05,2,3083,7083,0.338774,0.256749
rc_trial_a33_k3_hn05,2,3084,7084,0.483759,0.500217
rc_trial_a33_k3_hn05,2,3085,7085,0.893304,0.91706
rc_trial_a33_k3_hn05,2,3086,7086,0.982304,0.932519
rc_trial_a33_k3_hn05,2,3087,7087,0.461006,0.54746
rc_trial_a33_k3_hn05,2,3088,7088,0.212854,0.0948732
rc_trial_a33_k3_hn05,2,3089,7089,0.344465,0.790905
rc_trial_a33_k3_hn05,2,3090,7090,0.15002,0.275554
rc_trial_a33_k3_hn05,2,3091,7091,0.517702,0.764632
rc_trial_a33_k3_hn05,2,3092,7092,0.760708,0.798287
rc_trial_a33_k3_hn05,2,3093,7093,0.95515,0.549153
rc_trial_a33_k3_hn05,2,3094,7094,0.511795,0.166628
rc_trial_a33_k3_hn05,2,3095,7095,0.702938,0.530129
rc_trial_a33_k3_hn05,2,3096,7096,0.519236,0.513711
rc_trial_a33_k3_hn05,2,3097,7097,0.185021,0.208755
rc_trial_a33_k3_hn05,2,3098,7098,0.102057,0.381112
rc_trial_a33_k3_hn05,2,3099,7099,0.192394,0.260507
rc_trial_a33_k3_hn05,2,3100,7100,0.16314,0.427839
rc_trial_a33_k3_hn05,2,3101,7101,0.260463,0.107043
rc_trial_a33_k3_hn05,2,3102,7102,0.382998,0.0781136
rc_trial_a33_k3_hn05,2,3103,7103,0.0489455,0.0408479
rc_trial_a33_k3_hn05,2,3104,7104,0.278954,0.00721985
rc_trial_a33_k3_hn05,2,3105,7105,0.361651,0.0659151
rc_trial_a33_k3_hn05,2,3106,7106,0.162394,0.671197
rc_trial_a33_k3_hn05,2,3107,7107,0.207256,0.484545
rc_trial_a33_k3_hn05,2,3108,7108,0.322308,0.389455
rc_trial_a33_k3_hn05,2,3109,7109,0.301447,0.152392
rc_trial_a33_k3_hn05,2,3110,7110,0.734353,0.851301
rc_trial_a33_k3_hn05,2,3111,7111,0.825605,1.23875
rc_trial_a33_k3_hn05,2,3112,7112,0.821555,1.25931
rc_trial_a33_k3_hn05,2,3113,7113,0.600026,0.620224
rc_trial_a33_k3_hn05,2,3114,7114,0.87845,1.39168
rc_trial_a33_k3_hn05,2,3115,7115,0.816104,1.08533
rc_trial_a33_k3_hn05,2,3116,7116,0.500435,0.431543
rc_trial_a33_k3_hn05,2,3117,7117,0.323858,0.167706
rc_trial_a33_k3_hn05,2,3118,7118,0.342922,0.161488
rc_trial_a33_k3_hn05,2,3119,7119,0.240784,0.117465
rc_trial_a33_k3_hn05,2,3120,7120,0.195922,0.139268
rc_trial_a33_k3_hn05,2,3121,7121,0.515899,0.164821
rc_trial_a33_k3_hn05,2,3122,7122,0.32976,0.158335
rc_trial_a33_k3_hn05,2,3123,7123,0.725692,0.212264
rc_trial_a33_k3_hn05,2,3124,7124,0.214133,0.0739289
rc_trial_a33_k3_hn05,2,3125,7125,0.416536,0.0582258
rc_trial_a33_k3_hn05,2,3126,7126,0.158563,0.157675
rc_trial_a33_k3_hn05,2,3127,7127,0.507841,0.0941517
rc_trial_a33_k3_hn05,2,3128,7128,0.603132,0.0926379
rc_trial_a33_k3_hn05,2,3129,7129,0.579095,0.0881779
rc_trial_a33_k3_hn05,2,3130,7130,0.0368066,0.240663
rc_trial_a33_k3_hn05,2,3131,7131,0.0338213,0.256417
rc_trial_a33_k3_hn05,2,3132,7132,0.491407,0.0988228
rc_trial_a33_k3_hn05,2,3133,7133,0.323596,0.117093
rc_trial_a33_k3_hn05,2,3134,7134,0.385219,0.31424
rc_trial_a33_k3_hn05,2,3135,7135,0.510431,0.503247
rc_trial_a33_k3_hn05,2,3136,7136,0.386701,0.408832
rc_trial_a33_k3_hn05,2,3137,7137,0.224775,0.0891441
rc_trial_a33_k3_hn05,2,3138,7138,0.103143,0.435872
rc_trial_a33_k3_hn05,2,3139,7139,0.119917,0.308449
rc_trial_a33_k3_hn05,2,3140,7140,0.443032,0.443192
rc_trial_a33_k3_hn05,2,3141,7141,0.103177,0.223335
rc_trial_a33_k3_hn05,2,3142,7142,0.637376,0.379848
rc_trial_a33_k3_hn05,2,3143,7143,0.731557,0.616234
rc_trial_a33_k3_hn05,2,3144,7144,0.475432,0.577213
rc_trial_a33_k3_hn05,2,3145,7145,0.451652,0.507686
rc_trial_a33_k3_hn05,2,3146,7146,0.412025,0.423327
rc_trial_a33_k3_hn05,2,3147,7147,0.420403,0.310561
rc_trial_a33_k3_hn05,2,3148,7148,0.489125,0.27201
rc_trial_a33_k3_hn05,2,3149,7149,0.18866,0.214666
rc_trial_a33_k3_hn05,2,3150,7150,0.277187,0.231442
rc_trial_a33_k3_hn05,2,3151,7151,0.596957,0.364838
rc_trial_a33_k3_hn05,2,3152,7152,0.480779,0.287363
rc_trial_a33_k3_hn05,2,3153,7153,0.720469,0.376154
rc_trial_a33_k3_hn05,2,3154,7154,0.511911,0.559723
rc_trial_a33_k3_hn05,2,3155,7155,0.569438,0.328626
rc_trial_a33_k3_hn05,2,3156,7156,1.3401,0.70755
rc_trial_a33_k3_hn05,2,3157,7157,1.21826,0.934369
rc_trial_a33_k3_hn05,2,3158,7158,-0.152024,0.483564
rc_trial_a33_k3_hn05,2,3159,7159,-0.124845,0.380463
rc_trial_a33_k3_hn05,2,3160,7160,0.368608,0.59622
rc_trial_a33_k3_hn05,2,3161,7161,0.0103427,0.35521
rc_trial_a33_k3_hn05,2,3162,7162,-0.3232,0.68079
rc_trial_a33_k3_hn05,2,3163,7163,0.384183,0.607552
rc_trial_a33_k3_hn05,2,3164,7164,0.497173,0.653092
rc_trial_a33_k3_hn05,2,3165,7165,-0.0951429,0.764735
rc_trial_a33_k3_hn05,2,3166,7166,-0.18111,0.786161
rc_trial_a33_k3_hn05,2,3167,7167,-0.359778,0.619275
rc_trial_a33_k3_hn05,2,3168,7168,0.247875,0.178069
rc_trial_a33_k3_hn05,2,3169,7169,0.273923,0.618804
rc_trial_a33_k3_hn05,2,3170,7170,0.253305,0.196949
rc_trial_a33_k3_hn05,2,3171,7171,0.534329,0.133561
rc_trial_a33_k3_hn05,2,3172,7172,0.214158,0.118216
rc_trial_a33_k3_hn05,2,3173,7173,0.166457,0.309802
rc_trial_a33_k3_hn05,2,3174,7174,-0.106869,0.335716
rc_trial_a33_k3_hn05,2,3175,7175,-0.0700785,0.348434
rc_trial_a33_k3_hn05,2,3176,7176,-0.166149,0.592325
rc_trial_a33_k3_hn05,2,3177,7177,-0.35587,0.977246
rc_trial_a33_k3_hn05,2,3178,7178,0.379103,0.337823
rc_trial_a33_k3_hn05,2,3179,7179,0.136101,0.936494
rc_trial_a33_k3_hn05,2,3180,7180,0.0169096,0.431605
rc_trial_a33_k3_hn05,2,3181,7181,-0.0509046,0.591754
rc_trial_a33_k3_hn05,2,3182,7182,0.206007,0.807554
rc_trial_a33_k3_hn05,2,3183,7183,0.221789,0.800685
rc_trial_a33_k3_hn05,2,3184,7184,0.0709436,0.227115
rc_trial_a33_k3_hn05,2,3185,7185,-0.0283808,0.713578
rc_trial_a33_k3_hn05,2,3186,7186,-0.0659947,0.577801
rc_trial_a33_k3_hn05,2,3187,7187,0.479158,0.3512
rc_trial_a33_k3_hn05,2,3188,7188,0.435585,0.430421
rc_trial_a33_k3_hn05,2,3189,7189,0.450511,0.371154
rc_trial_a33_k3_hn05,2,3190,7190,0.412226,0.393717
rc_trial_a33_k3_hn05,2,3191,7191,0.174193,0.674036
rc_trial_a33_k3_hn05,2,3192,7192,0.180078,0.665911
rc_trial_a33_k3_hn05,2,3193,7193,0.449827,0.572947
rc_trial_a33_k3_hn05,2,3194,7194,0.514435,0.888079
rc_trial_a33_k3_hn05,2,3195,7195,0.364772,0.74359
rc_trial_a33_k3_hn05,2,3196,7196,0.522863,0.443406
rc_trial_a33_k3_hn05,2,3197,7197,0.251773,0.187013
rc_trial_a33_k3_hn05,2,3198,7198,0.336743,0.193407
rc_trial_a33_k3_hn05,2,3199,7199,0.140548,0.1611
rc_trial_a33_k3_hn05,2,3200,7200,0.785174,0.296874
rc_trial_a33_k3_hn05,2,3201,7201,0.401287,0.274517
rc_trial_a33_k3_hn05,2,3202,7202,0.535142,0.564968
rc_trial_a33_k3_hn05,2,3203,7203,0.279369,0.445308
rc_trial_a33_k3_hn05,2,3204,7204,0.383224,0.363833
rc_trial_a33_k3_hn05,2,3205,7205,0.267799,0.301641
rc_trial_a33_k3_hn05,2,3206,7206,0.196094,0.548613
rc_trial_a33_k3_hn05,2,3207,7207,0.337357,1.201
rc_trial_a33_k3_hn05,2,3208,7208,0.337583,0.274931
rc_trial_a33_k3_hn05,2,3209,7209,0.230518,0.426228
rc_trial_a33_k3_hn05,2,3210,7210,0.421407,0.570152
rc_trial_a33_k3_hn05,2,3211,7211,0.290035,0.791027
rc_trial_a33_k3_hn05,2,3212,7212,0.195094,0.256531
rc_trial_a33_k3_hn05,2,3213,7213,0.428712,0.172764
rc_trial_a33_k3_hn05,2,3214,7214,0.260717,0.161455
rc_trial_a33_k3_hn05,2,3215,7215,0.277019,0.05023
rc_trial_a33_k3_hn05,2,3216,7216,0.243879,0.0915129
rc_trial_a33_k3_hn05,2,3217,7217,0.155173,0.118462
rc_trial_a33_k3_hn05,2,3218,7218,0.604406,0.372608
rc_trial_a33_k3_hn05,2,3219,7219,1.0134,0.520135
rc_trial_a33_k3_hn05,2,3220,7220,1.08203,0.536023
rc_trial_a33_k3_hn05,2,3221,7221,0.906878,0.611007
rc_trial_a33_k3_hn05,2,3222,7222,1.1661300000000001,0.964367
rc_trial_a33_k3_hn05,2,3223,7223,1.12352,0.730249
rc_trial_a33_k3_hn05,2,3224,7224,1.19686,0.658411
rc_trial_a33_k3_hn05,2,3225,7225,0.2661,0.334949
rc_trial_a33_k3_hn05,2,3226,7226,0.275647,0.369001
rc_trial_a33_k3_hn05,2,3227,7227,0.585101,0.978533
rc_trial_a33_k3_hn05,2,3228,7228,0.584908,0.952005
rc_trial_a33_k3_hn05,2,3229,7229,0.485187,0.346093
rc_trial_a33_k3_hn05,2,3230,7230,0.221507,0.334307
rc_trial_a33_k3_hn05,2,3231,7231,0.513685,0.241331
rc_trial_a33_k3_hn05,2,3232,7232,0.541306,0.408432
rc_trial_a33_k3_hn05,2,3233,7233,0.456624,0.485931
rc_trial_a33_k3_hn05,2,3234,7234,0.219635,0.0882589
rc_trial_a33_k3_hn05,2,3235,7235,0.180224,0.102177
rc_trial_a33_k3_hn05,2,3236,7236,0.262609,0.0436901
rc_trial_a33_k3_hn05,2,3237,7237,0.312948,0.103605
rc_trial_a33_k3_hn05,2,3238,7238,0.171485,0.270627
rc_trial_a33_k3_hn05,2,3239,7239,0.0683924,0.265421
rc_trial_a33_k3_hn05,2,3240,7240,0.244499,0.227688
rc_trial_a33_k3_hn05,2,3241,7241,0.123316,0.207073
rc_trial_a33_k3_hn05,2,3242,7242,0.257221,0.294355
rc_trial_a33_k3_hn05,2,3243,7243,0.252266,0.522522
rc_trial_a33_k3_hn05,2,3244,7244,-0.0119563,0.269251
rc_trial_a33_k3_hn05,2,3245,7245,0.206007,0.361681
rc_trial_a33_k3_hn05,2,3246,7246,0.122579,0.183941
rc_trial_a33_k3_hn05,2,3247,7247,0.337874,0.223686
rc_trial_a33_k3_hn05,2,3248,7248,0.390876,0.124017
rc_trial_a33_k3_hn05,2,3249,7249,0.0759264,0.281011
rc_trial_a33_k3_hn05,2,3250,7250,0.0364412,0.309515
rc_trial_a33_k3_hn05,2,3251,7251,0.100697,0.380885
rc_trial_a33_k3_hn05,2,3252,7252,0.0581304,0.249925
rc_trial_a33_k3_hn05,2,3253,7253,-0.0282231,0.470273
rc_trial_a33_k3_hn05,2,3254,7254,0.0928027,0.553718
rc_trial_a33_k3_hn05,2,3255,7255,0.00661556,0.470059
rc_trial_a33_k3_hn05,2,3256,7256,0.0143298,0.687069
rc_trial_a33_k3_hn05,2,3257,7257,-0.00386416,0.46587
rc_trial_a33_k3_hn05,2,3258,7258,0.370492,0.310277
rc_trial_a33_k3_hn05,2,3259,7259,0.725127,0.504237
rc_trial_a33_k3_hn05,2,3260,7260,0.589941,0.47847
rc_trial_a33_k3_hn05,2,3261,7261,0.578107,0.309915
rc_trial_a33_k3_hn05,2,3262,7262,0.25083,0.485074
rc_trial_a33_k3_hn05,2,3263,7263,0.133563,0.0907474
rc_trial_a33_k3_hn05,2,3264,7264,0.237083,0.2744
rc_trial_a33_k3_hn05,2,3265,7265,0.431588,0.270501
rc_trial_a33_k3_hn05,2,3266,7266,0.326096,0.640843
rc_trial_a33_k3_hn05,2,3267,7267,0.153338,0.143844
rc_trial_a33_k3_hn05,2,3268,7268,0.167473,0.340307
rc_trial_a33_k3_hn05,2,3269,7269,0.168813,0.0522365
rc_trial_a33_k3_hn05,2,3270,7270,0.45839,0.0412016
rc_trial_a33_k3_hn05,2,3271,7271,0.129981,0.0731184
rc_trial_a33_k3_hn05,2,3272,7272,0.221887,0.033475
rc_trial_a33_k3_hn05,2,3273,7273,0.226026,0.026469
rc_trial_a33_k3_hn05,2,3274,7274,0.350738,0.029779
rc_trial_a33_k3_hn05,2,3275,7275,0.33948,0.0282794
rc_trial_a33_k3_hn05,2,3276,7276,0.127137,0.0719091
rc_trial_a33_k3_hn05,2,3277,7277,0.27068,0.101744
rc_trial_a33_k3_hn05,2,3278,7278,0.396507,0.158226
rc_trial_a33_k3_hn05,2,3279,7279,0.214145,0.18433
rc_trial_a33_k3_hn05,2,3280,7280,0.106941,0.326582
rc_trial_a33_k3_hn05,2,3281,7281,0.178426,0.318486
rc_trial_a33_k3_hn05,2,3282,7282,0.10327,0.384304
rc_trial_a33_k3_hn05,2,3283,7283,0.374419,0.624212
rc_trial_a33_k3_hn05,2,3284,7284,0.293898,0.384231
rc_trial_a33_k3_hn05,2,3285,7285,0.221656,0.431253
rc_trial_a33_k3_hn05,2,3286,7286,0.388382,0.383444
rc_trial_a33_k3_hn05,2,3287,7287,0.683806,0.535602
rc_trial_a33_k3_hn05,2,3288,7288,0.749066,0.762258
rc_trial_a33_k3_hn05,2,3289,7289,0.834833,0.851163
rc_trial_a33_k3_hn05,2,3290,7290,0.637798,0.666851
rc_trial_a33_k3_hn05,2,3291,7291,0.281496,0.859895
rc_trial_a33_k3_hn05,2,3292,7292,0.425572,0.301708
rc_trial_a33_k3_hn05,2,3293,7293,0.203267,0.268136
rc_trial_a33_k3_hn05,2,3294,7294,0.322812,0.207913
rc_trial_a33_k3_hn05,2,3295,7295,0.734264,0.380347
rc_trial_a33_k3_hn05,2,3296,7296,0.722722,0.38477
rc_trial_a33_k3_hn05,2,3297,7297,0.453413,0.219068
rc_trial_a33_k3_hn05,2,3298,7298,0.49319,0.236713
rc_trial_a33_k3_hn05,2,3299,7299,0.433694,0.403138
rc_trial_a33_k3_hn05,2,3300,7300,0.378315,0.107459
rc_trial_a33_k3_hn05,2,3301,7301,2.55013e-4,0.365509
rc_trial_a33_k3_hn05,2,3302,7302,0.0771679,0.260556
rc_trial_a33_k3_hn05,2,3303,7303,0.565604,0.64499
rc_trial_a33_k3_hn05,2,3304,7304,0.163746,0.314549
rc_trial_a33_k3_hn05,2,3305,7305,0.287373,0.185896
rc_trial_a33_k3_hn05,2,3306,7306,0.0803945,0.339696
rc_trial_a33_k3_hn05,2,3307,7307,0.0610146,0.359587
rc_trial_a33_k3_hn05,2,3308,7308,0.100121,0.32823
rc_trial_a33_k3_hn05,2,3309,7309,0.207623,0.716364
rc_trial_a33_k3_hn05,2,3310,7310,0.221494,0.817523
rc_trial_a33_k3_hn05,2,3311,7311,0.59674,0.496323
rc_trial_a33_k3_hn05,2,3312,7312,0.631627,0.538268
rc_trial_a33_k3_hn05,2,3313,7313,0.480173,0.841471
rc_trial_a33_k3_hn05,2,3314,7314,0.513547,0.77365
rc_trial_a33_k3_hn05,2,3315,7315,0.508115,0.636348
rc_trial_a33_k3_hn05,2,3316,7316,0.144075,0.192958
rc_trial_a33_k3_hn05,2,3317,7317,0.399182,0.111753
rc_trial_a33_k3_hn05,2,3318,7318,0.488091,0.309139
rc_trial_a33_k3_hn05,2,3319,7319,0.552288,0.57782
rc_trial_a33_k3_hn05,2,3320,7320,0.656482,0.467529
rc_trial_a33_k3_hn05,2,3321,7321,0.841624,0.40591699999999997
rc_trial_a33_k3_hn05,2,3322,7322,0.584555,1.29848
rc_trial_a33_k3_hn05,2,3323,7323,0.202615,0.158044
rc_trial_a33_k3_hn05,2,3324,7324,-0.173782,0.669009
rc_trial_a33_k3_hn05,2,3325,7325,0.359551,0.441638
rc_trial_a33_k3_hn05,2,3326,7326,0.27663,0.853379
rc_trial_a33_k3_hn05,2,3327,7327,0.357395,0.106234
rc_trial_a33_k3_hn05,2,3328,7328,0.514099,0.254721
rc_trial_a33_k3_hn05,2,3329,7329,0.548829,0.200429
rc_trial_a33_k3_hn05,2,3330,7330,0.27826,0.337516
rc_trial_a33_k3_hn05,2,3331,7331,0.472416,0.209603
rc_trial_a33_k3_hn05,2,3332,7332,0.470278,0.29549
rc_trial_a33_k3_hn05,2,3333,7333,0.759012,0.644564
rc_trial_a33_k3_hn05,2,3334,7334,0.693296,0.543452
rc_trial_a33_k3_hn05,2,3335,7335,0.772761,0.314125
rc_trial_a33_k3_hn05,2,3336,7336,0.956184,0.587398
rc_trial_a33_k3_hn05,2,3337,7337,0.799711,0.429023
rc_trial_a33_k3_hn05,2,3338,7338,0.246224,0.454999
rc_trial_a33_k3_hn05,2,3339,7339,0.562499,0.359164
rc_trial_a33_k3_hn05,2,3340,7340,0.629395,0.393607
rc_trial_a33_k3_hn05,2,3341,7341,0.141386,0.465412
rc_trial_a33_k3_hn05,2,3342,7342,0.363768,0.608972
rc_trial_a33_k3_hn05,2,3343,7343,0.0134506,0.248757
rc_trial_a33_k3_hn05,2,3344,7344,0.244326,0.213256
rc_trial_a33_k3_hn05,2,3345,7345,0.227423,0.082234
rc_trial_a33_k3_hn05,2,3346,7346,0.332489,0.262505
rc_trial_a33_k3_hn05,2,3347,7347,0.36127,0.254652
rc_trial_a33_k3_hn05,2,3348,7348,0.386214,0.19872
rc_trial_a33_k3_hn05,2,3349,7349,0.136284,0.105238
rc_trial_a33_k3_hn05,2,3350,7350,0.360914,0.091982
rc_trial_a33_k3_hn05,2,3351,7351,0.328056,0.128389
rc_trial_a33_k3_hn05,2,3352,7352,0.107264,0.183535
rc_trial_a33_k3_hn05,2,3353,7353,0.277347,0.283655
rc_trial_a33_k3_hn05,2,3354,7354,0.433477,0.298626
rc_trial_a33_k3_hn05,2,3355,7355,0.400035,0.185296
rc_trial_a33_k3_hn05,2,3356,7356,0.46842,0.384862
rc_trial_a33_k3_hn05,2,3357,7357,0.541925,0.312006
rc_trial_a33_k3_hn05,2,3358,7358,0.56655,0.33286
rc_trial_a33_k3_hn05,2,3359,7359,0.549537,0.126096
rc_trial_a33_k3_hn05,2,3360,7360,0.365312,0.24403
rc_trial_a33_k3_hn05,2,3361,7361,0.637423,0.462899
rc_trial_a33_k3_hn05,2,3362,7362,0.787085,0.675516
rc_trial_a33_k3_hn05,2,3363,7363,0.488749,0.775175
rc_trial_a33_k3_hn05,2,3364,7364,0.128687,0.381779
rc_trial_a33_k3_hn05,2,3365,7365,0.0364707,1.07354
rc_trial_a33_k3_hn05,2,3366,7366,0.0503724,0.925901
rc_trial_a33_k3_hn05,2,3367,7367,-0.322108,0.930569
rc_trial_a33_k3_hn05,2,3368,7368,-0.097945,0.738574
rc_trial_a33_k3_hn05,2,3369,7369,-0.0750821,0.673055
rc_trial_a33_k3_hn05,2,3370,7370,-0.428498,0.984411
rc_trial_a33_k3_hn05,2,3371,7371,0.627119,0.399264
rc_trial_a33_k3_hn05,2,3372,7372,0.501021,0.336607
rc_trial_a33_k3_hn05,2,3373,7373,0.383047,0.401751
rc_trial_a33_k3_hn05,2,3374,7374,0.555275,0.379065
rc_trial_a33_k3_hn05,2,3375,7375,0.892971,0.614843
rc_trial_a33_k3_hn05,2,3376,7376,0.999658,0.347236
rc_trial_a33_k3_hn05,2,3377,7377,1.21979,1.12201
rc_trial_a33_k3_hn05,2,3378,7378,1.06633,1.02043
rc_trial_a33_k3_hn05,2,3379,7379,1.09997,1.16967
rc_trial_a33_k3_hn05,2,3380,7380,0.339546,0.909539
rc_trial_a33_k3_hn05,2,3381,7381,0.364519,0.729718
rc_trial_a33_k3_hn05,2,3382,7382,0.263396,0.548497
rc_trial_a33_k3_hn05,2,3383,7383,0.559467,0.655481
rc_trial_a33_k3_hn05,2,3384,7384,0.5375,0.366796
rc_trial_a33_k3_hn05,2,3385,7385,0.448848,0.442473
rc_trial_a33_k3_hn05,2,3386,7386,-0.0562069,0.371627
rc_trial_a33_k3_hn05,2,3387,7387,0.193868,0.23532
rc_trial_a33_k3_hn05,2,3388,7388,0.368136,0.605123
rc_trial_a33_k3_hn05,2,3389,7389,0.340436,0.625826
rc_trial_a33_k3_hn05,2,3390,7390,0.139423,0.435052
rc_trial_a33_k3_hn05,2,3391,7391,1.01972,0.442344
rc_trial_a33_k3_hn05,2,3392,7392,0.549655,0.366915
rc_trial_a33_k3_hn05,2,3393,7393,0.588864,0.31532
rc_trial_a33_k3_hn05,2,3394,7394,0.274876,0.0704218
rc_trial_a33_k3_hn05,2,3395,7395,0.355617,0.0735747
rc_trial_a33_k3_hn05,2,3396,7396,0.217177,0.06662
rc_trial_a33_k3_hn05,2,3397,7397,0.289033,0.289508
rc_trial_a33_k3_hn05,2,3398,7398,0.465607,0.167893
rc_trial_a33_k3_hn05,2,3399,7399,0.664458,0.511138
rc_trial_a33_k3_hn05,2,3400,7400,0.758655,0.456748
rc_trial_a33_k3_hn05,2,3401,7401,0.719218,0.658262
rc_trial_a33_k3_hn05,2,3402,7402,-0.163322,0.556488
rc_trial_a33_k3_hn05,2,3403,7403,-0.206147,0.936642
rc_trial_a33_k3_hn05,2,3404,7404,-0.160678,0.63788
rc_trial_a33_k3_hn05,2,3405,7405,-0.0891431,0.718321
rc_trial_a33_k3_hn05,2,3406,7406,-0.110281,0.720551
rc_trial_a33_k3_hn05,2,3407,7407,0.169858,0.633076
rc_trial_a33_k3_hn05,2,3408,7408,0.629868,0.323595
rc_trial_a33_k3_hn05,2,3409,7409,0.16689,0.279392
rc_trial_a33_k3_hn05,2,3410,7410,0.489373,0.147243
rc_trial_a33_k3_hn05,2,3411,7411,0.460448,0.138272
rc_trial_a33_k3_hn05,2,3412,7412,0.456414,0.193525
rc_trial_a33_k3_hn05,2,3413,7413,0.262907,0.186772
rc_trial_a33_k3_hn05,2,3414,7414,0.705675,0.299732
rc_trial_a33_k3_hn05,2,3415,7415,0.546983,0.276622
rc_trial_a33_k3_hn05,2,3416,7416,0.893217,0.523532
rc_trial_a33_k3_hn05,2,3417,7417,1.24022,0.755799
rc_trial_a33_k3_hn05,2,3418,7418,1.17852,0.686689
rc_trial_a33_k3_hn05,2,3419,7419,0.704868,0.504704
rc_trial_a33_k3_hn05,2,3420,7420,1.01742,0.762719
rc_trial_a33_k3_hn05,2,3421,7421,0.9273,0.581626
rc_trial_a33_k3_hn05,2,3422,7422,0.294026,0.165391
rc_trial_a33_k3_hn05,2,3423,7423,-0.0891639,0.361763
rc_trial_a33_k3_hn05,2,3424,7424,-0.126002,0.238866
rc_trial_a33_k3_hn05,2,3425,7425,-0.218392,0.315278
rc_trial_a33_k3_hn05,2,3426,7426,-0.190086,0.342561
rc_trial_a33_k3_hn05,2,3427,7427,-0.0384001,0.596853
rc_trial_a33_k3_hn05,2,3428,7428,-0.249599,0.539477
rc_trial_a33_k3_hn05,2,3429,7429,-0.23794,0.722631
rc_trial_a33_k3_hn05,2,3430,7430,-0.0501486,0.680495
rc_trial_a33_k3_hn05,2,3431,7431,0.0454732,1.14794
rc_trial_a33_k3_hn05,2,3432,7432,0.0691206,0.79733
rc_trial_a33_k3_hn05,2,3433,7433,0.778679,0.780634
rc_trial_a33_k3_hn05,2,3434,7434,0.809752,0.430662
rc_trial_a33_k3_hn05,2,3435,7435,1.1041,0.435798
rc_trial_a33_k3_hn05,2,3436,7436,0.835648,0.529501
rc_trial_a33_k3_hn05,2,3437,7437,0.801409,0.627307
rc_trial_a33_k3_hn05,2,3438,7438,0.846191,0.592905
rc_trial_a33_k3_hn05,2,3439,7439,0.843003,0.587976
rc_trial_a33_k3_hn05,2,3440,7440,0.748029,0.619797
rc_trial_a33_k3_hn05,2,3441,7441,0.638718,0.654505
rc_trial_a33_k3_hn05,2,3442,7442,0.635492,0.446366
rc_trial_a33_k3_hn05,2,3443,7443,0.202297,0.807523
rc_trial_a33_k3_hn05,2,3444,7444,0.419061,0.512359
rc_trial_a33_k3_hn05,2,3445,7445,0.427473,0.228532
rc_trial_a33_k3_hn05,2,3446,7446,0.550016,1.16117
rc_trial_a33_k3_hn05,2,3447,7447,0.626136,0.402907
rc_trial_a33_k3_hn05,2,3448,7448,0.637127,0.623991
rc_trial_a33_k3_hn05,2,3449,7449,0.565582,1.11565
rc_trial_a33_k3_hn05,2,3450,7450,0.290538,0.139752
rc_trial_a33_k3_hn05,2,3451,7451,0.345393,0.0913629
rc_trial_a33_k3_hn05,2,3452,7452,0.321643,0.0414108
rc_trial_a33_k3_hn05,2,3453,7453,0.276,0.0378899
rc_trial_a33_k3_hn05,2,3454,7454,0.263717,0.0572027
rc_trial_a33_k3_hn05,2,3455,7455,0.260958,0.0795805
rc_trial_a33_k3_hn05,2,3456,7456,0.448149,0.287121
rc_trial_a33_k3_hn05,2,3457,7457,0.486515,0.311006
rc_trial_a33_k3_hn05,2,3458,7458,0.542292,0.325357
rc_trial_a33_k3_hn05,2,3459,7459,0.35462,0.317655
rc_trial_a33_k3_hn05,2,3460,7460,0.217846,0.205108
rc_trial_a33_k3_hn05,2,3461,7461,0.367981,0.230466
rc_trial_a33_k3_hn05,2,3462,7462,0.242238,0.183638
rc_trial_a33_k3_hn05,2,3463,7463,0.117156,0.191447
rc_trial_a33_k3_hn05,2,3464,7464,0.0868566,0.0433075
rc_trial_a33_k3_hn05,2,3465,7465,0.109902,0.0431346
rc_trial_a33_k3_hn05,2,3466,7466,0.241562,0.067456
rc_trial_a33_k3_hn05,2,3467,7467,0.467884,0.0609178
rc_trial_a33_k3_hn05,2,3468,7468,0.152826,0.691238
rc_trial_a33_k3_hn05,2,3469,7469,0.289834,0.495072
rc_trial_a33_k3_hn05,2,3470,7470,0.36679,0.553473
rc_trial_a33_k3_hn05,2,3471,7471,-0.00789012,0.506066
rc_trial_a33_k3_hn05,2,3472,7472,-0.151042,1.08569
rc_trial_a33_k3_hn05,2,3473,7473,-0.443413,0.728264
rc_trial_a33_k3_hn05,2,3474,7474,-0.30559,0.762542
rc_trial_a33_k3_hn05,2,3475,7475,-0.334336,0.421583
rc_trial_a33_k3_hn05,2,3476,7476,0.908108,0.449796
rc_trial_a33_k3_hn05,2,3477,7477,0.952647,0.583129
rc_trial_a33_k3_hn05,2,3478,7478,1.15549,0.842242
rc_trial_a33_k3_hn05,2,3479,7479,1.11861,0.747656
rc_trial_a33_k3_hn05,2,3480,7480,1.03662,0.733054
rc_trial_a33_k3_hn05,2,3481,7481,0.905244,0.611477
rc_trial_a33_k3_hn05,2,3482,7482,0.926727,0.646727
rc_trial_a33_k3_hn05,2,3483,7483,0.890751,0.808533
rc_trial_a33_k3_hn05,2,3484,7484,0.754356,0.386982
rc_trial_a33_k3_hn05,2,3485,7485,0.6805,0.495904
rc_trial_a33_k3_hn05,2,3486,7486,0.496725,0.253807
rc_trial_a33_k3_hn05,2,3487,7487,1.71201,1.07032
rc_trial_a33_k3_hn05,2,3488,7488,1.43377,0.750997
rc_trial_a33_k3_hn05,2,3489,7489,1.0737,0.776731
rc_trial_a33_k3_hn05,2,3490,7490,1.06881,0.842209
rc_trial_a33_k3_hn05,2,3491,7491,1.05879,0.404466
rc_trial_a33_k3_hn05,2,3492,7492,1.12187,0.745478
rc_trial_a33_k3_hn05,2,3493,7493,0.208199,0.148722
rc_trial_a33_k3_hn05,2,3494,7494,0.439059,0.669382
rc_trial_a33_k3_hn05,2,3495,7495,0.36799,0.558425
rc_trial_a33_k3_hn05,2,3496,7496,0.272889,0.283134
rc_trial_a33_k3_hn05,2,3497,7497,0.546607,0.534898
rc_trial_a33_k3_hn05,2,3498,7498,0.461808,0.255376
rc_trial_a33_k3_hn05,2,3499,7499,0.582052,0.354931
rc_trial_a33_k3_hn05,2,3500,7500,1.14062,0.862006
rc_trial_a33_k3_hn05,2,3501,7501,0.34266,0.782345
rc_trial_a33_k3_hn05,2,3502,7502,0.329385,0.276316
rc_trial_a33_k3_hn05,2,3503,7503,0.431517,0.27252
rc_trial_a33_k3_hn05,2,3504,7504,0.579018,0.746531
rc_trial_a33_k3_hn05,2,3505,7505,0.584742,0.870268
rc_trial_a33_k3_hn05,2,3506,7506,0.633603,0.642214
rc_trial_a33_k3_hn05,2,3507,7507,0.766379,0.407771
rc_trial_a33_k3_hn05,2,3508,7508,0.750486,0.483629
rc_trial_a33_k3_hn05,2,3509,7509,0.493966,0.235969
rc_trial_a33_k3_hn05,2,3510,7510,0.360064,0.28765
rc_trial_a33_k3_hn05,2,3511,7511,0.43272,0.408544
rc_trial_a33_k3_hn05,2,3512,7512,0.428872,0.337025
rc_trial_a33_k3_hn05,2,3513,7513,0.468699,0.760739
rc_trial_a33_k3_hn05,2,3514,7514,0.475079,0.78706
rc_trial_a33_k3_hn05,2,3515,7515,0.485501,0.284708
rc_trial_a33_k3_hn05,2,3516,7516,0.556126,0.155008
rc_trial_a33_k3_hn05,2,3517,7517,0.395181,0.172129
rc_trial_a33_k3_hn05,2,3518,7518,0.402234,0.355511
rc_trial_a33_k3_hn05,2,3519,7519,0.121319,1.18462
rc_trial_a33_k3_hn05,2,3520,7520,0.376782,0.565807
rc_trial_a33_k3_hn05,2,3521,7521,0.518528,0.666624
rc_trial_a33_k3_hn05,2,3522,7522,0.50557,0.402883
rc_trial_a33_k3_hn05,2,3523,7523,0.311149,0.894035
rc_trial_a33_k3_hn05,2,3524,7524,0.517717,0.342543
rc_trial_a33_k3_hn05,2,3525,7525,-0.0193395,0.554683
rc_trial_a33_k3_hn05,2,3526,7526,0.0504141,0.611389
rc_trial_a33_k3_hn05,2,3527,7527,-0.22982,0.72793
rc_trial_a33_k3_hn05,2,3528,7528,0.0388982,0.832456
rc_trial_a33_k3_hn05,2,3529,7529,0.239587,0.595358
rc_trial_a33_k3_hn05,2,3530,7530,0.510527,1.07169
rc_trial_a33_k3_hn05,2,3531,7531,0.477807,0.544355
rc_trial_a33_k3_hn05,2,3532,7532,0.41031,0.721968
rc_trial_a33_k3_hn05,2,3533,7533,0.196576,0.605282
rc_trial_a33_k3_hn05,2,3534,7534,0.693936,0.507024
rc_trial_a33_k3_hn05,2,3535,7535,1.10329,0.455688
rc_trial_a33_k3_hn05,2,3536,7536,0.501279,0.301821
rc_trial_a33_k3_hn05,2,3537,7537,0.345476,0.424065
rc_trial_a33_k3_hn05,2,3538,7538,0.313684,0.399874
rc_trial_a33_k3_hn05,2,3539,7539,0.593226,0.665434
rc_trial_a33_k3_hn05,2,3540,7540,0.855332,0.762129
rc_trial_a33_k3_hn05,2,3541,7541,0.758198,0.346203
rc_trial_a33_k3_hn05,2,3542,7542,1.03866,0.65514
rc_trial_a33_k3_hn05,2,3543,7543,0.363536,0.529885
rc_trial_a33_k3_hn05,2,3544,7544,0.731142,0.312271
rc_trial_a33_k3_hn05,2,3545,7545,0.171304,0.13457
rc_trial_a33_k3_hn05,2,3546,7546,-0.209236,1.13439
rc_trial_a33_k3_hn05,2,3547,7547,-0.0564633,0.548298
rc_trial_a33_k3_hn05,2,3548,7548,0.204073,0.952345
rc_trial_a33_k3_hn05,2,3549,7549,-0.0382578,0.352872
rc_trial_a33_k3_hn05,2,3550,7550,0.478147,0.286949
rc_trial_a33_k3_hn05,2,3551,7551,0.409122,0.686497
rc_trial_a33_k3_hn05,2,3552,7552,0.0380771,0.906567
rc_trial_a33_k3_hn05,2,3553,7553,0.494494,0.496203
rc_trial_a33_k3_hn05,2,3554,7554,0.650231,0.339162
rc_trial_a33_k3_hn05,2,3555,7555,0.698435,0.442257
rc_trial_a33_k3_hn05,2,3556,7556,0.669157,0.364943
rc_trial_a33_k3_hn05,2,3557,7557,0.27527,0.779676
rc_trial_a33_k3_hn05,2,3558,7558,0.552094,0.552399
rc_trial_a33_k3_hn05,2,3559,7559,0.740985,0.534326
rc_trial_a33_k3_hn05,2,3560,7560,0.758075,0.530125
rc_trial_a33_k3_hn05,2,3561,7561,0.321105,0.559921
rc_trial_a33_k3_hn05,2,3562,7562,0.347552,0.624106
rc_trial_a33_k3_hn05,2,3563,7563,0.252051,0.330693
rc_trial_a33_k3_hn05,2,3564,7564,0.21807000000000001,0.309249
rc_trial_a33_k3_hn05,2,3565,7565,0.264656,0.84613
rc_trial_a33_k3_hn05,2,3566,7566,0.2437,0.513646
rc_trial_a33_k3_hn05,2,3567,7567,0.294973,0.651708
rc_trial_a33_k3_hn05,2,3568,7568,0.234502,0.608001
rc_trial_a33_k3_hn05,2,3569,7569,0.436207,0.42279
rc_trial_a33_k3_hn05,2,3570,7570,0.557377,0.632453
rc_trial_a33_k3_hn05,2,3571,7571,0.714372,0.647679
rc_trial_a33_k3_hn05,2,3572,7572,0.267725,0.576516
rc_trial_a33_k3_hn05,2,3573,7573,0.422566,0.631927
rc_trial_a33_k3_hn05,2,3574,7574,0.345072,0.599912
rc_trial_a33_k3_hn05,2,3575,7575,0.318638,0.441312
rc_trial_a33_k3_hn05,2,3576,7576,0.0167664,0.105803
rc_trial_a33_k3_hn05,2,3577,7577,0.613493,0.295723
rc_trial_a33_k3_hn05,2,3578,7578,0.26227,0.271871
rc_trial_a33_k3_hn05,2,3579,7579,0.548336,0.384722
rc_trial_a33_k3_hn05,2,3580,7580,0.50373,0.348487
rc_trial_a33_k3_hn05,2,3581,7581,0.51912,0.322372
rc_trial_a33_k3_hn05,2,3582,7582,0.536037,0.352773
rc_trial_a33_k3_hn05,2,3583,7583,0.411314,0.394941
rc_trial_a33_k3_hn05,2,3584,7584,0.678683,0.386859
rc_trial_a33_k3_hn05,2,3585,7585,0.595519,0.537628
rc_trial_a33_k3_hn05,2,3586,7586,0.101983,0.197206
rc_trial_a33_k3_hn05,2,3587,7587,-0.0432209,0.0871775
rc_trial_a33_k3_hn05,2,3588,7588,0.530005,0.0786534
rc_trial_a33_k3_hn05,2,3589,7589,-0.0108862,0.027106
rc_trial_a33_k3_hn05,2,3590,7590,0.388595,0.259069
rc_trial_a33_k3_hn05,2,3591,7591,0.409485,0.434498
rc_trial_a33_k3_hn05,2,3592,7592,0.502109,0.51057
rc_trial_a33_k3_hn05,2,3593,7593,0.585538,0.333043
rc_trial_a33_k3_hn05,2,3594,7594,0.8871,0.355255
rc_trial_a33_k3_hn05,2,3595,7595,0.056285,0.0810611
rc_trial_a33_k3_hn05,2,3596,7596,0.266557,0.0426271
rc_trial_a33_k3_hn05,2,3597,7597,0.137363,0.0572171
rc_trial_a33_k3_hn05,2,3598,7598,0.448216,0.0883571
rc_trial_a33_k3_hn05,2,3599,7599,0.321901,0.20535
rc_trial_a33_k3_hn05,2,3600,7600,0.16508,0.25187
rc_trial_a33_k3_hn05,2,3601,7601,0.133844,0.389149
rc_trial_a33_k3_hn05,2,3602,7602,0.232044,0.454181
rc_trial_a33_k3_hn05,2,3603,7603,0.312409,0.424913
rc_trial_a33_k3_hn05,2,3604,7604,0.586257,0.224659
rc_trial_a33_k3_hn05,2,3605,7605,0.654357,0.488488
rc_trial_a33_k3_hn05,2,3606,7606,0.634039,0.508675
rc_trial_a33_k3_hn05,2,3607,7607,0.681757,0.574665
rc_trial_a33_k3_hn05,2,3608,7608,0.442803,0.385172
rc_trial_a33_k3_hn05,2,3609,7609,-0.229366,1.07053
rc_trial_a33_k3_hn05,2,3610,7610,0.0155414,0.367137
rc_trial_a33_k3_hn05,2,3611,7611,0.460468,0.407222
rc_trial_a33_k3_hn05,2,3612,7612,0.35498,0.176096
rc_trial_a33_k3_hn05,2,3613,7613,0.582107,0.763801
rc_trial_a33_k3_hn05,2,3614,7614,0.725965,0.520675
rc_trial_a33_k3_hn05,2,3615,7615,0.494567,0.301952
rc_trial_a33_k3_hn05,2,3616,7616,0.370855,0.159297
rc_trial_a33_k3_hn05,2,3617,7617,0.630773,0.596199
rc_trial_a33_k3_hn05,2,3618,7618,0.376369,0.352742
rc_trial_a33_k3_hn05,2,3619,7619,0.183173,0.342454
rc_trial_a33_k3_hn05,2,3620,7620,0.79458,0.552988
rc_trial_a33_k3_hn05,2,3621,7621,0.584478,0.462804
rc_trial_a33_k3_hn05,2,3622,7622,0.686066,0.499648
rc_trial_a33_k3_hn05,2,3623,7623,0.778238,1.19187
rc_trial_a33_k3_hn05,2,3624,7624,0.173454,0.282534
rc_trial_a33_k3_hn05,2,3625,7625,0.46121,0.351915
rc_trial_a33_k3_hn05,2,3626,7626,0.466605,0.731237
rc_trial_a33_k3_hn05,2,3627,7627,0.060384,0.674851
rc_trial_a33_k3_hn05,2,3628,7628,-0.0262302,0.513531
rc_trial_a33_k3_hn05,2,3629,7629,0.467592,0.957529
rc_trial_a33_k3_hn05,2,3630,7630,0.560756,0.850664
rc_trial_a33_k3_hn05,2,3631,7631,0.672599,0.162115
rc_trial_a33_k3_hn05,2,3632,7632,0.63201,0.170981
rc_trial_a33_k3_hn05,2,3633,7633,0.580083,0.301552
rc_trial_a33_k3_hn05,2,3634,7634,0.701111,0.324143
rc_trial_a33_k3_hn05,2,3635,7635,0.207122,0.160407
rc_trial_a33_k3_hn05,2,3636,7636,0.565272,0.633759
rc_trial_a33_k3_hn05,2,3637,7637,0.303449,0.744866
rc_trial_a33_k3_hn05,2,3638,7638,0.270204,0.255908
rc_trial_a33_k3_hn05,2,3639,7639,0.322062,0.243228
rc_trial_a33_k3_hn05,2,3640,7640,0.220438,0.251818
rc_trial_a33_k3_hn05,2,3641,7641,0.343418,0.182524
rc_trial_a33_k3_hn05,2,3642,7642,0.478857,0.17806
rc_trial_a33_k3_hn05,2,3643,7643,0.467084,0.276324
rc_trial_a33_k3_hn05,2,3644,7644,0.0478657,0.8008
rc_trial_a33_k3_hn05,2,3645,7645,0.125403,0.182667
rc_trial_a33_k3_hn05,2,3646,7646,0.973313,0.556619
rc_trial_a33_k3_hn05,2,3647,7647,0.0219469,0.131114
rc_trial_a33_k3_hn05,2,3648,7648,0.124913,1.09361
rc_trial_a33_k3_hn05,2,3649,7649,0.0755399,0.989055
rc_trial_a33_k3_hn05,2,3650,7650,0.0671082,0.714062
rc_trial_a33_k3_hn05,2,3651,7651,0.313037,0.632247
rc_trial_a33_k3_hn05,2,3652,7652,0.232585,0.732828
rc_trial_a33_k3_hn05,2,3653,7653,0.333494,0.396403
rc_trial_a33_k3_hn05,2,3654,7654,0.126592,0.609521
rc_trial_a33_k3_hn05,2,3655,7655,0.190378,0.636406
rc_trial_a33_k3_hn05,2,3656,7656,0.21807000000000001,0.606878
rc_trial_a33_k3_hn05,2,3657,7657,0.178101,0.495722
rc_trial_a33_k3_hn05,2,3658,7658,0.395093,0.198106
rc_trial_a33_k3_hn05,2,3659,7659,0.396455,0.191331
rc_trial_a33_k3_hn05,2,3660,7660,0.347812,0.0827604
rc_trial_a33_k3_hn05,2,3661,7661,0.362696,0.2164
rc_trial_a33_k3_hn05,2,3662,7662,0.417591,0.121012
rc_trial_a33_k3_hn05,2,3663,7663,0.376946,0.168691
rc_trial_a33_k3_hn05,2,3664,7664,0.450826,0.128674
rc_trial_a33_k3_hn05,2,3665,7665,0.383445,0.26998
rc_trial_a33_k3_hn05,2,3666,7666,0.306757,0.0925892
rc_trial_a33_k3_hn05,2,3667,7667,0.282804,0.137718
rc_trial_a33_k3_hn05,2,3668,7668,0.292265,0.0677794
rc_trial_a33_k3_hn05,2,3669,7669,0.187222,0.229549
rc_trial_a33_k3_hn05,2,3670,7670,0.248706,0.217356
rc_trial_a33_k3_hn05,2,3671,7671,0.198692,0.0452511
rc_trial_a33_k3_hn05,2,3672,7672,0.44614,0.384614
rc_trial_a33_k3_hn05,2,3673,7673,0.500323,0.33531300000000003
rc_trial_a33_k3_hn05,2,3674,7674,0.552722,0.37262
rc_trial_a33_k3_hn05,2,3675,7675,0.303003,0.160809
rc_trial_a33_k3_hn05,2,3676,7676,-0.0561847,0.138092
rc_trial_a33_k3_hn05,2,3677,7677,0.172448,0.163688
rc_trial_a33_k3_hn05,2,3678,7678,0.263034,0.157339
rc_trial_a33_k3_hn05,2,3679,7679,0.317224,0.138606
rc_trial_a33_k3_hn05,2,3680,7680,0.577524,0.397167
rc_trial_a33_k3_hn05,2,3681,7681,0.246523,0.247393
rc_trial_a33_k3_hn05,2,3682,7682,0.398669,0.249636
rc_trial_a33_k3_hn05,2,3683,7683,0.244561,0.0770026
rc_trial_a33_k3_hn05,2,3684,7684,0.228409,0.337763
rc_trial_a33_k3_hn05,2,3685,7685,0.193597,0.326058
rc_trial_a33_k3_hn05,2,3686,7686,0.208057,0.211714
rc_trial_a33_k3_hn05,2,3687,7687,0.230851,0.280051
rc_trial_a33_k3_hn05,2,3688,7688,0.289601,0.45476
rc_trial_a33_k3_hn05,2,3689,7689,0.55382,0.711455
rc_trial_a33_k3_hn05,2,3690,7690,0.474955,0.238087
rc_trial_a33_k3_hn05,2,3691,7691,0.523346,0.679118
rc_trial_a33_k3_hn05,2,3692,7692,0.428948,0.216373
rc_trial_a33_k3_hn05,2,3693,7693,0.386019,0.236864
rc_trial_a33_k3_hn05,2,3694,7694,0.65141,0.649984
rc_trial_a33_k3_hn05,2,3695,7695,0.865535,0.536399
rc_trial_a33_k3_hn05,2,3696,7696,0.40031,0.312692
rc_trial_a33_k3_hn05,2,3697,7697,0.41989,0.379878
rc_trial_a33_k3_hn05,2,3698,7698,0.277997,0.544523
rc_trial_a33_k3_hn05,2,3699,7699,0.276989,0.403215
rc_trial_a33_k3_hn05,2,3700,7700,0.248637,0.341709
rc_trial_a33_k3_hn05,2,3701,7701,0.0813133,0.396876
rc_trial_a33_k3_hn05,2,3702,7702,0.814651,0.776624
rc_trial_a33_k3_hn05,2,3703,7703,0.733697,0.463673
rc_trial_a33_k3_hn05,2,3704,7704,0.699804,0.644569
rc_trial_a33_k3_hn05,2,3705,7705,0.158458,0.515704
rc_trial_a33_k3_hn05,2,3706,7706,0.391919,0.130096
rc_trial_a33_k3_hn05,2,3707,7707,0.414849,0.0421225
rc_trial_a33_k3_hn05,2,3708,7708,0.215274,0.0317312
rc_trial_a33_k3_hn05,2,3709,7709,0.397189,0.405847
rc_trial_a33_k3_hn05,2,3710,7710,0.437022,0.244905
rc_trial_a33_k3_hn05,2,3711,7711,0.189095,0.258453
rc_trial_a33_k3_hn05,2,3712,7712,0.21591,0.354568
rc_trial_a33_k3_hn05,2,3713,7713,0.263651,0.339839
rc_trial_a33_k3_hn05,2,3714,7714,0.128061,0.351703
rc_trial_a33_k3_hn05,2,3715,7715,0.573458,0.336544
rc_trial_a33_k3_hn05,2,3716,7716,0.556368,0.288776
rc_trial_a33_k3_hn05,2,3717,7717,0.50823,0.298797
rc_trial_a33_k3_hn05,2,3718,7718,0.608387,0.429203
rc_trial_a33_k3_hn05,2,3719,7719,0.574289,0.687983
rc_trial_a33_k3_hn05,2,3720,7720,0.175862,0.123411
rc_trial_a33_k3_hn05,2,3721,7721,0.165524,0.208207
rc_trial_a33_k3_hn05,2,3722,7722,0.474955,0.164416
rc_trial_a33_k3_hn05,2,3723,7723,0.272631,0.286203
rc_trial_a33_k3_hn05,2,3724,7724,0.270518,0.145035
rc_trial_a33_k3_hn05,2,3725,7725,0.529993,0.32156
rc_trial_a33_k3_hn05,2,3726,7726,0.339344,0.114808
rc_trial_a33_k3_hn05,2,3727,7727,0.496411,0.462494
rc_trial_a33_k3_hn05,2,3728,7728,0.29494,0.661938
rc_trial_a33_k3_hn05,2,3729,7729,0.342362,0.687498
rc_trial_a33_k3_hn05,2,3730,7730,0.685343,0.782202
rc_trial_a33_k3_hn05,2,3731,7731,0.372907,0.207361
rc_trial_a33_k3_hn05,2,3732,7732,0.288311,0.119214
rc_trial_a33_k3_hn05,2,3733,7733,0.544316,0.441126
rc_trial_a33_k3_hn05,2,3734,7734,0.41996,0.670715
rc_trial_a33_k3_hn05,2,3735,7735,0.455734,0.78023
rc_trial_a33_k3_hn05,2,3736,7736,0.0766726,0.0931903
rc_trial_a33_k3_hn05,2,3737,7737,0.249105,0.18315
rc_trial_a33_k3_hn05,2,3738,7738,0.254528,0.0330759
rc_trial_a33_k3_hn05,2,3739,7739,0.138637,0.0999883
rc_trial_a33_k3_hn05,2,3740,7740,0.351271,0.0721743
rc_trial_a33_k3_hn05,2,3741,7741,0.165175,0.123075
rc_trial_a33_k3_hn05,2,3742,7742,0.112783,0.274808
rc_trial_a33_k3_hn05,2,3743,7743,0.205128,0.671062
rc_trial_a33_k3_hn05,2,3744,7744,0.145143,0.747355
rc_trial_a33_k3_hn05,2,3745,7745,0.175387,0.630282
rc_trial_a33_k3_hn05,2,3746,7746,0.182304,0.321211
rc_trial_a33_k3_hn05,2,3747,7747,0.100954,0.4932
rc_trial_a33_k3_hn05,2,3748,7748,0.564099,0.291379
rc_trial_a33_k3_hn05,2,3749,7749,0.342421,0.11817
rc_trial_a33_k3_hn05,2,3750,7750,0.263973,0.0846899
rc_trial_a33_k3_hn05,2,3751,7751,0.309793,0.0930284
rc_trial_a33_k3_hn05,2,3752,7752,0.556152,0.68614
rc_trial_a33_k3_hn05,2,3753,7753,0.513818,0.3073
rc_trial_a33_k3_hn05,2,3754,7754,0.47588,0.355662
rc_trial_a33_k3_hn05,2,3755,7755,0.499686,0.792687
rc_trial_a33_k3_hn05,2,3756,7756,0.234323,0.300863
rc_trial_a33_k3_hn05,2,3757,7757,0.288678,0.276388
rc_trial_a33_k3_hn05,2,3758,7758,0.453059,0.403546
rc_trial_a33_k3_hn05,2,3759,7759,0.128013,0.865167
rc_trial_a33_k3_hn05,2,3760,7760,0.444536,0.338649
rc_trial_a33_k3_hn05,2,3761,7761,0.154682,0.176201
rc_trial_a33_k3_hn05,2,3762,7762,0.512863,0.343379
rc_trial_a33_k3_hn05,2,3763,7763,0.777207,0.426939
rc_trial_a33_k3_hn05,2,3764,7764,1.07447,0.407142
rc_trial_a33_k3_hn05,2,3765,7765,0.947374,0.64043
rc_trial_a33_k3_hn05,2,3766,7766,0.905169,0.536939
rc_trial_a33_k3_hn05,2,3767,7767,0.36512,0.503177
rc_trial_a33_k3_hn05,2,3768,7768,0.162623,0.482503
rc_trial_a33_k3_hn05,2,3769,7769,0.425499,0.481663
rc_trial_a33_k3_hn05,2,3770,7770,0.682506,0.765668
rc_trial_a33_k3_hn05,2,3771,7771,0.472911,1.05648
rc_trial_a33_k3_hn05,2,3772,7772,0.534759,0.359832
rc_trial_a33_k3_hn05,2,3773,7773,0.316211,0.0963541
rc_trial_a33_k3_hn05,2,3774,7774,0.379203,0.139155
rc_trial_a33_k3_hn05,2,3775,7775,0.404324,0.193452
rc_trial_a33_k3_hn05,2,3776,7776,0.540281,0.23242
rc_trial_a33_k3_hn05,2,3777,7777,0.595806,0.208409
rc_trial_a33_k3_hn05,2,3778,7778,0.253835,0.340516
rc_trial_a33_k3_hn05,2,3779,7779,0.428505,0.173006
rc_trial_a33_k3_hn05,2,3780,7780,0.182955,0.86193
rc_trial_a33_k3_hn05,2,3781,7781,0.328888,0.764262
rc_trial_a33_k3_hn05,2,3782,7782,0.562074,0.529239
rc_trial_a33_k3_hn05,2,3783,7783,0.592167,0.763336
rc_trial_a33_k3_hn05,2,3784,7784,0.153328,0.578179
rc_trial_a33_k3_hn05,2,3785,7785,0.00384127,0.584206
rc_trial_a33_k3_hn05,2,3786,7786,0.0865181,0.510639
rc_trial_a33_k3_hn05,2,3787,7787,0.220753,0.442252
rc_trial_a33_k3_hn05,2,3788,7788,0.870329,0.48781
rc_trial_a33_k3_hn05,2,3789,7789,0.906625,0.568447
rc_trial_a33_k3_hn05,2,3790,7790,0.645988,0.500322
rc_trial_a33_k3_hn05,2,3791,7791,0.345968,0.21208
rc_trial_a33_k3_hn05,2,3792,7792,0.325049,0.210819
rc_trial_a33_k3_hn05,2,3793,7793,0.409757,0.263985
rc_trial_a33_k3_hn05,2,3794,7794,0.296308,0.160917
rc_trial_a33_k3_hn05,2,3795,7795,0.304514,0.128385
rc_trial_a33_k3_hn05,2,3796,7796,0.952036,0.413563
rc_trial_a33_k3_hn05,2,3797,7797,0.51866,0.11755
rc_trial_a33_k3_hn05,2,3798,7798,0.364649,0.122481
rc_trial_a33_k3_hn05,2,3799,7799,0.685414,0.412386
rc_trial_a33_k3_hn05,2,3800,7800,0.389471,0.415497
rc_trial_a33_k3_hn05,2,3801,7801,0.194363,0.297617
rc_trial_a33_k3_hn05,2,3802,7802,0.231608,0.0915147
rc_trial_a33_k3_hn05,2,3803,7803,0.657675,0.596875
rc_trial_a33_k3_hn05,2,3804,7804,0.0944334,0.278423
rc_trial_a33_k3_hn05,2,3805,7805,0.0253574,0.350427
rc_trial_a33_k3_hn05,2,3806,7806,0.00679709,0.608593
rc_trial_a33_k3_hn05,2,3807,7807,-0.0320692,0.81078
rc_trial_a33_k3_hn05,2,3808,7808,0.456332,0.18967
rc_trial_a33_k3_hn05,2,3809,7809,0.265193,0.153521
rc_trial_a33_k3_hn05,2,3810,7810,0.27919,0.199882
rc_trial_a33_k3_hn05,2,3811,7811,0.346756,0.0360738
rc_trial_a33_k3_hn05,2,3812,7812,0.1511,0.101877
rc_trial_a33_k3_hn05,2,3813,7813,0.38005,0.0979923
rc_trial_a33_k3_hn05,2,3814,7814,0.0559125,0.34173
rc_trial_a33_k3_hn05,2,3815,7815,0.21302,0.255139
rc_trial_a33_k3_hn05,2,3816,7816,0.132151,0.278351
rc_trial_a33_k3_hn05,2,3817,7817,0.138433,0.564468
rc_trial_a33_k3_hn05,2,3818,7818,0.34184,0.358577
rc_trial_a33_k3_hn05,2,3819,7819,0.295053,0.345918
rc_trial_a33_k3_hn05,2,3820,7820,0.266282,0.365016
rc_trial_a33_k3_hn05,2,3821,7821,0.228201,0.344155
rc_trial_a33_k3_hn05,2,3822,7822,0.187545,0.219052
rc_trial_a33_k3_hn05,2,3823,7823,0.21569,0.136945
rc_trial_a33_k3_hn05,2,3824,7824,0.0946795,0.163985
rc_trial_a33_k3_hn05,2,3825,7825,0.557193,0.498941
rc_trial_a33_k3_hn05,2,3826,7826,0.771923,0.374957
rc_trial_a33_k3_hn05,2,3827,7827,0.786691,0.500969
rc_trial_a33_k3_hn05,2,3828,7828,0.713148,0.502654
rc_trial_a33_k3_hn05,2,3829,7829,0.319587,0.467417
rc_trial_a33_k3_hn05,2,3830,7830,0.141164,0.70767
rc_trial_a33_k3_hn05,2,3831,7831,0.0967974,0.777103
rc_trial_a33_k3_hn05,2,3832,7832,-0.261842,0.433993
rc_trial_a33_k3_hn05,2,3833,7833,0.0739497,0.494684
rc_trial_a33_k3_hn05,2,3834,7834,0.0727956,0.438707
rc_trial_a33_k3_hn05,2,3835,7835,-0.272343,1.15628
rc_trial_a33_k3_hn05,2,3836,7836,0.416888,0.20277
rc_trial_a33_k3_hn05,2,3837,7837,0.141197,0.387076
rc_trial_a33_k3_hn05,2,3838,7838,0.116983,0.146996
rc_trial_a33_k3_hn05,2,3839,7839,0.18935,0.107016
rc_trial_a33_k3_hn05,2,3840,7840,0.267186,0.185624
rc_trial_a33_k3_hn05,2,3841,7841,0.745555,0.396532
rc_trial_a33_k3_hn05,2,3842,7842,0.800228,0.305762
rc_trial_a33_k3_hn05,2,3843,7843,0.216395,0.0433926
rc_trial_a33_k3_hn05,2,3844,7844,0.232888,0.0384819
rc_trial_a33_k3_hn05,2,3845,7845,-0.171795,0.655817
rc_trial_a33_k3_hn05,2,3846,7846,-0.0019774,1.50417
rc_trial_a33_k3_hn05,2,3847,7847,-0.0876941,1.17229
rc_trial_a33_k3_hn05,2,3848,7848,-0.0479723,1.2588
rc_trial_a33_k3_hn05,2,3849,7849,-0.156727,0.670071
rc_trial_a33_k3_hn05,2,3850,7850,-0.169092,0.960207
rc_trial_a33_k3_hn05,2,3851,7851,0.540572,0.441652
rc_trial_a33_k3_hn05,2,3852,7852,0.580506,0.325013
rc_trial_a33_k3_hn05,2,3853,7853,-0.0533162,0.293024
rc_trial_a33_k3_hn05,2,3854,7854,-0.151216,0.332462
rc_trial_a33_k3_hn05,2,3855,7855,-0.01627,0.539276
rc_trial_a33_k3_hn05,2,3856,7856,-0.0622935,0.59179
rc_trial_a33_k3_hn05,2,3857,7857,0.629811,0.515189
rc_trial_a33_k3_hn05,2,3858,7858,0.622761,0.506515
rc_trial_a33_k3_hn05,2,3859,7859,0.739594,0.816729
rc_trial_a33_k3_hn05,2,3860,7860,0.842676,0.802528
rc_trial_a33_k3_hn05,2,3861,7861,0.0578417,0.297963
rc_trial_a33_k3_hn05,2,3862,7862,0.27642,0.296779
rc_trial_a33_k3_hn05,2,3863,7863,0.222339,0.398721
rc_trial_a33_k3_hn05,2,3864,7864,0.311449,0.150554
rc_trial_a33_k3_hn05,2,3865,7865,0.411117,0.151726
rc_trial_a33_k3_hn05,2,3866,7866,0.202482,0.483836
rc_trial_a33_k3_hn05,2,3867,7867,0.361099,0.387537
rc_trial_a33_k3_hn05,2,3868,7868,0.43217,0.232442
rc_trial_a33_k3_hn05,2,3869,7869,0.979177,0.37225
rc_trial_a33_k3_hn05,2,3870,7870,1.04095,0.838969
rc_trial_a33_k3_hn05,2,3871,7871,0.825457,0.4859
rc_trial_a33_k3_hn05,2,3872,7872,0.810221,0.508317
rc_trial_a33_k3_hn05,2,3873,7873,1.12721,0.727405
rc_trial_a33_k3_hn05,2,3874,7874,0.347947,0.213981
rc_trial_a33_k3_hn05,2,3875,7875,0.326677,0.0568423
rc_trial_a33_k3_hn05,2,3876,7876,0.286097,0.0247147
rc_trial_a33_k3_hn05,2,3877,7877,0.14253,0.0291575
rc_trial_a33_k3_hn05,2,3878,7878,0.111473,0.208556
rc_trial_a33_k3_hn05,2,3879,7879,0.0738874,1.08672
rc_trial_a33_k3_hn05,2,3880,7880,0.299196,0.199874
rc_trial_a33_k3_hn05,2,3881,7881,0.228221,0.277697
rc_trial_a33_k3_hn05,2,3882,7882,0.441439,0.220712
rc_trial_a33_k3_hn05,2,3883,7883,0.106111,0.396931
rc_trial_a33_k3_hn05,2,3884,7884,0.231047,0.378578
rc_trial_a33_k3_hn05,2,3885,7885,0.24989,0.366226
rc_trial_a33_k3_hn05,2,3886,7886,0.152757,0.405535
rc_trial_a33_k3_hn05,2,3887,7887,0.120758,0.511794
rc_trial_a33_k3_hn05,2,3888,7888,0.123872,0.494493
rc_trial_a33_k3_hn05,2,3889,7889,0.175481,0.525015
rc_trial_a33_k3_hn05,2,3890,7890,0.213374,0.214621
rc_trial_a33_k3_hn05,2,3891,7891,0.120124,0.124517
rc_trial_a33_k3_hn05,2,3892,7892,0.291891,0.0887043
rc_trial_a33_k3_hn05,2,3893,7893,0.24683,0.0284226
rc_trial_a33_k3_hn05,2,3894,7894,0.250589,0.0043434
rc_trial_a33_k3_hn05,2,3895,7895,0.279875,0.00221756
rc_trial_a33_k3_hn05,2,3896,7896,0.167181,0.0193474
rc_trial_a33_k3_hn05,2,3897,7897,0.384784,0.0204863
rc_trial_a33_k3_hn05,2,3898,7898,0.72769,0.571375
rc_trial_a33_k3_hn05,2,3899,7899,0.251442,0.250176
rc_trial_a33_k3_hn05,2,3900,7900,0.604254,0.609887
rc_trial_a33_k3_hn05,2,3901,7901,0.301948,0.349529
rc_trial_a33_k3_hn05,2,3902,7902,0.325442,0.34696
rc_trial_a33_k3_hn05,2,3903,7903,0.463032,0.926836
rc_trial_a33_k3_hn05,2,3904,7904,0.544494,0.547356
rc_trial_a33_k3_hn05,2,3905,7905,0.0577132,0.796763
rc_trial_a33_k3_hn05,2,3906,7906,0.490724,0.393137
rc_trial_a33_k3_hn05,2,3907,7907,-0.178926,0.815383
rc_trial_a33_k3_hn05,2,3908,7908,-0.150019,0.686248
rc_trial_a33_k3_hn05,2,3909,7909,1.0692,0.625166
rc_trial_a33_k3_hn05,2,3910,7910,-0.149126,1.33136
rc_trial_a33_k3_hn05,2,3911,7911,-0.222099,1.04294
rc_trial_a33_k3_hn05,2,3912,7912,0.430094,0.19413
rc_trial_a33_k3_hn05,2,3913,7913,0.256571,0.269076
rc_trial_a33_k3_hn05,2,3914,7914,0.501146,0.482496
rc_trial_a33_k3_hn05,2,3915,7915,0.870254,0.711172
rc_trial_a33_k3_hn05,2,3916,7916,0.918413,0.996954
rc_trial_a33_k3_hn05,2,3917,7917,0.81283,0.383214
rc_trial_a33_k3_hn05,2,3918,7918,0.521045,1.34207
rc_trial_a33_k3_hn05,2,3919,7919,0.539448,0.461446
rc_trial_a33_k3_hn05,2,3920,7920,0.646694,0.557585
rc_trial_a33_k3_hn05,2,3921,7921,0.474271,0.582882
rc_trial_a33_k3_hn05,2,3922,7922,0.49774,0.628338
rc_trial_a33_k3_hn05,2,3923,7923,0.316934,0.176956
rc_trial_a33_k3_hn05,2,3924,7924,0.192953,0.217513
rc_trial_a33_k3_hn05,2,3925,7925,0.458728,0.0896632
rc_trial_a33_k3_hn05,2,3926,7926,0.16763,0.237099
rc_trial_a33_k3_hn05,2,3927,7927,0.45418,0.145506
rc_trial_a33_k3_hn05,2,3928,7928,0.306836,0.392377
rc_trial_a33_k3_hn05,2,3929,7929,0.38259,0.415894
rc_trial_a33_k3_hn05,2,3930,7930,0.0681984,0.607415
rc_trial_a33_k3_hn05,2,3931,7931,0.0226105,0.155446
rc_trial_a33_k3_hn05,2,3932,7932,0.280475,0.0586826
rc_trial_a33_k3_hn05,2,3933,7933,0.219584,0.052459
rc_trial_a33_k3_hn05,2,3934,7934,0.275546,0.202695
rc_trial_a33_k3_hn05,2,3935,7935,0.404982,0.167878
rc_trial_a33_k3_hn05,2,3936,7936,0.28881,0.12202
rc_trial_a33_k3_hn05,2,3937,7937,0.493306,0.244188
rc_trial_a33_k3_hn05,2,3938,7938,0.291222,0.0900595
rc_trial_a33_k3_hn05,2,3939,7939,0.384217,0.349394
rc_trial_a33_k3_hn05,2,3940,7940,0.2657,0.0366963
rc_trial_a33_k3_hn05,2,3941,7941,0.335929,0.0529366
rc_trial_a33_k3_hn05,2,3942,7942,0.0867284,0.124291
rc_trial_a33_k3_hn05,2,3943,7943,0.303362,0.15026
rc_trial_a33_k3_hn05,2,3944,7944,0.368804,0.0373312
rc_trial_a33_k3_hn05,2,3945,7945,0.201934,0.0586205
rc_trial_a33_k3_hn05,2,3946,7946,0.425393,0.0796294
rc_trial_a33_k3_hn05,2,3947,7947,0.371502,0.0674407
rc_trial_a33_k3_hn05,2,3948,7948,0.322026,0.174726
rc_trial_a33_k3_hn05,2,3949,7949,0.594892,0.593028
rc_trial_a33_k3_hn05,2,3950,7950,0.75442,0.612331
rc_trial_a33_k3_hn05,2,3951,7951,0.577946,0.450137
rc_trial_a33_k3_hn05,2,3952,7952,0.542955,0.650662
rc_trial_a33_k3_hn05,2,3953,7953,0.343226,0.709816
rc_trial_a33_k3_hn05,2,3954,7954,0.573844,0.677285
rc_trial_a33_k3_hn05,2,3955,7955,0.614732,0.908319
rc_trial_a33_k3_hn05,2,3956,7956,0.501062,0.79502
rc_trial_a33_k3_hn05,2,3957,7957,0.101998,0.453608
rc_trial_a33_k3_hn05,2,3958,7958,0.0691079,0.460659
rc_trial_a33_k3_hn05,2,3959,7959,-0.307959,0.48308
rc_trial_a33_k3_hn05,2,3960,7960,0.516021,0.203412
rc_trial_a33_k3_hn05,2,3961,7961,0.350416,0.30505
rc_trial_a33_k3_hn05,2,3962,7962,0.411958,0.776786
rc_trial_a33_k3_hn05,2,3963,7963,0.112593,0.516432
rc_trial_a33_k3_hn05,2,3964,7964,0.292403,0.29657
rc_trial_a33_k3_hn05,2,3965,7965,0.216674,0.130698
rc_trial_a33_k3_hn05,2,3966,7966,0.70173,0.536169
rc_trial_a33_k3_hn05,2,3967,7967,0.463639,0.563986
rc_trial_a33_k3_hn05,2,3968,7968,0.118104,0.999739
rc_trial_a33_k3_hn05,2,3969,7969,-0.025004,0.543123
rc_trial_a33_k3_hn05,2,3970,7970,0.753263,0.57099
rc_trial_a33_k3_hn05,2,3971,7971,0.648311,0.508961
rc_trial_a33_k3_hn05,2,3972,7972,0.614756,0.648328
rc_trial_a33_k3_hn05,2,3973,7973,0.656603,0.824742
rc_trial_a33_k3_hn05,2,3974,7974,0.569731,1.04149
rc_trial_a33_k3_hn05,2,3975,7975,0.301746,0.303453
rc_trial_a33_k3_hn05,2,3976,7976,0.224995,0.921521
rc_trial_a33_k3_hn05,2,3977,7977,0.182524,0.617316
rc_trial_a33_k3_hn05,2,3978,7978,0.473778,0.582602
rc_trial_a33_k3_hn05,2,3979,7979,0.549759,0.319029
rc_trial_a33_k3_hn05,2,3980,7980,0.669604,0.405162
rc_trial_a33_k3_hn05,2,3981,7981,0.684094,0.378043
rc_trial_a33_k3_hn05,2,3982,7982,0.514356,0.513785
rc_trial_a33_k3_hn05,2,3983,7983,0.716536,0.816722
rc_trial_a33_k3_hn05,2,3984,7984,0.487355,0.334553
rc_trial_a33_k3_hn05,2,3985,7985,0.444111,0.261302
rc_trial_a33_k3_hn05,2,3986,7986,0.430023,1.05011
rc_trial_a33_k3_hn05,2,3987,7987,0.362399,0.320768
rc_trial_a33_k3_hn05,2,3988,7988,0.391811,0.686975
rc_trial_a33_k3_hn05,2,3989,7989,0.353271,0.875864
rc_trial_a33_k3_hn05,2,3990,7990,0.839875,0.457174
rc_trial_a33_k3_hn05,2,3991,7991,0.61605,0.577748
rc_trial_a33_k3_hn05,2,3992,7992,1.07885,0.938554
rc_trial_a33_k3_hn05,2,3993,7993,1.11801,1.12208
rc_trial_a33_k3_hn05,2,3994,7994,0.755344,0.519134
rc_trial_a33_k3_hn05,2,3995,7995,0.927929,0.562195
rc_trial_a33_k3_hn05,2,3996,7996,0.872635,0.321663
rc_trial_a33_k3_hn05,2,3997,7997,0.469334,0.298624
rc_trial_a33_k3_hn05,2,3998,7998,-0.0961172,0.522305
rc_trial_a33_k3_hn05,2,3999,7999,0.136592,0.544228
rc_trial_a33_k3_hn05,2,4000,8000,-0.160377,0.833115
rc_trial_a33_k3_hn05,3,1,8001,0.254555,0.220263
rc_trial_a33_k3_hn05,3,2,8002,0.0920439,0.340221
rc_trial_a33_k3_hn05,3,3,8003,0.106513,0.154219
rc_trial_a33_k3_hn05,3,4,8004,0.00899764,0.33625
rc_trial_a33_k3_hn05,3,5,8005,0.0701089,0.706647
rc_trial_a33_k3_hn05,3,6,8006,0.139492,0.568448
rc_trial_a33_k3_hn05,3,7,8007,0.257809,0.32757
rc_trial_a33_k3_hn05,3,8,8008,0.658926,0.512744
rc_trial_a33_k3_hn05,3,9,8009,0.564964,0.29987
rc_trial_a33_k3_hn05,3,10,8010,0.207225,0.180652
rc_trial_a33_k3_hn05,3,11,8011,0.16001,0.171044
rc_trial_a33_k3_hn05,3,12,8012,0.3413,0.207291
rc_trial_a33_k3_hn05,3,13,8013,0.171244,0.238566
rc_trial_a33_k3_hn05,3,14,8014,0.38724,0.149921
rc_trial_a33_k3_hn05,3,15,8015,0.118746,0.0743781
rc_trial_a33_k3_hn05,3,16,8016,0.397957,0.0609303
rc_trial_a33_k3_hn05,3,17,8017,0.253667,0.022714
rc_trial_a33_k3_hn05,3,18,8018,0.371865,0.0223062
rc_trial_a33_k3_hn05,3,19,8019,0.31727,0.163596
rc_trial_a33_k3_hn05,3,20,8020,0.534047,0.195892
rc_trial_a33_k3_hn05,3,21,8021,0.467917,0.185122
rc_trial_a33_k3_hn05,3,22,8022,0.0248654,0.27727
rc_trial_a33_k3_hn05,3,23,8023,0.0781965,0.148744
rc_trial_a33_k3_hn05,3,24,8024,0.322901,0.213782
rc_trial_a33_k3_hn05,3,25,8025,0.0650881,0.236665
rc_trial_a33_k3_hn05,3,26,8026,0.23496,0.714475
rc_trial_a33_k3_hn05,3,27,8027,1.1182,0.470039
rc_trial_a33_k3_hn05,3,28,8028,1.09977,0.504152
rc_trial_a33_k3_hn05,3,29,8029,0.77597,0.427277
rc_trial_a33_k3_hn05,3,30,8030,0.370301,0.240724
rc_trial_a33_k3_hn05,3,31,8031,0.288526,0.0554983
rc_trial_a33_k3_hn05,3,32,8032,0.328746,0.286994
rc_trial_a33_k3_hn05,3,33,8033,0.526646,0.359388
rc_trial_a33_k3_hn05,3,34,8034,0.517016,0.432432
rc_trial_a33_k3_hn05,3,35,8035,0.686555,0.200247
rc_trial_a33_k3_hn05,3,36,8036,0.0344671,0.288416
rc_trial_a33_k3_hn05,3,37,8037,0.0480545,0.27764
rc_trial_a33_k3_hn05,3,38,8038,0.714109,0.135629
rc_trial_a33_k3_hn05,3,39,8039,0.710038,0.139622
rc_trial_a33_k3_hn05,3,40,8040,0.416105,0.165608
rc_trial_a33_k3_hn05,3,41,8041,0.341444,0.360065
rc_trial_a33_k3_hn05,3,42,8042,0.444966,0.162659
rc_trial_a33_k3_hn05,3,43,8043,0.428357,0.12959
rc_trial_a33_k3_hn05,3,44,8044,0.660289,0.52299
rc_trial_a33_k3_hn05,3,45,8045,0.380832,0.160522
rc_trial_a33_k3_hn05,3,46,8046,0.263241,0.0326784
rc_trial_a33_k3_hn05,3,47,8047,0.264557,0.0309746
rc_trial_a33_k3_hn05,3,48,8048,0.380562,0.0399987
rc_trial_a33_k3_hn05,3,49,8049,0.148371,0.0499567
rc_trial_a33_k3_hn05,3,50,8050,0.467878,0.343744
rc_trial_a33_k3_hn05,3,51,8051,0.290269,0.0639553
rc_trial_a33_k3_hn05,3,52,8052,0.290827,0.124401
rc_trial_a33_k3_hn05,3,53,8053,0.534702,0.563876
rc_trial_a33_k3_hn05,3,54,8054,0.328995,0.300538
rc_trial_a33_k3_hn05,3,55,8055,0.637043,0.379077
rc_trial_a33_k3_hn05,3,56,8056,0.6115,0.264707
rc_trial_a33_k3_hn05,3,57,8057,0.544062,0.405675
rc_trial_a33_k3_hn05,3,58,8058,0.664084,0.552645
rc_trial_a33_k3_hn05,3,59,8059,0.535403,0.483131
rc_trial_a33_k3_hn05,3,60,8060,0.578111,0.68612
rc_trial_a33_k3_hn05,3,61,8061,0.291797,0.793143
rc_trial_a33_k3_hn05,3,62,8062,0.211602,0.865149
rc_trial_a33_k3_hn05,3,63,8063,0.167532,0.826661
rc_trial_a33_k3_hn05,3,64,8064,0.293071,0.340546
rc_trial_a33_k3_hn05,3,65,8065,0.600077,0.221921
rc_trial_a33_k3_hn05,3,66,8066,0.580981,0.756801
rc_trial_a33_k3_hn05,3,67,8067,0.625976,0.601082
rc_trial_a33_k3_hn05,3,68,8068,0.264177,0.740522
rc_trial_a33_k3_hn05,3,69,8069,0.105021,0.617503
rc_trial_a33_k3_hn05,3,70,8070,0.174737,0.0127396
rc_trial_a33_k3_hn05,3,71,8071,0.121601,0.222431
rc_trial_a33_k3_hn05,3,72,8072,0.310258,0.479173
rc_trial_a33_k3_hn05,3,73,8073,0.330167,0.20833
rc_trial_a33_k3_hn05,3,74,8074,0.306653,0.324473
rc_trial_a33_k3_hn05,3,75,8075,0.144325,0.687506
rc_trial_a33_k3_hn05,3,76,8076,0.149247,0.704034
rc_trial_a33_k3_hn05,3,77,8077,-0.10557,0.329848
rc_trial_a33_k3_hn05,3,78,8078,-0.585904,0.686673
rc_trial_a33_k3_hn05,3,79,8079,-0.71112,0.628121
rc_trial_a33_k3_hn05,3,80,8080,-0.605295,0.757625
rc_trial_a33_k3_hn05,3,81,8081,-0.619068,0.748831
rc_trial_a33_k3_hn05,3,82,8082,-0.409408,0.808659
rc_trial_a33_k3_hn05,3,83,8083,-0.458311,0.634371
rc_trial_a33_k3_hn05,3,84,8084,-0.492952,0.555221
rc_trial_a33_k3_hn05,3,85,8085,0.0420186,1.12015
rc_trial_a33_k3_hn05,3,86,8086,0.0553347,0.97239
rc_trial_a33_k3_hn05,3,87,8087,0.354533,0.530097
rc_trial_a33_k3_hn05,3,88,8088,0.315044,0.424688
rc_trial_a33_k3_hn05,3,89,8089,0.348899,0.522662
rc_trial_a33_k3_hn05,3,90,8090,0.243199,0.46716
rc_trial_a33_k3_hn05,3,91,8091,0.416274,0.641179
rc_trial_a33_k3_hn05,3,92,8092,0.206866,0.337668
rc_trial_a33_k3_hn05,3,93,8093,0.346862,0.261576
rc_trial_a33_k3_hn05,3,94,8094,0.351718,0.280326
rc_trial_a33_k3_hn05,3,95,8095,0.275093,0.240313
rc_trial_a33_k3_hn05,3,96,8096,0.26359900000000003,1.21592
rc_trial_a33_k3_hn05,3,97,8097,0.31905,1.07823
rc_trial_a33_k3_hn05,3,98,8098,0.17239,0.322676
rc_trial_a33_k3_hn05,3,99,8099,0.198394,0.386822
rc_trial_a33_k3_hn05,3,100,8100,0.203164,0.692176
rc_trial_a33_k3_hn05,3,101,8101,0.249258,0.0389856
rc_trial_a33_k3_hn05,3,102,8102,0.319164,0.273476
rc_trial_a33_k3_hn05,3,103,8103,0.0857236,0.146307
rc_trial_a33_k3_hn05,3,104,8104,-0.0624337,0.524391
rc_trial_a33_k3_hn05,3,105,8105,0.0848337,0.16445100000000001
rc_trial_a33_k3_hn05,3,106,8106,0.623538,0.335308
rc_trial_a33_k3_hn05,3,107,8107,0.192878,0.0629636
rc_trial_a33_k3_hn05,3,108,8108,0.28674,0.25166
rc_trial_a33_k3_hn05,3,109,8109,0.146716,0.510253
rc_trial_a33_k3_hn05,3,110,8110,0.00296325,0.645134
rc_trial_a33_k3_hn05,3,111,8111,0.522252,0.334193
rc_trial_a33_k3_hn05,3,112,8112,0.387982,0.785874
rc_trial_a33_k3_hn05,3,113,8113,0.175949,0.552445
rc_trial_a33_k3_hn05,3,114,8114,0.220018,0.614398
rc_trial_a33_k3_hn05,3,115,8115,-0.58899,0.833404
rc_trial_a33_k3_hn05,3,116,8116,0.656527,0.43839
rc_trial_a33_k3_hn05,3,117,8117,0.258911,0.616963
rc_trial_a33_k3_hn05,3,118,8118,0.216168,0.530659
rc_trial_a33_k3_hn05,3,119,8119,0.102507,0.696228
rc_trial_a33_k3_hn05,3,120,8120,0.172175,0.457818
rc_trial_a33_k3_hn05,3,121,8121,0.121357,0.507232
rc_trial_a33_k3_hn05,3,122,8122,0.341897,0.149302
rc_trial_a33_k3_hn05,3,123,8123,0.34723,0.231189
rc_trial_a33_k3_hn05,3,124,8124,0.233478,0.162385
rc_trial_a33_k3_hn05,3,125,8125,0.39025,0.127207
rc_trial_a33_k3_hn05,3,126,8126,0.204838,0.0874093
rc_trial_a33_k3_hn05,3,127,8127,0.385607,0.245497
rc_trial_a33_k3_hn05,3,128,8128,0.280962,0.0256402
rc_trial_a33_k3_hn05,3,129,8129,0.177287,0.0180802
rc_trial_a33_k3_hn05,3,130,8130,0.379403,0.0290253
rc_trial_a33_k3_hn05,3,131,8131,0.177406,0.0133087
rc_trial_a33_k3_hn05,3,132,8132,0.386939,0.00899073
rc_trial_a33_k3_hn05,3,133,8133,0.163987,0.0147024
rc_trial_a33_k3_hn05,3,134,8134,0.43862,0.0375431
rc_trial_a33_k3_hn05,3,135,8135,0.131761,0.0681531
rc_trial_a33_k3_hn05,3,136,8136,0.180145,0.0933936
rc_trial_a33_k3_hn05,3,137,8137,0.252105,0.105599
rc_trial_a33_k3_hn05,3,138,8138,0.766273,0.266823
rc_trial_a33_k3_hn05,3,139,8139,1.41779,0.650199
rc_trial_a33_k3_hn05,3,140,8140,1.32275,0.586631
rc_trial_a33_k3_hn05,3,141,8141,1.61102,0.836736
rc_trial_a33_k3_hn05,3,142,8142,1.78777,1.0732
rc_trial_a33_k3_hn05,3,143,8143,1.21565,0.9276
rc_trial_a33_k3_hn05,3,144,8144,0.345666,0.0866839
rc_trial_a33_k3_hn05,3,145,8145,0.386883,0.117969
rc_trial_a33_k3_hn05,3,146,8146,0.775494,0.679251
rc_trial_a33_k3_hn05,3,147,8147,0.292912,0.343024
rc_trial_a33_k3_hn05,3,148,8148,0.156415,0.312903
rc_trial_a33_k3_hn05,3,149,8149,0.356325,0.293262
rc_trial_a33_k3_hn05,3,150,8150,0.348706,0.241425
rc_trial_a33_k3_hn05,3,151,8151,0.314356,0.0629929
rc_trial_a33_k3_hn05,3,152,8152,0.178153,0.0363665
rc_trial_a33_k3_hn05,3,153,8153,0.305027,0.110023
rc_trial_a33_k3_hn05,3,154,8154,0.454015,0.374931
rc_trial_a33_k3_hn05,3,155,8155,-0.209725,0.631774
rc_trial_a33_k3_hn05,3,156,8156,-0.319815,0.705889
rc_trial_a33_k3_hn05,3,157,8157,-0.375725,0.657603
rc_trial_a33_k3_hn05,3,158,8158,-0.420818,0.86933
rc_trial_a33_k3_hn05,3,159,8159,-0.182218,0.434533
rc_trial_a33_k3_hn05,3,160,8160,-0.870146,1.27566
rc_trial_a33_k3_hn05,3,161,8161,-0.453075,1.03866
rc_trial_a33_k3_hn05,3,162,8162,-0.600354,0.664767
rc_trial_a33_k3_hn05,3,163,8163,0.16012,0.921803
rc_trial_a33_k3_hn05,3,164,8164,0.148001,0.43477
rc_trial_a33_k3_hn05,3,165,8165,-0.0142751,0.482786
rc_trial_a33_k3_hn05,3,166,8166,0.633372,0.325135
rc_trial_a33_k3_hn05,3,167,8167,0.739255,0.213748
rc_trial_a33_k3_hn05,3,168,8168,0.742219,0.21626
rc_trial_a33_k3_hn05,3,169,8169,0.747709,0.329472
rc_trial_a33_k3_hn05,3,170,8170,0.312201,0.348637
rc_trial_a33_k3_hn05,3,171,8171,0.745614,0.449806
rc_trial_a33_k3_hn05,3,172,8172,0.843221,0.583508
rc_trial_a33_k3_hn05,3,173,8173,0.818316,1.10241
rc_trial_a33_k3_hn05,3,174,8174,0.802337,0.449171
rc_trial_a33_k3_hn05,3,175,8175,0.155166,0.365994
rc_trial_a33_k3_hn05,3,176,8176,0.329731,0.336367
rc_trial_a33_k3_hn05,3,177,8177,0.361871,0.217837
rc_trial_a33_k3_hn05,3,178,8178,0.428181,0.323633
rc_trial_a33_k3_hn05,3,179,8179,0.641154,0.966493
rc_trial_a33_k3_hn05,3,180,8180,0.508614,0.234653
rc_trial_a33_k3_hn05,3,181,8181,0.464611,0.495485
rc_trial_a33_k3_hn05,3,182,8182,0.628228,0.534226
rc_trial_a33_k3_hn05,3,183,8183,1.09878,0.53618
rc_trial_a33_k3_hn05,3,184,8184,0.935338,0.943832
rc_trial_a33_k3_hn05,3,185,8185,0.939842,0.467113
rc_trial_a33_k3_hn05,3,186,8186,1.0693,1.28034
rc_trial_a33_k3_hn05,3,187,8187,0.377169,0.0218362
rc_trial_a33_k3_hn05,3,188,8188,0.238412,0.0259814
rc_trial_a33_k3_hn05,3,189,8189,0.275055,0.0145681
rc_trial_a33_k3_hn05,3,190,8190,0.135018,0.0220426
rc_trial_a33_k3_hn05,3,191,8191,0.166162,0.0208561
rc_trial_a33_k3_hn05,3,192,8192,0.112914,0.133835
rc_trial_a33_k3_hn05,3,193,8193,0.504806,0.149242
rc_trial_a33_k3_hn05,3,194,8194,0.428511,0.252684
rc_trial_a33_k3_hn05,3,195,8195,0.675759,0.268096
rc_trial_a33_k3_hn05,3,196,8196,0.578622,0.436441
rc_trial_a33_k3_hn05,3,197,8197,0.685172,0.413088
rc_trial_a33_k3_hn05,3,198,8198,0.582056,0.77567
rc_trial_a33_k3_hn05,3,199,8199,-0.0641816,0.680579
rc_trial_a33_k3_hn05,3,200,8200,-0.0588154,0.65637
rc_trial_a33_k3_hn05,3,201,8201,0.37406,0.402903
rc_trial_a33_k3_hn05,3,202,8202,0.401557,0.23536
rc_trial_a33_k3_hn05,3,203,8203,0.318848,0.213962
rc_trial_a33_k3_hn05,3,204,8204,0.348578,0.0525208
rc_trial_a33_k3_hn05,3,205,8205,0.247502,0.0782158
rc_trial_a33_k3_hn05,3,206,8206,0.188955,0.0227421
rc_trial_a33_k3_hn05,3,207,8207,0.295974,0.0987238
rc_trial_a33_k3_hn05,3,208,8208,0.55274,0.127707
rc_trial_a33_k3_hn05,3,209,8209,0.204819,0.0600317
rc_trial_a33_k3_hn05,3,210,8210,0.396177,0.0333182
rc_trial_a33_k3_hn05,3,211,8211,0.18999,0.0594806
rc_trial_a33_k3_hn05,3,212,8212,0.315539,0.0448649
rc_trial_a33_k3_hn05,3,213,8213,0.340179,0.511743
rc_trial_a33_k3_hn05,3,214,8214,0.360388,0.666075
rc_trial_a33_k3_hn05,3,215,8215,0.486411,0.563408
rc_trial_a33_k3_hn05,3,216,8216,0.567574,0.656966
rc_trial_a33_k3_hn05,3,217,8217,0.493141,0.789047
rc_trial_a33_k3_hn05,3,218,8218,0.287876,0.224294
rc_trial_a33_k3_hn05,3,219,8219,0.0839476,0.118482
rc_trial_a33_k3_hn05,3,220,8220,0.0998518,0.117621
rc_trial_a33_k3_hn05,3,221,8221,0.389308,0.130206
rc_trial_a33_k3_hn05,3,222,8222,0.328759,0.0962264
rc_trial_a33_k3_hn05,3,223,8223,0.314633,0.330205
rc_trial_a33_k3_hn05,3,224,8224,0.104938,0.263055
rc_trial_a33_k3_hn05,3,225,8225,0.550588,0.270366
rc_trial_a33_k3_hn05,3,226,8226,0.379874,0.170498
rc_trial_a33_k3_hn05,3,227,8227,0.743254,0.272512
rc_trial_a33_k3_hn05,3,228,8228,0.601987,0.253957
rc_trial_a33_k3_hn05,3,229,8229,0.720487,0.747211
rc_trial_a33_k3_hn05,3,230,8230,0.714079,0.74666
rc_trial_a33_k3_hn05,3,231,8231,0.817852,0.600446
rc_trial_a33_k3_hn05,3,232,8232,0.486991,0.641421
rc_trial_a33_k3_hn05,3,233,8233,0.30116,0.461973
rc_trial_a33_k3_hn05,3,234,8234,0.570567,0.890424
rc_trial_a33_k3_hn05,3,235,8235,0.543977,0.919637
rc_trial_a33_k3_hn05,3,236,8236,0.604844,0.381438
rc_trial_a33_k3_hn05,3,237,8237,0.329674,0.420138
rc_trial_a33_k3_hn05,3,238,8238,0.647181,0.387353
rc_trial_a33_k3_hn05,3,239,8239,0.671627,0.576348
rc_trial_a33_k3_hn05,3,240,8240,0.880167,0.557794
rc_trial_a33_k3_hn05,3,241,8241,0.82385,0.462477
rc_trial_a33_k3_hn05,3,242,8242,-0.0678139,0.53183
rc_trial_a33_k3_hn05,3,243,8243,0.145129,0.629469
rc_trial_a33_k3_hn05,3,244,8244,0.398304,0.205008
rc_trial_a33_k3_hn05,3,245,8245,0.394938,0.31777
rc_trial_a33_k3_hn05,3,246,8246,0.450721,0.568535
rc_trial_a33_k3_hn05,3,247,8247,0.558291,0.709578
rc_trial_a33_k3_hn05,3,248,8248,0.303187,0.535105
rc_trial_a33_k3_hn05,3,249,8249,0.223553,0.223662
rc_trial_a33_k3_hn05,3,250,8250,0.208397,0.183064
rc_trial_a33_k3_hn05,3,251,8251,0.0820224,0.168286
rc_trial_a33_k3_hn05,3,252,8252,0.338306,0.295271
rc_trial_a33_k3_hn05,3,253,8253,0.380663,0.17484
rc_trial_a33_k3_hn05,3,254,8254,0.409346,0.173644
rc_trial_a33_k3_hn05,3,255,8255,-0.0995889,0.900189
rc_trial_a33_k3_hn05,3,256,8256,0.0186547,0.641665
rc_trial_a33_k3_hn05,3,257,8257,-0.149045,0.848968
rc_trial_a33_k3_hn05,3,258,8258,0.0617793,0.71322
rc_trial_a33_k3_hn05,3,259,8259,0.801545,0.328268
rc_trial_a33_k3_hn05,3,260,8260,0.594223,0.428599
rc_trial_a33_k3_hn05,3,261,8261,0.660387,0.282448
rc_trial_a33_k3_hn05,3,262,8262,0.222532,0.745099
rc_trial_a33_k3_hn05,3,263,8263,0.500272,0.339704
rc_trial_a33_k3_hn05,3,264,8264,0.721074,0.387577
rc_trial_a33_k3_hn05,3,265,8265,0.46373,0.393822
rc_trial_a33_k3_hn05,3,266,8266,0.321599,0.496481
rc_trial_a33_k3_hn05,3,267,8267,0.440421,0.526165
rc_trial_a33_k3_hn05,3,268,8268,0.421009,0.246328
rc_trial_a33_k3_hn05,3,269,8269,0.638541,0.29136
rc_trial_a33_k3_hn05,3,270,8270,0.596653,0.34911
rc_trial_a33_k3_hn05,3,271,8271,1.29811,0.777898
rc_trial_a33_k3_hn05,3,272,8272,0.0803566,0.212421
rc_trial_a33_k3_hn05,3,273,8273,0.588818,0.375363
rc_trial_a33_k3_hn05,3,274,8274,0.51123,0.69435
rc_trial_a33_k3_hn05,3,275,8275,0.413533,0.357492
rc_trial_a33_k3_hn05,3,276,8276,0.479153,0.34496
rc_trial_a33_k3_hn05,3,277,8277,0.323773,0.491067
rc_trial_a33_k3_hn05,3,278,8278,0.320216,0.38882100000000003
rc_trial_a33_k3_hn05,3,279,8279,0.303567,0.513989
rc_trial_a33_k3_hn05,3,280,8280,0.417251,0.469685
rc_trial_a33_k3_hn05,3,281,8281,0.3808,0.256507
rc_trial_a33_k3_hn05,3,282,8282,0.218992,0.224582
rc_trial_a33_k3_hn05,3,283,8283,0.29898,0.202301
rc_trial_a33_k3_hn05,3,284,8284,0.250899,0.301212
rc_trial_a33_k3_hn05,3,285,8285,0.18765,0.148824
rc_trial_a33_k3_hn05,3,286,8286,0.360364,0.688312
rc_trial_a33_k3_hn05,3,287,8287,0.587382,0.456861
rc_trial_a33_k3_hn05,3,288,8288,0.230628,0.319038
rc_trial_a33_k3_hn05,3,289,8289,0.0192777,0.4434
rc_trial_a33_k3_hn05,3,290,8290,-0.0912793,0.604056
rc_trial_a33_k3_hn05,3,291,8291,0.294953,0.383341
rc_trial_a33_k3_hn05,3,292,8292,0.329519,0.451401
rc_trial_a33_k3_hn05,3,293,8293,0.33884,0.388428
rc_trial_a33_k3_hn05,3,294,8294,0.180426,0.185348
rc_trial_a33_k3_hn05,3,295,8295,0.197685,0.610809
rc_trial_a33_k3_hn05,3,296,8296,0.221482,0.555474
rc_trial_a33_k3_hn05,3,297,8297,0.00838402,0.632127
rc_trial_a33_k3_hn05,3,298,8298,0.0185482,0.65916
rc_trial_a33_k3_hn05,3,299,8299,0.142614,0.629457
rc_trial_a33_k3_hn05,3,300,8300,-0.409235,0.459643
rc_trial_a33_k3_hn05,3,301,8301,0.843598,0.563183
rc_trial_a33_k3_hn05,3,302,8302,0.357629,0.148155
rc_trial_a33_k3_hn05,3,303,8303,0.274541,0.145395
rc_trial_a33_k3_hn05,3,304,8304,0.400865,0.383411
rc_trial_a33_k3_hn05,3,305,8305,0.500866,0.441182
rc_trial_a33_k3_hn05,3,306,8306,0.678614,0.226246
rc_trial_a33_k3_hn05,3,307,8307,0.679802,0.315108
rc_trial_a33_k3_hn05,3,308,8308,0.689359,0.438602
rc_trial_a33_k3_hn05,3,309,8309,0.744527,0.447745
rc_trial_a33_k3_hn05,3,310,8310,0.180003,0.182418
rc_trial_a33_k3_hn05,3,311,8311,0.0907304,0.249849
rc_trial_a33_k3_hn05,3,312,8312,0.384759,0.333998
rc_trial_a33_k3_hn05,3,313,8313,0.554804,0.684913
rc_trial_a33_k3_hn05,3,314,8314,0.46069,0.709535
rc_trial_a33_k3_hn05,3,315,8315,0.745617,0.601946
rc_trial_a33_k3_hn05,3,316,8316,0.68352,0.768201
rc_trial_a33_k3_hn05,3,317,8317,0.364318,0.470627
rc_trial_a33_k3_hn05,3,318,8318,0.588546,0.781754
rc_trial_a33_k3_hn05,3,319,8319,0.606973,0.453974
rc_trial_a33_k3_hn05,3,320,8320,0.587834,0.433491
rc_trial_a33_k3_hn05,3,321,8321,0.45977,0.510074
rc_trial_a33_k3_hn05,3,322,8322,0.343491,0.607015
rc_trial_a33_k3_hn05,3,323,8323,0.264318,0.362054
rc_trial_a33_k3_hn05,3,324,8324,1.01639,0.687051
rc_trial_a33_k3_hn05,3,325,8325,0.163911,0.452226
rc_trial_a33_k3_hn05,3,326,8326,0.164934,0.403939
rc_trial_a33_k3_hn05,3,327,8327,0.12077,0.512857
rc_trial_a33_k3_hn05,3,328,8328,-0.342018,0.892428
rc_trial_a33_k3_hn05,3,329,8329,0.750424,0.416732
rc_trial_a33_k3_hn05,3,330,8330,0.726984,0.934637
rc_trial_a33_k3_hn05,3,331,8331,1.12027,0.595798
rc_trial_a33_k3_hn05,3,332,8332,1.1434,0.670218
rc_trial_a33_k3_hn05,3,333,8333,0.43335,0.212804
rc_trial_a33_k3_hn05,3,334,8334,0.579209,0.731925
rc_trial_a33_k3_hn05,3,335,8335,0.683925,0.336438
rc_trial_a33_k3_hn05,3,336,8336,-0.101022,0.417216
rc_trial_a33_k3_hn05,3,337,8337,0.542726,0.353228
rc_trial_a33_k3_hn05,3,338,8338,1.01538,0.697926
rc_trial_a33_k3_hn05,3,339,8339,0.865942,0.583503
rc_trial_a33_k3_hn05,3,340,8340,0.837296,0.513876
rc_trial_a33_k3_hn05,3,341,8341,0.364975,0.606948
rc_trial_a33_k3_hn05,3,342,8342,0.471654,0.962446
rc_trial_a33_k3_hn05,3,343,8343,0.234844,0.38616
rc_trial_a33_k3_hn05,3,344,8344,0.0118581,0.354467
rc_trial_a33_k3_hn05,3,345,8345,-0.034691,0.292955
rc_trial_a33_k3_hn05,3,346,8346,0.167288,0.18724
rc_trial_a33_k3_hn05,3,347,8347,0.170387,0.166991
rc_trial_a33_k3_hn05,3,348,8348,0.272614,0.152182
rc_trial_a33_k3_hn05,3,349,8349,0.0742513,0.405107
rc_trial_a33_k3_hn05,3,350,8350,0.0483717,0.274336
rc_trial_a33_k3_hn05,3,351,8351,0.201316,0.493458
rc_trial_a33_k3_hn05,3,352,8352,0.342852,0.803002
rc_trial_a33_k3_hn05,3,353,8353,0.28008,0.483145
rc_trial_a33_k3_hn05,3,354,8354,0.467391,0.488742
rc_trial_a33_k3_hn05,3,355,8355,0.265446,0.178699
rc_trial_a33_k3_hn05,3,356,8356,0.427043,0.0618387
rc_trial_a33_k3_hn05,3,357,8357,0.287458,0.182746
rc_trial_a33_k3_hn05,3,358,8358,0.60988,0.823491
rc_trial_a33_k3_hn05,3,359,8359,0.0940915,0.241019
rc_trial_a33_k3_hn05,3,360,8360,0.469848,0.399857
rc_trial_a33_k3_hn05,3,361,8361,0.687331,0.794279
rc_trial_a33_k3_hn05,3,362,8362,0.692754,0.6868
rc_trial_a33_k3_hn05,3,363,8363,0.193712,0.37008
rc_trial_a33_k3_hn05,3,364,8364,0.466925,0.200897
rc_trial_a33_k3_hn05,3,365,8365,0.497512,0.276701
rc_trial_a33_k3_hn05,3,366,8366,0.321152,0.194298
rc_trial_a33_k3_hn05,3,367,8367,0.385164,0.421378
rc_trial_a33_k3_hn05,3,368,8368,0.413989,0.4084
rc_trial_a33_k3_hn05,3,369,8369,0.568827,0.529793
rc_trial_a33_k3_hn05,3,370,8370,0.643125,0.503785
rc_trial_a33_k3_hn05,3,371,8371,0.618947,0.541942
rc_trial_a33_k3_hn05,3,372,8372,0.594287,0.704306
rc_trial_a33_k3_hn05,3,373,8373,0.57976,0.677796
rc_trial_a33_k3_hn05,3,374,8374,-0.0441866,0.297985
rc_trial_a33_k3_hn05,3,375,8375,0.0886162,0.729285
rc_trial_a33_k3_hn05,3,376,8376,0.291456,0.572457
rc_trial_a33_k3_hn05,3,377,8377,0.192504,0.706287
rc_trial_a33_k3_hn05,3,378,8378,0.17229,0.671467
rc_trial_a33_k3_hn05,3,379,8379,0.552035,0.351108
rc_trial_a33_k3_hn05,3,380,8380,0.490102,0.256644
rc_trial_a33_k3_hn05,3,381,8381,0.120363,0.344223
rc_trial_a33_k3_hn05,3,382,8382,0.275129,0.534998
rc_trial_a33_k3_hn05,3,383,8383,0.383324,0.54268
rc_trial_a33_k3_hn05,3,384,8384,0.315537,0.78697
rc_trial_a33_k3_hn05,3,385,8385,0.20349,0.580883
rc_trial_a33_k3_hn05,3,386,8386,0.148717,0.335731
rc_trial_a33_k3_hn05,3,387,8387,0.139919,0.322426
rc_trial_a33_k3_hn05,3,388,8388,0.190366,0.472928
rc_trial_a33_k3_hn05,3,389,8389,0.177399,0.309904
rc_trial_a33_k3_hn05,3,390,8390,0.119691,0.368418
rc_trial_a33_k3_hn05,3,391,8391,-0.144422,1.18752
rc_trial_a33_k3_hn05,3,392,8392,-0.188152,1.20367
rc_trial_a33_k3_hn05,3,393,8393,-0.247192,0.649436
rc_trial_a33_k3_hn05,3,394,8394,-1.077,1.32511
rc_trial_a33_k3_hn05,3,395,8395,-0.711161,0.561922
rc_trial_a33_k3_hn05,3,396,8396,-0.456909,0.625688
rc_trial_a33_k3_hn05,3,397,8397,-0.498708,0.719998
rc_trial_a33_k3_hn05,3,398,8398,-0.500423,1.03345
rc_trial_a33_k3_hn05,3,399,8399,0.0296638,0.45202
rc_trial_a33_k3_hn05,3,400,8400,-0.215824,0.703526
rc_trial_a33_k3_hn05,3,401,8401,0.0997445,0.176503
rc_trial_a33_k3_hn05,3,402,8402,0.14788,0.865046
rc_trial_a33_k3_hn05,3,403,8403,0.0635198,0.418159
rc_trial_a33_k3_hn05,3,404,8404,0.173125,0.0908099
rc_trial_a33_k3_hn05,3,405,8405,0.101821,0.102621
rc_trial_a33_k3_hn05,3,406,8406,0.488004,0.405873
rc_trial_a33_k3_hn05,3,407,8407,0.300795,0.441951
rc_trial_a33_k3_hn05,3,408,8408,0.245011,0.783382
rc_trial_a33_k3_hn05,3,409,8409,0.462892,0.779934
rc_trial_a33_k3_hn05,3,410,8410,0.506343,0.643939
rc_trial_a33_k3_hn05,3,411,8411,0.674377,0.397193
rc_trial_a33_k3_hn05,3,412,8412,0.445191,0.540142
rc_trial_a33_k3_hn05,3,413,8413,0.493913,0.857805
rc_trial_a33_k3_hn05,3,414,8414,0.591759,0.496968
rc_trial_a33_k3_hn05,3,415,8415,0.544905,0.474841
rc_trial_a33_k3_hn05,3,416,8416,0.27372,0.212882
rc_trial_a33_k3_hn05,3,417,8417,0.414684,0.341008
rc_trial_a33_k3_hn05,3,418,8418,0.20521,0.755174
rc_trial_a33_k3_hn05,3,419,8419,0.38688,0.303064
rc_trial_a33_k3_hn05,3,420,8420,0.273421,0.103498
rc_trial_a33_k3_hn05,3,421,8421,0.15605,0.169492
rc_trial_a33_k3_hn05,3,422,8422,0.0100464,0.651417
rc_trial_a33_k3_hn05,3,423,8423,-0.0494495,0.526028
rc_trial_a33_k3_hn05,3,424,8424,0.152136,0.252173
rc_trial_a33_k3_hn05,3,425,8425,-0.119472,0.238035
rc_trial_a33_k3_hn05,3,426,8426,0.590331,0.811294
rc_trial_a33_k3_hn05,3,427,8427,0.521381,1.03586
rc_trial_a33_k3_hn05,3,428,8428,0.585066,0.871821
rc_trial_a33_k3_hn05,3,429,8429,0.477117,0.529434
rc_trial_a33_k3_hn05,3,430,8430,0.175492,0.391682
rc_trial_a33_k3_hn05,3,431,8431,0.659096,0.483989
rc_trial_a33_k3_hn05,3,432,8432,0.530529,1.16717
rc_trial_a33_k3_hn05,3,433,8433,0.61322,1.17706
rc_trial_a33_k3_hn05,3,434,8434,0.600622,0.60765
rc_trial_a33_k3_hn05,3,435,8435,0.789759,0.855038
rc_trial_a33_k3_hn05,3,436,8436,0.864987,0.860369
rc_trial_a33_k3_hn05,3,437,8437,1.01781,1.18125
rc_trial_a33_k3_hn05,3,438,8438,0.757153,0.65563
rc_trial_a33_k3_hn05,3,439,8439,0.71532,0.579656
rc_trial_a33_k3_hn05,3,440,8440,0.618151,0.610795
rc_trial_a33_k3_hn05,3,441,8441,0.710786,0.460802
rc_trial_a33_k3_hn05,3,442,8442,0.741513,0.634824
rc_trial_a33_k3_hn05,3,443,8443,0.330596,0.508491
rc_trial_a33_k3_hn05,3,444,8444,0.2138,0.55969
rc_trial_a33_k3_hn05,3,445,8445,0.113059,0.654187
rc_trial_a33_k3_hn05,3,446,8446,0.502217,0.115127
rc_trial_a33_k3_hn05,3,447,8447,0.212238,0.19297
rc_trial_a33_k3_hn05,3,448,8448,0.285268,0.345388
rc_trial_a33_k3_hn05,3,449,8449,0.864348,0.470634
rc_trial_a33_k3_hn05,3,450,8450,0.796084,0.511936
rc_trial_a33_k3_hn05,3,451,8451,1.06084,1.02736
rc_trial_a33_k3_hn05,3,452,8452,0.28017,0.220812
rc_trial_a33_k3_hn05,3,453,8453,0.359478,0.0870283
rc_trial_a33_k3_hn05,3,454,8454,0.882662,0.591477
rc_trial_a33_k3_hn05,3,455,8455,1.17073,0.646927
rc_trial_a33_k3_hn05,3,456,8456,0.582627,0.191694
rc_trial_a33_k3_hn05,3,457,8457,-0.0352268,0.492965
rc_trial_a33_k3_hn05,3,458,8458,0.129932,0.324422
rc_trial_a33_k3_hn05,3,459,8459,-0.41483,1.44751
rc_trial_a33_k3_hn05,3,460,8460,-0.319359,1.32116
rc_trial_a33_k3_hn05,3,461,8461,0.491273,0.309517
rc_trial_a33_k3_hn05,3,462,8462,0.856962,0.613069
rc_trial_a33_k3_hn05,3,463,8463,0.274348,0.171972
rc_trial_a33_k3_hn05,3,464,8464,0.477201,0.949573
rc_trial_a33_k3_hn05,3,465,8465,0.617273,0.457324
rc_trial_a33_k3_hn05,3,466,8466,0.564453,0.329703
rc_trial_a33_k3_hn05,3,467,8467,0.147659,0.192755
rc_trial_a33_k3_hn05,3,468,8468,0.375327,0.209421
rc_trial_a33_k3_hn05,3,469,8469,0.350262,0.160855
rc_trial_a33_k3_hn05,3,470,8470,0.355603,0.465386
rc_trial_a33_k3_hn05,3,471,8471,0.503774,0.545724
rc_trial_a33_k3_hn05,3,472,8472,0.658108,0.380046
rc_trial_a33_k3_hn05,3,473,8473,0.825372,0.438802
rc_trial_a33_k3_hn05,3,474,8474,0.77972,0.744294
rc_trial_a33_k3_hn05,3,475,8475,0.697226,0.799319
rc_trial_a33_k3_hn05,3,476,8476,0.949823,0.506979
rc_trial_a33_k3_hn05,3,477,8477,1.58254,0.890749
rc_trial_a33_k3_hn05,3,478,8478,1.53518,0.956329
rc_trial_a33_k3_hn05,3,479,8479,1.60634,1.1723
rc_trial_a33_k3_hn05,3,480,8480,0.934989,0.355613
rc_trial_a33_k3_hn05,3,481,8481,1.04733,1.27752
rc_trial_a33_k3_hn05,3,482,8482,0.476018,0.504182
rc_trial_a33_k3_hn05,3,483,8483,0.509904,0.424204
rc_trial_a33_k3_hn05,3,484,8484,0.258336,0.614991
rc_trial_a33_k3_hn05,3,485,8485,0.257798,0.627641
rc_trial_a33_k3_hn05,3,486,8486,0.934543,0.472069
rc_trial_a33_k3_hn05,3,487,8487,0.830832,0.491321
rc_trial_a33_k3_hn05,3,488,8488,0.242035,0.0752356
rc_trial_a33_k3_hn05,3,489,8489,0.272349,0.243051
rc_trial_a33_k3_hn05,3,490,8490,0.208965,0.228167
rc_trial_a33_k3_hn05,3,491,8491,0.330516,0.0566739
rc_trial_a33_k3_hn05,3,492,8492,0.322087,0.105078
rc_trial_a33_k3_hn05,3,493,8493,0.322954,0.0477349
rc_trial_a33_k3_hn05,3,494,8494,0.435585,0.113857
rc_trial_a33_k3_hn05,3,495,8495,0.400306,0.288348
rc_trial_a33_k3_hn05,3,496,8496,0.23508,0.348551
rc_trial_a33_k3_hn05,3,497,8497,0.371241,0.366998
rc_trial_a33_k3_hn05,3,498,8498,0.442511,0.442519
rc_trial_a33_k3_hn05,3,499,8499,0.362833,0.431723
rc_trial_a33_k3_hn05,3,500,8500,0.528704,0.170966
rc_trial_a33_k3_hn05,3,501,8501,0.344428,0.524963
rc_trial_a33_k3_hn05,3,502,8502,0.33398,0.578056
rc_trial_a33_k3_hn05,3,503,8503,0.627268,0.524068
rc_trial_a33_k3_hn05,3,504,8504,0.319178,0.467147
rc_trial_a33_k3_hn05,3,505,8505,0.294436,0.246953
rc_trial_a33_k3_hn05,3,506,8506,0.388311,0.315811
rc_trial_a33_k3_hn05,3,507,8507,0.487325,0.448115
rc_trial_a33_k3_hn05,3,508,8508,0.095064,0.585862
rc_trial_a33_k3_hn05,3,509,8509,0.163219,0.675214
rc_trial_a33_k3_hn05,3,510,8510,0.598401,0.495055
rc_trial_a33_k3_hn05,3,511,8511,1.01135,0.568032
rc_trial_a33_k3_hn05,3,512,8512,0.822945,0.480996
rc_trial_a33_k3_hn05,3,513,8513,0.283478,0.62588
rc_trial_a33_k3_hn05,3,514,8514,-7.37211e-4,0.326057
rc_trial_a33_k3_hn05,3,515,8515,0.256995,0.19783800000000001
rc_trial_a33_k3_hn05,3,516,8516,0.116442,0.218285
rc_trial_a33_k3_hn05,3,517,8517,0.724525,0.465802
rc_trial_a33_k3_hn05,3,518,8518,0.833027,0.261859
rc_trial_a33_k3_hn05,3,519,8519,0.841744,0.455798
rc_trial_a33_k3_hn05,3,520,8520,0.498256,0.454218
rc_trial_a33_k3_hn05,3,521,8521,0.530458,0.451506
rc_trial_a33_k3_hn05,3,522,8522,0.634537,0.328437
rc_trial_a33_k3_hn05,3,523,8523,0.476327,0.310368
rc_trial_a33_k3_hn05,3,524,8524,0.946263,0.740327
rc_trial_a33_k3_hn05,3,525,8525,0.770047,0.714916
rc_trial_a33_k3_hn05,3,526,8526,0.888021,0.973734
rc_trial_a33_k3_hn05,3,527,8527,0.359498,0.217393
rc_trial_a33_k3_hn05,3,528,8528,0.432955,0.241655
rc_trial_a33_k3_hn05,3,529,8529,0.6151,0.570215
rc_trial_a33_k3_hn05,3,530,8530,0.742158,0.413338
rc_trial_a33_k3_hn05,3,531,8531,0.561938,0.477565
rc_trial_a33_k3_hn05,3,532,8532,0.546544,0.503486
rc_trial_a33_k3_hn05,3,533,8533,0.301244,0.293324
rc_trial_a33_k3_hn05,3,534,8534,0.486848,0.412369
rc_trial_a33_k3_hn05,3,535,8535,0.415583,0.394039
rc_trial_a33_k3_hn05,3,536,8536,0.51109,0.400283
rc_trial_a33_k3_hn05,3,537,8537,0.513925,0.491002
rc_trial_a33_k3_hn05,3,538,8538,0.755919,0.554501
rc_trial_a33_k3_hn05,3,539,8539,0.578668,0.531141
rc_trial_a33_k3_hn05,3,540,8540,0.355195,0.831941
rc_trial_a33_k3_hn05,3,541,8541,0.343449,0.829182
rc_trial_a33_k3_hn05,3,542,8542,0.415772,0.890535
rc_trial_a33_k3_hn05,3,543,8543,0.388111,0.61284
rc_trial_a33_k3_hn05,3,544,8544,0.996973,0.60983
rc_trial_a33_k3_hn05,3,545,8545,0.671747,0.551277
rc_trial_a33_k3_hn05,3,546,8546,0.745874,0.645868
rc_trial_a33_k3_hn05,3,547,8547,0.0816705,0.479569
rc_trial_a33_k3_hn05,3,548,8548,0.331544,0.337217
rc_trial_a33_k3_hn05,3,549,8549,0.151733,0.213645
rc_trial_a33_k3_hn05,3,550,8550,0.262859,0.190864
rc_trial_a33_k3_hn05,3,551,8551,0.254999,0.208213
rc_trial_a33_k3_hn05,3,552,8552,0.306176,0.209041
rc_trial_a33_k3_hn05,3,553,8553,0.0969829,0.233998
rc_trial_a33_k3_hn05,3,554,8554,0.271827,0.130958
rc_trial_a33_k3_hn05,3,555,8555,0.107634,0.150454
rc_trial_a33_k3_hn05,3,556,8556,0.388085,0.165274
rc_trial_a33_k3_hn05,3,557,8557,0.471164,0.292077
rc_trial_a33_k3_hn05,3,558,8558,0.148267,1.14414
rc_trial_a33_k3_hn05,3,559,8559,0.0617913,0.833291
rc_trial_a33_k3_hn05,3,560,8560,-0.0802466,0.452717
rc_trial_a33_k3_hn05,3,561,8561,0.23724,0.154088
rc_trial_a33_k3_hn05,3,562,8562,0.274626,0.289191
rc_trial_a33_k3_hn05,3,563,8563,0.133982,0.153538
rc_trial_a33_k3_hn05,3,564,8564,0.34115,0.590011
rc_trial_a33_k3_hn05,3,565,8565,0.487934,0.962185
rc_trial_a33_k3_hn05,3,566,8566,0.497207,0.406318
rc_trial_a33_k3_hn05,3,567,8567,0.398378,0.458494
rc_trial_a33_k3_hn05,3,568,8568,0.299599,0.23959
rc_trial_a33_k3_hn05,3,569,8569,0.413392,0.268107
rc_trial_a33_k3_hn05,3,570,8570,0.448179,0.271455
rc_trial_a33_k3_hn05,3,571,8571,0.452505,0.388139
rc_trial_a33_k3_hn05,3,572,8572,0.700044,0.660473
rc_trial_a33_k3_hn05,3,573,8573,0.711239,0.795276
rc_trial_a33_k3_hn05,3,574,8574,0.517926,0.805855
rc_trial_a33_k3_hn05,3,575,8575,0.0912484,0.175117
rc_trial_a33_k3_hn05,3,576,8576,0.133981,0.158538
rc_trial_a33_k3_hn05,3,577,8577,0.218343,0.227069
rc_trial_a33_k3_hn05,3,578,8578,0.123579,0.372568
rc_trial_a33_k3_hn05,3,579,8579,0.120402,0.581986
rc_trial_a33_k3_hn05,3,580,8580,-0.00144723,0.383012
rc_trial_a33_k3_hn05,3,581,8581,-0.239644,0.708068
rc_trial_a33_k3_hn05,3,582,8582,-0.331819,0.752405
rc_trial_a33_k3_hn05,3,583,8583,0.541728,0.517123
rc_trial_a33_k3_hn05,3,584,8584,0.619693,0.379243
rc_trial_a33_k3_hn05,3,585,8585,0.418535,0.612187
rc_trial_a33_k3_hn05,3,586,8586,0.388998,0.500132
rc_trial_a33_k3_hn05,3,587,8587,0.455832,0.42163
rc_trial_a33_k3_hn05,3,588,8588,0.59081,0.755178
rc_trial_a33_k3_hn05,3,589,8589,0.482766,0.413452
rc_trial_a33_k3_hn05,3,590,8590,0.924772,0.509615
rc_trial_a33_k3_hn05,3,591,8591,0.914433,0.496013
rc_trial_a33_k3_hn05,3,592,8592,0.63792,0.342496
rc_trial_a33_k3_hn05,3,593,8593,0.387768,0.233426
rc_trial_a33_k3_hn05,3,594,8594,0.443349,0.164323
rc_trial_a33_k3_hn05,3,595,8595,0.309067,0.111153
rc_trial_a33_k3_hn05,3,596,8596,0.486258,0.245122
rc_trial_a33_k3_hn05,3,597,8597,0.709251,0.427359
rc_trial_a33_k3_hn05,3,598,8598,0.640475,0.741992
rc_trial_a33_k3_hn05,3,599,8599,0.691346,0.467018
rc_trial_a33_k3_hn05,3,600,8600,0.770248,0.860428
rc_trial_a33_k3_hn05,3,601,8601,0.733315,1.32868
rc_trial_a33_k3_hn05,3,602,8602,0.810951,0.623753
rc_trial_a33_k3_hn05,3,603,8603,0.984669,0.95363
rc_trial_a33_k3_hn05,3,604,8604,0.599419,0.529886
rc_trial_a33_k3_hn05,3,605,8605,0.155675,1.07176
rc_trial_a33_k3_hn05,3,606,8606,0.579144,0.423167
rc_trial_a33_k3_hn05,3,607,8607,0.620547,0.43987
rc_trial_a33_k3_hn05,3,608,8608,0.299549,0.277518
rc_trial_a33_k3_hn05,3,609,8609,0.325084,0.0690325
rc_trial_a33_k3_hn05,3,610,8610,0.285928,0.0329681
rc_trial_a33_k3_hn05,3,611,8611,0.226714,0.104419
rc_trial_a33_k3_hn05,3,612,8612,0.15335,0.0998046
rc_trial_a33_k3_hn05,3,613,8613,-0.260719,0.320915
rc_trial_a33_k3_hn05,3,614,8614,0.217914,0.228772
rc_trial_a33_k3_hn05,3,615,8615,0.530155,0.341353
rc_trial_a33_k3_hn05,3,616,8616,0.998123,0.638786
rc_trial_a33_k3_hn05,3,617,8617,0.979898,0.79263
rc_trial_a33_k3_hn05,3,618,8618,1.28628,0.723906
rc_trial_a33_k3_hn05,3,619,8619,1.27373,0.672062
rc_trial_a33_k3_hn05,3,620,8620,1.93488,1.11427
rc_trial_a33_k3_hn05,3,621,8621,0.269111,0.212578
rc_trial_a33_k3_hn05,3,622,8622,-0.277267,0.771115
rc_trial_a33_k3_hn05,3,623,8623,-0.106861,0.498873
rc_trial_a33_k3_hn05,3,624,8624,-0.14322,0.72802
rc_trial_a33_k3_hn05,3,625,8625,-0.153323,0.520657
rc_trial_a33_k3_hn05,3,626,8626,-0.0387991,0.626549
rc_trial_a33_k3_hn05,3,627,8627,0.0623681,0.653481
rc_trial_a33_k3_hn05,3,628,8628,0.355578,0.367177
rc_trial_a33_k3_hn05,3,629,8629,0.189532,0.242984
rc_trial_a33_k3_hn05,3,630,8630,0.335415,0.847525
rc_trial_a33_k3_hn05,3,631,8631,0.493877,0.571242
rc_trial_a33_k3_hn05,3,632,8632,0.549128,1.09719
rc_trial_a33_k3_hn05,3,633,8633,0.446266,1.01241
rc_trial_a33_k3_hn05,3,634,8634,0.364836,0.824921
rc_trial_a33_k3_hn05,3,635,8635,0.530682,0.41369
rc_trial_a33_k3_hn05,3,636,8636,0.61696,0.554804
rc_trial_a33_k3_hn05,3,637,8637,0.637681,0.422118
rc_trial_a33_k3_hn05,3,638,8638,-4.55522e-4,0.525125
rc_trial_a33_k3_hn05,3,639,8639,0.264067,0.0927859
rc_trial_a33_k3_hn05,3,640,8640,-0.0909992,0.414641
rc_trial_a33_k3_hn05,3,641,8641,0.00377568,0.545501
rc_trial_a33_k3_hn05,3,642,8642,-0.0135349,0.795034
rc_trial_a33_k3_hn05,3,643,8643,0.39329,0.344369
rc_trial_a33_k3_hn05,3,644,8644,0.215408,0.150699
rc_trial_a33_k3_hn05,3,645,8645,0.203703,0.0644235
rc_trial_a33_k3_hn05,3,646,8646,0.337613,0.100201
rc_trial_a33_k3_hn05,3,647,8647,0.318646,0.0903494
rc_trial_a33_k3_hn05,3,648,8648,0.368023,0.118296
rc_trial_a33_k3_hn05,3,649,8649,0.125025,0.219562
rc_trial_a33_k3_hn05,3,650,8650,-0.0249102,0.275519
rc_trial_a33_k3_hn05,3,651,8651,0.234435,0.261185
rc_trial_a33_k3_hn05,3,652,8652,0.0334952,0.488116
rc_trial_a33_k3_hn05,3,653,8653,0.0231825,0.511143
rc_trial_a33_k3_hn05,3,654,8654,-0.004474,0.856021
rc_trial_a33_k3_hn05,3,655,8655,0.301549,0.786193
rc_trial_a33_k3_hn05,3,656,8656,0.0190851,0.752791
rc_trial_a33_k3_hn05,3,657,8657,0.0444972,0.804094
rc_trial_a33_k3_hn05,3,658,8658,-0.0599629,0.549763
rc_trial_a33_k3_hn05,3,659,8659,-0.242113,0.770576
rc_trial_a33_k3_hn05,3,660,8660,-0.186283,0.978947
rc_trial_a33_k3_hn05,3,661,8661,0.380639,0.396888
rc_trial_a33_k3_hn05,3,662,8662,-0.0512469,0.605099
rc_trial_a33_k3_hn05,3,663,8663,0.0694588,0.594438
rc_trial_a33_k3_hn05,3,664,8664,0.431068,0.408001
rc_trial_a33_k3_hn05,3,665,8665,1.23884,0.731132
rc_trial_a33_k3_hn05,3,666,8666,0.200461,0.129085
rc_trial_a33_k3_hn05,3,667,8667,0.280911,0.144308
rc_trial_a33_k3_hn05,3,668,8668,0.621958,0.257642
rc_trial_a33_k3_hn05,3,669,8669,-0.120039,0.691145
rc_trial_a33_k3_hn05,3,670,8670,0.0559797,0.734367
rc_trial_a33_k3_hn05,3,671,8671,-0.198888,1.34095
rc_trial_a33_k3_hn05,3,672,8672,-0.282891,0.8094
rc_trial_a33_k3_hn05,3,673,8673,-0.2516,0.823951
rc_trial_a33_k3_hn05,3,674,8674,0.11505,0.756453
rc_trial_a33_k3_hn05,3,675,8675,0.191051,0.854811
rc_trial_a33_k3_hn05,3,676,8676,0.454404,0.41258
rc_trial_a33_k3_hn05,3,677,8677,0.302116,0.425511
rc_trial_a33_k3_hn05,3,678,8678,0.329686,0.501218
rc_trial_a33_k3_hn05,3,679,8679,0.435866,0.256824
rc_trial_a33_k3_hn05,3,680,8680,0.565964,0.400991
rc_trial_a33_k3_hn05,3,681,8681,0.691096,0.333032
rc_trial_a33_k3_hn05,3,682,8682,0.385136,0.50797
rc_trial_a33_k3_hn05,3,683,8683,0.209419,0.0763458
rc_trial_a33_k3_hn05,3,684,8684,-0.0318423,0.217675
rc_trial_a33_k3_hn05,3,685,8685,0.181766,0.0490809
rc_trial_a33_k3_hn05,3,686,8686,0.646931,0.62512
rc_trial_a33_k3_hn05,3,687,8687,0.495821,0.887922
rc_trial_a33_k3_hn05,3,688,8688,0.414157,0.454818
rc_trial_a33_k3_hn05,3,689,8689,0.348385,0.517036
rc_trial_a33_k3_hn05,3,690,8690,0.321105,0.171353
rc_trial_a33_k3_hn05,3,691,8691,0.324731,0.573636
rc_trial_a33_k3_hn05,3,692,8692,0.334924,0.655696
rc_trial_a33_k3_hn05,3,693,8693,0.320023,0.307859
rc_trial_a33_k3_hn05,3,694,8694,0.500604,0.514053
rc_trial_a33_k3_hn05,3,695,8695,0.036726,0.96061
rc_trial_a33_k3_hn05,3,696,8696,0.414674,0.335698
rc_trial_a33_k3_hn05,3,697,8697,0.407775,0.37578
rc_trial_a33_k3_hn05,3,698,8698,0.448546,0.355215
rc_trial_a33_k3_hn05,3,699,8699,0.349984,0.240132
rc_trial_a33_k3_hn05,3,700,8700,0.459436,0.301962
rc_trial_a33_k3_hn05,3,701,8701,0.678646,0.878493
rc_trial_a33_k3_hn05,3,702,8702,0.670937,0.774801
rc_trial_a33_k3_hn05,3,703,8703,0.544417,0.599457
rc_trial_a33_k3_hn05,3,704,8704,0.482399,0.384523
rc_trial_a33_k3_hn05,3,705,8705,0.250308,0.20974
rc_trial_a33_k3_hn05,3,706,8706,0.554027,0.170478
rc_trial_a33_k3_hn05,3,707,8707,0.359517,0.129681
rc_trial_a33_k3_hn05,3,708,8708,0.487904,0.199475
rc_trial_a33_k3_hn05,3,709,8709,-0.0710181,0.95144
rc_trial_a33_k3_hn05,3,710,8710,0.370207,0.226621
rc_trial_a33_k3_hn05,3,711,8711,0.512554,0.310136
rc_trial_a33_k3_hn05,3,712,8712,0.290434,0.265084
rc_trial_a33_k3_hn05,3,713,8713,0.264116,0.201383
rc_trial_a33_k3_hn05,3,714,8714,0.419885,0.311186
rc_trial_a33_k3_hn05,3,715,8715,0.00705267,0.274288
rc_trial_a33_k3_hn05,3,716,8716,0.166085,0.165618
rc_trial_a33_k3_hn05,3,717,8717,0.0533249,0.0754166
rc_trial_a33_k3_hn05,3,718,8718,0.0855151,0.0848948
rc_trial_a33_k3_hn05,3,719,8719,-0.219809,0.486594
rc_trial_a33_k3_hn05,3,720,8720,-0.166891,0.475923
rc_trial_a33_k3_hn05,3,721,8721,0.313512,0.384759
rc_trial_a33_k3_hn05,3,722,8722,0.218951,1.04715
rc_trial_a33_k3_hn05,3,723,8723,0.338354,0.624202
rc_trial_a33_k3_hn05,3,724,8724,0.332878,0.633879
rc_trial_a33_k3_hn05,3,725,8725,0.0543332,0.67714
rc_trial_a33_k3_hn05,3,726,8726,0.0455353,0.461833
rc_trial_a33_k3_hn05,3,727,8727,0.286272,0.251488
rc_trial_a33_k3_hn05,3,728,8728,0.259932,0.786636
rc_trial_a33_k3_hn05,3,729,8729,0.269595,0.55177
rc_trial_a33_k3_hn05,3,730,8730,0.20305,0.790192
rc_trial_a33_k3_hn05,3,731,8731,0.250192,0.79531
rc_trial_a33_k3_hn05,3,732,8732,0.350989,0.146682
rc_trial_a33_k3_hn05,3,733,8733,0.349292,0.150368
rc_trial_a33_k3_hn05,3,734,8734,0.403058,0.361695
rc_trial_a33_k3_hn05,3,735,8735,0.842301,0.432362
rc_trial_a33_k3_hn05,3,736,8736,1.09393,0.56317
rc_trial_a33_k3_hn05,3,737,8737,0.737161,0.386321
rc_trial_a33_k3_hn05,3,738,8738,0.346946,0.254322
rc_trial_a33_k3_hn05,3,739,8739,0.628565,0.546496
rc_trial_a33_k3_hn05,3,740,8740,0.770144,0.448895
rc_trial_a33_k3_hn05,3,741,8741,0.958089,0.390203
rc_trial_a33_k3_hn05,3,742,8742,0.835952,0.508679
rc_trial_a33_k3_hn05,3,743,8743,0.975383,0.809514
rc_trial_a33_k3_hn05,3,744,8744,0.88646,0.634866
rc_trial_a33_k3_hn05,3,745,8745,0.972045,0.454166
rc_trial_a33_k3_hn05,3,746,8746,0.343512,0.56472
rc_trial_a33_k3_hn05,3,747,8747,0.0529317,0.311512
rc_trial_a33_k3_hn05,3,748,8748,0.131562,0.26831700000000003
rc_trial_a33_k3_hn05,3,749,8749,0.403559,0.341793
rc_trial_a33_k3_hn05,3,750,8750,0.256151,0.324067
rc_trial_a33_k3_hn05,3,751,8751,0.0857615,0.168717
rc_trial_a33_k3_hn05,3,752,8752,0.380189,0.289088
rc_trial_a33_k3_hn05,3,753,8753,0.252103,0.104131
rc_trial_a33_k3_hn05,3,754,8754,0.174169,0.086951
rc_trial_a33_k3_hn05,3,755,8755,0.427533,0.353245
rc_trial_a33_k3_hn05,3,756,8756,0.125922,0.763294
rc_trial_a33_k3_hn05,3,757,8757,0.0669082,0.444478
rc_trial_a33_k3_hn05,3,758,8758,0.0563601,0.520688
rc_trial_a33_k3_hn05,3,759,8759,0.152783,0.700219
rc_trial_a33_k3_hn05,3,760,8760,0.00678142,0.422271
rc_trial_a33_k3_hn05,3,761,8761,0.284558,0.577144
rc_trial_a33_k3_hn05,3,762,8762,0.462358,0.293921
rc_trial_a33_k3_hn05,3,763,8763,0.354774,0.263306
rc_trial_a33_k3_hn05,3,764,8764,0.0825607,0.152494
rc_trial_a33_k3_hn05,3,765,8765,0.379352,0.15832
rc_trial_a33_k3_hn05,3,766,8766,0.20268,0.194333
rc_trial_a33_k3_hn05,3,767,8767,0.118605,0.127977
rc_trial_a33_k3_hn05,3,768,8768,0.402447,0.397196
rc_trial_a33_k3_hn05,3,769,8769,0.266016,0.350122
rc_trial_a33_k3_hn05,3,770,8770,0.273683,0.464278
rc_trial_a33_k3_hn05,3,771,8771,0.457351,0.243808
rc_trial_a33_k3_hn05,3,772,8772,0.464644,0.538022
rc_trial_a33_k3_hn05,3,773,8773,0.150623,0.161285
rc_trial_a33_k3_hn05,3,774,8774,0.25799,0.18038
rc_trial_a33_k3_hn05,3,775,8775,0.102715,0.311258
rc_trial_a33_k3_hn05,3,776,8776,0.0510717,0.14394
rc_trial_a33_k3_hn05,3,777,8777,0.022773,0.147698
rc_trial_a33_k3_hn05,3,778,8778,0.069426,0.149673
rc_trial_a33_k3_hn05,3,779,8779,0.227692,0.257793
rc_trial_a33_k3_hn05,3,780,8780,0.271341,0.243265
rc_trial_a33_k3_hn05,3,781,8781,0.172203,0.769782
rc_trial_a33_k3_hn05,3,782,8782,0.302713,0.9253
rc_trial_a33_k3_hn05,3,783,8783,0.656928,0.216177
rc_trial_a33_k3_hn05,3,784,8784,0.112218,0.883495
rc_trial_a33_k3_hn05,3,785,8785,0.681811,0.260046
rc_trial_a33_k3_hn05,3,786,8786,0.636345,0.323207
rc_trial_a33_k3_hn05,3,787,8787,0.36569,0.454837
rc_trial_a33_k3_hn05,3,788,8788,0.237495,0.0335319
rc_trial_a33_k3_hn05,3,789,8789,0.415098,0.0395635
rc_trial_a33_k3_hn05,3,790,8790,0.426917,0.166521
rc_trial_a33_k3_hn05,3,791,8791,0.427041,0.190195
rc_trial_a33_k3_hn05,3,792,8792,0.378255,0.271265
rc_trial_a33_k3_hn05,3,793,8793,0.372757,0.318171
rc_trial_a33_k3_hn05,3,794,8794,0.490566,0.216723
rc_trial_a33_k3_hn05,3,795,8795,0.343477,0.260798
rc_trial_a33_k3_hn05,3,796,8796,-0.178792,0.43774
rc_trial_a33_k3_hn05,3,797,8797,-0.110679,0.350968
rc_trial_a33_k3_hn05,3,798,8798,-0.121207,0.287369
rc_trial_a33_k3_hn05,3,799,8799,0.659351,0.324727
rc_trial_a33_k3_hn05,3,800,8800,0.524471,0.372587
rc_trial_a33_k3_hn05,3,801,8801,0.424773,0.304687
rc_trial_a33_k3_hn05,3,802,8802,0.230384,0.619901
rc_trial_a33_k3_hn05,3,803,8803,0.338028,0.221783
rc_trial_a33_k3_hn05,3,804,8804,0.236835,0.156309
rc_trial_a33_k3_hn05,3,805,8805,0.225005,0.194198
rc_trial_a33_k3_hn05,3,806,8806,0.276228,0.305982
rc_trial_a33_k3_hn05,3,807,8807,0.450588,0.365706
rc_trial_a33_k3_hn05,3,808,8808,0.479828,0.456786
rc_trial_a33_k3_hn05,3,809,8809,-0.297631,0.83275
rc_trial_a33_k3_hn05,3,810,8810,-0.311122,0.774394
rc_trial_a33_k3_hn05,3,811,8811,-0.430532,1.08506
rc_trial_a33_k3_hn05,3,812,8812,0.245663,0.527876
rc_trial_a33_k3_hn05,3,813,8813,0.121919,1.23413
rc_trial_a33_k3_hn05,3,814,8814,0.114144,1.06348
rc_trial_a33_k3_hn05,3,815,8815,0.291055,1.11238
rc_trial_a33_k3_hn05,3,816,8816,0.177446,0.175148
rc_trial_a33_k3_hn05,3,817,8817,0.138826,0.178607
rc_trial_a33_k3_hn05,3,818,8818,0.184568,0.096137
rc_trial_a33_k3_hn05,3,819,8819,0.158717,0.102808
rc_trial_a33_k3_hn05,3,820,8820,0.0505414,0.312545
rc_trial_a33_k3_hn05,3,821,8821,0.0122454,0.245448
rc_trial_a33_k3_hn05,3,822,8822,0.130156,0.0194108
rc_trial_a33_k3_hn05,3,823,8823,0.356555,0.0115574
rc_trial_a33_k3_hn05,3,824,8824,0.393239,0.0069501
rc_trial_a33_k3_hn05,3,825,8825,0.243528,0.0306642
rc_trial_a33_k3_hn05,3,826,8826,0.274268,0.152582
rc_trial_a33_k3_hn05,3,827,8827,0.179994,0.0457951
rc_trial_a33_k3_hn05,3,828,8828,0.115441,0.0290878
rc_trial_a33_k3_hn05,3,829,8829,0.207725,0.163962
rc_trial_a33_k3_hn05,3,830,8830,0.262574,0.0146977
rc_trial_a33_k3_hn05,3,831,8831,0.202032,0.0304277
rc_trial_a33_k3_hn05,3,832,8832,0.251131,0.177546
rc_trial_a33_k3_hn05,3,833,8833,0.324862,0.404658
rc_trial_a33_k3_hn05,3,834,8834,-0.0721581,0.955071
rc_trial_a33_k3_hn05,3,835,8835,-0.139195,1.18773
rc_trial_a33_k3_hn05,3,836,8836,0.359364,0.68579
rc_trial_a33_k3_hn05,3,837,8837,0.53219,0.419707
rc_trial_a33_k3_hn05,3,838,8838,0.238333,0.32088
rc_trial_a33_k3_hn05,3,839,8839,0.255456,0.280784
rc_trial_a33_k3_hn05,3,840,8840,0.147923,0.269248
rc_trial_a33_k3_hn05,3,841,8841,0.172441,0.44649
rc_trial_a33_k3_hn05,3,842,8842,0.168706,0.344654
rc_trial_a33_k3_hn05,3,843,8843,0.225479,0.554464
rc_trial_a33_k3_hn05,3,844,8844,0.587678,0.457924
rc_trial_a33_k3_hn05,3,845,8845,0.324355,0.105463
rc_trial_a33_k3_hn05,3,846,8846,0.214608,0.00953747
rc_trial_a33_k3_hn05,3,847,8847,0.187571,0.262738
rc_trial_a33_k3_hn05,3,848,8848,0.467787,0.52921
rc_trial_a33_k3_hn05,3,849,8849,0.494489,0.484889
rc_trial_a33_k3_hn05,3,850,8850,0.203559,0.145982
rc_trial_a33_k3_hn05,3,851,8851,0.448217,0.361277
rc_trial_a33_k3_hn05,3,852,8852,0.212912,0.519387
rc_trial_a33_k3_hn05,3,853,8853,0.472718,0.310333
rc_trial_a33_k3_hn05,3,854,8854,0.249248,0.779774
rc_trial_a33_k3_hn05,3,855,8855,-0.14755,0.604751
rc_trial_a33_k3_hn05,3,856,8856,0.209225,0.854441
rc_trial_a33_k3_hn05,3,857,8857,0.294968,0.337928
rc_trial_a33_k3_hn05,3,858,8858,-0.0115598,0.333812
rc_trial_a33_k3_hn05,3,859,8859,-0.0189749,0.656794
rc_trial_a33_k3_hn05,3,860,8860,-0.100338,0.70763
rc_trial_a33_k3_hn05,3,861,8861,-0.0601017,0.730734
rc_trial_a33_k3_hn05,3,862,8862,0.293667,0.51026
rc_trial_a33_k3_hn05,3,863,8863,0.400284,0.689485
rc_trial_a33_k3_hn05,3,864,8864,0.240878,0.517788
rc_trial_a33_k3_hn05,3,865,8865,0.146831,0.328518
rc_trial_a33_k3_hn05,3,866,8866,0.435156,0.029777
rc_trial_a33_k3_hn05,3,867,8867,0.295296,0.0258311
rc_trial_a33_k3_hn05,3,868,8868,0.379438,0.0247752
rc_trial_a33_k3_hn05,3,869,8869,0.362138,0.313034
rc_trial_a33_k3_hn05,3,870,8870,0.363363,0.194826
rc_trial_a33_k3_hn05,3,871,8871,0.575595,0.36804
rc_trial_a33_k3_hn05,3,872,8872,0.674528,0.636391
rc_trial_a33_k3_hn05,3,873,8873,0.597197,0.611661
rc_trial_a33_k3_hn05,3,874,8874,0.847361,0.782768
rc_trial_a33_k3_hn05,3,875,8875,0.902475,0.744262
rc_trial_a33_k3_hn05,3,876,8876,0.909792,0.760056
rc_trial_a33_k3_hn05,3,877,8877,0.676876,0.61062
rc_trial_a33_k3_hn05,3,878,8878,0.178289,0.350492
rc_trial_a33_k3_hn05,3,879,8879,0.593722,0.279878
rc_trial_a33_k3_hn05,3,880,8880,0.0208687,0.989737
rc_trial_a33_k3_hn05,3,881,8881,0.313999,0.140782
rc_trial_a33_k3_hn05,3,882,8882,0.280458,0.364074
rc_trial_a33_k3_hn05,3,883,8883,0.252851,0.237571
rc_trial_a33_k3_hn05,3,884,8884,0.533004,0.978046
rc_trial_a33_k3_hn05,3,885,8885,0.497383,0.826739
rc_trial_a33_k3_hn05,3,886,8886,0.653415,0.746845
rc_trial_a33_k3_hn05,3,887,8887,0.292466,0.805475
rc_trial_a33_k3_hn05,3,888,8888,-0.0345716,0.562933
rc_trial_a33_k3_hn05,3,889,8889,-0.195006,0.796053
rc_trial_a33_k3_hn05,3,890,8890,0.524118,0.547418
rc_trial_a33_k3_hn05,3,891,8891,0.502982,0.481892
rc_trial_a33_k3_hn05,3,892,8892,0.214496,0.351379
rc_trial_a33_k3_hn05,3,893,8893,0.609839,1.10945
rc_trial_a33_k3_hn05,3,894,8894,0.478477,0.498279
rc_trial_a33_k3_hn05,3,895,8895,0.237703,0.403921
rc_trial_a33_k3_hn05,3,896,8896,0.156669,0.26439
rc_trial_a33_k3_hn05,3,897,8897,0.235345,0.17372
rc_trial_a33_k3_hn05,3,898,8898,0.230578,0.277346
rc_trial_a33_k3_hn05,3,899,8899,0.304297,0.285417
rc_trial_a33_k3_hn05,3,900,8900,0.170306,0.283228
rc_trial_a33_k3_hn05,3,901,8901,0.364608,0.178151
rc_trial_a33_k3_hn05,3,902,8902,0.206111,0.332433
rc_trial_a33_k3_hn05,3,903,8903,0.221478,0.383991
rc_trial_a33_k3_hn05,3,904,8904,0.0884261,0.595009
rc_trial_a33_k3_hn05,3,905,8905,-0.015483,0.240762
rc_trial_a33_k3_hn05,3,906,8906,0.945068,0.909359
rc_trial_a33_k3_hn05,3,907,8907,0.203544,0.281676
rc_trial_a33_k3_hn05,3,908,8908,0.183777,0.400599
rc_trial_a33_k3_hn05,3,909,8909,0.32172,0.219882
rc_trial_a33_k3_hn05,3,910,8910,0.732408,0.533951
rc_trial_a33_k3_hn05,3,911,8911,0.747585,0.498125
rc_trial_a33_k3_hn05,3,912,8912,0.793077,0.66839
rc_trial_a33_k3_hn05,3,913,8913,0.212221,0.441869
rc_trial_a33_k3_hn05,3,914,8914,0.825993,0.814491
rc_trial_a33_k3_hn05,3,915,8915,0.471314,0.840522
rc_trial_a33_k3_hn05,3,916,8916,0.416598,0.820228
rc_trial_a33_k3_hn05,3,917,8917,0.516272,0.409649
rc_trial_a33_k3_hn05,3,918,8918,0.445064,0.331304
rc_trial_a33_k3_hn05,3,919,8919,0.475011,0.332322
rc_trial_a33_k3_hn05,3,920,8920,0.295081,0.247683
rc_trial_a33_k3_hn05,3,921,8921,0.303567,0.276
rc_trial_a33_k3_hn05,3,922,8922,0.214487,0.377444
rc_trial_a33_k3_hn05,3,923,8923,0.538108,0.158873
rc_trial_a33_k3_hn05,3,924,8924,0.335217,0.190897
rc_trial_a33_k3_hn05,3,925,8925,0.686604,0.430497
rc_trial_a33_k3_hn05,3,926,8926,0.390412,0.264378
rc_trial_a33_k3_hn05,3,927,8927,0.313452,0.154821
rc_trial_a33_k3_hn05,3,928,8928,0.166116,0.225883
rc_trial_a33_k3_hn05,3,929,8929,0.0973932,0.0161006
rc_trial_a33_k3_hn05,3,930,8930,0.401362,0.0026294
rc_trial_a33_k3_hn05,3,931,8931,0.131756,0.0028538
rc_trial_a33_k3_hn05,3,932,8932,0.422363,6.72756e-4
rc_trial_a33_k3_hn05,3,933,8933,0.11648,0.00258984
rc_trial_a33_k3_hn05,3,934,8934,-0.022529,0.0023543
rc_trial_a33_k3_hn05,3,935,8935,0.0643511,0.00256032
rc_trial_a33_k3_hn05,3,936,8936,0.188139,0.00152592
rc_trial_a33_k3_hn05,3,937,8937,0.289474,0.00155827
rc_trial_a33_k3_hn05,3,938,8938,0.256803,0.00170039
rc_trial_a33_k3_hn05,3,939,8939,0.260404,0.499631
rc_trial_a33_k3_hn05,3,940,8940,0.282066,0.363601
rc_trial_a33_k3_hn05,3,941,8941,0.754546,0.734366
rc_trial_a33_k3_hn05,3,942,8942,0.690553,0.599867
rc_trial_a33_k3_hn05,3,943,8943,0.751622,0.879899
rc_trial_a33_k3_hn05,3,944,8944,0.900245,0.755001
rc_trial_a33_k3_hn05,3,945,8945,0.934207,0.839711
rc_trial_a33_k3_hn05,3,946,8946,0.877115,0.814927
rc_trial_a33_k3_hn05,3,947,8947,0.690185,0.359627
rc_trial_a33_k3_hn05,3,948,8948,0.513171,0.334537
rc_trial_a33_k3_hn05,3,949,8949,0.330047,0.270189
rc_trial_a33_k3_hn05,3,950,8950,0.427911,0.308693
rc_trial_a33_k3_hn05,3,951,8951,0.170204,0.260113
rc_trial_a33_k3_hn05,3,952,8952,0.98659,1.0409
rc_trial_a33_k3_hn05,3,953,8953,0.325442,0.147735
rc_trial_a33_k3_hn05,3,954,8954,0.308728,0.128547
rc_trial_a33_k3_hn05,3,955,8955,0.195335,0.274346
rc_trial_a33_k3_hn05,3,956,8956,0.315411,0.767345
rc_trial_a33_k3_hn05,3,957,8957,0.349048,0.375544
rc_trial_a33_k3_hn05,3,958,8958,0.16865,0.393558
rc_trial_a33_k3_hn05,3,959,8959,0.248514,0.305991
rc_trial_a33_k3_hn05,3,960,8960,0.00151764,0.628737
rc_trial_a33_k3_hn05,3,961,8961,-0.0215052,0.841721
rc_trial_a33_k3_hn05,3,962,8962,0.0985247,0.483775
rc_trial_a33_k3_hn05,3,963,8963,-0.0998895,0.765305
rc_trial_a33_k3_hn05,3,964,8964,-0.103932,0.406513
rc_trial_a33_k3_hn05,3,965,8965,-0.480529,0.633007
rc_trial_a33_k3_hn05,3,966,8966,0.309685,0.590478
rc_trial_a33_k3_hn05,3,967,8967,0.28347,0.625743
rc_trial_a33_k3_hn05,3,968,8968,0.124933,0.620764
rc_trial_a33_k3_hn05,3,969,8969,0.50222,0.644234
rc_trial_a33_k3_hn05,3,970,8970,0.368065,0.643951
rc_trial_a33_k3_hn05,3,971,8971,0.706512,0.536048
rc_trial_a33_k3_hn05,3,972,8972,0.535981,0.307153
rc_trial_a33_k3_hn05,3,973,8973,0.524557,0.305866
rc_trial_a33_k3_hn05,3,974,8974,0.254102,0.403308
rc_trial_a33_k3_hn05,3,975,8975,0.246045,0.346113
rc_trial_a33_k3_hn05,3,976,8976,0.103328,0.205866
rc_trial_a33_k3_hn05,3,977,8977,0.071306,0.274723
rc_trial_a33_k3_hn05,3,978,8978,0.509926,0.253472
rc_trial_a33_k3_hn05,3,979,8979,0.23083,0.943392
rc_trial_a33_k3_hn05,3,980,8980,0.400799,0.363349
rc_trial_a33_k3_hn05,3,981,8981,0.529412,0.67728
rc_trial_a33_k3_hn05,3,982,8982,0.602013,0.510691
rc_trial_a33_k3_hn05,3,983,8983,0.673287,0.736547
rc_trial_a33_k3_hn05,3,984,8984,0.600396,0.610644
rc_trial_a33_k3_hn05,3,985,8985,0.629445,0.240795
rc_trial_a33_k3_hn05,3,986,8986,0.261486,0.094496
rc_trial_a33_k3_hn05,3,987,8987,0.586932,0.174295
rc_trial_a33_k3_hn05,3,988,8988,0.718905,0.345975
rc_trial_a33_k3_hn05,3,989,8989,0.4324,0.307134
rc_trial_a33_k3_hn05,3,990,8990,0.441375,0.297229
rc_trial_a33_k3_hn05,3,991,8991,0.396895,0.240208
rc_trial_a33_k3_hn05,3,992,8992,0.205607,0.34009
rc_trial_a33_k3_hn05,3,993,8993,0.0492982,0.146441
rc_trial_a33_k3_hn05,3,994,8994,0.561967,0.422333
rc_trial_a33_k3_hn05,3,995,8995,0.82024,0.626552
rc_trial_a33_k3_hn05,3,996,8996,0.751163,0.622558
rc_trial_a33_k3_hn05,3,997,8997,0.898565,0.553121
rc_trial_a33_k3_hn05,3,998,8998,0.987818,0.519339
rc_trial_a33_k3_hn05,3,999,8999,1.31475,0.874959
rc_trial_a33_k3_hn05,3,1000,9000,1.35477,0.707495
rc_trial_a33_k3_hn05,3,1001,9001,0.994326,0.464171
rc_trial_a33_k3_hn05,3,1002,9002,0.441224,0.517816
rc_trial_a33_k3_hn05,3,1003,9003,0.177075,0.25486
rc_trial_a33_k3_hn05,3,1004,9004,0.221554,0.0392425
rc_trial_a33_k3_hn05,3,1005,9005,0.882685,0.390707
rc_trial_a33_k3_hn05,3,1006,9006,0.306036,0.114707
rc_trial_a33_k3_hn05,3,1007,9007,0.833139,0.511446
rc_trial_a33_k3_hn05,3,1008,9008,0.490636,0.33852
rc_trial_a33_k3_hn05,3,1009,9009,0.475153,0.277594
rc_trial_a33_k3_hn05,3,1010,9010,0.205546,0.202341
rc_trial_a33_k3_hn05,3,1011,9011,0.0659472,0.399304
rc_trial_a33_k3_hn05,3,1012,9012,0.186837,0.483687
rc_trial_a33_k3_hn05,3,1013,9013,0.0165146,0.290283
rc_trial_a33_k3_hn05,3,1014,9014,0.19645,0.431427
rc_trial_a33_k3_hn05,3,1015,9015,0.320448,0.280401
rc_trial_a33_k3_hn05,3,1016,9016,0.169525,0.0418562
rc_trial_a33_k3_hn05,3,1017,9017,0.340212,0.00540717
rc_trial_a33_k3_hn05,3,1018,9018,0.428116,0.0786113
rc_trial_a33_k3_hn05,3,1019,9019,0.405612,0.0736938
rc_trial_a33_k3_hn05,3,1020,9020,0.421683,0.0254497
rc_trial_a33_k3_hn05,3,1021,9021,0.152733,0.0767332
rc_trial_a33_k3_hn05,3,1022,9022,-0.0910308,0.105239
rc_trial_a33_k3_hn05,3,1023,9023,0.210842,0.0580578
rc_trial_a33_k3_hn05,3,1024,9024,0.173283,0.0605688
rc_trial_a33_k3_hn05,3,1025,9025,-0.025826000000000002,0.134053
rc_trial_a33_k3_hn05,3,1026,9026,0.39553,0.89986
rc_trial_a33_k3_hn05,3,1027,9027,0.170781,0.376472
rc_trial_a33_k3_hn05,3,1028,9028,0.974345,0.422646
rc_trial_a33_k3_hn05,3,1029,9029,0.618805,0.366286
rc_trial_a33_k3_hn05,3,1030,9030,-0.0353348,0.16985
rc_trial_a33_k3_hn05,3,1031,9031,0.0885522,0.536537
rc_trial_a33_k3_hn05,3,1032,9032,0.0310666,0.460048
rc_trial_a33_k3_hn05,3,1033,9033,0.0505427,0.449189
rc_trial_a33_k3_hn05,3,1034,9034,0.177561,0.443291
rc_trial_a33_k3_hn05,3,1035,9035,0.691022,0.620569
rc_trial_a33_k3_hn05,3,1036,9036,0.903918,0.662006
rc_trial_a33_k3_hn05,3,1037,9037,0.339869,0.393615
rc_trial_a33_k3_hn05,3,1038,9038,0.295453,1.23692
rc_trial_a33_k3_hn05,3,1039,9039,0.402482,0.66585
rc_trial_a33_k3_hn05,3,1040,9040,0.170972,0.720973
rc_trial_a33_k3_hn05,3,1041,9041,0.213969,0.677672
rc_trial_a33_k3_hn05,3,1042,9042,0.203225,0.310619
rc_trial_a33_k3_hn05,3,1043,9043,0.277547,0.215207
rc_trial_a33_k3_hn05,3,1044,9044,0.196373,0.194347
rc_trial_a33_k3_hn05,3,1045,9045,0.188506,0.168532
rc_trial_a33_k3_hn05,3,1046,9046,0.484459,0.180133
rc_trial_a33_k3_hn05,3,1047,9047,0.175327,0.118934
rc_trial_a33_k3_hn05,3,1048,9048,0.201758,0.0723097
rc_trial_a33_k3_hn05,3,1049,9049,0.37252999999999997,0.171431
rc_trial_a33_k3_hn05,3,1050,9050,-0.199295,0.355515
rc_trial_a33_k3_hn05,3,1051,9051,-0.199928,0.364059
rc_trial_a33_k3_hn05,3,1052,9052,0.237087,0.454062
rc_trial_a33_k3_hn05,3,1053,9053,0.186558,0.680911
rc_trial_a33_k3_hn05,3,1054,9054,0.191877,1.02636
rc_trial_a33_k3_hn05,3,1055,9055,0.200974,0.225345
rc_trial_a33_k3_hn05,3,1056,9056,0.339791,0.177912
rc_trial_a33_k3_hn05,3,1057,9057,0.256384,0.14329
rc_trial_a33_k3_hn05,3,1058,9058,0.0954476,0.103144
rc_trial_a33_k3_hn05,3,1059,9059,0.404253,0.332237
rc_trial_a33_k3_hn05,3,1060,9060,0.345483,0.195775
rc_trial_a33_k3_hn05,3,1061,9061,0.242745,0.237598
rc_trial_a33_k3_hn05,3,1062,9062,0.297408,0.419038
rc_trial_a33_k3_hn05,3,1063,9063,0.414803,0.301688
rc_trial_a33_k3_hn05,3,1064,9064,0.440402,1.05783
rc_trial_a33_k3_hn05,3,1065,9065,0.443103,0.350616
rc_trial_a33_k3_hn05,3,1066,9066,0.553836,0.440397
rc_trial_a33_k3_hn05,3,1067,9067,0.455929,0.278366
rc_trial_a33_k3_hn05,3,1068,9068,0.718898,1.23319
rc_trial_a33_k3_hn05,3,1069,9069,0.555174,0.381935
rc_trial_a33_k3_hn05,3,1070,9070,-0.0126751,0.253411
rc_trial_a33_k3_hn05,3,1071,9071,0.905474,0.309309
rc_trial_a33_k3_hn05,3,1072,9072,1.02022,0.553387
rc_trial_a33_k3_hn05,3,1073,9073,1.04434,0.537392
rc_trial_a33_k3_hn05,3,1074,9074,0.69851,0.917858
rc_trial_a33_k3_hn05,3,1075,9075,0.551507,0.472926
rc_trial_a33_k3_hn05,3,1076,9076,0.665133,0.434618
rc_trial_a33_k3_hn05,3,1077,9077,0.53619000000000006,0.576319
rc_trial_a33_k3_hn05,3,1078,9078,0.410607,0.757705
rc_trial_a33_k3_hn05,3,1079,9079,0.570479,1.20174
rc_trial_a33_k3_hn05,3,1080,9080,0.535505,0.672894
rc_trial_a33_k3_hn05,3,1081,9081,0.421422,0.315855
rc_trial_a33_k3_hn05,3,1082,9082,0.305101,0.376625
rc_trial_a33_k3_hn05,3,1083,9083,0.463309,0.319929
rc_trial_a33_k3_hn05,3,1084,9084,0.744137,0.662148
rc_trial_a33_k3_hn05,3,1085,9085,0.399851,0.515552
rc_trial_a33_k3_hn05,3,1086,9086,-0.0535547,0.374553
rc_trial_a33_k3_hn05,3,1087,9087,0.119797,0.662024
rc_trial_a33_k3_hn05,3,1088,9088,0.122361,0.350952
rc_trial_a33_k3_hn05,3,1089,9089,0.0852282,0.607097
rc_trial_a33_k3_hn05,3,1090,9090,0.107929,0.511683
rc_trial_a33_k3_hn05,3,1091,9091,0.208915,0.545578
rc_trial_a33_k3_hn05,3,1092,9092,0.65708,0.468788
rc_trial_a33_k3_hn05,3,1093,9093,0.694509,0.563935
rc_trial_a33_k3_hn05,3,1094,9094,0.643839,0.455335
rc_trial_a33_k3_hn05,3,1095,9095,0.333887,0.400011
rc_trial_a33_k3_hn05,3,1096,9096,0.237003,0.308758
rc_trial_a33_k3_hn05,3,1097,9097,0.219346,0.316907
rc_trial_a33_k3_hn05,3,1098,9098,0.264513,0.314957
rc_trial_a33_k3_hn05,3,1099,9099,0.239337,0.0915005
rc_trial_a33_k3_hn05,3,1100,9100,0.283591,0.0407384
rc_trial_a33_k3_hn05,3,1101,9101,0.508869,1.73313
rc_trial_a33_k3_hn05,3,1102,9102,0.530545,1.05151
rc_trial_a33_k3_hn05,3,1103,9103,0.608529,1.43955
rc_trial_a33_k3_hn05,3,1104,9104,0.700292,0.823508
rc_trial_a33_k3_hn05,3,1105,9105,0.630607,0.490756
rc_trial_a33_k3_hn05,3,1106,9106,0.472204,0.138283
rc_trial_a33_k3_hn05,3,1107,9107,0.455835,0.325768
rc_trial_a33_k3_hn05,3,1108,9108,0.380875,0.0659205
rc_trial_a33_k3_hn05,3,1109,9109,0.260127,0.223441
rc_trial_a33_k3_hn05,3,1110,9110,0.419594,0.687021
rc_trial_a33_k3_hn05,3,1111,9111,0.334772,0.881017
rc_trial_a33_k3_hn05,3,1112,9112,0.327727,0.870849
rc_trial_a33_k3_hn05,3,1113,9113,0.206688,0.557365
rc_trial_a33_k3_hn05,3,1114,9114,0.851568,0.342156
rc_trial_a33_k3_hn05,3,1115,9115,0.953886,0.454381
rc_trial_a33_k3_hn05,3,1116,9116,0.270707,0.690795
rc_trial_a33_k3_hn05,3,1117,9117,0.239989,1.29165
rc_trial_a33_k3_hn05,3,1118,9118,-0.0199575,0.298288
rc_trial_a33_k3_hn05,3,1119,9119,0.974828,0.552656
rc_trial_a33_k3_hn05,3,1120,9120,0.873141,0.49211
rc_trial_a33_k3_hn05,3,1121,9121,0.792013,0.515843
rc_trial_a33_k3_hn05,3,1122,9122,0.636586,0.371719
rc_trial_a33_k3_hn05,3,1123,9123,0.624102,0.461593
rc_trial_a33_k3_hn05,3,1124,9124,0.754478,0.345347
rc_trial_a33_k3_hn05,3,1125,9125,0.115154,1.02341
rc_trial_a33_k3_hn05,3,1126,9126,0.267626,0.536993
rc_trial_a33_k3_hn05,3,1127,9127,0.74925,0.65025
rc_trial_a33_k3_hn05,3,1128,9128,0.705418,0.902764
rc_trial_a33_k3_hn05,3,1129,9129,0.571776,0.518844
rc_trial_a33_k3_hn05,3,1130,9130,0.228786,0.30756
rc_trial_a33_k3_hn05,3,1131,9131,0.738568,0.698568
rc_trial_a33_k3_hn05,3,1132,9132,0.0507407,0.578228
rc_trial_a33_k3_hn05,3,1133,9133,0.0820723,0.436807
rc_trial_a33_k3_hn05,3,1134,9134,0.404242,0.688078
rc_trial_a33_k3_hn05,3,1135,9135,0.344691,0.498536
rc_trial_a33_k3_hn05,3,1136,9136,0.345632,0.864525
rc_trial_a33_k3_hn05,3,1137,9137,0.367986,0.891277
rc_trial_a33_k3_hn05,3,1138,9138,0.242306,0.948937
rc_trial_a33_k3_hn05,3,1139,9139,0.280799,0.733656
rc_trial_a33_k3_hn05,3,1140,9140,0.255215,0.668215
rc_trial_a33_k3_hn05,3,1141,9141,0.0971393,0.520949
rc_trial_a33_k3_hn05,3,1142,9142,0.67421,0.962931
rc_trial_a33_k3_hn05,3,1143,9143,0.766112,0.423108
rc_trial_a33_k3_hn05,3,1144,9144,0.814066,0.617017
rc_trial_a33_k3_hn05,3,1145,9145,0.536193,0.793328
rc_trial_a33_k3_hn05,3,1146,9146,0.517066,0.481843
rc_trial_a33_k3_hn05,3,1147,9147,-0.100449,0.760537
rc_trial_a33_k3_hn05,3,1148,9148,0.061,0.499499
rc_trial_a33_k3_hn05,3,1149,9149,-0.112145,0.832312
rc_trial_a33_k3_hn05,3,1150,9150,0.225486,0.227944
rc_trial_a33_k3_hn05,3,1151,9151,0.0799888,0.844257
rc_trial_a33_k3_hn05,3,1152,9152,0.0168959,0.724515
rc_trial_a33_k3_hn05,3,1153,9153,0.412198,0.662423
rc_trial_a33_k3_hn05,3,1154,9154,0.248267,0.354051
rc_trial_a33_k3_hn05,3,1155,9155,0.389627,0.438657
rc_trial_a33_k3_hn05,3,1156,9156,0.21517,0.352874
rc_trial_a33_k3_hn05,3,1157,9157,0.33727,0.365987
rc_trial_a33_k3_hn05,3,1158,9158,0.127678,0.71362
rc_trial_a33_k3_hn05,3,1159,9159,0.447613,0.146929
rc_trial_a33_k3_hn05,3,1160,9160,0.148141,0.104843
rc_trial_a33_k3_hn05,3,1161,9161,-0.196426,0.648237
rc_trial_a33_k3_hn05,3,1162,9162,0.0340269,0.744625
rc_trial_a33_k3_hn05,3,1163,9163,0.103111,0.723767
rc_trial_a33_k3_hn05,3,1164,9164,0.121078,0.725124
rc_trial_a33_k3_hn05,3,1165,9165,0.137859,0.613772
rc_trial_a33_k3_hn05,3,1166,9166,0.1778,0.567759
rc_trial_a33_k3_hn05,3,1167,9167,0.670225,0.34019
rc_trial_a33_k3_hn05,3,1168,9168,0.902993,0.385729
rc_trial_a33_k3_hn05,3,1169,9169,0.494157,0.306059
rc_trial_a33_k3_hn05,3,1170,9170,0.44075,0.442125
rc_trial_a33_k3_hn05,3,1171,9171,0.461327,0.458259
rc_trial_a33_k3_hn05,3,1172,9172,0.521348,0.511822
rc_trial_a33_k3_hn05,3,1173,9173,0.45026,0.721593
rc_trial_a33_k3_hn05,3,1174,9174,0.55179,0.633336
rc_trial_a33_k3_hn05,3,1175,9175,0.570086,0.772652
rc_trial_a33_k3_hn05,3,1176,9176,0.608531,0.733997
rc_trial_a33_k3_hn05,3,1177,9177,0.490456,0.318791
rc_trial_a33_k3_hn05,3,1178,9178,0.905691,0.449355
rc_trial_a33_k3_hn05,3,1179,9179,0.934299,0.356174
rc_trial_a33_k3_hn05,3,1180,9180,0.401444,0.595481
rc_trial_a33_k3_hn05,3,1181,9181,0.542247,0.404552
rc_trial_a33_k3_hn05,3,1182,9182,0.436785,0.461946
rc_trial_a33_k3_hn05,3,1183,9183,0.646394,0.576129
rc_trial_a33_k3_hn05,3,1184,9184,0.299138,0.504676
rc_trial_a33_k3_hn05,3,1185,9185,0.250598,0.696704
rc_trial_a33_k3_hn05,3,1186,9186,0.330685,0.466974
rc_trial_a33_k3_hn05,3,1187,9187,0.326098,0.340289
rc_trial_a33_k3_hn05,3,1188,9188,-0.46848,0.758473
rc_trial_a33_k3_hn05,3,1189,9189,-0.278202,0.447996
rc_trial_a33_k3_hn05,3,1190,9190,0.0276693,0.522389
rc_trial_a33_k3_hn05,3,1191,9191,0.865528,0.532005
rc_trial_a33_k3_hn05,3,1192,9192,0.941683,0.606548
rc_trial_a33_k3_hn05,3,1193,9193,0.7033,0.414194
rc_trial_a33_k3_hn05,3,1194,9194,0.66768,1.40175
rc_trial_a33_k3_hn05,3,1195,9195,0.308327,0.177807
rc_trial_a33_k3_hn05,3,1196,9196,0.378151,1.09942
rc_trial_a33_k3_hn05,3,1197,9197,0.466907,0.864258
rc_trial_a33_k3_hn05,3,1198,9198,0.388305,1.00421
rc_trial_a33_k3_hn05,3,1199,9199,0.579749,0.474588
rc_trial_a33_k3_hn05,3,1200,9200,0.474237,0.561702
rc_trial_a33_k3_hn05,3,1201,9201,0.46506,0.305327
rc_trial_a33_k3_hn05,3,1202,9202,0.358644,0.301559
rc_trial_a33_k3_hn05,3,1203,9203,0.140946,0.659147
rc_trial_a33_k3_hn05,3,1204,9204,0.653359,0.513607
rc_trial_a33_k3_hn05,3,1205,9205,0.509609,0.142909
rc_trial_a33_k3_hn05,3,1206,9206,0.476616,0.218443
rc_trial_a33_k3_hn05,3,1207,9207,-0.036356,0.394599
rc_trial_a33_k3_hn05,3,1208,9208,-0.0654533,0.551033
rc_trial_a33_k3_hn05,3,1209,9209,-0.168862,0.562465
rc_trial_a33_k3_hn05,3,1210,9210,-0.174127,0.455931
rc_trial_a33_k3_hn05,3,1211,9211,-0.0116834,0.487476
rc_trial_a33_k3_hn05,3,1212,9212,-0.207911,0.249673
rc_trial_a33_k3_hn05,3,1213,9213,-0.214164,0.219071
rc_trial_a33_k3_hn05,3,1214,9214,-0.101711,0.417122
rc_trial_a33_k3_hn05,3,1215,9215,-0.0354846,0.403768
rc_trial_a33_k3_hn05,3,1216,9216,0.0537608,0.513451
rc_trial_a33_k3_hn05,3,1217,9217,0.0184797,0.780024
rc_trial_a33_k3_hn05,3,1218,9218,-0.0257625,1.20057
rc_trial_a33_k3_hn05,3,1219,9219,0.432998,0.212776
rc_trial_a33_k3_hn05,3,1220,9220,0.2555,0.12983
rc_trial_a33_k3_hn05,3,1221,9221,0.411982,0.128745
rc_trial_a33_k3_hn05,3,1222,9222,-0.158396,0.410507
rc_trial_a33_k3_hn05,3,1223,9223,-0.239493,0.370772
rc_trial_a33_k3_hn05,3,1224,9224,-0.168241,0.382286
rc_trial_a33_k3_hn05,3,1225,9225,0.00778831,0.349586
rc_trial_a33_k3_hn05,3,1226,9226,-0.011659600000000001,0.46313
rc_trial_a33_k3_hn05,3,1227,9227,0.736076,0.531744
rc_trial_a33_k3_hn05,3,1228,9228,0.298522,0.389412
rc_trial_a33_k3_hn05,3,1229,9229,0.311685,0.374362
rc_trial_a33_k3_hn05,3,1230,9230,0.314772,0.422737
rc_trial_a33_k3_hn05,3,1231,9231,0.184164,0.00503129
rc_trial_a33_k3_hn05,3,1232,9232,0.0809297,0.00531665
rc_trial_a33_k3_hn05,3,1233,9233,0.121414,0.00760324
rc_trial_a33_k3_hn05,3,1234,9234,0.406023,0.483126
rc_trial_a33_k3_hn05,3,1235,9235,0.444006,0.396362
rc_trial_a33_k3_hn05,3,1236,9236,0.615184,0.227162
rc_trial_a33_k3_hn05,3,1237,9237,0.42235,0.322144
rc_trial_a33_k3_hn05,3,1238,9238,0.37708,0.182065
rc_trial_a33_k3_hn05,3,1239,9239,0.646199,0.711983
rc_trial_a33_k3_hn05,3,1240,9240,-0.181766,0.581522
rc_trial_a33_k3_hn05,3,1241,9241,0.513965,0.265902
rc_trial_a33_k3_hn05,3,1242,9242,0.21924,0.119838
rc_trial_a33_k3_hn05,3,1243,9243,0.0749006,0.504809
rc_trial_a33_k3_hn05,3,1244,9244,-0.120862,0.369721
rc_trial_a33_k3_hn05,3,1245,9245,-0.0802388,0.49327
rc_trial_a33_k3_hn05,3,1246,9246,-0.06732,0.639306
rc_trial_a33_k3_hn05,3,1247,9247,0.33269,0.214377
rc_trial_a33_k3_hn05,3,1248,9248,0.200309,0.190233
rc_trial_a33_k3_hn05,3,1249,9249,0.0724772,0.176885
rc_trial_a33_k3_hn05,3,1250,9250,0.570603,0.430596
rc_trial_a33_k3_hn05,3,1251,9251,0.441353,0.454958
rc_trial_a33_k3_hn05,3,1252,9252,0.555948,1.0485
rc_trial_a33_k3_hn05,3,1253,9253,0.567847,1.09882
rc_trial_a33_k3_hn05,3,1254,9254,0.945662,0.768028
rc_trial_a33_k3_hn05,3,1255,9255,0.725065,0.936918
rc_trial_a33_k3_hn05,3,1256,9256,0.795533,0.443495
rc_trial_a33_k3_hn05,3,1257,9257,0.342005,0.350485
rc_trial_a33_k3_hn05,3,1258,9258,0.126664,0.389797
rc_trial_a33_k3_hn05,3,1259,9259,-0.033012,0.333491
rc_trial_a33_k3_hn05,3,1260,9260,0.0185244,0.302258
rc_trial_a33_k3_hn05,3,1261,9261,0.249442,0.671399
rc_trial_a33_k3_hn05,3,1262,9262,0.348708,0.415598
rc_trial_a33_k3_hn05,3,1263,9263,0.509705,0.399641
rc_trial_a33_k3_hn05,3,1264,9264,0.45816,0.524259
rc_trial_a33_k3_hn05,3,1265,9265,0.454699,0.422356
rc_trial_a33_k3_hn05,3,1266,9266,0.486189,0.562991
rc_trial_a33_k3_hn05,3,1267,9267,0.597103,0.219892
rc_trial_a33_k3_hn05,3,1268,9268,0.343806,0.165377
rc_trial_a33_k3_hn05,3,1269,9269,0.459258,0.173938
rc_trial_a33_k3_hn05,3,1270,9270,0.419274,0.1117
rc_trial_a33_k3_hn05,3,1271,9271,0.376537,0.208981
rc_trial_a33_k3_hn05,3,1272,9272,0.35076,0.288402
rc_trial_a33_k3_hn05,3,1273,9273,0.908054,0.701459
rc_trial_a33_k3_hn05,3,1274,9274,0.677421,0.517085
rc_trial_a33_k3_hn05,3,1275,9275,0.700122,0.592259
rc_trial_a33_k3_hn05,3,1276,9276,0.573423,0.266249
rc_trial_a33_k3_hn05,3,1277,9277,0.553602,0.471373
rc_trial_a33_k3_hn05,3,1278,9278,0.564526,0.574728
rc_trial_a33_k3_hn05,3,1279,9279,0.610176,0.634681
rc_trial_a33_k3_hn05,3,1280,9280,0.663079,1.17578
rc_trial_a33_k3_hn05,3,1281,9281,0.773397,0.811053
rc_trial_a33_k3_hn05,3,1282,9282,0.742075,0.380762
rc_trial_a33_k3_hn05,3,1283,9283,0.692294,0.689716
rc_trial_a33_k3_hn05,3,1284,9284,0.606877,0.730863
rc_trial_a33_k3_hn05,3,1285,9285,0.243676,0.892071
rc_trial_a33_k3_hn05,3,1286,9286,0.511313,0.387698
rc_trial_a33_k3_hn05,3,1287,9287,0.607179,0.621366
rc_trial_a33_k3_hn05,3,1288,9288,0.282297,0.302352
rc_trial_a33_k3_hn05,3,1289,9289,0.852347,0.982221
rc_trial_a33_k3_hn05,3,1290,9290,0.994017,1.29645
rc_trial_a33_k3_hn05,3,1291,9291,0.684537,0.352731
rc_trial_a33_k3_hn05,3,1292,9292,0.69673,0.450068
rc_trial_a33_k3_hn05,3,1293,9293,0.631637,0.327297
rc_trial_a33_k3_hn05,3,1294,9294,1.40643,0.69888
rc_trial_a33_k3_hn05,3,1295,9295,0.793346,0.612555
rc_trial_a33_k3_hn05,3,1296,9296,0.29529,0.700255
rc_trial_a33_k3_hn05,3,1297,9297,0.284103,0.521705
rc_trial_a33_k3_hn05,3,1298,9298,0.150468,0.631647
rc_trial_a33_k3_hn05,3,1299,9299,0.21988,0.807015
rc_trial_a33_k3_hn05,3,1300,9300,0.380349,0.460751
rc_trial_a33_k3_hn05,3,1301,9301,0.155859,0.753653
rc_trial_a33_k3_hn05,3,1302,9302,0.226191,0.617602
rc_trial_a33_k3_hn05,3,1303,9303,0.344878,0.489833
rc_trial_a33_k3_hn05,3,1304,9304,0.284157,0.485248
rc_trial_a33_k3_hn05,3,1305,9305,1.00013,0.667891
rc_trial_a33_k3_hn05,3,1306,9306,0.96684,0.596497
rc_trial_a33_k3_hn05,3,1307,9307,0.776486,0.997831
rc_trial_a33_k3_hn05,3,1308,9308,0.844796,1.08948
rc_trial_a33_k3_hn05,3,1309,9309,0.70758,0.730635
rc_trial_a33_k3_hn05,3,1310,9310,0.436734,0.408445
rc_trial_a33_k3_hn05,3,1311,9311,0.407632,0.216035
rc_trial_a33_k3_hn05,3,1312,9312,0.209679,0.129334
rc_trial_a33_k3_hn05,3,1313,9313,0.527482,0.114252
rc_trial_a33_k3_hn05,3,1314,9314,0.352526,0.0788632
rc_trial_a33_k3_hn05,3,1315,9315,0.158438,0.0556592
rc_trial_a33_k3_hn05,3,1316,9316,0.452805,0.330806
rc_trial_a33_k3_hn05,3,1317,9317,0.184523,0.120869
rc_trial_a33_k3_hn05,3,1318,9318,0.137002,0.118697
rc_trial_a33_k3_hn05,3,1319,9319,0.408351,0.0961957
rc_trial_a33_k3_hn05,3,1320,9320,0.29792,0.151633
rc_trial_a33_k3_hn05,3,1321,9321,0.294248,0.150619
rc_trial_a33_k3_hn05,3,1322,9322,0.164783,0.455035
rc_trial_a33_k3_hn05,3,1323,9323,0.467125,0.406096
rc_trial_a33_k3_hn05,3,1324,9324,0.524591,1.03617
rc_trial_a33_k3_hn05,3,1325,9325,0.755197,0.560157
rc_trial_a33_k3_hn05,3,1326,9326,0.0513789,0.220859
rc_trial_a33_k3_hn05,3,1327,9327,0.268153,0.20711
rc_trial_a33_k3_hn05,3,1328,9328,0.070583,0.605958
rc_trial_a33_k3_hn05,3,1329,9329,0.113463,0.0948438
rc_trial_a33_k3_hn05,3,1330,9330,1.03816,0.922759
rc_trial_a33_k3_hn05,3,1331,9331,0.558225,0.224246
rc_trial_a33_k3_hn05,3,1332,9332,0.997249,0.396427
rc_trial_a33_k3_hn05,3,1333,9333,0.50467,0.203617
rc_trial_a33_k3_hn05,3,1334,9334,0.68447,0.550236
rc_trial_a33_k3_hn05,3,1335,9335,0.659343,0.351196
rc_trial_a33_k3_hn05,3,1336,9336,0.333769,0.123143
rc_trial_a33_k3_hn05,3,1337,9337,0.455189,0.298476
rc_trial_a33_k3_hn05,3,1338,9338,0.802654,0.512436
rc_trial_a33_k3_hn05,3,1339,9339,0.8593,0.487155
rc_trial_a33_k3_hn05,3,1340,9340,0.942144,0.516378
rc_trial_a33_k3_hn05,3,1341,9341,0.253665,0.165716
rc_trial_a33_k3_hn05,3,1342,9342,0.776105,0.418107
rc_trial_a33_k3_hn05,3,1343,9343,0.458067,0.326743
rc_trial_a33_k3_hn05,3,1344,9344,0.211489,0.337431
rc_trial_a33_k3_hn05,3,1345,9345,0.253212,0.31039
rc_trial_a33_k3_hn05,3,1346,9346,0.32599,0.38572
rc_trial_a33_k3_hn05,3,1347,9347,0.801806,0.600619
rc_trial_a33_k3_hn05,3,1348,9348,0.347233,0.452325
rc_trial_a33_k3_hn05,3,1349,9349,0.471531,0.398079
rc_trial_a33_k3_hn05,3,1350,9350,0.0572117,0.262959
rc_trial_a33_k3_hn05,3,1351,9351,0.0955728,0.193515
rc_trial_a33_k3_hn05,3,1352,9352,0.169017,0.182133
rc_trial_a33_k3_hn05,3,1353,9353,0.196084,0.21197
rc_trial_a33_k3_hn05,3,1354,9354,0.431188,0.356217
rc_trial_a33_k3_hn05,3,1355,9355,0.582176,0.6509
rc_trial_a33_k3_hn05,3,1356,9356,0.296868,0.0110433
rc_trial_a33_k3_hn05,3,1357,9357,0.20395,0.0921274
rc_trial_a33_k3_hn05,3,1358,9358,0.326346,0.0085587
rc_trial_a33_k3_hn05,3,1359,9359,0.292889,0.0338009
rc_trial_a33_k3_hn05,3,1360,9360,0.260395,0.0906934
rc_trial_a33_k3_hn05,3,1361,9361,0.181237,0.0928532
rc_trial_a33_k3_hn05,3,1362,9362,0.415163,0.147676
rc_trial_a33_k3_hn05,3,1363,9363,-0.211622,0.233659
rc_trial_a33_k3_hn05,3,1364,9364,0.035716,0.107715
rc_trial_a33_k3_hn05,3,1365,9365,-0.0919094,0.27764
rc_trial_a33_k3_hn05,3,1366,9366,0.0335595,0.219533
rc_trial_a33_k3_hn05,3,1367,9367,0.0620242,0.182739
rc_trial_a33_k3_hn05,3,1368,9368,0.0765134,0.277528
rc_trial_a33_k3_hn05,3,1369,9369,0.0720312,0.262675
rc_trial_a33_k3_hn05,3,1370,9370,0.222819,0.202811
rc_trial_a33_k3_hn05,3,1371,9371,0.174603,0.513657
rc_trial_a33_k3_hn05,3,1372,9372,0.280902,0.452927
rc_trial_a33_k3_hn05,3,1373,9373,0.333719,0.379837
rc_trial_a33_k3_hn05,3,1374,9374,0.337864,0.543409
rc_trial_a33_k3_hn05,3,1375,9375,0.413362,0.596345
rc_trial_a33_k3_hn05,3,1376,9376,0.311948,0.631265
rc_trial_a33_k3_hn05,3,1377,9377,0.441,0.287437
rc_trial_a33_k3_hn05,3,1378,9378,0.503743,0.222947
rc_trial_a33_k3_hn05,3,1379,9379,0.410463,0.222148
rc_trial_a33_k3_hn05,3,1380,9380,0.236466,0.398426
rc_trial_a33_k3_hn05,3,1381,9381,0.364457,0.16297
rc_trial_a33_k3_hn05,3,1382,9382,0.379081,0.171558
rc_trial_a33_k3_hn05,3,1383,9383,0.345216,0.0642682
rc_trial_a33_k3_hn05,3,1384,9384,0.474317,0.0192315
rc_trial_a33_k3_hn05,3,1385,9385,0.382082,0.0193336
rc_trial_a33_k3_hn05,3,1386,9386,0.0204278,0.427244
rc_trial_a33_k3_hn05,3,1387,9387,0.488725,0.0860057
rc_trial_a33_k3_hn05,3,1388,9388,0.359049,0.291029
rc_trial_a33_k3_hn05,3,1389,9389,0.165222,0.470597
rc_trial_a33_k3_hn05,3,1390,9390,0.340024,0.413149
rc_trial_a33_k3_hn05,3,1391,9391,0.330958,0.594626
rc_trial_a33_k3_hn05,3,1392,9392,0.280268,0.680745
rc_trial_a33_k3_hn05,3,1393,9393,-0.102922,0.729423
rc_trial_a33_k3_hn05,3,1394,9394,-0.219419,0.768413
rc_trial_a33_k3_hn05,3,1395,9395,0.515021,0.49713
rc_trial_a33_k3_hn05,3,1396,9396,0.541256,0.464398
rc_trial_a33_k3_hn05,3,1397,9397,1.12471,0.814355
rc_trial_a33_k3_hn05,3,1398,9398,0.761409,0.538894
rc_trial_a33_k3_hn05,3,1399,9399,0.343529,0.573152
rc_trial_a33_k3_hn05,3,1400,9400,-0.159325,0.747685
rc_trial_a33_k3_hn05,3,1401,9401,-0.234448,1.03521
rc_trial_a33_k3_hn05,3,1402,9402,-0.372577,1.00421
rc_trial_a33_k3_hn05,3,1403,9403,-0.331502,1.03438
rc_trial_a33_k3_hn05,3,1404,9404,-0.148178,0.438234
rc_trial_a33_k3_hn05,3,1405,9405,-0.144461,0.809118
rc_trial_a33_k3_hn05,3,1406,9406,0.092518,0.791233
rc_trial_a33_k3_hn05,3,1407,9407,0.172482,0.4973
rc_trial_a33_k3_hn05,3,1408,9408,0.15269,0.396593
rc_trial_a33_k3_hn05,3,1409,9409,0.256705,0.334942
rc_trial_a33_k3_hn05,3,1410,9410,0.192001,0.297375
rc_trial_a33_k3_hn05,3,1411,9411,0.236308,0.752102
rc_trial_a33_k3_hn05,3,1412,9412,0.0133334,0.678887
rc_trial_a33_k3_hn05,3,1413,9413,0.0233653,0.805598
rc_trial_a33_k3_hn05,3,1414,9414,0.366961,0.633564
rc_trial_a33_k3_hn05,3,1415,9415,-0.044626,0.983653
rc_trial_a33_k3_hn05,3,1416,9416,0.238106,0.633765
rc_trial_a33_k3_hn05,3,1417,9417,0.119498,1.01448
rc_trial_a33_k3_hn05,3,1418,9418,0.123547,0.996062
rc_trial_a33_k3_hn05,3,1419,9419,0.148642,0.661144
rc_trial_a33_k3_hn05,3,1420,9420,0.193368,0.333313
rc_trial_a33_k3_hn05,3,1421,9421,-0.0179503,0.49649
rc_trial_a33_k3_hn05,3,1422,9422,-0.0373652,0.451726
rc_trial_a33_k3_hn05,3,1423,9423,0.220112,0.149715
rc_trial_a33_k3_hn05,3,1424,9424,-0.42266,0.395279
rc_trial_a33_k3_hn05,3,1425,9425,-0.387104,0.333278
rc_trial_a33_k3_hn05,3,1426,9426,-0.503758,0.306206
rc_trial_a33_k3_hn05,3,1427,9427,-0.382951,0.690822
rc_trial_a33_k3_hn05,3,1428,9428,-0.42736,0.568159
rc_trial_a33_k3_hn05,3,1429,9429,0.0199857,0.314196
rc_trial_a33_k3_hn05,3,1430,9430,-0.0018636,0.395029
rc_trial_a33_k3_hn05,3,1431,9431,0.35563,0.220975
rc_trial_a33_k3_hn05,3,1432,9432,0.161988,0.151918
rc_trial_a33_k3_hn05,3,1433,9433,0.284127,0.189477
rc_trial_a33_k3_hn05,3,1434,9434,0.301622,0.609722
rc_trial_a33_k3_hn05,3,1435,9435,0.704047,0.679293
rc_trial_a33_k3_hn05,3,1436,9436,0.65543,0.456362
rc_trial_a33_k3_hn05,3,1437,9437,0.242481,0.657188
rc_trial_a33_k3_hn05,3,1438,9438,0.241907,0.695273
rc_trial_a33_k3_hn05,3,1439,9439,0.503158,0.671143
rc_trial_a33_k3_hn05,3,1440,9440,0.45104,0.754658
rc_trial_a33_k3_hn05,3,1441,9441,0.635999,0.449165
rc_trial_a33_k3_hn05,3,1442,9442,0.654099,0.620349
rc_trial_a33_k3_hn05,3,1443,9443,1.11188,0.620007
rc_trial_a33_k3_hn05,3,1444,9444,1.21291,0.701251
rc_trial_a33_k3_hn05,3,1445,9445,0.503231,0.152916
rc_trial_a33_k3_hn05,3,1446,9446,0.721827,0.21629
rc_trial_a33_k3_hn05,3,1447,9447,0.735776,0.308138
rc_trial_a33_k3_hn05,3,1448,9448,0.709974,0.256577
rc_trial_a33_k3_hn05,3,1449,9449,0.894311,0.947297
rc_trial_a33_k3_hn05,3,1450,9450,0.177051,0.0734781
rc_trial_a33_k3_hn05,3,1451,9451,0.081278,0.0919673
rc_trial_a33_k3_hn05,3,1452,9452,0.342952,0.0512407
rc_trial_a33_k3_hn05,3,1453,9453,0.147785,0.179314
rc_trial_a33_k3_hn05,3,1454,9454,0.397108,0.0994201
rc_trial_a33_k3_hn05,3,1455,9455,-0.0766012,0.0426913
rc_trial_a33_k3_hn05,3,1456,9456,0.604224,0.0485205
rc_trial_a33_k3_hn05,3,1457,9457,0.156278,0.0921907
rc_trial_a33_k3_hn05,3,1458,9458,0.444755,0.128234
rc_trial_a33_k3_hn05,3,1459,9459,0.656477,0.328074
rc_trial_a33_k3_hn05,3,1460,9460,1.113,0.608996
rc_trial_a33_k3_hn05,3,1461,9461,0.57318499999999994,0.574631
rc_trial_a33_k3_hn05,3,1462,9462,0.515424,0.466022
rc_trial_a33_k3_hn05,3,1463,9463,0.589194,0.419383
rc_trial_a33_k3_hn05,3,1464,9464,0.133409,0.494231
rc_trial_a33_k3_hn05,3,1465,9465,0.0181358,0.193675
rc_trial_a33_k3_hn05,3,1466,9466,0.0933839,0.809671
rc_trial_a33_k3_hn05,3,1467,9467,-0.0759363,0.711853
rc_trial_a33_k3_hn05,3,1468,9468,0.2478,0.567115
rc_trial_a33_k3_hn05,3,1469,9469,0.46562,0.941852
rc_trial_a33_k3_hn05,3,1470,9470,0.366345,1.0804
rc_trial_a33_k3_hn05,3,1471,9471,0.294726,0.732016
rc_trial_a33_k3_hn05,3,1472,9472,0.503145,0.243053
rc_trial_a33_k3_hn05,3,1473,9473,0.544418,0.229437
rc_trial_a33_k3_hn05,3,1474,9474,0.718724,0.641587
rc_trial_a33_k3_hn05,3,1475,9475,0.742248,1.37394
rc_trial_a33_k3_hn05,3,1476,9476,0.423021,0.0567454
rc_trial_a33_k3_hn05,3,1477,9477,0.367333,0.0505906
rc_trial_a33_k3_hn05,3,1478,9478,0.168647,0.0636392
rc_trial_a33_k3_hn05,3,1479,9479,0.0686458,0.0655522
rc_trial_a33_k3_hn05,3,1480,9480,0.398856,0.0547355
rc_trial_a33_k3_hn05,3,1481,9481,0.405971,0.599285
rc_trial_a33_k3_hn05,3,1482,9482,0.199235,0.332035
rc_trial_a33_k3_hn05,3,1483,9483,0.242774,0.462362
rc_trial_a33_k3_hn05,3,1484,9484,0.0407225,0.281901
rc_trial_a33_k3_hn05,3,1485,9485,0.274983,0.202342
rc_trial_a33_k3_hn05,3,1486,9486,0.187447,0.23028
rc_trial_a33_k3_hn05,3,1487,9487,0.251004,0.221094
rc_trial_a33_k3_hn05,3,1488,9488,0.264696,0.180443
rc_trial_a33_k3_hn05,3,1489,9489,0.119164,0.170167
rc_trial_a33_k3_hn05,3,1490,9490,0.250832,0.260756
rc_trial_a33_k3_hn05,3,1491,9491,0.159574,0.0643626
rc_trial_a33_k3_hn05,3,1492,9492,0.238238,0.271808
rc_trial_a33_k3_hn05,3,1493,9493,0.191196,0.0617818
rc_trial_a33_k3_hn05,3,1494,9494,0.185569,0.100218
rc_trial_a33_k3_hn05,3,1495,9495,0.485675,0.361224
rc_trial_a33_k3_hn05,3,1496,9496,0.439479,0.360825
rc_trial_a33_k3_hn05,3,1497,9497,0.374108,0.333961
rc_trial_a33_k3_hn05,3,1498,9498,0.40872000000000003,0.303413
rc_trial_a33_k3_hn05,3,1499,9499,0.105827,0.4584
rc_trial_a33_k3_hn05,3,1500,9500,0.91453,0.973054
rc_trial_a33_k3_hn05,3,1501,9501,0.444113,0.394306
rc_trial_a33_k3_hn05,3,1502,9502,0.287544,0.464817
rc_trial_a33_k3_hn05,3,1503,9503,0.456333,0.641123
rc_trial_a33_k3_hn05,3,1504,9504,0.542482,0.473826
rc_trial_a33_k3_hn05,3,1505,9505,0.517397,0.468737
rc_trial_a33_k3_hn05,3,1506,9506,0.635271,0.455709
rc_trial_a33_k3_hn05,3,1507,9507,0.349768,0.496693
rc_trial_a33_k3_hn05,3,1508,9508,0.619207,0.859315
rc_trial_a33_k3_hn05,3,1509,9509,0.599585,0.497995
rc_trial_a33_k3_hn05,3,1510,9510,0.198437,0.161086
rc_trial_a33_k3_hn05,3,1511,9511,0.53676,0.153624
rc_trial_a33_k3_hn05,3,1512,9512,0.633608,0.380344
rc_trial_a33_k3_hn05,3,1513,9513,0.513936,0.321758
rc_trial_a33_k3_hn05,3,1514,9514,-0.0109298,0.426136
rc_trial_a33_k3_hn05,3,1515,9515,0.720214,0.468834
rc_trial_a33_k3_hn05,3,1516,9516,0.73498,0.482015
rc_trial_a33_k3_hn05,3,1517,9517,0.752526,0.259109
rc_trial_a33_k3_hn05,3,1518,9518,0.42412,0.448688
rc_trial_a33_k3_hn05,3,1519,9519,0.42898,0.479123
rc_trial_a33_k3_hn05,3,1520,9520,0.466158,0.173873
rc_trial_a33_k3_hn05,3,1521,9521,0.452274,0.313524
rc_trial_a33_k3_hn05,3,1522,9522,0.730631,1.12141
rc_trial_a33_k3_hn05,3,1523,9523,0.475898,0.333267
rc_trial_a33_k3_hn05,3,1524,9524,-0.00861509,0.437588
rc_trial_a33_k3_hn05,3,1525,9525,-0.0145387,0.42859
rc_trial_a33_k3_hn05,3,1526,9526,0.361945,0.374905
rc_trial_a33_k3_hn05,3,1527,9527,0.055059,0.430044
rc_trial_a33_k3_hn05,3,1528,9528,0.417161,0.50636
rc_trial_a33_k3_hn05,3,1529,9529,0.147113,0.165805
rc_trial_a33_k3_hn05,3,1530,9530,0.365434,0.217149
rc_trial_a33_k3_hn05,3,1531,9531,0.389151,0.157326
rc_trial_a33_k3_hn05,3,1532,9532,0.435648,0.243179
rc_trial_a33_k3_hn05,3,1533,9533,0.180056,0.306731
rc_trial_a33_k3_hn05,3,1534,9534,0.17794,0.299219
rc_trial_a33_k3_hn05,3,1535,9535,0.113847,0.148428
rc_trial_a33_k3_hn05,3,1536,9536,0.237471,0.100573
rc_trial_a33_k3_hn05,3,1537,9537,0.250423,0.113544
rc_trial_a33_k3_hn05,3,1538,9538,0.24051,0.221796
rc_trial_a33_k3_hn05,3,1539,9539,0.148432,0.23648
rc_trial_a33_k3_hn05,3,1540,9540,0.0596405,0.520165
rc_trial_a33_k3_hn05,3,1541,9541,-0.00405761,0.474769
rc_trial_a33_k3_hn05,3,1542,9542,0.0114704,0.358251
rc_trial_a33_k3_hn05,3,1543,9543,-0.187162,0.363034
rc_trial_a33_k3_hn05,3,1544,9544,0.342058,1.02458
rc_trial_a33_k3_hn05,3,1545,9545,0.30171,0.568664
rc_trial_a33_k3_hn05,3,1546,9546,0.37511100000000003,1.07321
rc_trial_a33_k3_hn05,3,1547,9547,0.157822,0.196932
rc_trial_a33_k3_hn05,3,1548,9548,0.621308,1.14329
rc_trial_a33_k3_hn05,3,1549,9549,0.648077,0.518935
rc_trial_a33_k3_hn05,3,1550,9550,0.76675,0.531393
rc_trial_a33_k3_hn05,3,1551,9551,0.603335,0.496629
rc_trial_a33_k3_hn05,3,1552,9552,0.372048,0.729641
rc_trial_a33_k3_hn05,3,1553,9553,0.376923,0.526991
rc_trial_a33_k3_hn05,3,1554,9554,0.236044,0.363766
rc_trial_a33_k3_hn05,3,1555,9555,0.380801,0.32181
rc_trial_a33_k3_hn05,3,1556,9556,0.302946,0.393419
rc_trial_a33_k3_hn05,3,1557,9557,-0.0596581,1.05145
rc_trial_a33_k3_hn05,3,1558,9558,-0.0943854,0.859445
rc_trial_a33_k3_hn05,3,1559,9559,-0.1135,0.534756
rc_trial_a33_k3_hn05,3,1560,9560,-0.135897,0.973046
rc_trial_a33_k3_hn05,3,1561,9561,-0.061754,0.797635
rc_trial_a33_k3_hn05,3,1562,9562,-0.150966,0.944111
rc_trial_a33_k3_hn05,3,1563,9563,-0.252316,0.628997
rc_trial_a33_k3_hn05,3,1564,9564,0.228107,0.463014
rc_trial_a33_k3_hn05,3,1565,9565,0.292902,0.755865
rc_trial_a33_k3_hn05,3,1566,9566,0.420033,0.777022
rc_trial_a33_k3_hn05,3,1567,9567,0.222749,0.570702
rc_trial_a33_k3_hn05,3,1568,9568,0.145956,1.08806
rc_trial_a33_k3_hn05,3,1569,9569,0.893184,0.378361
rc_trial_a33_k3_hn05,3,1570,9570,0.770952,0.328788
rc_trial_a33_k3_hn05,3,1571,9571,0.601826,0.442652
rc_trial_a33_k3_hn05,3,1572,9572,0.42233,1.43837
rc_trial_a33_k3_hn05,3,1573,9573,0.181942,0.265974
rc_trial_a33_k3_hn05,3,1574,9574,0.361691,0.555825
rc_trial_a33_k3_hn05,3,1575,9575,0.27626,0.721243
rc_trial_a33_k3_hn05,3,1576,9576,0.293066,0.606795
rc_trial_a33_k3_hn05,3,1577,9577,0.0583397,0.918077
rc_trial_a33_k3_hn05,3,1578,9578,0.0586738,1.11149
rc_trial_a33_k3_hn05,3,1579,9579,-0.0922413,0.222371
rc_trial_a33_k3_hn05,3,1580,9580,-0.137514,0.304325
rc_trial_a33_k3_hn05,3,1581,9581,0.362097,0.507403
rc_trial_a33_k3_hn05,3,1582,9582,0.431079,0.5373
rc_trial_a33_k3_hn05,3,1583,9583,0.032454,0.13075
rc_trial_a33_k3_hn05,3,1584,9584,0.133821,0.22712
rc_trial_a33_k3_hn05,3,1585,9585,0.142846,0.269902
rc_trial_a33_k3_hn05,3,1586,9586,-0.105107,0.322562
rc_trial_a33_k3_hn05,3,1587,9587,0.609438,0.621681
rc_trial_a33_k3_hn05,3,1588,9588,0.62003,0.193028
rc_trial_a33_k3_hn05,3,1589,9589,0.144578,0.277868
rc_trial_a33_k3_hn05,3,1590,9590,0.520731,0.235833
rc_trial_a33_k3_hn05,3,1591,9591,0.00272718,0.0757336
rc_trial_a33_k3_hn05,3,1592,9592,0.355122,0.144845
rc_trial_a33_k3_hn05,3,1593,9593,0.284618,0.0794812
rc_trial_a33_k3_hn05,3,1594,9594,0.225463,0.122138
rc_trial_a33_k3_hn05,3,1595,9595,0.670003,1.1447
rc_trial_a33_k3_hn05,3,1596,9596,0.418064,0.611024
rc_trial_a33_k3_hn05,3,1597,9597,0.410584,0.325056
rc_trial_a33_k3_hn05,3,1598,9598,0.596325,0.451397
rc_trial_a33_k3_hn05,3,1599,9599,0.620334,0.577406
rc_trial_a33_k3_hn05,3,1600,9600,0.913843,0.608392
rc_trial_a33_k3_hn05,3,1601,9601,1.33399,0.589103
rc_trial_a33_k3_hn05,3,1602,9602,1.29902,0.719741
rc_trial_a33_k3_hn05,3,1603,9603,1.31456,0.584127
rc_trial_a33_k3_hn05,3,1604,9604,0.657609,0.48713
rc_trial_a33_k3_hn05,3,1605,9605,0.60009,0.867236
rc_trial_a33_k3_hn05,3,1606,9606,0.50003,0.274686
rc_trial_a33_k3_hn05,3,1607,9607,0.528293,0.439778
rc_trial_a33_k3_hn05,3,1608,9608,0.494894,0.477274
rc_trial_a33_k3_hn05,3,1609,9609,0.454183,0.835962
rc_trial_a33_k3_hn05,3,1610,9610,0.861828,0.442696
rc_trial_a33_k3_hn05,3,1611,9611,0.233426,0.597856
rc_trial_a33_k3_hn05,3,1612,9612,0.0427364,0.793698
rc_trial_a33_k3_hn05,3,1613,9613,0.140771,0.64802
rc_trial_a33_k3_hn05,3,1614,9614,-0.0388985,1.00114
rc_trial_a33_k3_hn05,3,1615,9615,0.447381,0.414499
rc_trial_a33_k3_hn05,3,1616,9616,0.455414,0.248258
rc_trial_a33_k3_hn05,3,1617,9617,0.698876,0.500025
rc_trial_a33_k3_hn05,3,1618,9618,0.683679,0.522593
rc_trial_a33_k3_hn05,3,1619,9619,0.341362,0.263661
rc_trial_a33_k3_hn05,3,1620,9620,0.441836,0.457829
rc_trial_a33_k3_hn05,3,1621,9621,0.355201,0.68144
rc_trial_a33_k3_hn05,3,1622,9622,0.364395,0.695196
rc_trial_a33_k3_hn05,3,1623,9623,0.252771,0.447079
rc_trial_a33_k3_hn05,3,1624,9624,0.312779,0.623872
rc_trial_a33_k3_hn05,3,1625,9625,0.206809,0.301529
rc_trial_a33_k3_hn05,3,1626,9626,0.270335,0.38678
rc_trial_a33_k3_hn05,3,1627,9627,0.0550779,0.127667
rc_trial_a33_k3_hn05,3,1628,9628,0.0227648,0.119362
rc_trial_a33_k3_hn05,3,1629,9629,0.730324,0.358511
rc_trial_a33_k3_hn05,3,1630,9630,0.324731,0.284261
rc_trial_a33_k3_hn05,3,1631,9631,0.717732,0.686326
rc_trial_a33_k3_hn05,3,1632,9632,0.611386,0.300337
rc_trial_a33_k3_hn05,3,1633,9633,0.378845,0.118905
rc_trial_a33_k3_hn05,3,1634,9634,0.252313,0.143561
rc_trial_a33_k3_hn05,3,1635,9635,0.452428,0.307042
rc_trial_a33_k3_hn05,3,1636,9636,0.401925,0.65468
rc_trial_a33_k3_hn05,3,1637,9637,0.124364,0.375875
rc_trial_a33_k3_hn05,3,1638,9638,-0.0223469,0.503225
rc_trial_a33_k3_hn05,3,1639,9639,-0.0700916,0.236784
rc_trial_a33_k3_hn05,3,1640,9640,-0.0462731,0.735005
rc_trial_a33_k3_hn05,3,1641,9641,-0.182726,1.19621
rc_trial_a33_k3_hn05,3,1642,9642,-0.162292,0.813766
rc_trial_a33_k3_hn05,3,1643,9643,-0.261428,1.03765
rc_trial_a33_k3_hn05,3,1644,9644,-0.241872,0.350328
rc_trial_a33_k3_hn05,3,1645,9645,-0.106332,0.421851
rc_trial_a33_k3_hn05,3,1646,9646,0.798874,0.665808
rc_trial_a33_k3_hn05,3,1647,9647,0.811071,0.471823
rc_trial_a33_k3_hn05,3,1648,9648,0.55525,0.308955
rc_trial_a33_k3_hn05,3,1649,9649,0.130192,0.473955
rc_trial_a33_k3_hn05,3,1650,9650,1.45693,0.607739
rc_trial_a33_k3_hn05,3,1651,9651,1.16365,0.335203
rc_trial_a33_k3_hn05,3,1652,9652,0.806539,1.07164
rc_trial_a33_k3_hn05,3,1653,9653,0.868164,1.3498000000000001
rc_trial_a33_k3_hn05,3,1654,9654,0.830843,1.07589
rc_trial_a33_k3_hn05,3,1655,9655,0.620899,0.306035
rc_trial_a33_k3_hn05,3,1656,9656,0.630609,0.327297
rc_trial_a33_k3_hn05,3,1657,9657,0.680007,0.419749
rc_trial_a33_k3_hn05,3,1658,9658,0.782033,0.460579
rc_trial_a33_k3_hn05,3,1659,9659,0.832385,0.781524
rc_trial_a33_k3_hn05,3,1660,9660,0.193402,0.579564
rc_trial_a33_k3_hn05,3,1661,9661,0.394559,0.393401
rc_trial_a33_k3_hn05,3,1662,9662,0.317806,0.345092
rc_trial_a33_k3_hn05,3,1663,9663,0.286057,0.134168
rc_trial_a33_k3_hn05,3,1664,9664,0.261313,0.082
rc_trial_a33_k3_hn05,3,1665,9665,0.289036,0.0256572
rc_trial_a33_k3_hn05,3,1666,9666,0.300024,0.210174
rc_trial_a33_k3_hn05,3,1667,9667,0.903633,0.422544
rc_trial_a33_k3_hn05,3,1668,9668,0.982196,0.342854
rc_trial_a33_k3_hn05,3,1669,9669,0.990051,0.3977
rc_trial_a33_k3_hn05,3,1670,9670,0.136245,0.0477603
rc_trial_a33_k3_hn05,3,1671,9671,0.418842,0.0156275
rc_trial_a33_k3_hn05,3,1672,9672,0.144436,0.0233598
rc_trial_a33_k3_hn05,3,1673,9673,0.398815,0.0685831
rc_trial_a33_k3_hn05,3,1674,9674,0.322918,0.157249
rc_trial_a33_k3_hn05,3,1675,9675,0.329608,0.0844318
rc_trial_a33_k3_hn05,3,1676,9676,0.199364,0.260723
rc_trial_a33_k3_hn05,3,1677,9677,0.426245,0.916764
rc_trial_a33_k3_hn05,3,1678,9678,0.418712,0.77221
rc_trial_a33_k3_hn05,3,1679,9679,0.425555,0.430765
rc_trial_a33_k3_hn05,3,1680,9680,0.483536,0.265091
rc_trial_a33_k3_hn05,3,1681,9681,0.338321,0.409566
rc_trial_a33_k3_hn05,3,1682,9682,0.523245,0.588244
rc_trial_a33_k3_hn05,3,1683,9683,0.181226,0.632911
rc_trial_a33_k3_hn05,3,1684,9684,-0.101669,0.594295
rc_trial_a33_k3_hn05,3,1685,9685,0.302978,0.351936
rc_trial_a33_k3_hn05,3,1686,9686,0.363564,0.422142
rc_trial_a33_k3_hn05,3,1687,9687,0.412806,0.304497
rc_trial_a33_k3_hn05,3,1688,9688,0.511189,0.210733
rc_trial_a33_k3_hn05,3,1689,9689,0.243871,0.522266
rc_trial_a33_k3_hn05,3,1690,9690,-0.0444414,0.359244
rc_trial_a33_k3_hn05,3,1691,9691,0.204175,0.74906
rc_trial_a33_k3_hn05,3,1692,9692,0.157962,0.400338
rc_trial_a33_k3_hn05,3,1693,9693,0.171465,0.478215
rc_trial_a33_k3_hn05,3,1694,9694,1.04865,0.524342
rc_trial_a33_k3_hn05,3,1695,9695,0.25416299999999997,0.232405
rc_trial_a33_k3_hn05,3,1696,9696,0.667285,0.302486
rc_trial_a33_k3_hn05,3,1697,9697,0.338155,0.0288172
rc_trial_a33_k3_hn05,3,1698,9698,0.27433,0.0232268
rc_trial_a33_k3_hn05,3,1699,9699,0.290105,0.0289946
rc_trial_a33_k3_hn05,3,1700,9700,-0.0396775,0.0471106
rc_trial_a33_k3_hn05,3,1701,9701,0.459707,0.179591
rc_trial_a33_k3_hn05,3,1702,9702,0.407255,0.153823
rc_trial_a33_k3_hn05,3,1703,9703,0.111192,0.0919959
rc_trial_a33_k3_hn05,3,1704,9704,0.196822,0.160236
rc_trial_a33_k3_hn05,3,1705,9705,0.292474,0.57283
rc_trial_a33_k3_hn05,3,1706,9706,0.299632,0.115332
rc_trial_a33_k3_hn05,3,1707,9707,0.448331,0.200497
rc_trial_a33_k3_hn05,3,1708,9708,0.254026,0.142329
rc_trial_a33_k3_hn05,3,1709,9709,0.97638,0.731305
rc_trial_a33_k3_hn05,3,1710,9710,0.635962,0.580889
rc_trial_a33_k3_hn05,3,1711,9711,0.646235,0.637036
rc_trial_a33_k3_hn05,3,1712,9712,0.0429182,0.404998
rc_trial_a33_k3_hn05,3,1713,9713,0.693921,0.648164
rc_trial_a33_k3_hn05,3,1714,9714,0.203509,0.366035
rc_trial_a33_k3_hn05,3,1715,9715,0.332595,0.260497
rc_trial_a33_k3_hn05,3,1716,9716,0.423705,0.698168
rc_trial_a33_k3_hn05,3,1717,9717,-0.0563611,0.510673
rc_trial_a33_k3_hn05,3,1718,9718,-0.0847977,0.96301
rc_trial_a33_k3_hn05,3,1719,9719,0.310282,0.75722
rc_trial_a33_k3_hn05,3,1720,9720,0.00927269,0.664582
rc_trial_a33_k3_hn05,3,1721,9721,0.031819,0.867511
rc_trial_a33_k3_hn05,3,1722,9722,0.837654,0.782354
rc_trial_a33_k3_hn05,3,1723,9723,0.851653,0.650432
rc_trial_a33_k3_hn05,3,1724,9724,0.856085,0.491165
rc_trial_a33_k3_hn05,3,1725,9725,0.88754,0.505187
rc_trial_a33_k3_hn05,3,1726,9726,0.979759,0.963434
rc_trial_a33_k3_hn05,3,1727,9727,1.00769,0.683115
rc_trial_a33_k3_hn05,3,1728,9728,0.787977,0.83519
rc_trial_a33_k3_hn05,3,1729,9729,0.157154,0.182177
rc_trial_a33_k3_hn05,3,1730,9730,0.312417,0.877629
rc_trial_a33_k3_hn05,3,1731,9731,0.141045,0.149411
rc_trial_a33_k3_hn05,3,1732,9732,0.512888,0.754033
rc_trial_a33_k3_hn05,3,1733,9733,0.441198,0.710081
rc_trial_a33_k3_hn05,3,1734,9734,0.307522,0.320883
rc_trial_a33_k3_hn05,3,1735,9735,0.432645,0.186333
rc_trial_a33_k3_hn05,3,1736,9736,0.842445,0.432506
rc_trial_a33_k3_hn05,3,1737,9737,0.954759,0.605714
rc_trial_a33_k3_hn05,3,1738,9738,0.956263,0.594654
rc_trial_a33_k3_hn05,3,1739,9739,0.928547,0.619285
rc_trial_a33_k3_hn05,3,1740,9740,0.905388,0.755167
rc_trial_a33_k3_hn05,3,1741,9741,1.05274,1.0883100000000001
rc_trial_a33_k3_hn05,3,1742,9742,0.819738,0.632161
rc_trial_a33_k3_hn05,3,1743,9743,0.830505,1.09913
rc_trial_a33_k3_hn05,3,1744,9744,0.600874,0.527573
rc_trial_a33_k3_hn05,3,1745,9745,0.36696,0.440321
rc_trial_a33_k3_hn05,3,1746,9746,0.364095,0.496423
rc_trial_a33_k3_hn05,3,1747,9747,1.12798,0.804349
rc_trial_a33_k3_hn05,3,1748,9748,0.907608,0.80659
rc_trial_a33_k3_hn05,3,1749,9749,0.256361,0.108668
rc_trial_a33_k3_hn05,3,1750,9750,0.333359,0.204742
rc_trial_a33_k3_hn05,3,1751,9751,0.670473,0.207735
rc_trial_a33_k3_hn05,3,1752,9752,0.61072,0.341265
rc_trial_a33_k3_hn05,3,1753,9753,0.703131,0.177879
rc_trial_a33_k3_hn05,3,1754,9754,0.508992,0.286347
rc_trial_a33_k3_hn05,3,1755,9755,0.620292,0.15532
rc_trial_a33_k3_hn05,3,1756,9756,0.239287,0.0718632
rc_trial_a33_k3_hn05,3,1757,9757,0.0562509,0.267498
rc_trial_a33_k3_hn05,3,1758,9758,0.0954424,0.260456
rc_trial_a33_k3_hn05,3,1759,9759,0.797577,0.915199
rc_trial_a33_k3_hn05,3,1760,9760,0.762785,0.773012
rc_trial_a33_k3_hn05,3,1761,9761,0.413711,0.153196
rc_trial_a33_k3_hn05,3,1762,9762,0.358729,0.225517
rc_trial_a33_k3_hn05,3,1763,9763,0.397034,0.232469
rc_trial_a33_k3_hn05,3,1764,9764,0.277658,0.136171
rc_trial_a33_k3_hn05,3,1765,9765,0.220148,0.0132555
rc_trial_a33_k3_hn05,3,1766,9766,0.346794,0.0484831
rc_trial_a33_k3_hn05,3,1767,9767,0.232902,0.0618313
rc_trial_a33_k3_hn05,3,1768,9768,0.35073,0.14276
rc_trial_a33_k3_hn05,3,1769,9769,0.229123,0.188937
rc_trial_a33_k3_hn05,3,1770,9770,0.703574,0.714131
rc_trial_a33_k3_hn05,3,1771,9771,0.159476,0.149426
rc_trial_a33_k3_hn05,3,1772,9772,0.235161,0.0906062
rc_trial_a33_k3_hn05,3,1773,9773,0.398456,0.381963
rc_trial_a33_k3_hn05,3,1774,9774,0.433119,0.416476
rc_trial_a33_k3_hn05,3,1775,9775,0.452451,0.427085
rc_trial_a33_k3_hn05,3,1776,9776,0.456221,0.151613
rc_trial_a33_k3_hn05,3,1777,9777,0.349612,0.24634
rc_trial_a33_k3_hn05,3,1778,9778,0.737,0.403756
rc_trial_a33_k3_hn05,3,1779,9779,0.575993,0.276941
rc_trial_a33_k3_hn05,3,1780,9780,0.582872,0.271284
rc_trial_a33_k3_hn05,3,1781,9781,0.323038,0.188598
rc_trial_a33_k3_hn05,3,1782,9782,0.571453,0.365401
rc_trial_a33_k3_hn05,3,1783,9783,0.260989,0.340029
rc_trial_a33_k3_hn05,3,1784,9784,0.0296393,0.766001
rc_trial_a33_k3_hn05,3,1785,9785,-0.103648,0.551672
rc_trial_a33_k3_hn05,3,1786,9786,0.388547,0.494606
rc_trial_a33_k3_hn05,3,1787,9787,0.264704,0.407286
rc_trial_a33_k3_hn05,3,1788,9788,0.262126,0.395649
rc_trial_a33_k3_hn05,3,1789,9789,0.607069,0.282052
rc_trial_a33_k3_hn05,3,1790,9790,0.484689,0.406896
rc_trial_a33_k3_hn05,3,1791,9791,0.52292400000000006,0.144289
rc_trial_a33_k3_hn05,3,1792,9792,0.376732,0.0856503
rc_trial_a33_k3_hn05,3,1793,9793,0.14778,0.0395447
rc_trial_a33_k3_hn05,3,1794,9794,0.210021,0.0975674
rc_trial_a33_k3_hn05,3,1795,9795,0.2976,0.0764003
rc_trial_a33_k3_hn05,3,1796,9796,0.406665,0.0304525
rc_trial_a33_k3_hn05,3,1797,9797,0.389361,0.304843
rc_trial_a33_k3_hn05,3,1798,9798,0.647609,0.227162
rc_trial_a33_k3_hn05,3,1799,9799,0.268259,0.306364
rc_trial_a33_k3_hn05,3,1800,9800,0.684852,0.395992
rc_trial_a33_k3_hn05,3,1801,9801,0.164099,0.264779
rc_trial_a33_k3_hn05,3,1802,9802,0.134059,0.812119
rc_trial_a33_k3_hn05,3,1803,9803,-0.0121149,0.8178
rc_trial_a33_k3_hn05,3,1804,9804,-0.0516328,1.03526
rc_trial_a33_k3_hn05,3,1805,9805,-0.0802359,1.0719
rc_trial_a33_k3_hn05,3,1806,9806,-0.156805,0.382576
rc_trial_a33_k3_hn05,3,1807,9807,0.106146,0.57836
rc_trial_a33_k3_hn05,3,1808,9808,0.24991,0.429995
rc_trial_a33_k3_hn05,3,1809,9809,0.374673,0.275217
rc_trial_a33_k3_hn05,3,1810,9810,0.189882,0.12552
rc_trial_a33_k3_hn05,3,1811,9811,0.221956,0.341043
rc_trial_a33_k3_hn05,3,1812,9812,0.164902,0.480529
rc_trial_a33_k3_hn05,3,1813,9813,0.156254,0.479205
rc_trial_a33_k3_hn05,3,1814,9814,0.320773,0.131734
rc_trial_a33_k3_hn05,3,1815,9815,0.52862,0.827748
rc_trial_a33_k3_hn05,3,1816,9816,0.419885,0.539315
rc_trial_a33_k3_hn05,3,1817,9817,0.023715,0.0460256
rc_trial_a33_k3_hn05,3,1818,9818,0.287046,0.103089
rc_trial_a33_k3_hn05,3,1819,9819,0.289427,0.208561
rc_trial_a33_k3_hn05,3,1820,9820,0.270748,0.200012
rc_trial_a33_k3_hn05,3,1821,9821,0.548603,0.0425699
rc_trial_a33_k3_hn05,3,1822,9822,0.211634,0.108622
rc_trial_a33_k3_hn05,3,1823,9823,0.389482,0.0218468
rc_trial_a33_k3_hn05,3,1824,9824,0.440269,0.013274
rc_trial_a33_k3_hn05,3,1825,9825,0.433131,0.0319227
rc_trial_a33_k3_hn05,3,1826,9826,0.228671,0.0245166
rc_trial_a33_k3_hn05,3,1827,9827,0.212554,0.0728424
rc_trial_a33_k3_hn05,3,1828,9828,0.321066,0.0147207
rc_trial_a33_k3_hn05,3,1829,9829,0.229502,0.0100071
rc_trial_a33_k3_hn05,3,1830,9830,-0.0708674,0.269289
rc_trial_a33_k3_hn05,3,1831,9831,0.033061,0.182947
rc_trial_a33_k3_hn05,3,1832,9832,0.0336202,0.277092
rc_trial_a33_k3_hn05,3,1833,9833,0.482148,0.459
rc_trial_a33_k3_hn05,3,1834,9834,0.335527,0.115925
rc_trial_a33_k3_hn05,3,1835,9835,0.296271,0.748569
rc_trial_a33_k3_hn05,3,1836,9836,0.549382,0.471445
rc_trial_a33_k3_hn05,3,1837,9837,-0.0116084,0.431453
rc_trial_a33_k3_hn05,3,1838,9838,0.470181,0.531275
rc_trial_a33_k3_hn05,3,1839,9839,0.509067,0.563233
rc_trial_a33_k3_hn05,3,1840,9840,0.722917,0.813707
rc_trial_a33_k3_hn05,3,1841,9841,0.38226,0.386819
rc_trial_a33_k3_hn05,3,1842,9842,0.185731,0.268771
rc_trial_a33_k3_hn05,3,1843,9843,-0.0387049,0.229182
rc_trial_a33_k3_hn05,3,1844,9844,0.245342,0.0237772
rc_trial_a33_k3_hn05,3,1845,9845,0.280705,0.0326945
rc_trial_a33_k3_hn05,3,1846,9846,0.180444,0.0420598
rc_trial_a33_k3_hn05,3,1847,9847,0.183142,0.325572
rc_trial_a33_k3_hn05,3,1848,9848,0.473536,0.186373
rc_trial_a33_k3_hn05,3,1849,9849,0.30284,0.641599
rc_trial_a33_k3_hn05,3,1850,9850,0.341558,0.0600262
rc_trial_a33_k3_hn05,3,1851,9851,0.380078,0.331203
rc_trial_a33_k3_hn05,3,1852,9852,0.106976,0.0853056
rc_trial_a33_k3_hn05,3,1853,9853,0.165685,0.11507
rc_trial_a33_k3_hn05,3,1854,9854,0.0563495,0.151423
rc_trial_a33_k3_hn05,3,1855,9855,0.105379,0.148562
rc_trial_a33_k3_hn05,3,1856,9856,0.299405,0.0291691
rc_trial_a33_k3_hn05,3,1857,9857,0.277533,0.0153222
rc_trial_a33_k3_hn05,3,1858,9858,0.259409,0.0022589900000000002
rc_trial_a33_k3_hn05,3,1859,9859,0.264014,0.00411702
rc_trial_a33_k3_hn05,3,1860,9860,0.289527,0.228996
rc_trial_a33_k3_hn05,3,1861,9861,0.243798,0.258291
rc_trial_a33_k3_hn05,3,1862,9862,0.346202,0.161866
rc_trial_a33_k3_hn05,3,1863,9863,0.244225,0.0826483
rc_trial_a33_k3_hn05,3,1864,9864,0.21514,0.0871647
rc_trial_a33_k3_hn05,3,1865,9865,0.389597,0.0622145
rc_trial_a33_k3_hn05,3,1866,9866,0.18198,0.084326
rc_trial_a33_k3_hn05,3,1867,9867,0.110729,0.0773349
rc_trial_a33_k3_hn05,3,1868,9868,0.162859,0.0597783
rc_trial_a33_k3_hn05,3,1869,9869,0.299856,0.0807779
rc_trial_a33_k3_hn05,3,1870,9870,0.472223,0.337263
rc_trial_a33_k3_hn05,3,1871,9871,0.183472,0.482177
rc_trial_a33_k3_hn05,3,1872,9872,0.426899,0.47001
rc_trial_a33_k3_hn05,3,1873,9873,0.449901,0.450842
rc_trial_a33_k3_hn05,3,1874,9874,0.400525,0.120358
rc_trial_a33_k3_hn05,3,1875,9875,0.210394,0.00438759
rc_trial_a33_k3_hn05,3,1876,9876,0.0698395,0.462227
rc_trial_a33_k3_hn05,3,1877,9877,0.394619,0.279131
rc_trial_a33_k3_hn05,3,1878,9878,0.203778,0.288854
rc_trial_a33_k3_hn05,3,1879,9879,0.403543,0.206448
rc_trial_a33_k3_hn05,3,1880,9880,0.0594486,0.227768
rc_trial_a33_k3_hn05,3,1881,9881,1.13936,0.451927
rc_trial_a33_k3_hn05,3,1882,9882,1.41144,0.621314
rc_trial_a33_k3_hn05,3,1883,9883,1.38709,0.629582
rc_trial_a33_k3_hn05,3,1884,9884,0.707047,0.773403
rc_trial_a33_k3_hn05,3,1885,9885,0.108347,0.419072
rc_trial_a33_k3_hn05,3,1886,9886,-0.0719592,0.539412
rc_trial_a33_k3_hn05,3,1887,9887,-0.121148,0.828276
rc_trial_a33_k3_hn05,3,1888,9888,0.221931,0.541311
rc_trial_a33_k3_hn05,3,1889,9889,0.138351,0.960884
rc_trial_a33_k3_hn05,3,1890,9890,-0.481822,0.856495
rc_trial_a33_k3_hn05,3,1891,9891,-0.394723,0.819827
rc_trial_a33_k3_hn05,3,1892,9892,0.32725,0.46457
rc_trial_a33_k3_hn05,3,1893,9893,0.373406,0.449715
rc_trial_a33_k3_hn05,3,1894,9894,0.239063,0.394999
rc_trial_a33_k3_hn05,3,1895,9895,0.568575,0.487983
rc_trial_a33_k3_hn05,3,1896,9896,0.411283,0.312196
rc_trial_a33_k3_hn05,3,1897,9897,0.571043,0.314966
rc_trial_a33_k3_hn05,3,1898,9898,0.39076,0.240143
rc_trial_a33_k3_hn05,3,1899,9899,0.644351,0.508221
rc_trial_a33_k3_hn05,3,1900,9900,0.427525,0.60386
rc_trial_a33_k3_hn05,3,1901,9901,0.377353,0.173513
rc_trial_a33_k3_hn05,3,1902,9902,0.459765,0.299317
rc_trial_a33_k3_hn05,3,1903,9903,0.644389,0.347521
rc_trial_a33_k3_hn05,3,1904,9904,0.309242,0.455786
rc_trial_a33_k3_hn05,3,1905,9905,0.256182,0.151925
rc_trial_a33_k3_hn05,3,1906,9906,0.242514,0.203848
rc_trial_a33_k3_hn05,3,1907,9907,0.131561,0.336775
rc_trial_a33_k3_hn05,3,1908,9908,0.0768077,0.225422
rc_trial_a33_k3_hn05,3,1909,9909,0.140559,0.343879
rc_trial_a33_k3_hn05,3,1910,9910,0.256844,0.170873
rc_trial_a33_k3_hn05,3,1911,9911,0.284723,0.00719937
rc_trial_a33_k3_hn05,3,1912,9912,0.304921,0.00366578
rc_trial_a33_k3_hn05,3,1913,9913,0.239356,0.00479183
rc_trial_a33_k3_hn05,3,1914,9914,0.211834,0.0097387
rc_trial_a33_k3_hn05,3,1915,9915,0.0996978,0.0851587
rc_trial_a33_k3_hn05,3,1916,9916,-0.168087,0.29726
rc_trial_a33_k3_hn05,3,1917,9917,0.333245,0.754695
rc_trial_a33_k3_hn05,3,1918,9918,0.769048,0.583912
rc_trial_a33_k3_hn05,3,1919,9919,0.710482,0.908756
rc_trial_a33_k3_hn05,3,1920,9920,0.281131,0.424691
rc_trial_a33_k3_hn05,3,1921,9921,0.321481,0.504861
rc_trial_a33_k3_hn05,3,1922,9922,0.416346,0.351809
rc_trial_a33_k3_hn05,3,1923,9923,0.78657,0.566787
rc_trial_a33_k3_hn05,3,1924,9924,1.32103,0.68928
rc_trial_a33_k3_hn05,3,1925,9925,0.582937,0.753612
rc_trial_a33_k3_hn05,3,1926,9926,0.609393,1.08026
rc_trial_a33_k3_hn05,3,1927,9927,0.923144,0.451272
rc_trial_a33_k3_hn05,3,1928,9928,0.922254,0.480289
rc_trial_a33_k3_hn05,3,1929,9929,0.822868,0.702795
rc_trial_a33_k3_hn05,3,1930,9930,0.186403,0.362381
rc_trial_a33_k3_hn05,3,1931,9931,0.173616,0.0968666
rc_trial_a33_k3_hn05,3,1932,9932,0.3304,0.0316432
rc_trial_a33_k3_hn05,3,1933,9933,0.85239,0.953264
rc_trial_a33_k3_hn05,3,1934,9934,0.846152,0.958879
rc_trial_a33_k3_hn05,3,1935,9935,0.436485,0.210298
rc_trial_a33_k3_hn05,3,1936,9936,0.397381,0.413835
rc_trial_a33_k3_hn05,3,1937,9937,0.584052,0.652143
rc_trial_a33_k3_hn05,3,1938,9938,0.34401,0.782262
rc_trial_a33_k3_hn05,3,1939,9939,0.300411,0.717567
rc_trial_a33_k3_hn05,3,1940,9940,0.228514,0.189523
rc_trial_a33_k3_hn05,3,1941,9941,0.517306,0.190015
rc_trial_a33_k3_hn05,3,1942,9942,0.0730505,0.800213
rc_trial_a33_k3_hn05,3,1943,9943,0.26552,0.498696
rc_trial_a33_k3_hn05,3,1944,9944,0.353839,0.307275
rc_trial_a33_k3_hn05,3,1945,9945,0.233012,0.208598
rc_trial_a33_k3_hn05,3,1946,9946,0.25511,0.125801
rc_trial_a33_k3_hn05,3,1947,9947,0.530976,0.439518
rc_trial_a33_k3_hn05,3,1948,9948,0.648244,0.360403
rc_trial_a33_k3_hn05,3,1949,9949,0.583411,0.722438
rc_trial_a33_k3_hn05,3,1950,9950,0.480229,0.482646
rc_trial_a33_k3_hn05,3,1951,9951,0.527673,0.446228
rc_trial_a33_k3_hn05,3,1952,9952,0.567641,0.461786
rc_trial_a33_k3_hn05,3,1953,9953,0.483342,0.528368
rc_trial_a33_k3_hn05,3,1954,9954,0.487691,0.38022
rc_trial_a33_k3_hn05,3,1955,9955,0.107724,0.43799
rc_trial_a33_k3_hn05,3,1956,9956,0.201851,0.398635
rc_trial_a33_k3_hn05,3,1957,9957,0.544115,0.313272
rc_trial_a33_k3_hn05,3,1958,9958,0.258805,0.208819
rc_trial_a33_k3_hn05,3,1959,9959,0.0249303,0.63568499999999994
rc_trial_a33_k3_hn05,3,1960,9960,0.0739469,0.389162
rc_trial_a33_k3_hn05,3,1961,9961,0.0531768,0.448177
rc_trial_a33_k3_hn05,3,1962,9962,0.279971,0.507418
rc_trial_a33_k3_hn05,3,1963,9963,0.498305,0.111602
rc_trial_a33_k3_hn05,3,1964,9964,0.357972,0.228437
rc_trial_a33_k3_hn05,3,1965,9965,0.454637,0.212769
rc_trial_a33_k3_hn05,3,1966,9966,-0.0812649,0.617293
rc_trial_a33_k3_hn05,3,1967,9967,-0.600872,1.08767
rc_trial_a33_k3_hn05,3,1968,9968,-0.636997,1.29433
rc_trial_a33_k3_hn05,3,1969,9969,0.280606,0.0523752
rc_trial_a33_k3_hn05,3,1970,9970,0.347107,0.0625311
rc_trial_a33_k3_hn05,3,1971,9971,0.206887,0.0420152
rc_trial_a33_k3_hn05,3,1972,9972,0.49572,0.11607
rc_trial_a33_k3_hn05,3,1973,9973,0.573428,0.237647
rc_trial_a33_k3_hn05,3,1974,9974,0.321294,0.193928
rc_trial_a33_k3_hn05,3,1975,9975,0.0845561,0.166746
rc_trial_a33_k3_hn05,3,1976,9976,0.016258,0.195702
rc_trial_a33_k3_hn05,3,1977,9977,0.084357,0.228858
rc_trial_a33_k3_hn05,3,1978,9978,0.273117,0.380333
rc_trial_a33_k3_hn05,3,1979,9979,0.379796,0.0398836
rc_trial_a33_k3_hn05,3,1980,9980,0.08451,0.0961003
rc_trial_a33_k3_hn05,3,1981,9981,-0.0216455,0.0998998
rc_trial_a33_k3_hn05,3,1982,9982,0.00934886,0.0745253
rc_trial_a33_k3_hn05,3,1983,9983,0.490037,0.0741803
rc_trial_a33_k3_hn05,3,1984,9984,0.0892269,0.280829
rc_trial_a33_k3_hn05,3,1985,9985,0.205093,0.177752
rc_trial_a33_k3_hn05,3,1986,9986,0.602519,0.201279
rc_trial_a33_k3_hn05,3,1987,9987,0.696842,0.573206
rc_trial_a33_k3_hn05,3,1988,9988,-0.191003,0.624879
rc_trial_a33_k3_hn05,3,1989,9989,0.00803571,0.684847
rc_trial_a33_k3_hn05,3,1990,9990,0.11773,0.913345
rc_trial_a33_k3_hn05,3,1991,9991,0.366131,0.125591
rc_trial_a33_k3_hn05,3,1992,9992,0.538164,0.495885
rc_trial_a33_k3_hn05,3,1993,9993,0.270027,0.185264
rc_trial_a33_k3_hn05,3,1994,9994,0.306481,0.224093
rc_trial_a33_k3_hn05,3,1995,9995,0.448881,0.157821
rc_trial_a33_k3_hn05,3,1996,9996,0.213407,0.202695
rc_trial_a33_k3_hn05,3,1997,9997,0.35627,0.184268
rc_trial_a33_k3_hn05,3,1998,9998,-0.0565815,0.765276
rc_trial_a33_k3_hn05,3,1999,9999,0.421232,0.149486
rc_trial_a33_k3_hn05,3,2000,10000,0.471736,0.550072
rc_trial_a33_k3_hn05,3,2001,10001,0.29952,0.322287
rc_trial_a33_k3_hn05,3,2002,10002,0.233302,0.175458
rc_trial_a33_k3_hn05,3,2003,10003,0.622889,0.470363
rc_trial_a33_k3_hn05,3,2004,10004,0.703684,0.41822
rc_trial_a33_k3_hn05,3,2005,10005,0.653681,0.410326
rc_trial_a33_k3_hn05,3,2006,10006,0.698873,0.394649
rc_trial_a33_k3_hn05,3,2007,10007,0.549085,1.20652
rc_trial_a33_k3_hn05,3,2008,10008,0.561223,0.683763
rc_trial_a33_k3_hn05,3,2009,10009,0.275307,0.430405
rc_trial_a33_k3_hn05,3,2010,10010,0.132523,0.374975
rc_trial_a33_k3_hn05,3,2011,10011,0.221217,0.155385
rc_trial_a33_k3_hn05,3,2012,10012,0.689272,0.343992
rc_trial_a33_k3_hn05,3,2013,10013,0.492193,0.4442
rc_trial_a33_k3_hn05,3,2014,10014,0.238033,0.400782
rc_trial_a33_k3_hn05,3,2015,10015,0.545789,0.389484
rc_trial_a33_k3_hn05,3,2016,10016,0.571983,0.34878
rc_trial_a33_k3_hn05,3,2017,10017,0.558339,0.553292
rc_trial_a33_k3_hn05,3,2018,10018,0.377392,0.216883
rc_trial_a33_k3_hn05,3,2019,10019,0.339254,0.331699
rc_trial_a33_k3_hn05,3,2020,10020,0.372559,0.295651
rc_trial_a33_k3_hn05,3,2021,10021,0.190302,0.0374932
rc_trial_a33_k3_hn05,3,2022,10022,0.185238,0.0451707
rc_trial_a33_k3_hn05,3,2023,10023,0.428785,0.176744
rc_trial_a33_k3_hn05,3,2024,10024,0.954135,0.848383
rc_trial_a33_k3_hn05,3,2025,10025,0.462414,0.678819
rc_trial_a33_k3_hn05,3,2026,10026,1.03657,0.540862
rc_trial_a33_k3_hn05,3,2027,10027,0.451052,0.545734
rc_trial_a33_k3_hn05,3,2028,10028,0.518191,0.620539
rc_trial_a33_k3_hn05,3,2029,10029,-0.414259,0.551199
rc_trial_a33_k3_hn05,3,2030,10030,0.138528,0.871455
rc_trial_a33_k3_hn05,3,2031,10031,0.248847,0.25697
rc_trial_a33_k3_hn05,3,2032,10032,-0.172854,0.210927
rc_trial_a33_k3_hn05,3,2033,10033,-0.172953,0.308874
rc_trial_a33_k3_hn05,3,2034,10034,-0.409081,0.673792
rc_trial_a33_k3_hn05,3,2035,10035,-0.127501,0.786508
rc_trial_a33_k3_hn05,3,2036,10036,0.415392,0.170602
rc_trial_a33_k3_hn05,3,2037,10037,0.493898,0.165046
rc_trial_a33_k3_hn05,3,2038,10038,0.237229,0.098464
rc_trial_a33_k3_hn05,3,2039,10039,0.424242,0.263428
rc_trial_a33_k3_hn05,3,2040,10040,0.191242,0.032833
rc_trial_a33_k3_hn05,3,2041,10041,0.492081,0.132213
rc_trial_a33_k3_hn05,3,2042,10042,0.1373,0.0613896
rc_trial_a33_k3_hn05,3,2043,10043,0.0741449,0.0727429
rc_trial_a33_k3_hn05,3,2044,10044,0.541509,0.24946
rc_trial_a33_k3_hn05,3,2045,10045,0.138705,0.0822293
rc_trial_a33_k3_hn05,3,2046,10046,0.453362,0.0599072
rc_trial_a33_k3_hn05,3,2047,10047,0.388766,0.0629916
rc_trial_a33_k3_hn05,3,2048,10048,0.240959,0.359133
rc_trial_a33_k3_hn05,3,2049,10049,0.151793,0.434389
rc_trial_a33_k3_hn05,3,2050,10050,0.251862,0.206511
rc_trial_a33_k3_hn05,3,2051,10051,-0.111046,0.751977
rc_trial_a33_k3_hn05,3,2052,10052,0.582547,0.174409
rc_trial_a33_k3_hn05,3,2053,10053,-0.0643668,0.418829
rc_trial_a33_k3_hn05,3,2054,10054,-0.0518693,0.667704
rc_trial_a33_k3_hn05,3,2055,10055,0.498604,0.154253
rc_trial_a33_k3_hn05,3,2056,10056,0.325868,0.134857
rc_trial_a33_k3_hn05,3,2057,10057,0.522163,0.843223
rc_trial_a33_k3_hn05,3,2058,10058,0.222347,0.478031
rc_trial_a33_k3_hn05,3,2059,10059,0.536138,0.185018
rc_trial_a33_k3_hn05,3,2060,10060,0.54938,0.191026
rc_trial_a33_k3_hn05,3,2061,10061,0.470526,0.190802
rc_trial_a33_k3_hn05,3,2062,10062,0.409465,0.150872
rc_trial_a33_k3_hn05,3,2063,10063,0.15217,0.153629
rc_trial_a33_k3_hn05,3,2064,10064,-0.0940887,0.248228
rc_trial_a33_k3_hn05,3,2065,10065,0.47567,0.687522
rc_trial_a33_k3_hn05,3,2066,10066,0.359173,0.41881
rc_trial_a33_k3_hn05,3,2067,10067,0.384043,0.559168
rc_trial_a33_k3_hn05,3,2068,10068,0.197997,0.215887
rc_trial_a33_k3_hn05,3,2069,10069,0.327044,0.254259
rc_trial_a33_k3_hn05,3,2070,10070,0.18799,0.563542
rc_trial_a33_k3_hn05,3,2071,10071,0.275132,0.293695
rc_trial_a33_k3_hn05,3,2072,10072,0.0100571,0.649605
rc_trial_a33_k3_hn05,3,2073,10073,0.24317,0.103981
rc_trial_a33_k3_hn05,3,2074,10074,0.147265,1.16243
rc_trial_a33_k3_hn05,3,2075,10075,0.219108,0.712055
rc_trial_a33_k3_hn05,3,2076,10076,0.206766,0.408829
rc_trial_a33_k3_hn05,3,2077,10077,0.295759,0.534132
rc_trial_a33_k3_hn05,3,2078,10078,0.63761,0.347135
rc_trial_a33_k3_hn05,3,2079,10079,0.478686,0.479767
rc_trial_a33_k3_hn05,3,2080,10080,0.850372,0.485953
rc_trial_a33_k3_hn05,3,2081,10081,0.926856,0.584158
rc_trial_a33_k3_hn05,3,2082,10082,0.72125,0.49733
rc_trial_a33_k3_hn05,3,2083,10083,-0.0167301,0.247299
rc_trial_a33_k3_hn05,3,2084,10084,0.105057,0.0354519
rc_trial_a33_k3_hn05,3,2085,10085,0.647479,0.589605
rc_trial_a33_k3_hn05,3,2086,10086,0.567265,0.562361
rc_trial_a33_k3_hn05,3,2087,10087,0.45982,1.03524
rc_trial_a33_k3_hn05,3,2088,10088,0.0183649,0.659652
rc_trial_a33_k3_hn05,3,2089,10089,0.207161,0.605875
rc_trial_a33_k3_hn05,3,2090,10090,0.696608,0.661019
rc_trial_a33_k3_hn05,3,2091,10091,0.568963,0.356404
rc_trial_a33_k3_hn05,3,2092,10092,0.0791345,0.625723
rc_trial_a33_k3_hn05,3,2093,10093,0.186667,0.612619
rc_trial_a33_k3_hn05,3,2094,10094,0.181475,0.360858
rc_trial_a33_k3_hn05,3,2095,10095,0.364424,0.443792
rc_trial_a33_k3_hn05,3,2096,10096,0.375843,0.342474
rc_trial_a33_k3_hn05,3,2097,10097,0.261503,0.227089
rc_trial_a33_k3_hn05,3,2098,10098,0.417792,0.184978
rc_trial_a33_k3_hn05,3,2099,10099,0.334132,0.163468
rc_trial_a33_k3_hn05,3,2100,10100,-0.108403,0.883768
rc_trial_a33_k3_hn05,3,2101,10101,0.0911515,0.043903
rc_trial_a33_k3_hn05,3,2102,10102,0.208468,0.0924368
rc_trial_a33_k3_hn05,3,2103,10103,0.184146,0.0829735
rc_trial_a33_k3_hn05,3,2104,10104,0.542138,0.365956
rc_trial_a33_k3_hn05,3,2105,10105,0.445077,0.30161
rc_trial_a33_k3_hn05,3,2106,10106,0.633159,0.518403
rc_trial_a33_k3_hn05,3,2107,10107,0.2224,0.67364
rc_trial_a33_k3_hn05,3,2108,10108,0.388518,0.689943
rc_trial_a33_k3_hn05,3,2109,10109,-0.107284,0.468805
rc_trial_a33_k3_hn05,3,2110,10110,0.117438,0.295247
rc_trial_a33_k3_hn05,3,2111,10111,0.0434405,0.349858
rc_trial_a33_k3_hn05,3,2112,10112,0.12646,0.587454
rc_trial_a33_k3_hn05,3,2113,10113,0.158288,0.611967
rc_trial_a33_k3_hn05,3,2114,10114,0.755157,0.456036
rc_trial_a33_k3_hn05,3,2115,10115,0.659614,0.898124
rc_trial_a33_k3_hn05,3,2116,10116,0.672589,0.804714
rc_trial_a33_k3_hn05,3,2117,10117,0.617571,0.547323
rc_trial_a33_k3_hn05,3,2118,10118,0.333722,0.208296
rc_trial_a33_k3_hn05,3,2119,10119,0.609852,0.661402
rc_trial_a33_k3_hn05,3,2120,10120,0.621256,0.67982
rc_trial_a33_k3_hn05,3,2121,10121,0.596643,0.620358
rc_trial_a33_k3_hn05,3,2122,10122,0.528126,0.532875
rc_trial_a33_k3_hn05,3,2123,10123,0.0586746,0.14842
rc_trial_a33_k3_hn05,3,2124,10124,0.39509,0.0266947
rc_trial_a33_k3_hn05,3,2125,10125,0.456758,0.789919
rc_trial_a33_k3_hn05,3,2126,10126,0.305231,0.0766297
rc_trial_a33_k3_hn05,3,2127,10127,0.333414,0.0677293
rc_trial_a33_k3_hn05,3,2128,10128,0.10178,0.236115
rc_trial_a33_k3_hn05,3,2129,10129,0.206925,0.304845
rc_trial_a33_k3_hn05,3,2130,10130,0.201602,0.205166
rc_trial_a33_k3_hn05,3,2131,10131,-0.223664,0.895122
rc_trial_a33_k3_hn05,3,2132,10132,-0.296718,0.706205
rc_trial_a33_k3_hn05,3,2133,10133,-0.24408,0.808576
rc_trial_a33_k3_hn05,3,2134,10134,-0.296157,0.658607
rc_trial_a33_k3_hn05,3,2135,10135,0.270414,0.0956134
rc_trial_a33_k3_hn05,3,2136,10136,0.0176177,0.338207
rc_trial_a33_k3_hn05,3,2137,10137,0.102034,0.169994
rc_trial_a33_k3_hn05,3,2138,10138,0.18652,0.253208
rc_trial_a33_k3_hn05,3,2139,10139,0.152903,0.273838
rc_trial_a33_k3_hn05,3,2140,10140,0.187884,0.0634015
rc_trial_a33_k3_hn05,3,2141,10141,0.361351,0.075042
rc_trial_a33_k3_hn05,3,2142,10142,0.350159,0.0708648
rc_trial_a33_k3_hn05,3,2143,10143,0.247599,0.0315029
rc_trial_a33_k3_hn05,3,2144,10144,-0.133268,0.735847
rc_trial_a33_k3_hn05,3,2145,10145,0.500532,0.194962
rc_trial_a33_k3_hn05,3,2146,10146,-0.00948715,0.487351
rc_trial_a33_k3_hn05,3,2147,10147,-0.0730062,0.332337
rc_trial_a33_k3_hn05,3,2148,10148,0.166916,0.510189
rc_trial_a33_k3_hn05,3,2149,10149,0.46667,0.299559
rc_trial_a33_k3_hn05,3,2150,10150,0.505011,0.345184
rc_trial_a33_k3_hn05,3,2151,10151,0.409005,0.454951
rc_trial_a33_k3_hn05,3,2152,10152,0.143326,0.648518
rc_trial_a33_k3_hn05,3,2153,10153,0.425143,0.698232
rc_trial_a33_k3_hn05,3,2154,10154,0.575417,0.122953
rc_trial_a33_k3_hn05,3,2155,10155,0.202976,0.0154493
rc_trial_a33_k3_hn05,3,2156,10156,0.375476,0.0701045
rc_trial_a33_k3_hn05,3,2157,10157,0.244603,0.0444869
rc_trial_a33_k3_hn05,3,2158,10158,0.41975,0.0476102
rc_trial_a33_k3_hn05,3,2159,10159,0.0781169,0.0292326
rc_trial_a33_k3_hn05,3,2160,10160,0.330927,0.0965138
rc_trial_a33_k3_hn05,3,2161,10161,0.139423,0.266093
rc_trial_a33_k3_hn05,3,2162,10162,0.456778,0.408161
rc_trial_a33_k3_hn05,3,2163,10163,0.89574,0.687262
rc_trial_a33_k3_hn05,3,2164,10164,0.80788,0.66644
rc_trial_a33_k3_hn05,3,2165,10165,0.194793,0.198719
rc_trial_a33_k3_hn05,3,2166,10166,0.158118,0.578772
rc_trial_a33_k3_hn05,3,2167,10167,0.106098,0.713259
rc_trial_a33_k3_hn05,3,2168,10168,0.261267,0.592674
rc_trial_a33_k3_hn05,3,2169,10169,0.196813,0.148228
rc_trial_a33_k3_hn05,3,2170,10170,0.343478,0.184646
rc_trial_a33_k3_hn05,3,2171,10171,0.267202,0.219767
rc_trial_a33_k3_hn05,3,2172,10172,0.129732,0.228097
rc_trial_a33_k3_hn05,3,2173,10173,0.263042,0.128501
rc_trial_a33_k3_hn05,3,2174,10174,0.0418414,0.0709831
rc_trial_a33_k3_hn05,3,2175,10175,0.0381947,0.293142
rc_trial_a33_k3_hn05,3,2176,10176,0.619678,0.678095
rc_trial_a33_k3_hn05,3,2177,10177,0.517946,0.528303
rc_trial_a33_k3_hn05,3,2178,10178,0.679748,0.545886
rc_trial_a33_k3_hn05,3,2179,10179,1.0218,0.780519
rc_trial_a33_k3_hn05,3,2180,10180,1.13623,1.0574
rc_trial_a33_k3_hn05,3,2181,10181,0.326719,0.30039
rc_trial_a33_k3_hn05,3,2182,10182,0.239146,1.14585
rc_trial_a33_k3_hn05,3,2183,10183,0.496825,0.396559
rc_trial_a33_k3_hn05,3,2184,10184,0.317369,0.237768
rc_trial_a33_k3_hn05,3,2185,10185,0.771963,0.548556
rc_trial_a33_k3_hn05,3,2186,10186,0.517627,0.709879
rc_trial_a33_k3_hn05,3,2187,10187,0.452872,0.499821
rc_trial_a33_k3_hn05,3,2188,10188,0.294602,0.309609
rc_trial_a33_k3_hn05,3,2189,10189,0.368116,0.199956
rc_trial_a33_k3_hn05,3,2190,10190,0.355752,0.438671
rc_trial_a33_k3_hn05,3,2191,10191,0.44881,0.222408
rc_trial_a33_k3_hn05,3,2192,10192,0.103403,0.359975
rc_trial_a33_k3_hn05,3,2193,10193,0.378577,0.87068
rc_trial_a33_k3_hn05,3,2194,10194,0.675052,0.534184
rc_trial_a33_k3_hn05,3,2195,10195,0.744949,0.567215
rc_trial_a33_k3_hn05,3,2196,10196,1.01624,0.76754
rc_trial_a33_k3_hn05,3,2197,10197,1.04987,0.746042
rc_trial_a33_k3_hn05,3,2198,10198,1.12786,1.07757
rc_trial_a33_k3_hn05,3,2199,10199,0.865698,0.470742
rc_trial_a33_k3_hn05,3,2200,10200,0.57092,0.558795
rc_trial_a33_k3_hn05,3,2201,10201,1.02792,0.579748
rc_trial_a33_k3_hn05,3,2202,10202,1.13271,0.530602
rc_trial_a33_k3_hn05,3,2203,10203,0.862057,0.50239
rc_trial_a33_k3_hn05,3,2204,10204,0.149436,0.188055
rc_trial_a33_k3_hn05,3,2205,10205,0.175548,0.212442
rc_trial_a33_k3_hn05,3,2206,10206,0.150703,0.428283
rc_trial_a33_k3_hn05,3,2207,10207,0.0128246,0.477555
rc_trial_a33_k3_hn05,3,2208,10208,-0.0962031,0.564355
rc_trial_a33_k3_hn05,3,2209,10209,-0.0850913,0.523203
rc_trial_a33_k3_hn05,3,2210,10210,0.0580014,0.404387
rc_trial_a33_k3_hn05,3,2211,10211,-0.155748,0.572434
rc_trial_a33_k3_hn05,3,2212,10212,-0.178672,0.677963
rc_trial_a33_k3_hn05,3,2213,10213,0.173873,0.502603
rc_trial_a33_k3_hn05,3,2214,10214,0.0781135,0.525756
rc_trial_a33_k3_hn05,3,2215,10215,0.988583,0.656709
rc_trial_a33_k3_hn05,3,2216,10216,-0.0398739,0.203014
rc_trial_a33_k3_hn05,3,2217,10217,0.487965,0.780624
rc_trial_a33_k3_hn05,3,2218,10218,0.334417,0.699557
rc_trial_a33_k3_hn05,3,2219,10219,-0.12762,0.774082
rc_trial_a33_k3_hn05,3,2220,10220,0.242482,0.428383
rc_trial_a33_k3_hn05,3,2221,10221,0.364305,0.376417
rc_trial_a33_k3_hn05,3,2222,10222,0.473625,0.168468
rc_trial_a33_k3_hn05,3,2223,10223,0.747117,0.917562
rc_trial_a33_k3_hn05,3,2224,10224,0.758737,0.886692
rc_trial_a33_k3_hn05,3,2225,10225,0.640573,0.664076
rc_trial_a33_k3_hn05,3,2226,10226,0.580654,0.589866
rc_trial_a33_k3_hn05,3,2227,10227,0.648858,0.946877
rc_trial_a33_k3_hn05,3,2228,10228,0.366198,0.180691
rc_trial_a33_k3_hn05,3,2229,10229,0.338044,0.281528
rc_trial_a33_k3_hn05,3,2230,10230,0.218155,0.11761
rc_trial_a33_k3_hn05,3,2231,10231,0.187934,0.107036
rc_trial_a33_k3_hn05,3,2232,10232,0.121525,0.131099
rc_trial_a33_k3_hn05,3,2233,10233,0.253213,0.0284275
rc_trial_a33_k3_hn05,3,2234,10234,0.646084,0.237687
rc_trial_a33_k3_hn05,3,2235,10235,0.380245,0.477064
rc_trial_a33_k3_hn05,3,2236,10236,-8.40374e-4,0.209273
rc_trial_a33_k3_hn05,3,2237,10237,0.552131,0.84542
rc_trial_a33_k3_hn05,3,2238,10238,-0.179105,0.858944
rc_trial_a33_k3_hn05,3,2239,10239,0.00749828,0.183965
rc_trial_a33_k3_hn05,3,2240,10240,0.156126,0.0780642
rc_trial_a33_k3_hn05,3,2241,10241,0.0586215,0.0646292
rc_trial_a33_k3_hn05,3,2242,10242,-0.108704,0.0497217
rc_trial_a33_k3_hn05,3,2243,10243,0.159288,0.093353
rc_trial_a33_k3_hn05,3,2244,10244,-0.035424,0.0408226
rc_trial_a33_k3_hn05,3,2245,10245,0.270736,0.07521
rc_trial_a33_k3_hn05,3,2246,10246,0.119901,0.0265298
rc_trial_a33_k3_hn05,3,2247,10247,0.426501,0.0108088
rc_trial_a33_k3_hn05,3,2248,10248,0.0605693,0.0122266
rc_trial_a33_k3_hn05,3,2249,10249,0.851657,0.489816
rc_trial_a33_k3_hn05,3,2250,10250,0.86137,0.31667
rc_trial_a33_k3_hn05,3,2251,10251,0.909321,0.467505
rc_trial_a33_k3_hn05,3,2252,10252,0.286825,0.173064
rc_trial_a33_k3_hn05,3,2253,10253,0.277978,0.109216
rc_trial_a33_k3_hn05,3,2254,10254,0.144545,0.100934
rc_trial_a33_k3_hn05,3,2255,10255,0.195211,0.120107
rc_trial_a33_k3_hn05,3,2256,10256,0.147261,0.0768589
rc_trial_a33_k3_hn05,3,2257,10257,0.205926,0.131928
rc_trial_a33_k3_hn05,3,2258,10258,0.255131,0.0622199
rc_trial_a33_k3_hn05,3,2259,10259,0.423161,0.301981
rc_trial_a33_k3_hn05,3,2260,10260,0.506624,0.168871
rc_trial_a33_k3_hn05,3,2261,10261,0.850212,0.608801
rc_trial_a33_k3_hn05,3,2262,10262,0.989827,0.550346
rc_trial_a33_k3_hn05,3,2263,10263,0.971923,0.76818
rc_trial_a33_k3_hn05,3,2264,10264,1.09905,0.773642
rc_trial_a33_k3_hn05,3,2265,10265,0.418473,0.706576
rc_trial_a33_k3_hn05,3,2266,10266,0.363411,0.579929
rc_trial_a33_k3_hn05,3,2267,10267,0.0941863,0.567097
rc_trial_a33_k3_hn05,3,2268,10268,0.296596,0.521098
rc_trial_a33_k3_hn05,3,2269,10269,0.61726,0.473806
rc_trial_a33_k3_hn05,3,2270,10270,0.633689,0.463119
rc_trial_a33_k3_hn05,3,2271,10271,0.639588,0.509878
rc_trial_a33_k3_hn05,3,2272,10272,0.327716,0.74655
rc_trial_a33_k3_hn05,3,2273,10273,0.347999,0.430312
rc_trial_a33_k3_hn05,3,2274,10274,0.158647,0.763352
rc_trial_a33_k3_hn05,3,2275,10275,0.250574,0.958384
rc_trial_a33_k3_hn05,3,2276,10276,0.229314,1.10447
rc_trial_a33_k3_hn05,3,2277,10277,0.079449,0.0756631
rc_trial_a33_k3_hn05,3,2278,10278,0.310103,1.0558
rc_trial_a33_k3_hn05,3,2279,10279,0.2351,0.764124
rc_trial_a33_k3_hn05,3,2280,10280,0.515636,0.371511
rc_trial_a33_k3_hn05,3,2281,10281,0.208302,0.338549
rc_trial_a33_k3_hn05,3,2282,10282,0.483909,0.396822
rc_trial_a33_k3_hn05,3,2283,10283,0.407113,0.350531
rc_trial_a33_k3_hn05,3,2284,10284,0.219316,0.769056
rc_trial_a33_k3_hn05,3,2285,10285,0.295895,0.43416
rc_trial_a33_k3_hn05,3,2286,10286,0.781588,0.728177
rc_trial_a33_k3_hn05,3,2287,10287,0.792053,0.716153
rc_trial_a33_k3_hn05,3,2288,10288,0.712647,0.387594
rc_trial_a33_k3_hn05,3,2289,10289,0.616704,0.369383
rc_trial_a33_k3_hn05,3,2290,10290,0.621767,0.262444
rc_trial_a33_k3_hn05,3,2291,10291,0.590815,0.297509
rc_trial_a33_k3_hn05,3,2292,10292,0.877895,0.262094
rc_trial_a33_k3_hn05,3,2293,10293,1.09172,0.464254
rc_trial_a33_k3_hn05,3,2294,10294,1.10465,1.06271
rc_trial_a33_k3_hn05,3,2295,10295,1.23416,0.553184
rc_trial_a33_k3_hn05,3,2296,10296,0.560634,0.436975
rc_trial_a33_k3_hn05,3,2297,10297,0.143621,0.632261
rc_trial_a33_k3_hn05,3,2298,10298,0.195969,0.504897
rc_trial_a33_k3_hn05,3,2299,10299,0.112439,0.514114
rc_trial_a33_k3_hn05,3,2300,10300,0.0222362,0.524133
rc_trial_a33_k3_hn05,3,2301,10301,0.0437388,0.23484
rc_trial_a33_k3_hn05,3,2302,10302,0.0847467,0.358123
rc_trial_a33_k3_hn05,3,2303,10303,0.553213,0.521442
rc_trial_a33_k3_hn05,3,2304,10304,0.624203,0.26879
rc_trial_a33_k3_hn05,3,2305,10305,0.40564,0.299473
rc_trial_a33_k3_hn05,3,2306,10306,0.328396,0.0992433
rc_trial_a33_k3_hn05,3,2307,10307,0.347225,0.0543543
rc_trial_a33_k3_hn05,3,2308,10308,0.421992,0.359558
rc_trial_a33_k3_hn05,3,2309,10309,0.440772,0.348728
rc_trial_a33_k3_hn05,3,2310,10310,0.288263,0.225754
rc_trial_a33_k3_hn05,3,2311,10311,0.138406,0.4402
rc_trial_a33_k3_hn05,3,2312,10312,0.174375,0.33148300000000003
rc_trial_a33_k3_hn05,3,2313,10313,-0.356987,0.525451
rc_trial_a33_k3_hn05,3,2314,10314,0.0215336,1.21764
rc_trial_a33_k3_hn05,3,2315,10315,0.0713206,1.07041
rc_trial_a33_k3_hn05,3,2316,10316,0.823755,0.339138
rc_trial_a33_k3_hn05,3,2317,10317,0.550362,0.18785
rc_trial_a33_k3_hn05,3,2318,10318,0.514926,0.283986
rc_trial_a33_k3_hn05,3,2319,10319,0.722339,0.425374
rc_trial_a33_k3_hn05,3,2320,10320,0.553424,0.500212
rc_trial_a33_k3_hn05,3,2321,10321,0.0505105,0.688262
rc_trial_a33_k3_hn05,3,2322,10322,-0.320589,0.531426
rc_trial_a33_k3_hn05,3,2323,10323,-0.826133,1.20421
rc_trial_a33_k3_hn05,3,2324,10324,-0.188347,1.26738
rc_trial_a33_k3_hn05,3,2325,10325,-0.0255526,0.424387
rc_trial_a33_k3_hn05,3,2326,10326,0.154355,0.304184
rc_trial_a33_k3_hn05,3,2327,10327,0.188974,0.124762
rc_trial_a33_k3_hn05,3,2328,10328,0.221906,0.240097
rc_trial_a33_k3_hn05,3,2329,10329,0.26267,0.258361
rc_trial_a33_k3_hn05,3,2330,10330,0.637269,0.625938
rc_trial_a33_k3_hn05,3,2331,10331,0.602078,0.536721
rc_trial_a33_k3_hn05,3,2332,10332,0.309828,0.348682
rc_trial_a33_k3_hn05,3,2333,10333,0.391792,0.349577
rc_trial_a33_k3_hn05,3,2334,10334,0.282269,0.29908
rc_trial_a33_k3_hn05,3,2335,10335,0.220655,0.21994
rc_trial_a33_k3_hn05,3,2336,10336,0.206815,0.481255
rc_trial_a33_k3_hn05,3,2337,10337,0.410599,0.273359
rc_trial_a33_k3_hn05,3,2338,10338,0.327545,0.410694
rc_trial_a33_k3_hn05,3,2339,10339,0.804176,0.383454
rc_trial_a33_k3_hn05,3,2340,10340,-0.227144,0.563364
rc_trial_a33_k3_hn05,3,2341,10341,0.355556,0.312096
rc_trial_a33_k3_hn05,3,2342,10342,0.0179437,0.578988
rc_trial_a33_k3_hn05,3,2343,10343,0.35077,0.827186
rc_trial_a33_k3_hn05,3,2344,10344,0.326102,0.651673
rc_trial_a33_k3_hn05,3,2345,10345,0.308917,0.652197
rc_trial_a33_k3_hn05,3,2346,10346,0.343382,0.793743
rc_trial_a33_k3_hn05,3,2347,10347,0.0090168,0.250191
rc_trial_a33_k3_hn05,3,2348,10348,0.308347,0.235221
rc_trial_a33_k3_hn05,3,2349,10349,0.0269297,0.0952684
rc_trial_a33_k3_hn05,3,2350,10350,0.240486,0.0898364
rc_trial_a33_k3_hn05,3,2351,10351,0.436085,0.101159
rc_trial_a33_k3_hn05,3,2352,10352,-0.143737,0.422087
rc_trial_a33_k3_hn05,3,2353,10353,0.300914,0.47739
rc_trial_a33_k3_hn05,3,2354,10354,0.172205,0.312881
rc_trial_a33_k3_hn05,3,2355,10355,0.163037,0.291092
rc_trial_a33_k3_hn05,3,2356,10356,0.251203,0.0576372
rc_trial_a33_k3_hn05,3,2357,10357,0.488085,0.0633822
rc_trial_a33_k3_hn05,3,2358,10358,0.0428674,0.0487374
rc_trial_a33_k3_hn05,3,2359,10359,-0.00666768,0.347869
rc_trial_a33_k3_hn05,3,2360,10360,0.52174,0.249299
rc_trial_a33_k3_hn05,3,2361,10361,0.0094006,0.371428
rc_trial_a33_k3_hn05,3,2362,10362,0.449124,0.677224
rc_trial_a33_k3_hn05,3,2363,10363,0.362261,0.903469
rc_trial_a33_k3_hn05,3,2364,10364,0.679841,0.554187
rc_trial_a33_k3_hn05,3,2365,10365,0.29587,0.595534
rc_trial_a33_k3_hn05,3,2366,10366,0.763277,0.422338
rc_trial_a33_k3_hn05,3,2367,10367,0.746069,0.623569
rc_trial_a33_k3_hn05,3,2368,10368,0.444979,0.528312
rc_trial_a33_k3_hn05,3,2369,10369,0.463689,0.47791
rc_trial_a33_k3_hn05,3,2370,10370,0.490988,0.765442
rc_trial_a33_k3_hn05,3,2371,10371,0.659317,1.14492
rc_trial_a33_k3_hn05,3,2372,10372,0.382732,0.338034
rc_trial_a33_k3_hn05,3,2373,10373,0.206238,0.198899
rc_trial_a33_k3_hn05,3,2374,10374,0.288371,0.150773
rc_trial_a33_k3_hn05,3,2375,10375,0.229165,0.196644
rc_trial_a33_k3_hn05,3,2376,10376,0.293701,0.545567
rc_trial_a33_k3_hn05,3,2377,10377,0.174178,0.432736
rc_trial_a33_k3_hn05,3,2378,10378,0.195751,0.403841
rc_trial_a33_k3_hn05,3,2379,10379,0.238177,0.23981
rc_trial_a33_k3_hn05,3,2380,10380,0.74942,0.605944
rc_trial_a33_k3_hn05,3,2381,10381,0.383676,0.32302
rc_trial_a33_k3_hn05,3,2382,10382,0.170203,0.291377
rc_trial_a33_k3_hn05,3,2383,10383,0.104663,0.469323
rc_trial_a33_k3_hn05,3,2384,10384,0.613105,0.242212
rc_trial_a33_k3_hn05,3,2385,10385,0.547538,0.413415
rc_trial_a33_k3_hn05,3,2386,10386,0.685302,0.397659
rc_trial_a33_k3_hn05,3,2387,10387,0.398856,0.783955
rc_trial_a33_k3_hn05,3,2388,10388,0.358743,0.477877
rc_trial_a33_k3_hn05,3,2389,10389,0.531843,0.48913
rc_trial_a33_k3_hn05,3,2390,10390,0.621699,0.419649
rc_trial_a33_k3_hn05,3,2391,10391,0.469845,0.720305
rc_trial_a33_k3_hn05,3,2392,10392,0.583914,0.626593
rc_trial_a33_k3_hn05,3,2393,10393,0.493703,0.220411
rc_trial_a33_k3_hn05,3,2394,10394,0.434798,0.260695
rc_trial_a33_k3_hn05,3,2395,10395,0.750252,0.608213
rc_trial_a33_k3_hn05,3,2396,10396,0.592731,0.653938
rc_trial_a33_k3_hn05,3,2397,10397,0.180507,0.0754619
rc_trial_a33_k3_hn05,3,2398,10398,0.0271979,0.0416852
rc_trial_a33_k3_hn05,3,2399,10399,-0.0403672,0.0382111
rc_trial_a33_k3_hn05,3,2400,10400,0.534764,0.0255002
rc_trial_a33_k3_hn05,3,2401,10401,0.27419,0.0398396
rc_trial_a33_k3_hn05,3,2402,10402,0.150763,0.0188051
rc_trial_a33_k3_hn05,3,2403,10403,0.387334,0.00726916
rc_trial_a33_k3_hn05,3,2404,10404,0.445936,0.00867197
rc_trial_a33_k3_hn05,3,2405,10405,0.46077,0.224526
rc_trial_a33_k3_hn05,3,2406,10406,0.199192,0.114089
rc_trial_a33_k3_hn05,3,2407,10407,0.352383,0.175705
rc_trial_a33_k3_hn05,3,2408,10408,0.279328,0.0905234
rc_trial_a33_k3_hn05,3,2409,10409,0.151344,0.112957
rc_trial_a33_k3_hn05,3,2410,10410,0.299875,0.141347
rc_trial_a33_k3_hn05,3,2411,10411,0.22529,0.337345
rc_trial_a33_k3_hn05,3,2412,10412,0.18484,0.491758
rc_trial_a33_k3_hn05,3,2413,10413,0.875888,0.639739
rc_trial_a33_k3_hn05,3,2414,10414,0.983149,0.432183
rc_trial_a33_k3_hn05,3,2415,10415,0.898321,0.464271
rc_trial_a33_k3_hn05,3,2416,10416,0.454999,0.394831
rc_trial_a33_k3_hn05,3,2417,10417,0.394384,0.37204
rc_trial_a33_k3_hn05,3,2418,10418,0.383765,0.234679
rc_trial_a33_k3_hn05,3,2419,10419,0.0787162,0.74082
rc_trial_a33_k3_hn05,3,2420,10420,0.0425822,0.754068
rc_trial_a33_k3_hn05,3,2421,10421,0.210421,0.587862
rc_trial_a33_k3_hn05,3,2422,10422,0.286618,0.712256
rc_trial_a33_k3_hn05,3,2423,10423,0.493926,1.17929
rc_trial_a33_k3_hn05,3,2424,10424,0.276116,0.118868
rc_trial_a33_k3_hn05,3,2425,10425,0.19545,0.167136
rc_trial_a33_k3_hn05,3,2426,10426,0.775699,0.28245
rc_trial_a33_k3_hn05,3,2427,10427,0.764951,0.353403
rc_trial_a33_k3_hn05,3,2428,10428,0.429954,0.274697
rc_trial_a33_k3_hn05,3,2429,10429,0.562185,0.232156
rc_trial_a33_k3_hn05,3,2430,10430,0.731769,0.813671
rc_trial_a33_k3_hn05,3,2431,10431,0.822314,0.857348
rc_trial_a33_k3_hn05,3,2432,10432,0.60765,0.324816
rc_trial_a33_k3_hn05,3,2433,10433,0.474807,0.254869
rc_trial_a33_k3_hn05,3,2434,10434,0.596303,0.333292
rc_trial_a33_k3_hn05,3,2435,10435,0.457078,0.283066
rc_trial_a33_k3_hn05,3,2436,10436,0.60642,0.636468
rc_trial_a33_k3_hn05,3,2437,10437,0.63588,0.296339
rc_trial_a33_k3_hn05,3,2438,10438,0.511158,0.43709
rc_trial_a33_k3_hn05,3,2439,10439,0.475662,0.218858
rc_trial_a33_k3_hn05,3,2440,10440,0.146591,0.111805
rc_trial_a33_k3_hn05,3,2441,10441,0.40203,0.0713919
rc_trial_a33_k3_hn05,3,2442,10442,0.253868,0.0898867
rc_trial_a33_k3_hn05,3,2443,10443,0.215025,0.11464
rc_trial_a33_k3_hn05,3,2444,10444,0.125928,0.0343471
rc_trial_a33_k3_hn05,3,2445,10445,0.411712,0.0771781
rc_trial_a33_k3_hn05,3,2446,10446,0.237423,0.117231
rc_trial_a33_k3_hn05,3,2447,10447,0.451282,0.149649
rc_trial_a33_k3_hn05,3,2448,10448,0.404612,0.183207
rc_trial_a33_k3_hn05,3,2449,10449,0.429959,0.20565
rc_trial_a33_k3_hn05,3,2450,10450,0.455544,0.262942
rc_trial_a33_k3_hn05,3,2451,10451,0.262479,0.953189
rc_trial_a33_k3_hn05,3,2452,10452,0.246686,0.199772
rc_trial_a33_k3_hn05,3,2453,10453,0.308595,0.151061
rc_trial_a33_k3_hn05,3,2454,10454,0.234396,0.47806
rc_trial_a33_k3_hn05,3,2455,10455,0.260673,0.757912
rc_trial_a33_k3_hn05,3,2456,10456,0.146295,0.565433
rc_trial_a33_k3_hn05,3,2457,10457,0.275031,0.329773
rc_trial_a33_k3_hn05,3,2458,10458,0.148923,0.585653
rc_trial_a33_k3_hn05,3,2459,10459,0.191283,0.559529
rc_trial_a33_k3_hn05,3,2460,10460,0.699127,0.600791
rc_trial_a33_k3_hn05,3,2461,10461,0.546896,0.242669
rc_trial_a33_k3_hn05,3,2462,10462,1.1184,0.610646
rc_trial_a33_k3_hn05,3,2463,10463,1.3428,0.982806
rc_trial_a33_k3_hn05,3,2464,10464,1.29288,0.84867
rc_trial_a33_k3_hn05,3,2465,10465,1.29686,0.770441
rc_trial_a33_k3_hn05,3,2466,10466,1.04064,0.581143
rc_trial_a33_k3_hn05,3,2467,10467,0.58744,0.234553
rc_trial_a33_k3_hn05,3,2468,10468,0.559637,0.447007
rc_trial_a33_k3_hn05,3,2469,10469,0.459476,0.328
rc_trial_a33_k3_hn05,3,2470,10470,0.651145,0.324423
rc_trial_a33_k3_hn05,3,2471,10471,0.48361,1.06283
rc_trial_a33_k3_hn05,3,2472,10472,0.47156,0.893144
rc_trial_a33_k3_hn05,3,2473,10473,0.147583,0.43095
rc_trial_a33_k3_hn05,3,2474,10474,0.454391,0.755809
rc_trial_a33_k3_hn05,3,2475,10475,0.449722,0.76153
rc_trial_a33_k3_hn05,3,2476,10476,0.521384,0.545697
rc_trial_a33_k3_hn05,3,2477,10477,0.617937,0.735104
rc_trial_a33_k3_hn05,3,2478,10478,0.344928,0.119624
rc_trial_a33_k3_hn05,3,2479,10479,0.809066,0.216799
rc_trial_a33_k3_hn05,3,2480,10480,0.739017,0.254021
rc_trial_a33_k3_hn05,3,2481,10481,0.605294,0.293019
rc_trial_a33_k3_hn05,3,2482,10482,0.839243,0.322882
rc_trial_a33_k3_hn05,3,2483,10483,0.960718,0.438611
rc_trial_a33_k3_hn05,3,2484,10484,0.213099,0.397023
rc_trial_a33_k3_hn05,3,2485,10485,0.423318,0.561316
rc_trial_a33_k3_hn05,3,2486,10486,0.827436,0.650653
rc_trial_a33_k3_hn05,3,2487,10487,0.910759,0.686724
rc_trial_a33_k3_hn05,3,2488,10488,0.211497,0.242181
rc_trial_a33_k3_hn05,3,2489,10489,0.131309,0.507692
rc_trial_a33_k3_hn05,3,2490,10490,0.0621744,0.491291
rc_trial_a33_k3_hn05,3,2491,10491,0.161739,0.381791
rc_trial_a33_k3_hn05,3,2492,10492,0.37150300000000003,0.352142
rc_trial_a33_k3_hn05,3,2493,10493,0.427233,0.47655
rc_trial_a33_k3_hn05,3,2494,10494,0.456607,0.1699
rc_trial_a33_k3_hn05,3,2495,10495,0.550004,0.117439
rc_trial_a33_k3_hn05,3,2496,10496,0.471367,0.205462
rc_trial_a33_k3_hn05,3,2497,10497,0.284073,0.0533738
rc_trial_a33_k3_hn05,3,2498,10498,0.313846,0.0850607
rc_trial_a33_k3_hn05,3,2499,10499,0.472415,0.253312
rc_trial_a33_k3_hn05,3,2500,10500,0.401911,0.174126
rc_trial_a33_k3_hn05,3,2501,10501,0.212277,0.202685
rc_trial_a33_k3_hn05,3,2502,10502,0.43776,0.430755
rc_trial_a33_k3_hn05,3,2503,10503,0.217875,0.399018
rc_trial_a33_k3_hn05,3,2504,10504,0.226971,0.46769
rc_trial_a33_k3_hn05,3,2505,10505,0.325482,0.460095
rc_trial_a33_k3_hn05,3,2506,10506,0.48679,0.514925
rc_trial_a33_k3_hn05,3,2507,10507,0.260849,0.133119
rc_trial_a33_k3_hn05,3,2508,10508,0.0764857,0.125986
rc_trial_a33_k3_hn05,3,2509,10509,0.487592,0.285088
rc_trial_a33_k3_hn05,3,2510,10510,0.521998,0.18163
rc_trial_a33_k3_hn05,3,2511,10511,0.291667,0.128169
rc_trial_a33_k3_hn05,3,2512,10512,0.310796,0.140925
rc_trial_a33_k3_hn05,3,2513,10513,0.214836,0.128491
rc_trial_a33_k3_hn05,3,2514,10514,0.652883,0.749992
rc_trial_a33_k3_hn05,3,2515,10515,0.628537,0.694262
rc_trial_a33_k3_hn05,3,2516,10516,0.706513,0.733851
rc_trial_a33_k3_hn05,3,2517,10517,0.679732,0.460327
rc_trial_a33_k3_hn05,3,2518,10518,0.531991,0.542201
rc_trial_a33_k3_hn05,3,2519,10519,0.45304,0.26929
rc_trial_a33_k3_hn05,3,2520,10520,0.35932,0.248487
rc_trial_a33_k3_hn05,3,2521,10521,0.703748,0.654391
rc_trial_a33_k3_hn05,3,2522,10522,0.949826,0.657435
rc_trial_a33_k3_hn05,3,2523,10523,0.261996,0.254669
rc_trial_a33_k3_hn05,3,2524,10524,-0.211772,0.342539
rc_trial_a33_k3_hn05,3,2525,10525,0.13918,0.398385
rc_trial_a33_k3_hn05,3,2526,10526,0.261586,0.125036
rc_trial_a33_k3_hn05,3,2527,10527,0.273074,0.17503
rc_trial_a33_k3_hn05,3,2528,10528,0.311575,0.0231122
rc_trial_a33_k3_hn05,3,2529,10529,0.296081,0.0456776
rc_trial_a33_k3_hn05,3,2530,10530,0.440737,0.155513
rc_trial_a33_k3_hn05,3,2531,10531,0.54264,0.285196
rc_trial_a33_k3_hn05,3,2532,10532,0.430451,0.339654
rc_trial_a33_k3_hn05,3,2533,10533,0.716785,0.504753
rc_trial_a33_k3_hn05,3,2534,10534,0.493382,0.904973
rc_trial_a33_k3_hn05,3,2535,10535,0.333694,0.947345
rc_trial_a33_k3_hn05,3,2536,10536,0.178413,0.26176
rc_trial_a33_k3_hn05,3,2537,10537,0.672945,0.920695
rc_trial_a33_k3_hn05,3,2538,10538,0.697618,0.594766
rc_trial_a33_k3_hn05,3,2539,10539,0.837981,0.516978
rc_trial_a33_k3_hn05,3,2540,10540,0.780661,0.805513
rc_trial_a33_k3_hn05,3,2541,10541,0.830639,0.832029
rc_trial_a33_k3_hn05,3,2542,10542,0.843541,0.853717
rc_trial_a33_k3_hn05,3,2543,10543,0.807095,0.817478
rc_trial_a33_k3_hn05,3,2544,10544,0.740256,0.752252
rc_trial_a33_k3_hn05,3,2545,10545,0.697612,0.53606
rc_trial_a33_k3_hn05,3,2546,10546,0.274559,0.165129
rc_trial_a33_k3_hn05,3,2547,10547,0.407351,0.192565
rc_trial_a33_k3_hn05,3,2548,10548,0.540962,1.13436
rc_trial_a33_k3_hn05,3,2549,10549,0.485963,0.729563
rc_trial_a33_k3_hn05,3,2550,10550,0.889209,0.559045
rc_trial_a33_k3_hn05,3,2551,10551,0.82444,0.81231
rc_trial_a33_k3_hn05,3,2552,10552,0.522504,0.601029
rc_trial_a33_k3_hn05,3,2553,10553,0.314185,0.870292
rc_trial_a33_k3_hn05,3,2554,10554,0.585358,0.362394
rc_trial_a33_k3_hn05,3,2555,10555,0.563105,0.377089
rc_trial_a33_k3_hn05,3,2556,10556,-0.464662,0.705654
rc_trial_a33_k3_hn05,3,2557,10557,-0.0274077,0.480136
rc_trial_a33_k3_hn05,3,2558,10558,-0.0198785,0.567847
rc_trial_a33_k3_hn05,3,2559,10559,0.00461614,0.435208
rc_trial_a33_k3_hn05,3,2560,10560,-0.071221,0.785804
rc_trial_a33_k3_hn05,3,2561,10561,0.258543,0.145225
rc_trial_a33_k3_hn05,3,2562,10562,0.150616,0.16905800000000001
rc_trial_a33_k3_hn05,3,2563,10563,0.366578,0.307672
rc_trial_a33_k3_hn05,3,2564,10564,0.152098,0.29362
rc_trial_a33_k3_hn05,3,2565,10565,0.842838,0.425473
rc_trial_a33_k3_hn05,3,2566,10566,1.4588,0.64377
rc_trial_a33_k3_hn05,3,2567,10567,0.515316,0.324391
rc_trial_a33_k3_hn05,3,2568,10568,0.467781,0.286828
rc_trial_a33_k3_hn05,3,2569,10569,0.948804,0.740767
rc_trial_a33_k3_hn05,3,2570,10570,0.510109,0.444798
rc_trial_a33_k3_hn05,3,2571,10571,0.870552,0.736725
rc_trial_a33_k3_hn05,3,2572,10572,0.977231,0.937942
rc_trial_a33_k3_hn05,3,2573,10573,1.02878,0.736432
rc_trial_a33_k3_hn05,3,2574,10574,0.826059,0.665438
rc_trial_a33_k3_hn05,3,2575,10575,0.815019,0.532717
rc_trial_a33_k3_hn05,3,2576,10576,0.496241,0.28596
rc_trial_a33_k3_hn05,3,2577,10577,-0.0144107,0.451415
rc_trial_a33_k3_hn05,3,2578,10578,-0.165756,1.02784
rc_trial_a33_k3_hn05,3,2579,10579,0.177534,0.815016
rc_trial_a33_k3_hn05,3,2580,10580,0.27015,0.302199
rc_trial_a33_k3_hn05,3,2581,10581,1.04641,0.941994
rc_trial_a33_k3_hn05,3,2582,10582,1.00589,0.912536
rc_trial_a33_k3_hn05,3,2583,10583,1.20818,0.974467
rc_trial_a33_k3_hn05,3,2584,10584,1.26318,0.807771
rc_trial_a33_k3_hn05,3,2585,10585,1.25971,0.831596
rc_trial_a33_k3_hn05,3,2586,10586,1.68208,0.77258
rc_trial_a33_k3_hn05,3,2587,10587,1.09175,1.01778
rc_trial_a33_k3_hn05,3,2588,10588,1.06811,0.973645
rc_trial_a33_k3_hn05,3,2589,10589,0.647344,0.435852
rc_trial_a33_k3_hn05,3,2590,10590,0.643134,0.298083
rc_trial_a33_k3_hn05,3,2591,10591,0.470841,0.591481
rc_trial_a33_k3_hn05,3,2592,10592,0.323687,0.535778
rc_trial_a33_k3_hn05,3,2593,10593,0.789689,0.482401
rc_trial_a33_k3_hn05,3,2594,10594,0.914339,0.80952
rc_trial_a33_k3_hn05,3,2595,10595,0.80305,0.373225
rc_trial_a33_k3_hn05,3,2596,10596,0.229143,0.498883
rc_trial_a33_k3_hn05,3,2597,10597,0.436671,0.796568
rc_trial_a33_k3_hn05,3,2598,10598,0.446072,0.834612
rc_trial_a33_k3_hn05,3,2599,10599,0.379018,0.724986
rc_trial_a33_k3_hn05,3,2600,10600,0.503473,0.328761
rc_trial_a33_k3_hn05,3,2601,10601,0.450397,0.333954
rc_trial_a33_k3_hn05,3,2602,10602,0.39436,0.616726
rc_trial_a33_k3_hn05,3,2603,10603,0.367328,0.312262
rc_trial_a33_k3_hn05,3,2604,10604,0.201522,0.040135
rc_trial_a33_k3_hn05,3,2605,10605,0.102087,0.0642647
rc_trial_a33_k3_hn05,3,2606,10606,0.156802,0.124497
rc_trial_a33_k3_hn05,3,2607,10607,0.344399,0.075398
rc_trial_a33_k3_hn05,3,2608,10608,0.393626,0.0649638
rc_trial_a33_k3_hn05,3,2609,10609,0.401693,0.307574
rc_trial_a33_k3_hn05,3,2610,10610,0.430979,0.34033
rc_trial_a33_k3_hn05,3,2611,10611,0.459593,0.331373
rc_trial_a33_k3_hn05,3,2612,10612,0.345598,0.382136
rc_trial_a33_k3_hn05,3,2613,10613,0.489162,0.310588
rc_trial_a33_k3_hn05,3,2614,10614,0.382671,0.409032
rc_trial_a33_k3_hn05,3,2615,10615,0.531687,0.377718
rc_trial_a33_k3_hn05,3,2616,10616,0.384175,0.805172
rc_trial_a33_k3_hn05,3,2617,10617,0.377415,0.682999
rc_trial_a33_k3_hn05,3,2618,10618,0.268073,0.397438
rc_trial_a33_k3_hn05,3,2619,10619,0.445741,0.262105
rc_trial_a33_k3_hn05,3,2620,10620,0.471714,0.540004
rc_trial_a33_k3_hn05,3,2621,10621,0.0949001,0.438914
rc_trial_a33_k3_hn05,3,2622,10622,0.38642,0.294555
rc_trial_a33_k3_hn05,3,2623,10623,0.226847,0.140448
rc_trial_a33_k3_hn05,3,2624,10624,0.242106,0.233103
rc_trial_a33_k3_hn05,3,2625,10625,0.336328,0.33738
rc_trial_a33_k3_hn05,3,2626,10626,0.254356,0.390884
rc_trial_a33_k3_hn05,3,2627,10627,0.394618,1.1613
rc_trial_a33_k3_hn05,3,2628,10628,0.494878,0.737705
rc_trial_a33_k3_hn05,3,2629,10629,0.172658,0.179786
rc_trial_a33_k3_hn05,3,2630,10630,0.360975,0.103685
rc_trial_a33_k3_hn05,3,2631,10631,0.38652,0.385932
rc_trial_a33_k3_hn05,3,2632,10632,0.386279,0.249108
rc_trial_a33_k3_hn05,3,2633,10633,0.440213,0.372614
rc_trial_a33_k3_hn05,3,2634,10634,0.40255,0.18688
rc_trial_a33_k3_hn05,3,2635,10635,0.55092699999999994,0.466596
rc_trial_a33_k3_hn05,3,2636,10636,0.597373,0.469076
rc_trial_a33_k3_hn05,3,2637,10637,0.274854,0.80582
rc_trial_a33_k3_hn05,3,2638,10638,0.0962832,0.528022
rc_trial_a33_k3_hn05,3,2639,10639,0.0551506,0.464754
rc_trial_a33_k3_hn05,3,2640,10640,0.55996,0.353274
rc_trial_a33_k3_hn05,3,2641,10641,0.361949,0.307926
rc_trial_a33_k3_hn05,3,2642,10642,0.370873,0.447979
rc_trial_a33_k3_hn05,3,2643,10643,0.149711,0.589587
rc_trial_a33_k3_hn05,3,2644,10644,0.539369,0.352311
rc_trial_a33_k3_hn05,3,2645,10645,0.489922,0.505286
rc_trial_a33_k3_hn05,3,2646,10646,0.0843301,0.305802
rc_trial_a33_k3_hn05,3,2647,10647,0.227325,0.289292
rc_trial_a33_k3_hn05,3,2648,10648,0.484353,0.880569
rc_trial_a33_k3_hn05,3,2649,10649,0.480401,0.532539
rc_trial_a33_k3_hn05,3,2650,10650,0.228793,0.545535
rc_trial_a33_k3_hn05,3,2651,10651,0.202041,0.305421
rc_trial_a33_k3_hn05,3,2652,10652,0.198522,0.64321
rc_trial_a33_k3_hn05,3,2653,10653,0.0759518,0.635747
rc_trial_a33_k3_hn05,3,2654,10654,0.191658,0.682376
rc_trial_a33_k3_hn05,3,2655,10655,0.146903,0.639424
rc_trial_a33_k3_hn05,3,2656,10656,0.581497,0.592434
rc_trial_a33_k3_hn05,3,2657,10657,0.210377,0.781643
rc_trial_a33_k3_hn05,3,2658,10658,0.215133,0.695784
rc_trial_a33_k3_hn05,3,2659,10659,-0.100017,0.83572
rc_trial_a33_k3_hn05,3,2660,10660,0.359039,0.253061
rc_trial_a33_k3_hn05,3,2661,10661,0.412993,0.182761
rc_trial_a33_k3_hn05,3,2662,10662,0.238575,0.538369
rc_trial_a33_k3_hn05,3,2663,10663,0.667613,0.502594
rc_trial_a33_k3_hn05,3,2664,10664,0.579901,0.406383
rc_trial_a33_k3_hn05,3,2665,10665,0.484384,0.351161
rc_trial_a33_k3_hn05,3,2666,10666,0.738828,0.5947
rc_trial_a33_k3_hn05,3,2667,10667,0.675814,0.781878
rc_trial_a33_k3_hn05,3,2668,10668,0.0286202,0.433063
rc_trial_a33_k3_hn05,3,2669,10669,0.0501411,0.362769
rc_trial_a33_k3_hn05,3,2670,10670,-0.0684946,0.321985
rc_trial_a33_k3_hn05,3,2671,10671,-0.227857,0.304588
rc_trial_a33_k3_hn05,3,2672,10672,0.214148,0.928784
rc_trial_a33_k3_hn05,3,2673,10673,0.06973,0.606732
rc_trial_a33_k3_hn05,3,2674,10674,0.204557,0.105233
rc_trial_a33_k3_hn05,3,2675,10675,0.621982,0.338888
rc_trial_a33_k3_hn05,3,2676,10676,0.618732,0.227724
rc_trial_a33_k3_hn05,3,2677,10677,0.788583,0.552037
rc_trial_a33_k3_hn05,3,2678,10678,0.121839,0.69206
rc_trial_a33_k3_hn05,3,2679,10679,0.585618,0.727063
rc_trial_a33_k3_hn05,3,2680,10680,0.565104,0.545059
rc_trial_a33_k3_hn05,3,2681,10681,0.824258,0.708831
rc_trial_a33_k3_hn05,3,2682,10682,0.490815,0.318756
rc_trial_a33_k3_hn05,3,2683,10683,0.663366,0.206785
rc_trial_a33_k3_hn05,3,2684,10684,1.05367,0.92364
rc_trial_a33_k3_hn05,3,2685,10685,1.08532,0.526544
rc_trial_a33_k3_hn05,3,2686,10686,0.728195,0.35293
rc_trial_a33_k3_hn05,3,2687,10687,0.87118,0.60322
rc_trial_a33_k3_hn05,3,2688,10688,1.03248,0.458175
rc_trial_a33_k3_hn05,3,2689,10689,1.00449,0.537958
rc_trial_a33_k3_hn05,3,2690,10690,0.122137,0.554205
rc_trial_a33_k3_hn05,3,2691,10691,0.361447,0.515942
rc_trial_a33_k3_hn05,3,2692,10692,0.483808,0.630205
rc_trial_a33_k3_hn05,3,2693,10693,0.577981,0.755863
rc_trial_a33_k3_hn05,3,2694,10694,0.341821,0.240049
rc_trial_a33_k3_hn05,3,2695,10695,0.432461,0.369587
rc_trial_a33_k3_hn05,3,2696,10696,0.584155,0.215271
rc_trial_a33_k3_hn05,3,2697,10697,0.457877,0.274061
rc_trial_a33_k3_hn05,3,2698,10698,0.464948,0.237223
rc_trial_a33_k3_hn05,3,2699,10699,0.691404,0.368135
rc_trial_a33_k3_hn05,3,2700,10700,0.341932,0.386411
rc_trial_a33_k3_hn05,3,2701,10701,0.3914,0.346284
rc_trial_a33_k3_hn05,3,2702,10702,0.282106,0.388373
rc_trial_a33_k3_hn05,3,2703,10703,0.582604,0.700802
rc_trial_a33_k3_hn05,3,2704,10704,0.260518,0.423244
rc_trial_a33_k3_hn05,3,2705,10705,0.257796,0.473754
rc_trial_a33_k3_hn05,3,2706,10706,0.238034,0.456864
rc_trial_a33_k3_hn05,3,2707,10707,0.0505022,0.70254
rc_trial_a33_k3_hn05,3,2708,10708,0.825406,0.511955
rc_trial_a33_k3_hn05,3,2709,10709,0.505058,0.316433
rc_trial_a33_k3_hn05,3,2710,10710,0.198196,0.257077
rc_trial_a33_k3_hn05,3,2711,10711,0.0907993,0.224209
rc_trial_a33_k3_hn05,3,2712,10712,0.11692,0.355637
rc_trial_a33_k3_hn05,3,2713,10713,0.135687,0.594977
rc_trial_a33_k3_hn05,3,2714,10714,0.197606,0.610938
rc_trial_a33_k3_hn05,3,2715,10715,0.189861,0.912691
rc_trial_a33_k3_hn05,3,2716,10716,0.602306,0.222359
rc_trial_a33_k3_hn05,3,2717,10717,0.421659,0.248382
rc_trial_a33_k3_hn05,3,2718,10718,0.629677,0.281797
rc_trial_a33_k3_hn05,3,2719,10719,0.606532,0.425261
rc_trial_a33_k3_hn05,3,2720,10720,0.26925,0.517203
rc_trial_a33_k3_hn05,3,2721,10721,0.260803,0.462606
rc_trial_a33_k3_hn05,3,2722,10722,0.622109,0.72292
rc_trial_a33_k3_hn05,3,2723,10723,0.770871,0.786026
rc_trial_a33_k3_hn05,3,2724,10724,0.857255,0.696552
rc_trial_a33_k3_hn05,3,2725,10725,0.527619,0.759594
rc_trial_a33_k3_hn05,3,2726,10726,0.601542,0.944503
rc_trial_a33_k3_hn05,3,2727,10727,0.0560465,0.407284
rc_trial_a33_k3_hn05,3,2728,10728,0.224143,0.276146
rc_trial_a33_k3_hn05,3,2729,10729,0.339107,0.162096
rc_trial_a33_k3_hn05,3,2730,10730,0.281757,0.311327
rc_trial_a33_k3_hn05,3,2731,10731,0.0401368,0.312677
rc_trial_a33_k3_hn05,3,2732,10732,0.298958,0.293613
rc_trial_a33_k3_hn05,3,2733,10733,0.410952,0.468585
rc_trial_a33_k3_hn05,3,2734,10734,0.554295,0.360744
rc_trial_a33_k3_hn05,3,2735,10735,0.662806,0.312605
rc_trial_a33_k3_hn05,3,2736,10736,0.609799,0.294611
rc_trial_a33_k3_hn05,3,2737,10737,0.3644,0.159126
rc_trial_a33_k3_hn05,3,2738,10738,0.625971,0.229611
rc_trial_a33_k3_hn05,3,2739,10739,0.67755,0.528332
rc_trial_a33_k3_hn05,3,2740,10740,0.618604,0.453904
rc_trial_a33_k3_hn05,3,2741,10741,0.226089,0.554433
rc_trial_a33_k3_hn05,3,2742,10742,0.306738,0.45735
rc_trial_a33_k3_hn05,3,2743,10743,0.509804,0.665331
rc_trial_a33_k3_hn05,3,2744,10744,0.61856,0.498417
rc_trial_a33_k3_hn05,3,2745,10745,0.266673,0.310833
rc_trial_a33_k3_hn05,3,2746,10746,0.451983,0.258302
rc_trial_a33_k3_hn05,3,2747,10747,0.297125,0.16705
rc_trial_a33_k3_hn05,3,2748,10748,-0.0315474,0.183899
rc_trial_a33_k3_hn05,3,2749,10749,0.181506,0.199579
rc_trial_a33_k3_hn05,3,2750,10750,0.244178,0.0986869
rc_trial_a33_k3_hn05,3,2751,10751,0.420898,0.312774
rc_trial_a33_k3_hn05,3,2752,10752,0.432589,0.272588
rc_trial_a33_k3_hn05,3,2753,10753,0.407282,0.27083
rc_trial_a33_k3_hn05,3,2754,10754,0.335639,0.217477
rc_trial_a33_k3_hn05,3,2755,10755,0.0702504,0.175925
rc_trial_a33_k3_hn05,3,2756,10756,0.176105,0.223691
rc_trial_a33_k3_hn05,3,2757,10757,0.537561,0.390904
rc_trial_a33_k3_hn05,3,2758,10758,0.216084,0.289629
rc_trial_a33_k3_hn05,3,2759,10759,0.0776583,0.186532
rc_trial_a33_k3_hn05,3,2760,10760,0.14406,0.165954
rc_trial_a33_k3_hn05,3,2761,10761,0.0932205,0.569388
rc_trial_a33_k3_hn05,3,2762,10762,-0.288066,0.825873
rc_trial_a33_k3_hn05,3,2763,10763,-0.327456,0.676001
rc_trial_a33_k3_hn05,3,2764,10764,-0.0621405,0.926359
rc_trial_a33_k3_hn05,3,2765,10765,-0.0541898,0.783685
rc_trial_a33_k3_hn05,3,2766,10766,-0.140583,0.874552
rc_trial_a33_k3_hn05,3,2767,10767,-0.0500987,0.50596699999999994
rc_trial_a33_k3_hn05,3,2768,10768,0.199454,0.475093
rc_trial_a33_k3_hn05,3,2769,10769,0.220817,0.579956
rc_trial_a33_k3_hn05,3,2770,10770,0.499722,0.360022
rc_trial_a33_k3_hn05,3,2771,10771,0.750837,0.514979
rc_trial_a33_k3_hn05,3,2772,10772,0.834022,0.428256
rc_trial_a33_k3_hn05,3,2773,10773,0.265114,0.810827
rc_trial_a33_k3_hn05,3,2774,10774,0.436944,0.360722
rc_trial_a33_k3_hn05,3,2775,10775,0.357112,0.353891
rc_trial_a33_k3_hn05,3,2776,10776,0.129787,0.226325
rc_trial_a33_k3_hn05,3,2777,10777,-0.024778,0.58664
rc_trial_a33_k3_hn05,3,2778,10778,0.102856,0.244749
rc_trial_a33_k3_hn05,3,2779,10779,0.113616,0.428945
rc_trial_a33_k3_hn05,3,2780,10780,0.0545334,0.148012
rc_trial_a33_k3_hn05,3,2781,10781,0.203979,0.233366
rc_trial_a33_k3_hn05,3,2782,10782,0.205819,0.24869
rc_trial_a33_k3_hn05,3,2783,10783,0.0565622,0.0312204
rc_trial_a33_k3_hn05,3,2784,10784,0.317301,0.065059
rc_trial_a33_k3_hn05,3,2785,10785,0.177453,0.00204685
rc_trial_a33_k3_hn05,3,2786,10786,0.420894,0.0027874
rc_trial_a33_k3_hn05,3,2787,10787,0.279222,0.00224185
rc_trial_a33_k3_hn05,3,2788,10788,0.345866,0.00463879
rc_trial_a33_k3_hn05,3,2789,10789,0.266813,0.0144202
rc_trial_a33_k3_hn05,3,2790,10790,0.30737,0.025726
rc_trial_a33_k3_hn05,3,2791,10791,0.537563,0.162672
rc_trial_a33_k3_hn05,3,2792,10792,0.494872,0.501097
rc_trial_a33_k3_hn05,3,2793,10793,0.823064,0.545507
rc_trial_a33_k3_hn05,3,2794,10794,0.803778,0.333256
rc_trial_a33_k3_hn05,3,2795,10795,0.973259,0.593622
rc_trial_a33_k3_hn05,3,2796,10796,0.388912,0.0646986
rc_trial_a33_k3_hn05,3,2797,10797,0.370249,0.0658231
rc_trial_a33_k3_hn05,3,2798,10798,0.237352,0.0111647
rc_trial_a33_k3_hn05,3,2799,10799,0.297135,0.0270739
rc_trial_a33_k3_hn05,3,2800,10800,0.290036,0.0814581
rc_trial_a33_k3_hn05,3,2801,10801,0.24379,0.076481
rc_trial_a33_k3_hn05,3,2802,10802,-0.31299,0.866858
rc_trial_a33_k3_hn05,3,2803,10803,-0.347061,0.854078
rc_trial_a33_k3_hn05,3,2804,10804,0.221758,0.573099
rc_trial_a33_k3_hn05,3,2805,10805,0.979042,0.479988
rc_trial_a33_k3_hn05,3,2806,10806,0.926796,0.570051
rc_trial_a33_k3_hn05,3,2807,10807,0.840285,0.569277
rc_trial_a33_k3_hn05,3,2808,10808,1.15309,0.781027
rc_trial_a33_k3_hn05,3,2809,10809,0.552861,0.283839
rc_trial_a33_k3_hn05,3,2810,10810,1.06497,1.32726
rc_trial_a33_k3_hn05,3,2811,10811,0.662683,0.817026
rc_trial_a33_k3_hn05,3,2812,10812,0.537249,0.284765
rc_trial_a33_k3_hn05,3,2813,10813,0.541193,0.246349
rc_trial_a33_k3_hn05,3,2814,10814,0.31855,0.323748
rc_trial_a33_k3_hn05,3,2815,10815,0.461869,0.322148
rc_trial_a33_k3_hn05,3,2816,10816,0.724805,0.904404
rc_trial_a33_k3_hn05,3,2817,10817,0.611152,0.58943
rc_trial_a33_k3_hn05,3,2818,10818,0.751805,0.622551
rc_trial_a33_k3_hn05,3,2819,10819,0.533378,0.259054
rc_trial_a33_k3_hn05,3,2820,10820,0.341064,0.225178
rc_trial_a33_k3_hn05,3,2821,10821,0.147284,0.188587
rc_trial_a33_k3_hn05,3,2822,10822,0.86719,0.484121
rc_trial_a33_k3_hn05,3,2823,10823,0.706661,0.745591
rc_trial_a33_k3_hn05,3,2824,10824,0.235515,0.161296
rc_trial_a33_k3_hn05,3,2825,10825,0.267944,0.4196
rc_trial_a33_k3_hn05,3,2826,10826,0.213101,0.408343
rc_trial_a33_k3_hn05,3,2827,10827,0.640332,0.682227
rc_trial_a33_k3_hn05,3,2828,10828,0.340696,0.520022
rc_trial_a33_k3_hn05,3,2829,10829,0.178814,0.195444
rc_trial_a33_k3_hn05,3,2830,10830,0.328882,0.125684
rc_trial_a33_k3_hn05,3,2831,10831,0.439227,0.252585
rc_trial_a33_k3_hn05,3,2832,10832,0.369919,0.416348
rc_trial_a33_k3_hn05,3,2833,10833,0.387579,0.609464
rc_trial_a33_k3_hn05,3,2834,10834,0.39978,0.44533
rc_trial_a33_k3_hn05,3,2835,10835,0.30749,0.443831
rc_trial_a33_k3_hn05,3,2836,10836,0.151905,0.198194
rc_trial_a33_k3_hn05,3,2837,10837,0.199843,0.0615387
rc_trial_a33_k3_hn05,3,2838,10838,0.534426,0.509628
rc_trial_a33_k3_hn05,3,2839,10839,0.560402,0.355676
rc_trial_a33_k3_hn05,3,2840,10840,0.338715,0.214637
rc_trial_a33_k3_hn05,3,2841,10841,0.346923,0.338108
rc_trial_a33_k3_hn05,3,2842,10842,0.382449,0.229205
rc_trial_a33_k3_hn05,3,2843,10843,0.223934,0.560734
rc_trial_a33_k3_hn05,3,2844,10844,0.2344,0.346229
rc_trial_a33_k3_hn05,3,2845,10845,-0.110835,0.691782
rc_trial_a33_k3_hn05,3,2846,10846,-0.102305,0.653205
rc_trial_a33_k3_hn05,3,2847,10847,0.505684,0.426762
rc_trial_a33_k3_hn05,3,2848,10848,0.312983,0.393803
rc_trial_a33_k3_hn05,3,2849,10849,0.120323,0.148638
rc_trial_a33_k3_hn05,3,2850,10850,-0.0127471,0.430563
rc_trial_a33_k3_hn05,3,2851,10851,0.214097,0.134641
rc_trial_a33_k3_hn05,3,2852,10852,0.406892,0.409243
rc_trial_a33_k3_hn05,3,2853,10853,0.322722,0.238995
rc_trial_a33_k3_hn05,3,2854,10854,0.42636,0.897677
rc_trial_a33_k3_hn05,3,2855,10855,0.227822,0.477717
rc_trial_a33_k3_hn05,3,2856,10856,0.00348936,0.889568
rc_trial_a33_k3_hn05,3,2857,10857,0.15475,0.333538
rc_trial_a33_k3_hn05,3,2858,10858,-0.0779514,0.37224
rc_trial_a33_k3_hn05,3,2859,10859,0.26741,0.342472
rc_trial_a33_k3_hn05,3,2860,10860,0.396712,0.12837
rc_trial_a33_k3_hn05,3,2861,10861,0.396219,0.170562
rc_trial_a33_k3_hn05,3,2862,10862,0.643593,0.349137
rc_trial_a33_k3_hn05,3,2863,10863,0.247483,0.233811
rc_trial_a33_k3_hn05,3,2864,10864,0.0687894,0.345531
rc_trial_a33_k3_hn05,3,2865,10865,0.324276,0.312738
rc_trial_a33_k3_hn05,3,2866,10866,0.454786,0.301216
rc_trial_a33_k3_hn05,3,2867,10867,0.333587,0.217375
rc_trial_a33_k3_hn05,3,2868,10868,0.311067,0.255058
rc_trial_a33_k3_hn05,3,2869,10869,0.601958,1.20557
rc_trial_a33_k3_hn05,3,2870,10870,0.482818,0.614547
rc_trial_a33_k3_hn05,3,2871,10871,0.723124,0.371968
rc_trial_a33_k3_hn05,3,2872,10872,0.715056,0.470301
rc_trial_a33_k3_hn05,3,2873,10873,1.42377,0.772153
rc_trial_a33_k3_hn05,3,2874,10874,0.395453,0.189229
rc_trial_a33_k3_hn05,3,2875,10875,0.324312,0.135329
rc_trial_a33_k3_hn05,3,2876,10876,0.320324,0.0392845
rc_trial_a33_k3_hn05,3,2877,10877,0.32844,0.0317462
rc_trial_a33_k3_hn05,3,2878,10878,0.274954,0.0612133
rc_trial_a33_k3_hn05,3,2879,10879,0.375571,0.159519
rc_trial_a33_k3_hn05,3,2880,10880,0.388272,0.0911166
rc_trial_a33_k3_hn05,3,2881,10881,0.304663,0.0186946
rc_trial_a33_k3_hn05,3,2882,10882,0.318297,0.111779
rc_trial_a33_k3_hn05,3,2883,10883,0.11849,0.20338
rc_trial_a33_k3_hn05,3,2884,10884,0.29392,0.0969858
rc_trial_a33_k3_hn05,3,2885,10885,0.246665,0.146254
rc_trial_a33_k3_hn05,3,2886,10886,0.385028,0.166227
rc_trial_a33_k3_hn05,3,2887,10887,0.441933,0.140889
rc_trial_a33_k3_hn05,3,2888,10888,0.466592,0.167208
rc_trial_a33_k3_hn05,3,2889,10889,0.441255,0.191823
rc_trial_a33_k3_hn05,3,2890,10890,-0.0996905,0.880572
rc_trial_a33_k3_hn05,3,2891,10891,0.238337,0.299396
rc_trial_a33_k3_hn05,3,2892,10892,0.00494364,0.712616
rc_trial_a33_k3_hn05,3,2893,10893,0.357406,0.0988744
rc_trial_a33_k3_hn05,3,2894,10894,0.103977,0.17824
rc_trial_a33_k3_hn05,3,2895,10895,0.205533,0.247285
rc_trial_a33_k3_hn05,3,2896,10896,0.263587,0.351787
rc_trial_a33_k3_hn05,3,2897,10897,1.07581,0.597016
rc_trial_a33_k3_hn05,3,2898,10898,1.08408,0.678305
rc_trial_a33_k3_hn05,3,2899,10899,1.37284,0.522058
rc_trial_a33_k3_hn05,3,2900,10900,0.669249,0.246729
rc_trial_a33_k3_hn05,3,2901,10901,0.704635,0.369232
rc_trial_a33_k3_hn05,3,2902,10902,0.317397,0.200661
rc_trial_a33_k3_hn05,3,2903,10903,0.338709,0.239703
rc_trial_a33_k3_hn05,3,2904,10904,0.159254,0.215835
rc_trial_a33_k3_hn05,3,2905,10905,0.203089,0.226643
rc_trial_a33_k3_hn05,3,2906,10906,0.486783,0.113005
rc_trial_a33_k3_hn05,3,2907,10907,0.167105,0.0934702
rc_trial_a33_k3_hn05,3,2908,10908,0.401614,0.149094
rc_trial_a33_k3_hn05,3,2909,10909,0.291532,0.0971328
rc_trial_a33_k3_hn05,3,2910,10910,0.183817,0.208462
rc_trial_a33_k3_hn05,3,2911,10911,0.191593,0.063252
rc_trial_a33_k3_hn05,3,2912,10912,0.366721,0.0921265
rc_trial_a33_k3_hn05,3,2913,10913,0.25012,0.0507701
rc_trial_a33_k3_hn05,3,2914,10914,0.4328,0.275176
rc_trial_a33_k3_hn05,3,2915,10915,0.395956,0.205829
rc_trial_a33_k3_hn05,3,2916,10916,0.53985,0.688874
rc_trial_a33_k3_hn05,3,2917,10917,0.330909,0.377666
rc_trial_a33_k3_hn05,3,2918,10918,0.473013,0.458071
rc_trial_a33_k3_hn05,3,2919,10919,0.730123,0.487659
rc_trial_a33_k3_hn05,3,2920,10920,0.39588,0.11912
rc_trial_a33_k3_hn05,3,2921,10921,0.160768,0.214447
rc_trial_a33_k3_hn05,3,2922,10922,0.551941,0.160501
rc_trial_a33_k3_hn05,3,2923,10923,0.4882,0.109931
rc_trial_a33_k3_hn05,3,2924,10924,0.23131,0.656745
rc_trial_a33_k3_hn05,3,2925,10925,0.857645,0.429483
rc_trial_a33_k3_hn05,3,2926,10926,0.447098,0.734852
rc_trial_a33_k3_hn05,3,2927,10927,0.769473,0.335778
rc_trial_a33_k3_hn05,3,2928,10928,0.486345,0.178892
rc_trial_a33_k3_hn05,3,2929,10929,0.39308,0.418301
rc_trial_a33_k3_hn05,3,2930,10930,0.356027,1.07637
rc_trial_a33_k3_hn05,3,2931,10931,0.506203,0.712781
rc_trial_a33_k3_hn05,3,2932,10932,0.320023,0.558027
rc_trial_a33_k3_hn05,3,2933,10933,0.348671,0.496457
rc_trial_a33_k3_hn05,3,2934,10934,0.238551,0.347904
rc_trial_a33_k3_hn05,3,2935,10935,0.349785,0.154689
rc_trial_a33_k3_hn05,3,2936,10936,0.26217,0.16234
rc_trial_a33_k3_hn05,3,2937,10937,0.396315,0.186543
rc_trial_a33_k3_hn05,3,2938,10938,0.278753,0.138362
rc_trial_a33_k3_hn05,3,2939,10939,0.33843,0.159061
rc_trial_a33_k3_hn05,3,2940,10940,0.27262,0.073901
rc_trial_a33_k3_hn05,3,2941,10941,0.429745,0.127049
rc_trial_a33_k3_hn05,3,2942,10942,0.382778,0.57912
rc_trial_a33_k3_hn05,3,2943,10943,0.479013,0.557186
rc_trial_a33_k3_hn05,3,2944,10944,0.66987,0.651185
rc_trial_a33_k3_hn05,3,2945,10945,0.593039,0.216528
rc_trial_a33_k3_hn05,3,2946,10946,0.616441,0.185776
rc_trial_a33_k3_hn05,3,2947,10947,0.322561,0.126452
rc_trial_a33_k3_hn05,3,2948,10948,0.447007,0.0464839
rc_trial_a33_k3_hn05,3,2949,10949,-0.0492178,0.124563
rc_trial_a33_k3_hn05,3,2950,10950,0.725437,0.255438
rc_trial_a33_k3_hn05,3,2951,10951,0.562443,0.250283
rc_trial_a33_k3_hn05,3,2952,10952,0.491772,0.31728
rc_trial_a33_k3_hn05,3,2953,10953,0.560947,0.339398
rc_trial_a33_k3_hn05,3,2954,10954,0.663952,0.245061
rc_trial_a33_k3_hn05,3,2955,10955,0.487824,0.368257
rc_trial_a33_k3_hn05,3,2956,10956,0.501204,0.355618
rc_trial_a33_k3_hn05,3,2957,10957,0.359217,0.380411
rc_trial_a33_k3_hn05,3,2958,10958,0.215931,0.102707
rc_trial_a33_k3_hn05,3,2959,10959,-0.120773,0.303559
rc_trial_a33_k3_hn05,3,2960,10960,0.17864,0.681493
rc_trial_a33_k3_hn05,3,2961,10961,-0.68435,1.00117
rc_trial_a33_k3_hn05,3,2962,10962,-0.708515,0.990583
rc_trial_a33_k3_hn05,3,2963,10963,-0.832786,1.40669
rc_trial_a33_k3_hn05,3,2964,10964,-0.831378,1.48166
rc_trial_a33_k3_hn05,3,2965,10965,-0.0438096,0.214925
rc_trial_a33_k3_hn05,3,2966,10966,0.12923,0.454579
rc_trial_a33_k3_hn05,3,2967,10967,0.656086,0.783779
rc_trial_a33_k3_hn05,3,2968,10968,0.524689,0.344571
rc_trial_a33_k3_hn05,3,2969,10969,0.589264,0.39037
rc_trial_a33_k3_hn05,3,2970,10970,0.501715,0.654521
rc_trial_a33_k3_hn05,3,2971,10971,0.548714,0.60561
rc_trial_a33_k3_hn05,3,2972,10972,0.32483,0.571121
rc_trial_a33_k3_hn05,3,2973,10973,0.27561,0.704522
rc_trial_a33_k3_hn05,3,2974,10974,0.379128,0.541842
rc_trial_a33_k3_hn05,3,2975,10975,0.19457,0.593219
rc_trial_a33_k3_hn05,3,2976,10976,0.60096,0.688128
rc_trial_a33_k3_hn05,3,2977,10977,0.783379,0.924779
rc_trial_a33_k3_hn05,3,2978,10978,0.385554,0.190282
rc_trial_a33_k3_hn05,3,2979,10979,0.506725,0.399922
rc_trial_a33_k3_hn05,3,2980,10980,0.598947,0.304069
rc_trial_a33_k3_hn05,3,2981,10981,0.526094,0.433587
rc_trial_a33_k3_hn05,3,2982,10982,0.564107,0.115567
rc_trial_a33_k3_hn05,3,2983,10983,0.203201,0.125137
rc_trial_a33_k3_hn05,3,2984,10984,0.66733,0.227123
rc_trial_a33_k3_hn05,3,2985,10985,0.485177,0.127655
rc_trial_a33_k3_hn05,3,2986,10986,0.247922,0.256178
rc_trial_a33_k3_hn05,3,2987,10987,0.226893,0.211552
rc_trial_a33_k3_hn05,3,2988,10988,0.454308,0.288229
rc_trial_a33_k3_hn05,3,2989,10989,0.458742,0.176345
rc_trial_a33_k3_hn05,3,2990,10990,0.231929,0.378213
rc_trial_a33_k3_hn05,3,2991,10991,0.678306,0.560674
rc_trial_a33_k3_hn05,3,2992,10992,0.397337,0.55223
rc_trial_a33_k3_hn05,3,2993,10993,0.378232,0.903893
rc_trial_a33_k3_hn05,3,2994,10994,0.441353,0.285524
rc_trial_a33_k3_hn05,3,2995,10995,0.0950141,0.470088
rc_trial_a33_k3_hn05,3,2996,10996,0.418711,0.318395
rc_trial_a33_k3_hn05,3,2997,10997,0.204053,0.292292
rc_trial_a33_k3_hn05,3,2998,10998,0.546867,0.646759
rc_trial_a33_k3_hn05,3,2999,10999,0.551687,0.233459
rc_trial_a33_k3_hn05,3,3000,11000,0.346132,0.16847
rc_trial_a33_k3_hn05,3,3001,11001,0.51675,0.159336
rc_trial_a33_k3_hn05,3,3002,11002,0.453897,0.371377
rc_trial_a33_k3_hn05,3,3003,11003,-0.507468,1.21318
rc_trial_a33_k3_hn05,3,3004,11004,-0.356164,0.647286
rc_trial_a33_k3_hn05,3,3005,11005,-0.453766,0.506325
rc_trial_a33_k3_hn05,3,3006,11006,-0.566304,0.669381
rc_trial_a33_k3_hn05,3,3007,11007,-0.595042,0.771804
rc_trial_a33_k3_hn05,3,3008,11008,-0.552867,0.822484
rc_trial_a33_k3_hn05,3,3009,11009,0.887502,0.439744
rc_trial_a33_k3_hn05,3,3010,11010,0.725714,0.458642
rc_trial_a33_k3_hn05,3,3011,11011,0.227551,0.329902
rc_trial_a33_k3_hn05,3,3012,11012,0.193218,0.220998
rc_trial_a33_k3_hn05,3,3013,11013,0.160049,0.300434
rc_trial_a33_k3_hn05,3,3014,11014,0.52433,0.3191
rc_trial_a33_k3_hn05,3,3015,11015,0.575838,0.277175
rc_trial_a33_k3_hn05,3,3016,11016,0.479273,0.321954
rc_trial_a33_k3_hn05,3,3017,11017,0.55078,0.234478
rc_trial_a33_k3_hn05,3,3018,11018,0.156011,0.198411
rc_trial_a33_k3_hn05,3,3019,11019,0.313761,0.10657
rc_trial_a33_k3_hn05,3,3020,11020,-0.0225304,0.162091
rc_trial_a33_k3_hn05,3,3021,11021,0.0538911,0.329614
rc_trial_a33_k3_hn05,3,3022,11022,0.235704,0.227013
rc_trial_a33_k3_hn05,3,3023,11023,0.576675,0.292392
rc_trial_a33_k3_hn05,3,3024,11024,0.356988,0.385506
rc_trial_a33_k3_hn05,3,3025,11025,0.235288,0.237036
rc_trial_a33_k3_hn05,3,3026,11026,0.0238549,0.528922
rc_trial_a33_k3_hn05,3,3027,11027,0.107195,0.66926
rc_trial_a33_k3_hn05,3,3028,11028,0.261011,0.39383
rc_trial_a33_k3_hn05,3,3029,11029,0.316424,0.23143
rc_trial_a33_k3_hn05,3,3030,11030,0.160962,0.350011
rc_trial_a33_k3_hn05,3,3031,11031,0.131322,0.700829
rc_trial_a33_k3_hn05,3,3032,11032,0.0967273,0.471499
rc_trial_a33_k3_hn05,3,3033,11033,0.491607,0.272762
rc_trial_a33_k3_hn05,3,3034,11034,0.346424,0.325395
rc_trial_a33_k3_hn05,3,3035,11035,0.208791,0.607189
rc_trial_a33_k3_hn05,3,3036,11036,0.278231,0.654112
rc_trial_a33_k3_hn05,3,3037,11037,0.472869,0.434013
rc_trial_a33_k3_hn05,3,3038,11038,0.638128,0.634772
rc_trial_a33_k3_hn05,3,3039,11039,0.787467,0.762355
rc_trial_a33_k3_hn05,3,3040,11040,0.698038,0.319605
rc_trial_a33_k3_hn05,3,3041,11041,0.236469,0.268826
rc_trial_a33_k3_hn05,3,3042,11042,0.486574,0.290392
rc_trial_a33_k3_hn05,3,3043,11043,-0.0870374,0.953284
rc_trial_a33_k3_hn05,3,3044,11044,0.22241,0.803284
rc_trial_a33_k3_hn05,3,3045,11045,0.0359598,0.183104
rc_trial_a33_k3_hn05,3,3046,11046,0.0573695,0.385408
rc_trial_a33_k3_hn05,3,3047,11047,-0.110482,0.331926
rc_trial_a33_k3_hn05,3,3048,11048,-0.0627342,0.39516
rc_trial_a33_k3_hn05,3,3049,11049,0.564232,0.330237
rc_trial_a33_k3_hn05,3,3050,11050,0.258816,0.1387
rc_trial_a33_k3_hn05,3,3051,11051,0.267393,0.085726
rc_trial_a33_k3_hn05,3,3052,11052,0.35349,0.429708
rc_trial_a33_k3_hn05,3,3053,11053,0.0423768,0.587448
rc_trial_a33_k3_hn05,3,3054,11054,0.195505,0.379625
rc_trial_a33_k3_hn05,3,3055,11055,0.236409,0.776051
rc_trial_a33_k3_hn05,3,3056,11056,0.512848,0.271408
rc_trial_a33_k3_hn05,3,3057,11057,0.436295,0.176557
rc_trial_a33_k3_hn05,3,3058,11058,1.07368,0.456211
rc_trial_a33_k3_hn05,3,3059,11059,0.982718,0.616698
rc_trial_a33_k3_hn05,3,3060,11060,0.320282,0.222938
rc_trial_a33_k3_hn05,3,3061,11061,0.515755,0.236389
rc_trial_a33_k3_hn05,3,3062,11062,0.264525,0.501424
rc_trial_a33_k3_hn05,3,3063,11063,0.495754,0.305173
rc_trial_a33_k3_hn05,3,3064,11064,0.51931,0.154123
rc_trial_a33_k3_hn05,3,3065,11065,0.425405,0.218873
rc_trial_a33_k3_hn05,3,3066,11066,0.104994,0.105883
rc_trial_a33_k3_hn05,3,3067,11067,0.445641,0.0960773
rc_trial_a33_k3_hn05,3,3068,11068,0.221212,0.503665
rc_trial_a33_k3_hn05,3,3069,11069,0.582204,0.277206
rc_trial_a33_k3_hn05,3,3070,11070,0.387953,0.392359
rc_trial_a33_k3_hn05,3,3071,11071,-0.0979634,0.437557
rc_trial_a33_k3_hn05,3,3072,11072,0.128105,0.287976
rc_trial_a33_k3_hn05,3,3073,11073,0.0281391,0.529059
rc_trial_a33_k3_hn05,3,3074,11074,0.126337,0.346355
rc_trial_a33_k3_hn05,3,3075,11075,0.502069,0.711156
rc_trial_a33_k3_hn05,3,3076,11076,0.508382,0.189148
rc_trial_a33_k3_hn05,3,3077,11077,0.536454,0.229295
rc_trial_a33_k3_hn05,3,3078,11078,0.361035,0.190839
rc_trial_a33_k3_hn05,3,3079,11079,1.05459,1.02242
rc_trial_a33_k3_hn05,3,3080,11080,0.334704,0.315243
rc_trial_a33_k3_hn05,3,3081,11081,0.396797,0.163793
rc_trial_a33_k3_hn05,3,3082,11082,0.116656,0.237959
rc_trial_a33_k3_hn05,3,3083,11083,0.574816,0.622915
rc_trial_a33_k3_hn05,3,3084,11084,0.55172,0.388325
rc_trial_a33_k3_hn05,3,3085,11085,0.296268,0.757066
rc_trial_a33_k3_hn05,3,3086,11086,0.50523,0.5398
rc_trial_a33_k3_hn05,3,3087,11087,0.360904,0.732328
rc_trial_a33_k3_hn05,3,3088,11088,-0.116468,0.228663
rc_trial_a33_k3_hn05,3,3089,11089,0.216126,0.128989
rc_trial_a33_k3_hn05,3,3090,11090,0.145169,0.0783805
rc_trial_a33_k3_hn05,3,3091,11091,0.116382,0.0743196
rc_trial_a33_k3_hn05,3,3092,11092,0.166433,0.170842
rc_trial_a33_k3_hn05,3,3093,11093,0.180149,0.0874573
rc_trial_a33_k3_hn05,3,3094,11094,0.192408,0.087877
rc_trial_a33_k3_hn05,3,3095,11095,0.318413,0.502544
rc_trial_a33_k3_hn05,3,3096,11096,0.354166,0.456974
rc_trial_a33_k3_hn05,3,3097,11097,0.785807,0.904514
rc_trial_a33_k3_hn05,3,3098,11098,0.296822,0.313686
rc_trial_a33_k3_hn05,3,3099,11099,0.309043,0.359392
rc_trial_a33_k3_hn05,3,3100,11100,0.243403,0.0335783
rc_trial_a33_k3_hn05,3,3101,11101,0.222349,0.0865378
rc_trial_a33_k3_hn05,3,3102,11102,0.0542844,0.403913
rc_trial_a33_k3_hn05,3,3103,11103,0.673939,0.386981
rc_trial_a33_k3_hn05,3,3104,11104,0.442271,0.341562
rc_trial_a33_k3_hn05,3,3105,11105,0.49921,0.59981
rc_trial_a33_k3_hn05,3,3106,11106,-0.218281,0.90809
rc_trial_a33_k3_hn05,3,3107,11107,0.70237,0.537436
rc_trial_a33_k3_hn05,3,3108,11108,-0.0347729,0.765445
rc_trial_a33_k3_hn05,3,3109,11109,0.0456068,0.319586
rc_trial_a33_k3_hn05,3,3110,11110,0.28966,0.236561
rc_trial_a33_k3_hn05,3,3111,11111,0.22736,0.279172
rc_trial_a33_k3_hn05,3,3112,11112,0.0296609,0.223266
rc_trial_a33_k3_hn05,3,3113,11113,0.371637,0.166367
rc_trial_a33_k3_hn05,3,3114,11114,0.242639,0.08101
rc_trial_a33_k3_hn05,3,3115,11115,0.310238,0.0628049
rc_trial_a33_k3_hn05,3,3116,11116,0.589717,0.378537
rc_trial_a33_k3_hn05,3,3117,11117,0.354351,0.123579
rc_trial_a33_k3_hn05,3,3118,11118,0.825763,0.329819
rc_trial_a33_k3_hn05,3,3119,11119,0.0536059,0.69668
rc_trial_a33_k3_hn05,3,3120,11120,0.877599,0.351488
rc_trial_a33_k3_hn05,3,3121,11121,0.474208,0.115626
rc_trial_a33_k3_hn05,3,3122,11122,0.819223,0.271084
rc_trial_a33_k3_hn05,3,3123,11123,0.104661,0.235978
rc_trial_a33_k3_hn05,3,3124,11124,0.400865,0.223051
rc_trial_a33_k3_hn05,3,3125,11125,0.18358,0.152921
rc_trial_a33_k3_hn05,3,3126,11126,0.374365,0.154116
rc_trial_a33_k3_hn05,3,3127,11127,0.30115,0.149841
rc_trial_a33_k3_hn05,3,3128,11128,0.651244,0.762887
rc_trial_a33_k3_hn05,3,3129,11129,0.687503,0.836699
rc_trial_a33_k3_hn05,3,3130,11130,0.687714,0.784473
rc_trial_a33_k3_hn05,3,3131,11131,0.66379,0.449285
rc_trial_a33_k3_hn05,3,3132,11132,0.440876,0.559161
rc_trial_a33_k3_hn05,3,3133,11133,0.441133,0.50501
rc_trial_a33_k3_hn05,3,3134,11134,0.496531,0.16918
rc_trial_a33_k3_hn05,3,3135,11135,0.299229,0.100139
rc_trial_a33_k3_hn05,3,3136,11136,0.301895,0.120679
rc_trial_a33_k3_hn05,3,3137,11137,0.300014,0.145046
rc_trial_a33_k3_hn05,3,3138,11138,0.521502,0.713174
rc_trial_a33_k3_hn05,3,3139,11139,0.199898,0.0535521
rc_trial_a33_k3_hn05,3,3140,11140,-0.0140222,0.127485
rc_trial_a33_k3_hn05,3,3141,11141,0.161493,0.0784418
rc_trial_a33_k3_hn05,3,3142,11142,0.155778,0.0582859
rc_trial_a33_k3_hn05,3,3143,11143,0.291692,0.0612472
rc_trial_a33_k3_hn05,3,3144,11144,0.375715,0.135235
rc_trial_a33_k3_hn05,3,3145,11145,0.186061,0.106801
rc_trial_a33_k3_hn05,3,3146,11146,0.382073,1.01773
rc_trial_a33_k3_hn05,3,3147,11147,0.307573,0.417821
rc_trial_a33_k3_hn05,3,3148,11148,0.384781,0.330883
rc_trial_a33_k3_hn05,3,3149,11149,0.388962,0.358893
rc_trial_a33_k3_hn05,3,3150,11150,0.330872,0.290339
rc_trial_a33_k3_hn05,3,3151,11151,0.280718,0.342239
rc_trial_a33_k3_hn05,3,3152,11152,0.337776,0.321062
rc_trial_a33_k3_hn05,3,3153,11153,0.370757,0.397557
rc_trial_a33_k3_hn05,3,3154,11154,0.353042,0.0836913
rc_trial_a33_k3_hn05,3,3155,11155,0.347257,0.110527
rc_trial_a33_k3_hn05,3,3156,11156,0.350843,0.058946
rc_trial_a33_k3_hn05,3,3157,11157,0.376705,0.0748608
rc_trial_a33_k3_hn05,3,3158,11158,0.206294,0.141496
rc_trial_a33_k3_hn05,3,3159,11159,0.237324,0.185794
rc_trial_a33_k3_hn05,3,3160,11160,0.322873,0.302809
rc_trial_a33_k3_hn05,3,3161,11161,0.305562,0.551189
rc_trial_a33_k3_hn05,3,3162,11162,0.353167,0.87711
rc_trial_a33_k3_hn05,3,3163,11163,0.336852,0.644878
rc_trial_a33_k3_hn05,3,3164,11164,0.244616,0.492067
rc_trial_a33_k3_hn05,3,3165,11165,0.366469,0.405536
rc_trial_a33_k3_hn05,3,3166,11166,0.336163,0.414432
rc_trial_a33_k3_hn05,3,3167,11167,0.226482,0.654568
rc_trial_a33_k3_hn05,3,3168,11168,0.376386,0.580803
rc_trial_a33_k3_hn05,3,3169,11169,0.379315,0.535937
rc_trial_a33_k3_hn05,3,3170,11170,0.460147,0.305558
rc_trial_a33_k3_hn05,3,3171,11171,0.301317,0.212492
rc_trial_a33_k3_hn05,3,3172,11172,0.420898,0.388991
rc_trial_a33_k3_hn05,3,3173,11173,0.315517,0.0938973
rc_trial_a33_k3_hn05,3,3174,11174,0.332271,0.0512733
rc_trial_a33_k3_hn05,3,3175,11175,0.386607,0.151694
rc_trial_a33_k3_hn05,3,3176,11176,0.437232,0.0529284
rc_trial_a33_k3_hn05,3,3177,11177,0.380683,0.141103
rc_trial_a33_k3_hn05,3,3178,11178,0.456234,0.10191
rc_trial_a33_k3_hn05,3,3179,11179,0.790725,0.366359
rc_trial_a33_k3_hn05,3,3180,11180,0.397542,0.468402
rc_trial_a33_k3_hn05,3,3181,11181,0.386007,0.180262
rc_trial_a33_k3_hn05,3,3182,11182,0.388251,0.288558
rc_trial_a33_k3_hn05,3,3183,11183,0.415671,0.640446
rc_trial_a33_k3_hn05,3,3184,11184,0.250871,0.274709
rc_trial_a33_k3_hn05,3,3185,11185,0.213805,0.314862
rc_trial_a33_k3_hn05,3,3186,11186,0.259758,0.0892047
rc_trial_a33_k3_hn05,3,3187,11187,0.457765,0.149287
rc_trial_a33_k3_hn05,3,3188,11188,0.375449,0.191949
rc_trial_a33_k3_hn05,3,3189,11189,0.769777,0.506708
rc_trial_a33_k3_hn05,3,3190,11190,0.370671,0.158204
rc_trial_a33_k3_hn05,3,3191,11191,0.499584,0.211524
rc_trial_a33_k3_hn05,3,3192,11192,0.425141,0.518464
rc_trial_a33_k3_hn05,3,3193,11193,0.264549,0.161137
rc_trial_a33_k3_hn05,3,3194,11194,0.110028,0.253531
rc_trial_a33_k3_hn05,3,3195,11195,0.453936,0.281965
rc_trial_a33_k3_hn05,3,3196,11196,0.218699,0.315149
rc_trial_a33_k3_hn05,3,3197,11197,0.113711,0.483016
rc_trial_a33_k3_hn05,3,3198,11198,0.110608,0.296109
rc_trial_a33_k3_hn05,3,3199,11199,0.335061,1.13054
rc_trial_a33_k3_hn05,3,3200,11200,0.025957,0.713245
rc_trial_a33_k3_hn05,3,3201,11201,0.149184,1.09524
rc_trial_a33_k3_hn05,3,3202,11202,0.157247,0.769828
rc_trial_a33_k3_hn05,3,3203,11203,-0.351184,1.30827
rc_trial_a33_k3_hn05,3,3204,11204,0.185509,0.240878
rc_trial_a33_k3_hn05,3,3205,11205,0.092647,0.152026
rc_trial_a33_k3_hn05,3,3206,11206,-0.221495,0.491244
rc_trial_a33_k3_hn05,3,3207,11207,0.103259,0.868203
rc_trial_a33_k3_hn05,3,3208,11208,0.47032,0.319323
rc_trial_a33_k3_hn05,3,3209,11209,0.332214,0.293982
rc_trial_a33_k3_hn05,3,3210,11210,0.403166,0.348131
rc_trial_a33_k3_hn05,3,3211,11211,0.723618,0.67593
rc_trial_a33_k3_hn05,3,3212,11212,0.711463,0.600318
rc_trial_a33_k3_hn05,3,3213,11213,-0.136481,0.575428
rc_trial_a33_k3_hn05,3,3214,11214,-0.187901,0.53427
rc_trial_a33_k3_hn05,3,3215,11215,0.058703,0.393214
rc_trial_a33_k3_hn05,3,3216,11216,0.0237264,0.839805
rc_trial_a33_k3_hn05,3,3217,11217,0.636191,0.577209
rc_trial_a33_k3_hn05,3,3218,11218,0.291841,0.285829
rc_trial_a33_k3_hn05,3,3219,11219,0.550394,0.63268
rc_trial_a33_k3_hn05,3,3220,11220,0.513361,0.326853
rc_trial_a33_k3_hn05,3,3221,11221,0.0680548,0.538547
rc_trial_a33_k3_hn05,3,3222,11222,0.273366,1.07071
rc_trial_a33_k3_hn05,3,3223,11223,0.201073,0.371258
rc_trial_a33_k3_hn05,3,3224,11224,0.330933,0.412553
rc_trial_a33_k3_hn05,3,3225,11225,0.341036,0.525774
rc_trial_a33_k3_hn05,3,3226,11226,0.128399,0.604926
rc_trial_a33_k3_hn05,3,3227,11227,0.678577,0.339388
rc_trial_a33_k3_hn05,3,3228,11228,0.746074,0.454565
rc_trial_a33_k3_hn05,3,3229,11229,0.825522,0.592141
rc_trial_a33_k3_hn05,3,3230,11230,0.585221,0.503519
rc_trial_a33_k3_hn05,3,3231,11231,0.249282,0.890507
rc_trial_a33_k3_hn05,3,3232,11232,0.226996,0.77932
rc_trial_a33_k3_hn05,3,3233,11233,0.141093,0.874458
rc_trial_a33_k3_hn05,3,3234,11234,0.170939,0.551996
rc_trial_a33_k3_hn05,3,3235,11235,0.140917,0.177753
rc_trial_a33_k3_hn05,3,3236,11236,0.277266,0.151055
rc_trial_a33_k3_hn05,3,3237,11237,0.230744,0.0847688
rc_trial_a33_k3_hn05,3,3238,11238,0.282229,0.0666431
rc_trial_a33_k3_hn05,3,3239,11239,0.470891,0.105093
rc_trial_a33_k3_hn05,3,3240,11240,0.0964065,0.410429
rc_trial_a33_k3_hn05,3,3241,11241,0.220661,0.947355
rc_trial_a33_k3_hn05,3,3242,11242,0.247994,0.250533
rc_trial_a33_k3_hn05,3,3243,11243,0.853847,1.01135
rc_trial_a33_k3_hn05,3,3244,11244,0.747645,0.829204
rc_trial_a33_k3_hn05,3,3245,11245,0.599632,0.454279
rc_trial_a33_k3_hn05,3,3246,11246,0.122904,0.758771
rc_trial_a33_k3_hn05,3,3247,11247,0.0920281,0.77296
rc_trial_a33_k3_hn05,3,3248,11248,0.335866,0.679901
rc_trial_a33_k3_hn05,3,3249,11249,0.196313,0.981487
rc_trial_a33_k3_hn05,3,3250,11250,0.219748,0.156057
rc_trial_a33_k3_hn05,3,3251,11251,0.395403,0.137366
rc_trial_a33_k3_hn05,3,3252,11252,0.216162,0.287139
rc_trial_a33_k3_hn05,3,3253,11253,-0.0436259,0.17384
rc_trial_a33_k3_hn05,3,3254,11254,0.0463542,0.123772
rc_trial_a33_k3_hn05,3,3255,11255,0.130837,0.124387
rc_trial_a33_k3_hn05,3,3256,11256,0.528592,0.177648
rc_trial_a33_k3_hn05,3,3257,11257,0.516093,0.186811
rc_trial_a33_k3_hn05,3,3258,11258,0.592286,0.150284
rc_trial_a33_k3_hn05,3,3259,11259,0.401497,0.148057
rc_trial_a33_k3_hn05,3,3260,11260,0.282797,0.134163
rc_trial_a33_k3_hn05,3,3261,11261,0.235191,0.128041
rc_trial_a33_k3_hn05,3,3262,11262,0.381063,0.129843
rc_trial_a33_k3_hn05,3,3263,11263,0.448496,0.3136
rc_trial_a33_k3_hn05,3,3264,11264,0.410284,0.381383
rc_trial_a33_k3_hn05,3,3265,11265,0.450507,0.354332
rc_trial_a33_k3_hn05,3,3266,11266,0.518476,0.555228
rc_trial_a33_k3_hn05,3,3267,11267,0.360103,0.394115
rc_trial_a33_k3_hn05,3,3268,11268,0.211328,0.36224
rc_trial_a33_k3_hn05,3,3269,11269,0.105068,0.250884
rc_trial_a33_k3_hn05,3,3270,11270,0.261029,0.395288
rc_trial_a33_k3_hn05,3,3271,11271,-0.0701299,0.455066
rc_trial_a33_k3_hn05,3,3272,11272,0.0552033,0.325183
rc_trial_a33_k3_hn05,3,3273,11273,0.232372,0.156188
rc_trial_a33_k3_hn05,3,3274,11274,0.545853,0.375074
rc_trial_a33_k3_hn05,3,3275,11275,0.496546,0.436951
rc_trial_a33_k3_hn05,3,3276,11276,0.447521,0.591233
rc_trial_a33_k3_hn05,3,3277,11277,0.400521,0.537667
rc_trial_a33_k3_hn05,3,3278,11278,0.387518,0.494592
rc_trial_a33_k3_hn05,3,3279,11279,0.331006,0.596528
rc_trial_a33_k3_hn05,3,3280,11280,0.725428,0.54062
rc_trial_a33_k3_hn05,3,3281,11281,0.173852,0.301447
rc_trial_a33_k3_hn05,3,3282,11282,0.28421,0.325792
rc_trial_a33_k3_hn05,3,3283,11283,0.331596,0.453888
rc_trial_a33_k3_hn05,3,3284,11284,0.34291,0.312503
rc_trial_a33_k3_hn05,3,3285,11285,0.240578,0.380342
rc_trial_a33_k3_hn05,3,3286,11286,0.394375,0.204866
rc_trial_a33_k3_hn05,3,3287,11287,0.2592,0.234292
rc_trial_a33_k3_hn05,3,3288,11288,0.463265,0.296619
rc_trial_a33_k3_hn05,3,3289,11289,0.155368,0.383521
rc_trial_a33_k3_hn05,3,3290,11290,0.181419,0.404674
rc_trial_a33_k3_hn05,3,3291,11291,0.176673,0.354463
rc_trial_a33_k3_hn05,3,3292,11292,0.403485,0.859322
rc_trial_a33_k3_hn05,3,3293,11293,0.449378,1.09783
rc_trial_a33_k3_hn05,3,3294,11294,0.388628,1.19443
rc_trial_a33_k3_hn05,3,3295,11295,0.367547,0.547476
rc_trial_a33_k3_hn05,3,3296,11296,0.264044,0.63313
rc_trial_a33_k3_hn05,3,3297,11297,0.288869,0.61275
rc_trial_a33_k3_hn05,3,3298,11298,0.169789,0.461106
rc_trial_a33_k3_hn05,3,3299,11299,0.436015,0.575419
rc_trial_a33_k3_hn05,3,3300,11300,0.784761,0.477334
rc_trial_a33_k3_hn05,3,3301,11301,0.75548,0.3819
rc_trial_a33_k3_hn05,3,3302,11302,0.746867,0.310121
rc_trial_a33_k3_hn05,3,3303,11303,1.0915,0.903094
rc_trial_a33_k3_hn05,3,3304,11304,0.593232,0.44248
rc_trial_a33_k3_hn05,3,3305,11305,0.872382,0.932567
rc_trial_a33_k3_hn05,3,3306,11306,0.260481,0.241912
rc_trial_a33_k3_hn05,3,3307,11307,0.355151,0.111248
rc_trial_a33_k3_hn05,3,3308,11308,0.17819,0.0373839
rc_trial_a33_k3_hn05,3,3309,11309,0.619697,0.433882
rc_trial_a33_k3_hn05,3,3310,11310,0.473786,0.34035
rc_trial_a33_k3_hn05,3,3311,11311,0.330331,0.115187
rc_trial_a33_k3_hn05,3,3312,11312,0.30935,0.103857
rc_trial_a33_k3_hn05,3,3313,11313,0.305765,0.0714817
rc_trial_a33_k3_hn05,3,3314,11314,0.0687707,0.157136
rc_trial_a33_k3_hn05,3,3315,11315,0.452486,0.0942878
rc_trial_a33_k3_hn05,3,3316,11316,0.127233,0.0900939
rc_trial_a33_k3_hn05,3,3317,11317,0.253128,0.354081
rc_trial_a33_k3_hn05,3,3318,11318,0.633594,0.865418
rc_trial_a33_k3_hn05,3,3319,11319,0.645524,0.284196
rc_trial_a33_k3_hn05,3,3320,11320,0.68456,0.237109
rc_trial_a33_k3_hn05,3,3321,11321,0.756967,0.711993
rc_trial_a33_k3_hn05,3,3322,11322,0.744292,0.745987
rc_trial_a33_k3_hn05,3,3323,11323,0.722107,0.468378
rc_trial_a33_k3_hn05,3,3324,11324,0.511542,0.943965
rc_trial_a33_k3_hn05,3,3325,11325,0.77767,0.303003
rc_trial_a33_k3_hn05,3,3326,11326,0.864386,0.452591
rc_trial_a33_k3_hn05,3,3327,11327,0.837041,0.537502
rc_trial_a33_k3_hn05,3,3328,11328,-0.199544,0.393997
rc_trial_a33_k3_hn05,3,3329,11329,-0.101049,0.452727
rc_trial_a33_k3_hn05,3,3330,11330,0.781804,0.345664
rc_trial_a33_k3_hn05,3,3331,11331,0.779247,0.499987
rc_trial_a33_k3_hn05,3,3332,11332,0.799928,0.347467
rc_trial_a33_k3_hn05,3,3333,11333,0.805982,0.345167
rc_trial_a33_k3_hn05,3,3334,11334,0.783631,0.45848
rc_trial_a33_k3_hn05,3,3335,11335,0.822486,0.758368
rc_trial_a33_k3_hn05,3,3336,11336,0.712957,0.771504
rc_trial_a33_k3_hn05,3,3337,11337,-0.151152,0.44381
rc_trial_a33_k3_hn05,3,3338,11338,0.0771045,0.608442
rc_trial_a33_k3_hn05,3,3339,11339,-0.283941,0.681625
rc_trial_a33_k3_hn05,3,3340,11340,-0.203112,0.636423
rc_trial_a33_k3_hn05,3,3341,11341,0.142018,0.8867
rc_trial_a33_k3_hn05,3,3342,11342,0.431524,0.147766
rc_trial_a33_k3_hn05,3,3343,11343,0.597096,0.404168
rc_trial_a33_k3_hn05,3,3344,11344,0.619562,0.368931
rc_trial_a33_k3_hn05,3,3345,11345,0.121589,0.202946
rc_trial_a33_k3_hn05,3,3346,11346,0.162072,0.118258
rc_trial_a33_k3_hn05,3,3347,11347,0.3411,0.219532
rc_trial_a33_k3_hn05,3,3348,11348,0.0502121,0.167153
rc_trial_a33_k3_hn05,3,3349,11349,0.147001,0.0630174
rc_trial_a33_k3_hn05,3,3350,11350,0.457684,0.0599647
rc_trial_a33_k3_hn05,3,3351,11351,-0.0845304,0.292614
rc_trial_a33_k3_hn05,3,3352,11352,-0.0965434,0.378783
rc_trial_a33_k3_hn05,3,3353,11353,0.113902,0.333806
rc_trial_a33_k3_hn05,3,3354,11354,0.0429433,0.485327
rc_trial_a33_k3_hn05,3,3355,11355,0.189053,0.630165
rc_trial_a33_k3_hn05,3,3356,11356,0.138306,0.649059
rc_trial_a33_k3_hn05,3,3357,11357,0.866287,0.404103
rc_trial_a33_k3_hn05,3,3358,11358,0.274553,0.374183
rc_trial_a33_k3_hn05,3,3359,11359,0.580023,0.805719
rc_trial_a33_k3_hn05,3,3360,11360,0.418661,0.277501
rc_trial_a33_k3_hn05,3,3361,11361,0.562856,0.212524
rc_trial_a33_k3_hn05,3,3362,11362,0.434843,0.438418
rc_trial_a33_k3_hn05,3,3363,11363,0.433753,0.447347
rc_trial_a33_k3_hn05,3,3364,11364,0.627468,0.232622
rc_trial_a33_k3_hn05,3,3365,11365,0.4395,0.406244
rc_trial_a33_k3_hn05,3,3366,11366,0.463337,0.529184
rc_trial_a33_k3_hn05,3,3367,11367,0.560096,0.262837
rc_trial_a33_k3_hn05,3,3368,11368,0.275468,0.135546
rc_trial_a33_k3_hn05,3,3369,11369,0.342893,0.0368206
rc_trial_a33_k3_hn05,3,3370,11370,1.38067,0.557675
rc_trial_a33_k3_hn05,3,3371,11371,1.42985,1.0584
rc_trial_a33_k3_hn05,3,3372,11372,1.26406,0.962886
rc_trial_a33_k3_hn05,3,3373,11373,1.31835,1.09924
rc_trial_a33_k3_hn05,3,3374,11374,1.33773,1.05126
rc_trial_a33_k3_hn05,3,3375,11375,0.288813,0.146091
rc_trial_a33_k3_hn05,3,3376,11376,0.429479,0.0601461
rc_trial_a33_k3_hn05,3,3377,11377,0.223574,0.0754496
rc_trial_a33_k3_hn05,3,3378,11378,0.277636,0.0694001
rc_trial_a33_k3_hn05,3,3379,11379,0.273589,0.0714859
rc_trial_a33_k3_hn05,3,3380,11380,0.300999,0.0729164
rc_trial_a33_k3_hn05,3,3381,11381,0.296564,0.101733
rc_trial_a33_k3_hn05,3,3382,11382,0.311565,0.329893
rc_trial_a33_k3_hn05,3,3383,11383,0.524249,0.315984
rc_trial_a33_k3_hn05,3,3384,11384,0.660514,0.325724
rc_trial_a33_k3_hn05,3,3385,11385,0.933067,0.654305
rc_trial_a33_k3_hn05,3,3386,11386,1.03392,0.452635
rc_trial_a33_k3_hn05,3,3387,11387,1.03153,0.486323
rc_trial_a33_k3_hn05,3,3388,11388,0.660842,0.478782
rc_trial_a33_k3_hn05,3,3389,11389,0.671337,0.53506
rc_trial_a33_k3_hn05,3,3390,11390,0.714261,0.346606
rc_trial_a33_k3_hn05,3,3391,11391,0.764231,0.885449
rc_trial_a33_k3_hn05,3,3392,11392,0.784037,0.83923
rc_trial_a33_k3_hn05,3,3393,11393,0.592108,0.415734
rc_trial_a33_k3_hn05,3,3394,11394,-0.0761337,0.59776
rc_trial_a33_k3_hn05,3,3395,11395,0.197574,0.129161
rc_trial_a33_k3_hn05,3,3396,11396,0.0558717,0.158501
rc_trial_a33_k3_hn05,3,3397,11397,-0.155379,0.254013
rc_trial_a33_k3_hn05,3,3398,11398,0.0976784,0.267405
rc_trial_a33_k3_hn05,3,3399,11399,0.0977809,0.240799
rc_trial_a33_k3_hn05,3,3400,11400,0.0531881,0.797603
rc_trial_a33_k3_hn05,3,3401,11401,0.252702,1.00348
rc_trial_a33_k3_hn05,3,3402,11402,0.402912,0.707526
rc_trial_a33_k3_hn05,3,3403,11403,0.288223,0.823361
rc_trial_a33_k3_hn05,3,3404,11404,0.299374,0.575838
rc_trial_a33_k3_hn05,3,3405,11405,0.340595,0.256905
rc_trial_a33_k3_hn05,3,3406,11406,0.169983,0.131984
rc_trial_a33_k3_hn05,3,3407,11407,0.271356,0.314315
rc_trial_a33_k3_hn05,3,3408,11408,0.251165,0.299269
rc_trial_a33_k3_hn05,3,3409,11409,0.66929399999999994,1.2184
rc_trial_a33_k3_hn05,3,3410,11410,0.779105,0.349203
rc_trial_a33_k3_hn05,3,3411,11411,0.849417,0.890953
rc_trial_a33_k3_hn05,3,3412,11412,0.496492,0.331181
rc_trial_a33_k3_hn05,3,3413,11413,0.82677,0.765061
rc_trial_a33_k3_hn05,3,3414,11414,0.824846,0.745183
rc_trial_a33_k3_hn05,3,3415,11415,0.185209,0.70618
rc_trial_a33_k3_hn05,3,3416,11416,-0.141087,0.287616
rc_trial_a33_k3_hn05,3,3417,11417,-0.167092,0.19541
rc_trial_a33_k3_hn05,3,3418,11418,0.267263,0.175124
rc_trial_a33_k3_hn05,3,3419,11419,0.161945,0.140858
rc_trial_a33_k3_hn05,3,3420,11420,0.661673,0.267669
rc_trial_a33_k3_hn05,3,3421,11421,0.637333,0.373546
rc_trial_a33_k3_hn05,3,3422,11422,0.619151,0.338366
rc_trial_a33_k3_hn05,3,3423,11423,0.999027,0.637249
rc_trial_a33_k3_hn05,3,3424,11424,0.539488,0.336098
rc_trial_a33_k3_hn05,3,3425,11425,0.717651,0.401209
rc_trial_a33_k3_hn05,3,3426,11426,0.709191,0.386731
rc_trial_a33_k3_hn05,3,3427,11427,0.999052,0.445009
rc_trial_a33_k3_hn05,3,3428,11428,0.62798,0.407547
rc_trial_a33_k3_hn05,3,3429,11429,0.513819,0.291948
rc_trial_a33_k3_hn05,3,3430,11430,0.565534,0.417307
rc_trial_a33_k3_hn05,3,3431,11431,0.743292,0.459533
rc_trial_a33_k3_hn05,3,3432,11432,0.666392,0.545889
rc_trial_a33_k3_hn05,3,3433,11433,0.4555,0.222496
rc_trial_a33_k3_hn05,3,3434,11434,0.362674,0.23302
rc_trial_a33_k3_hn05,3,3435,11435,-0.0587826,0.513389
rc_trial_a33_k3_hn05,3,3436,11436,0.403418,0.904435
rc_trial_a33_k3_hn05,3,3437,11437,0.473483,0.956148
rc_trial_a33_k3_hn05,3,3438,11438,0.138047,0.49586
rc_trial_a33_k3_hn05,3,3439,11439,0.302435,0.394514
rc_trial_a33_k3_hn05,3,3440,11440,0.653585,0.582702
rc_trial_a33_k3_hn05,3,3441,11441,0.717401,0.832345
rc_trial_a33_k3_hn05,3,3442,11442,0.72844,0.827108
rc_trial_a33_k3_hn05,3,3443,11443,0.619234,0.459205
rc_trial_a33_k3_hn05,3,3444,11444,0.550229,0.744427
rc_trial_a33_k3_hn05,3,3445,11445,0.551237,0.302115
rc_trial_a33_k3_hn05,3,3446,11446,0.191395,0.253998
rc_trial_a33_k3_hn05,3,3447,11447,0.325243,0.257274
rc_trial_a33_k3_hn05,3,3448,11448,0.34781,0.247845
rc_trial_a33_k3_hn05,3,3449,11449,0.35694,0.119044
rc_trial_a33_k3_hn05,3,3450,11450,0.254034,0.0575506
rc_trial_a33_k3_hn05,3,3451,11451,0.370336,0.384062
rc_trial_a33_k3_hn05,3,3452,11452,0.430056,0.713928
rc_trial_a33_k3_hn05,3,3453,11453,0.0533238,0.541192
rc_trial_a33_k3_hn05,3,3454,11454,0.294852,0.143697
rc_trial_a33_k3_hn05,3,3455,11455,0.350195,0.170438
rc_trial_a33_k3_hn05,3,3456,11456,0.237079,0.231712
rc_trial_a33_k3_hn05,3,3457,11457,0.234889,0.296412
rc_trial_a33_k3_hn05,3,3458,11458,0.450989,0.670239
rc_trial_a33_k3_hn05,3,3459,11459,0.392343,0.559813
rc_trial_a33_k3_hn05,3,3460,11460,0.436361,0.782659
rc_trial_a33_k3_hn05,3,3461,11461,0.464032,0.215443
rc_trial_a33_k3_hn05,3,3462,11462,-0.284498,0.946756
rc_trial_a33_k3_hn05,3,3463,11463,0.345966,0.352993
rc_trial_a33_k3_hn05,3,3464,11464,0.213067,0.582943
rc_trial_a33_k3_hn05,3,3465,11465,0.397494,0.209983
rc_trial_a33_k3_hn05,3,3466,11466,0.529364,0.300423
rc_trial_a33_k3_hn05,3,3467,11467,0.540308,0.280971
rc_trial_a33_k3_hn05,3,3468,11468,0.311148,0.248928
rc_trial_a33_k3_hn05,3,3469,11469,0.222255,0.0504401
rc_trial_a33_k3_hn05,3,3470,11470,0.327774,0.297272
rc_trial_a33_k3_hn05,3,3471,11471,0.121259,0.297778
rc_trial_a33_k3_hn05,3,3472,11472,0.250982,0.163331
rc_trial_a33_k3_hn05,3,3473,11473,0.357439,0.104444
rc_trial_a33_k3_hn05,3,3474,11474,1.01755,0.306656
rc_trial_a33_k3_hn05,3,3475,11475,0.954012,0.293366
rc_trial_a33_k3_hn05,3,3476,11476,0.858359,0.320262
rc_trial_a33_k3_hn05,3,3477,11477,0.956255,0.359524
rc_trial_a33_k3_hn05,3,3478,11478,0.947643,0.435684
rc_trial_a33_k3_hn05,3,3479,11479,0.429791,0.517575
rc_trial_a33_k3_hn05,3,3480,11480,0.326555,0.61195
rc_trial_a33_k3_hn05,3,3481,11481,0.414823,0.502718
rc_trial_a33_k3_hn05,3,3482,11482,0.415798,0.254537
rc_trial_a33_k3_hn05,3,3483,11483,0.337254,0.239166
rc_trial_a33_k3_hn05,3,3484,11484,-0.102522,0.251157
rc_trial_a33_k3_hn05,3,3485,11485,-0.276866,0.18313
rc_trial_a33_k3_hn05,3,3486,11486,0.0350565,0.29613
rc_trial_a33_k3_hn05,3,3487,11487,0.216311,0.378843
rc_trial_a33_k3_hn05,3,3488,11488,0.179817,0.518695
rc_trial_a33_k3_hn05,3,3489,11489,0.482563,0.305224
rc_trial_a33_k3_hn05,3,3490,11490,0.362044,0.141865
rc_trial_a33_k3_hn05,3,3491,11491,0.364112,0.335158
rc_trial_a33_k3_hn05,3,3492,11492,0.364893,0.0833857
rc_trial_a33_k3_hn05,3,3493,11493,0.364516,0.319932
rc_trial_a33_k3_hn05,3,3494,11494,0.448675,0.365944
rc_trial_a33_k3_hn05,3,3495,11495,0.310189,0.166853
rc_trial_a33_k3_hn05,3,3496,11496,0.328611,0.0920875
rc_trial_a33_k3_hn05,3,3497,11497,0.372256,0.360347
rc_trial_a33_k3_hn05,3,3498,11498,0.286342,0.253304
rc_trial_a33_k3_hn05,3,3499,11499,0.280412,0.124486
rc_trial_a33_k3_hn05,3,3500,11500,0.401305,0.324154
rc_trial_a33_k3_hn05,3,3501,11501,0.322719,0.90389
rc_trial_a33_k3_hn05,3,3502,11502,0.0375611,0.352323
rc_trial_a33_k3_hn05,3,3503,11503,0.132564,0.279883
rc_trial_a33_k3_hn05,3,3504,11504,0.207674,0.403959
rc_trial_a33_k3_hn05,3,3505,11505,0.226037,0.372001
rc_trial_a33_k3_hn05,3,3506,11506,0.322305,0.267455
rc_trial_a33_k3_hn05,3,3507,11507,0.115705,0.350813
rc_trial_a33_k3_hn05,3,3508,11508,0.213357,0.266633
rc_trial_a33_k3_hn05,3,3509,11509,0.23058,0.157716
rc_trial_a33_k3_hn05,3,3510,11510,0.351808,0.118968
rc_trial_a33_k3_hn05,3,3511,11511,0.150543,0.842725
rc_trial_a33_k3_hn05,3,3512,11512,0.167717,0.505901
rc_trial_a33_k3_hn05,3,3513,11513,0.400925,0.400214
rc_trial_a33_k3_hn05,3,3514,11514,0.914214,0.670332
rc_trial_a33_k3_hn05,3,3515,11515,0.866772,0.739856
rc_trial_a33_k3_hn05,3,3516,11516,0.797217,0.70054
rc_trial_a33_k3_hn05,3,3517,11517,0.268879,0.336183
rc_trial_a33_k3_hn05,3,3518,11518,0.262732,0.271212
rc_trial_a33_k3_hn05,3,3519,11519,0.286833,0.345661
rc_trial_a33_k3_hn05,3,3520,11520,0.685893,0.543961
rc_trial_a33_k3_hn05,3,3521,11521,0.236414,0.233871
rc_trial_a33_k3_hn05,3,3522,11522,0.479394,0.308131
rc_trial_a33_k3_hn05,3,3523,11523,0.475063,0.266943
rc_trial_a33_k3_hn05,3,3524,11524,0.545231,0.361388
rc_trial_a33_k3_hn05,3,3525,11525,0.240931,0.822494
rc_trial_a33_k3_hn05,3,3526,11526,0.314832,0.274049
rc_trial_a33_k3_hn05,3,3527,11527,0.735842,0.764309
rc_trial_a33_k3_hn05,3,3528,11528,0.518615,0.397429
rc_trial_a33_k3_hn05,3,3529,11529,0.0483521,0.241811
rc_trial_a33_k3_hn05,3,3530,11530,0.436255,0.0392652
rc_trial_a33_k3_hn05,3,3531,11531,0.112622,0.428503
rc_trial_a33_k3_hn05,3,3532,11532,-0.0342218,0.225593
rc_trial_a33_k3_hn05,3,3533,11533,0.0489783,0.215706
rc_trial_a33_k3_hn05,3,3534,11534,0.334889,0.0287355
rc_trial_a33_k3_hn05,3,3535,11535,0.252365,0.00340043
rc_trial_a33_k3_hn05,3,3536,11536,0.321543,0.0207122
rc_trial_a33_k3_hn05,3,3537,11537,0.181109,0.144906
rc_trial_a33_k3_hn05,3,3538,11538,0.242901,0.153325
rc_trial_a33_k3_hn05,3,3539,11539,0.705985,0.281309
rc_trial_a33_k3_hn05,3,3540,11540,0.967063,0.397855
rc_trial_a33_k3_hn05,3,3541,11541,0.66033,0.270517
rc_trial_a33_k3_hn05,3,3542,11542,0.518745,0.196997
rc_trial_a33_k3_hn05,3,3543,11543,0.54685,0.0913305
rc_trial_a33_k3_hn05,3,3544,11544,0.12169,0.254759
rc_trial_a33_k3_hn05,3,3545,11545,0.144815,0.0485134
rc_trial_a33_k3_hn05,3,3546,11546,0.236942,0.0148152
rc_trial_a33_k3_hn05,3,3547,11547,0.236814,0.00722703
rc_trial_a33_k3_hn05,3,3548,11548,0.168886,0.00989034
rc_trial_a33_k3_hn05,3,3549,11549,0.359015,0.010921
rc_trial_a33_k3_hn05,3,3550,11550,0.31971,0.00787803
rc_trial_a33_k3_hn05,3,3551,11551,0.330646,0.0268797
rc_trial_a33_k3_hn05,3,3552,11552,0.27753100000000003,0.0598401
rc_trial_a33_k3_hn05,3,3553,11553,0.0586918,0.0162434
rc_trial_a33_k3_hn05,3,3554,11554,0.0951311,0.0161767
rc_trial_a33_k3_hn05,3,3555,11555,0.330771,0.147592
rc_trial_a33_k3_hn05,3,3556,11556,0.309606,0.185431
rc_trial_a33_k3_hn05,3,3557,11557,0.297224,0.0726973
rc_trial_a33_k3_hn05,3,3558,11558,0.4033,0.362208
rc_trial_a33_k3_hn05,3,3559,11559,0.203574,0.129341
rc_trial_a33_k3_hn05,3,3560,11560,0.374035,0.0800503
rc_trial_a33_k3_hn05,3,3561,11561,0.219983,0.124805
rc_trial_a33_k3_hn05,3,3562,11562,0.421976,0.19886
rc_trial_a33_k3_hn05,3,3563,11563,0.39454,0.272143
rc_trial_a33_k3_hn05,3,3564,11564,0.377183,0.257499
rc_trial_a33_k3_hn05,3,3565,11565,0.334464,0.0233959
rc_trial_a33_k3_hn05,3,3566,11566,0.184011,0.00980722
rc_trial_a33_k3_hn05,3,3567,11567,0.245871,0.18395
rc_trial_a33_k3_hn05,3,3568,11568,0.290859,0.13995
rc_trial_a33_k3_hn05,3,3569,11569,0.320395,0.148307
rc_trial_a33_k3_hn05,3,3570,11570,0.206109,0.103558
rc_trial_a33_k3_hn05,3,3571,11571,0.171011,0.230898
rc_trial_a33_k3_hn05,3,3572,11572,0.257584,0.0942973
rc_trial_a33_k3_hn05,3,3573,11573,0.392158,0.438585
rc_trial_a33_k3_hn05,3,3574,11574,0.519621,0.448479
rc_trial_a33_k3_hn05,3,3575,11575,0.350207,0.346272
rc_trial_a33_k3_hn05,3,3576,11576,0.71145099999999994,0.644839
rc_trial_a33_k3_hn05,3,3577,11577,0.674649,0.45699
rc_trial_a33_k3_hn05,3,3578,11578,0.987373,0.572319
rc_trial_a33_k3_hn05,3,3579,11579,0.82218,0.655556
rc_trial_a33_k3_hn05,3,3580,11580,0.366299,0.645676
rc_trial_a33_k3_hn05,3,3581,11581,0.388701,0.54886
rc_trial_a33_k3_hn05,3,3582,11582,0.573516,0.460119
rc_trial_a33_k3_hn05,3,3583,11583,0.59729,0.301427
rc_trial_a33_k3_hn05,3,3584,11584,0.771134,0.64655
rc_trial_a33_k3_hn05,3,3585,11585,1.0251,0.802261
rc_trial_a33_k3_hn05,3,3586,11586,0.663997,0.63997
rc_trial_a33_k3_hn05,3,3587,11587,0.561067,0.575963
rc_trial_a33_k3_hn05,3,3588,11588,0.38117,0.574837
rc_trial_a33_k3_hn05,3,3589,11589,0.360895,0.366472
rc_trial_a33_k3_hn05,3,3590,11590,0.326864,0.372421
rc_trial_a33_k3_hn05,3,3591,11591,0.204159,1.13764
rc_trial_a33_k3_hn05,3,3592,11592,0.819034,0.8398
rc_trial_a33_k3_hn05,3,3593,11593,0.391038,0.553312
rc_trial_a33_k3_hn05,3,3594,11594,0.45061,0.677412
rc_trial_a33_k3_hn05,3,3595,11595,0.21382,0.215958
rc_trial_a33_k3_hn05,3,3596,11596,0.0989608,0.239785
rc_trial_a33_k3_hn05,3,3597,11597,0.447207,0.176699
rc_trial_a33_k3_hn05,3,3598,11598,0.308854,0.183265
rc_trial_a33_k3_hn05,3,3599,11599,0.165138,0.454251
rc_trial_a33_k3_hn05,3,3600,11600,0.227829,0.4056
rc_trial_a33_k3_hn05,3,3601,11601,0.275134,0.236463
rc_trial_a33_k3_hn05,3,3602,11602,0.308408,0.226785
rc_trial_a33_k3_hn05,3,3603,11603,0.28511,0.197102
rc_trial_a33_k3_hn05,3,3604,11604,0.3592,0.301494
rc_trial_a33_k3_hn05,3,3605,11605,0.577717,0.38853
rc_trial_a33_k3_hn05,3,3606,11606,0.414009,0.382497
rc_trial_a33_k3_hn05,3,3607,11607,0.510151,0.384308
rc_trial_a33_k3_hn05,3,3608,11608,0.43226,0.852086
rc_trial_a33_k3_hn05,3,3609,11609,0.432884,1.00374
rc_trial_a33_k3_hn05,3,3610,11610,0.0641022,0.329448
rc_trial_a33_k3_hn05,3,3611,11611,0.0103839,0.387382
rc_trial_a33_k3_hn05,3,3612,11612,0.393049,0.153669
rc_trial_a33_k3_hn05,3,3613,11613,0.219279,0.392987
rc_trial_a33_k3_hn05,3,3614,11614,0.321781,0.300267
rc_trial_a33_k3_hn05,3,3615,11615,0.287567,0.250797
rc_trial_a33_k3_hn05,3,3616,11616,0.150121,0.172438
rc_trial_a33_k3_hn05,3,3617,11617,0.357288,0.0991618
rc_trial_a33_k3_hn05,3,3618,11618,0.110173,1.34677
rc_trial_a33_k3_hn05,3,3619,11619,0.330125,0.156872
rc_trial_a33_k3_hn05,3,3620,11620,1.00992,0.861845
rc_trial_a33_k3_hn05,3,3621,11621,0.538249,0.448303
rc_trial_a33_k3_hn05,3,3622,11622,0.987405,0.646248
rc_trial_a33_k3_hn05,3,3623,11623,1.04203,0.76982
rc_trial_a33_k3_hn05,3,3624,11624,0.418401,0.385816
rc_trial_a33_k3_hn05,3,3625,11625,0.479113,0.568834
rc_trial_a33_k3_hn05,3,3626,11626,0.492316,0.652607
rc_trial_a33_k3_hn05,3,3627,11627,0.397855,0.204417
rc_trial_a33_k3_hn05,3,3628,11628,0.289439,0.37639
rc_trial_a33_k3_hn05,3,3629,11629,0.154651,0.342814
rc_trial_a33_k3_hn05,3,3630,11630,0.244484,0.659371
rc_trial_a33_k3_hn05,3,3631,11631,0.271971,0.352586
rc_trial_a33_k3_hn05,3,3632,11632,0.159288,0.403113
rc_trial_a33_k3_hn05,3,3633,11633,0.303906,0.614141
rc_trial_a33_k3_hn05,3,3634,11634,0.858968,0.621062
rc_trial_a33_k3_hn05,3,3635,11635,0.898046,0.624637
rc_trial_a33_k3_hn05,3,3636,11636,0.734358,0.535986
rc_trial_a33_k3_hn05,3,3637,11637,0.83499,0.481949
rc_trial_a33_k3_hn05,3,3638,11638,0.558865,0.555978
rc_trial_a33_k3_hn05,3,3639,11639,0.406134,0.511853
rc_trial_a33_k3_hn05,3,3640,11640,0.272748,0.305142
rc_trial_a33_k3_hn05,3,3641,11641,0.0827175,0.280141
rc_trial_a33_k3_hn05,3,3642,11642,-0.392407,0.353968
rc_trial_a33_k3_hn05,3,3643,11643,-0.137513,0.276582
rc_trial_a33_k3_hn05,3,3644,11644,-0.0523988,0.319065
rc_trial_a33_k3_hn05,3,3645,11645,0.487439,0.253252
rc_trial_a33_k3_hn05,3,3646,11646,0.661415,0.430174
rc_trial_a33_k3_hn05,3,3647,11647,0.245556,0.310012
rc_trial_a33_k3_hn05,3,3648,11648,0.17981,0.205653
rc_trial_a33_k3_hn05,3,3649,11649,1.00806,0.694617
rc_trial_a33_k3_hn05,3,3650,11650,0.96552,0.635457
rc_trial_a33_k3_hn05,3,3651,11651,1.13156,0.58975
rc_trial_a33_k3_hn05,3,3652,11652,0.340756,0.254543
rc_trial_a33_k3_hn05,3,3653,11653,0.497664,0.179387
rc_trial_a33_k3_hn05,3,3654,11654,0.495598,0.154709
rc_trial_a33_k3_hn05,3,3655,11655,0.451401,0.149051
rc_trial_a33_k3_hn05,3,3656,11656,0.101433,0.119761
rc_trial_a33_k3_hn05,3,3657,11657,0.290614,0.247201
rc_trial_a33_k3_hn05,3,3658,11658,0.446019,0.351306
rc_trial_a33_k3_hn05,3,3659,11659,0.546193,0.383739
rc_trial_a33_k3_hn05,3,3660,11660,0.429526,0.375422
rc_trial_a33_k3_hn05,3,3661,11661,0.306509,0.0666762
rc_trial_a33_k3_hn05,3,3662,11662,0.465574,0.132079
rc_trial_a33_k3_hn05,3,3663,11663,-0.399642,0.886909
rc_trial_a33_k3_hn05,3,3664,11664,-0.423101,0.943143
rc_trial_a33_k3_hn05,3,3665,11665,0.0149546,0.325369
rc_trial_a33_k3_hn05,3,3666,11666,0.392695,0.166879
rc_trial_a33_k3_hn05,3,3667,11667,-0.00862117,0.161382
rc_trial_a33_k3_hn05,3,3668,11668,0.207229,0.293646
rc_trial_a33_k3_hn05,3,3669,11669,0.51412,0.191386
rc_trial_a33_k3_hn05,3,3670,11670,0.56374,0.455951
rc_trial_a33_k3_hn05,3,3671,11671,0.236167,0.0379102
rc_trial_a33_k3_hn05,3,3672,11672,0.382811,0.0120016
rc_trial_a33_k3_hn05,3,3673,11673,0.262055,0.0285016
rc_trial_a33_k3_hn05,3,3674,11674,0.0872217,0.67867
rc_trial_a33_k3_hn05,3,3675,11675,0.103545,0.703106
rc_trial_a33_k3_hn05,3,3676,11676,0.184366,0.13338
rc_trial_a33_k3_hn05,3,3677,11677,0.151594,0.181648
rc_trial_a33_k3_hn05,3,3678,11678,-0.404525,0.787996
rc_trial_a33_k3_hn05,3,3679,11679,-0.512123,0.758791
rc_trial_a33_k3_hn05,3,3680,11680,-0.653852,0.83645099999999994
rc_trial_a33_k3_hn05,3,3681,11681,-0.565834,0.958921
rc_trial_a33_k3_hn05,3,3682,11682,1.13411,0.48323
rc_trial_a33_k3_hn05,3,3683,11683,0.15512599999999999,0.773657
rc_trial_a33_k3_hn05,3,3684,11684,0.10018,0.80268
rc_trial_a33_k3_hn05,3,3685,11685,0.50343,0.183377
rc_trial_a33_k3_hn05,3,3686,11686,0.201327,0.402553
rc_trial_a33_k3_hn05,3,3687,11687,0.0129891,0.466688
rc_trial_a33_k3_hn05,3,3688,11688,0.369233,0.218266
rc_trial_a33_k3_hn05,3,3689,11689,0.226282,0.195652
rc_trial_a33_k3_hn05,3,3690,11690,0.269932,0.190049
rc_trial_a33_k3_hn05,3,3691,11691,-0.0832181,0.239526
rc_trial_a33_k3_hn05,3,3692,11692,0.175276,0.287174
rc_trial_a33_k3_hn05,3,3693,11693,0.0165663,0.447417
rc_trial_a33_k3_hn05,3,3694,11694,0.193454,0.581877
rc_trial_a33_k3_hn05,3,3695,11695,0.14342,0.053603
rc_trial_a33_k3_hn05,3,3696,11696,0.195832,0.0831847
rc_trial_a33_k3_hn05,3,3697,11697,0.150543,0.0963912
rc_trial_a33_k3_hn05,3,3698,11698,0.203689,0.276251
rc_trial_a33_k3_hn05,3,3699,11699,0.250801,0.0945989
rc_trial_a33_k3_hn05,3,3700,11700,0.489376,0.437607
rc_trial_a33_k3_hn05,3,3701,11701,0.00747852,0.696553
rc_trial_a33_k3_hn05,3,3702,11702,0.242076,0.18117
rc_trial_a33_k3_hn05,3,3703,11703,0.243633,1.27131
rc_trial_a33_k3_hn05,3,3704,11704,0.19529,0.0878581
rc_trial_a33_k3_hn05,3,3705,11705,0.133553,0.224693
rc_trial_a33_k3_hn05,3,3706,11706,0.0781059,0.145258
rc_trial_a33_k3_hn05,3,3707,11707,0.219996,0.19223
rc_trial_a33_k3_hn05,3,3708,11708,0.562202,0.317967
rc_trial_a33_k3_hn05,3,3709,11709,0.459442,0.457548
rc_trial_a33_k3_hn05,3,3710,11710,0.324394,0.358372
rc_trial_a33_k3_hn05,3,3711,11711,0.152069,0.117807
rc_trial_a33_k3_hn05,3,3712,11712,0.29491,0.139313
rc_trial_a33_k3_hn05,3,3713,11713,0.330693,0.159306
rc_trial_a33_k3_hn05,3,3714,11714,-0.0115661,0.449407
rc_trial_a33_k3_hn05,3,3715,11715,0.299313,0.548579
rc_trial_a33_k3_hn05,3,3716,11716,0.201062,0.458212
rc_trial_a33_k3_hn05,3,3717,11717,0.673571,0.584236
rc_trial_a33_k3_hn05,3,3718,11718,0.455089,0.590365
rc_trial_a33_k3_hn05,3,3719,11719,0.0578652,0.550397
rc_trial_a33_k3_hn05,3,3720,11720,0.325302,0.311919
rc_trial_a33_k3_hn05,3,3721,11721,0.0141801,0.25782
rc_trial_a33_k3_hn05,3,3722,11722,0.649365,0.348352
rc_trial_a33_k3_hn05,3,3723,11723,0.248902,0.261524
rc_trial_a33_k3_hn05,3,3724,11724,0.12879,0.169246
rc_trial_a33_k3_hn05,3,3725,11725,0.150998,0.60365
rc_trial_a33_k3_hn05,3,3726,11726,0.172526,0.0147838
rc_trial_a33_k3_hn05,3,3727,11727,0.322586,0.00987913
rc_trial_a33_k3_hn05,3,3728,11728,0.180829,0.0117178
rc_trial_a33_k3_hn05,3,3729,11729,0.280369,0.0364777
rc_trial_a33_k3_hn05,3,3730,11730,0.31291,0.0461406
rc_trial_a33_k3_hn05,3,3731,11731,0.145542,0.0973214
rc_trial_a33_k3_hn05,3,3732,11732,0.199511,0.134971
rc_trial_a33_k3_hn05,3,3733,11733,0.691302,0.523925
rc_trial_a33_k3_hn05,3,3734,11734,0.714351,0.708672
rc_trial_a33_k3_hn05,3,3735,11735,0.932609,0.71207
rc_trial_a33_k3_hn05,3,3736,11736,0.33754,0.740552
rc_trial_a33_k3_hn05,3,3737,11737,0.342675,0.603682
rc_trial_a33_k3_hn05,3,3738,11738,0.32665,0.502189
rc_trial_a33_k3_hn05,3,3739,11739,0.309253,0.71837
rc_trial_a33_k3_hn05,3,3740,11740,0.46072,0.61907
rc_trial_a33_k3_hn05,3,3741,11741,0.447375,0.244347
rc_trial_a33_k3_hn05,3,3742,11742,0.339383,0.126137
rc_trial_a33_k3_hn05,3,3743,11743,0.656887,0.645352
rc_trial_a33_k3_hn05,3,3744,11744,0.51885,0.561844
rc_trial_a33_k3_hn05,3,3745,11745,0.630029,0.388941
rc_trial_a33_k3_hn05,3,3746,11746,0.611691,0.284873
rc_trial_a33_k3_hn05,3,3747,11747,0.624141,0.313397
rc_trial_a33_k3_hn05,3,3748,11748,0.640933,0.285357
rc_trial_a33_k3_hn05,3,3749,11749,0.394874,0.495659
rc_trial_a33_k3_hn05,3,3750,11750,0.224759,0.664375
rc_trial_a33_k3_hn05,3,3751,11751,0.353336,0.300549
rc_trial_a33_k3_hn05,3,3752,11752,0.30335,0.306147
rc_trial_a33_k3_hn05,3,3753,11753,0.384092,0.282013
rc_trial_a33_k3_hn05,3,3754,11754,0.583966,0.404049
rc_trial_a33_k3_hn05,3,3755,11755,0.636869,0.325671
rc_trial_a33_k3_hn05,3,3756,11756,0.650687,0.38873
rc_trial_a33_k3_hn05,3,3757,11757,0.510783,0.386859
rc_trial_a33_k3_hn05,3,3758,11758,0.179568,0.510814
rc_trial_a33_k3_hn05,3,3759,11759,0.25222,0.318438
rc_trial_a33_k3_hn05,3,3760,11760,0.253051,0.245778
rc_trial_a33_k3_hn05,3,3761,11761,0.182838,0.200479
rc_trial_a33_k3_hn05,3,3762,11762,0.312246,0.268459
rc_trial_a33_k3_hn05,3,3763,11763,0.352479,0.343731
rc_trial_a33_k3_hn05,3,3764,11764,0.492859,0.262218
rc_trial_a33_k3_hn05,3,3765,11765,0.547001,0.586639
rc_trial_a33_k3_hn05,3,3766,11766,0.502472,0.321276
rc_trial_a33_k3_hn05,3,3767,11767,0.342111,0.105224
rc_trial_a33_k3_hn05,3,3768,11768,0.213746,0.165384
rc_trial_a33_k3_hn05,3,3769,11769,0.0500612,0.172442
rc_trial_a33_k3_hn05,3,3770,11770,0.556404,0.385556
rc_trial_a33_k3_hn05,3,3771,11771,0.584871,0.26783
rc_trial_a33_k3_hn05,3,3772,11772,0.0655471,0.291093
rc_trial_a33_k3_hn05,3,3773,11773,0.255796,0.297517
rc_trial_a33_k3_hn05,3,3774,11774,0.261607,0.626213
rc_trial_a33_k3_hn05,3,3775,11775,-0.0347219,0.907557
rc_trial_a33_k3_hn05,3,3776,11776,0.360991,0.697983
rc_trial_a33_k3_hn05,3,3777,11777,0.297857,0.505357
rc_trial_a33_k3_hn05,3,3778,11778,0.33696,0.30385
rc_trial_a33_k3_hn05,3,3779,11779,0.399584,0.53033
rc_trial_a33_k3_hn05,3,3780,11780,0.441571,0.336725
rc_trial_a33_k3_hn05,3,3781,11781,0.988269,1.29819
rc_trial_a33_k3_hn05,3,3782,11782,0.938456,0.876439
rc_trial_a33_k3_hn05,3,3783,11783,1.0063,0.761209
rc_trial_a33_k3_hn05,3,3784,11784,1.10434,0.704586
rc_trial_a33_k3_hn05,3,3785,11785,0.605013,0.552247
rc_trial_a33_k3_hn05,3,3786,11786,0.654937,0.434974
rc_trial_a33_k3_hn05,3,3787,11787,0.65053,0.887676
rc_trial_a33_k3_hn05,3,3788,11788,0.650438,0.606141
rc_trial_a33_k3_hn05,3,3789,11789,0.212994,0.452084
rc_trial_a33_k3_hn05,3,3790,11790,0.0827813,1.05984
rc_trial_a33_k3_hn05,3,3791,11791,0.348419,0.849891
rc_trial_a33_k3_hn05,3,3792,11792,-0.116206,0.346193
rc_trial_a33_k3_hn05,3,3793,11793,0.0424579,0.354716
rc_trial_a33_k3_hn05,3,3794,11794,0.0905938,0.473693
rc_trial_a33_k3_hn05,3,3795,11795,0.0274014,0.409084
rc_trial_a33_k3_hn05,3,3796,11796,0.719552,0.424015
rc_trial_a33_k3_hn05,3,3797,11797,0.503461,0.482698
rc_trial_a33_k3_hn05,3,3798,11798,1.08377,0.687595
rc_trial_a33_k3_hn05,3,3799,11799,1.01897,0.90052
rc_trial_a33_k3_hn05,3,3800,11800,1.02791,0.823261
rc_trial_a33_k3_hn05,3,3801,11801,1.0052,0.700736
rc_trial_a33_k3_hn05,3,3802,11802,0.658572,0.517608
rc_trial_a33_k3_hn05,3,3803,11803,0.179429,0.142087
rc_trial_a33_k3_hn05,3,3804,11804,0.284548,0.0703842
rc_trial_a33_k3_hn05,3,3805,11805,0.239733,0.11681
rc_trial_a33_k3_hn05,3,3806,11806,0.428994,0.173004
rc_trial_a33_k3_hn05,3,3807,11807,0.390129,0.225376
rc_trial_a33_k3_hn05,3,3808,11808,1.08561,0.750606
rc_trial_a33_k3_hn05,3,3809,11809,1.07946,0.62967
rc_trial_a33_k3_hn05,3,3810,11810,1.13543,0.567582
rc_trial_a33_k3_hn05,3,3811,11811,0.84963,0.39328
rc_trial_a33_k3_hn05,3,3812,11812,0.750756,0.523867
rc_trial_a33_k3_hn05,3,3813,11813,0.821448,0.581111
rc_trial_a33_k3_hn05,3,3814,11814,0.622799,0.556641
rc_trial_a33_k3_hn05,3,3815,11815,0.626758,1.20418
rc_trial_a33_k3_hn05,3,3816,11816,0.548986,0.787243
rc_trial_a33_k3_hn05,3,3817,11817,0.321415,0.351582
rc_trial_a33_k3_hn05,3,3818,11818,0.420933,0.505048
rc_trial_a33_k3_hn05,3,3819,11819,0.178331,0.496361
rc_trial_a33_k3_hn05,3,3820,11820,0.0270047,0.336474
rc_trial_a33_k3_hn05,3,3821,11821,0.523542,0.35288
rc_trial_a33_k3_hn05,3,3822,11822,0.410479,0.82644
rc_trial_a33_k3_hn05,3,3823,11823,0.260379,0.191371
rc_trial_a33_k3_hn05,3,3824,11824,0.217136,0.190682
rc_trial_a33_k3_hn05,3,3825,11825,0.321053,0.202688
rc_trial_a33_k3_hn05,3,3826,11826,0.172515,0.13995
rc_trial_a33_k3_hn05,3,3827,11827,0.253637,0.134007
rc_trial_a33_k3_hn05,3,3828,11828,0.26118,0.223195
rc_trial_a33_k3_hn05,3,3829,11829,0.216588,0.0612816
rc_trial_a33_k3_hn05,3,3830,11830,0.240241,0.0712532
rc_trial_a33_k3_hn05,3,3831,11831,0.142383,0.17685
rc_trial_a33_k3_hn05,3,3832,11832,0.177469,0.0155421
rc_trial_a33_k3_hn05,3,3833,11833,0.401578,0.124809
rc_trial_a33_k3_hn05,3,3834,11834,0.264821,0.12582
rc_trial_a33_k3_hn05,3,3835,11835,0.193389,0.0721201
rc_trial_a33_k3_hn05,3,3836,11836,0.695578,0.262845
rc_trial_a33_k3_hn05,3,3837,11837,0.770144,0.548308
rc_trial_a33_k3_hn05,3,3838,11838,0.734192,0.370807
rc_trial_a33_k3_hn05,3,3839,11839,0.977158,0.418511
rc_trial_a33_k3_hn05,3,3840,11840,0.0418687,0.250032
rc_trial_a33_k3_hn05,3,3841,11841,0.419549,0.0186476
rc_trial_a33_k3_hn05,3,3842,11842,0.30383,0.0166923
rc_trial_a33_k3_hn05,3,3843,11843,0.234636,0.0102715
rc_trial_a33_k3_hn05,3,3844,11844,0.344923,0.00618636
rc_trial_a33_k3_hn05,3,3845,11845,0.277452,0.0136559
rc_trial_a33_k3_hn05,3,3846,11846,0.219195,0.0207771
rc_trial_a33_k3_hn05,3,3847,11847,0.211862,0.141183
rc_trial_a33_k3_hn05,3,3848,11848,0.250078,0.127518
rc_trial_a33_k3_hn05,3,3849,11849,0.176549,0.0843463
rc_trial_a33_k3_hn05,3,3850,11850,0.208284,0.31397
rc_trial_a33_k3_hn05,3,3851,11851,0.419173,0.206062
rc_trial_a33_k3_hn05,3,3852,11852,0.318115,0.290488
rc_trial_a33_k3_hn05,3,3853,11853,0.334008,0.462041
rc_trial_a33_k3_hn05,3,3854,11854,0.69259,0.650203
rc_trial_a33_k3_hn05,3,3855,11855,0.404289,0.551814
rc_trial_a33_k3_hn05,3,3856,11856,0.435892,0.622296
rc_trial_a33_k3_hn05,3,3857,11857,0.426605,0.786241
rc_trial_a33_k3_hn05,3,3858,11858,0.336369,0.567155
rc_trial_a33_k3_hn05,3,3859,11859,0.228727,0.390777
rc_trial_a33_k3_hn05,3,3860,11860,0.193921,0.659247
rc_trial_a33_k3_hn05,3,3861,11861,0.178293,0.499665
rc_trial_a33_k3_hn05,3,3862,11862,0.220501,0.352861
rc_trial_a33_k3_hn05,3,3863,11863,0.284766,0.175315
rc_trial_a33_k3_hn05,3,3864,11864,0.330364,0.530352
rc_trial_a33_k3_hn05,3,3865,11865,0.576562,0.690908
rc_trial_a33_k3_hn05,3,3866,11866,0.0933144,0.615458
rc_trial_a33_k3_hn05,3,3867,11867,0.449788,0.717976
rc_trial_a33_k3_hn05,3,3868,11868,0.421944,0.296323
rc_trial_a33_k3_hn05,3,3869,11869,0.843662,0.67032
rc_trial_a33_k3_hn05,3,3870,11870,0.336507,0.3132
rc_trial_a33_k3_hn05,3,3871,11871,0.590839,0.768591
rc_trial_a33_k3_hn05,3,3872,11872,0.655667,0.722942
rc_trial_a33_k3_hn05,3,3873,11873,0.701019,0.647503
rc_trial_a33_k3_hn05,3,3874,11874,0.744535,0.585801
rc_trial_a33_k3_hn05,3,3875,11875,0.708891,0.590234
rc_trial_a33_k3_hn05,3,3876,11876,0.955501,0.730428
rc_trial_a33_k3_hn05,3,3877,11877,0.0645209,0.197822
rc_trial_a33_k3_hn05,3,3878,11878,0.113409,0.175562
rc_trial_a33_k3_hn05,3,3879,11879,0.125906,0.280362
rc_trial_a33_k3_hn05,3,3880,11880,0.163223,0.251121
rc_trial_a33_k3_hn05,3,3881,11881,0.185493,0.23686
rc_trial_a33_k3_hn05,3,3882,11882,0.559924,0.657272
rc_trial_a33_k3_hn05,3,3883,11883,0.566513,0.680527
rc_trial_a33_k3_hn05,3,3884,11884,0.538321,0.259128
rc_trial_a33_k3_hn05,3,3885,11885,0.497159,0.341923
rc_trial_a33_k3_hn05,3,3886,11886,1.04002,0.510833
rc_trial_a33_k3_hn05,3,3887,11887,0.13171,0.247765
rc_trial_a33_k3_hn05,3,3888,11888,0.410433,0.178963
rc_trial_a33_k3_hn05,3,3889,11889,0.191463,0.139092
rc_trial_a33_k3_hn05,3,3890,11890,0.371522,0.180613
rc_trial_a33_k3_hn05,3,3891,11891,0.818499,0.474652
rc_trial_a33_k3_hn05,3,3892,11892,0.992488,1.33565
rc_trial_a33_k3_hn05,3,3893,11893,0.380651,0.374816
rc_trial_a33_k3_hn05,3,3894,11894,0.582762,0.38977
rc_trial_a33_k3_hn05,3,3895,11895,0.561973,0.524107
rc_trial_a33_k3_hn05,3,3896,11896,0.642739,0.759082
rc_trial_a33_k3_hn05,3,3897,11897,0.564768,0.429724
rc_trial_a33_k3_hn05,3,3898,11898,0.531075,0.383732
rc_trial_a33_k3_hn05,3,3899,11899,0.63757,0.515554
rc_trial_a33_k3_hn05,3,3900,11900,0.666688,0.318978
rc_trial_a33_k3_hn05,3,3901,11901,0.092642,0.330311
rc_trial_a33_k3_hn05,3,3902,11902,0.188406,0.480046
rc_trial_a33_k3_hn05,3,3903,11903,0.865789,0.907939
rc_trial_a33_k3_hn05,3,3904,11904,0.459499,0.336473
rc_trial_a33_k3_hn05,3,3905,11905,0.310539,0.217243
rc_trial_a33_k3_hn05,3,3906,11906,0.134775,0.695222
rc_trial_a33_k3_hn05,3,3907,11907,0.305237,0.483658
rc_trial_a33_k3_hn05,3,3908,11908,0.320889,0.479102
rc_trial_a33_k3_hn05,3,3909,11909,0.158244,0.250679
rc_trial_a33_k3_hn05,3,3910,11910,0.314981,0.251516
rc_trial_a33_k3_hn05,3,3911,11911,0.306706,0.693034
rc_trial_a33_k3_hn05,3,3912,11912,0.377308,0.081708
rc_trial_a33_k3_hn05,3,3913,11913,0.385811,0.526254
rc_trial_a33_k3_hn05,3,3914,11914,0.396127,0.0789231
rc_trial_a33_k3_hn05,3,3915,11915,0.0888614,0.243488
rc_trial_a33_k3_hn05,3,3916,11916,0.38643,0.917816
rc_trial_a33_k3_hn05,3,3917,11917,0.527443,0.446957
rc_trial_a33_k3_hn05,3,3918,11918,0.465195,0.517828
rc_trial_a33_k3_hn05,3,3919,11919,0.432132,0.509452
rc_trial_a33_k3_hn05,3,3920,11920,0.506,0.256589
rc_trial_a33_k3_hn05,3,3921,11921,0.312835,0.163452
rc_trial_a33_k3_hn05,3,3922,11922,-0.00994942,0.255685
rc_trial_a33_k3_hn05,3,3923,11923,-0.216053,0.384602
rc_trial_a33_k3_hn05,3,3924,11924,0.447945,0.651146
rc_trial_a33_k3_hn05,3,3925,11925,0.195192,0.0841144
rc_trial_a33_k3_hn05,3,3926,11926,0.240343,0.457239
rc_trial_a33_k3_hn05,3,3927,11927,0.174217,0.500992
rc_trial_a33_k3_hn05,3,3928,11928,0.00447151,0.306521
rc_trial_a33_k3_hn05,3,3929,11929,0.134092,0.162113
rc_trial_a33_k3_hn05,3,3930,11930,0.193849,0.00335625
rc_trial_a33_k3_hn05,3,3931,11931,0.300695,0.00499437
rc_trial_a33_k3_hn05,3,3932,11932,0.418645,0.091407
rc_trial_a33_k3_hn05,3,3933,11933,0.131476,0.163683
rc_trial_a33_k3_hn05,3,3934,11934,0.123502,0.154243
rc_trial_a33_k3_hn05,3,3935,11935,0.222134,0.125309
rc_trial_a33_k3_hn05,3,3936,11936,0.267595,0.28081
rc_trial_a33_k3_hn05,3,3937,11937,0.101613,0.476461
rc_trial_a33_k3_hn05,3,3938,11938,0.179849,0.261036
rc_trial_a33_k3_hn05,3,3939,11939,0.0493667,0.706229
rc_trial_a33_k3_hn05,3,3940,11940,0.817451,0.384587
rc_trial_a33_k3_hn05,3,3941,11941,0.812824,0.420442
rc_trial_a33_k3_hn05,3,3942,11942,0.726793,0.30881
rc_trial_a33_k3_hn05,3,3943,11943,0.809393,0.391907
rc_trial_a33_k3_hn05,3,3944,11944,0.739035,0.343136
rc_trial_a33_k3_hn05,3,3945,11945,-0.0597329,0.206035
rc_trial_a33_k3_hn05,3,3946,11946,-0.278665,0.244131
rc_trial_a33_k3_hn05,3,3947,11947,0.0508988,0.300516
rc_trial_a33_k3_hn05,3,3948,11948,-0.2151,0.240022
rc_trial_a33_k3_hn05,3,3949,11949,0.513161,0.113631
rc_trial_a33_k3_hn05,3,3950,11950,0.675778,0.109286
rc_trial_a33_k3_hn05,3,3951,11951,0.524628,0.164348
rc_trial_a33_k3_hn05,3,3952,11952,0.327373,0.2164
rc_trial_a33_k3_hn05,3,3953,11953,0.464898,0.278627
rc_trial_a33_k3_hn05,3,3954,11954,0.616233,0.370952
rc_trial_a33_k3_hn05,3,3955,11955,0.476978,0.250322
rc_trial_a33_k3_hn05,3,3956,11956,1.10874,0.41194
rc_trial_a33_k3_hn05,3,3957,11957,-0.0186369,0.296343
rc_trial_a33_k3_hn05,3,3958,11958,-0.154131,0.26487
rc_trial_a33_k3_hn05,3,3959,11959,0.621362,0.272593
rc_trial_a33_k3_hn05,3,3960,11960,0.698496,0.390584
rc_trial_a33_k3_hn05,3,3961,11961,-0.0133465,0.202351
rc_trial_a33_k3_hn05,3,3962,11962,0.223633,0.07497
rc_trial_a33_k3_hn05,3,3963,11963,0.255621,0.024825
rc_trial_a33_k3_hn05,3,3964,11964,0.154086,0.024018
rc_trial_a33_k3_hn05,3,3965,11965,0.0949146,0.174797
rc_trial_a33_k3_hn05,3,3966,11966,0.847976,0.675715
rc_trial_a33_k3_hn05,3,3967,11967,0.697684,0.51846
rc_trial_a33_k3_hn05,3,3968,11968,0.22473,0.818734
rc_trial_a33_k3_hn05,3,3969,11969,0.222659,1.02312
rc_trial_a33_k3_hn05,3,3970,11970,0.360479,0.426629
rc_trial_a33_k3_hn05,3,3971,11971,0.401225,0.195997
rc_trial_a33_k3_hn05,3,3972,11972,0.453512,0.375372
rc_trial_a33_k3_hn05,3,3973,11973,0.963193,0.849586
rc_trial_a33_k3_hn05,3,3974,11974,0.94948,0.588355
rc_trial_a33_k3_hn05,3,3975,11975,0.992981,0.731099
rc_trial_a33_k3_hn05,3,3976,11976,0.0881994,0.291702
rc_trial_a33_k3_hn05,3,3977,11977,0.774223,0.510049
rc_trial_a33_k3_hn05,3,3978,11978,0.396509,0.364205
rc_trial_a33_k3_hn05,3,3979,11979,0.737101,0.470316
rc_trial_a33_k3_hn05,3,3980,11980,0.668539,0.461391
rc_trial_a33_k3_hn05,3,3981,11981,0.120494,0.652157
rc_trial_a33_k3_hn05,3,3982,11982,0.488262,0.512256
rc_trial_a33_k3_hn05,3,3983,11983,0.588711,0.685263
rc_trial_a33_k3_hn05,3,3984,11984,0.684136,0.60383
rc_trial_a33_k3_hn05,3,3985,11985,0.0764991,0.639965
rc_trial_a33_k3_hn05,3,3986,11986,0.204257,0.679551
rc_trial_a33_k3_hn05,3,3987,11987,0.17428,0.590263
rc_trial_a33_k3_hn05,3,3988,11988,-0.0539609,0.909606
rc_trial_a33_k3_hn05,3,3989,11989,0.103855,1.25415
rc_trial_a33_k3_hn05,3,3990,11990,0.0944564,0.737729
rc_trial_a33_k3_hn05,3,3991,11991,0.674803,0.618193
rc_trial_a33_k3_hn05,3,3992,11992,0.70249,0.923708
rc_trial_a33_k3_hn05,3,3993,11993,0.230397,0.2902
rc_trial_a33_k3_hn05,3,3994,11994,0.354669,0.192675
rc_trial_a33_k3_hn05,3,3995,11995,0.385918,0.175548
rc_trial_a33_k3_hn05,3,3996,11996,0.25244,0.486869
rc_trial_a33_k3_hn05,3,3997,11997,0.177836,0.124797
rc_trial_a33_k3_hn05,3,3998,11998,0.557574,0.317402
rc_trial_a33_k3_hn05,3,3999,11999,0.286954,0.400317
rc_trial_a33_k3_hn05,3,4000,12000,0.16658800000000001,0.18701
rc_trial_a33_k3_hn05,4,1,12001,0.827499,0.613444
rc_trial_a33_k3_hn05,4,2,12002,0.828363,0.70093
rc_trial_a33_k3_hn05,4,3,12003,0.985356,0.792169
rc_trial_a33_k3_hn05,4,4,12004,0.873322,0.748744
rc_trial_a33_k3_hn05,4,5,12005,0.372015,0.865908
rc_trial_a33_k3_hn05,4,6,12006,-0.0402682,0.716787
rc_trial_a33_k3_hn05,4,7,12007,0.278814,0.630581
rc_trial_a33_k3_hn05,4,8,12008,0.0466111,1.21529
rc_trial_a33_k3_hn05,4,9,12009,0.0467683,0.35675
rc_trial_a33_k3_hn05,4,10,12010,0.247233,0.16222
rc_trial_a33_k3_hn05,4,11,12011,0.430114,0.169315
rc_trial_a33_k3_hn05,4,12,12012,0.46339,0.205914
rc_trial_a33_k3_hn05,4,13,12013,0.461727,0.617308
rc_trial_a33_k3_hn05,4,14,12014,0.486216,0.791207
rc_trial_a33_k3_hn05,4,15,12015,0.0747556,0.233738
rc_trial_a33_k3_hn05,4,16,12016,0.0446947,0.223791
rc_trial_a33_k3_hn05,4,17,12017,-0.0914353,0.266164
rc_trial_a33_k3_hn05,4,18,12018,0.0309097,0.235895
rc_trial_a33_k3_hn05,4,19,12019,0.255105,0.356339
rc_trial_a33_k3_hn05,4,20,12020,0.693687,1.00347
rc_trial_a33_k3_hn05,4,21,12021,0.95405,0.547569
rc_trial_a33_k3_hn05,4,22,12022,0.596459,0.498601
rc_trial_a33_k3_hn05,4,23,12023,0.860175,0.445053
rc_trial_a33_k3_hn05,4,24,12024,0.187837,0.332255
rc_trial_a33_k3_hn05,4,25,12025,0.281163,0.372624
rc_trial_a33_k3_hn05,4,26,12026,0.556366,0.728807
rc_trial_a33_k3_hn05,4,27,12027,0.474905,0.883071
rc_trial_a33_k3_hn05,4,28,12028,0.572141,0.34838
rc_trial_a33_k3_hn05,4,29,12029,0.313104,0.211364
rc_trial_a33_k3_hn05,4,30,12030,0.344651,0.163377
rc_trial_a33_k3_hn05,4,31,12031,0.29244,0.291696
rc_trial_a33_k3_hn05,4,32,12032,0.101582,0.381447
rc_trial_a33_k3_hn05,4,33,12033,0.164884,0.328972
rc_trial_a33_k3_hn05,4,34,12034,0.169926,0.443153
rc_trial_a33_k3_hn05,4,35,12035,0.213598,0.449929
rc_trial_a33_k3_hn05,4,36,12036,0.735243,0.626898
rc_trial_a33_k3_hn05,4,37,12037,0.797726,0.44716
rc_trial_a33_k3_hn05,4,38,12038,1.08793,0.666765
rc_trial_a33_k3_hn05,4,39,12039,0.563995,0.505278
rc_trial_a33_k3_hn05,4,40,12040,0.638568,0.513129
rc_trial_a33_k3_hn05,4,41,12041,0.261425,0.54166
rc_trial_a33_k3_hn05,4,42,12042,0.130327,0.597694
rc_trial_a33_k3_hn05,4,43,12043,0.40444,0.346853
rc_trial_a33_k3_hn05,4,44,12044,0.402898,0.246651
rc_trial_a33_k3_hn05,4,45,12045,0.353925,0.247894
rc_trial_a33_k3_hn05,4,46,12046,0.327994,0.156517
rc_trial_a33_k3_hn05,4,47,12047,0.300058,0.150978
rc_trial_a33_k3_hn05,4,48,12048,0.537487,0.533309
rc_trial_a33_k3_hn05,4,49,12049,0.555397,0.477351
rc_trial_a33_k3_hn05,4,50,12050,0.576105,0.39338
rc_trial_a33_k3_hn05,4,51,12051,0.377795,0.181652
rc_trial_a33_k3_hn05,4,52,12052,-0.216336,0.266841
rc_trial_a33_k3_hn05,4,53,12053,0.200134,0.178006
rc_trial_a33_k3_hn05,4,54,12054,0.875669,0.720759
rc_trial_a33_k3_hn05,4,55,12055,1.15927,0.769579
rc_trial_a33_k3_hn05,4,56,12056,0.538239,0.59504
rc_trial_a33_k3_hn05,4,57,12057,0.539408,0.353675
rc_trial_a33_k3_hn05,4,58,12058,0.531918,0.549773
rc_trial_a33_k3_hn05,4,59,12059,0.528544,0.467383
rc_trial_a33_k3_hn05,4,60,12060,0.516335,0.413173
rc_trial_a33_k3_hn05,4,61,12061,0.503646,0.464128
rc_trial_a33_k3_hn05,4,62,12062,0.295942,0.656036
rc_trial_a33_k3_hn05,4,63,12063,0.342881,0.778962
rc_trial_a33_k3_hn05,4,64,12064,0.201969,0.736566
rc_trial_a33_k3_hn05,4,65,12065,0.663079,0.229397
rc_trial_a33_k3_hn05,4,66,12066,0.577197,0.373307
rc_trial_a33_k3_hn05,4,67,12067,0.361706,0.158106
rc_trial_a33_k3_hn05,4,68,12068,0.357706,0.331917
rc_trial_a33_k3_hn05,4,69,12069,0.55013,0.419557
rc_trial_a33_k3_hn05,4,70,12070,0.324381,0.631903
rc_trial_a33_k3_hn05,4,71,12071,0.585359,0.684643
rc_trial_a33_k3_hn05,4,72,12072,0.588753,0.578178
rc_trial_a33_k3_hn05,4,73,12073,0.439121,0.431274
rc_trial_a33_k3_hn05,4,74,12074,0.404111,0.544433
rc_trial_a33_k3_hn05,4,75,12075,0.407064,0.576858
rc_trial_a33_k3_hn05,4,76,12076,0.59269,0.398846
rc_trial_a33_k3_hn05,4,77,12077,0.0580102,0.408098
rc_trial_a33_k3_hn05,4,78,12078,0.137694,0.270054
rc_trial_a33_k3_hn05,4,79,12079,-0.196776,0.904012
rc_trial_a33_k3_hn05,4,80,12080,0.112695,0.358333
rc_trial_a33_k3_hn05,4,81,12081,0.57887,0.42556
rc_trial_a33_k3_hn05,4,82,12082,0.314047,0.572784
rc_trial_a33_k3_hn05,4,83,12083,0.232478,0.649643
rc_trial_a33_k3_hn05,4,84,12084,0.291566,0.622436
rc_trial_a33_k3_hn05,4,85,12085,0.663132,0.874048
rc_trial_a33_k3_hn05,4,86,12086,0.419975,0.613445
rc_trial_a33_k3_hn05,4,87,12087,0.296086,0.739985
rc_trial_a33_k3_hn05,4,88,12088,0.433134,0.232615
rc_trial_a33_k3_hn05,4,89,12089,0.421164,0.590676
rc_trial_a33_k3_hn05,4,90,12090,0.604807,0.372351
rc_trial_a33_k3_hn05,4,91,12091,0.651044,0.335457
rc_trial_a33_k3_hn05,4,92,12092,0.637031,0.29003
rc_trial_a33_k3_hn05,4,93,12093,0.473209,0.489014
rc_trial_a33_k3_hn05,4,94,12094,0.145108,0.704743
rc_trial_a33_k3_hn05,4,95,12095,0.127371,0.599911
rc_trial_a33_k3_hn05,4,96,12096,0.503207,0.71541
rc_trial_a33_k3_hn05,4,97,12097,0.496732,0.596224
rc_trial_a33_k3_hn05,4,98,12098,0.429069,0.363136
rc_trial_a33_k3_hn05,4,99,12099,0.585251,0.418668
rc_trial_a33_k3_hn05,4,100,12100,0.391406,0.0454474
rc_trial_a33_k3_hn05,4,101,12101,0.388458,0.0691628
rc_trial_a33_k3_hn05,4,102,12102,0.297646,0.00213253
rc_trial_a33_k3_hn05,4,103,12103,0.238352,0.00790451
rc_trial_a33_k3_hn05,4,104,12104,0.360553,0.00640092
rc_trial_a33_k3_hn05,4,105,12105,0.332857,0.0480939
rc_trial_a33_k3_hn05,4,106,12106,0.237422,0.104654
rc_trial_a33_k3_hn05,4,107,12107,0.302978,0.0933598
rc_trial_a33_k3_hn05,4,108,12108,0.161562,0.324305
rc_trial_a33_k3_hn05,4,109,12109,0.225093,0.26077
rc_trial_a33_k3_hn05,4,110,12110,0.139101,0.654689
rc_trial_a33_k3_hn05,4,111,12111,0.0388465,0.570598
rc_trial_a33_k3_hn05,4,112,12112,0.130559,0.348337
rc_trial_a33_k3_hn05,4,113,12113,0.364209,0.34087
rc_trial_a33_k3_hn05,4,114,12114,0.302645,0.271055
rc_trial_a33_k3_hn05,4,115,12115,0.424134,0.857353
rc_trial_a33_k3_hn05,4,116,12116,0.597184,0.377151
rc_trial_a33_k3_hn05,4,117,12117,0.430871,0.428555
rc_trial_a33_k3_hn05,4,118,12118,0.100008,0.359678
rc_trial_a33_k3_hn05,4,119,12119,0.660259,0.691961
rc_trial_a33_k3_hn05,4,120,12120,0.260769,0.408156
rc_trial_a33_k3_hn05,4,121,12121,0.656528,0.528597
rc_trial_a33_k3_hn05,4,122,12122,0.22453,0.0939709
rc_trial_a33_k3_hn05,4,123,12123,0.10355,0.0751825
rc_trial_a33_k3_hn05,4,124,12124,0.867513,0.301795
rc_trial_a33_k3_hn05,4,125,12125,0.69114,0.54589
rc_trial_a33_k3_hn05,4,126,12126,0.634859,0.344086
rc_trial_a33_k3_hn05,4,127,12127,0.650802,0.735323
rc_trial_a33_k3_hn05,4,128,12128,0.629372,0.623022
rc_trial_a33_k3_hn05,4,129,12129,0.664264,0.539923
rc_trial_a33_k3_hn05,4,130,12130,0.165798,0.27855
rc_trial_a33_k3_hn05,4,131,12131,0.0638135,0.601889
rc_trial_a33_k3_hn05,4,132,12132,0.108456,0.333599
rc_trial_a33_k3_hn05,4,133,12133,0.0210518,0.17344300000000001
rc_trial_a33_k3_hn05,4,134,12134,0.354885,0.552338
rc_trial_a33_k3_hn05,4,135,12135,0.465865,0.158662
rc_trial_a33_k3_hn05,4,136,12136,0.457949,0.183408
rc_trial_a33_k3_hn05,4,137,12137,0.297822,1.00004
rc_trial_a33_k3_hn05,4,138,12138,0.33467,0.551686
rc_trial_a33_k3_hn05,4,139,12139,0.116557,0.5504
rc_trial_a33_k3_hn05,4,140,12140,0.612863,0.641097
rc_trial_a33_k3_hn05,4,141,12141,0.528388,0.802619
rc_trial_a33_k3_hn05,4,142,12142,0.427922,0.272979
rc_trial_a33_k3_hn05,4,143,12143,-0.0831168,0.591171
rc_trial_a33_k3_hn05,4,144,12144,0.173235,0.721008
rc_trial_a33_k3_hn05,4,145,12145,0.0728011,0.260325
rc_trial_a33_k3_hn05,4,146,12146,0.679532,1.24049
rc_trial_a33_k3_hn05,4,147,12147,0.430976,0.362049
rc_trial_a33_k3_hn05,4,148,12148,0.559882,0.702797
rc_trial_a33_k3_hn05,4,149,12149,0.710598,0.657566
rc_trial_a33_k3_hn05,4,150,12150,0.738376,0.310112
rc_trial_a33_k3_hn05,4,151,12151,0.464028,0.121301
rc_trial_a33_k3_hn05,4,152,12152,0.532952,0.700151
rc_trial_a33_k3_hn05,4,153,12153,0.485196,0.186762
rc_trial_a33_k3_hn05,4,154,12154,0.37398,0.107267
rc_trial_a33_k3_hn05,4,155,12155,0.477988,0.285474
rc_trial_a33_k3_hn05,4,156,12156,0.22073,0.292343
rc_trial_a33_k3_hn05,4,157,12157,0.401425,0.250631
rc_trial_a33_k3_hn05,4,158,12158,0.395979,0.394726
rc_trial_a33_k3_hn05,4,159,12159,0.729648,0.293413
rc_trial_a33_k3_hn05,4,160,12160,0.732285,0.300686
rc_trial_a33_k3_hn05,4,161,12161,0.949557,1.10544
rc_trial_a33_k3_hn05,4,162,12162,0.821573,0.75752
rc_trial_a33_k3_hn05,4,163,12163,0.60001,0.483573
rc_trial_a33_k3_hn05,4,164,12164,0.301882,0.464604
rc_trial_a33_k3_hn05,4,165,12165,0.193951,0.569556
rc_trial_a33_k3_hn05,4,166,12166,0.28618,0.245994
rc_trial_a33_k3_hn05,4,167,12167,-0.108461,0.782586
rc_trial_a33_k3_hn05,4,168,12168,-0.189039,0.603825
rc_trial_a33_k3_hn05,4,169,12169,0.364275,0.467315
rc_trial_a33_k3_hn05,4,170,12170,0.428886,0.503141
rc_trial_a33_k3_hn05,4,171,12171,0.34968,0.752153
rc_trial_a33_k3_hn05,4,172,12172,0.267716,0.311553
rc_trial_a33_k3_hn05,4,173,12173,0.325917,0.0545662
rc_trial_a33_k3_hn05,4,174,12174,0.277479,0.16656
rc_trial_a33_k3_hn05,4,175,12175,0.693306,0.281498
rc_trial_a33_k3_hn05,4,176,12176,0.288501,0.233262
rc_trial_a33_k3_hn05,4,177,12177,0.442789,0.561239
rc_trial_a33_k3_hn05,4,178,12178,0.0891148,0.625568
rc_trial_a33_k3_hn05,4,179,12179,0.181677,0.95902
rc_trial_a33_k3_hn05,4,180,12180,0.136219,0.897626
rc_trial_a33_k3_hn05,4,181,12181,0.0896794,0.841785
rc_trial_a33_k3_hn05,4,182,12182,0.498591,0.385512
rc_trial_a33_k3_hn05,4,183,12183,0.556755,0.454218
rc_trial_a33_k3_hn05,4,184,12184,0.543505,0.334814
rc_trial_a33_k3_hn05,4,185,12185,0.310271,0.200066
rc_trial_a33_k3_hn05,4,186,12186,0.624819,0.411461
rc_trial_a33_k3_hn05,4,187,12187,-0.141791,0.54165
rc_trial_a33_k3_hn05,4,188,12188,0.925461,0.910632
rc_trial_a33_k3_hn05,4,189,12189,1.00967,0.839584
rc_trial_a33_k3_hn05,4,190,12190,0.989395,0.754037
rc_trial_a33_k3_hn05,4,191,12191,1.01369,0.716603
rc_trial_a33_k3_hn05,4,192,12192,0.5486,0.383234
rc_trial_a33_k3_hn05,4,193,12193,0.505217,0.364913
rc_trial_a33_k3_hn05,4,194,12194,0.379148,0.465165
rc_trial_a33_k3_hn05,4,195,12195,0.436861,0.0936671
rc_trial_a33_k3_hn05,4,196,12196,0.113978,0.0284451
rc_trial_a33_k3_hn05,4,197,12197,0.252609,0.26912
rc_trial_a33_k3_hn05,4,198,12198,0.128906,0.0737302
rc_trial_a33_k3_hn05,4,199,12199,0.219458,0.175876
rc_trial_a33_k3_hn05,4,200,12200,0.931948,0.520854
rc_trial_a33_k3_hn05,4,201,12201,1.14986,0.821904
rc_trial_a33_k3_hn05,4,202,12202,1.01356,0.712941
rc_trial_a33_k3_hn05,4,203,12203,0.719462,0.274343
rc_trial_a33_k3_hn05,4,204,12204,0.749671,0.329224
rc_trial_a33_k3_hn05,4,205,12205,0.573002,0.436338
rc_trial_a33_k3_hn05,4,206,12206,0.503182,0.395249
rc_trial_a33_k3_hn05,4,207,12207,0.472168,0.703581
rc_trial_a33_k3_hn05,4,208,12208,0.903734,0.61722
rc_trial_a33_k3_hn05,4,209,12209,0.608946,0.704121
rc_trial_a33_k3_hn05,4,210,12210,0.517406,0.733696
rc_trial_a33_k3_hn05,4,211,12211,0.616371,0.452191
rc_trial_a33_k3_hn05,4,212,12212,0.725388,0.669714
rc_trial_a33_k3_hn05,4,213,12213,0.860572,0.803478
rc_trial_a33_k3_hn05,4,214,12214,0.440202,0.421509
rc_trial_a33_k3_hn05,4,215,12215,0.53158,0.48285
rc_trial_a33_k3_hn05,4,216,12216,0.609836,0.249637
rc_trial_a33_k3_hn05,4,217,12217,0.521498,0.446373
rc_trial_a33_k3_hn05,4,218,12218,0.472009,0.778963
rc_trial_a33_k3_hn05,4,219,12219,0.068876,0.432622
rc_trial_a33_k3_hn05,4,220,12220,0.0555372,0.258931
rc_trial_a33_k3_hn05,4,221,12221,0.164983,0.121409
rc_trial_a33_k3_hn05,4,222,12222,0.432283,0.241448
rc_trial_a33_k3_hn05,4,223,12223,0.015402,0.775773
rc_trial_a33_k3_hn05,4,224,12224,0.495515,0.232849
rc_trial_a33_k3_hn05,4,225,12225,0.0991809,0.181787
rc_trial_a33_k3_hn05,4,226,12226,0.195478,0.173627
rc_trial_a33_k3_hn05,4,227,12227,0.376663,0.367365
rc_trial_a33_k3_hn05,4,228,12228,0.256426,0.69314
rc_trial_a33_k3_hn05,4,229,12229,0.292288,0.409444
rc_trial_a33_k3_hn05,4,230,12230,0.589272,0.570861
rc_trial_a33_k3_hn05,4,231,12231,0.477755,0.387742
rc_trial_a33_k3_hn05,4,232,12232,0.364988,0.426839
rc_trial_a33_k3_hn05,4,233,12233,-8.99696e-4,0.0747197
rc_trial_a33_k3_hn05,4,234,12234,0.370432,0.302487
rc_trial_a33_k3_hn05,4,235,12235,0.492661,0.57407
rc_trial_a33_k3_hn05,4,236,12236,0.162288,0.853941
rc_trial_a33_k3_hn05,4,237,12237,0.903779,0.405239
rc_trial_a33_k3_hn05,4,238,12238,0.648975,0.580132
rc_trial_a33_k3_hn05,4,239,12239,0.610962,0.430159
rc_trial_a33_k3_hn05,4,240,12240,0.100508,0.14535
rc_trial_a33_k3_hn05,4,241,12241,0.199919,0.529817
rc_trial_a33_k3_hn05,4,242,12242,0.228983,0.662855
rc_trial_a33_k3_hn05,4,243,12243,0.116441,0.114908
rc_trial_a33_k3_hn05,4,244,12244,0.430343,0.264371
rc_trial_a33_k3_hn05,4,245,12245,0.523063,0.355197
rc_trial_a33_k3_hn05,4,246,12246,0.537469,0.344834
rc_trial_a33_k3_hn05,4,247,12247,0.426465,0.330751
rc_trial_a33_k3_hn05,4,248,12248,0.360442,0.735125
rc_trial_a33_k3_hn05,4,249,12249,0.366107,0.807731
rc_trial_a33_k3_hn05,4,250,12250,0.309604,0.783605
rc_trial_a33_k3_hn05,4,251,12251,0.0207945,0.470531
rc_trial_a33_k3_hn05,4,252,12252,0.428194,0.575895
rc_trial_a33_k3_hn05,4,253,12253,0.571261,0.257985
rc_trial_a33_k3_hn05,4,254,12254,0.573353,0.340234
rc_trial_a33_k3_hn05,4,255,12255,0.501005,0.288842
rc_trial_a33_k3_hn05,4,256,12256,0.334762,0.169919
rc_trial_a33_k3_hn05,4,257,12257,0.677321,0.614241
rc_trial_a33_k3_hn05,4,258,12258,0.650934,0.422312
rc_trial_a33_k3_hn05,4,259,12259,0.598993,0.439364
rc_trial_a33_k3_hn05,4,260,12260,0.314233,0.645311
rc_trial_a33_k3_hn05,4,261,12261,0.274438,0.203279
rc_trial_a33_k3_hn05,4,262,12262,1.03499,0.940441
rc_trial_a33_k3_hn05,4,263,12263,1.08411,0.828584
rc_trial_a33_k3_hn05,4,264,12264,0.54789,0.252063
rc_trial_a33_k3_hn05,4,265,12265,0.233821,0.35621
rc_trial_a33_k3_hn05,4,266,12266,0.255788,0.392407
rc_trial_a33_k3_hn05,4,267,12267,0.290657,0.382825
rc_trial_a33_k3_hn05,4,268,12268,0.573894,0.451958
rc_trial_a33_k3_hn05,4,269,12269,0.422951,0.083833
rc_trial_a33_k3_hn05,4,270,12270,0.471674,0.114905
rc_trial_a33_k3_hn05,4,271,12271,0.230614,0.130459
rc_trial_a33_k3_hn05,4,272,12272,0.0439332,0.365018
rc_trial_a33_k3_hn05,4,273,12273,0.578995,0.172819
rc_trial_a33_k3_hn05,4,274,12274,-0.283819,0.163853
rc_trial_a33_k3_hn05,4,275,12275,-0.245702,0.183945
rc_trial_a33_k3_hn05,4,276,12276,-0.231163,0.299947
rc_trial_a33_k3_hn05,4,277,12277,3.12311e-4,0.106831
rc_trial_a33_k3_hn05,4,278,12278,-0.393568,0.331448
rc_trial_a33_k3_hn05,4,279,12279,0.362806,0.310656
rc_trial_a33_k3_hn05,4,280,12280,0.385055,0.248717
rc_trial_a33_k3_hn05,4,281,12281,0.256699,0.149532
rc_trial_a33_k3_hn05,4,282,12282,0.134613,0.194615
rc_trial_a33_k3_hn05,4,283,12283,0.208631,1.26209
rc_trial_a33_k3_hn05,4,284,12284,-0.0219412,0.156873
rc_trial_a33_k3_hn05,4,285,12285,-0.0382304,0.357856
rc_trial_a33_k3_hn05,4,286,12286,-0.191697,0.388571
rc_trial_a33_k3_hn05,4,287,12287,0.0729243,0.387232
rc_trial_a33_k3_hn05,4,288,12288,0.177053,0.151752
rc_trial_a33_k3_hn05,4,289,12289,0.170366,0.13833
rc_trial_a33_k3_hn05,4,290,12290,0.219044,0.182821
rc_trial_a33_k3_hn05,4,291,12291,0.169585,0.445283
rc_trial_a33_k3_hn05,4,292,12292,0.444465,0.0722822
rc_trial_a33_k3_hn05,4,293,12293,0.26232,0.248791
rc_trial_a33_k3_hn05,4,294,12294,0.778397,0.309067
rc_trial_a33_k3_hn05,4,295,12295,-0.0281747,0.39397
rc_trial_a33_k3_hn05,4,296,12296,-0.0324101,0.708943
rc_trial_a33_k3_hn05,4,297,12297,-0.0571045,0.664958
rc_trial_a33_k3_hn05,4,298,12298,-0.343352,0.628834
rc_trial_a33_k3_hn05,4,299,12299,0.435307,0.268086
rc_trial_a33_k3_hn05,4,300,12300,0.97958,0.715273
rc_trial_a33_k3_hn05,4,301,12301,0.764494,0.674289
rc_trial_a33_k3_hn05,4,302,12302,0.61342699999999994,0.442024
rc_trial_a33_k3_hn05,4,303,12303,0.685925,0.408723
rc_trial_a33_k3_hn05,4,304,12304,0.896805,0.735381
rc_trial_a33_k3_hn05,4,305,12305,0.486207,0.699387
rc_trial_a33_k3_hn05,4,306,12306,0.573377,0.961733
rc_trial_a33_k3_hn05,4,307,12307,0.447944,0.75164
rc_trial_a33_k3_hn05,4,308,12308,0.261,0.19869
rc_trial_a33_k3_hn05,4,309,12309,0.325137,0.169244
rc_trial_a33_k3_hn05,4,310,12310,0.350948,0.198466
rc_trial_a33_k3_hn05,4,311,12311,0.295879,0.296228
rc_trial_a33_k3_hn05,4,312,12312,0.55932,0.668163
rc_trial_a33_k3_hn05,4,313,12313,0.511167,0.361139
rc_trial_a33_k3_hn05,4,314,12314,0.460398,0.524866
rc_trial_a33_k3_hn05,4,315,12315,0.909607,0.792709
rc_trial_a33_k3_hn05,4,316,12316,0.959075,0.54971
rc_trial_a33_k3_hn05,4,317,12317,0.908366,0.623585
rc_trial_a33_k3_hn05,4,318,12318,0.736093,0.424924
rc_trial_a33_k3_hn05,4,319,12319,0.626779,0.403199
rc_trial_a33_k3_hn05,4,320,12320,-0.41716,0.682933
rc_trial_a33_k3_hn05,4,321,12321,0.632786,0.24097
rc_trial_a33_k3_hn05,4,322,12322,0.633145,0.283749
rc_trial_a33_k3_hn05,4,323,12323,0.248387,0.150784
rc_trial_a33_k3_hn05,4,324,12324,0.636859,0.216783
rc_trial_a33_k3_hn05,4,325,12325,0.34904,0.333334
rc_trial_a33_k3_hn05,4,326,12326,0.673638,0.446901
rc_trial_a33_k3_hn05,4,327,12327,0.916291,0.586478
rc_trial_a33_k3_hn05,4,328,12328,0.657595,0.460523
rc_trial_a33_k3_hn05,4,329,12329,0.696433,0.54271
rc_trial_a33_k3_hn05,4,330,12330,1.00606,0.338094
rc_trial_a33_k3_hn05,4,331,12331,0.352798,0.192435
rc_trial_a33_k3_hn05,4,332,12332,0.644951,0.645892
rc_trial_a33_k3_hn05,4,333,12333,0.737426,0.693149
rc_trial_a33_k3_hn05,4,334,12334,-0.562522,0.710404
rc_trial_a33_k3_hn05,4,335,12335,0.295854,0.552906
rc_trial_a33_k3_hn05,4,336,12336,0.545226,0.573179
rc_trial_a33_k3_hn05,4,337,12337,0.490226,0.24285
rc_trial_a33_k3_hn05,4,338,12338,0.322301,0.0905992
rc_trial_a33_k3_hn05,4,339,12339,0.409299,0.0421272
rc_trial_a33_k3_hn05,4,340,12340,0.17319,0.586224
rc_trial_a33_k3_hn05,4,341,12341,0.063572,0.518817
rc_trial_a33_k3_hn05,4,342,12342,-0.443199,1.07138
rc_trial_a33_k3_hn05,4,343,12343,0.268691,0.401106
rc_trial_a33_k3_hn05,4,344,12344,0.382418,0.359175
rc_trial_a33_k3_hn05,4,345,12345,0.216631,0.268443
rc_trial_a33_k3_hn05,4,346,12346,0.0218255,0.281986
rc_trial_a33_k3_hn05,4,347,12347,0.0447542,0.355544
rc_trial_a33_k3_hn05,4,348,12348,0.0586328,0.503159
rc_trial_a33_k3_hn05,4,349,12349,0.22195,0.0796281
rc_trial_a33_k3_hn05,4,350,12350,0.318043,0.176725
rc_trial_a33_k3_hn05,4,351,12351,0.288835,0.231268
rc_trial_a33_k3_hn05,4,352,12352,0.166358,0.190322
rc_trial_a33_k3_hn05,4,353,12353,0.021234,0.246799
rc_trial_a33_k3_hn05,4,354,12354,0.549241,0.412945
rc_trial_a33_k3_hn05,4,355,12355,0.228449,0.299975
rc_trial_a33_k3_hn05,4,356,12356,0.732961,0.562661
rc_trial_a33_k3_hn05,4,357,12357,0.613887,0.627701
rc_trial_a33_k3_hn05,4,358,12358,0.279496,0.383132
rc_trial_a33_k3_hn05,4,359,12359,0.323186,0.693766
rc_trial_a33_k3_hn05,4,360,12360,0.3216,1.01819
rc_trial_a33_k3_hn05,4,361,12361,0.139295,0.494934
rc_trial_a33_k3_hn05,4,362,12362,0.144164,0.440195
rc_trial_a33_k3_hn05,4,363,12363,-0.512397,0.832761
rc_trial_a33_k3_hn05,4,364,12364,-0.600123,1.18164
rc_trial_a33_k3_hn05,4,365,12365,-0.345347,0.807823
rc_trial_a33_k3_hn05,4,366,12366,-0.3424,0.673763
rc_trial_a33_k3_hn05,4,367,12367,-0.173377,0.918704
rc_trial_a33_k3_hn05,4,368,12368,-0.348738,1.12037
rc_trial_a33_k3_hn05,4,369,12369,0.105813,0.351399
rc_trial_a33_k3_hn05,4,370,12370,0.190811,0.890696
rc_trial_a33_k3_hn05,4,371,12371,0.612409,0.524165
rc_trial_a33_k3_hn05,4,372,12372,0.60583,0.838335
rc_trial_a33_k3_hn05,4,373,12373,0.264609,0.220076
rc_trial_a33_k3_hn05,4,374,12374,0.00824279,0.126747
rc_trial_a33_k3_hn05,4,375,12375,-0.0735935,0.230404
rc_trial_a33_k3_hn05,4,376,12376,-0.0723434,0.173898
rc_trial_a33_k3_hn05,4,377,12377,0.340121,0.253079
rc_trial_a33_k3_hn05,4,378,12378,0.244108,0.656291
rc_trial_a33_k3_hn05,4,379,12379,0.00944482,0.356902
rc_trial_a33_k3_hn05,4,380,12380,0.0931565,0.386534
rc_trial_a33_k3_hn05,4,381,12381,0.433835,0.548323
rc_trial_a33_k3_hn05,4,382,12382,0.393708,0.224566
rc_trial_a33_k3_hn05,4,383,12383,0.244301,0.233939
rc_trial_a33_k3_hn05,4,384,12384,0.501629,0.313274
rc_trial_a33_k3_hn05,4,385,12385,0.404029,0.249748
rc_trial_a33_k3_hn05,4,386,12386,0.392751,0.40135
rc_trial_a33_k3_hn05,4,387,12387,0.285282,0.117283
rc_trial_a33_k3_hn05,4,388,12388,0.0969248,0.239172
rc_trial_a33_k3_hn05,4,389,12389,-0.156803,0.553376
rc_trial_a33_k3_hn05,4,390,12390,0.318926,0.231627
rc_trial_a33_k3_hn05,4,391,12391,-0.0890618,0.273631
rc_trial_a33_k3_hn05,4,392,12392,0.136863,0.257963
rc_trial_a33_k3_hn05,4,393,12393,0.113426,0.244907
rc_trial_a33_k3_hn05,4,394,12394,0.0647521,0.0870316
rc_trial_a33_k3_hn05,4,395,12395,0.191934,0.154072
rc_trial_a33_k3_hn05,4,396,12396,-0.123083,0.991415
rc_trial_a33_k3_hn05,4,397,12397,-0.126004,0.292764
rc_trial_a33_k3_hn05,4,398,12398,0.181829,0.0707725
rc_trial_a33_k3_hn05,4,399,12399,0.197803,0.449082
rc_trial_a33_k3_hn05,4,400,12400,0.36745,0.0355322
rc_trial_a33_k3_hn05,4,401,12401,0.39366,0.0423492
rc_trial_a33_k3_hn05,4,402,12402,0.197835,0.0300267
rc_trial_a33_k3_hn05,4,403,12403,0.414618,0.0192848
rc_trial_a33_k3_hn05,4,404,12404,0.12627,0.0665092
rc_trial_a33_k3_hn05,4,405,12405,0.169944,0.0504042
rc_trial_a33_k3_hn05,4,406,12406,0.273127,0.259034
rc_trial_a33_k3_hn05,4,407,12407,0.33738,0.0817176
rc_trial_a33_k3_hn05,4,408,12408,0.355845,0.0317823
rc_trial_a33_k3_hn05,4,409,12409,0.0238525,0.0343095
rc_trial_a33_k3_hn05,4,410,12410,0.0285562,0.118534
rc_trial_a33_k3_hn05,4,411,12411,0.280785,0.171108
rc_trial_a33_k3_hn05,4,412,12412,0.209646,0.652457
rc_trial_a33_k3_hn05,4,413,12413,0.429382,0.213977
rc_trial_a33_k3_hn05,4,414,12414,0.29539,0.168583
rc_trial_a33_k3_hn05,4,415,12415,0.257031,0.423331
rc_trial_a33_k3_hn05,4,416,12416,0.251789,0.147701
rc_trial_a33_k3_hn05,4,417,12417,0.609213,0.208485
rc_trial_a33_k3_hn05,4,418,12418,-0.0469722,0.218301
rc_trial_a33_k3_hn05,4,419,12419,-0.146161,0.635708
rc_trial_a33_k3_hn05,4,420,12420,-0.357952,0.851742
rc_trial_a33_k3_hn05,4,421,12421,-0.435618,0.956237
rc_trial_a33_k3_hn05,4,422,12422,-0.343714,0.795032
rc_trial_a33_k3_hn05,4,423,12423,-0.361952,0.995792
rc_trial_a33_k3_hn05,4,424,12424,0.182422,0.0846178
rc_trial_a33_k3_hn05,4,425,12425,0.091915,0.1353
rc_trial_a33_k3_hn05,4,426,12426,0.124713,0.241093
rc_trial_a33_k3_hn05,4,427,12427,-0.0292031,0.175443
rc_trial_a33_k3_hn05,4,428,12428,0.196376,0.0981248
rc_trial_a33_k3_hn05,4,429,12429,0.377759,0.0194033
rc_trial_a33_k3_hn05,4,430,12430,0.136772,0.0228023
rc_trial_a33_k3_hn05,4,431,12431,0.233151,0.121051
rc_trial_a33_k3_hn05,4,432,12432,0.256399,0.252058
rc_trial_a33_k3_hn05,4,433,12433,0.569103,0.331706
rc_trial_a33_k3_hn05,4,434,12434,0.63797,0.265335
rc_trial_a33_k3_hn05,4,435,12435,0.881611,1.07542
rc_trial_a33_k3_hn05,4,436,12436,0.848393,0.67802
rc_trial_a33_k3_hn05,4,437,12437,-0.139166,0.457137
rc_trial_a33_k3_hn05,4,438,12438,0.204788,0.503903
rc_trial_a33_k3_hn05,4,439,12439,0.252347,0.572412
rc_trial_a33_k3_hn05,4,440,12440,0.312818,0.452666
rc_trial_a33_k3_hn05,4,441,12441,1.17508,0.930134
rc_trial_a33_k3_hn05,4,442,12442,0.206703,0.538152
rc_trial_a33_k3_hn05,4,443,12443,0.180594,1.0538
rc_trial_a33_k3_hn05,4,444,12444,0.165552,0.391395
rc_trial_a33_k3_hn05,4,445,12445,-0.0355629,0.428223
rc_trial_a33_k3_hn05,4,446,12446,0.456993,0.812503
rc_trial_a33_k3_hn05,4,447,12447,0.443278,0.971295
rc_trial_a33_k3_hn05,4,448,12448,0.505477,0.513503
rc_trial_a33_k3_hn05,4,449,12449,0.458304,0.452984
rc_trial_a33_k3_hn05,4,450,12450,0.736471,0.654914
rc_trial_a33_k3_hn05,4,451,12451,0.610784,0.411759
rc_trial_a33_k3_hn05,4,452,12452,1.25778,0.735597
rc_trial_a33_k3_hn05,4,453,12453,1.26729,0.718248
rc_trial_a33_k3_hn05,4,454,12454,0.596964,0.444882
rc_trial_a33_k3_hn05,4,455,12455,0.157492,0.273283
rc_trial_a33_k3_hn05,4,456,12456,0.0700424,0.327485
rc_trial_a33_k3_hn05,4,457,12457,0.492611,0.367806
rc_trial_a33_k3_hn05,4,458,12458,0.316772,0.324506
rc_trial_a33_k3_hn05,4,459,12459,0.68595,0.871742
rc_trial_a33_k3_hn05,4,460,12460,0.629477,0.542437
rc_trial_a33_k3_hn05,4,461,12461,0.102697,0.63102
rc_trial_a33_k3_hn05,4,462,12462,0.186354,0.501924
rc_trial_a33_k3_hn05,4,463,12463,0.269138,0.755404
rc_trial_a33_k3_hn05,4,464,12464,0.264892,0.305931
rc_trial_a33_k3_hn05,4,465,12465,0.140774,0.500641
rc_trial_a33_k3_hn05,4,466,12466,0.512243,0.936092
rc_trial_a33_k3_hn05,4,467,12467,0.141648,0.645655
rc_trial_a33_k3_hn05,4,468,12468,0.45981,0.382308
rc_trial_a33_k3_hn05,4,469,12469,0.456511,0.4058
rc_trial_a33_k3_hn05,4,470,12470,0.722151,0.500659
rc_trial_a33_k3_hn05,4,471,12471,0.621827,0.772157
rc_trial_a33_k3_hn05,4,472,12472,0.638078,0.446925
rc_trial_a33_k3_hn05,4,473,12473,-0.241443,0.696991
rc_trial_a33_k3_hn05,4,474,12474,0.0193676,0.517663
rc_trial_a33_k3_hn05,4,475,12475,0.705628,0.44497
rc_trial_a33_k3_hn05,4,476,12476,0.734047,0.584429
rc_trial_a33_k3_hn05,4,477,12477,0.545053,0.208525
rc_trial_a33_k3_hn05,4,478,12478,0.131095,0.516936
rc_trial_a33_k3_hn05,4,479,12479,0.353518,0.561538
rc_trial_a33_k3_hn05,4,480,12480,0.757554,1.10863
rc_trial_a33_k3_hn05,4,481,12481,0.747849,0.888982
rc_trial_a33_k3_hn05,4,482,12482,0.72138,0.911972
rc_trial_a33_k3_hn05,4,483,12483,0.69991,0.863267
rc_trial_a33_k3_hn05,4,484,12484,0.5444,0.907862
rc_trial_a33_k3_hn05,4,485,12485,-0.162484,0.784812
rc_trial_a33_k3_hn05,4,486,12486,-0.477817,1.03037
rc_trial_a33_k3_hn05,4,487,12487,-0.723934,1.48386
rc_trial_a33_k3_hn05,4,488,12488,-0.256768,0.704966
rc_trial_a33_k3_hn05,4,489,12489,-0.503204,0.907789
rc_trial_a33_k3_hn05,4,490,12490,-0.0711619,0.927374
rc_trial_a33_k3_hn05,4,491,12491,-0.0698071,1.1294
rc_trial_a33_k3_hn05,4,492,12492,0.339861,0.278917
rc_trial_a33_k3_hn05,4,493,12493,0.403427,0.333979
rc_trial_a33_k3_hn05,4,494,12494,0.0943202,0.216057
rc_trial_a33_k3_hn05,4,495,12495,0.0119237,0.124394
rc_trial_a33_k3_hn05,4,496,12496,-0.123067,0.203237
rc_trial_a33_k3_hn05,4,497,12497,0.166368,0.336532
rc_trial_a33_k3_hn05,4,498,12498,0.154112,0.282673
rc_trial_a33_k3_hn05,4,499,12499,0.385399,0.219595
rc_trial_a33_k3_hn05,4,500,12500,0.370243,0.223316
rc_trial_a33_k3_hn05,4,501,12501,-0.0958543,0.569503
rc_trial_a33_k3_hn05,4,502,12502,-0.140386,0.480697
rc_trial_a33_k3_hn05,4,503,12503,-0.086317,0.513628
rc_trial_a33_k3_hn05,4,504,12504,0.135805,0.256855
rc_trial_a33_k3_hn05,4,505,12505,0.290991,0.146552
rc_trial_a33_k3_hn05,4,506,12506,0.221908,0.844542
rc_trial_a33_k3_hn05,4,507,12507,1.06945,0.549313
rc_trial_a33_k3_hn05,4,508,12508,1.04227,0.923673
rc_trial_a33_k3_hn05,4,509,12509,0.592874,0.433605
rc_trial_a33_k3_hn05,4,510,12510,0.608605,0.257281
rc_trial_a33_k3_hn05,4,511,12511,0.574896,0.594435
rc_trial_a33_k3_hn05,4,512,12512,0.666293,0.946651
rc_trial_a33_k3_hn05,4,513,12513,0.381856,0.0572322
rc_trial_a33_k3_hn05,4,514,12514,0.300799,0.0584037
rc_trial_a33_k3_hn05,4,515,12515,0.330643,0.42625
rc_trial_a33_k3_hn05,4,516,12516,0.265914,0.0299338
rc_trial_a33_k3_hn05,4,517,12517,0.26008,0.0537517
rc_trial_a33_k3_hn05,4,518,12518,0.130907,0.10932
rc_trial_a33_k3_hn05,4,519,12519,0.383309,0.20634
rc_trial_a33_k3_hn05,4,520,12520,0.38472,0.125672
rc_trial_a33_k3_hn05,4,521,12521,0.444919,0.341008
rc_trial_a33_k3_hn05,4,522,12522,0.669124,0.698116
rc_trial_a33_k3_hn05,4,523,12523,0.583104,0.970014
rc_trial_a33_k3_hn05,4,524,12524,0.179791,0.204576
rc_trial_a33_k3_hn05,4,525,12525,0.195559,1.04555
rc_trial_a33_k3_hn05,4,526,12526,0.190239,0.961378
rc_trial_a33_k3_hn05,4,527,12527,0.214662,0.334018
rc_trial_a33_k3_hn05,4,528,12528,0.152952,0.366841
rc_trial_a33_k3_hn05,4,529,12529,0.249382,0.484648
rc_trial_a33_k3_hn05,4,530,12530,0.354195,0.0603916
rc_trial_a33_k3_hn05,4,531,12531,0.0530352,0.356637
rc_trial_a33_k3_hn05,4,532,12532,-0.0702971,0.560475
rc_trial_a33_k3_hn05,4,533,12533,0.0103634,0.383261
rc_trial_a33_k3_hn05,4,534,12534,-0.179223,0.657895
rc_trial_a33_k3_hn05,4,535,12535,0.733275,0.844645
rc_trial_a33_k3_hn05,4,536,12536,0.476951,0.213622
rc_trial_a33_k3_hn05,4,537,12537,-0.216299,0.460891
rc_trial_a33_k3_hn05,4,538,12538,-0.7088,1.28936
rc_trial_a33_k3_hn05,4,539,12539,0.126121,0.357726
rc_trial_a33_k3_hn05,4,540,12540,-0.091481,0.394893
rc_trial_a33_k3_hn05,4,541,12541,-0.127638,0.722898
rc_trial_a33_k3_hn05,4,542,12542,-0.145457,0.790528
rc_trial_a33_k3_hn05,4,543,12543,-0.0823813,0.544181
rc_trial_a33_k3_hn05,4,544,12544,0.157608,0.504571
rc_trial_a33_k3_hn05,4,545,12545,0.957958,0.683313
rc_trial_a33_k3_hn05,4,546,12546,1.08493,0.941926
rc_trial_a33_k3_hn05,4,547,12547,1.12029,0.811349
rc_trial_a33_k3_hn05,4,548,12548,0.92027,0.771181
rc_trial_a33_k3_hn05,4,549,12549,0.715629,0.328243
rc_trial_a33_k3_hn05,4,550,12550,1.09519,0.891459
rc_trial_a33_k3_hn05,4,551,12551,1.01221,0.708383
rc_trial_a33_k3_hn05,4,552,12552,0.37671,0.204736
rc_trial_a33_k3_hn05,4,553,12553,0.636899,0.84247
rc_trial_a33_k3_hn05,4,554,12554,0.20404,0.158632
rc_trial_a33_k3_hn05,4,555,12555,0.422747,0.656088
rc_trial_a33_k3_hn05,4,556,12556,0.100098,0.575681
rc_trial_a33_k3_hn05,4,557,12557,0.342247,0.0810443
rc_trial_a33_k3_hn05,4,558,12558,-0.0707124,0.972811
rc_trial_a33_k3_hn05,4,559,12559,-0.012303,0.345573
rc_trial_a33_k3_hn05,4,560,12560,0.166405,0.575168
rc_trial_a33_k3_hn05,4,561,12561,0.275455,0.265109
rc_trial_a33_k3_hn05,4,562,12562,0.342218,0.33636
rc_trial_a33_k3_hn05,4,563,12563,0.323076,0.324648
rc_trial_a33_k3_hn05,4,564,12564,0.604888,0.370616
rc_trial_a33_k3_hn05,4,565,12565,0.219836,0.527958
rc_trial_a33_k3_hn05,4,566,12566,0.167281,0.511265
rc_trial_a33_k3_hn05,4,567,12567,0.330993,0.332184
rc_trial_a33_k3_hn05,4,568,12568,-0.413464,0.883031
rc_trial_a33_k3_hn05,4,569,12569,0.378087,0.132786
rc_trial_a33_k3_hn05,4,570,12570,0.297161,0.261478
rc_trial_a33_k3_hn05,4,571,12571,-0.143269,0.417946
rc_trial_a33_k3_hn05,4,572,12572,-0.154606,0.269059
rc_trial_a33_k3_hn05,4,573,12573,-0.0168182,0.349882
rc_trial_a33_k3_hn05,4,574,12574,0.0908749,0.651491
rc_trial_a33_k3_hn05,4,575,12575,0.378194,0.194896
rc_trial_a33_k3_hn05,4,576,12576,0.28681,0.107928
rc_trial_a33_k3_hn05,4,577,12577,0.173142,0.216787
rc_trial_a33_k3_hn05,4,578,12578,0.140758,0.201154
rc_trial_a33_k3_hn05,4,579,12579,0.287691,0.175069
rc_trial_a33_k3_hn05,4,580,12580,0.397559,0.183156
rc_trial_a33_k3_hn05,4,581,12581,0.176597,0.224249
rc_trial_a33_k3_hn05,4,582,12582,0.168623,0.174321
rc_trial_a33_k3_hn05,4,583,12583,0.465142,0.79066
rc_trial_a33_k3_hn05,4,584,12584,0.461575,0.244448
rc_trial_a33_k3_hn05,4,585,12585,0.555676,0.570103
rc_trial_a33_k3_hn05,4,586,12586,0.838527,0.495037
rc_trial_a33_k3_hn05,4,587,12587,0.285072,0.5689
rc_trial_a33_k3_hn05,4,588,12588,0.355259,0.840149
rc_trial_a33_k3_hn05,4,589,12589,0.341593,0.335938
rc_trial_a33_k3_hn05,4,590,12590,0.499124,0.453699
rc_trial_a33_k3_hn05,4,591,12591,0.427637,0.46982
rc_trial_a33_k3_hn05,4,592,12592,0.0578019,0.502784
rc_trial_a33_k3_hn05,4,593,12593,-0.0227293,0.475254
rc_trial_a33_k3_hn05,4,594,12594,0.316131,0.135651
rc_trial_a33_k3_hn05,4,595,12595,0.356571,0.164981
rc_trial_a33_k3_hn05,4,596,12596,0.430228,0.305735
rc_trial_a33_k3_hn05,4,597,12597,0.484288,0.277985
rc_trial_a33_k3_hn05,4,598,12598,0.482681,0.261336
rc_trial_a33_k3_hn05,4,599,12599,0.227837,0.135195
rc_trial_a33_k3_hn05,4,600,12600,0.421679,0.10148
rc_trial_a33_k3_hn05,4,601,12601,0.201379,0.0388523
rc_trial_a33_k3_hn05,4,602,12602,0.255153,0.0401455
rc_trial_a33_k3_hn05,4,603,12603,0.292401,0.220755
rc_trial_a33_k3_hn05,4,604,12604,0.0212689,0.0596771
rc_trial_a33_k3_hn05,4,605,12605,0.566744,0.263216
rc_trial_a33_k3_hn05,4,606,12606,0.138099,0.297684
rc_trial_a33_k3_hn05,4,607,12607,0.132829,0.0483937
rc_trial_a33_k3_hn05,4,608,12608,0.373902,0.164818
rc_trial_a33_k3_hn05,4,609,12609,0.47583,0.11767
rc_trial_a33_k3_hn05,4,610,12610,0.688497,0.338846
rc_trial_a33_k3_hn05,4,611,12611,0.775737,0.257656
rc_trial_a33_k3_hn05,4,612,12612,1.22351,0.613255
rc_trial_a33_k3_hn05,4,613,12613,1.19091,0.706542
rc_trial_a33_k3_hn05,4,614,12614,1.10507,0.747535
rc_trial_a33_k3_hn05,4,615,12615,0.96022,0.909553
rc_trial_a33_k3_hn05,4,616,12616,0.845436,0.760566
rc_trial_a33_k3_hn05,4,617,12617,0.042958,0.864733
rc_trial_a33_k3_hn05,4,618,12618,0.0396305,0.912375
rc_trial_a33_k3_hn05,4,619,12619,0.170663,0.648094
rc_trial_a33_k3_hn05,4,620,12620,0.160174,0.255063
rc_trial_a33_k3_hn05,4,621,12621,0.167472,0.168812
rc_trial_a33_k3_hn05,4,622,12622,0.609404,0.99723
rc_trial_a33_k3_hn05,4,623,12623,0.337586,0.303017
rc_trial_a33_k3_hn05,4,624,12624,0.397139,0.226959
rc_trial_a33_k3_hn05,4,625,12625,0.224211,0.185273
rc_trial_a33_k3_hn05,4,626,12626,0.35155,0.0634838
rc_trial_a33_k3_hn05,4,627,12627,0.260186,0.262369
rc_trial_a33_k3_hn05,4,628,12628,0.495186,0.766953
rc_trial_a33_k3_hn05,4,629,12629,0.5006,0.733727
rc_trial_a33_k3_hn05,4,630,12630,0.397265,0.660829
rc_trial_a33_k3_hn05,4,631,12631,0.399786,0.404474
rc_trial_a33_k3_hn05,4,632,12632,0.407745,0.483864
rc_trial_a33_k3_hn05,4,633,12633,0.149072,0.524881
rc_trial_a33_k3_hn05,4,634,12634,0.401212,0.142399
rc_trial_a33_k3_hn05,4,635,12635,0.385114,0.136984
rc_trial_a33_k3_hn05,4,636,12636,0.214395,0.109196
rc_trial_a33_k3_hn05,4,637,12637,0.346426,0.133274
rc_trial_a33_k3_hn05,4,638,12638,0.0801282,0.244961
rc_trial_a33_k3_hn05,4,639,12639,0.230508,0.109878
rc_trial_a33_k3_hn05,4,640,12640,0.216393,0.00293021
rc_trial_a33_k3_hn05,4,641,12641,0.345163,0.00991211
rc_trial_a33_k3_hn05,4,642,12642,0.216202,0.0115478
rc_trial_a33_k3_hn05,4,643,12643,0.227196,0.00668711
rc_trial_a33_k3_hn05,4,644,12644,0.286021,0.0175637
rc_trial_a33_k3_hn05,4,645,12645,0.301828,0.0836043
rc_trial_a33_k3_hn05,4,646,12646,0.1909,0.0241953
rc_trial_a33_k3_hn05,4,647,12647,0.613169,0.287562
rc_trial_a33_k3_hn05,4,648,12648,0.609359,0.509831
rc_trial_a33_k3_hn05,4,649,12649,0.674889,0.632404
rc_trial_a33_k3_hn05,4,650,12650,0.101926,0.191429
rc_trial_a33_k3_hn05,4,651,12651,-0.0511936,0.329346
rc_trial_a33_k3_hn05,4,652,12652,0.00340113,0.427139
rc_trial_a33_k3_hn05,4,653,12653,0.0775358,0.815823
rc_trial_a33_k3_hn05,4,654,12654,0.100085,0.634886
rc_trial_a33_k3_hn05,4,655,12655,0.231511,0.3245
rc_trial_a33_k3_hn05,4,656,12656,1.22803,0.862902
rc_trial_a33_k3_hn05,4,657,12657,1.16154,0.554591
rc_trial_a33_k3_hn05,4,658,12658,1.24609,1.32473
rc_trial_a33_k3_hn05,4,659,12659,1.18142,1.48729
rc_trial_a33_k3_hn05,4,660,12660,1.30177,0.489161
rc_trial_a33_k3_hn05,4,661,12661,0.213679,0.157994
rc_trial_a33_k3_hn05,4,662,12662,0.654533,0.799299
rc_trial_a33_k3_hn05,4,663,12663,0.750486,0.565304
rc_trial_a33_k3_hn05,4,664,12664,0.651207,0.392369
rc_trial_a33_k3_hn05,4,665,12665,0.708793,0.478922
rc_trial_a33_k3_hn05,4,666,12666,0.972809,0.401712
rc_trial_a33_k3_hn05,4,667,12667,0.157246,0.129726
rc_trial_a33_k3_hn05,4,668,12668,-0.0732727,0.791583
rc_trial_a33_k3_hn05,4,669,12669,-0.0581279,0.961115
rc_trial_a33_k3_hn05,4,670,12670,0.259199,0.20106
rc_trial_a33_k3_hn05,4,671,12671,0.132614,0.379887
rc_trial_a33_k3_hn05,4,672,12672,0.676006,1.02976
rc_trial_a33_k3_hn05,4,673,12673,0.785312,0.972086
rc_trial_a33_k3_hn05,4,674,12674,0.318909,0.132876
rc_trial_a33_k3_hn05,4,675,12675,0.403751,0.147154
rc_trial_a33_k3_hn05,4,676,12676,0.466802,0.792331
rc_trial_a33_k3_hn05,4,677,12677,0.412902,0.590905
rc_trial_a33_k3_hn05,4,678,12678,-0.409472,0.756592
rc_trial_a33_k3_hn05,4,679,12679,-0.312006,0.931318
rc_trial_a33_k3_hn05,4,680,12680,-0.0363849,0.548731
rc_trial_a33_k3_hn05,4,681,12681,0.155629,0.543699
rc_trial_a33_k3_hn05,4,682,12682,0.157812,0.852694
rc_trial_a33_k3_hn05,4,683,12683,0.205819,0.789577
rc_trial_a33_k3_hn05,4,684,12684,0.405034,0.40704
rc_trial_a33_k3_hn05,4,685,12685,0.468282,0.402799
rc_trial_a33_k3_hn05,4,686,12686,0.430908,0.307957
rc_trial_a33_k3_hn05,4,687,12687,0.472847,0.485132
rc_trial_a33_k3_hn05,4,688,12688,0.595101,0.357391
rc_trial_a33_k3_hn05,4,689,12689,0.414934,0.253294
rc_trial_a33_k3_hn05,4,690,12690,0.425526,0.106379
rc_trial_a33_k3_hn05,4,691,12691,0.297359,0.0576233
rc_trial_a33_k3_hn05,4,692,12692,0.30896,0.0104154
rc_trial_a33_k3_hn05,4,693,12693,0.203795,0.0561706
rc_trial_a33_k3_hn05,4,694,12694,0.107615,0.0470795
rc_trial_a33_k3_hn05,4,695,12695,0.405194,0.587062
rc_trial_a33_k3_hn05,4,696,12696,0.563896,0.276911
rc_trial_a33_k3_hn05,4,697,12697,0.38964,0.392505
rc_trial_a33_k3_hn05,4,698,12698,0.425092,0.286239
rc_trial_a33_k3_hn05,4,699,12699,0.702531,0.328176
rc_trial_a33_k3_hn05,4,700,12700,0.701568,0.40425
rc_trial_a33_k3_hn05,4,701,12701,0.87403,0.330557
rc_trial_a33_k3_hn05,4,702,12702,0.859854,0.290643
rc_trial_a33_k3_hn05,4,703,12703,0.690883,0.276449
rc_trial_a33_k3_hn05,4,704,12704,0.78192,0.669649
rc_trial_a33_k3_hn05,4,705,12705,0.653816,0.263294
rc_trial_a33_k3_hn05,4,706,12706,0.644514,0.82521
rc_trial_a33_k3_hn05,4,707,12707,0.552506,1.05325
rc_trial_a33_k3_hn05,4,708,12708,1.06967,0.591978
rc_trial_a33_k3_hn05,4,709,12709,0.646083,0.214742
rc_trial_a33_k3_hn05,4,710,12710,0.596533,0.592688
rc_trial_a33_k3_hn05,4,711,12711,0.495012,0.491432
rc_trial_a33_k3_hn05,4,712,12712,0.411249,0.20636
rc_trial_a33_k3_hn05,4,713,12713,0.195228,0.0347111
rc_trial_a33_k3_hn05,4,714,12714,0.486587,0.119761
rc_trial_a33_k3_hn05,4,715,12715,0.28454,0.238157
rc_trial_a33_k3_hn05,4,716,12716,0.444662,0.0229011
rc_trial_a33_k3_hn05,4,717,12717,0.171255,0.0382657
rc_trial_a33_k3_hn05,4,718,12718,0.59737,0.138479
rc_trial_a33_k3_hn05,4,719,12719,0.405869,0.108881
rc_trial_a33_k3_hn05,4,720,12720,0.361195,0.00279939
rc_trial_a33_k3_hn05,4,721,12721,0.427126,2.52847e-4
rc_trial_a33_k3_hn05,4,722,12722,0.407778,0.0493149
rc_trial_a33_k3_hn05,4,723,12723,0.185534,0.0118181
rc_trial_a33_k3_hn05,4,724,12724,0.225861,0.00471863
rc_trial_a33_k3_hn05,4,725,12725,0.343756,0.0157575
rc_trial_a33_k3_hn05,4,726,12726,0.302663,0.0594587
rc_trial_a33_k3_hn05,4,727,12727,0.262668,0.102161
rc_trial_a33_k3_hn05,4,728,12728,0.149505,0.224221
rc_trial_a33_k3_hn05,4,729,12729,0.193789,0.0965746
rc_trial_a33_k3_hn05,4,730,12730,0.155597,0.36679
rc_trial_a33_k3_hn05,4,731,12731,0.200379,0.470793
rc_trial_a33_k3_hn05,4,732,12732,1.20831,0.736236
rc_trial_a33_k3_hn05,4,733,12733,1.12231,0.836014
rc_trial_a33_k3_hn05,4,734,12734,0.166347,0.0804986
rc_trial_a33_k3_hn05,4,735,12735,0.393089,0.195241
rc_trial_a33_k3_hn05,4,736,12736,0.451252,0.743728
rc_trial_a33_k3_hn05,4,737,12737,0.475904,0.328461
rc_trial_a33_k3_hn05,4,738,12738,0.442553,0.29298
rc_trial_a33_k3_hn05,4,739,12739,-0.162849,0.618662
rc_trial_a33_k3_hn05,4,740,12740,0.187277,0.0963016
rc_trial_a33_k3_hn05,4,741,12741,0.288351,0.157453
rc_trial_a33_k3_hn05,4,742,12742,0.211957,0.197461
rc_trial_a33_k3_hn05,4,743,12743,-0.514312,0.779877
rc_trial_a33_k3_hn05,4,744,12744,-0.434853,0.87654
rc_trial_a33_k3_hn05,4,745,12745,-0.539833,1.29365
rc_trial_a33_k3_hn05,4,746,12746,-0.584374,1.36828
rc_trial_a33_k3_hn05,4,747,12747,0.399921,0.305156
rc_trial_a33_k3_hn05,4,748,12748,0.189962,0.126155
rc_trial_a33_k3_hn05,4,749,12749,0.169203,0.136245
rc_trial_a33_k3_hn05,4,750,12750,0.21806,0.055046200000000003
rc_trial_a33_k3_hn05,4,751,12751,0.296668,0.0534754
rc_trial_a33_k3_hn05,4,752,12752,0.241524,0.0360042
rc_trial_a33_k3_hn05,4,753,12753,0.407081,0.227147
rc_trial_a33_k3_hn05,4,754,12754,0.285197,0.0922913
rc_trial_a33_k3_hn05,4,755,12755,0.278378,0.162067
rc_trial_a33_k3_hn05,4,756,12756,0.0647332,0.0789963
rc_trial_a33_k3_hn05,4,757,12757,0.0238784,0.101568
rc_trial_a33_k3_hn05,4,758,12758,0.272665,0.0771357
rc_trial_a33_k3_hn05,4,759,12759,0.24531,0.0492884
rc_trial_a33_k3_hn05,4,760,12760,-0.0621669,0.563601
rc_trial_a33_k3_hn05,4,761,12761,-0.0639552,0.548982
rc_trial_a33_k3_hn05,4,762,12762,-0.0486459,0.564725
rc_trial_a33_k3_hn05,4,763,12763,-0.078613,0.371123
rc_trial_a33_k3_hn05,4,764,12764,0.381279,0.0151925
rc_trial_a33_k3_hn05,4,765,12765,0.0969391,0.0221575
rc_trial_a33_k3_hn05,4,766,12766,0.230509,0.0101703
rc_trial_a33_k3_hn05,4,767,12767,0.317737,0.0099863
rc_trial_a33_k3_hn05,4,768,12768,0.251346,0.270994
rc_trial_a33_k3_hn05,4,769,12769,0.550391,0.508246
rc_trial_a33_k3_hn05,4,770,12770,0.524275,0.237503
rc_trial_a33_k3_hn05,4,771,12771,0.55663,0.378122
rc_trial_a33_k3_hn05,4,772,12772,0.251122,0.127999
rc_trial_a33_k3_hn05,4,773,12773,0.976883,0.570364
rc_trial_a33_k3_hn05,4,774,12774,1.07672,0.500462
rc_trial_a33_k3_hn05,4,775,12775,1.07891,0.61243
rc_trial_a33_k3_hn05,4,776,12776,1.19968,0.846023
rc_trial_a33_k3_hn05,4,777,12777,0.677399,0.895111
rc_trial_a33_k3_hn05,4,778,12778,0.144097,0.381035
rc_trial_a33_k3_hn05,4,779,12779,0.165172,0.222293
rc_trial_a33_k3_hn05,4,780,12780,0.204876,0.0864226
rc_trial_a33_k3_hn05,4,781,12781,0.0752377,0.203725
rc_trial_a33_k3_hn05,4,782,12782,0.0203253,0.279681
rc_trial_a33_k3_hn05,4,783,12783,0.275087,0.121513
rc_trial_a33_k3_hn05,4,784,12784,0.284548,0.221836
rc_trial_a33_k3_hn05,4,785,12785,0.31863,0.414208
rc_trial_a33_k3_hn05,4,786,12786,0.221331,0.728385
rc_trial_a33_k3_hn05,4,787,12787,0.352924,0.2559
rc_trial_a33_k3_hn05,4,788,12788,0.233304,0.122276
rc_trial_a33_k3_hn05,4,789,12789,0.231221,0.380455
rc_trial_a33_k3_hn05,4,790,12790,0.612249,0.478702
rc_trial_a33_k3_hn05,4,791,12791,0.595063,0.349612
rc_trial_a33_k3_hn05,4,792,12792,0.700799,0.519908
rc_trial_a33_k3_hn05,4,793,12793,0.782315,0.936125
rc_trial_a33_k3_hn05,4,794,12794,0.695155,0.412936
rc_trial_a33_k3_hn05,4,795,12795,0.664823,0.273694
rc_trial_a33_k3_hn05,4,796,12796,0.558517,0.514567
rc_trial_a33_k3_hn05,4,797,12797,0.537579,0.31846
rc_trial_a33_k3_hn05,4,798,12798,0.499269,0.841131
rc_trial_a33_k3_hn05,4,799,12799,0.0954389,0.181123
rc_trial_a33_k3_hn05,4,800,12800,0.245807,0.127959
rc_trial_a33_k3_hn05,4,801,12801,0.270672,0.09319
rc_trial_a33_k3_hn05,4,802,12802,0.0924835,0.125467
rc_trial_a33_k3_hn05,4,803,12803,0.503075,0.208344
rc_trial_a33_k3_hn05,4,804,12804,0.470854,0.312022
rc_trial_a33_k3_hn05,4,805,12805,-0.281912,0.446073
rc_trial_a33_k3_hn05,4,806,12806,-0.099614,0.373505
rc_trial_a33_k3_hn05,4,807,12807,-0.113565,0.24966
rc_trial_a33_k3_hn05,4,808,12808,0.436915,0.449864
rc_trial_a33_k3_hn05,4,809,12809,0.0430654,0.366108
rc_trial_a33_k3_hn05,4,810,12810,-0.177692,0.678814
rc_trial_a33_k3_hn05,4,811,12811,-0.0541268,0.760261
rc_trial_a33_k3_hn05,4,812,12812,0.454429,0.628204
rc_trial_a33_k3_hn05,4,813,12813,0.193948,0.587531
rc_trial_a33_k3_hn05,4,814,12814,0.271234,0.414486
rc_trial_a33_k3_hn05,4,815,12815,0.290521,0.268977
rc_trial_a33_k3_hn05,4,816,12816,0.275816,0.315357
rc_trial_a33_k3_hn05,4,817,12817,0.135893,0.79648
rc_trial_a33_k3_hn05,4,818,12818,0.146601,0.826669
rc_trial_a33_k3_hn05,4,819,12819,0.00241858,0.166272
rc_trial_a33_k3_hn05,4,820,12820,0.28861,0.743098
rc_trial_a33_k3_hn05,4,821,12821,0.159732,0.386952
rc_trial_a33_k3_hn05,4,822,12822,0.742975,0.377189
rc_trial_a33_k3_hn05,4,823,12823,0.222217,0.0246107
rc_trial_a33_k3_hn05,4,824,12824,0.240017,0.0825978
rc_trial_a33_k3_hn05,4,825,12825,0.351618,0.0461631
rc_trial_a33_k3_hn05,4,826,12826,0.0439481,0.0651057
rc_trial_a33_k3_hn05,4,827,12827,0.114369,0.051773
rc_trial_a33_k3_hn05,4,828,12828,0.451386,0.415698
rc_trial_a33_k3_hn05,4,829,12829,0.36058,0.556429
rc_trial_a33_k3_hn05,4,830,12830,0.183897,0.0568062
rc_trial_a33_k3_hn05,4,831,12831,0.113816,0.0397577
rc_trial_a33_k3_hn05,4,832,12832,0.38061,0.0679441
rc_trial_a33_k3_hn05,4,833,12833,0.320303,0.119374
rc_trial_a33_k3_hn05,4,834,12834,0.119266,0.294285
rc_trial_a33_k3_hn05,4,835,12835,0.0364946,0.236406
rc_trial_a33_k3_hn05,4,836,12836,0.397127,0.136836
rc_trial_a33_k3_hn05,4,837,12837,0.198095,0.379504
rc_trial_a33_k3_hn05,4,838,12838,0.178972,0.180302
rc_trial_a33_k3_hn05,4,839,12839,0.395115,0.25066
rc_trial_a33_k3_hn05,4,840,12840,0.146001,0.166415
rc_trial_a33_k3_hn05,4,841,12841,0.237141,0.172992
rc_trial_a33_k3_hn05,4,842,12842,0.217199,0.14208200000000001
rc_trial_a33_k3_hn05,4,843,12843,0.386397,0.110232
rc_trial_a33_k3_hn05,4,844,12844,0.146114,0.315373
rc_trial_a33_k3_hn05,4,845,12845,0.302203,0.355617
rc_trial_a33_k3_hn05,4,846,12846,0.368527,0.354971
rc_trial_a33_k3_hn05,4,847,12847,0.320019,0.777892
rc_trial_a33_k3_hn05,4,848,12848,0.410964,0.426948
rc_trial_a33_k3_hn05,4,849,12849,0.291663,0.291079
rc_trial_a33_k3_hn05,4,850,12850,0.18913,0.209703
rc_trial_a33_k3_hn05,4,851,12851,0.257663,0.273552
rc_trial_a33_k3_hn05,4,852,12852,0.779256,0.460993
rc_trial_a33_k3_hn05,4,853,12853,0.770347,0.560131
rc_trial_a33_k3_hn05,4,854,12854,0.218981,0.423492
rc_trial_a33_k3_hn05,4,855,12855,0.195975,0.349633
rc_trial_a33_k3_hn05,4,856,12856,0.313677,0.338198
rc_trial_a33_k3_hn05,4,857,12857,0.282134,0.258362
rc_trial_a33_k3_hn05,4,858,12858,0.470745,0.620229
rc_trial_a33_k3_hn05,4,859,12859,0.310081,0.426187
rc_trial_a33_k3_hn05,4,860,12860,0.191651,0.255859
rc_trial_a33_k3_hn05,4,861,12861,0.391863,0.450199
rc_trial_a33_k3_hn05,4,862,12862,0.439157,0.389867
rc_trial_a33_k3_hn05,4,863,12863,0.275871,0.0884573
rc_trial_a33_k3_hn05,4,864,12864,0.240181,0.058138
rc_trial_a33_k3_hn05,4,865,12865,0.473238,0.0838513
rc_trial_a33_k3_hn05,4,866,12866,0.438997,0.0538258
rc_trial_a33_k3_hn05,4,867,12867,0.310855,0.14183
rc_trial_a33_k3_hn05,4,868,12868,0.062304,1.13545
rc_trial_a33_k3_hn05,4,869,12869,0.068484,0.724792
rc_trial_a33_k3_hn05,4,870,12870,0.0365328,0.643851
rc_trial_a33_k3_hn05,4,871,12871,0.0390707,0.595671
rc_trial_a33_k3_hn05,4,872,12872,0.267936,0.514938
rc_trial_a33_k3_hn05,4,873,12873,0.345021,0.20198
rc_trial_a33_k3_hn05,4,874,12874,0.285166,0.187911
rc_trial_a33_k3_hn05,4,875,12875,0.499402,0.167385
rc_trial_a33_k3_hn05,4,876,12876,0.347571,0.143381
rc_trial_a33_k3_hn05,4,877,12877,0.358022,0.52417
rc_trial_a33_k3_hn05,4,878,12878,0.662723,0.360879
rc_trial_a33_k3_hn05,4,879,12879,0.614292,0.277079
rc_trial_a33_k3_hn05,4,880,12880,0.509465,0.317015
rc_trial_a33_k3_hn05,4,881,12881,0.670713,0.57105
rc_trial_a33_k3_hn05,4,882,12882,1.07919,0.51244
rc_trial_a33_k3_hn05,4,883,12883,0.605382,0.32366
rc_trial_a33_k3_hn05,4,884,12884,0.521678,0.369587
rc_trial_a33_k3_hn05,4,885,12885,0.626258,0.318177
rc_trial_a33_k3_hn05,4,886,12886,0.619129,0.385015
rc_trial_a33_k3_hn05,4,887,12887,0.642895,0.507826
rc_trial_a33_k3_hn05,4,888,12888,0.825274,0.582117
rc_trial_a33_k3_hn05,4,889,12889,0.899439,0.665488
rc_trial_a33_k3_hn05,4,890,12890,0.502986,0.482402
rc_trial_a33_k3_hn05,4,891,12891,0.665023,0.703271
rc_trial_a33_k3_hn05,4,892,12892,0.464127,0.380469
rc_trial_a33_k3_hn05,4,893,12893,0.410183,0.24056
rc_trial_a33_k3_hn05,4,894,12894,0.300275,0.850277
rc_trial_a33_k3_hn05,4,895,12895,0.270674,0.62558
rc_trial_a33_k3_hn05,4,896,12896,0.251456,0.139944
rc_trial_a33_k3_hn05,4,897,12897,0.361541,0.0554726
rc_trial_a33_k3_hn05,4,898,12898,0.294834,1.20033
rc_trial_a33_k3_hn05,4,899,12899,0.307595,1.10382
rc_trial_a33_k3_hn05,4,900,12900,0.56487,0.554105
rc_trial_a33_k3_hn05,4,901,12901,0.309425,0.112899
rc_trial_a33_k3_hn05,4,902,12902,0.82864,0.572633
rc_trial_a33_k3_hn05,4,903,12903,-0.0649389,0.509751
rc_trial_a33_k3_hn05,4,904,12904,0.00342124,0.652659
rc_trial_a33_k3_hn05,4,905,12905,-0.0357211,0.44044
rc_trial_a33_k3_hn05,4,906,12906,0.0662578,0.260516
rc_trial_a33_k3_hn05,4,907,12907,0.155566,0.351391
rc_trial_a33_k3_hn05,4,908,12908,0.114647,0.372587
rc_trial_a33_k3_hn05,4,909,12909,1.19274,0.888082
rc_trial_a33_k3_hn05,4,910,12910,0.777002,0.447151
rc_trial_a33_k3_hn05,4,911,12911,0.58342,0.336879
rc_trial_a33_k3_hn05,4,912,12912,0.646983,0.633583
rc_trial_a33_k3_hn05,4,913,12913,0.698159,0.482388
rc_trial_a33_k3_hn05,4,914,12914,0.793347,0.49982
rc_trial_a33_k3_hn05,4,915,12915,0.791868,0.531558
rc_trial_a33_k3_hn05,4,916,12916,0.204612,0.352467
rc_trial_a33_k3_hn05,4,917,12917,-0.0766839,1.04909
rc_trial_a33_k3_hn05,4,918,12918,0.152667,0.286937
rc_trial_a33_k3_hn05,4,919,12919,0.152596,0.442741
rc_trial_a33_k3_hn05,4,920,12920,0.032628,0.396904
rc_trial_a33_k3_hn05,4,921,12921,0.190445,0.355044
rc_trial_a33_k3_hn05,4,922,12922,0.63897,0.428365
rc_trial_a33_k3_hn05,4,923,12923,0.90737,0.904446
rc_trial_a33_k3_hn05,4,924,12924,0.209864,0.19098300000000001
rc_trial_a33_k3_hn05,4,925,12925,0.354785,0.518347
rc_trial_a33_k3_hn05,4,926,12926,0.0763441,0.239999
rc_trial_a33_k3_hn05,4,927,12927,0.251827,0.142746
rc_trial_a33_k3_hn05,4,928,12928,0.305886,0.362288
rc_trial_a33_k3_hn05,4,929,12929,0.262183,0.35961
rc_trial_a33_k3_hn05,4,930,12930,0.22466,0.27844
rc_trial_a33_k3_hn05,4,931,12931,0.348755,0.271286
rc_trial_a33_k3_hn05,4,932,12932,0.417802,0.675673
rc_trial_a33_k3_hn05,4,933,12933,0.271002,0.0817285
rc_trial_a33_k3_hn05,4,934,12934,0.207104,0.114747
rc_trial_a33_k3_hn05,4,935,12935,0.947349,0.436815
rc_trial_a33_k3_hn05,4,936,12936,0.880781,0.45472
rc_trial_a33_k3_hn05,4,937,12937,0.81918,0.408039
rc_trial_a33_k3_hn05,4,938,12938,0.80271,0.449284
rc_trial_a33_k3_hn05,4,939,12939,0.696044,0.34138
rc_trial_a33_k3_hn05,4,940,12940,0.690068,0.472238
rc_trial_a33_k3_hn05,4,941,12941,1.04348,0.74791
rc_trial_a33_k3_hn05,4,942,12942,0.434537,0.177405
rc_trial_a33_k3_hn05,4,943,12943,0.50931,0.299154
rc_trial_a33_k3_hn05,4,944,12944,0.253124,0.388739
rc_trial_a33_k3_hn05,4,945,12945,0.258211,0.308343
rc_trial_a33_k3_hn05,4,946,12946,0.244344,0.369793
rc_trial_a33_k3_hn05,4,947,12947,0.213689,0.336762
rc_trial_a33_k3_hn05,4,948,12948,0.187387,0.380968
rc_trial_a33_k3_hn05,4,949,12949,0.30906,0.294163
rc_trial_a33_k3_hn05,4,950,12950,0.0346793,0.154769
rc_trial_a33_k3_hn05,4,951,12951,0.388553,0.0124821
rc_trial_a33_k3_hn05,4,952,12952,0.0893826,0.211417
rc_trial_a33_k3_hn05,4,953,12953,0.126357,0.201541
rc_trial_a33_k3_hn05,4,954,12954,0.304699,0.0345082
rc_trial_a33_k3_hn05,4,955,12955,0.469279,0.0305197
rc_trial_a33_k3_hn05,4,956,12956,0.427652,0.0407214
rc_trial_a33_k3_hn05,4,957,12957,0.376938,0.0158841
rc_trial_a33_k3_hn05,4,958,12958,0.132628,0.0161443
rc_trial_a33_k3_hn05,4,959,12959,0.376764,0.0902762
rc_trial_a33_k3_hn05,4,960,12960,0.240645,0.0695095
rc_trial_a33_k3_hn05,4,961,12961,0.201642,0.171372
rc_trial_a33_k3_hn05,4,962,12962,0.46906,0.30017
rc_trial_a33_k3_hn05,4,963,12963,0.478042,0.146916
rc_trial_a33_k3_hn05,4,964,12964,0.377428,0.232178
rc_trial_a33_k3_hn05,4,965,12965,0.359382,0.128331
rc_trial_a33_k3_hn05,4,966,12966,0.262112,0.379098
rc_trial_a33_k3_hn05,4,967,12967,0.228238,0.340507
rc_trial_a33_k3_hn05,4,968,12968,0.691915,0.813165
rc_trial_a33_k3_hn05,4,969,12969,-0.00170404,0.465018
rc_trial_a33_k3_hn05,4,970,12970,0.212016,0.210502
rc_trial_a33_k3_hn05,4,971,12971,-0.0456885,0.370806
rc_trial_a33_k3_hn05,4,972,12972,0.0830994,0.307898
rc_trial_a33_k3_hn05,4,973,12973,0.488477,0.246254
rc_trial_a33_k3_hn05,4,974,12974,0.323102,0.369593
rc_trial_a33_k3_hn05,4,975,12975,0.624696,0.839505
rc_trial_a33_k3_hn05,4,976,12976,0.746333,0.451468
rc_trial_a33_k3_hn05,4,977,12977,0.505254,0.307968
rc_trial_a33_k3_hn05,4,978,12978,0.213402,0.0678308
rc_trial_a33_k3_hn05,4,979,12979,0.276891,0.0696575
rc_trial_a33_k3_hn05,4,980,12980,0.686946,1.10134
rc_trial_a33_k3_hn05,4,981,12981,0.31228,0.431233
rc_trial_a33_k3_hn05,4,982,12982,0.383583,0.435102
rc_trial_a33_k3_hn05,4,983,12983,0.315161,0.267878
rc_trial_a33_k3_hn05,4,984,12984,-0.257476,0.488719
rc_trial_a33_k3_hn05,4,985,12985,-0.23472,0.821167
rc_trial_a33_k3_hn05,4,986,12986,0.644928,0.0881336
rc_trial_a33_k3_hn05,4,987,12987,0.259017,0.351542
rc_trial_a33_k3_hn05,4,988,12988,0.359536,0.0222947
rc_trial_a33_k3_hn05,4,989,12989,0.976295,0.75726
rc_trial_a33_k3_hn05,4,990,12990,0.846874,1.06816
rc_trial_a33_k3_hn05,4,991,12991,0.925836,1.09954
rc_trial_a33_k3_hn05,4,992,12992,0.891784,1.47083
rc_trial_a33_k3_hn05,4,993,12993,0.856944,1.22373
rc_trial_a33_k3_hn05,4,994,12994,0.538403,0.441874
rc_trial_a33_k3_hn05,4,995,12995,0.251255,0.411945
rc_trial_a33_k3_hn05,4,996,12996,0.20173,0.451563
rc_trial_a33_k3_hn05,4,997,12997,0.39861,0.592358
rc_trial_a33_k3_hn05,4,998,12998,0.114102,0.0885738
rc_trial_a33_k3_hn05,4,999,12999,0.321792,0.799936
rc_trial_a33_k3_hn05,4,1000,13000,0.294456,0.837833
rc_trial_a33_k3_hn05,4,1001,13001,0.364864,0.867329
rc_trial_a33_k3_hn05,4,1002,13002,0.294304,0.432878
rc_trial_a33_k3_hn05,4,1003,13003,0.469315,0.53414
rc_trial_a33_k3_hn05,4,1004,13004,0.307082,0.311401
rc_trial_a33_k3_hn05,4,1005,13005,0.301086,0.248394
rc_trial_a33_k3_hn05,4,1006,13006,0.476093,0.22567
rc_trial_a33_k3_hn05,4,1007,13007,-0.0750622,0.443704
rc_trial_a33_k3_hn05,4,1008,13008,0.294019,0.102329
rc_trial_a33_k3_hn05,4,1009,13009,-0.147085,0.185171
rc_trial_a33_k3_hn05,4,1010,13010,0.273934,0.0504811
rc_trial_a33_k3_hn05,4,1011,13011,0.201136,0.0147233
rc_trial_a33_k3_hn05,4,1012,13012,0.42042,0.018195
rc_trial_a33_k3_hn05,4,1013,13013,0.146066,0.0171115
rc_trial_a33_k3_hn05,4,1014,13014,0.279642,0.00749663
rc_trial_a33_k3_hn05,4,1015,13015,0.189814,0.195194
rc_trial_a33_k3_hn05,4,1016,13016,0.572473,0.230124
rc_trial_a33_k3_hn05,4,1017,13017,0.284535,0.162713
rc_trial_a33_k3_hn05,4,1018,13018,0.147837,0.167095
rc_trial_a33_k3_hn05,4,1019,13019,0.15796,0.233313
rc_trial_a33_k3_hn05,4,1020,13020,1.1027,0.753004
rc_trial_a33_k3_hn05,4,1021,13021,1.14715,0.714948
rc_trial_a33_k3_hn05,4,1022,13022,1.2005,0.799288
rc_trial_a33_k3_hn05,4,1023,13023,1.02385,0.709467
rc_trial_a33_k3_hn05,4,1024,13024,0.994722,0.498154
rc_trial_a33_k3_hn05,4,1025,13025,1.04597,0.488232
rc_trial_a33_k3_hn05,4,1026,13026,0.591438,0.406317
rc_trial_a33_k3_hn05,4,1027,13027,0.520707,0.378275
rc_trial_a33_k3_hn05,4,1028,13028,0.489167,0.386689
rc_trial_a33_k3_hn05,4,1029,13029,0.552156,0.476986
rc_trial_a33_k3_hn05,4,1030,13030,0.248941,0.606255
rc_trial_a33_k3_hn05,4,1031,13031,0.2033,0.543901
rc_trial_a33_k3_hn05,4,1032,13032,0.127467,1.38627
rc_trial_a33_k3_hn05,4,1033,13033,0.123465,0.542747
rc_trial_a33_k3_hn05,4,1034,13034,-0.0868764,0.869065
rc_trial_a33_k3_hn05,4,1035,13035,-0.156516,0.349125
rc_trial_a33_k3_hn05,4,1036,13036,-0.343677,0.29598
rc_trial_a33_k3_hn05,4,1037,13037,0.407549,0.110124
rc_trial_a33_k3_hn05,4,1038,13038,0.413931,0.1461
rc_trial_a33_k3_hn05,4,1039,13039,0.453745,0.560129
rc_trial_a33_k3_hn05,4,1040,13040,0.373194,0.849549
rc_trial_a33_k3_hn05,4,1041,13041,0.634994,0.512214
rc_trial_a33_k3_hn05,4,1042,13042,0.915111,0.992364
rc_trial_a33_k3_hn05,4,1043,13043,0.307684,0.140451
rc_trial_a33_k3_hn05,4,1044,13044,0.359178,0.112135
rc_trial_a33_k3_hn05,4,1045,13045,0.236661,0.497346
rc_trial_a33_k3_hn05,4,1046,13046,0.385603,0.167154
rc_trial_a33_k3_hn05,4,1047,13047,0.238623,0.977306
rc_trial_a33_k3_hn05,4,1048,13048,0.231035,0.474498
rc_trial_a33_k3_hn05,4,1049,13049,0.37408,0.148456
rc_trial_a33_k3_hn05,4,1050,13050,0.392063,0.455183
rc_trial_a33_k3_hn05,4,1051,13051,0.117366,0.433607
rc_trial_a33_k3_hn05,4,1052,13052,0.189169,0.455104
rc_trial_a33_k3_hn05,4,1053,13053,0.439556,0.168408
rc_trial_a33_k3_hn05,4,1054,13054,-0.116029,0.784119
rc_trial_a33_k3_hn05,4,1055,13055,0.48347,0.567981
rc_trial_a33_k3_hn05,4,1056,13056,0.162631,0.376363
rc_trial_a33_k3_hn05,4,1057,13057,0.0083381,0.148329
rc_trial_a33_k3_hn05,4,1058,13058,0.250832,0.451661
rc_trial_a33_k3_hn05,4,1059,13059,0.424495,0.211045
rc_trial_a33_k3_hn05,4,1060,13060,0.617749,0.358294
rc_trial_a33_k3_hn05,4,1061,13061,0.0858175,0.767798
rc_trial_a33_k3_hn05,4,1062,13062,0.0305839,0.474587
rc_trial_a33_k3_hn05,4,1063,13063,0.00937094,0.751613
rc_trial_a33_k3_hn05,4,1064,13064,0.076524,0.557809
rc_trial_a33_k3_hn05,4,1065,13065,0.00862005,0.571088
rc_trial_a33_k3_hn05,4,1066,13066,0.403785,0.609203
rc_trial_a33_k3_hn05,4,1067,13067,0.211869,0.590952
rc_trial_a33_k3_hn05,4,1068,13068,0.402895,0.505133
rc_trial_a33_k3_hn05,4,1069,13069,0.319598,0.511635
rc_trial_a33_k3_hn05,4,1070,13070,0.152959,0.183264
rc_trial_a33_k3_hn05,4,1071,13071,0.395507,0.525178
rc_trial_a33_k3_hn05,4,1072,13072,0.187342,0.498462
rc_trial_a33_k3_hn05,4,1073,13073,-0.224012,1.27777
rc_trial_a33_k3_hn05,4,1074,13074,-0.085243,0.851906
rc_trial_a33_k3_hn05,4,1075,13075,0.0482383,0.720838
rc_trial_a33_k3_hn05,4,1076,13076,0.233775,0.718857
rc_trial_a33_k3_hn05,4,1077,13077,0.0288156,0.499935
rc_trial_a33_k3_hn05,4,1078,13078,0.246176,0.530199
rc_trial_a33_k3_hn05,4,1079,13079,0.39,0.506809
rc_trial_a33_k3_hn05,4,1080,13080,0.391881,0.245133
rc_trial_a33_k3_hn05,4,1081,13081,0.268134,0.145027
rc_trial_a33_k3_hn05,4,1082,13082,0.702061,0.467136
rc_trial_a33_k3_hn05,4,1083,13083,0.658255,0.466046
rc_trial_a33_k3_hn05,4,1084,13084,0.886266,0.572566
rc_trial_a33_k3_hn05,4,1085,13085,0.122485,0.184509
rc_trial_a33_k3_hn05,4,1086,13086,0.278282,0.10414
rc_trial_a33_k3_hn05,4,1087,13087,0.282824,0.103576
rc_trial_a33_k3_hn05,4,1088,13088,0.338424,0.11775
rc_trial_a33_k3_hn05,4,1089,13089,0.333427,1.2148
rc_trial_a33_k3_hn05,4,1090,13090,0.473121,0.169887
rc_trial_a33_k3_hn05,4,1091,13091,0.384282,0.245172
rc_trial_a33_k3_hn05,4,1092,13092,1.22488,0.782613
rc_trial_a33_k3_hn05,4,1093,13093,0.50832599999999994,0.271467
rc_trial_a33_k3_hn05,4,1094,13094,0.450273,0.139975
rc_trial_a33_k3_hn05,4,1095,13095,0.429112,0.124727
rc_trial_a33_k3_hn05,4,1096,13096,0.329188,0.151353
rc_trial_a33_k3_hn05,4,1097,13097,0.327013,0.108081
rc_trial_a33_k3_hn05,4,1098,13098,0.505959,0.29514
rc_trial_a33_k3_hn05,4,1099,13099,0.73132,0.430044
rc_trial_a33_k3_hn05,4,1100,13100,0.584056,0.412281
rc_trial_a33_k3_hn05,4,1101,13101,1.51635,1.15966
rc_trial_a33_k3_hn05,4,1102,13102,1.51177,0.692968
rc_trial_a33_k3_hn05,4,1103,13103,-0.0274497,0.546124
rc_trial_a33_k3_hn05,4,1104,13104,-0.100892,0.565879
rc_trial_a33_k3_hn05,4,1105,13105,0.184651,0.274063
rc_trial_a33_k3_hn05,4,1106,13106,0.0135525,0.18561
rc_trial_a33_k3_hn05,4,1107,13107,0.103858,0.112919
rc_trial_a33_k3_hn05,4,1108,13108,0.0872757,0.0431609
rc_trial_a33_k3_hn05,4,1109,13109,0.0714023,0.165079
rc_trial_a33_k3_hn05,4,1110,13110,-0.0431556,0.254544
rc_trial_a33_k3_hn05,4,1111,13111,0.351569,0.154036
rc_trial_a33_k3_hn05,4,1112,13112,0.0485985,0.0127709
rc_trial_a33_k3_hn05,4,1113,13113,0.433975,0.00645295
rc_trial_a33_k3_hn05,4,1114,13114,0.536195,0.427453
rc_trial_a33_k3_hn05,4,1115,13115,1.03275,0.852304
rc_trial_a33_k3_hn05,4,1116,13116,0.434047,0.36678
rc_trial_a33_k3_hn05,4,1117,13117,0.567124,0.451828
rc_trial_a33_k3_hn05,4,1118,13118,0.646114,0.538828
rc_trial_a33_k3_hn05,4,1119,13119,0.391224,0.411233
rc_trial_a33_k3_hn05,4,1120,13120,0.479368,0.458156
rc_trial_a33_k3_hn05,4,1121,13121,0.543799,0.343844
rc_trial_a33_k3_hn05,4,1122,13122,0.469504,0.630937
rc_trial_a33_k3_hn05,4,1123,13123,0.344137,0.775381
rc_trial_a33_k3_hn05,4,1124,13124,0.449055,0.198136
rc_trial_a33_k3_hn05,4,1125,13125,0.102011,0.0334756
rc_trial_a33_k3_hn05,4,1126,13126,0.464701,0.402039
rc_trial_a33_k3_hn05,4,1127,13127,0.504738,0.210909
rc_trial_a33_k3_hn05,4,1128,13128,0.511539,0.346045
rc_trial_a33_k3_hn05,4,1129,13129,0.485448,0.332445
rc_trial_a33_k3_hn05,4,1130,13130,0.485119,0.275148
rc_trial_a33_k3_hn05,4,1131,13131,0.417004,0.210875
rc_trial_a33_k3_hn05,4,1132,13132,0.329099,0.151079
rc_trial_a33_k3_hn05,4,1133,13133,0.556446,0.237372
rc_trial_a33_k3_hn05,4,1134,13134,0.613147,0.193634
rc_trial_a33_k3_hn05,4,1135,13135,0.654019,0.157332
rc_trial_a33_k3_hn05,4,1136,13136,0.57736,0.133688
rc_trial_a33_k3_hn05,4,1137,13137,0.259307,0.358811
rc_trial_a33_k3_hn05,4,1138,13138,0.310964,0.233466
rc_trial_a33_k3_hn05,4,1139,13139,0.0334301,0.38736
rc_trial_a33_k3_hn05,4,1140,13140,0.157157,0.520045
rc_trial_a33_k3_hn05,4,1141,13141,0.35302,0.319433
rc_trial_a33_k3_hn05,4,1142,13142,0.330472,0.465644
rc_trial_a33_k3_hn05,4,1143,13143,0.190413,0.350332
rc_trial_a33_k3_hn05,4,1144,13144,0.332975,0.279355
rc_trial_a33_k3_hn05,4,1145,13145,0.338434,0.402365
rc_trial_a33_k3_hn05,4,1146,13146,0.302908,0.255003
rc_trial_a33_k3_hn05,4,1147,13147,0.179797,0.117559
rc_trial_a33_k3_hn05,4,1148,13148,0.13716,0.250497
rc_trial_a33_k3_hn05,4,1149,13149,0.383441,0.288249
rc_trial_a33_k3_hn05,4,1150,13150,0.142538,0.504298
rc_trial_a33_k3_hn05,4,1151,13151,0.57086,0.79067
rc_trial_a33_k3_hn05,4,1152,13152,0.531286,0.240961
rc_trial_a33_k3_hn05,4,1153,13153,0.467083,0.297323
rc_trial_a33_k3_hn05,4,1154,13154,0.422363,0.600468
rc_trial_a33_k3_hn05,4,1155,13155,0.32818,1.10261
rc_trial_a33_k3_hn05,4,1156,13156,-0.0705409,0.628472
rc_trial_a33_k3_hn05,4,1157,13157,0.635438,0.349414
rc_trial_a33_k3_hn05,4,1158,13158,0.530548,0.246623
rc_trial_a33_k3_hn05,4,1159,13159,0.601557,0.423594
rc_trial_a33_k3_hn05,4,1160,13160,0.610699,0.425083
rc_trial_a33_k3_hn05,4,1161,13161,0.632728,0.171473
rc_trial_a33_k3_hn05,4,1162,13162,0.332772,0.97651
rc_trial_a33_k3_hn05,4,1163,13163,0.321068,0.387213
rc_trial_a33_k3_hn05,4,1164,13164,0.776049,0.502488
rc_trial_a33_k3_hn05,4,1165,13165,0.881216,0.499116
rc_trial_a33_k3_hn05,4,1166,13166,0.882782,0.5143
rc_trial_a33_k3_hn05,4,1167,13167,0.848735,0.905257
rc_trial_a33_k3_hn05,4,1168,13168,0.9952,0.79007
rc_trial_a33_k3_hn05,4,1169,13169,0.162888,0.154426
rc_trial_a33_k3_hn05,4,1170,13170,0.0052252,0.469319
rc_trial_a33_k3_hn05,4,1171,13171,0.171488,0.126507
rc_trial_a33_k3_hn05,4,1172,13172,0.232428,0.446973
rc_trial_a33_k3_hn05,4,1173,13173,0.193735,0.384949
rc_trial_a33_k3_hn05,4,1174,13174,0.170738,0.396687
rc_trial_a33_k3_hn05,4,1175,13175,0.255908,0.696108
rc_trial_a33_k3_hn05,4,1176,13176,0.249463,0.648047
rc_trial_a33_k3_hn05,4,1177,13177,0.29329,0.241229
rc_trial_a33_k3_hn05,4,1178,13178,0.276018,0.176176
rc_trial_a33_k3_hn05,4,1179,13179,0.396088,0.285854
rc_trial_a33_k3_hn05,4,1180,13180,0.118673,0.310658
rc_trial_a33_k3_hn05,4,1181,13181,0.239991,0.914868
rc_trial_a33_k3_hn05,4,1182,13182,0.20214,0.465183
rc_trial_a33_k3_hn05,4,1183,13183,0.22155,0.460227
rc_trial_a33_k3_hn05,4,1184,13184,0.511593,0.551909
rc_trial_a33_k3_hn05,4,1185,13185,0.209161,0.199274
rc_trial_a33_k3_hn05,4,1186,13186,0.243122,0.231022
rc_trial_a33_k3_hn05,4,1187,13187,0.256898,0.255575
rc_trial_a33_k3_hn05,4,1188,13188,0.372208,0.255541
rc_trial_a33_k3_hn05,4,1189,13189,0.334937,0.201393
rc_trial_a33_k3_hn05,4,1190,13190,0.0883017,0.22504
rc_trial_a33_k3_hn05,4,1191,13191,0.242225,1.1978
rc_trial_a33_k3_hn05,4,1192,13192,0.331404,0.0505221
rc_trial_a33_k3_hn05,4,1193,13193,0.182316,0.0515287
rc_trial_a33_k3_hn05,4,1194,13194,0.262729,0.058994
rc_trial_a33_k3_hn05,4,1195,13195,0.406457,0.320798
rc_trial_a33_k3_hn05,4,1196,13196,0.253586,0.0673224
rc_trial_a33_k3_hn05,4,1197,13197,0.424497,0.194007
rc_trial_a33_k3_hn05,4,1198,13198,0.326038,0.262221
rc_trial_a33_k3_hn05,4,1199,13199,0.347806,0.248274
rc_trial_a33_k3_hn05,4,1200,13200,0.224104,0.326141
rc_trial_a33_k3_hn05,4,1201,13201,0.188219,0.282016
rc_trial_a33_k3_hn05,4,1202,13202,0.468767,0.256519
rc_trial_a33_k3_hn05,4,1203,13203,0.136531,0.314852
rc_trial_a33_k3_hn05,4,1204,13204,0.25464,0.146646
rc_trial_a33_k3_hn05,4,1205,13205,0.437029,0.332928
rc_trial_a33_k3_hn05,4,1206,13206,-8.67926e-4,0.750678
rc_trial_a33_k3_hn05,4,1207,13207,0.0279664,0.316753
rc_trial_a33_k3_hn05,4,1208,13208,0.239844,0.183161
rc_trial_a33_k3_hn05,4,1209,13209,0.0792378,0.220685
rc_trial_a33_k3_hn05,4,1210,13210,0.0624703,0.218867
rc_trial_a33_k3_hn05,4,1211,13211,0.568273,0.322662
rc_trial_a33_k3_hn05,4,1212,13212,0.354414,0.18366
rc_trial_a33_k3_hn05,4,1213,13213,0.59155,0.466389
rc_trial_a33_k3_hn05,4,1214,13214,0.523771,0.461656
rc_trial_a33_k3_hn05,4,1215,13215,0.38276,0.291171
rc_trial_a33_k3_hn05,4,1216,13216,0.50921400000000006,0.50752
rc_trial_a33_k3_hn05,4,1217,13217,0.398578,0.468073
rc_trial_a33_k3_hn05,4,1218,13218,0.298293,0.379788
rc_trial_a33_k3_hn05,4,1219,13219,0.217751,0.0578197
rc_trial_a33_k3_hn05,4,1220,13220,0.28673,0.122424
rc_trial_a33_k3_hn05,4,1221,13221,0.0720365,0.0368519
rc_trial_a33_k3_hn05,4,1222,13222,0.101863,0.265132
rc_trial_a33_k3_hn05,4,1223,13223,1.20571,0.43927
rc_trial_a33_k3_hn05,4,1224,13224,1.07386,0.321023
rc_trial_a33_k3_hn05,4,1225,13225,0.880408,0.293251
rc_trial_a33_k3_hn05,4,1226,13226,0.346838,0.332922
rc_trial_a33_k3_hn05,4,1227,13227,0.336806,0.313093
rc_trial_a33_k3_hn05,4,1228,13228,0.286776,0.403172
rc_trial_a33_k3_hn05,4,1229,13229,0.416073,0.184981
rc_trial_a33_k3_hn05,4,1230,13230,0.293961,0.188047
rc_trial_a33_k3_hn05,4,1231,13231,0.210174,0.270755
rc_trial_a33_k3_hn05,4,1232,13232,0.538903,0.110651
rc_trial_a33_k3_hn05,4,1233,13233,0.230281,0.168881
rc_trial_a33_k3_hn05,4,1234,13234,0.578281,0.185592
rc_trial_a33_k3_hn05,4,1235,13235,0.404168,0.28254
rc_trial_a33_k3_hn05,4,1236,13236,0.44365,0.449643
rc_trial_a33_k3_hn05,4,1237,13237,0.638823,0.7228
rc_trial_a33_k3_hn05,4,1238,13238,0.42441,0.734273
rc_trial_a33_k3_hn05,4,1239,13239,0.256887,0.130682
rc_trial_a33_k3_hn05,4,1240,13240,0.235136,0.320424
rc_trial_a33_k3_hn05,4,1241,13241,0.185965,0.272462
rc_trial_a33_k3_hn05,4,1242,13242,0.660148,0.72324600000000006
rc_trial_a33_k3_hn05,4,1243,13243,0.723573,0.659015
rc_trial_a33_k3_hn05,4,1244,13244,0.458695,0.888998
rc_trial_a33_k3_hn05,4,1245,13245,0.458622,0.785968
rc_trial_a33_k3_hn05,4,1246,13246,0.533007,1.07431
rc_trial_a33_k3_hn05,4,1247,13247,0.608911,0.672421
rc_trial_a33_k3_hn05,4,1248,13248,0.20287,0.251816
rc_trial_a33_k3_hn05,4,1249,13249,0.521498,0.321061
rc_trial_a33_k3_hn05,4,1250,13250,0.861122,0.529021
rc_trial_a33_k3_hn05,4,1251,13251,0.475843,0.71137
rc_trial_a33_k3_hn05,4,1252,13252,0.385998,0.720125
rc_trial_a33_k3_hn05,4,1253,13253,0.473268,0.405225
rc_trial_a33_k3_hn05,4,1254,13254,0.371591,0.285699
rc_trial_a33_k3_hn05,4,1255,13255,0.332973,0.585517
rc_trial_a33_k3_hn05,4,1256,13256,0.182689,0.378992
rc_trial_a33_k3_hn05,4,1257,13257,0.498281,0.655994
rc_trial_a33_k3_hn05,4,1258,13258,1.00897,0.709197
rc_trial_a33_k3_hn05,4,1259,13259,0.790241,0.554644
rc_trial_a33_k3_hn05,4,1260,13260,0.542225,0.606352
rc_trial_a33_k3_hn05,4,1261,13261,0.141353,0.754674
rc_trial_a33_k3_hn05,4,1262,13262,0.413778,0.27512
rc_trial_a33_k3_hn05,4,1263,13263,0.332471,0.623704
rc_trial_a33_k3_hn05,4,1264,13264,0.148689,0.0401652
rc_trial_a33_k3_hn05,4,1265,13265,0.260857,0.08
rc_trial_a33_k3_hn05,4,1266,13266,0.288209,0.0776411
rc_trial_a33_k3_hn05,4,1267,13267,0.418981,0.345104
rc_trial_a33_k3_hn05,4,1268,13268,0.48554,0.297671
rc_trial_a33_k3_hn05,4,1269,13269,0.569543,0.640811
rc_trial_a33_k3_hn05,4,1270,13270,0.272144,0.63033
rc_trial_a33_k3_hn05,4,1271,13271,0.37749,0.267741
rc_trial_a33_k3_hn05,4,1272,13272,0.428042,0.304629
rc_trial_a33_k3_hn05,4,1273,13273,0.495372,0.452959
rc_trial_a33_k3_hn05,4,1274,13274,0.268963,0.199927
rc_trial_a33_k3_hn05,4,1275,13275,0.229587,0.0449961
rc_trial_a33_k3_hn05,4,1276,13276,0.0208459,0.0769863
rc_trial_a33_k3_hn05,4,1277,13277,0.160932,0.0451564
rc_trial_a33_k3_hn05,4,1278,13278,0.281554,0.0826272
rc_trial_a33_k3_hn05,4,1279,13279,0.208697,0.208963
rc_trial_a33_k3_hn05,4,1280,13280,0.393963,0.256274
rc_trial_a33_k3_hn05,4,1281,13281,0.479408,0.181017
rc_trial_a33_k3_hn05,4,1282,13282,0.212442,0.0891453
rc_trial_a33_k3_hn05,4,1283,13283,0.333536,0.0812406
rc_trial_a33_k3_hn05,4,1284,13284,0.549021,0.446207
rc_trial_a33_k3_hn05,4,1285,13285,0.634856,0.540233
rc_trial_a33_k3_hn05,4,1286,13286,0.31932,0.0811701
rc_trial_a33_k3_hn05,4,1287,13287,0.392827,0.027434
rc_trial_a33_k3_hn05,4,1288,13288,0.208692,0.139142
rc_trial_a33_k3_hn05,4,1289,13289,0.292464,0.211649
rc_trial_a33_k3_hn05,4,1290,13290,0.503006,0.381823
rc_trial_a33_k3_hn05,4,1291,13291,0.73651199999999994,0.387528
rc_trial_a33_k3_hn05,4,1292,13292,0.680313,0.451151
rc_trial_a33_k3_hn05,4,1293,13293,0.707643,0.366256
rc_trial_a33_k3_hn05,4,1294,13294,0.490168,0.654734
rc_trial_a33_k3_hn05,4,1295,13295,0.255525,0.791376
rc_trial_a33_k3_hn05,4,1296,13296,0.312698,0.510464
rc_trial_a33_k3_hn05,4,1297,13297,0.457169,0.805207
rc_trial_a33_k3_hn05,4,1298,13298,0.464297,0.834358
rc_trial_a33_k3_hn05,4,1299,13299,0.510952,0.439814
rc_trial_a33_k3_hn05,4,1300,13300,0.603563,0.662795
rc_trial_a33_k3_hn05,4,1301,13301,0.426609,0.43264
rc_trial_a33_k3_hn05,4,1302,13302,-0.31518,0.256161
rc_trial_a33_k3_hn05,4,1303,13303,1.0214,0.582925
rc_trial_a33_k3_hn05,4,1304,13304,0.756938,0.541409
rc_trial_a33_k3_hn05,4,1305,13305,1.03295,0.440658
rc_trial_a33_k3_hn05,4,1306,13306,-0.123805,0.484136
rc_trial_a33_k3_hn05,4,1307,13307,0.201905,0.250201
rc_trial_a33_k3_hn05,4,1308,13308,0.146357,0.267481
rc_trial_a33_k3_hn05,4,1309,13309,0.0850842,0.654392
rc_trial_a33_k3_hn05,4,1310,13310,0.0268514,0.644807
rc_trial_a33_k3_hn05,4,1311,13311,0.00299462,0.468587
rc_trial_a33_k3_hn05,4,1312,13312,0.467795,0.37344
rc_trial_a33_k3_hn05,4,1313,13313,0.643762,0.487804
rc_trial_a33_k3_hn05,4,1314,13314,0.500441,0.347706
rc_trial_a33_k3_hn05,4,1315,13315,1.5575,0.975989
rc_trial_a33_k3_hn05,4,1316,13316,1.51581,0.934283
rc_trial_a33_k3_hn05,4,1317,13317,1.66564,0.984083
rc_trial_a33_k3_hn05,4,1318,13318,0.537326,0.317104
rc_trial_a33_k3_hn05,4,1319,13319,-0.198357,0.422845
rc_trial_a33_k3_hn05,4,1320,13320,0.120589,0.761153
rc_trial_a33_k3_hn05,4,1321,13321,0.555229,0.232107
rc_trial_a33_k3_hn05,4,1322,13322,0.312356,0.451882
rc_trial_a33_k3_hn05,4,1323,13323,0.649031,0.475027
rc_trial_a33_k3_hn05,4,1324,13324,0.353911,0.920299
rc_trial_a33_k3_hn05,4,1325,13325,0.524209,0.402561
rc_trial_a33_k3_hn05,4,1326,13326,0.205609,0.546674
rc_trial_a33_k3_hn05,4,1327,13327,0.0939652,0.535898
rc_trial_a33_k3_hn05,4,1328,13328,0.383809,0.212397
rc_trial_a33_k3_hn05,4,1329,13329,-0.0698572,0.276697
rc_trial_a33_k3_hn05,4,1330,13330,0.0889062,0.207543
rc_trial_a33_k3_hn05,4,1331,13331,0.374129,0.670731
rc_trial_a33_k3_hn05,4,1332,13332,0.439389,0.331807
rc_trial_a33_k3_hn05,4,1333,13333,0.338438,0.271718
rc_trial_a33_k3_hn05,4,1334,13334,0.235416,0.277948
rc_trial_a33_k3_hn05,4,1335,13335,0.640208,0.490386
rc_trial_a33_k3_hn05,4,1336,13336,0.294534,0.332457
rc_trial_a33_k3_hn05,4,1337,13337,0.377275,0.41473
rc_trial_a33_k3_hn05,4,1338,13338,0.0325208,0.265881
rc_trial_a33_k3_hn05,4,1339,13339,0.322873,0.16606
rc_trial_a33_k3_hn05,4,1340,13340,0.148662,0.0739971
rc_trial_a33_k3_hn05,4,1341,13341,0.383205,0.240237
rc_trial_a33_k3_hn05,4,1342,13342,0.56151,0.0832379
rc_trial_a33_k3_hn05,4,1343,13343,0.230091,0.101555
rc_trial_a33_k3_hn05,4,1344,13344,0.330679,0.203314
rc_trial_a33_k3_hn05,4,1345,13345,0.70245899999999994,0.333836
rc_trial_a33_k3_hn05,4,1346,13346,1.03122,0.604317
rc_trial_a33_k3_hn05,4,1347,13347,0.980734,0.595105
rc_trial_a33_k3_hn05,4,1348,13348,0.587122,0.300251
rc_trial_a33_k3_hn05,4,1349,13349,0.457271,0.243216
rc_trial_a33_k3_hn05,4,1350,13350,0.381316,0.0896987
rc_trial_a33_k3_hn05,4,1351,13351,0.34975,0.254336
rc_trial_a33_k3_hn05,4,1352,13352,0.356578,0.348829
rc_trial_a33_k3_hn05,4,1353,13353,0.0486215,0.287314
rc_trial_a33_k3_hn05,4,1354,13354,0.383281,0.765803
rc_trial_a33_k3_hn05,4,1355,13355,0.346451,0.476646
rc_trial_a33_k3_hn05,4,1356,13356,0.476719,0.135661
rc_trial_a33_k3_hn05,4,1357,13357,0.466328,0.0791032
rc_trial_a33_k3_hn05,4,1358,13358,0.313766,0.0664285
rc_trial_a33_k3_hn05,4,1359,13359,0.0866244,0.0269155
rc_trial_a33_k3_hn05,4,1360,13360,0.24514,0.0317992
rc_trial_a33_k3_hn05,4,1361,13361,0.535408,0.26942
rc_trial_a33_k3_hn05,4,1362,13362,0.107329,0.0825808
rc_trial_a33_k3_hn05,4,1363,13363,0.435753,0.169516
rc_trial_a33_k3_hn05,4,1364,13364,0.109598,0.194974
rc_trial_a33_k3_hn05,4,1365,13365,0.326345,0.167132
rc_trial_a33_k3_hn05,4,1366,13366,0.277272,0.655444
rc_trial_a33_k3_hn05,4,1367,13367,0.10824,1.20771
rc_trial_a33_k3_hn05,4,1368,13368,0.100405,0.734808
rc_trial_a33_k3_hn05,4,1369,13369,-0.0129818,0.400043
rc_trial_a33_k3_hn05,4,1370,13370,-0.0136929,0.608758
rc_trial_a33_k3_hn05,4,1371,13371,0.0286765,0.658739
rc_trial_a33_k3_hn05,4,1372,13372,0.0119186,0.680417
rc_trial_a33_k3_hn05,4,1373,13373,0.299972,0.539001
rc_trial_a33_k3_hn05,4,1374,13374,0.38202,0.258712
rc_trial_a33_k3_hn05,4,1375,13375,0.352259,0.329142
rc_trial_a33_k3_hn05,4,1376,13376,0.70166,0.441417
rc_trial_a33_k3_hn05,4,1377,13377,0.655023,0.30199
rc_trial_a33_k3_hn05,4,1378,13378,0.375216,0.303746
rc_trial_a33_k3_hn05,4,1379,13379,0.362236,0.332592
rc_trial_a33_k3_hn05,4,1380,13380,0.520841,0.279307
rc_trial_a33_k3_hn05,4,1381,13381,0.352924,0.290128
rc_trial_a33_k3_hn05,4,1382,13382,0.642809,0.266342
rc_trial_a33_k3_hn05,4,1383,13383,0.239446,0.463578
rc_trial_a33_k3_hn05,4,1384,13384,0.208896,0.253209
rc_trial_a33_k3_hn05,4,1385,13385,0.0963326,0.391001
rc_trial_a33_k3_hn05,4,1386,13386,0.265129,0.608738
rc_trial_a33_k3_hn05,4,1387,13387,0.37768,0.284107
rc_trial_a33_k3_hn05,4,1388,13388,0.300158,0.061258
rc_trial_a33_k3_hn05,4,1389,13389,0.260411,0.0553933
rc_trial_a33_k3_hn05,4,1390,13390,0.141527,0.0397169
rc_trial_a33_k3_hn05,4,1391,13391,0.612704,0.189123
rc_trial_a33_k3_hn05,4,1392,13392,0.114267,0.124858
rc_trial_a33_k3_hn05,4,1393,13393,0.626494,0.399682
rc_trial_a33_k3_hn05,4,1394,13394,0.270876,0.149503
rc_trial_a33_k3_hn05,4,1395,13395,0.426677,0.062957
rc_trial_a33_k3_hn05,4,1396,13396,0.381677,0.12221
rc_trial_a33_k3_hn05,4,1397,13397,0.646526,0.437154
rc_trial_a33_k3_hn05,4,1398,13398,0.705597,0.501559
rc_trial_a33_k3_hn05,4,1399,13399,0.535292,0.408223
rc_trial_a33_k3_hn05,4,1400,13400,0.695315,0.656215
rc_trial_a33_k3_hn05,4,1401,13401,0.695965,0.72616
rc_trial_a33_k3_hn05,4,1402,13402,0.717812,0.500201
rc_trial_a33_k3_hn05,4,1403,13403,0.825836,0.428023
rc_trial_a33_k3_hn05,4,1404,13404,0.767738,0.628807
rc_trial_a33_k3_hn05,4,1405,13405,0.436542,0.39744
rc_trial_a33_k3_hn05,4,1406,13406,0.354144,0.397887
rc_trial_a33_k3_hn05,4,1407,13407,0.0805866,0.451615
rc_trial_a33_k3_hn05,4,1408,13408,0.105392,0.164814
rc_trial_a33_k3_hn05,4,1409,13409,0.324719,0.602318
rc_trial_a33_k3_hn05,4,1410,13410,0.464751,0.224484
rc_trial_a33_k3_hn05,4,1411,13411,0.589441,0.334346
rc_trial_a33_k3_hn05,4,1412,13412,0.272746,0.0664701
rc_trial_a33_k3_hn05,4,1413,13413,0.135682,0.101989
rc_trial_a33_k3_hn05,4,1414,13414,0.436463,0.118522
rc_trial_a33_k3_hn05,4,1415,13415,0.438432,0.133807
rc_trial_a33_k3_hn05,4,1416,13416,0.662419,0.903855
rc_trial_a33_k3_hn05,4,1417,13417,0.631247,0.373131
rc_trial_a33_k3_hn05,4,1418,13418,0.586134,0.453761
rc_trial_a33_k3_hn05,4,1419,13419,0.324875,0.440011
rc_trial_a33_k3_hn05,4,1420,13420,0.636574,0.307162
rc_trial_a33_k3_hn05,4,1421,13421,0.596551,0.379807
rc_trial_a33_k3_hn05,4,1422,13422,0.508704,0.603259
rc_trial_a33_k3_hn05,4,1423,13423,0.423255,0.202814
rc_trial_a33_k3_hn05,4,1424,13424,0.235028,0.193942
rc_trial_a33_k3_hn05,4,1425,13425,0.246329,0.121729
rc_trial_a33_k3_hn05,4,1426,13426,0.176461,0.17058
rc_trial_a33_k3_hn05,4,1427,13427,0.31647,0.201735
rc_trial_a33_k3_hn05,4,1428,13428,0.551392,0.261865
rc_trial_a33_k3_hn05,4,1429,13429,0.370862,0.422708
rc_trial_a33_k3_hn05,4,1430,13430,0.335253,0.301781
rc_trial_a33_k3_hn05,4,1431,13431,0.596276,0.282055
rc_trial_a33_k3_hn05,4,1432,13432,0.921766,0.785189
rc_trial_a33_k3_hn05,4,1433,13433,0.925463,0.410789
rc_trial_a33_k3_hn05,4,1434,13434,0.893648,0.663662
rc_trial_a33_k3_hn05,4,1435,13435,0.386399,0.806842
rc_trial_a33_k3_hn05,4,1436,13436,0.685803,0.180246
rc_trial_a33_k3_hn05,4,1437,13437,0.357549,0.142117
rc_trial_a33_k3_hn05,4,1438,13438,0.407313,0.303002
rc_trial_a33_k3_hn05,4,1439,13439,0.236603,0.169255
rc_trial_a33_k3_hn05,4,1440,13440,0.166917,0.122561
rc_trial_a33_k3_hn05,4,1441,13441,0.334088,0.0881827
rc_trial_a33_k3_hn05,4,1442,13442,0.264225,0.143487
rc_trial_a33_k3_hn05,4,1443,13443,0.275092,0.301236
rc_trial_a33_k3_hn05,4,1444,13444,0.248676,0.195504
rc_trial_a33_k3_hn05,4,1445,13445,0.486864,0.180236
rc_trial_a33_k3_hn05,4,1446,13446,0.312191,0.257403
rc_trial_a33_k3_hn05,4,1447,13447,0.656271,0.38846
rc_trial_a33_k3_hn05,4,1448,13448,0.280393,0.634053
rc_trial_a33_k3_hn05,4,1449,13449,0.196303,0.757171
rc_trial_a33_k3_hn05,4,1450,13450,0.445237,0.652538
rc_trial_a33_k3_hn05,4,1451,13451,0.483287,0.829079
rc_trial_a33_k3_hn05,4,1452,13452,0.105138,0.426249
rc_trial_a33_k3_hn05,4,1453,13453,0.129101,0.347367
rc_trial_a33_k3_hn05,4,1454,13454,0.295781,0.503871
rc_trial_a33_k3_hn05,4,1455,13455,0.216501,0.315408
rc_trial_a33_k3_hn05,4,1456,13456,0.216564,0.281719
rc_trial_a33_k3_hn05,4,1457,13457,0.378063,0.132739
rc_trial_a33_k3_hn05,4,1458,13458,0.403219,0.17959
rc_trial_a33_k3_hn05,4,1459,13459,0.330939,0.230813
rc_trial_a33_k3_hn05,4,1460,13460,0.443697,0.254132
rc_trial_a33_k3_hn05,4,1461,13461,0.343004,0.215549
rc_trial_a33_k3_hn05,4,1462,13462,0.429659,0.10473
rc_trial_a33_k3_hn05,4,1463,13463,0.177767,0.0802462
rc_trial_a33_k3_hn05,4,1464,13464,-0.0181529,0.137263
rc_trial_a33_k3_hn05,4,1465,13465,0.0614904,0.107929
rc_trial_a33_k3_hn05,4,1466,13466,0.161409,0.205559
rc_trial_a33_k3_hn05,4,1467,13467,0.23688,0.112733
rc_trial_a33_k3_hn05,4,1468,13468,0.14862,0.381928
rc_trial_a33_k3_hn05,4,1469,13469,0.234877,0.117784
rc_trial_a33_k3_hn05,4,1470,13470,0.537806,0.48747
rc_trial_a33_k3_hn05,4,1471,13471,0.34281,0.100328
rc_trial_a33_k3_hn05,4,1472,13472,0.812464,0.610993
rc_trial_a33_k3_hn05,4,1473,13473,1.12688,0.805263
rc_trial_a33_k3_hn05,4,1474,13474,1.10068,0.695326
rc_trial_a33_k3_hn05,4,1475,13475,0.736747,0.636234
rc_trial_a33_k3_hn05,4,1476,13476,0.246983,0.683128
rc_trial_a33_k3_hn05,4,1477,13477,0.709124,1.03008
rc_trial_a33_k3_hn05,4,1478,13478,0.857294,0.914658
rc_trial_a33_k3_hn05,4,1479,13479,0.332447,0.64586
rc_trial_a33_k3_hn05,4,1480,13480,1.1263,0.639547
rc_trial_a33_k3_hn05,4,1481,13481,1.11079,0.697146
rc_trial_a33_k3_hn05,4,1482,13482,1.04082,0.587758
rc_trial_a33_k3_hn05,4,1483,13483,0.741205,0.74963900000000006
rc_trial_a33_k3_hn05,4,1484,13484,0.819112,0.817737
rc_trial_a33_k3_hn05,4,1485,13485,0.620425,0.499586
rc_trial_a33_k3_hn05,4,1486,13486,0.697695,0.366142
rc_trial_a33_k3_hn05,4,1487,13487,1.08161,0.785533
rc_trial_a33_k3_hn05,4,1488,13488,0.194164,0.0138944
rc_trial_a33_k3_hn05,4,1489,13489,0.528887,0.0619327
rc_trial_a33_k3_hn05,4,1490,13490,0.311332,0.580027
rc_trial_a33_k3_hn05,4,1491,13491,0.0628861,0.448553
rc_trial_a33_k3_hn05,4,1492,13492,0.346216,0.588786
rc_trial_a33_k3_hn05,4,1493,13493,0.371137,0.715933
rc_trial_a33_k3_hn05,4,1494,13494,0.474039,0.500007
rc_trial_a33_k3_hn05,4,1495,13495,0.213054,0.505089
rc_trial_a33_k3_hn05,4,1496,13496,0.536515,0.738228
rc_trial_a33_k3_hn05,4,1497,13497,0.400193,0.56809
rc_trial_a33_k3_hn05,4,1498,13498,0.166657,0.997409
rc_trial_a33_k3_hn05,4,1499,13499,0.161044,0.97675
rc_trial_a33_k3_hn05,4,1500,13500,0.223464,0.434273
rc_trial_a33_k3_hn05,4,1501,13501,0.268672,0.559055
rc_trial_a33_k3_hn05,4,1502,13502,0.113255,0.27366
rc_trial_a33_k3_hn05,4,1503,13503,0.693927,0.581183
rc_trial_a33_k3_hn05,4,1504,13504,0.470672,0.419365
rc_trial_a33_k3_hn05,4,1505,13505,0.187213,0.182231
rc_trial_a33_k3_hn05,4,1506,13506,0.16913,0.214059
rc_trial_a33_k3_hn05,4,1507,13507,0.271092,0.195897
rc_trial_a33_k3_hn05,4,1508,13508,0.551766,0.0599027
rc_trial_a33_k3_hn05,4,1509,13509,0.071088,0.0274867
rc_trial_a33_k3_hn05,4,1510,13510,0.057878400000000003,0.0275162
rc_trial_a33_k3_hn05,4,1511,13511,0.818239,0.669889
rc_trial_a33_k3_hn05,4,1512,13512,0.811517,0.609172
rc_trial_a33_k3_hn05,4,1513,13513,0.836728,0.626202
rc_trial_a33_k3_hn05,4,1514,13514,0.63158,0.650539
rc_trial_a33_k3_hn05,4,1515,13515,0.630772,0.639787
rc_trial_a33_k3_hn05,4,1516,13516,0.103763,0.477311
rc_trial_a33_k3_hn05,4,1517,13517,0.247773,0.746929
rc_trial_a33_k3_hn05,4,1518,13518,0.314164,0.335188
rc_trial_a33_k3_hn05,4,1519,13519,-0.147887,0.715653
rc_trial_a33_k3_hn05,4,1520,13520,-0.269982,0.8598
rc_trial_a33_k3_hn05,4,1521,13521,0.00829856,1.01031
rc_trial_a33_k3_hn05,4,1522,13522,-0.179329,0.43444
rc_trial_a33_k3_hn05,4,1523,13523,0.0207848,0.663104
rc_trial_a33_k3_hn05,4,1524,13524,-0.00450456,0.527814
rc_trial_a33_k3_hn05,4,1525,13525,0.424045,0.185459
rc_trial_a33_k3_hn05,4,1526,13526,0.397391,1.0626
rc_trial_a33_k3_hn05,4,1527,13527,0.648023,0.485751
rc_trial_a33_k3_hn05,4,1528,13528,0.427513,1.03402
rc_trial_a33_k3_hn05,4,1529,13529,0.523055,0.745192
rc_trial_a33_k3_hn05,4,1530,13530,0.396201,0.329025
rc_trial_a33_k3_hn05,4,1531,13531,0.422822,0.613923
rc_trial_a33_k3_hn05,4,1532,13532,0.259374,0.222065
rc_trial_a33_k3_hn05,4,1533,13533,0.154988,0.142623
rc_trial_a33_k3_hn05,4,1534,13534,0.313306,0.32575
rc_trial_a33_k3_hn05,4,1535,13535,0.323079,0.317447
rc_trial_a33_k3_hn05,4,1536,13536,0.327384,0.0403463
rc_trial_a33_k3_hn05,4,1537,13537,0.321189,0.158041
rc_trial_a33_k3_hn05,4,1538,13538,0.337284,0.210608
rc_trial_a33_k3_hn05,4,1539,13539,0.441383,0.237289
rc_trial_a33_k3_hn05,4,1540,13540,0.542972,0.539552
rc_trial_a33_k3_hn05,4,1541,13541,0.428666,0.528693
rc_trial_a33_k3_hn05,4,1542,13542,0.680154,0.609714
rc_trial_a33_k3_hn05,4,1543,13543,0.20305,0.945963
rc_trial_a33_k3_hn05,4,1544,13544,0.0386847,0.304221
rc_trial_a33_k3_hn05,4,1545,13545,0.199737,0.562526
rc_trial_a33_k3_hn05,4,1546,13546,0.510575,0.472655
rc_trial_a33_k3_hn05,4,1547,13547,0.271831,0.823733
rc_trial_a33_k3_hn05,4,1548,13548,0.275643,0.740906
rc_trial_a33_k3_hn05,4,1549,13549,0.244723,0.5818
rc_trial_a33_k3_hn05,4,1550,13550,0.232084,0.610368
rc_trial_a33_k3_hn05,4,1551,13551,0.737314,0.817524
rc_trial_a33_k3_hn05,4,1552,13552,0.618327,0.53188
rc_trial_a33_k3_hn05,4,1553,13553,0.596454,0.418339
rc_trial_a33_k3_hn05,4,1554,13554,0.719305,0.503397
rc_trial_a33_k3_hn05,4,1555,13555,0.43923,0.287207
rc_trial_a33_k3_hn05,4,1556,13556,0.585841,0.602805
rc_trial_a33_k3_hn05,4,1557,13557,1.0094,0.322995
rc_trial_a33_k3_hn05,4,1558,13558,0.971314,0.423184
rc_trial_a33_k3_hn05,4,1559,13559,0.773211,0.237729
rc_trial_a33_k3_hn05,4,1560,13560,0.73966,0.154136
rc_trial_a33_k3_hn05,4,1561,13561,0.158448,0.0539302
rc_trial_a33_k3_hn05,4,1562,13562,0.406061,0.10114
rc_trial_a33_k3_hn05,4,1563,13563,0.606759,0.318008
rc_trial_a33_k3_hn05,4,1564,13564,0.510235,0.446208
rc_trial_a33_k3_hn05,4,1565,13565,0.123747,0.385189
rc_trial_a33_k3_hn05,4,1566,13566,0.135168,0.101379
rc_trial_a33_k3_hn05,4,1567,13567,0.125032,0.0796722
rc_trial_a33_k3_hn05,4,1568,13568,0.484375,0.0173861
rc_trial_a33_k3_hn05,4,1569,13569,0.358103,0.0212443
rc_trial_a33_k3_hn05,4,1570,13570,0.216148,0.0193974
rc_trial_a33_k3_hn05,4,1571,13571,0.357773,0.0173572
rc_trial_a33_k3_hn05,4,1572,13572,0.342839,0.0066233
rc_trial_a33_k3_hn05,4,1573,13573,0.312772,0.075447
rc_trial_a33_k3_hn05,4,1574,13574,0.190194,0.00831979
rc_trial_a33_k3_hn05,4,1575,13575,0.422616,0.0111053
rc_trial_a33_k3_hn05,4,1576,13576,0.364094,0.0559882
rc_trial_a33_k3_hn05,4,1577,13577,0.345306,0.0637377
rc_trial_a33_k3_hn05,4,1578,13578,0.301931,0.539455
rc_trial_a33_k3_hn05,4,1579,13579,0.263526,0.577958
rc_trial_a33_k3_hn05,4,1580,13580,0.779955,0.406127
rc_trial_a33_k3_hn05,4,1581,13581,0.924955,0.521225
rc_trial_a33_k3_hn05,4,1582,13582,0.79334,0.69001
rc_trial_a33_k3_hn05,4,1583,13583,0.184722,0.63853
rc_trial_a33_k3_hn05,4,1584,13584,0.0535603,1.27449
rc_trial_a33_k3_hn05,4,1585,13585,0.0263578,0.270316
rc_trial_a33_k3_hn05,4,1586,13586,0.0865259,0.449952
rc_trial_a33_k3_hn05,4,1587,13587,0.00601804,0.682158
rc_trial_a33_k3_hn05,4,1588,13588,-0.103317,1.34756
rc_trial_a33_k3_hn05,4,1589,13589,0.334564,0.284114
rc_trial_a33_k3_hn05,4,1590,13590,0.350865,0.304386
rc_trial_a33_k3_hn05,4,1591,13591,0.133725,0.26145
rc_trial_a33_k3_hn05,4,1592,13592,0.0569878,0.219909
rc_trial_a33_k3_hn05,4,1593,13593,0.39115,0.416363
rc_trial_a33_k3_hn05,4,1594,13594,0.450528,0.417769
rc_trial_a33_k3_hn05,4,1595,13595,0.400638,0.246474
rc_trial_a33_k3_hn05,4,1596,13596,0.618796,0.249894
rc_trial_a33_k3_hn05,4,1597,13597,0.518173,0.255473
rc_trial_a33_k3_hn05,4,1598,13598,0.249522,0.267044
rc_trial_a33_k3_hn05,4,1599,13599,0.284304,0.495093
rc_trial_a33_k3_hn05,4,1600,13600,0.0136187,1.01684
rc_trial_a33_k3_hn05,4,1601,13601,0.0441197,0.519325
rc_trial_a33_k3_hn05,4,1602,13602,0.0863462,0.623722
rc_trial_a33_k3_hn05,4,1603,13603,0.189813,0.399843
rc_trial_a33_k3_hn05,4,1604,13604,0.518676,0.696904
rc_trial_a33_k3_hn05,4,1605,13605,0.48468,0.57845
rc_trial_a33_k3_hn05,4,1606,13606,0.96127,0.810283
rc_trial_a33_k3_hn05,4,1607,13607,0.314223,0.196754
rc_trial_a33_k3_hn05,4,1608,13608,0.274856,0.32678
rc_trial_a33_k3_hn05,4,1609,13609,0.531128,0.235566
rc_trial_a33_k3_hn05,4,1610,13610,0.302769,0.205694
rc_trial_a33_k3_hn05,4,1611,13611,0.536644,0.127691
rc_trial_a33_k3_hn05,4,1612,13612,0.325002,0.188313
rc_trial_a33_k3_hn05,4,1613,13613,0.506963,0.219758
rc_trial_a33_k3_hn05,4,1614,13614,0.157865,0.229518
rc_trial_a33_k3_hn05,4,1615,13615,-0.0945711,0.682533
rc_trial_a33_k3_hn05,4,1616,13616,-0.124993,1.00596
rc_trial_a33_k3_hn05,4,1617,13617,-0.136713,0.602717
rc_trial_a33_k3_hn05,4,1618,13618,-0.773862,0.840783
rc_trial_a33_k3_hn05,4,1619,13619,-0.0229646,1.09572
rc_trial_a33_k3_hn05,4,1620,13620,-0.225627,0.760572
rc_trial_a33_k3_hn05,4,1621,13621,-0.194941,0.778969
rc_trial_a33_k3_hn05,4,1622,13622,-0.235797,0.754253
rc_trial_a33_k3_hn05,4,1623,13623,-0.0553398,0.991304
rc_trial_a33_k3_hn05,4,1624,13624,0.021539,0.323887
rc_trial_a33_k3_hn05,4,1625,13625,0.530227,0.209081
rc_trial_a33_k3_hn05,4,1626,13626,0.549192,0.284714
rc_trial_a33_k3_hn05,4,1627,13627,0.152385,0.0368296
rc_trial_a33_k3_hn05,4,1628,13628,0.333105,0.0482766
rc_trial_a33_k3_hn05,4,1629,13629,0.924621,0.454052
rc_trial_a33_k3_hn05,4,1630,13630,0.258175,0.00173115
rc_trial_a33_k3_hn05,4,1631,13631,0.273577,0.00654611
rc_trial_a33_k3_hn05,4,1632,13632,0.348526,0.0033332
rc_trial_a33_k3_hn05,4,1633,13633,0.225536,0.00197578
rc_trial_a33_k3_hn05,4,1634,13634,0.328736,2.94427e-4
rc_trial_a33_k3_hn05,4,1635,13635,0.126267,0.00256595
rc_trial_a33_k3_hn05,4,1636,13636,0.38592,0.139335
rc_trial_a33_k3_hn05,4,1637,13637,0.17802,0.0705801
rc_trial_a33_k3_hn05,4,1638,13638,0.137721,0.163812
rc_trial_a33_k3_hn05,4,1639,13639,0.205494,0.102026
rc_trial_a33_k3_hn05,4,1640,13640,0.189228,0.138446
rc_trial_a33_k3_hn05,4,1641,13641,0.290836,0.352316
rc_trial_a33_k3_hn05,4,1642,13642,0.578572,0.541127
rc_trial_a33_k3_hn05,4,1643,13643,0.430162,0.745371
rc_trial_a33_k3_hn05,4,1644,13644,0.325139,0.445839
rc_trial_a33_k3_hn05,4,1645,13645,0.280862,0.302754
rc_trial_a33_k3_hn05,4,1646,13646,0.274142,0.389422
rc_trial_a33_k3_hn05,4,1647,13647,0.60399,0.555375
rc_trial_a33_k3_hn05,4,1648,13648,0.0556087,0.829139
rc_trial_a33_k3_hn05,4,1649,13649,-0.068279,1.13818
rc_trial_a33_k3_hn05,4,1650,13650,-0.257968,0.968169
rc_trial_a33_k3_hn05,4,1651,13651,0.233949,0.51421
rc_trial_a33_k3_hn05,4,1652,13652,0.14687,0.750805
rc_trial_a33_k3_hn05,4,1653,13653,0.188041,0.139259
rc_trial_a33_k3_hn05,4,1654,13654,0.177294,0.379532
rc_trial_a33_k3_hn05,4,1655,13655,0.157122,0.388808
rc_trial_a33_k3_hn05,4,1656,13656,-0.0348803,0.518717
rc_trial_a33_k3_hn05,4,1657,13657,-0.00128777,0.465024
rc_trial_a33_k3_hn05,4,1658,13658,-0.0668755,0.729427
rc_trial_a33_k3_hn05,4,1659,13659,-0.0750337,0.340047
rc_trial_a33_k3_hn05,4,1660,13660,-0.0880595,0.744639
rc_trial_a33_k3_hn05,4,1661,13661,-0.0525586,0.744972
rc_trial_a33_k3_hn05,4,1662,13662,0.336593,0.726411
rc_trial_a33_k3_hn05,4,1663,13663,0.448399,0.538845
rc_trial_a33_k3_hn05,4,1664,13664,0.320155,0.311051
rc_trial_a33_k3_hn05,4,1665,13665,0.176921,0.217533
rc_trial_a33_k3_hn05,4,1666,13666,0.337998,0.295472
rc_trial_a33_k3_hn05,4,1667,13667,0.212866,0.182671
rc_trial_a33_k3_hn05,4,1668,13668,0.404633,0.498378
rc_trial_a33_k3_hn05,4,1669,13669,0.442488,0.422485
rc_trial_a33_k3_hn05,4,1670,13670,0.431588,0.293543
rc_trial_a33_k3_hn05,4,1671,13671,0.581885,0.503835
rc_trial_a33_k3_hn05,4,1672,13672,0.133218,0.363717
rc_trial_a33_k3_hn05,4,1673,13673,-0.103844,0.213565
rc_trial_a33_k3_hn05,4,1674,13674,0.270129,0.0755608
rc_trial_a33_k3_hn05,4,1675,13675,0.0951234,0.383574
rc_trial_a33_k3_hn05,4,1676,13676,0.208258,0.183059
rc_trial_a33_k3_hn05,4,1677,13677,0.196559,0.314504
rc_trial_a33_k3_hn05,4,1678,13678,0.105046,0.161674
rc_trial_a33_k3_hn05,4,1679,13679,0.629522,0.642493
rc_trial_a33_k3_hn05,4,1680,13680,0.0325325,0.139443
rc_trial_a33_k3_hn05,4,1681,13681,0.528964,0.416244
rc_trial_a33_k3_hn05,4,1682,13682,0.178012,0.183667
rc_trial_a33_k3_hn05,4,1683,13683,0.264547,0.121137
rc_trial_a33_k3_hn05,4,1684,13684,0.027245,0.390219
rc_trial_a33_k3_hn05,4,1685,13685,0.132827,0.424711
rc_trial_a33_k3_hn05,4,1686,13686,0.0218978,0.44654
rc_trial_a33_k3_hn05,4,1687,13687,0.113939,0.0711134
rc_trial_a33_k3_hn05,4,1688,13688,0.282828,0.129648
rc_trial_a33_k3_hn05,4,1689,13689,-0.144652,0.201435
rc_trial_a33_k3_hn05,4,1690,13690,-0.0382427,0.137025
rc_trial_a33_k3_hn05,4,1691,13691,-0.0040743,0.128836
rc_trial_a33_k3_hn05,4,1692,13692,0.419266,0.0315367
rc_trial_a33_k3_hn05,4,1693,13693,0.188482,6.32055e-4
rc_trial_a33_k3_hn05,4,1694,13694,0.178626,0.422105
rc_trial_a33_k3_hn05,4,1695,13695,0.358994,0.14063
rc_trial_a33_k3_hn05,4,1696,13696,0.456438,0.19848
rc_trial_a33_k3_hn05,4,1697,13697,0.294962,0.181292
rc_trial_a33_k3_hn05,4,1698,13698,0.129654,0.161998
rc_trial_a33_k3_hn05,4,1699,13699,0.146288,0.12478
rc_trial_a33_k3_hn05,4,1700,13700,0.405984,0.203664
rc_trial_a33_k3_hn05,4,1701,13701,0.264609,0.242147
rc_trial_a33_k3_hn05,4,1702,13702,0.101231,0.127916
rc_trial_a33_k3_hn05,4,1703,13703,0.337269,0.0868195
rc_trial_a33_k3_hn05,4,1704,13704,0.518547,0.0734595
rc_trial_a33_k3_hn05,4,1705,13705,0.17038,0.299232
rc_trial_a33_k3_hn05,4,1706,13706,0.155168,0.0188163
rc_trial_a33_k3_hn05,4,1707,13707,-0.0479012,0.282553
rc_trial_a33_k3_hn05,4,1708,13708,0.105793,0.0185049
rc_trial_a33_k3_hn05,4,1709,13709,0.101761,0.0299061
rc_trial_a33_k3_hn05,4,1710,13710,0.117439,0.139519
rc_trial_a33_k3_hn05,4,1711,13711,0.245156,0.281661
rc_trial_a33_k3_hn05,4,1712,13712,0.237364,0.419067
rc_trial_a33_k3_hn05,4,1713,13713,0.0836823,0.866684
rc_trial_a33_k3_hn05,4,1714,13714,0.146241,1.11608
rc_trial_a33_k3_hn05,4,1715,13715,0.210699,0.0963428
rc_trial_a33_k3_hn05,4,1716,13716,0.33447,0.0147941
rc_trial_a33_k3_hn05,4,1717,13717,0.353009,0.00357653
rc_trial_a33_k3_hn05,4,1718,13718,0.240913,0.0106833
rc_trial_a33_k3_hn05,4,1719,13719,0.316081,0.0725737
rc_trial_a33_k3_hn05,4,1720,13720,0.194179,0.0461311
rc_trial_a33_k3_hn05,4,1721,13721,0.39406,0.0206413
rc_trial_a33_k3_hn05,4,1722,13722,0.154035,0.235549
rc_trial_a33_k3_hn05,4,1723,13723,0.241667,0.0602913
rc_trial_a33_k3_hn05,4,1724,13724,0.411168,0.636196
rc_trial_a33_k3_hn05,4,1725,13725,0.184502,0.195364
rc_trial_a33_k3_hn05,4,1726,13726,0.406175,0.100469
rc_trial_a33_k3_hn05,4,1727,13727,0.504968,0.0868703
rc_trial_a33_k3_hn05,4,1728,13728,0.276194,0.180586
rc_trial_a33_k3_hn05,4,1729,13729,1.13046,0.985129
rc_trial_a33_k3_hn05,4,1730,13730,0.845971,0.627511
rc_trial_a33_k3_hn05,4,1731,13731,0.794474,0.829483
rc_trial_a33_k3_hn05,4,1732,13732,0.547038,0.373663
rc_trial_a33_k3_hn05,4,1733,13733,0.350644,0.259941
rc_trial_a33_k3_hn05,4,1734,13734,0.45794,0.204124
rc_trial_a33_k3_hn05,4,1735,13735,0.499248,0.309085
rc_trial_a33_k3_hn05,4,1736,13736,0.428288,0.404017
rc_trial_a33_k3_hn05,4,1737,13737,0.480681,0.245502
rc_trial_a33_k3_hn05,4,1738,13738,0.458678,0.571559
rc_trial_a33_k3_hn05,4,1739,13739,0.425733,0.150561
rc_trial_a33_k3_hn05,4,1740,13740,0.258806,0.166293
rc_trial_a33_k3_hn05,4,1741,13741,0.358376,0.164254
rc_trial_a33_k3_hn05,4,1742,13742,0.321505,0.142148
rc_trial_a33_k3_hn05,4,1743,13743,0.323069,0.165369
rc_trial_a33_k3_hn05,4,1744,13744,0.960083,1.11964
rc_trial_a33_k3_hn05,4,1745,13745,0.733333,0.43885
rc_trial_a33_k3_hn05,4,1746,13746,0.756708,0.487143
rc_trial_a33_k3_hn05,4,1747,13747,-0.0476513,0.571128
rc_trial_a33_k3_hn05,4,1748,13748,-0.115139,0.556322
rc_trial_a33_k3_hn05,4,1749,13749,-0.128665,0.396722
rc_trial_a33_k3_hn05,4,1750,13750,-0.0195335,0.298164
rc_trial_a33_k3_hn05,4,1751,13751,0.111361,0.158054
rc_trial_a33_k3_hn05,4,1752,13752,0.333999,0.052931
rc_trial_a33_k3_hn05,4,1753,13753,0.29583,0.278542
rc_trial_a33_k3_hn05,4,1754,13754,0.274763,0.411499
rc_trial_a33_k3_hn05,4,1755,13755,0.642588,0.204646
rc_trial_a33_k3_hn05,4,1756,13756,0.412933,0.521149
rc_trial_a33_k3_hn05,4,1757,13757,0.58605,0.885476
rc_trial_a33_k3_hn05,4,1758,13758,0.784578,0.612181
rc_trial_a33_k3_hn05,4,1759,13759,1.05361,0.71927
rc_trial_a33_k3_hn05,4,1760,13760,0.267501,0.186862
rc_trial_a33_k3_hn05,4,1761,13761,0.116348,0.359788
rc_trial_a33_k3_hn05,4,1762,13762,0.34842,0.23751
rc_trial_a33_k3_hn05,4,1763,13763,1.3126,1.21453
rc_trial_a33_k3_hn05,4,1764,13764,1.33504,0.947305
rc_trial_a33_k3_hn05,4,1765,13765,0.995784,0.834878
rc_trial_a33_k3_hn05,4,1766,13766,0.761627,0.74052
rc_trial_a33_k3_hn05,4,1767,13767,0.664953,0.686794
rc_trial_a33_k3_hn05,4,1768,13768,0.501657,0.270233
rc_trial_a33_k3_hn05,4,1769,13769,0.530262,0.301192
rc_trial_a33_k3_hn05,4,1770,13770,0.422756,0.185382
rc_trial_a33_k3_hn05,4,1771,13771,0.452925,0.458003
rc_trial_a33_k3_hn05,4,1772,13772,0.889461,0.402363
rc_trial_a33_k3_hn05,4,1773,13773,0.717832,0.622713
rc_trial_a33_k3_hn05,4,1774,13774,0.42613,0.273234
rc_trial_a33_k3_hn05,4,1775,13775,0.476443,0.41913
rc_trial_a33_k3_hn05,4,1776,13776,0.997286,0.806656
rc_trial_a33_k3_hn05,4,1777,13777,0.467919,0.749131
rc_trial_a33_k3_hn05,4,1778,13778,0.885843,0.748666
rc_trial_a33_k3_hn05,4,1779,13779,0.804851,0.485756
rc_trial_a33_k3_hn05,4,1780,13780,0.624386,0.604499
rc_trial_a33_k3_hn05,4,1781,13781,0.567547,0.403262
rc_trial_a33_k3_hn05,4,1782,13782,0.573638,0.406822
rc_trial_a33_k3_hn05,4,1783,13783,0.103889,0.716359
rc_trial_a33_k3_hn05,4,1784,13784,0.277636,0.355979
rc_trial_a33_k3_hn05,4,1785,13785,0.38295,0.476634
rc_trial_a33_k3_hn05,4,1786,13786,0.586654,0.370922
rc_trial_a33_k3_hn05,4,1787,13787,0.40872000000000003,0.429127
rc_trial_a33_k3_hn05,4,1788,13788,0.543895,0.377831
rc_trial_a33_k3_hn05,4,1789,13789,0.596897,0.298459
rc_trial_a33_k3_hn05,4,1790,13790,0.592491,0.248025
rc_trial_a33_k3_hn05,4,1791,13791,0.353418,0.17788
rc_trial_a33_k3_hn05,4,1792,13792,0.31952,0.283872
rc_trial_a33_k3_hn05,4,1793,13793,0.685695,0.499429
rc_trial_a33_k3_hn05,4,1794,13794,0.64479,0.426759
rc_trial_a33_k3_hn05,4,1795,13795,0.859078,0.357359
rc_trial_a33_k3_hn05,4,1796,13796,0.532176,0.30665
rc_trial_a33_k3_hn05,4,1797,13797,0.24883,0.195795
rc_trial_a33_k3_hn05,4,1798,13798,0.348628,0.085475
rc_trial_a33_k3_hn05,4,1799,13799,0.385005,0.478368
rc_trial_a33_k3_hn05,4,1800,13800,0.150576,0.047792
rc_trial_a33_k3_hn05,4,1801,13801,0.258458,0.43344
rc_trial_a33_k3_hn05,4,1802,13802,0.2182,0.323207
rc_trial_a33_k3_hn05,4,1803,13803,0.214702,0.0939105
rc_trial_a33_k3_hn05,4,1804,13804,0.259011,0.0924964
rc_trial_a33_k3_hn05,4,1805,13805,0.200135,0.00514543
rc_trial_a33_k3_hn05,4,1806,13806,0.243957,0.0301187
rc_trial_a33_k3_hn05,4,1807,13807,0.769542,0.736087
rc_trial_a33_k3_hn05,4,1808,13808,0.755462,0.412088
rc_trial_a33_k3_hn05,4,1809,13809,0.441862,0.366355
rc_trial_a33_k3_hn05,4,1810,13810,0.157805,0.17855
rc_trial_a33_k3_hn05,4,1811,13811,0.130666,0.00964276
rc_trial_a33_k3_hn05,4,1812,13812,0.185177,0.00784535
rc_trial_a33_k3_hn05,4,1813,13813,0.293196,0.0478764
rc_trial_a33_k3_hn05,4,1814,13814,0.514613,0.275527
rc_trial_a33_k3_hn05,4,1815,13815,0.608776,0.286818
rc_trial_a33_k3_hn05,4,1816,13816,0.405888,0.496684
rc_trial_a33_k3_hn05,4,1817,13817,0.266921,0.278414
rc_trial_a33_k3_hn05,4,1818,13818,0.278526,0.206566
rc_trial_a33_k3_hn05,4,1819,13819,0.385661,0.287968
rc_trial_a33_k3_hn05,4,1820,13820,0.315565,0.142577
rc_trial_a33_k3_hn05,4,1821,13821,0.374401,0.233735
rc_trial_a33_k3_hn05,4,1822,13822,0.384892,0.527657
rc_trial_a33_k3_hn05,4,1823,13823,0.260648,0.298407
rc_trial_a33_k3_hn05,4,1824,13824,0.220654,0.498047
rc_trial_a33_k3_hn05,4,1825,13825,0.010052,0.464562
rc_trial_a33_k3_hn05,4,1826,13826,0.232231,0.692155
rc_trial_a33_k3_hn05,4,1827,13827,0.778998,0.489903
rc_trial_a33_k3_hn05,4,1828,13828,0.746932,0.385657
rc_trial_a33_k3_hn05,4,1829,13829,0.131464,0.803048
rc_trial_a33_k3_hn05,4,1830,13830,0.34334,0.126258
rc_trial_a33_k3_hn05,4,1831,13831,0.434181,0.168099
rc_trial_a33_k3_hn05,4,1832,13832,0.439557,0.170069
rc_trial_a33_k3_hn05,4,1833,13833,0.314342,0.353013
rc_trial_a33_k3_hn05,4,1834,13834,0.267045,0.391328
rc_trial_a33_k3_hn05,4,1835,13835,0.358134,0.272157
rc_trial_a33_k3_hn05,4,1836,13836,0.396766,0.483263
rc_trial_a33_k3_hn05,4,1837,13837,0.441871,0.837277
rc_trial_a33_k3_hn05,4,1838,13838,0.453593,0.435563
rc_trial_a33_k3_hn05,4,1839,13839,0.185185,0.289681
rc_trial_a33_k3_hn05,4,1840,13840,0.160079,0.484702
rc_trial_a33_k3_hn05,4,1841,13841,-0.0888193,0.52551
rc_trial_a33_k3_hn05,4,1842,13842,0.215677,0.0312067
rc_trial_a33_k3_hn05,4,1843,13843,0.158605,0.116513
rc_trial_a33_k3_hn05,4,1844,13844,-0.105641,0.373635
rc_trial_a33_k3_hn05,4,1845,13845,-0.128031,0.187462
rc_trial_a33_k3_hn05,4,1846,13846,-0.214876,0.279649
rc_trial_a33_k3_hn05,4,1847,13847,0.440273,0.916514
rc_trial_a33_k3_hn05,4,1848,13848,0.391977,1.09771
rc_trial_a33_k3_hn05,4,1849,13849,0.474265,0.174508
rc_trial_a33_k3_hn05,4,1850,13850,0.172303,0.43571
rc_trial_a33_k3_hn05,4,1851,13851,0.219132,0.23216
rc_trial_a33_k3_hn05,4,1852,13852,0.325377,0.236041
rc_trial_a33_k3_hn05,4,1853,13853,-0.0389458,0.148065
rc_trial_a33_k3_hn05,4,1854,13854,0.230927,0.0755261
rc_trial_a33_k3_hn05,4,1855,13855,0.0612265,0.146257
rc_trial_a33_k3_hn05,4,1856,13856,0.0908057,0.137518
rc_trial_a33_k3_hn05,4,1857,13857,0.321042,0.0916075
rc_trial_a33_k3_hn05,4,1858,13858,0.355867,0.218028
rc_trial_a33_k3_hn05,4,1859,13859,0.565415,0.375474
rc_trial_a33_k3_hn05,4,1860,13860,0.191409,0.563059
rc_trial_a33_k3_hn05,4,1861,13861,0.112338,0.455721
rc_trial_a33_k3_hn05,4,1862,13862,0.264185,0.845213
rc_trial_a33_k3_hn05,4,1863,13863,0.144345,0.650977
rc_trial_a33_k3_hn05,4,1864,13864,0.436948,0.337348
rc_trial_a33_k3_hn05,4,1865,13865,0.436804,0.441236
rc_trial_a33_k3_hn05,4,1866,13866,0.627673,0.488079
rc_trial_a33_k3_hn05,4,1867,13867,0.935191,0.739012
rc_trial_a33_k3_hn05,4,1868,13868,0.941645,0.647868
rc_trial_a33_k3_hn05,4,1869,13869,0.68565,0.719704
rc_trial_a33_k3_hn05,4,1870,13870,0.977463,0.627694
rc_trial_a33_k3_hn05,4,1871,13871,0.977967,0.657481
rc_trial_a33_k3_hn05,4,1872,13872,1.03763,0.514601
rc_trial_a33_k3_hn05,4,1873,13873,0.0832352,0.158681
rc_trial_a33_k3_hn05,4,1874,13874,0.120323,0.258464
rc_trial_a33_k3_hn05,4,1875,13875,0.41521,0.17043
rc_trial_a33_k3_hn05,4,1876,13876,0.407391,0.0162174
rc_trial_a33_k3_hn05,4,1877,13877,0.198703,0.00272758
rc_trial_a33_k3_hn05,4,1878,13878,0.425962,0.0060416
rc_trial_a33_k3_hn05,4,1879,13879,0.39311,0.00953733
rc_trial_a33_k3_hn05,4,1880,13880,0.34933,0.00730102
rc_trial_a33_k3_hn05,4,1881,13881,0.310621,0.0600774
rc_trial_a33_k3_hn05,4,1882,13882,0.386797,0.379123
rc_trial_a33_k3_hn05,4,1883,13883,0.416441,0.195466
rc_trial_a33_k3_hn05,4,1884,13884,0.390247,0.2376
rc_trial_a33_k3_hn05,4,1885,13885,0.343048,0.0848599
rc_trial_a33_k3_hn05,4,1886,13886,0.329927,0.362199
rc_trial_a33_k3_hn05,4,1887,13887,0.330269,0.172233
rc_trial_a33_k3_hn05,4,1888,13888,0.291292,0.217019
rc_trial_a33_k3_hn05,4,1889,13889,0.236634,0.226578
rc_trial_a33_k3_hn05,4,1890,13890,0.26676,0.196552
rc_trial_a33_k3_hn05,4,1891,13891,0.573535,0.35373
rc_trial_a33_k3_hn05,4,1892,13892,0.569526,1.10014
rc_trial_a33_k3_hn05,4,1893,13893,0.520118,0.697933
rc_trial_a33_k3_hn05,4,1894,13894,0.568346,0.699166
rc_trial_a33_k3_hn05,4,1895,13895,0.48024,0.443545
rc_trial_a33_k3_hn05,4,1896,13896,0.459071,0.160394
rc_trial_a33_k3_hn05,4,1897,13897,0.288561,0.092993
rc_trial_a33_k3_hn05,4,1898,13898,0.30467,0.0502098
rc_trial_a33_k3_hn05,4,1899,13899,0.294395,0.0303485
rc_trial_a33_k3_hn05,4,1900,13900,0.343064,0.0396471
rc_trial_a33_k3_hn05,4,1901,13901,0.130654,0.0495439
rc_trial_a33_k3_hn05,4,1902,13902,0.273242,0.232748
rc_trial_a33_k3_hn05,4,1903,13903,0.297655,0.190927
rc_trial_a33_k3_hn05,4,1904,13904,0.255454,0.328574
rc_trial_a33_k3_hn05,4,1905,13905,0.234675,0.0900622
rc_trial_a33_k3_hn05,4,1906,13906,0.173259,0.213908
rc_trial_a33_k3_hn05,4,1907,13907,0.432381,0.108176
rc_trial_a33_k3_hn05,4,1908,13908,0.23036,0.16106
rc_trial_a33_k3_hn05,4,1909,13909,0.88424,0.678389
rc_trial_a33_k3_hn05,4,1910,13910,0.898511,0.861165
rc_trial_a33_k3_hn05,4,1911,13911,0.730274,0.539416
rc_trial_a33_k3_hn05,4,1912,13912,0.389751,0.38725
rc_trial_a33_k3_hn05,4,1913,13913,0.488905,0.345329
rc_trial_a33_k3_hn05,4,1914,13914,0.406048,0.43278
rc_trial_a33_k3_hn05,4,1915,13915,0.384173,0.226168
rc_trial_a33_k3_hn05,4,1916,13916,0.366166,0.596324
rc_trial_a33_k3_hn05,4,1917,13917,0.456398,0.886379
rc_trial_a33_k3_hn05,4,1918,13918,0.226661,0.640816
rc_trial_a33_k3_hn05,4,1919,13919,0.517778,0.743178
rc_trial_a33_k3_hn05,4,1920,13920,0.382291,0.268766
rc_trial_a33_k3_hn05,4,1921,13921,-0.161818,0.297749
rc_trial_a33_k3_hn05,4,1922,13922,-0.117227,0.425085
rc_trial_a33_k3_hn05,4,1923,13923,0.374285,0.517536
rc_trial_a33_k3_hn05,4,1924,13924,0.665568,0.297236
rc_trial_a33_k3_hn05,4,1925,13925,0.549729,0.718121
rc_trial_a33_k3_hn05,4,1926,13926,0.66349,0.420465
rc_trial_a33_k3_hn05,4,1927,13927,0.525754,0.510976
rc_trial_a33_k3_hn05,4,1928,13928,0.342189,0.331454
rc_trial_a33_k3_hn05,4,1929,13929,1.57498,0.941016
rc_trial_a33_k3_hn05,4,1930,13930,1.48048,0.824366
rc_trial_a33_k3_hn05,4,1931,13931,1.60204,0.963959
rc_trial_a33_k3_hn05,4,1932,13932,1.65987,0.845487
rc_trial_a33_k3_hn05,4,1933,13933,1.60923,1.07335
rc_trial_a33_k3_hn05,4,1934,13934,1.16687,0.759096
rc_trial_a33_k3_hn05,4,1935,13935,0.498174,0.650954
rc_trial_a33_k3_hn05,4,1936,13936,0.643472,1.19459
rc_trial_a33_k3_hn05,4,1937,13937,0.617093,0.278009
rc_trial_a33_k3_hn05,4,1938,13938,0.273137,0.183111
rc_trial_a33_k3_hn05,4,1939,13939,0.472806,0.303754
rc_trial_a33_k3_hn05,4,1940,13940,-0.0115311,0.151551
rc_trial_a33_k3_hn05,4,1941,13941,0.0684238,0.139986
rc_trial_a33_k3_hn05,4,1942,13942,0.266674,0.0240408
rc_trial_a33_k3_hn05,4,1943,13943,0.312444,0.747892
rc_trial_a33_k3_hn05,4,1944,13944,0.113285,0.108054
rc_trial_a33_k3_hn05,4,1945,13945,0.145667,0.430321
rc_trial_a33_k3_hn05,4,1946,13946,0.0281731,0.3075
rc_trial_a33_k3_hn05,4,1947,13947,0.237815,0.346879
rc_trial_a33_k3_hn05,4,1948,13948,0.0637781,0.401587
rc_trial_a33_k3_hn05,4,1949,13949,0.472704,0.318442
rc_trial_a33_k3_hn05,4,1950,13950,0.649068,0.859081
rc_trial_a33_k3_hn05,4,1951,13951,0.599721,0.672494
rc_trial_a33_k3_hn05,4,1952,13952,0.541348,0.773315
rc_trial_a33_k3_hn05,4,1953,13953,0.269853,0.155554
rc_trial_a33_k3_hn05,4,1954,13954,0.135608,0.479915
rc_trial_a33_k3_hn05,4,1955,13955,0.328074,0.0554833
rc_trial_a33_k3_hn05,4,1956,13956,0.0641633,0.0400098
rc_trial_a33_k3_hn05,4,1957,13957,0.513069,0.406227
rc_trial_a33_k3_hn05,4,1958,13958,0.173911,0.713881
rc_trial_a33_k3_hn05,4,1959,13959,0.156442,0.477992
rc_trial_a33_k3_hn05,4,1960,13960,0.181559,0.590099
rc_trial_a33_k3_hn05,4,1961,13961,0.227389,0.525396
rc_trial_a33_k3_hn05,4,1962,13962,0.15833,0.838918
rc_trial_a33_k3_hn05,4,1963,13963,0.451881,0.587035
rc_trial_a33_k3_hn05,4,1964,13964,0.501432,0.57358
rc_trial_a33_k3_hn05,4,1965,13965,0.675416,0.413932
rc_trial_a33_k3_hn05,4,1966,13966,0.0797534,0.578831
rc_trial_a33_k3_hn05,4,1967,13967,-0.275571,0.523394
rc_trial_a33_k3_hn05,4,1968,13968,-0.0234246,0.246796
rc_trial_a33_k3_hn05,4,1969,13969,-0.0749217,0.620944
rc_trial_a33_k3_hn05,4,1970,13970,-0.228165,0.670209
rc_trial_a33_k3_hn05,4,1971,13971,-0.226928,0.82412
rc_trial_a33_k3_hn05,4,1972,13972,0.27407,0.572063
rc_trial_a33_k3_hn05,4,1973,13973,0.363582,0.460941
rc_trial_a33_k3_hn05,4,1974,13974,0.600363,0.573689
rc_trial_a33_k3_hn05,4,1975,13975,0.0400711,0.453024
rc_trial_a33_k3_hn05,4,1976,13976,0.0523819,0.502556
rc_trial_a33_k3_hn05,4,1977,13977,-0.0299522,0.700795
rc_trial_a33_k3_hn05,4,1978,13978,0.371054,0.260219
rc_trial_a33_k3_hn05,4,1979,13979,0.35461,0.0475476
rc_trial_a33_k3_hn05,4,1980,13980,0.274317,0.13832
rc_trial_a33_k3_hn05,4,1981,13981,0.392581,0.422107
rc_trial_a33_k3_hn05,4,1982,13982,0.520693,0.481918
rc_trial_a33_k3_hn05,4,1983,13983,0.160024,0.880069
rc_trial_a33_k3_hn05,4,1984,13984,0.157409,1.10665
rc_trial_a33_k3_hn05,4,1985,13985,1.06859,0.743746
rc_trial_a33_k3_hn05,4,1986,13986,1.08497,0.45512
rc_trial_a33_k3_hn05,4,1987,13987,0.447666,0.28875
rc_trial_a33_k3_hn05,4,1988,13988,0.384295,0.416404
rc_trial_a33_k3_hn05,4,1989,13989,0.467386,0.439174
rc_trial_a33_k3_hn05,4,1990,13990,0.213424,0.766668
rc_trial_a33_k3_hn05,4,1991,13991,0.210098,0.567784
rc_trial_a33_k3_hn05,4,1992,13992,0.411741,0.449975
rc_trial_a33_k3_hn05,4,1993,13993,0.418793,0.188436
rc_trial_a33_k3_hn05,4,1994,13994,0.352599,0.425256
rc_trial_a33_k3_hn05,4,1995,13995,0.438123,0.543354
rc_trial_a33_k3_hn05,4,1996,13996,0.419456,0.188947
rc_trial_a33_k3_hn05,4,1997,13997,0.276911,0.0959703
rc_trial_a33_k3_hn05,4,1998,13998,0.674839,0.644653
rc_trial_a33_k3_hn05,4,1999,13999,0.417244,0.443214
rc_trial_a33_k3_hn05,4,2000,14000,1.00974,0.602197
rc_trial_a33_k3_hn05,4,2001,14001,1.21216,0.828199
rc_trial_a33_k3_hn05,4,2002,14002,1.21312,1.02634
rc_trial_a33_k3_hn05,4,2003,14003,0.718933,0.523826
rc_trial_a33_k3_hn05,4,2004,14004,0.803605,0.491528
rc_trial_a33_k3_hn05,4,2005,14005,0.81407,0.591236
rc_trial_a33_k3_hn05,4,2006,14006,0.759098,0.540477
rc_trial_a33_k3_hn05,4,2007,14007,0.674814,0.650017
rc_trial_a33_k3_hn05,4,2008,14008,0.668556,0.416385
rc_trial_a33_k3_hn05,4,2009,14009,0.597338,0.841541
rc_trial_a33_k3_hn05,4,2010,14010,0.233923,0.5928
rc_trial_a33_k3_hn05,4,2011,14011,0.238983,0.322861
rc_trial_a33_k3_hn05,4,2012,14012,0.195754,0.609314
rc_trial_a33_k3_hn05,4,2013,14013,0.207113,0.45873
rc_trial_a33_k3_hn05,4,2014,14014,0.196775,0.626465
rc_trial_a33_k3_hn05,4,2015,14015,0.332688,0.0830952
rc_trial_a33_k3_hn05,4,2016,14016,0.623286,0.384414
rc_trial_a33_k3_hn05,4,2017,14017,0.4092,0.358343
rc_trial_a33_k3_hn05,4,2018,14018,0.170872,0.229691
rc_trial_a33_k3_hn05,4,2019,14019,0.0501096,0.310194
rc_trial_a33_k3_hn05,4,2020,14020,0.123219,0.296325
rc_trial_a33_k3_hn05,4,2021,14021,-0.0976873,0.619168
rc_trial_a33_k3_hn05,4,2022,14022,-0.111621,0.548859
rc_trial_a33_k3_hn05,4,2023,14023,-0.430522,0.840131
rc_trial_a33_k3_hn05,4,2024,14024,-0.388206,0.551118
rc_trial_a33_k3_hn05,4,2025,14025,-0.458205,0.492922
rc_trial_a33_k3_hn05,4,2026,14026,-0.418221,0.71815
rc_trial_a33_k3_hn05,4,2027,14027,0.080845,0.427107
rc_trial_a33_k3_hn05,4,2028,14028,0.110169,0.283177
rc_trial_a33_k3_hn05,4,2029,14029,-0.151736,0.773137
rc_trial_a33_k3_hn05,4,2030,14030,-0.232766,1.36202
rc_trial_a33_k3_hn05,4,2031,14031,0.295785,0.176422
rc_trial_a33_k3_hn05,4,2032,14032,0.408098,0.156875
rc_trial_a33_k3_hn05,4,2033,14033,0.440727,0.160418
rc_trial_a33_k3_hn05,4,2034,14034,0.448284,0.190752
rc_trial_a33_k3_hn05,4,2035,14035,0.328089,0.220613
rc_trial_a33_k3_hn05,4,2036,14036,0.292299,0.147586
rc_trial_a33_k3_hn05,4,2037,14037,0.153532,0.34332
rc_trial_a33_k3_hn05,4,2038,14038,0.0782637,0.217181
rc_trial_a33_k3_hn05,4,2039,14039,0.145733,0.253781
rc_trial_a33_k3_hn05,4,2040,14040,0.036781,0.140992
rc_trial_a33_k3_hn05,4,2041,14041,0.154052,0.0640344
rc_trial_a33_k3_hn05,4,2042,14042,0.232675,0.193963
rc_trial_a33_k3_hn05,4,2043,14043,0.590402,0.547322
rc_trial_a33_k3_hn05,4,2044,14044,0.550431,0.438053
rc_trial_a33_k3_hn05,4,2045,14045,0.465981,0.486551
rc_trial_a33_k3_hn05,4,2046,14046,0.488369,0.30937
rc_trial_a33_k3_hn05,4,2047,14047,0.46147,0.323907
rc_trial_a33_k3_hn05,4,2048,14048,0.435128,0.330437
rc_trial_a33_k3_hn05,4,2049,14049,0.394875,0.50921400000000006
rc_trial_a33_k3_hn05,4,2050,14050,0.400626,0.937974
rc_trial_a33_k3_hn05,4,2051,14051,0.345944,0.342863
rc_trial_a33_k3_hn05,4,2052,14052,0.265993,0.0957488
rc_trial_a33_k3_hn05,4,2053,14053,0.231542,0.209855
rc_trial_a33_k3_hn05,4,2054,14054,0.0756503,0.181099
rc_trial_a33_k3_hn05,4,2055,14055,0.362481,0.127297
rc_trial_a33_k3_hn05,4,2056,14056,0.127577,0.00947496
rc_trial_a33_k3_hn05,4,2057,14057,0.207598,0.0311349
rc_trial_a33_k3_hn05,4,2058,14058,0.120142,0.105763
rc_trial_a33_k3_hn05,4,2059,14059,0.288163,0.0758236
rc_trial_a33_k3_hn05,4,2060,14060,0.488039,0.10754
rc_trial_a33_k3_hn05,4,2061,14061,0.520164,0.125706
rc_trial_a33_k3_hn05,4,2062,14062,0.537568,0.217991
rc_trial_a33_k3_hn05,4,2063,14063,0.345491,0.19814
rc_trial_a33_k3_hn05,4,2064,14064,0.26614,0.211503
rc_trial_a33_k3_hn05,4,2065,14065,0.370094,0.151511
rc_trial_a33_k3_hn05,4,2066,14066,0.378598,0.11863
rc_trial_a33_k3_hn05,4,2067,14067,0.366086,0.391889
rc_trial_a33_k3_hn05,4,2068,14068,0.536644,0.839385
rc_trial_a33_k3_hn05,4,2069,14069,0.632619,0.999867
rc_trial_a33_k3_hn05,4,2070,14070,0.214858,0.792427
rc_trial_a33_k3_hn05,4,2071,14071,0.22567,0.302985
rc_trial_a33_k3_hn05,4,2072,14072,0.203706,0.359847
rc_trial_a33_k3_hn05,4,2073,14073,0.140938,0.515692
rc_trial_a33_k3_hn05,4,2074,14074,0.0626932,0.677147
rc_trial_a33_k3_hn05,4,2075,14075,0.698665,0.534677
rc_trial_a33_k3_hn05,4,2076,14076,0.688838,0.457455
rc_trial_a33_k3_hn05,4,2077,14077,0.299403,0.257946
rc_trial_a33_k3_hn05,4,2078,14078,0.242397,0.210686
rc_trial_a33_k3_hn05,4,2079,14079,0.588463,0.406155
rc_trial_a33_k3_hn05,4,2080,14080,0.587682,0.351115
rc_trial_a33_k3_hn05,4,2081,14081,0.71765,0.5907
rc_trial_a33_k3_hn05,4,2082,14082,0.674092,0.42724
rc_trial_a33_k3_hn05,4,2083,14083,0.26418,0.224352
rc_trial_a33_k3_hn05,4,2084,14084,0.41593,1.1719
rc_trial_a33_k3_hn05,4,2085,14085,0.536106,0.624659
rc_trial_a33_k3_hn05,4,2086,14086,0.327229,0.741014
rc_trial_a33_k3_hn05,4,2087,14087,0.295712,0.348494
rc_trial_a33_k3_hn05,4,2088,14088,0.155185,0.859146
rc_trial_a33_k3_hn05,4,2089,14089,0.224046,0.205455
rc_trial_a33_k3_hn05,4,2090,14090,1.36638,0.481517
rc_trial_a33_k3_hn05,4,2091,14091,1.90538,0.64377
rc_trial_a33_k3_hn05,4,2092,14092,2.00493,1.48069
rc_trial_a33_k3_hn05,4,2093,14093,1.96493,0.710746
rc_trial_a33_k3_hn05,4,2094,14094,1.83529,0.543739
rc_trial_a33_k3_hn05,4,2095,14095,1.51602,0.664331
rc_trial_a33_k3_hn05,4,2096,14096,1.52609,0.687774
rc_trial_a33_k3_hn05,4,2097,14097,1.57601,0.704828
rc_trial_a33_k3_hn05,4,2098,14098,0.774013,0.256732
rc_trial_a33_k3_hn05,4,2099,14099,0.703546,0.24941
rc_trial_a33_k3_hn05,4,2100,14100,0.684346,0.217653
rc_trial_a33_k3_hn05,4,2101,14101,0.428646,0.246231
rc_trial_a33_k3_hn05,4,2102,14102,0.374434,0.274442
rc_trial_a33_k3_hn05,4,2103,14103,0.396673,0.293544
rc_trial_a33_k3_hn05,4,2104,14104,0.301441,0.456631
rc_trial_a33_k3_hn05,4,2105,14105,0.158246,0.329167
rc_trial_a33_k3_hn05,4,2106,14106,0.401267,0.0944551
rc_trial_a33_k3_hn05,4,2107,14107,0.243749,0.10518
rc_trial_a33_k3_hn05,4,2108,14108,0.521062,0.08633
rc_trial_a33_k3_hn05,4,2109,14109,0.402364,0.063937
rc_trial_a33_k3_hn05,4,2110,14110,0.0896744,0.166919
rc_trial_a33_k3_hn05,4,2111,14111,0.0455647,0.207704
rc_trial_a33_k3_hn05,4,2112,14112,0.678369,0.166596
rc_trial_a33_k3_hn05,4,2113,14113,0.588895,0.158247
rc_trial_a33_k3_hn05,4,2114,14114,0.51457,0.495502
rc_trial_a33_k3_hn05,4,2115,14115,0.424761,0.373213
rc_trial_a33_k3_hn05,4,2116,14116,0.478817,0.862517
rc_trial_a33_k3_hn05,4,2117,14117,0.107146,0.298039
rc_trial_a33_k3_hn05,4,2118,14118,0.111288,0.0852826
rc_trial_a33_k3_hn05,4,2119,14119,0.0384361,0.0579368
rc_trial_a33_k3_hn05,4,2120,14120,0.635426,1.00639
rc_trial_a33_k3_hn05,4,2121,14121,0.343723,0.266236
rc_trial_a33_k3_hn05,4,2122,14122,0.399915,0.468656
rc_trial_a33_k3_hn05,4,2123,14123,0.584871,0.272008
rc_trial_a33_k3_hn05,4,2124,14124,0.359626,0.435898
rc_trial_a33_k3_hn05,4,2125,14125,0.48699,0.322041
rc_trial_a33_k3_hn05,4,2126,14126,-0.282414,0.816368
rc_trial_a33_k3_hn05,4,2127,14127,-0.324936,1.2547
rc_trial_a33_k3_hn05,4,2128,14128,-0.604133,0.690165
rc_trial_a33_k3_hn05,4,2129,14129,-0.570388,0.798931
rc_trial_a33_k3_hn05,4,2130,14130,-0.552558,0.960905
rc_trial_a33_k3_hn05,4,2131,14131,-0.579349,0.906744
rc_trial_a33_k3_hn05,4,2132,14132,-0.682402,0.585456
rc_trial_a33_k3_hn05,4,2133,14133,-0.442751,0.563681
rc_trial_a33_k3_hn05,4,2134,14134,0.169024,0.443739
rc_trial_a33_k3_hn05,4,2135,14135,0.305018,0.0663944
rc_trial_a33_k3_hn05,4,2136,14136,0.172806,0.10091
rc_trial_a33_k3_hn05,4,2137,14137,-0.0140831,0.215671
rc_trial_a33_k3_hn05,4,2138,14138,0.458553,0.261286
rc_trial_a33_k3_hn05,4,2139,14139,-0.0149597,0.478264
rc_trial_a33_k3_hn05,4,2140,14140,0.180856,0.278579
rc_trial_a33_k3_hn05,4,2141,14141,0.509124,0.168445
rc_trial_a33_k3_hn05,4,2142,14142,0.335354,0.388281
rc_trial_a33_k3_hn05,4,2143,14143,0.131719,0.175657
rc_trial_a33_k3_hn05,4,2144,14144,0.246466,0.365837
rc_trial_a33_k3_hn05,4,2145,14145,0.682339,0.440875
rc_trial_a33_k3_hn05,4,2146,14146,0.923817,0.594077
rc_trial_a33_k3_hn05,4,2147,14147,0.611978,0.43516
rc_trial_a33_k3_hn05,4,2148,14148,0.389435,0.033204
rc_trial_a33_k3_hn05,4,2149,14149,0.221648,0.03206
rc_trial_a33_k3_hn05,4,2150,14150,0.507005,0.458497
rc_trial_a33_k3_hn05,4,2151,14151,0.170683,0.114407
rc_trial_a33_k3_hn05,4,2152,14152,0.152302,0.173202
rc_trial_a33_k3_hn05,4,2153,14153,0.380365,0.336468
rc_trial_a33_k3_hn05,4,2154,14154,0.391569,0.428339
rc_trial_a33_k3_hn05,4,2155,14155,-0.133041,0.506676
rc_trial_a33_k3_hn05,4,2156,14156,0.00828446,0.812212
rc_trial_a33_k3_hn05,4,2157,14157,-0.085679,0.716558
rc_trial_a33_k3_hn05,4,2158,14158,0.0528466,0.369922
rc_trial_a33_k3_hn05,4,2159,14159,0.081239,0.41486
rc_trial_a33_k3_hn05,4,2160,14160,0.0820243,0.411111
rc_trial_a33_k3_hn05,4,2161,14161,0.311807,0.378992
rc_trial_a33_k3_hn05,4,2162,14162,0.20969,0.450544
rc_trial_a33_k3_hn05,4,2163,14163,0.145566,0.663538
rc_trial_a33_k3_hn05,4,2164,14164,-0.110162,0.481184
rc_trial_a33_k3_hn05,4,2165,14165,0.20237,0.286106
rc_trial_a33_k3_hn05,4,2166,14166,0.214479,0.108894
rc_trial_a33_k3_hn05,4,2167,14167,0.279047,0.0340287
rc_trial_a33_k3_hn05,4,2168,14168,0.11944,0.0269197
rc_trial_a33_k3_hn05,4,2169,14169,0.38123,0.0445959
rc_trial_a33_k3_hn05,4,2170,14170,0.405932,0.360523
rc_trial_a33_k3_hn05,4,2171,14171,0.249356,0.0800787
rc_trial_a33_k3_hn05,4,2172,14172,-0.141757,0.554178
rc_trial_a33_k3_hn05,4,2173,14173,0.0556509,1.07502
rc_trial_a33_k3_hn05,4,2174,14174,0.534098,0.318412
rc_trial_a33_k3_hn05,4,2175,14175,-0.245394,0.690088
rc_trial_a33_k3_hn05,4,2176,14176,-0.312298,0.53875
rc_trial_a33_k3_hn05,4,2177,14177,0.00568596,0.675677
rc_trial_a33_k3_hn05,4,2178,14178,0.0647641,0.641801
rc_trial_a33_k3_hn05,4,2179,14179,0.16015,0.750089
rc_trial_a33_k3_hn05,4,2180,14180,0.589442,0.867479
rc_trial_a33_k3_hn05,4,2181,14181,0.631528,0.986215
rc_trial_a33_k3_hn05,4,2182,14182,0.598849,0.96337
rc_trial_a33_k3_hn05,4,2183,14183,0.293496,0.464522
rc_trial_a33_k3_hn05,4,2184,14184,0.427598,0.456072
rc_trial_a33_k3_hn05,4,2185,14185,0.685809,0.238001
rc_trial_a33_k3_hn05,4,2186,14186,0.635861,1.20792
rc_trial_a33_k3_hn05,4,2187,14187,0.859676,0.4854
rc_trial_a33_k3_hn05,4,2188,14188,0.520922,0.572457
rc_trial_a33_k3_hn05,4,2189,14189,0.545998,0.639712
rc_trial_a33_k3_hn05,4,2190,14190,0.534077,0.697946
rc_trial_a33_k3_hn05,4,2191,14191,0.584182,0.292389
rc_trial_a33_k3_hn05,4,2192,14192,0.589197,0.257821
rc_trial_a33_k3_hn05,4,2193,14193,0.66505,0.50719
rc_trial_a33_k3_hn05,4,2194,14194,0.666057,0.599783
rc_trial_a33_k3_hn05,4,2195,14195,0.90766,0.558208
rc_trial_a33_k3_hn05,4,2196,14196,0.38956,0.117029
rc_trial_a33_k3_hn05,4,2197,14197,0.108261,0.189379
rc_trial_a33_k3_hn05,4,2198,14198,0.16116,0.184292
rc_trial_a33_k3_hn05,4,2199,14199,0.403176,0.246581
rc_trial_a33_k3_hn05,4,2200,14200,0.621157,0.475445
rc_trial_a33_k3_hn05,4,2201,14201,0.752377,0.563985
rc_trial_a33_k3_hn05,4,2202,14202,0.433634,0.576831
rc_trial_a33_k3_hn05,4,2203,14203,0.534889,0.427434
rc_trial_a33_k3_hn05,4,2204,14204,0.187737,0.827935
rc_trial_a33_k3_hn05,4,2205,14205,0.206985,0.871844
rc_trial_a33_k3_hn05,4,2206,14206,0.291007,0.115263
rc_trial_a33_k3_hn05,4,2207,14207,0.294108,0.0818079
rc_trial_a33_k3_hn05,4,2208,14208,0.193866,0.0435136
rc_trial_a33_k3_hn05,4,2209,14209,0.434867,0.166757
rc_trial_a33_k3_hn05,4,2210,14210,0.372021,0.351029
rc_trial_a33_k3_hn05,4,2211,14211,0.274002,0.15596
rc_trial_a33_k3_hn05,4,2212,14212,0.0125396,0.261383
rc_trial_a33_k3_hn05,4,2213,14213,0.435488,0.255922
rc_trial_a33_k3_hn05,4,2214,14214,0.442416,0.252417
rc_trial_a33_k3_hn05,4,2215,14215,0.528116,0.26967
rc_trial_a33_k3_hn05,4,2216,14216,0.509965,0.373483
rc_trial_a33_k3_hn05,4,2217,14217,0.144648,0.298343
rc_trial_a33_k3_hn05,4,2218,14218,0.295676,0.275667
rc_trial_a33_k3_hn05,4,2219,14219,-0.338485,0.477292
rc_trial_a33_k3_hn05,4,2220,14220,-0.428142,0.439805
rc_trial_a33_k3_hn05,4,2221,14221,0.248377,0.431687
rc_trial_a33_k3_hn05,4,2222,14222,0.257435,0.279755
rc_trial_a33_k3_hn05,4,2223,14223,0.286652,0.397832
rc_trial_a33_k3_hn05,4,2224,14224,0.33623,0.0992639
rc_trial_a33_k3_hn05,4,2225,14225,0.19625,0.19941
rc_trial_a33_k3_hn05,4,2226,14226,0.105994,0.543897
rc_trial_a33_k3_hn05,4,2227,14227,0.367761,0.591218
rc_trial_a33_k3_hn05,4,2228,14228,0.0964019,0.564449
rc_trial_a33_k3_hn05,4,2229,14229,0.106725,0.433109
rc_trial_a33_k3_hn05,4,2230,14230,0.0242861,0.362382
rc_trial_a33_k3_hn05,4,2231,14231,0.0390142,0.474064
rc_trial_a33_k3_hn05,4,2232,14232,0.264064,0.971987
rc_trial_a33_k3_hn05,4,2233,14233,0.139704,0.751804
rc_trial_a33_k3_hn05,4,2234,14234,0.143925,0.649926
rc_trial_a33_k3_hn05,4,2235,14235,0.469097,0.592676
rc_trial_a33_k3_hn05,4,2236,14236,0.548567,0.735249
rc_trial_a33_k3_hn05,4,2237,14237,0.493498,0.512376
rc_trial_a33_k3_hn05,4,2238,14238,0.199268,0.458134
rc_trial_a33_k3_hn05,4,2239,14239,0.237679,0.323244
rc_trial_a33_k3_hn05,4,2240,14240,0.315771,0.223785
rc_trial_a33_k3_hn05,4,2241,14241,1.16209,1.06879
rc_trial_a33_k3_hn05,4,2242,14242,0.345963,0.363431
rc_trial_a33_k3_hn05,4,2243,14243,0.210383,0.533644
rc_trial_a33_k3_hn05,4,2244,14244,0.0679722,0.37392
rc_trial_a33_k3_hn05,4,2245,14245,0.0663487,0.354685
rc_trial_a33_k3_hn05,4,2246,14246,0.145944,0.442077
rc_trial_a33_k3_hn05,4,2247,14247,0.10527,0.374072
rc_trial_a33_k3_hn05,4,2248,14248,0.23686,0.461616
rc_trial_a33_k3_hn05,4,2249,14249,0.215837,0.519774
rc_trial_a33_k3_hn05,4,2250,14250,0.232804,0.589271
rc_trial_a33_k3_hn05,4,2251,14251,0.0479419,0.737207
rc_trial_a33_k3_hn05,4,2252,14252,0.146829,0.552685
rc_trial_a33_k3_hn05,4,2253,14253,0.455919,0.472528
rc_trial_a33_k3_hn05,4,2254,14254,0.187084,0.367592
rc_trial_a33_k3_hn05,4,2255,14255,0.223275,0.195473
rc_trial_a33_k3_hn05,4,2256,14256,0.204945,0.244005
rc_trial_a33_k3_hn05,4,2257,14257,0.560173,0.741123
rc_trial_a33_k3_hn05,4,2258,14258,0.518325,0.706351
rc_trial_a33_k3_hn05,4,2259,14259,0.458273,0.357101
rc_trial_a33_k3_hn05,4,2260,14260,0.382555,0.775095
rc_trial_a33_k3_hn05,4,2261,14261,0.41851,0.910532
rc_trial_a33_k3_hn05,4,2262,14262,0.345104,0.23263
rc_trial_a33_k3_hn05,4,2263,14263,0.393217,0.371628
rc_trial_a33_k3_hn05,4,2264,14264,0.650312,0.558022
rc_trial_a33_k3_hn05,4,2265,14265,0.448152,0.737957
rc_trial_a33_k3_hn05,4,2266,14266,-0.117456,0.241198
rc_trial_a33_k3_hn05,4,2267,14267,0.374494,0.13737
rc_trial_a33_k3_hn05,4,2268,14268,0.310695,0.201035
rc_trial_a33_k3_hn05,4,2269,14269,0.0340641,0.270349
rc_trial_a33_k3_hn05,4,2270,14270,0.328344,0.177659
rc_trial_a33_k3_hn05,4,2271,14271,0.122734,0.416307
rc_trial_a33_k3_hn05,4,2272,14272,0.128636,0.286718
rc_trial_a33_k3_hn05,4,2273,14273,0.259494,0.412242
rc_trial_a33_k3_hn05,4,2274,14274,0.0164929,0.355065
rc_trial_a33_k3_hn05,4,2275,14275,0.040015,0.104758
rc_trial_a33_k3_hn05,4,2276,14276,0.379719,0.0583191
rc_trial_a33_k3_hn05,4,2277,14277,-0.175033,0.365745
rc_trial_a33_k3_hn05,4,2278,14278,0.205333,0.0489784
rc_trial_a33_k3_hn05,4,2279,14279,0.295987,0.0127561
rc_trial_a33_k3_hn05,4,2280,14280,0.365477,0.017296
rc_trial_a33_k3_hn05,4,2281,14281,0.329919,0.0757104
rc_trial_a33_k3_hn05,4,2282,14282,0.271077,0.207674
rc_trial_a33_k3_hn05,4,2283,14283,0.371412,0.203345
rc_trial_a33_k3_hn05,4,2284,14284,0.403987,0.597369
rc_trial_a33_k3_hn05,4,2285,14285,0.418473,0.277257
rc_trial_a33_k3_hn05,4,2286,14286,0.537928,0.607157
rc_trial_a33_k3_hn05,4,2287,14287,0.253836,0.0459558
rc_trial_a33_k3_hn05,4,2288,14288,0.361701,0.0882099
rc_trial_a33_k3_hn05,4,2289,14289,0.0983875,0.125406
rc_trial_a33_k3_hn05,4,2290,14290,0.191734,0.139338
rc_trial_a33_k3_hn05,4,2291,14291,0.0154279,0.188277
rc_trial_a33_k3_hn05,4,2292,14292,-0.024164,0.225711
rc_trial_a33_k3_hn05,4,2293,14293,0.239784,0.126309
rc_trial_a33_k3_hn05,4,2294,14294,0.0104694,0.0980943
rc_trial_a33_k3_hn05,4,2295,14295,0.542897,0.50216
rc_trial_a33_k3_hn05,4,2296,14296,0.579002,0.385313
rc_trial_a33_k3_hn05,4,2297,14297,0.935137,0.624493
rc_trial_a33_k3_hn05,4,2298,14298,0.599573,0.287604
rc_trial_a33_k3_hn05,4,2299,14299,0.511817,0.171543
rc_trial_a33_k3_hn05,4,2300,14300,0.656587,0.267648
rc_trial_a33_k3_hn05,4,2301,14301,0.996844,0.414859
rc_trial_a33_k3_hn05,4,2302,14302,0.329046,0.814216
rc_trial_a33_k3_hn05,4,2303,14303,0.290846,0.201884
rc_trial_a33_k3_hn05,4,2304,14304,0.497069,0.226249
rc_trial_a33_k3_hn05,4,2305,14305,0.319967,0.304495
rc_trial_a33_k3_hn05,4,2306,14306,0.577733,0.587366
rc_trial_a33_k3_hn05,4,2307,14307,0.885662,0.645552
rc_trial_a33_k3_hn05,4,2308,14308,0.360935,0.951344
rc_trial_a33_k3_hn05,4,2309,14309,0.202695,0.973183
rc_trial_a33_k3_hn05,4,2310,14310,0.497166,0.233151
rc_trial_a33_k3_hn05,4,2311,14311,0.175024,0.897942
rc_trial_a33_k3_hn05,4,2312,14312,0.0921892,0.360173
rc_trial_a33_k3_hn05,4,2313,14313,0.400699,0.787152
rc_trial_a33_k3_hn05,4,2314,14314,0.315187,0.481384
rc_trial_a33_k3_hn05,4,2315,14315,0.197078,0.298491
rc_trial_a33_k3_hn05,4,2316,14316,0.468312,0.290045
rc_trial_a33_k3_hn05,4,2317,14317,0.380599,0.498868
rc_trial_a33_k3_hn05,4,2318,14318,0.325584,0.499433
rc_trial_a33_k3_hn05,4,2319,14319,0.325668,0.530921
rc_trial_a33_k3_hn05,4,2320,14320,0.303132,0.326947
rc_trial_a33_k3_hn05,4,2321,14321,0.35107,0.468066
rc_trial_a33_k3_hn05,4,2322,14322,0.478601,0.570922
rc_trial_a33_k3_hn05,4,2323,14323,0.441715,0.160437
rc_trial_a33_k3_hn05,4,2324,14324,0.569643,0.327937
rc_trial_a33_k3_hn05,4,2325,14325,0.479431,0.533173
rc_trial_a33_k3_hn05,4,2326,14326,0.57306,0.790373
rc_trial_a33_k3_hn05,4,2327,14327,0.581453,0.665075
rc_trial_a33_k3_hn05,4,2328,14328,0.629112,1.20979
rc_trial_a33_k3_hn05,4,2329,14329,0.217668,0.259324
rc_trial_a33_k3_hn05,4,2330,14330,0.0688203,0.607474
rc_trial_a33_k3_hn05,4,2331,14331,0.144941,0.404286
rc_trial_a33_k3_hn05,4,2332,14332,0.0766275,0.563705
rc_trial_a33_k3_hn05,4,2333,14333,0.0400795,0.791924
rc_trial_a33_k3_hn05,4,2334,14334,0.0948006,0.210465
rc_trial_a33_k3_hn05,4,2335,14335,0.197713,0.501636
rc_trial_a33_k3_hn05,4,2336,14336,0.190809,0.255696
rc_trial_a33_k3_hn05,4,2337,14337,0.373287,0.392091
rc_trial_a33_k3_hn05,4,2338,14338,0.213785,0.182643
rc_trial_a33_k3_hn05,4,2339,14339,0.137884,0.255241
rc_trial_a33_k3_hn05,4,2340,14340,0.180095,0.0155294
rc_trial_a33_k3_hn05,4,2341,14341,0.208298,0.0143839
rc_trial_a33_k3_hn05,4,2342,14342,0.281273,0.383062
rc_trial_a33_k3_hn05,4,2343,14343,0.458455,0.309957
rc_trial_a33_k3_hn05,4,2344,14344,0.308976,0.253494
rc_trial_a33_k3_hn05,4,2345,14345,0.0207324,0.476947
rc_trial_a33_k3_hn05,4,2346,14346,-0.106616,0.20869
rc_trial_a33_k3_hn05,4,2347,14347,-0.0169245,0.251721
rc_trial_a33_k3_hn05,4,2348,14348,0.274305,0.336867
rc_trial_a33_k3_hn05,4,2349,14349,0.174134,0.843271
rc_trial_a33_k3_hn05,4,2350,14350,0.0987113,0.187306
rc_trial_a33_k3_hn05,4,2351,14351,0.180811,0.193108
rc_trial_a33_k3_hn05,4,2352,14352,0.286805,0.0242791
rc_trial_a33_k3_hn05,4,2353,14353,-0.114778,0.277962
rc_trial_a33_k3_hn05,4,2354,14354,0.465324,0.243047
rc_trial_a33_k3_hn05,4,2355,14355,0.687157,0.907664
rc_trial_a33_k3_hn05,4,2356,14356,0.584278,0.516723
rc_trial_a33_k3_hn05,4,2357,14357,0.500663,0.346015
rc_trial_a33_k3_hn05,4,2358,14358,0.227531,0.11977
rc_trial_a33_k3_hn05,4,2359,14359,0.381102,0.366533
rc_trial_a33_k3_hn05,4,2360,14360,0.365955,0.354479
rc_trial_a33_k3_hn05,4,2361,14361,0.369695,0.0927426
rc_trial_a33_k3_hn05,4,2362,14362,0.168366,0.24609
rc_trial_a33_k3_hn05,4,2363,14363,0.505261,0.231146
rc_trial_a33_k3_hn05,4,2364,14364,0.296127,0.842538
rc_trial_a33_k3_hn05,4,2365,14365,0.0451894,0.621571
rc_trial_a33_k3_hn05,4,2366,14366,0.0723786,0.928476
rc_trial_a33_k3_hn05,4,2367,14367,-0.0660392,0.558522
rc_trial_a33_k3_hn05,4,2368,14368,0.822497,0.421407
rc_trial_a33_k3_hn05,4,2369,14369,0.719167,0.33969
rc_trial_a33_k3_hn05,4,2370,14370,1.13853,0.723099
rc_trial_a33_k3_hn05,4,2371,14371,1.08574,0.597277
rc_trial_a33_k3_hn05,4,2372,14372,0.313242,0.247877
rc_trial_a33_k3_hn05,4,2373,14373,0.157579,0.197039
rc_trial_a33_k3_hn05,4,2374,14374,0.626109,0.391031
rc_trial_a33_k3_hn05,4,2375,14375,0.70163,0.480084
rc_trial_a33_k3_hn05,4,2376,14376,0.684867,0.39743
rc_trial_a33_k3_hn05,4,2377,14377,0.538461,0.465987
rc_trial_a33_k3_hn05,4,2378,14378,0.414894,0.431463
rc_trial_a33_k3_hn05,4,2379,14379,0.882403,0.701387
rc_trial_a33_k3_hn05,4,2380,14380,0.683442,0.395665
rc_trial_a33_k3_hn05,4,2381,14381,0.424192,0.389561
rc_trial_a33_k3_hn05,4,2382,14382,0.341626,0.698493
rc_trial_a33_k3_hn05,4,2383,14383,0.187237,1.33992
rc_trial_a33_k3_hn05,4,2384,14384,0.613458,0.550664
rc_trial_a33_k3_hn05,4,2385,14385,0.524748,0.536474
rc_trial_a33_k3_hn05,4,2386,14386,0.709842,0.84253
rc_trial_a33_k3_hn05,4,2387,14387,0.326954,0.292531
rc_trial_a33_k3_hn05,4,2388,14388,0.765559,0.561558
rc_trial_a33_k3_hn05,4,2389,14389,0.417829,0.819649
rc_trial_a33_k3_hn05,4,2390,14390,0.430766,0.894444
rc_trial_a33_k3_hn05,4,2391,14391,0.551397,0.34785
rc_trial_a33_k3_hn05,4,2392,14392,-0.0239202,0.810878
rc_trial_a33_k3_hn05,4,2393,14393,-0.0513482,0.816851
rc_trial_a33_k3_hn05,4,2394,14394,0.105752,0.510115
rc_trial_a33_k3_hn05,4,2395,14395,0.647521,0.728381
rc_trial_a33_k3_hn05,4,2396,14396,0.847602,0.556406
rc_trial_a33_k3_hn05,4,2397,14397,0.381156,0.141753
rc_trial_a33_k3_hn05,4,2398,14398,0.163785,0.483076
rc_trial_a33_k3_hn05,4,2399,14399,0.445109,0.647203
rc_trial_a33_k3_hn05,4,2400,14400,0.573818,0.442949
rc_trial_a33_k3_hn05,4,2401,14401,0.233786,0.207721
rc_trial_a33_k3_hn05,4,2402,14402,0.223769,0.224956
rc_trial_a33_k3_hn05,4,2403,14403,0.392096,0.259852
rc_trial_a33_k3_hn05,4,2404,14404,0.262076,0.108461
rc_trial_a33_k3_hn05,4,2405,14405,0.243703,0.132373
rc_trial_a33_k3_hn05,4,2406,14406,0.25602,0.148557
rc_trial_a33_k3_hn05,4,2407,14407,0.387176,0.300039
rc_trial_a33_k3_hn05,4,2408,14408,0.546684,0.222287
rc_trial_a33_k3_hn05,4,2409,14409,0.274066,0.028761
rc_trial_a33_k3_hn05,4,2410,14410,0.170142,0.0824131
rc_trial_a33_k3_hn05,4,2411,14411,0.610411,0.274846
rc_trial_a33_k3_hn05,4,2412,14412,0.6861,0.289744
rc_trial_a33_k3_hn05,4,2413,14413,0.690691,0.247006
rc_trial_a33_k3_hn05,4,2414,14414,0.0753678,0.192829
rc_trial_a33_k3_hn05,4,2415,14415,0.19226,0.145501
rc_trial_a33_k3_hn05,4,2416,14416,0.467788,0.248107
rc_trial_a33_k3_hn05,4,2417,14417,0.324577,0.0379781
rc_trial_a33_k3_hn05,4,2418,14418,0.136476,0.0737362
rc_trial_a33_k3_hn05,4,2419,14419,0.031706,0.148253
rc_trial_a33_k3_hn05,4,2420,14420,0.431705,0.0827732
rc_trial_a33_k3_hn05,4,2421,14421,0.322637,0.0610636
rc_trial_a33_k3_hn05,4,2422,14422,0.157797,0.18863
rc_trial_a33_k3_hn05,4,2423,14423,0.277958,0.0960239
rc_trial_a33_k3_hn05,4,2424,14424,0.183847,0.0993459
rc_trial_a33_k3_hn05,4,2425,14425,0.240915,0.459871
rc_trial_a33_k3_hn05,4,2426,14426,0.336203,0.257264
rc_trial_a33_k3_hn05,4,2427,14427,0.261172,0.141645
rc_trial_a33_k3_hn05,4,2428,14428,0.264302,0.147683
rc_trial_a33_k3_hn05,4,2429,14429,0.380112,0.347678
rc_trial_a33_k3_hn05,4,2430,14430,0.356492,0.333265
rc_trial_a33_k3_hn05,4,2431,14431,0.706635,0.319571
rc_trial_a33_k3_hn05,4,2432,14432,0.651292,0.364502
rc_trial_a33_k3_hn05,4,2433,14433,0.39407,0.161264
rc_trial_a33_k3_hn05,4,2434,14434,0.446984,0.220589
rc_trial_a33_k3_hn05,4,2435,14435,0.53362,0.371445
rc_trial_a33_k3_hn05,4,2436,14436,0.199824,0.466798
rc_trial_a33_k3_hn05,4,2437,14437,0.274505,0.750444
rc_trial_a33_k3_hn05,4,2438,14438,0.24661,0.128274
rc_trial_a33_k3_hn05,4,2439,14439,0.514293,0.431075
rc_trial_a33_k3_hn05,4,2440,14440,0.254395,0.0337669
rc_trial_a33_k3_hn05,4,2441,14441,0.581566,0.589196
rc_trial_a33_k3_hn05,4,2442,14442,0.588015,0.88508
rc_trial_a33_k3_hn05,4,2443,14443,0.52829,0.898279
rc_trial_a33_k3_hn05,4,2444,14444,0.543257,0.712589
rc_trial_a33_k3_hn05,4,2445,14445,0.61009,0.58524
rc_trial_a33_k3_hn05,4,2446,14446,0.479322,0.376759
rc_trial_a33_k3_hn05,4,2447,14447,0.362746,0.25255
rc_trial_a33_k3_hn05,4,2448,14448,0.271158,0.383479
rc_trial_a33_k3_hn05,4,2449,14449,0.292605,0.155316
rc_trial_a33_k3_hn05,4,2450,14450,0.228313,0.272771
rc_trial_a33_k3_hn05,4,2451,14451,0.567172,0.732001
rc_trial_a33_k3_hn05,4,2452,14452,0.168711,0.222567
rc_trial_a33_k3_hn05,4,2453,14453,0.136436,0.113837
rc_trial_a33_k3_hn05,4,2454,14454,0.448373,0.211839
rc_trial_a33_k3_hn05,4,2455,14455,-0.120814,0.582825
rc_trial_a33_k3_hn05,4,2456,14456,0.0136024,0.338315
rc_trial_a33_k3_hn05,4,2457,14457,0.489984,0.361
rc_trial_a33_k3_hn05,4,2458,14458,0.399486,0.968257
rc_trial_a33_k3_hn05,4,2459,14459,0.115854,0.342663
rc_trial_a33_k3_hn05,4,2460,14460,0.387122,0.362578
rc_trial_a33_k3_hn05,4,2461,14461,0.652752,0.268629
rc_trial_a33_k3_hn05,4,2462,14462,0.662822,1.21691
rc_trial_a33_k3_hn05,4,2463,14463,0.23728,0.240704
rc_trial_a33_k3_hn05,4,2464,14464,0.427203,0.767812
rc_trial_a33_k3_hn05,4,2465,14465,0.314602,0.329927
rc_trial_a33_k3_hn05,4,2466,14466,0.165292,0.322405
rc_trial_a33_k3_hn05,4,2467,14467,0.584257,0.868686
rc_trial_a33_k3_hn05,4,2468,14468,0.305145,0.426114
rc_trial_a33_k3_hn05,4,2469,14469,0.100107,0.564346
rc_trial_a33_k3_hn05,4,2470,14470,0.0960964,0.334814
rc_trial_a33_k3_hn05,4,2471,14471,0.686761,0.409974
rc_trial_a33_k3_hn05,4,2472,14472,0.968824,0.578114
rc_trial_a33_k3_hn05,4,2473,14473,1.23891,0.830237
rc_trial_a33_k3_hn05,4,2474,14474,0.679706,0.410014
rc_trial_a33_k3_hn05,4,2475,14475,1.01547,0.510862
rc_trial_a33_k3_hn05,4,2476,14476,1.04625,0.726567
rc_trial_a33_k3_hn05,4,2477,14477,0.912754,0.945864
rc_trial_a33_k3_hn05,4,2478,14478,0.618962,0.419854
rc_trial_a33_k3_hn05,4,2479,14479,0.554599,0.535426
rc_trial_a33_k3_hn05,4,2480,14480,0.690375,0.363707
rc_trial_a33_k3_hn05,4,2481,14481,0.946435,0.775163
rc_trial_a33_k3_hn05,4,2482,14482,0.559139,0.605714
rc_trial_a33_k3_hn05,4,2483,14483,0.429692,0.411848
rc_trial_a33_k3_hn05,4,2484,14484,0.278332,0.26664
rc_trial_a33_k3_hn05,4,2485,14485,0.636121,0.610575
rc_trial_a33_k3_hn05,4,2486,14486,0.615245,0.379491
rc_trial_a33_k3_hn05,4,2487,14487,0.645426,0.456017
rc_trial_a33_k3_hn05,4,2488,14488,0.767992,0.752426
rc_trial_a33_k3_hn05,4,2489,14489,0.238971,0.443391
rc_trial_a33_k3_hn05,4,2490,14490,0.176,0.794655
rc_trial_a33_k3_hn05,4,2491,14491,0.182561,0.947978
rc_trial_a33_k3_hn05,4,2492,14492,0.238715,0.250073
rc_trial_a33_k3_hn05,4,2493,14493,0.232809,0.0588166
rc_trial_a33_k3_hn05,4,2494,14494,0.302307,0.0991628
rc_trial_a33_k3_hn05,4,2495,14495,0.268552,0.105387
rc_trial_a33_k3_hn05,4,2496,14496,0.190876,0.0584777
rc_trial_a33_k3_hn05,4,2497,14497,0.248079,0.0481405
rc_trial_a33_k3_hn05,4,2498,14498,0.425002,0.191902
rc_trial_a33_k3_hn05,4,2499,14499,0.239754,0.00814279
rc_trial_a33_k3_hn05,4,2500,14500,0.279392,0.0148718
rc_trial_a33_k3_hn05,4,2501,14501,0.284834,0.0789883
rc_trial_a33_k3_hn05,4,2502,14502,0.226839,0.0746034
rc_trial_a33_k3_hn05,4,2503,14503,0.407823,0.187705
rc_trial_a33_k3_hn05,4,2504,14504,0.139178,0.349803
rc_trial_a33_k3_hn05,4,2505,14505,0.251262,0.695731
rc_trial_a33_k3_hn05,4,2506,14506,0.289024,0.796519
rc_trial_a33_k3_hn05,4,2507,14507,0.59306,0.764835
rc_trial_a33_k3_hn05,4,2508,14508,0.306071,0.499788
rc_trial_a33_k3_hn05,4,2509,14509,0.495313,0.992911
rc_trial_a33_k3_hn05,4,2510,14510,0.49028,0.638181
rc_trial_a33_k3_hn05,4,2511,14511,0.576684,0.471798
rc_trial_a33_k3_hn05,4,2512,14512,0.334239,0.380714
rc_trial_a33_k3_hn05,4,2513,14513,0.289517,0.467429
rc_trial_a33_k3_hn05,4,2514,14514,0.438768,0.825423
rc_trial_a33_k3_hn05,4,2515,14515,-0.678184,0.698356
rc_trial_a33_k3_hn05,4,2516,14516,-0.0514395,0.849405
rc_trial_a33_k3_hn05,4,2517,14517,0.0967508,0.318684
rc_trial_a33_k3_hn05,4,2518,14518,0.628457,0.728425
rc_trial_a33_k3_hn05,4,2519,14519,0.618766,0.649998
rc_trial_a33_k3_hn05,4,2520,14520,0.391433,0.57647
rc_trial_a33_k3_hn05,4,2521,14521,0.336041,0.409552
rc_trial_a33_k3_hn05,4,2522,14522,0.33865,0.492034
rc_trial_a33_k3_hn05,4,2523,14523,0.352951,0.422638
rc_trial_a33_k3_hn05,4,2524,14524,0.392046,0.370346
rc_trial_a33_k3_hn05,4,2525,14525,0.618238,0.353543
rc_trial_a33_k3_hn05,4,2526,14526,0.552967,0.295277
rc_trial_a33_k3_hn05,4,2527,14527,0.225444,0.212148
rc_trial_a33_k3_hn05,4,2528,14528,0.423398,0.328359
rc_trial_a33_k3_hn05,4,2529,14529,0.314837,0.418753
rc_trial_a33_k3_hn05,4,2530,14530,0.251617,0.467559
rc_trial_a33_k3_hn05,4,2531,14531,0.168088,0.305132
rc_trial_a33_k3_hn05,4,2532,14532,0.479233,0.484737
rc_trial_a33_k3_hn05,4,2533,14533,0.357942,0.686397
rc_trial_a33_k3_hn05,4,2534,14534,0.391837,0.289547
rc_trial_a33_k3_hn05,4,2535,14535,0.417765,0.955894
rc_trial_a33_k3_hn05,4,2536,14536,0.388481,0.742226
rc_trial_a33_k3_hn05,4,2537,14537,0.34836,0.708957
rc_trial_a33_k3_hn05,4,2538,14538,0.154154,0.151701
rc_trial_a33_k3_hn05,4,2539,14539,0.111147,0.341691
rc_trial_a33_k3_hn05,4,2540,14540,0.139131,0.413623
rc_trial_a33_k3_hn05,4,2541,14541,0.228514,0.00974488
rc_trial_a33_k3_hn05,4,2542,14542,0.210911,0.0242574
rc_trial_a33_k3_hn05,4,2543,14543,0.246876,0.0400472
rc_trial_a33_k3_hn05,4,2544,14544,0.287943,0.517221
rc_trial_a33_k3_hn05,4,2545,14545,0.329515,0.256846
rc_trial_a33_k3_hn05,4,2546,14546,0.446076,0.251218
rc_trial_a33_k3_hn05,4,2547,14547,0.297872,0.70374
rc_trial_a33_k3_hn05,4,2548,14548,0.287671,0.546024
rc_trial_a33_k3_hn05,4,2549,14549,0.682874,0.478962
rc_trial_a33_k3_hn05,4,2550,14550,0.36554,0.0348606
rc_trial_a33_k3_hn05,4,2551,14551,0.122048,0.0442786
rc_trial_a33_k3_hn05,4,2552,14552,0.150831,0.0405537
rc_trial_a33_k3_hn05,4,2553,14553,0.0870779,0.0971218
rc_trial_a33_k3_hn05,4,2554,14554,-0.0215873,0.154297
rc_trial_a33_k3_hn05,4,2555,14555,0.50559,0.191843
rc_trial_a33_k3_hn05,4,2556,14556,0.567144,0.102236
rc_trial_a33_k3_hn05,4,2557,14557,0.516487,0.151255
rc_trial_a33_k3_hn05,4,2558,14558,0.413067,0.436583
rc_trial_a33_k3_hn05,4,2559,14559,0.756471,0.767292
rc_trial_a33_k3_hn05,4,2560,14560,0.739989,0.773197
rc_trial_a33_k3_hn05,4,2561,14561,0.864155,0.846978
rc_trial_a33_k3_hn05,4,2562,14562,0.333049,0.441487
rc_trial_a33_k3_hn05,4,2563,14563,0.497242,0.574858
rc_trial_a33_k3_hn05,4,2564,14564,0.135592,0.667813
rc_trial_a33_k3_hn05,4,2565,14565,0.152126,0.831354
rc_trial_a33_k3_hn05,4,2566,14566,0.135158,1.24572
rc_trial_a33_k3_hn05,4,2567,14567,0.105351,1.29714
rc_trial_a33_k3_hn05,4,2568,14568,0.417449,0.392759
rc_trial_a33_k3_hn05,4,2569,14569,0.735841,0.841215
rc_trial_a33_k3_hn05,4,2570,14570,0.938822,0.400212
rc_trial_a33_k3_hn05,4,2571,14571,-0.0635944,0.51437600000000006
rc_trial_a33_k3_hn05,4,2572,14572,0.208609,0.801917
rc_trial_a33_k3_hn05,4,2573,14573,0.481677,0.604955
rc_trial_a33_k3_hn05,4,2574,14574,0.468483,0.577075
rc_trial_a33_k3_hn05,4,2575,14575,1.13928,0.718733
rc_trial_a33_k3_hn05,4,2576,14576,0.528748,0.614872
rc_trial_a33_k3_hn05,4,2577,14577,0.478633,0.605692
rc_trial_a33_k3_hn05,4,2578,14578,0.129762,0.682803
rc_trial_a33_k3_hn05,4,2579,14579,0.0148213,0.437016
rc_trial_a33_k3_hn05,4,2580,14580,-0.0874482,0.360071
rc_trial_a33_k3_hn05,4,2581,14581,0.515456,0.387212
rc_trial_a33_k3_hn05,4,2582,14582,0.496122,0.0923281
rc_trial_a33_k3_hn05,4,2583,14583,0.0937016,0.151243
rc_trial_a33_k3_hn05,4,2584,14584,0.300164,0.342125
rc_trial_a33_k3_hn05,4,2585,14585,0.288104,0.36737
rc_trial_a33_k3_hn05,4,2586,14586,0.242058,0.498483
rc_trial_a33_k3_hn05,4,2587,14587,0.523687,0.536003
rc_trial_a33_k3_hn05,4,2588,14588,0.651644,0.240052
rc_trial_a33_k3_hn05,4,2589,14589,0.50262,0.337812
rc_trial_a33_k3_hn05,4,2590,14590,0.358354,0.0922846
rc_trial_a33_k3_hn05,4,2591,14591,0.115437,0.156392
rc_trial_a33_k3_hn05,4,2592,14592,0.0837545,0.358426
rc_trial_a33_k3_hn05,4,2593,14593,0.279246,0.0228289
rc_trial_a33_k3_hn05,4,2594,14594,0.173829,0.0180435
rc_trial_a33_k3_hn05,4,2595,14595,0.24385,0.0180266
rc_trial_a33_k3_hn05,4,2596,14596,0.478592,0.0117838
rc_trial_a33_k3_hn05,4,2597,14597,0.239106,0.0532194
rc_trial_a33_k3_hn05,4,2598,14598,0.318794,0.030647
rc_trial_a33_k3_hn05,4,2599,14599,0.0954205,0.0437535
rc_trial_a33_k3_hn05,4,2600,14600,0.0272655,0.390935
rc_trial_a33_k3_hn05,4,2601,14601,0.280915,0.491784
rc_trial_a33_k3_hn05,4,2602,14602,0.443959,0.598937
rc_trial_a33_k3_hn05,4,2603,14603,0.468044,0.45701
rc_trial_a33_k3_hn05,4,2604,14604,0.441635,0.695446
rc_trial_a33_k3_hn05,4,2605,14605,0.448217,0.451909
rc_trial_a33_k3_hn05,4,2606,14606,0.354338,0.431989
rc_trial_a33_k3_hn05,4,2607,14607,0.115399,0.178357
rc_trial_a33_k3_hn05,4,2608,14608,0.404404,0.132886
rc_trial_a33_k3_hn05,4,2609,14609,0.365476,0.0781188
rc_trial_a33_k3_hn05,4,2610,14610,0.146431,0.027518
rc_trial_a33_k3_hn05,4,2611,14611,0.223589,0.0300159
rc_trial_a33_k3_hn05,4,2612,14612,0.155045,0.55064
rc_trial_a33_k3_hn05,4,2613,14613,0.387708,0.201994
rc_trial_a33_k3_hn05,4,2614,14614,0.222775,0.298503
rc_trial_a33_k3_hn05,4,2615,14615,0.269978,0.20685
rc_trial_a33_k3_hn05,4,2616,14616,0.454365,0.168152
rc_trial_a33_k3_hn05,4,2617,14617,0.400078,0.255954
rc_trial_a33_k3_hn05,4,2618,14618,0.312431,0.143744
rc_trial_a33_k3_hn05,4,2619,14619,0.320542,0.241447
rc_trial_a33_k3_hn05,4,2620,14620,0.239472,0.178457
rc_trial_a33_k3_hn05,4,2621,14621,0.944067,0.574543
rc_trial_a33_k3_hn05,4,2622,14622,0.374868,0.346758
rc_trial_a33_k3_hn05,4,2623,14623,0.585958,0.402227
rc_trial_a33_k3_hn05,4,2624,14624,0.536871,0.780263
rc_trial_a33_k3_hn05,4,2625,14625,0.680095,0.417811
rc_trial_a33_k3_hn05,4,2626,14626,0.643157,0.714374
rc_trial_a33_k3_hn05,4,2627,14627,0.236769,0.372933
rc_trial_a33_k3_hn05,4,2628,14628,0.256879,0.287775
rc_trial_a33_k3_hn05,4,2629,14629,0.0745933,0.79004
rc_trial_a33_k3_hn05,4,2630,14630,0.19283,0.268437
rc_trial_a33_k3_hn05,4,2631,14631,0.399225,0.235877
rc_trial_a33_k3_hn05,4,2632,14632,0.375711,0.247345
rc_trial_a33_k3_hn05,4,2633,14633,0.205146,0.351026
rc_trial_a33_k3_hn05,4,2634,14634,0.478491,0.32052
rc_trial_a33_k3_hn05,4,2635,14635,0.466667,0.628521
rc_trial_a33_k3_hn05,4,2636,14636,0.686659,0.613485
rc_trial_a33_k3_hn05,4,2637,14637,0.609785,0.850871
rc_trial_a33_k3_hn05,4,2638,14638,0.570361,0.738449
rc_trial_a33_k3_hn05,4,2639,14639,0.400374,0.684397
rc_trial_a33_k3_hn05,4,2640,14640,0.222747,0.628105
rc_trial_a33_k3_hn05,4,2641,14641,0.24978,0.65961
rc_trial_a33_k3_hn05,4,2642,14642,-0.0597572,0.609758
rc_trial_a33_k3_hn05,4,2643,14643,-0.0561789,0.476046
rc_trial_a33_k3_hn05,4,2644,14644,0.022471,0.482828
rc_trial_a33_k3_hn05,4,2645,14645,-0.0957917,0.412143
rc_trial_a33_k3_hn05,4,2646,14646,0.354932,0.313187
rc_trial_a33_k3_hn05,4,2647,14647,0.403066,0.242773
rc_trial_a33_k3_hn05,4,2648,14648,0.199965,0.15759
rc_trial_a33_k3_hn05,4,2649,14649,0.818996,0.646904
rc_trial_a33_k3_hn05,4,2650,14650,0.645134,1.25915
rc_trial_a33_k3_hn05,4,2651,14651,0.331157,0.266776
rc_trial_a33_k3_hn05,4,2652,14652,0.0963347,0.0808985
rc_trial_a33_k3_hn05,4,2653,14653,0.0320763,0.23046
rc_trial_a33_k3_hn05,4,2654,14654,0.0968165,0.228649
rc_trial_a33_k3_hn05,4,2655,14655,0.440505,0.130055
rc_trial_a33_k3_hn05,4,2656,14656,-0.104378,0.421855
rc_trial_a33_k3_hn05,4,2657,14657,-0.0932239,0.372915
rc_trial_a33_k3_hn05,4,2658,14658,-0.120877,0.492227
rc_trial_a33_k3_hn05,4,2659,14659,0.532924,0.275423
rc_trial_a33_k3_hn05,4,2660,14660,0.270053,0.431475
rc_trial_a33_k3_hn05,4,2661,14661,0.265986,0.402
rc_trial_a33_k3_hn05,4,2662,14662,0.290352,0.42095
rc_trial_a33_k3_hn05,4,2663,14663,0.078889,0.43374
rc_trial_a33_k3_hn05,4,2664,14664,0.100506,0.52254
rc_trial_a33_k3_hn05,4,2665,14665,0.0730268,0.609981
rc_trial_a33_k3_hn05,4,2666,14666,0.0912104,1.08378
rc_trial_a33_k3_hn05,4,2667,14667,-0.0218537,0.492609
rc_trial_a33_k3_hn05,4,2668,14668,0.0134042,0.519562
rc_trial_a33_k3_hn05,4,2669,14669,0.0507678,0.637083
rc_trial_a33_k3_hn05,4,2670,14670,0.031214,0.923837
rc_trial_a33_k3_hn05,4,2671,14671,0.017136,0.503347
rc_trial_a33_k3_hn05,4,2672,14672,0.242685,0.387196
rc_trial_a33_k3_hn05,4,2673,14673,0.096761,0.475541
rc_trial_a33_k3_hn05,4,2674,14674,0.0400035,0.731773
rc_trial_a33_k3_hn05,4,2675,14675,0.439629,0.759369
rc_trial_a33_k3_hn05,4,2676,14676,0.236053,0.143794
rc_trial_a33_k3_hn05,4,2677,14677,0.344796,0.267285
rc_trial_a33_k3_hn05,4,2678,14678,1.29838,1.12629
rc_trial_a33_k3_hn05,4,2679,14679,1.74461,1.04341
rc_trial_a33_k3_hn05,4,2680,14680,1.76924,1.13486
rc_trial_a33_k3_hn05,4,2681,14681,1.72357,1.09724
rc_trial_a33_k3_hn05,4,2682,14682,0.835909,0.506263
rc_trial_a33_k3_hn05,4,2683,14683,0.889093,0.676216
rc_trial_a33_k3_hn05,4,2684,14684,0.275426,0.403173
rc_trial_a33_k3_hn05,4,2685,14685,0.509811,0.408941
rc_trial_a33_k3_hn05,4,2686,14686,0.371808,0.452645
rc_trial_a33_k3_hn05,4,2687,14687,0.704034,0.661013
rc_trial_a33_k3_hn05,4,2688,14688,0.709584,0.738705
rc_trial_a33_k3_hn05,4,2689,14689,0.681078,0.448594
rc_trial_a33_k3_hn05,4,2690,14690,0.53033,0.234836
rc_trial_a33_k3_hn05,4,2691,14691,0.268485,0.138869
rc_trial_a33_k3_hn05,4,2692,14692,0.423469,0.0942919
rc_trial_a33_k3_hn05,4,2693,14693,0.0675353,0.0242416
rc_trial_a33_k3_hn05,4,2694,14694,0.427593,0.0280745
rc_trial_a33_k3_hn05,4,2695,14695,0.0607999,0.0820804
rc_trial_a33_k3_hn05,4,2696,14696,0.335983,0.129447
rc_trial_a33_k3_hn05,4,2697,14697,0.340142,0.140006
rc_trial_a33_k3_hn05,4,2698,14698,0.0224859,0.572396
rc_trial_a33_k3_hn05,4,2699,14699,-0.0957625,0.95086
rc_trial_a33_k3_hn05,4,2700,14700,0.0885112,0.292555
rc_trial_a33_k3_hn05,4,2701,14701,0.107914,0.799373
rc_trial_a33_k3_hn05,4,2702,14702,0.2686,0.459541
rc_trial_a33_k3_hn05,4,2703,14703,0.605449,0.276269
rc_trial_a33_k3_hn05,4,2704,14704,0.744237,0.600581
rc_trial_a33_k3_hn05,4,2705,14705,-0.0442227,0.636597
rc_trial_a33_k3_hn05,4,2706,14706,0.0728262,0.457491
rc_trial_a33_k3_hn05,4,2707,14707,0.486912,0.424921
rc_trial_a33_k3_hn05,4,2708,14708,0.360813,0.170277
rc_trial_a33_k3_hn05,4,2709,14709,0.449581,0.662581
rc_trial_a33_k3_hn05,4,2710,14710,0.170514,0.132675
rc_trial_a33_k3_hn05,4,2711,14711,0.140611,0.210854
rc_trial_a33_k3_hn05,4,2712,14712,0.695774,0.35073
rc_trial_a33_k3_hn05,4,2713,14713,0.838896,0.536283
rc_trial_a33_k3_hn05,4,2714,14714,0.711894,0.760721
rc_trial_a33_k3_hn05,4,2715,14715,0.558961,0.435617
rc_trial_a33_k3_hn05,4,2716,14716,0.493411,0.790385
rc_trial_a33_k3_hn05,4,2717,14717,-0.0440049,0.383269
rc_trial_a33_k3_hn05,4,2718,14718,-0.472621,0.914116
rc_trial_a33_k3_hn05,4,2719,14719,0.442328,0.413902
rc_trial_a33_k3_hn05,4,2720,14720,0.972465,0.641108
rc_trial_a33_k3_hn05,4,2721,14721,0.372961,0.443625
rc_trial_a33_k3_hn05,4,2722,14722,0.555814,0.532387
rc_trial_a33_k3_hn05,4,2723,14723,0.407714,0.549546
rc_trial_a33_k3_hn05,4,2724,14724,0.45457,0.49933
rc_trial_a33_k3_hn05,4,2725,14725,0.850465,0.400227
rc_trial_a33_k3_hn05,4,2726,14726,0.255027,0.246782
rc_trial_a33_k3_hn05,4,2727,14727,0.243005,0.242975
rc_trial_a33_k3_hn05,4,2728,14728,0.186266,0.121216
rc_trial_a33_k3_hn05,4,2729,14729,0.199221,0.16444
rc_trial_a33_k3_hn05,4,2730,14730,0.375259,0.0755639
rc_trial_a33_k3_hn05,4,2731,14731,0.250979,0.186268
rc_trial_a33_k3_hn05,4,2732,14732,0.129341,0.103832
rc_trial_a33_k3_hn05,4,2733,14733,0.174861,0.28629
rc_trial_a33_k3_hn05,4,2734,14734,1.11496,0.728081
rc_trial_a33_k3_hn05,4,2735,14735,0.972097,0.632817
rc_trial_a33_k3_hn05,4,2736,14736,1.1362,0.819302
rc_trial_a33_k3_hn05,4,2737,14737,0.555072,0.489308
rc_trial_a33_k3_hn05,4,2738,14738,0.539995,0.472536
rc_trial_a33_k3_hn05,4,2739,14739,0.560704,0.465283
rc_trial_a33_k3_hn05,4,2740,14740,0.568307,0.456633
rc_trial_a33_k3_hn05,4,2741,14741,0.53342,0.777284
rc_trial_a33_k3_hn05,4,2742,14742,1.03124,0.694882
rc_trial_a33_k3_hn05,4,2743,14743,0.885036,0.515103
rc_trial_a33_k3_hn05,4,2744,14744,0.783826,0.450111
rc_trial_a33_k3_hn05,4,2745,14745,0.845472,0.472041
rc_trial_a33_k3_hn05,4,2746,14746,0.479913,0.158219
rc_trial_a33_k3_hn05,4,2747,14747,0.279411,0.156496
rc_trial_a33_k3_hn05,4,2748,14748,0.329323,0.15464
rc_trial_a33_k3_hn05,4,2749,14749,0.377251,0.0916543
rc_trial_a33_k3_hn05,4,2750,14750,0.150643,0.388587
rc_trial_a33_k3_hn05,4,2751,14751,0.486566,0.166702
rc_trial_a33_k3_hn05,4,2752,14752,0.509288,0.30367
rc_trial_a33_k3_hn05,4,2753,14753,0.453856,0.442768
rc_trial_a33_k3_hn05,4,2754,14754,0.503577,0.550585
rc_trial_a33_k3_hn05,4,2755,14755,0.437589,0.213157
rc_trial_a33_k3_hn05,4,2756,14756,0.529084,0.404213
rc_trial_a33_k3_hn05,4,2757,14757,0.38941,0.533799
rc_trial_a33_k3_hn05,4,2758,14758,0.512458,0.566207
rc_trial_a33_k3_hn05,4,2759,14759,0.478356,0.500319
rc_trial_a33_k3_hn05,4,2760,14760,0.513262,0.301694
rc_trial_a33_k3_hn05,4,2761,14761,0.657328,0.683151
rc_trial_a33_k3_hn05,4,2762,14762,0.886607,1.08292
rc_trial_a33_k3_hn05,4,2763,14763,0.792294,0.788614
rc_trial_a33_k3_hn05,4,2764,14764,0.832977,0.659137
rc_trial_a33_k3_hn05,4,2765,14765,0.060511,0.258453
rc_trial_a33_k3_hn05,4,2766,14766,0.20358,0.377811
rc_trial_a33_k3_hn05,4,2767,14767,0.428257,0.35008
rc_trial_a33_k3_hn05,4,2768,14768,0.311846,0.376006
rc_trial_a33_k3_hn05,4,2769,14769,-0.0499457,0.171729
rc_trial_a33_k3_hn05,4,2770,14770,0.183652,0.179926
rc_trial_a33_k3_hn05,4,2771,14771,0.107051,0.172194
rc_trial_a33_k3_hn05,4,2772,14772,0.038903,0.234833
rc_trial_a33_k3_hn05,4,2773,14773,1.01684,0.61703
rc_trial_a33_k3_hn05,4,2774,14774,0.884593,0.810762
rc_trial_a33_k3_hn05,4,2775,14775,1.16326,0.835556
rc_trial_a33_k3_hn05,4,2776,14776,0.378596,0.13185
rc_trial_a33_k3_hn05,4,2777,14777,0.227724,0.104184
rc_trial_a33_k3_hn05,4,2778,14778,0.559695,0.363726
rc_trial_a33_k3_hn05,4,2779,14779,0.275289,9.48183e-4
rc_trial_a33_k3_hn05,4,2780,14780,0.257805,0.0404992
rc_trial_a33_k3_hn05,4,2781,14781,0.487322,0.130423
rc_trial_a33_k3_hn05,4,2782,14782,0.597262,0.138656
rc_trial_a33_k3_hn05,4,2783,14783,0.109343,0.0781631
rc_trial_a33_k3_hn05,4,2784,14784,0.490783,0.0471731
rc_trial_a33_k3_hn05,4,2785,14785,0.256168,0.069174
rc_trial_a33_k3_hn05,4,2786,14786,0.180052,0.0130375
rc_trial_a33_k3_hn05,4,2787,14787,0.652565,0.60012
rc_trial_a33_k3_hn05,4,2788,14788,0.441706,0.239064
rc_trial_a33_k3_hn05,4,2789,14789,0.605251,0.659862
rc_trial_a33_k3_hn05,4,2790,14790,0.696526,0.81041
rc_trial_a33_k3_hn05,4,2791,14791,0.719386,1.12996
rc_trial_a33_k3_hn05,4,2792,14792,0.795079,0.227467
rc_trial_a33_k3_hn05,4,2793,14793,0.670662,0.452046
rc_trial_a33_k3_hn05,4,2794,14794,0.640343,0.317004
rc_trial_a33_k3_hn05,4,2795,14795,0.107381,0.334278
rc_trial_a33_k3_hn05,4,2796,14796,0.496167,0.466283
rc_trial_a33_k3_hn05,4,2797,14797,0.184035,0.612062
rc_trial_a33_k3_hn05,4,2798,14798,0.101276,0.294772
rc_trial_a33_k3_hn05,4,2799,14799,0.300367,0.962079
rc_trial_a33_k3_hn05,4,2800,14800,0.359321,0.724249
rc_trial_a33_k3_hn05,4,2801,14801,0.511087,0.53956
rc_trial_a33_k3_hn05,4,2802,14802,0.496412,0.761041
rc_trial_a33_k3_hn05,4,2803,14803,0.420491,0.372886
rc_trial_a33_k3_hn05,4,2804,14804,0.485233,0.326134
rc_trial_a33_k3_hn05,4,2805,14805,0.451273,0.261235
rc_trial_a33_k3_hn05,4,2806,14806,-0.188461,0.546836
rc_trial_a33_k3_hn05,4,2807,14807,-0.415167,1.24315
rc_trial_a33_k3_hn05,4,2808,14808,-0.884444,0.655664
rc_trial_a33_k3_hn05,4,2809,14809,-0.918978,0.612447
rc_trial_a33_k3_hn05,4,2810,14810,-0.145954,1.56533
rc_trial_a33_k3_hn05,4,2811,14811,0.00258262,0.663523
rc_trial_a33_k3_hn05,4,2812,14812,0.301992,0.44947
rc_trial_a33_k3_hn05,4,2813,14813,1.56108,0.804789
rc_trial_a33_k3_hn05,4,2814,14814,1.32088,0.856616
rc_trial_a33_k3_hn05,4,2815,14815,0.297692,0.475289
rc_trial_a33_k3_hn05,4,2816,14816,0.116391,0.355604
rc_trial_a33_k3_hn05,4,2817,14817,-0.00791878,0.276431
rc_trial_a33_k3_hn05,4,2818,14818,-0.080924,0.395422
rc_trial_a33_k3_hn05,4,2819,14819,-0.0125684,0.413587
rc_trial_a33_k3_hn05,4,2820,14820,0.349144,0.561587
rc_trial_a33_k3_hn05,4,2821,14821,0.482294,0.981054
rc_trial_a33_k3_hn05,4,2822,14822,0.408536,0.282702
rc_trial_a33_k3_hn05,4,2823,14823,0.427164,0.138958
rc_trial_a33_k3_hn05,4,2824,14824,0.446961,0.110243
rc_trial_a33_k3_hn05,4,2825,14825,0.180038,0.0312835
rc_trial_a33_k3_hn05,4,2826,14826,0.346567,0.145353
rc_trial_a33_k3_hn05,4,2827,14827,0.329268,0.0477794
rc_trial_a33_k3_hn05,4,2828,14828,0.121416,0.153768
rc_trial_a33_k3_hn05,4,2829,14829,0.0272489,0.188729
rc_trial_a33_k3_hn05,4,2830,14830,0.189047,0.154117
rc_trial_a33_k3_hn05,4,2831,14831,0.394371,0.606522
rc_trial_a33_k3_hn05,4,2832,14832,0.479647,0.583173
rc_trial_a33_k3_hn05,4,2833,14833,0.453181,0.453254
rc_trial_a33_k3_hn05,4,2834,14834,0.379658,0.210315
rc_trial_a33_k3_hn05,4,2835,14835,0.285325,0.00692351
rc_trial_a33_k3_hn05,4,2836,14836,0.226469,0.0141871
rc_trial_a33_k3_hn05,4,2837,14837,0.307311,0.020567
rc_trial_a33_k3_hn05,4,2838,14838,0.189749,0.00259325
rc_trial_a33_k3_hn05,4,2839,14839,0.331842,0.012722
rc_trial_a33_k3_hn05,4,2840,14840,0.237152,0.0267775
rc_trial_a33_k3_hn05,4,2841,14841,0.489109,0.310594
rc_trial_a33_k3_hn05,4,2842,14842,0.361961,0.277364
rc_trial_a33_k3_hn05,4,2843,14843,0.270601,0.0183819
rc_trial_a33_k3_hn05,4,2844,14844,0.161339,0.299923
rc_trial_a33_k3_hn05,4,2845,14845,0.139935,0.279614
rc_trial_a33_k3_hn05,4,2846,14846,0.0937127,0.263706
rc_trial_a33_k3_hn05,4,2847,14847,0.341185,0.181593
rc_trial_a33_k3_hn05,4,2848,14848,0.35996,0.591533
rc_trial_a33_k3_hn05,4,2849,14849,0.393292,0.626694
rc_trial_a33_k3_hn05,4,2850,14850,1.35173,0.867958
rc_trial_a33_k3_hn05,4,2851,14851,1.34231,0.845602
rc_trial_a33_k3_hn05,4,2852,14852,0.992074,0.710396
rc_trial_a33_k3_hn05,4,2853,14853,0.908805,0.665887
rc_trial_a33_k3_hn05,4,2854,14854,1.09277,1.10794
rc_trial_a33_k3_hn05,4,2855,14855,0.00229596,0.0813563
rc_trial_a33_k3_hn05,4,2856,14856,0.400599,0.190203
rc_trial_a33_k3_hn05,4,2857,14857,0.424523,0.154032
rc_trial_a33_k3_hn05,4,2858,14858,0.328006,0.128905
rc_trial_a33_k3_hn05,4,2859,14859,0.263832,0.196826
rc_trial_a33_k3_hn05,4,2860,14860,-0.0249757,0.462635
rc_trial_a33_k3_hn05,4,2861,14861,0.19054,0.369193
rc_trial_a33_k3_hn05,4,2862,14862,0.378385,0.0844067
rc_trial_a33_k3_hn05,4,2863,14863,-0.0256332,0.275399
rc_trial_a33_k3_hn05,4,2864,14864,0.0381558,0.0875789
rc_trial_a33_k3_hn05,4,2865,14865,0.183325,0.105001
rc_trial_a33_k3_hn05,4,2866,14866,-0.276361,0.239801
rc_trial_a33_k3_hn05,4,2867,14867,0.197879,0.155866
rc_trial_a33_k3_hn05,4,2868,14868,0.296793,0.267723
rc_trial_a33_k3_hn05,4,2869,14869,0.464878,0.26654
rc_trial_a33_k3_hn05,4,2870,14870,0.47206,0.235086
rc_trial_a33_k3_hn05,4,2871,14871,0.438977,0.320483
rc_trial_a33_k3_hn05,4,2872,14872,0.409611,0.168726
rc_trial_a33_k3_hn05,4,2873,14873,0.760532,0.390176
rc_trial_a33_k3_hn05,4,2874,14874,-0.084251499999999993,1.11562
rc_trial_a33_k3_hn05,4,2875,14875,-0.0426408,0.907956
rc_trial_a33_k3_hn05,4,2876,14876,-0.0159764,0.742548
rc_trial_a33_k3_hn05,4,2877,14877,-0.140036,1.12303
rc_trial_a33_k3_hn05,4,2878,14878,0.265578,0.220505
rc_trial_a33_k3_hn05,4,2879,14879,0.263005,0.418212
rc_trial_a33_k3_hn05,4,2880,14880,0.311705,0.769933
rc_trial_a33_k3_hn05,4,2881,14881,0.612882,0.455731
rc_trial_a33_k3_hn05,4,2882,14882,0.513502,0.289246
rc_trial_a33_k3_hn05,4,2883,14883,0.461127,0.372975
rc_trial_a33_k3_hn05,4,2884,14884,0.636024,0.959469
rc_trial_a33_k3_hn05,4,2885,14885,0.253261,0.313448
rc_trial_a33_k3_hn05,4,2886,14886,0.504393,0.232717
rc_trial_a33_k3_hn05,4,2887,14887,0.491458,0.754442
rc_trial_a33_k3_hn05,4,2888,14888,0.615544,0.364358
rc_trial_a33_k3_hn05,4,2889,14889,-0.0485254,0.775403
rc_trial_a33_k3_hn05,4,2890,14890,0.205782,0.331723
rc_trial_a33_k3_hn05,4,2891,14891,0.27881,0.526597
rc_trial_a33_k3_hn05,4,2892,14892,0.449823,0.531849
rc_trial_a33_k3_hn05,4,2893,14893,0.431087,0.27504
rc_trial_a33_k3_hn05,4,2894,14894,0.63291,0.213425
rc_trial_a33_k3_hn05,4,2895,14895,0.648918,0.438449
rc_trial_a33_k3_hn05,4,2896,14896,0.516007,0.177672
rc_trial_a33_k3_hn05,4,2897,14897,0.450361,0.0567813
rc_trial_a33_k3_hn05,4,2898,14898,0.686525,0.743367
rc_trial_a33_k3_hn05,4,2899,14899,0.377138,0.0998841
rc_trial_a33_k3_hn05,4,2900,14900,0.36703,0.0996179
rc_trial_a33_k3_hn05,4,2901,14901,0.428675,0.406888
rc_trial_a33_k3_hn05,4,2902,14902,0.120325,0.714755
rc_trial_a33_k3_hn05,4,2903,14903,0.260835,0.143636
rc_trial_a33_k3_hn05,4,2904,14904,0.364608,0.327595
rc_trial_a33_k3_hn05,4,2905,14905,0.160912,0.108091
rc_trial_a33_k3_hn05,4,2906,14906,0.279899,0.191996
rc_trial_a33_k3_hn05,4,2907,14907,0.191832,0.0494737
rc_trial_a33_k3_hn05,4,2908,14908,0.146991,0.0416973
rc_trial_a33_k3_hn05,4,2909,14909,0.390509,0.081442
rc_trial_a33_k3_hn05,4,2910,14910,0.220741,0.179777
rc_trial_a33_k3_hn05,4,2911,14911,0.514156,0.156743
rc_trial_a33_k3_hn05,4,2912,14912,-0.417248,1.11673
rc_trial_a33_k3_hn05,4,2913,14913,-0.708708,1.22576
rc_trial_a33_k3_hn05,4,2914,14914,-0.646103,1.44383
rc_trial_a33_k3_hn05,4,2915,14915,-0.639531,0.966831
rc_trial_a33_k3_hn05,4,2916,14916,0.509602,0.112994
rc_trial_a33_k3_hn05,4,2917,14917,0.420409,0.183458
rc_trial_a33_k3_hn05,4,2918,14918,0.443236,0.227011
rc_trial_a33_k3_hn05,4,2919,14919,0.535529,0.269784
rc_trial_a33_k3_hn05,4,2920,14920,0.373032,0.280439
rc_trial_a33_k3_hn05,4,2921,14921,0.316708,0.302657
rc_trial_a33_k3_hn05,4,2922,14922,0.258522,0.215608
rc_trial_a33_k3_hn05,4,2923,14923,0.58284,0.539545
rc_trial_a33_k3_hn05,4,2924,14924,0.554837,0.319961
rc_trial_a33_k3_hn05,4,2925,14925,0.498295,0.57462
rc_trial_a33_k3_hn05,4,2926,14926,0.440201,0.366362
rc_trial_a33_k3_hn05,4,2927,14927,0.304298,0.490639
rc_trial_a33_k3_hn05,4,2928,14928,0.41262,0.0843577
rc_trial_a33_k3_hn05,4,2929,14929,0.394749,0.0812268
rc_trial_a33_k3_hn05,4,2930,14930,0.293113,0.32181
rc_trial_a33_k3_hn05,4,2931,14931,0.451908,0.155864
rc_trial_a33_k3_hn05,4,2932,14932,0.0612296,0.162196
rc_trial_a33_k3_hn05,4,2933,14933,0.214974,0.0746229
rc_trial_a33_k3_hn05,4,2934,14934,0.3312,0.029058
rc_trial_a33_k3_hn05,4,2935,14935,0.0727218,0.0734302
rc_trial_a33_k3_hn05,4,2936,14936,0.235019,0.13004
rc_trial_a33_k3_hn05,4,2937,14937,0.282673,0.0905726
rc_trial_a33_k3_hn05,4,2938,14938,0.407341,0.0815881
rc_trial_a33_k3_hn05,4,2939,14939,0.293786,0.0345014
rc_trial_a33_k3_hn05,4,2940,14940,0.263772,0.0269545
rc_trial_a33_k3_hn05,4,2941,14941,0.215628,0.0202037
rc_trial_a33_k3_hn05,4,2942,14942,0.343154,0.0136331
rc_trial_a33_k3_hn05,4,2943,14943,0.353218,0.00989061
rc_trial_a33_k3_hn05,4,2944,14944,0.275545,0.00899587
rc_trial_a33_k3_hn05,4,2945,14945,0.345949,0.0199443
rc_trial_a33_k3_hn05,4,2946,14946,0.202232,0.0290902
rc_trial_a33_k3_hn05,4,2947,14947,0.231601,0.0864566
rc_trial_a33_k3_hn05,4,2948,14948,0.250949,0.0106802
rc_trial_a33_k3_hn05,4,2949,14949,0.263431,0.00700157
rc_trial_a33_k3_hn05,4,2950,14950,0.238585,0.0152027
rc_trial_a33_k3_hn05,4,2951,14951,0.476793,0.397782
rc_trial_a33_k3_hn05,4,2952,14952,0.351292,0.0273561
rc_trial_a33_k3_hn05,4,2953,14953,0.1924,0.0113181
rc_trial_a33_k3_hn05,4,2954,14954,0.417678,6.49444e-4
rc_trial_a33_k3_hn05,4,2955,14955,0.311228,6.61928e-4
rc_trial_a33_k3_hn05,4,2956,14956,0.175872,7.34979e-5
rc_trial_a33_k3_hn05,4,2957,14957,0.172776,4.19876e-4
rc_trial_a33_k3_hn05,4,2958,14958,0.543953,0.346915
rc_trial_a33_k3_hn05,4,2959,14959,0.276842,0.304796
rc_trial_a33_k3_hn05,4,2960,14960,0.228606,0.291395
rc_trial_a33_k3_hn05,4,2961,14961,0.143591,0.426921
rc_trial_a33_k3_hn05,4,2962,14962,0.102153,0.321653
rc_trial_a33_k3_hn05,4,2963,14963,0.0197219,0.41157
rc_trial_a33_k3_hn05,4,2964,14964,0.27347,0.596398
rc_trial_a33_k3_hn05,4,2965,14965,0.264833,0.557565
rc_trial_a33_k3_hn05,4,2966,14966,0.333673,0.599812
rc_trial_a33_k3_hn05,4,2967,14967,0.275581,0.498857
rc_trial_a33_k3_hn05,4,2968,14968,0.44695,0.858287
rc_trial_a33_k3_hn05,4,2969,14969,0.426598,0.347278
rc_trial_a33_k3_hn05,4,2970,14970,0.0506685,0.404811
rc_trial_a33_k3_hn05,4,2971,14971,0.0598232,0.288646
rc_trial_a33_k3_hn05,4,2972,14972,0.0734581,0.307242
rc_trial_a33_k3_hn05,4,2973,14973,0.180295,0.234308
rc_trial_a33_k3_hn05,4,2974,14974,0.72867,0.722433
rc_trial_a33_k3_hn05,4,2975,14975,0.561608,0.31488
rc_trial_a33_k3_hn05,4,2976,14976,0.364817,0.41247
rc_trial_a33_k3_hn05,4,2977,14977,0.463805,0.279272
rc_trial_a33_k3_hn05,4,2978,14978,0.405039,0.213475
rc_trial_a33_k3_hn05,4,2979,14979,0.536513,0.121682
rc_trial_a33_k3_hn05,4,2980,14980,0.511831,0.1308
rc_trial_a33_k3_hn05,4,2981,14981,0.402016,0.363379
rc_trial_a33_k3_hn05,4,2982,14982,0.39266,0.402676
rc_trial_a33_k3_hn05,4,2983,14983,0.687077,0.191315
rc_trial_a33_k3_hn05,4,2984,14984,0.421191,0.475782
rc_trial_a33_k3_hn05,4,2985,14985,0.57856,0.21155
rc_trial_a33_k3_hn05,4,2986,14986,0.466145,0.188897
rc_trial_a33_k3_hn05,4,2987,14987,0.124507,0.222024
rc_trial_a33_k3_hn05,4,2988,14988,0.34695,0.0843565
rc_trial_a33_k3_hn05,4,2989,14989,-0.0140135,0.937675
rc_trial_a33_k3_hn05,4,2990,14990,-0.281067,0.673493
rc_trial_a33_k3_hn05,4,2991,14991,0.310686,0.309708
rc_trial_a33_k3_hn05,4,2992,14992,0.550145,0.396388
rc_trial_a33_k3_hn05,4,2993,14993,0.473019,0.395241
rc_trial_a33_k3_hn05,4,2994,14994,0.574931,0.492083
rc_trial_a33_k3_hn05,4,2995,14995,1.11245,0.716418
rc_trial_a33_k3_hn05,4,2996,14996,1.21501,0.741209
rc_trial_a33_k3_hn05,4,2997,14997,0.555977,0.560982
rc_trial_a33_k3_hn05,4,2998,14998,0.345812,0.252224
rc_trial_a33_k3_hn05,4,2999,14999,0.654492,0.705278
rc_trial_a33_k3_hn05,4,3000,15000,0.717073,0.54503
rc_trial_a33_k3_hn05,4,3001,15001,0.586948,0.511605
rc_trial_a33_k3_hn05,4,3002,15002,0.399716,0.418874
rc_trial_a33_k3_hn05,4,3003,15003,-0.0336933,0.272519
rc_trial_a33_k3_hn05,4,3004,15004,0.384365,0.266756
rc_trial_a33_k3_hn05,4,3005,15005,-0.198421,0.423064
rc_trial_a33_k3_hn05,4,3006,15006,-0.182053,0.554323
rc_trial_a33_k3_hn05,4,3007,15007,-0.0681884,0.568213
rc_trial_a33_k3_hn05,4,3008,15008,0.197653,0.315654
rc_trial_a33_k3_hn05,4,3009,15009,0.19559000000000001,0.549539
rc_trial_a33_k3_hn05,4,3010,15010,0.0784871,0.326612
rc_trial_a33_k3_hn05,4,3011,15011,0.00667832,0.789146
rc_trial_a33_k3_hn05,4,3012,15012,0.412551,0.234391
rc_trial_a33_k3_hn05,4,3013,15013,0.356856,0.257869
rc_trial_a33_k3_hn05,4,3014,15014,0.419224,0.35896
rc_trial_a33_k3_hn05,4,3015,15015,0.0103302,0.211582
rc_trial_a33_k3_hn05,4,3016,15016,0.595397,0.349613
rc_trial_a33_k3_hn05,4,3017,15017,0.581199,0.292765
rc_trial_a33_k3_hn05,4,3018,15018,0.638166,0.235861
rc_trial_a33_k3_hn05,4,3019,15019,0.445004,0.626978
rc_trial_a33_k3_hn05,4,3020,15020,0.589151,0.748171
rc_trial_a33_k3_hn05,4,3021,15021,0.490945,0.589803
rc_trial_a33_k3_hn05,4,3022,15022,0.262937,0.147474
rc_trial_a33_k3_hn05,4,3023,15023,0.360736,1.18129
rc_trial_a33_k3_hn05,4,3024,15024,0.0270145,0.474988
rc_trial_a33_k3_hn05,4,3025,15025,-0.049114,0.273681
rc_trial_a33_k3_hn05,4,3026,15026,0.246158,0.686815
rc_trial_a33_k3_hn05,4,3027,15027,0.31154,0.501796
rc_trial_a33_k3_hn05,4,3028,15028,0.213737,0.521798
rc_trial_a33_k3_hn05,4,3029,15029,-0.063394,0.785052
rc_trial_a33_k3_hn05,4,3030,15030,0.181536,0.568658
rc_trial_a33_k3_hn05,4,3031,15031,0.105741,0.218064
rc_trial_a33_k3_hn05,4,3032,15032,0.470188,0.360937
rc_trial_a33_k3_hn05,4,3033,15033,0.520598,0.278562
rc_trial_a33_k3_hn05,4,3034,15034,0.454906,0.470787
rc_trial_a33_k3_hn05,4,3035,15035,0.484106,0.241613
rc_trial_a33_k3_hn05,4,3036,15036,0.454156,0.415568
rc_trial_a33_k3_hn05,4,3037,15037,0.763762,0.40368
rc_trial_a33_k3_hn05,4,3038,15038,0.601621,0.45255
rc_trial_a33_k3_hn05,4,3039,15039,0.77353,0.659824
rc_trial_a33_k3_hn05,4,3040,15040,1.29364,0.626848
rc_trial_a33_k3_hn05,4,3041,15041,1.02313,0.568099
rc_trial_a33_k3_hn05,4,3042,15042,0.347482,0.670486
rc_trial_a33_k3_hn05,4,3043,15043,0.395326,0.646487
rc_trial_a33_k3_hn05,4,3044,15044,0.282787,0.431425
rc_trial_a33_k3_hn05,4,3045,15045,0.475148,0.156671
rc_trial_a33_k3_hn05,4,3046,15046,0.118076,0.390082
rc_trial_a33_k3_hn05,4,3047,15047,0.125658,0.49553
rc_trial_a33_k3_hn05,4,3048,15048,0.380181,0.14792
rc_trial_a33_k3_hn05,4,3049,15049,0.382025,0.203865
rc_trial_a33_k3_hn05,4,3050,15050,0.750822,0.361804
rc_trial_a33_k3_hn05,4,3051,15051,0.666225,0.588792
rc_trial_a33_k3_hn05,4,3052,15052,0.925034,0.660524
rc_trial_a33_k3_hn05,4,3053,15053,0.92355,0.58806
rc_trial_a33_k3_hn05,4,3054,15054,0.721069,0.415354
rc_trial_a33_k3_hn05,4,3055,15055,0.444243,1.19823
rc_trial_a33_k3_hn05,4,3056,15056,0.218629,0.351376
rc_trial_a33_k3_hn05,4,3057,15057,0.305854,0.190069
rc_trial_a33_k3_hn05,4,3058,15058,0.198682,0.485176
rc_trial_a33_k3_hn05,4,3059,15059,0.192399,0.486125
rc_trial_a33_k3_hn05,4,3060,15060,0.209026,0.636549
rc_trial_a33_k3_hn05,4,3061,15061,0.860517,0.659808
rc_trial_a33_k3_hn05,4,3062,15062,0.886557,0.370916
rc_trial_a33_k3_hn05,4,3063,15063,0.891699,0.561356
rc_trial_a33_k3_hn05,4,3064,15064,0.879727,0.560255
rc_trial_a33_k3_hn05,4,3065,15065,0.838054,0.486714
rc_trial_a33_k3_hn05,4,3066,15066,0.739556,0.735078
rc_trial_a33_k3_hn05,4,3067,15067,0.64582,0.453765
rc_trial_a33_k3_hn05,4,3068,15068,0.779955,0.511631
rc_trial_a33_k3_hn05,4,3069,15069,1.5173,0.900372
rc_trial_a33_k3_hn05,4,3070,15070,1.47252,0.850357
rc_trial_a33_k3_hn05,4,3071,15071,0.696108,0.62802500000000006
rc_trial_a33_k3_hn05,4,3072,15072,0.799881,0.938298
rc_trial_a33_k3_hn05,4,3073,15073,0.799857,0.506739
rc_trial_a33_k3_hn05,4,3074,15074,0.952573,0.643677
rc_trial_a33_k3_hn05,4,3075,15075,0.0841313,0.470462
rc_trial_a33_k3_hn05,4,3076,15076,0.150034,0.38385
rc_trial_a33_k3_hn05,4,3077,15077,0.166126,0.296108
rc_trial_a33_k3_hn05,4,3078,15078,0.19361,0.263224
rc_trial_a33_k3_hn05,4,3079,15079,0.335359,0.171675
rc_trial_a33_k3_hn05,4,3080,15080,0.294829,0.196205
rc_trial_a33_k3_hn05,4,3081,15081,0.076481,0.149434
rc_trial_a33_k3_hn05,4,3082,15082,0.169901,0.095604
rc_trial_a33_k3_hn05,4,3083,15083,0.137816,0.184022
rc_trial_a33_k3_hn05,4,3084,15084,0.348557,0.293192
rc_trial_a33_k3_hn05,4,3085,15085,0.357881,0.230594
rc_trial_a33_k3_hn05,4,3086,15086,0.302855,0.713888
rc_trial_a33_k3_hn05,4,3087,15087,0.306189,0.596703
rc_trial_a33_k3_hn05,4,3088,15088,0.349462,0.247213
rc_trial_a33_k3_hn05,4,3089,15089,0.371086,0.258212
rc_trial_a33_k3_hn05,4,3090,15090,-0.0137664,0.197362
rc_trial_a33_k3_hn05,4,3091,15091,0.533586,0.348203
rc_trial_a33_k3_hn05,4,3092,15092,0.4649,0.566209
rc_trial_a33_k3_hn05,4,3093,15093,0.517097,0.638567
rc_trial_a33_k3_hn05,4,3094,15094,0.491111,0.41411
rc_trial_a33_k3_hn05,4,3095,15095,0.504206,0.467041
rc_trial_a33_k3_hn05,4,3096,15096,0.583478,0.503338
rc_trial_a33_k3_hn05,4,3097,15097,0.00294772,0.413942
rc_trial_a33_k3_hn05,4,3098,15098,0.0293705,0.438104
rc_trial_a33_k3_hn05,4,3099,15099,0.0539505,0.289427
rc_trial_a33_k3_hn05,4,3100,15100,0.202326,0.22098
rc_trial_a33_k3_hn05,4,3101,15101,-0.123853,0.412617
rc_trial_a33_k3_hn05,4,3102,15102,0.0830792,0.408437
rc_trial_a33_k3_hn05,4,3103,15103,-0.00671067,0.293507
rc_trial_a33_k3_hn05,4,3104,15104,0.662795,0.643495
rc_trial_a33_k3_hn05,4,3105,15105,0.670795,0.489151
rc_trial_a33_k3_hn05,4,3106,15106,0.231536,0.357762
rc_trial_a33_k3_hn05,4,3107,15107,0.215466,0.0975223
rc_trial_a33_k3_hn05,4,3108,15108,-0.283771,0.6505
rc_trial_a33_k3_hn05,4,3109,15109,0.245739,0.0415952
rc_trial_a33_k3_hn05,4,3110,15110,0.196855,0.10585
rc_trial_a33_k3_hn05,4,3111,15111,0.378403,0.180655
rc_trial_a33_k3_hn05,4,3112,15112,0.0819302,0.613164
rc_trial_a33_k3_hn05,4,3113,15113,0.115142,0.917774
rc_trial_a33_k3_hn05,4,3114,15114,0.454181,0.461082
rc_trial_a33_k3_hn05,4,3115,15115,0.280446,1.09562
rc_trial_a33_k3_hn05,4,3116,15116,0.35976,0.904237
rc_trial_a33_k3_hn05,4,3117,15117,0.343161,1.2094800000000001
rc_trial_a33_k3_hn05,4,3118,15118,0.197025,0.167351
rc_trial_a33_k3_hn05,4,3119,15119,0.153449,0.603562
rc_trial_a33_k3_hn05,4,3120,15120,0.386006,0.224099
rc_trial_a33_k3_hn05,4,3121,15121,0.392402,0.143725
rc_trial_a33_k3_hn05,4,3122,15122,-0.0454832,0.162369
rc_trial_a33_k3_hn05,4,3123,15123,0.234765,0.185084
rc_trial_a33_k3_hn05,4,3124,15124,0.0997295,0.212903
rc_trial_a33_k3_hn05,4,3125,15125,0.153044,0.308982
rc_trial_a33_k3_hn05,4,3126,15126,0.0532191,0.547462
rc_trial_a33_k3_hn05,4,3127,15127,-0.0610681,0.496678
rc_trial_a33_k3_hn05,4,3128,15128,0.341062,0.73684
rc_trial_a33_k3_hn05,4,3129,15129,0.473187,0.501572
rc_trial_a33_k3_hn05,4,3130,15130,0.510198,0.469403
rc_trial_a33_k3_hn05,4,3131,15131,0.737273,0.78608
rc_trial_a33_k3_hn05,4,3132,15132,0.785912,0.758637
rc_trial_a33_k3_hn05,4,3133,15133,0.787705,0.670911
rc_trial_a33_k3_hn05,4,3134,15134,0.363395,0.219615
rc_trial_a33_k3_hn05,4,3135,15135,0.123435,0.593021
rc_trial_a33_k3_hn05,4,3136,15136,0.301259,0.259029
rc_trial_a33_k3_hn05,4,3137,15137,0.812626,0.793536
rc_trial_a33_k3_hn05,4,3138,15138,0.727264,0.494838
rc_trial_a33_k3_hn05,4,3139,15139,0.697299,0.413218
rc_trial_a33_k3_hn05,4,3140,15140,0.547021,0.351291
rc_trial_a33_k3_hn05,4,3141,15141,0.511147,0.438328
rc_trial_a33_k3_hn05,4,3142,15142,0.861568,0.646
rc_trial_a33_k3_hn05,4,3143,15143,0.137297,0.124403
rc_trial_a33_k3_hn05,4,3144,15144,0.430357,0.134706
rc_trial_a33_k3_hn05,4,3145,15145,-0.416289,0.793816
rc_trial_a33_k3_hn05,4,3146,15146,-0.503049,0.720088
rc_trial_a33_k3_hn05,4,3147,15147,-0.488714,0.810058
rc_trial_a33_k3_hn05,4,3148,15148,-0.569129,0.545121
rc_trial_a33_k3_hn05,4,3149,15149,-0.379641,0.620338
rc_trial_a33_k3_hn05,4,3150,15150,0.0431633,0.244345
rc_trial_a33_k3_hn05,4,3151,15151,-0.127751,0.400619
rc_trial_a33_k3_hn05,4,3152,15152,-0.110731,0.553154
rc_trial_a33_k3_hn05,4,3153,15153,-0.14858,0.535722
rc_trial_a33_k3_hn05,4,3154,15154,-0.161534,0.750379
rc_trial_a33_k3_hn05,4,3155,15155,0.543344,0.399366
rc_trial_a33_k3_hn05,4,3156,15156,0.519861,0.285738
rc_trial_a33_k3_hn05,4,3157,15157,0.596386,0.369687
rc_trial_a33_k3_hn05,4,3158,15158,0.0691584,0.0896247
rc_trial_a33_k3_hn05,4,3159,15159,0.284018,0.237755
rc_trial_a33_k3_hn05,4,3160,15160,0.448074,0.374403
rc_trial_a33_k3_hn05,4,3161,15161,0.858494,0.919755
rc_trial_a33_k3_hn05,4,3162,15162,0.888293,0.577505
rc_trial_a33_k3_hn05,4,3163,15163,0.938677,0.744972
rc_trial_a33_k3_hn05,4,3164,15164,-0.0211206,0.234711
rc_trial_a33_k3_hn05,4,3165,15165,0.523732,0.0334659
rc_trial_a33_k3_hn05,4,3166,15166,0.117016,0.100292
rc_trial_a33_k3_hn05,4,3167,15167,0.423348,0.259666
rc_trial_a33_k3_hn05,4,3168,15168,0.342798,0.213079
rc_trial_a33_k3_hn05,4,3169,15169,0.403307,0.0144164
rc_trial_a33_k3_hn05,4,3170,15170,0.243555,0.0315267
rc_trial_a33_k3_hn05,4,3171,15171,0.219275,0.158546
rc_trial_a33_k3_hn05,4,3172,15172,0.428648,0.0343137
rc_trial_a33_k3_hn05,4,3173,15173,0.380623,0.296218
rc_trial_a33_k3_hn05,4,3174,15174,0.435308,0.162558
rc_trial_a33_k3_hn05,4,3175,15175,0.637267,0.339711
rc_trial_a33_k3_hn05,4,3176,15176,0.516838,0.216034
rc_trial_a33_k3_hn05,4,3177,15177,0.607958,0.798028
rc_trial_a33_k3_hn05,4,3178,15178,0.353708,0.738553
rc_trial_a33_k3_hn05,4,3179,15179,1.13116,0.775331
rc_trial_a33_k3_hn05,4,3180,15180,0.807222,0.399015
rc_trial_a33_k3_hn05,4,3181,15181,0.738752,0.43938
rc_trial_a33_k3_hn05,4,3182,15182,0.501433,0.239777
rc_trial_a33_k3_hn05,4,3183,15183,0.595756,0.463137
rc_trial_a33_k3_hn05,4,3184,15184,0.565364,0.168828
rc_trial_a33_k3_hn05,4,3185,15185,0.0615708,0.291452
rc_trial_a33_k3_hn05,4,3186,15186,0.285524,0.0560575
rc_trial_a33_k3_hn05,4,3187,15187,0.458832,0.667624
rc_trial_a33_k3_hn05,4,3188,15188,-0.0873045,0.744623
rc_trial_a33_k3_hn05,4,3189,15189,-0.219302,0.614609
rc_trial_a33_k3_hn05,4,3190,15190,0.444878,0.42115
rc_trial_a33_k3_hn05,4,3191,15191,0.284654,0.302609
rc_trial_a33_k3_hn05,4,3192,15192,0.344417,0.464168
rc_trial_a33_k3_hn05,4,3193,15193,0.34695,0.444864
rc_trial_a33_k3_hn05,4,3194,15194,0.402907,0.216896
rc_trial_a33_k3_hn05,4,3195,15195,0.543946,0.349021
rc_trial_a33_k3_hn05,4,3196,15196,0.229259,0.210002
rc_trial_a33_k3_hn05,4,3197,15197,0.273585,0.548312
rc_trial_a33_k3_hn05,4,3198,15198,0.310588,0.557306
rc_trial_a33_k3_hn05,4,3199,15199,0.396904,0.466683
rc_trial_a33_k3_hn05,4,3200,15200,0.635658,0.286434
rc_trial_a33_k3_hn05,4,3201,15201,0.396893,0.512747
rc_trial_a33_k3_hn05,4,3202,15202,0.200757,0.780731
rc_trial_a33_k3_hn05,4,3203,15203,0.184947,0.0837002
rc_trial_a33_k3_hn05,4,3204,15204,0.245391,0.458206
rc_trial_a33_k3_hn05,4,3205,15205,0.54687,0.496548
rc_trial_a33_k3_hn05,4,3206,15206,0.629446,0.384196
rc_trial_a33_k3_hn05,4,3207,15207,0.341306,0.141283
rc_trial_a33_k3_hn05,4,3208,15208,0.399562,0.387415
rc_trial_a33_k3_hn05,4,3209,15209,0.489568,0.54583
rc_trial_a33_k3_hn05,4,3210,15210,0.379051,0.590332
rc_trial_a33_k3_hn05,4,3211,15211,0.42657,0.346204
rc_trial_a33_k3_hn05,4,3212,15212,0.401914,0.247077
rc_trial_a33_k3_hn05,4,3213,15213,0.237352,0.0524144
rc_trial_a33_k3_hn05,4,3214,15214,0.230917,0.168335
rc_trial_a33_k3_hn05,4,3215,15215,0.308101,0.486339
rc_trial_a33_k3_hn05,4,3216,15216,0.423335,0.0285153
rc_trial_a33_k3_hn05,4,3217,15217,0.385115,0.0481691
rc_trial_a33_k3_hn05,4,3218,15218,0.257082,0.0320218
rc_trial_a33_k3_hn05,4,3219,15219,0.0722631,0.0533405
rc_trial_a33_k3_hn05,4,3220,15220,0.218651,0.0430572
rc_trial_a33_k3_hn05,4,3221,15221,0.156533,0.0465354
rc_trial_a33_k3_hn05,4,3222,15222,0.237639,0.0974796
rc_trial_a33_k3_hn05,4,3223,15223,0.117031,0.184053
rc_trial_a33_k3_hn05,4,3224,15224,0.198967,0.138708
rc_trial_a33_k3_hn05,4,3225,15225,0.261284,0.209878
rc_trial_a33_k3_hn05,4,3226,15226,0.292317,0.0599007
rc_trial_a33_k3_hn05,4,3227,15227,0.186652,0.0664609
rc_trial_a33_k3_hn05,4,3228,15228,0.218298,0.0601502
rc_trial_a33_k3_hn05,4,3229,15229,0.496496,0.219292
rc_trial_a33_k3_hn05,4,3230,15230,0.320649,0.255126
rc_trial_a33_k3_hn05,4,3231,15231,0.25126,0.202123
rc_trial_a33_k3_hn05,4,3232,15232,0.196946,0.25111
rc_trial_a33_k3_hn05,4,3233,15233,0.288371,0.896383
rc_trial_a33_k3_hn05,4,3234,15234,0.117327,0.323134
rc_trial_a33_k3_hn05,4,3235,15235,0.106087,0.373322
rc_trial_a33_k3_hn05,4,3236,15236,0.153248,0.405677
rc_trial_a33_k3_hn05,4,3237,15237,0.142998,0.24484
rc_trial_a33_k3_hn05,4,3238,15238,0.384262,0.68638
rc_trial_a33_k3_hn05,4,3239,15239,0.409023,0.875382
rc_trial_a33_k3_hn05,4,3240,15240,0.471511,0.121306
rc_trial_a33_k3_hn05,4,3241,15241,0.417532,0.267088
rc_trial_a33_k3_hn05,4,3242,15242,0.645288,0.352682
rc_trial_a33_k3_hn05,4,3243,15243,1.24455,1.15717
rc_trial_a33_k3_hn05,4,3244,15244,1.17652,0.779782
rc_trial_a33_k3_hn05,4,3245,15245,-0.108224,0.478975
rc_trial_a33_k3_hn05,4,3246,15246,0.248605,0.391655
rc_trial_a33_k3_hn05,4,3247,15247,0.0886493,1.01093
rc_trial_a33_k3_hn05,4,3248,15248,0.0761702,0.31934
rc_trial_a33_k3_hn05,4,3249,15249,0.215851,0.294484
rc_trial_a33_k3_hn05,4,3250,15250,0.222396,0.402734
rc_trial_a33_k3_hn05,4,3251,15251,0.752553,0.75783
rc_trial_a33_k3_hn05,4,3252,15252,0.731593,0.667067
rc_trial_a33_k3_hn05,4,3253,15253,0.767797,0.606018
rc_trial_a33_k3_hn05,4,3254,15254,0.922518,0.910116
rc_trial_a33_k3_hn05,4,3255,15255,0.880774,0.931263
rc_trial_a33_k3_hn05,4,3256,15256,1.00886,0.973261
rc_trial_a33_k3_hn05,4,3257,15257,0.306699,0.10006
rc_trial_a33_k3_hn05,4,3258,15258,0.321406,0.230729
rc_trial_a33_k3_hn05,4,3259,15259,0.31563,0.50722
rc_trial_a33_k3_hn05,4,3260,15260,0.235612,0.348708
rc_trial_a33_k3_hn05,4,3261,15261,0.188566,0.372774
rc_trial_a33_k3_hn05,4,3262,15262,0.20657,1.05171
rc_trial_a33_k3_hn05,4,3263,15263,0.520348,0.819612
rc_trial_a33_k3_hn05,4,3264,15264,-0.0756318,0.71335
rc_trial_a33_k3_hn05,4,3265,15265,0.46805,0.396978
rc_trial_a33_k3_hn05,4,3266,15266,0.263181,0.561028
rc_trial_a33_k3_hn05,4,3267,15267,-0.0883849,0.53336
rc_trial_a33_k3_hn05,4,3268,15268,-0.55044,1.10295
rc_trial_a33_k3_hn05,4,3269,15269,-0.553444,1.02858
rc_trial_a33_k3_hn05,4,3270,15270,0.340614,0.257761
rc_trial_a33_k3_hn05,4,3271,15271,0.439447,0.263774
rc_trial_a33_k3_hn05,4,3272,15272,0.300818,0.20308
rc_trial_a33_k3_hn05,4,3273,15273,0.211418,0.354483
rc_trial_a33_k3_hn05,4,3274,15274,0.107816,0.208821
rc_trial_a33_k3_hn05,4,3275,15275,0.4217,0.112159
rc_trial_a33_k3_hn05,4,3276,15276,0.114267,0.157283
rc_trial_a33_k3_hn05,4,3277,15277,0.214998,0.379353
rc_trial_a33_k3_hn05,4,3278,15278,-0.0210032,0.501412
rc_trial_a33_k3_hn05,4,3279,15279,0.346751,0.45902
rc_trial_a33_k3_hn05,4,3280,15280,0.752942,0.521632
rc_trial_a33_k3_hn05,4,3281,15281,0.370748,0.0360979
rc_trial_a33_k3_hn05,4,3282,15282,0.164588,0.0428928
rc_trial_a33_k3_hn05,4,3283,15283,0.156108,0.0133623
rc_trial_a33_k3_hn05,4,3284,15284,0.132917,0.0138137
rc_trial_a33_k3_hn05,4,3285,15285,0.025678,0.0236332
rc_trial_a33_k3_hn05,4,3286,15286,0.231164,0.0259941
rc_trial_a33_k3_hn05,4,3287,15287,0.215654,0.00488996
rc_trial_a33_k3_hn05,4,3288,15288,0.269636,0.0625639
rc_trial_a33_k3_hn05,4,3289,15289,0.213016,0.270605
rc_trial_a33_k3_hn05,4,3290,15290,0.255961,0.728212
rc_trial_a33_k3_hn05,4,3291,15291,0.345299,0.287486
rc_trial_a33_k3_hn05,4,3292,15292,0.317598,0.313661
rc_trial_a33_k3_hn05,4,3293,15293,0.291213,0.349342
rc_trial_a33_k3_hn05,4,3294,15294,0.310271,1.08326
rc_trial_a33_k3_hn05,4,3295,15295,0.460086,0.502795
rc_trial_a33_k3_hn05,4,3296,15296,0.644547,0.502421
rc_trial_a33_k3_hn05,4,3297,15297,0.596374,0.808719
rc_trial_a33_k3_hn05,4,3298,15298,0.697764,0.393336
rc_trial_a33_k3_hn05,4,3299,15299,0.332119,0.314354
rc_trial_a33_k3_hn05,4,3300,15300,0.326402,0.11977
rc_trial_a33_k3_hn05,4,3301,15301,0.407591,0.115826
rc_trial_a33_k3_hn05,4,3302,15302,-0.0217888,0.226331
rc_trial_a33_k3_hn05,4,3303,15303,0.349868,0.799087
rc_trial_a33_k3_hn05,4,3304,15304,0.0834733,0.442144
rc_trial_a33_k3_hn05,4,3305,15305,0.377544,0.24846
rc_trial_a33_k3_hn05,4,3306,15306,0.40896,0.0385216
rc_trial_a33_k3_hn05,4,3307,15307,0.675213,0.231274
rc_trial_a33_k3_hn05,4,3308,15308,0.615331,0.237044
rc_trial_a33_k3_hn05,4,3309,15309,0.717664,0.467812
rc_trial_a33_k3_hn05,4,3310,15310,0.431499,0.222623
rc_trial_a33_k3_hn05,4,3311,15311,0.706519,0.517529
rc_trial_a33_k3_hn05,4,3312,15312,0.846873,0.426154
rc_trial_a33_k3_hn05,4,3313,15313,0.78604,0.617015
rc_trial_a33_k3_hn05,4,3314,15314,0.754655,0.767234
rc_trial_a33_k3_hn05,4,3315,15315,0.445262,0.343294
rc_trial_a33_k3_hn05,4,3316,15316,0.405306,0.554187
rc_trial_a33_k3_hn05,4,3317,15317,0.373965,0.531803
rc_trial_a33_k3_hn05,4,3318,15318,0.443277,0.388961
rc_trial_a33_k3_hn05,4,3319,15319,0.421027,0.498663
rc_trial_a33_k3_hn05,4,3320,15320,0.14777,0.282771
rc_trial_a33_k3_hn05,4,3321,15321,0.0377741,0.36812
rc_trial_a33_k3_hn05,4,3322,15322,0.254483,0.164698
rc_trial_a33_k3_hn05,4,3323,15323,0.34588,0.318579
rc_trial_a33_k3_hn05,4,3324,15324,0.158375,0.0811819
rc_trial_a33_k3_hn05,4,3325,15325,0.135995,0.125999
rc_trial_a33_k3_hn05,4,3326,15326,0.218202,0.200205
rc_trial_a33_k3_hn05,4,3327,15327,1.55183,0.842418
rc_trial_a33_k3_hn05,4,3328,15328,0.869344,0.709748
rc_trial_a33_k3_hn05,4,3329,15329,0.774204,0.555018
rc_trial_a33_k3_hn05,4,3330,15330,0.61412,0.662616
rc_trial_a33_k3_hn05,4,3331,15331,0.744621,0.546038
rc_trial_a33_k3_hn05,4,3332,15332,0.192093,0.36452
rc_trial_a33_k3_hn05,4,3333,15333,0.177745,0.353826
rc_trial_a33_k3_hn05,4,3334,15334,0.0399799,0.533255
rc_trial_a33_k3_hn05,4,3335,15335,0.285014,0.560842
rc_trial_a33_k3_hn05,4,3336,15336,0.422379,0.0980609
rc_trial_a33_k3_hn05,4,3337,15337,0.307667,0.0830921
rc_trial_a33_k3_hn05,4,3338,15338,0.348767,0.0660831
rc_trial_a33_k3_hn05,4,3339,15339,0.220364,0.0615471
rc_trial_a33_k3_hn05,4,3340,15340,0.279245,0.125305
rc_trial_a33_k3_hn05,4,3341,15341,0.235458,0.0207347
rc_trial_a33_k3_hn05,4,3342,15342,0.210697,0.0717353
rc_trial_a33_k3_hn05,4,3343,15343,0.245548,0.193695
rc_trial_a33_k3_hn05,4,3344,15344,0.202546,0.167065
rc_trial_a33_k3_hn05,4,3345,15345,0.243462,0.161758
rc_trial_a33_k3_hn05,4,3346,15346,0.142739,0.173996
rc_trial_a33_k3_hn05,4,3347,15347,0.150495,0.141835
rc_trial_a33_k3_hn05,4,3348,15348,0.468083,0.0650387
rc_trial_a33_k3_hn05,4,3349,15349,0.163076,0.123569
rc_trial_a33_k3_hn05,4,3350,15350,0.435134,0.313084
rc_trial_a33_k3_hn05,4,3351,15351,0.912234,0.331056
rc_trial_a33_k3_hn05,4,3352,15352,1.39245,0.988137
rc_trial_a33_k3_hn05,4,3353,15353,1.2321,0.703836
rc_trial_a33_k3_hn05,4,3354,15354,1.27858,0.869962
rc_trial_a33_k3_hn05,4,3355,15355,1.04488,0.593225
rc_trial_a33_k3_hn05,4,3356,15356,1.24865,0.669804
rc_trial_a33_k3_hn05,4,3357,15357,1.08215,0.611282
rc_trial_a33_k3_hn05,4,3358,15358,0.619838,0.470177
rc_trial_a33_k3_hn05,4,3359,15359,0.943759,1.10307
rc_trial_a33_k3_hn05,4,3360,15360,0.968382,1.1338
rc_trial_a33_k3_hn05,4,3361,15361,0.937267,1.09217
rc_trial_a33_k3_hn05,4,3362,15362,0.812118,0.629301
rc_trial_a33_k3_hn05,4,3363,15363,0.287785,0.77126
rc_trial_a33_k3_hn05,4,3364,15364,0.341594,0.914422
rc_trial_a33_k3_hn05,4,3365,15365,0.164407,0.311024
rc_trial_a33_k3_hn05,4,3366,15366,0.422802,0.234286
rc_trial_a33_k3_hn05,4,3367,15367,0.256256,0.662338
rc_trial_a33_k3_hn05,4,3368,15368,0.55253,0.650799
rc_trial_a33_k3_hn05,4,3369,15369,0.793503,1.10029
rc_trial_a33_k3_hn05,4,3370,15370,0.598836,0.613556
rc_trial_a33_k3_hn05,4,3371,15371,0.785722,0.626744
rc_trial_a33_k3_hn05,4,3372,15372,0.739782,0.340513
rc_trial_a33_k3_hn05,4,3373,15373,0.872463,0.651916
rc_trial_a33_k3_hn05,4,3374,15374,0.803443,0.686604
rc_trial_a33_k3_hn05,4,3375,15375,0.921874,0.785855
rc_trial_a33_k3_hn05,4,3376,15376,0.983796,0.957286
rc_trial_a33_k3_hn05,4,3377,15377,0.883539,0.628867
rc_trial_a33_k3_hn05,4,3378,15378,0.107299,0.580916
rc_trial_a33_k3_hn05,4,3379,15379,0.275249,0.773393
rc_trial_a33_k3_hn05,4,3380,15380,0.310565,0.420404
rc_trial_a33_k3_hn05,4,3381,15381,0.279154,0.330946
rc_trial_a33_k3_hn05,4,3382,15382,0.392004,0.321553
rc_trial_a33_k3_hn05,4,3383,15383,0.428666,0.215896
rc_trial_a33_k3_hn05,4,3384,15384,0.41802,0.208016
rc_trial_a33_k3_hn05,4,3385,15385,0.490603,0.411697
rc_trial_a33_k3_hn05,4,3386,15386,0.348662,0.420832
rc_trial_a33_k3_hn05,4,3387,15387,0.529504,0.654061
rc_trial_a33_k3_hn05,4,3388,15388,0.680373,0.465008
rc_trial_a33_k3_hn05,4,3389,15389,0.612055,0.760063
rc_trial_a33_k3_hn05,4,3390,15390,0.912759,0.506322
rc_trial_a33_k3_hn05,4,3391,15391,0.913905,0.323918
rc_trial_a33_k3_hn05,4,3392,15392,0.672932,0.500651
rc_trial_a33_k3_hn05,4,3393,15393,0.19524,0.106979
rc_trial_a33_k3_hn05,4,3394,15394,0.313776,0.0485127
rc_trial_a33_k3_hn05,4,3395,15395,0.272484,0.0129222
rc_trial_a33_k3_hn05,4,3396,15396,0.304866,0.0105592
rc_trial_a33_k3_hn05,4,3397,15397,0.376191,0.0325499
rc_trial_a33_k3_hn05,4,3398,15398,0.240789,0.42649
rc_trial_a33_k3_hn05,4,3399,15399,0.303027,0.2568
rc_trial_a33_k3_hn05,4,3400,15400,0.498441,0.431407
rc_trial_a33_k3_hn05,4,3401,15401,-0.203086,0.307923
rc_trial_a33_k3_hn05,4,3402,15402,0.349876,0.229602
rc_trial_a33_k3_hn05,4,3403,15403,0.388468,0.157386
rc_trial_a33_k3_hn05,4,3404,15404,0.360187,0.190286
rc_trial_a33_k3_hn05,4,3405,15405,0.365333,0.210578
rc_trial_a33_k3_hn05,4,3406,15406,0.0349878,0.332327
rc_trial_a33_k3_hn05,4,3407,15407,0.504766,0.243899
rc_trial_a33_k3_hn05,4,3408,15408,0.284102,0.626853
rc_trial_a33_k3_hn05,4,3409,15409,0.41276,0.300045
rc_trial_a33_k3_hn05,4,3410,15410,0.20638599999999999,1.20099
rc_trial_a33_k3_hn05,4,3411,15411,0.653551,0.571636
rc_trial_a33_k3_hn05,4,3412,15412,0.0770574,0.218974
rc_trial_a33_k3_hn05,4,3413,15413,0.337288,0.170819
rc_trial_a33_k3_hn05,4,3414,15414,0.217696,0.153706
rc_trial_a33_k3_hn05,4,3415,15415,0.165047,0.37659
rc_trial_a33_k3_hn05,4,3416,15416,0.370943,0.374449
rc_trial_a33_k3_hn05,4,3417,15417,0.308439,0.729781
rc_trial_a33_k3_hn05,4,3418,15418,0.249233,0.811069
rc_trial_a33_k3_hn05,4,3419,15419,0.358158,0.693845
rc_trial_a33_k3_hn05,4,3420,15420,0.451755,0.935938
rc_trial_a33_k3_hn05,4,3421,15421,0.459146,0.992134
rc_trial_a33_k3_hn05,4,3422,15422,0.553885,0.571863
rc_trial_a33_k3_hn05,4,3423,15423,0.280677,0.887066
rc_trial_a33_k3_hn05,4,3424,15424,0.486331,0.566157
rc_trial_a33_k3_hn05,4,3425,15425,0.464917,0.587252
rc_trial_a33_k3_hn05,4,3426,15426,0.577515,0.391189
rc_trial_a33_k3_hn05,4,3427,15427,0.41455,0.550985
rc_trial_a33_k3_hn05,4,3428,15428,0.394238,0.505787
rc_trial_a33_k3_hn05,4,3429,15429,0.304891,0.465282
rc_trial_a33_k3_hn05,4,3430,15430,0.45684,0.272447
rc_trial_a33_k3_hn05,4,3431,15431,0.143711,0.0726979
rc_trial_a33_k3_hn05,4,3432,15432,0.238156,0.156589
rc_trial_a33_k3_hn05,4,3433,15433,0.287674,0.126099
rc_trial_a33_k3_hn05,4,3434,15434,0.407839,0.162386
rc_trial_a33_k3_hn05,4,3435,15435,0.173639,0.201493
rc_trial_a33_k3_hn05,4,3436,15436,0.341811,0.0945296
rc_trial_a33_k3_hn05,4,3437,15437,-1.05128,1.59383
rc_trial_a33_k3_hn05,4,3438,15438,-0.870129,0.827372
rc_trial_a33_k3_hn05,4,3439,15439,-1.21266,1.12804
rc_trial_a33_k3_hn05,4,3440,15440,-1.15736,1.14057
rc_trial_a33_k3_hn05,4,3441,15441,-1.06258,0.951935
rc_trial_a33_k3_hn05,4,3442,15442,-1.0211,0.815117
rc_trial_a33_k3_hn05,4,3443,15443,-0.163085,0.698017
rc_trial_a33_k3_hn05,4,3444,15444,-0.0223573,0.646007
rc_trial_a33_k3_hn05,4,3445,15445,-0.0167904,0.85340800000000006
rc_trial_a33_k3_hn05,4,3446,15446,0.0745379,0.935121
rc_trial_a33_k3_hn05,4,3447,15447,0.0224352,1.03272
rc_trial_a33_k3_hn05,4,3448,15448,0.127801,0.697553
rc_trial_a33_k3_hn05,4,3449,15449,0.753899,0.390904
rc_trial_a33_k3_hn05,4,3450,15450,0.522401,0.680663
rc_trial_a33_k3_hn05,4,3451,15451,0.303627,0.32919
rc_trial_a33_k3_hn05,4,3452,15452,0.26977,0.627991
rc_trial_a33_k3_hn05,4,3453,15453,0.189554,0.290069
rc_trial_a33_k3_hn05,4,3454,15454,0.304806,0.558909
rc_trial_a33_k3_hn05,4,3455,15455,0.238656,0.0498645
rc_trial_a33_k3_hn05,4,3456,15456,0.104574,0.025527
rc_trial_a33_k3_hn05,4,3457,15457,0.318384,0.112186
rc_trial_a33_k3_hn05,4,3458,15458,0.0450538,0.0951341
rc_trial_a33_k3_hn05,4,3459,15459,0.457118,0.0647179
rc_trial_a33_k3_hn05,4,3460,15460,0.32082,0.102288
rc_trial_a33_k3_hn05,4,3461,15461,0.068447,0.170045
rc_trial_a33_k3_hn05,4,3462,15462,-0.0656533,0.355884
rc_trial_a33_k3_hn05,4,3463,15463,-0.274138,0.60269
rc_trial_a33_k3_hn05,4,3464,15464,0.0981596,0.662509
rc_trial_a33_k3_hn05,4,3465,15465,-0.308485,0.743193
rc_trial_a33_k3_hn05,4,3466,15466,0.07645,0.274529
rc_trial_a33_k3_hn05,4,3467,15467,-0.241723,0.61822
rc_trial_a33_k3_hn05,4,3468,15468,0.419582,0.680525
rc_trial_a33_k3_hn05,4,3469,15469,0.265935,0.503848
rc_trial_a33_k3_hn05,4,3470,15470,0.26353,0.180137
rc_trial_a33_k3_hn05,4,3471,15471,0.338787,0.0377468
rc_trial_a33_k3_hn05,4,3472,15472,0.189564,0.157793
rc_trial_a33_k3_hn05,4,3473,15473,0.719925,0.733982
rc_trial_a33_k3_hn05,4,3474,15474,0.549285,0.422091
rc_trial_a33_k3_hn05,4,3475,15475,0.648922,0.550783
rc_trial_a33_k3_hn05,4,3476,15476,0.667231,0.659884
rc_trial_a33_k3_hn05,4,3477,15477,0.406766,0.519166
rc_trial_a33_k3_hn05,4,3478,15478,0.315419,0.585161
rc_trial_a33_k3_hn05,4,3479,15479,0.282835,0.460356
rc_trial_a33_k3_hn05,4,3480,15480,0.285866,0.231534
rc_trial_a33_k3_hn05,4,3481,15481,0.330873,0.127075
rc_trial_a33_k3_hn05,4,3482,15482,0.218703,0.0384515
rc_trial_a33_k3_hn05,4,3483,15483,0.145838,0.04497
rc_trial_a33_k3_hn05,4,3484,15484,0.319455,0.300842
rc_trial_a33_k3_hn05,4,3485,15485,0.406204,0.534314
rc_trial_a33_k3_hn05,4,3486,15486,0.267359,0.222802
rc_trial_a33_k3_hn05,4,3487,15487,0.226404,0.187113
rc_trial_a33_k3_hn05,4,3488,15488,0.354114,0.114909
rc_trial_a33_k3_hn05,4,3489,15489,0.325041,0.478103
rc_trial_a33_k3_hn05,4,3490,15490,0.120167,0.174783
rc_trial_a33_k3_hn05,4,3491,15491,0.444655,0.162763
rc_trial_a33_k3_hn05,4,3492,15492,0.046667,0.171533
rc_trial_a33_k3_hn05,4,3493,15493,0.288973,0.289872
rc_trial_a33_k3_hn05,4,3494,15494,0.325132,0.218552
rc_trial_a33_k3_hn05,4,3495,15495,0.309848,0.0630773
rc_trial_a33_k3_hn05,4,3496,15496,0.27823,0.0746775
rc_trial_a33_k3_hn05,4,3497,15497,0.195553,0.230364
rc_trial_a33_k3_hn05,4,3498,15498,0.174788,0.491844
rc_trial_a33_k3_hn05,4,3499,15499,0.517054,0.170296
rc_trial_a33_k3_hn05,4,3500,15500,0.518269,0.171821
rc_trial_a33_k3_hn05,4,3501,15501,0.522486,0.168588
rc_trial_a33_k3_hn05,4,3502,15502,0.633384,0.255136
rc_trial_a33_k3_hn05,4,3503,15503,0.490925,0.135466
rc_trial_a33_k3_hn05,4,3504,15504,1.11808,0.599556
rc_trial_a33_k3_hn05,4,3505,15505,1.1543,0.715488
rc_trial_a33_k3_hn05,4,3506,15506,1.01494,0.493813
rc_trial_a33_k3_hn05,4,3507,15507,0.974071,0.462476
rc_trial_a33_k3_hn05,4,3508,15508,0.830046,0.889953
rc_trial_a33_k3_hn05,4,3509,15509,0.863851,0.85249
rc_trial_a33_k3_hn05,4,3510,15510,0.836749,1.01972
rc_trial_a33_k3_hn05,4,3511,15511,0.937426,1.05807
rc_trial_a33_k3_hn05,4,3512,15512,0.89707,0.94957
rc_trial_a33_k3_hn05,4,3513,15513,0.242321,0.329494
rc_trial_a33_k3_hn05,4,3514,15514,0.301071,0.71333
rc_trial_a33_k3_hn05,4,3515,15515,0.0772384,0.314795
rc_trial_a33_k3_hn05,4,3516,15516,0.129184,0.198104
rc_trial_a33_k3_hn05,4,3517,15517,0.111275,0.542105
rc_trial_a33_k3_hn05,4,3518,15518,0.0151183,0.391173
rc_trial_a33_k3_hn05,4,3519,15519,-0.0945356,0.301466
rc_trial_a33_k3_hn05,4,3520,15520,0.0344565,0.275221
rc_trial_a33_k3_hn05,4,3521,15521,0.509735,0.500571
rc_trial_a33_k3_hn05,4,3522,15522,0.0817603,0.217365
rc_trial_a33_k3_hn05,4,3523,15523,0.264489,0.0814389
rc_trial_a33_k3_hn05,4,3524,15524,-0.0129184,0.279255
rc_trial_a33_k3_hn05,4,3525,15525,-0.0177783,0.336386
rc_trial_a33_k3_hn05,4,3526,15526,0.0108718,0.572497
rc_trial_a33_k3_hn05,4,3527,15527,-0.123777,0.773407
rc_trial_a33_k3_hn05,4,3528,15528,-0.153531,0.697964
rc_trial_a33_k3_hn05,4,3529,15529,0.0362789,0.754839
rc_trial_a33_k3_hn05,4,3530,15530,0.241525,0.460738
rc_trial_a33_k3_hn05,4,3531,15531,0.286284,0.23604
rc_trial_a33_k3_hn05,4,3532,15532,0.337901,0.264021
rc_trial_a33_k3_hn05,4,3533,15533,0.420964,0.218476
rc_trial_a33_k3_hn05,4,3534,15534,-0.0139312,0.403125
rc_trial_a33_k3_hn05,4,3535,15535,0.050783,0.637478
rc_trial_a33_k3_hn05,4,3536,15536,0.0800056,0.618723
rc_trial_a33_k3_hn05,4,3537,15537,0.172068,0.179329
rc_trial_a33_k3_hn05,4,3538,15538,0.300812,0.718725
rc_trial_a33_k3_hn05,4,3539,15539,0.325163,0.435243
rc_trial_a33_k3_hn05,4,3540,15540,0.263693,0.180338
rc_trial_a33_k3_hn05,4,3541,15541,0.279169,0.0308558
rc_trial_a33_k3_hn05,4,3542,15542,0.217441,0.0814141
rc_trial_a33_k3_hn05,4,3543,15543,0.477418,0.175687
rc_trial_a33_k3_hn05,4,3544,15544,0.619498,0.565166
rc_trial_a33_k3_hn05,4,3545,15545,0.749368,0.326813
rc_trial_a33_k3_hn05,4,3546,15546,0.4943,0.684102
rc_trial_a33_k3_hn05,4,3547,15547,0.460295,0.62416
rc_trial_a33_k3_hn05,4,3548,15548,0.417151,0.491314
rc_trial_a33_k3_hn05,4,3549,15549,0.441233,0.505147
rc_trial_a33_k3_hn05,4,3550,15550,0.478418,0.537186
rc_trial_a33_k3_hn05,4,3551,15551,0.351567,0.645581
rc_trial_a33_k3_hn05,4,3552,15552,0.417477,0.458277
rc_trial_a33_k3_hn05,4,3553,15553,0.519177,0.806075
rc_trial_a33_k3_hn05,4,3554,15554,0.660257,0.665531
rc_trial_a33_k3_hn05,4,3555,15555,0.829362,0.589033
rc_trial_a33_k3_hn05,4,3556,15556,0.615163,0.333081
rc_trial_a33_k3_hn05,4,3557,15557,0.615264,0.251484
rc_trial_a33_k3_hn05,4,3558,15558,0.185263,0.545767
rc_trial_a33_k3_hn05,4,3559,15559,0.491746,0.393895
rc_trial_a33_k3_hn05,4,3560,15560,0.578259,0.33767
rc_trial_a33_k3_hn05,4,3561,15561,-0.205912,0.398458
rc_trial_a33_k3_hn05,4,3562,15562,-0.0701761,0.259485
rc_trial_a33_k3_hn05,4,3563,15563,-0.0191777,0.374556
rc_trial_a33_k3_hn05,4,3564,15564,0.973039,0.54283
rc_trial_a33_k3_hn05,4,3565,15565,0.81298,0.500018
rc_trial_a33_k3_hn05,4,3566,15566,0.165578,0.0755749
rc_trial_a33_k3_hn05,4,3567,15567,0.352253,0.274408
rc_trial_a33_k3_hn05,4,3568,15568,0.347783,0.242642
rc_trial_a33_k3_hn05,4,3569,15569,0.300292,0.273147
rc_trial_a33_k3_hn05,4,3570,15570,0.113331,0.24295
rc_trial_a33_k3_hn05,4,3571,15571,0.685403,0.769756
rc_trial_a33_k3_hn05,4,3572,15572,0.27794,0.252477
rc_trial_a33_k3_hn05,4,3573,15573,0.292379,0.241041
rc_trial_a33_k3_hn05,4,3574,15574,0.39633,0.455488
rc_trial_a33_k3_hn05,4,3575,15575,0.559462,0.348865
rc_trial_a33_k3_hn05,4,3576,15576,0.494161,0.225624
rc_trial_a33_k3_hn05,4,3577,15577,0.319957,0.336599
rc_trial_a33_k3_hn05,4,3578,15578,0.239293,0.406814
rc_trial_a33_k3_hn05,4,3579,15579,0.20933,0.52653
rc_trial_a33_k3_hn05,4,3580,15580,0.357322,0.830581
rc_trial_a33_k3_hn05,4,3581,15581,0.468049,0.383855
rc_trial_a33_k3_hn05,4,3582,15582,0.285472,1.08704
rc_trial_a33_k3_hn05,4,3583,15583,0.227045,0.0592656
rc_trial_a33_k3_hn05,4,3584,15584,0.234257,0.0963986
rc_trial_a33_k3_hn05,4,3585,15585,0.307391,0.101441
rc_trial_a33_k3_hn05,4,3586,15586,0.330465,0.0796107
rc_trial_a33_k3_hn05,4,3587,15587,0.369714,0.100555
rc_trial_a33_k3_hn05,4,3588,15588,0.243853,0.0213637
rc_trial_a33_k3_hn05,4,3589,15589,0.262547,0.00669317
rc_trial_a33_k3_hn05,4,3590,15590,0.413428,0.13418
rc_trial_a33_k3_hn05,4,3591,15591,0.284202,0.142419
rc_trial_a33_k3_hn05,4,3592,15592,0.251945,0.138258
rc_trial_a33_k3_hn05,4,3593,15593,0.374309,0.249372
rc_trial_a33_k3_hn05,4,3594,15594,0.137708,0.063139
rc_trial_a33_k3_hn05,4,3595,15595,0.421757,0.116054
rc_trial_a33_k3_hn05,4,3596,15596,0.136865,0.128032
rc_trial_a33_k3_hn05,4,3597,15597,0.539569,0.173642
rc_trial_a33_k3_hn05,4,3598,15598,0.0285901,0.638536
rc_trial_a33_k3_hn05,4,3599,15599,0.270443,0.264115
rc_trial_a33_k3_hn05,4,3600,15600,0.137307,0.171366
rc_trial_a33_k3_hn05,4,3601,15601,0.241292,0.165043
rc_trial_a33_k3_hn05,4,3602,15602,0.256726,0.102649
rc_trial_a33_k3_hn05,4,3603,15603,0.336736,0.0834176
rc_trial_a33_k3_hn05,4,3604,15604,0.302132,0.0198571
rc_trial_a33_k3_hn05,4,3605,15605,0.144498,0.0303751
rc_trial_a33_k3_hn05,4,3606,15606,0.480596,0.0575867
rc_trial_a33_k3_hn05,4,3607,15607,0.217043,0.0422698
rc_trial_a33_k3_hn05,4,3608,15608,0.27117,0.00675581
rc_trial_a33_k3_hn05,4,3609,15609,0.270036,0.0317851
rc_trial_a33_k3_hn05,4,3610,15610,-0.0478661,0.264161
rc_trial_a33_k3_hn05,4,3611,15611,0.233665,0.122079
rc_trial_a33_k3_hn05,4,3612,15612,-0.10111,0.297306
rc_trial_a33_k3_hn05,4,3613,15613,-0.156033,0.232013
rc_trial_a33_k3_hn05,4,3614,15614,0.321851,0.0117743
rc_trial_a33_k3_hn05,4,3615,15615,0.154773,0.231307
rc_trial_a33_k3_hn05,4,3616,15616,0.288374,0.0031085
rc_trial_a33_k3_hn05,4,3617,15617,0.229578,0.0628683
rc_trial_a33_k3_hn05,4,3618,15618,0.526752,0.153705
rc_trial_a33_k3_hn05,4,3619,15619,0.612594,0.329245
rc_trial_a33_k3_hn05,4,3620,15620,0.149819,0.404008
rc_trial_a33_k3_hn05,4,3621,15621,0.115567,0.37016
rc_trial_a33_k3_hn05,4,3622,15622,0.212017,0.313762
rc_trial_a33_k3_hn05,4,3623,15623,0.190357,0.474177
rc_trial_a33_k3_hn05,4,3624,15624,0.184064,0.447564
rc_trial_a33_k3_hn05,4,3625,15625,0.152186,0.698799
rc_trial_a33_k3_hn05,4,3626,15626,0.165426,0.825147
rc_trial_a33_k3_hn05,4,3627,15627,0.586851,0.768763
rc_trial_a33_k3_hn05,4,3628,15628,0.919245,0.65438
rc_trial_a33_k3_hn05,4,3629,15629,0.173476,0.620757
rc_trial_a33_k3_hn05,4,3630,15630,0.234528,0.600608
rc_trial_a33_k3_hn05,4,3631,15631,0.491667,0.396996
rc_trial_a33_k3_hn05,4,3632,15632,0.502566,0.405266
rc_trial_a33_k3_hn05,4,3633,15633,0.543293,0.534087
rc_trial_a33_k3_hn05,4,3634,15634,0.124319,0.199746
rc_trial_a33_k3_hn05,4,3635,15635,0.412654,0.525619
rc_trial_a33_k3_hn05,4,3636,15636,0.10341,0.443148
rc_trial_a33_k3_hn05,4,3637,15637,0.146442,0.457497
rc_trial_a33_k3_hn05,4,3638,15638,0.386539,0.0465761
rc_trial_a33_k3_hn05,4,3639,15639,0.013825,0.598025
rc_trial_a33_k3_hn05,4,3640,15640,-0.0319898,0.993862
rc_trial_a33_k3_hn05,4,3641,15641,-0.280413,0.449829
rc_trial_a33_k3_hn05,4,3642,15642,-0.354287,0.854576
rc_trial_a33_k3_hn05,4,3643,15643,0.129068,0.459877
rc_trial_a33_k3_hn05,4,3644,15644,0.120343,0.657227
rc_trial_a33_k3_hn05,4,3645,15645,0.164724,0.634309
rc_trial_a33_k3_hn05,4,3646,15646,0.175967,0.519322
rc_trial_a33_k3_hn05,4,3647,15647,0.372109,0.533949
rc_trial_a33_k3_hn05,4,3648,15648,0.567104,0.744215
rc_trial_a33_k3_hn05,4,3649,15649,0.710648,1.01085
rc_trial_a33_k3_hn05,4,3650,15650,0.305641,0.218311
rc_trial_a33_k3_hn05,4,3651,15651,0.32129,0.203223
rc_trial_a33_k3_hn05,4,3652,15652,0.290699,0.68467
rc_trial_a33_k3_hn05,4,3653,15653,0.243741,0.254491
rc_trial_a33_k3_hn05,4,3654,15654,0.121467,0.205489
rc_trial_a33_k3_hn05,4,3655,15655,-0.0309745,0.390585
rc_trial_a33_k3_hn05,4,3656,15656,-0.0236841,0.443428
rc_trial_a33_k3_hn05,4,3657,15657,1.20053,0.823197
rc_trial_a33_k3_hn05,4,3658,15658,1.2187,0.735506
rc_trial_a33_k3_hn05,4,3659,15659,0.808042,0.38106
rc_trial_a33_k3_hn05,4,3660,15660,0.576291,0.492085
rc_trial_a33_k3_hn05,4,3661,15661,0.590612,0.663345
rc_trial_a33_k3_hn05,4,3662,15662,0.302842,0.552248
rc_trial_a33_k3_hn05,4,3663,15663,0.853521,0.505275
rc_trial_a33_k3_hn05,4,3664,15664,0.378794,0.215613
rc_trial_a33_k3_hn05,4,3665,15665,0.453932,0.283819
rc_trial_a33_k3_hn05,4,3666,15666,0.118309,0.139976
rc_trial_a33_k3_hn05,4,3667,15667,0.274236,0.0871509
rc_trial_a33_k3_hn05,4,3668,15668,1.1365,0.781258
rc_trial_a33_k3_hn05,4,3669,15669,0.412058,0.489034
rc_trial_a33_k3_hn05,4,3670,15670,0.366324,0.249364
rc_trial_a33_k3_hn05,4,3671,15671,0.384419,0.245621
rc_trial_a33_k3_hn05,4,3672,15672,0.10901,0.486778
rc_trial_a33_k3_hn05,4,3673,15673,0.165254,0.235215
rc_trial_a33_k3_hn05,4,3674,15674,0.175841,0.178592
rc_trial_a33_k3_hn05,4,3675,15675,0.182156,1.46871
rc_trial_a33_k3_hn05,4,3676,15676,0.192195,1.35184
rc_trial_a33_k3_hn05,4,3677,15677,0.365283,0.146108
rc_trial_a33_k3_hn05,4,3678,15678,0.284841,0.298226
rc_trial_a33_k3_hn05,4,3679,15679,0.284505,0.154102
rc_trial_a33_k3_hn05,4,3680,15680,0.824657,0.619139
rc_trial_a33_k3_hn05,4,3681,15681,0.411131,0.351392
rc_trial_a33_k3_hn05,4,3682,15682,0.462318,0.429078
rc_trial_a33_k3_hn05,4,3683,15683,0.465462,0.341382
rc_trial_a33_k3_hn05,4,3684,15684,0.242636,0.111224
rc_trial_a33_k3_hn05,4,3685,15685,0.119095,0.149329
rc_trial_a33_k3_hn05,4,3686,15686,0.302467,0.0816857
rc_trial_a33_k3_hn05,4,3687,15687,0.165708,0.488326
rc_trial_a33_k3_hn05,4,3688,15688,0.220506,0.37886
rc_trial_a33_k3_hn05,4,3689,15689,0.256705,0.333164
rc_trial_a33_k3_hn05,4,3690,15690,0.483603,0.590266
rc_trial_a33_k3_hn05,4,3691,15691,0.503171,0.667594
rc_trial_a33_k3_hn05,4,3692,15692,0.665773,0.696016
rc_trial_a33_k3_hn05,4,3693,15693,0.513965,0.320229
rc_trial_a33_k3_hn05,4,3694,15694,0.714172,0.364593
rc_trial_a33_k3_hn05,4,3695,15695,0.517154,0.208711
rc_trial_a33_k3_hn05,4,3696,15696,0.337924,0.291947
rc_trial_a33_k3_hn05,4,3697,15697,0.118172,0.647657
rc_trial_a33_k3_hn05,4,3698,15698,0.05782,0.279596
rc_trial_a33_k3_hn05,4,3699,15699,0.108154,0.313366
rc_trial_a33_k3_hn05,4,3700,15700,0.851874,0.520403
rc_trial_a33_k3_hn05,4,3701,15701,0.674661,0.514055
rc_trial_a33_k3_hn05,4,3702,15702,0.199088,0.359271
rc_trial_a33_k3_hn05,4,3703,15703,-0.0587199,0.411626
rc_trial_a33_k3_hn05,4,3704,15704,-0.189074,0.304014
rc_trial_a33_k3_hn05,4,3705,15705,-0.491105,0.585608
rc_trial_a33_k3_hn05,4,3706,15706,-0.547359,0.57161
rc_trial_a33_k3_hn05,4,3707,15707,-0.250469,0.34103
rc_trial_a33_k3_hn05,4,3708,15708,-0.190882,0.713721
rc_trial_a33_k3_hn05,4,3709,15709,-0.230121,0.771344
rc_trial_a33_k3_hn05,4,3710,15710,-0.251014,0.758277
rc_trial_a33_k3_hn05,4,3711,15711,-0.147565,0.311313
rc_trial_a33_k3_hn05,4,3712,15712,-0.100906,0.393497
rc_trial_a33_k3_hn05,4,3713,15713,-0.09889,0.330785
rc_trial_a33_k3_hn05,4,3714,15714,0.185797,0.102979
rc_trial_a33_k3_hn05,4,3715,15715,0.247996,0.106809
rc_trial_a33_k3_hn05,4,3716,15716,0.143921,0.0600053
rc_trial_a33_k3_hn05,4,3717,15717,0.307891,0.0181105
rc_trial_a33_k3_hn05,4,3718,15718,0.551222,0.30629
rc_trial_a33_k3_hn05,4,3719,15719,0.297048,0.122431
rc_trial_a33_k3_hn05,4,3720,15720,0.166513,0.204268
rc_trial_a33_k3_hn05,4,3721,15721,0.318908,0.0251728
rc_trial_a33_k3_hn05,4,3722,15722,0.260808,0.0871133
rc_trial_a33_k3_hn05,4,3723,15723,0.339301,0.113238
rc_trial_a33_k3_hn05,4,3724,15724,0.338208,0.0568814
rc_trial_a33_k3_hn05,4,3725,15725,0.417875,0.0778426
rc_trial_a33_k3_hn05,4,3726,15726,0.874352,0.61365
rc_trial_a33_k3_hn05,4,3727,15727,0.915057,0.738873
rc_trial_a33_k3_hn05,4,3728,15728,0.961271,0.542077
rc_trial_a33_k3_hn05,4,3729,15729,0.841617,0.807521
rc_trial_a33_k3_hn05,4,3730,15730,0.30149,0.0909768
rc_trial_a33_k3_hn05,4,3731,15731,0.359116,0.0846336
rc_trial_a33_k3_hn05,4,3732,15732,0.26936,0.0546015
rc_trial_a33_k3_hn05,4,3733,15733,0.822811,0.70465
rc_trial_a33_k3_hn05,4,3734,15734,0.74735,0.519497
rc_trial_a33_k3_hn05,4,3735,15735,0.43056,0.413573
rc_trial_a33_k3_hn05,4,3736,15736,0.635665,0.966479
rc_trial_a33_k3_hn05,4,3737,15737,0.610323,0.632229
rc_trial_a33_k3_hn05,4,3738,15738,0.523082,0.363129
rc_trial_a33_k3_hn05,4,3739,15739,0.869917,0.397449
rc_trial_a33_k3_hn05,4,3740,15740,0.930125,0.79131
rc_trial_a33_k3_hn05,4,3741,15741,1.0021,0.537507
rc_trial_a33_k3_hn05,4,3742,15742,1.07418,0.734119
rc_trial_a33_k3_hn05,4,3743,15743,1.05702,0.773349
rc_trial_a33_k3_hn05,4,3744,15744,0.741672,0.411976
rc_trial_a33_k3_hn05,4,3745,15745,0.486361,0.457425
rc_trial_a33_k3_hn05,4,3746,15746,0.733438,0.471973
rc_trial_a33_k3_hn05,4,3747,15747,0.771407,0.612368
rc_trial_a33_k3_hn05,4,3748,15748,0.908476,0.732816
rc_trial_a33_k3_hn05,4,3749,15749,0.0940731,0.401706
rc_trial_a33_k3_hn05,4,3750,15750,0.433299,0.129219
rc_trial_a33_k3_hn05,4,3751,15751,0.352711,0.238364
rc_trial_a33_k3_hn05,4,3752,15752,0.380554,0.331078
rc_trial_a33_k3_hn05,4,3753,15753,0.0874429,0.248794
rc_trial_a33_k3_hn05,4,3754,15754,-0.089838199999999993,0.479702
rc_trial_a33_k3_hn05,4,3755,15755,-0.0399376,0.272653
rc_trial_a33_k3_hn05,4,3756,15756,0.588173,0.069312
rc_trial_a33_k3_hn05,4,3757,15757,-0.0905669,0.069864
rc_trial_a33_k3_hn05,4,3758,15758,0.383817,0.0840656
rc_trial_a33_k3_hn05,4,3759,15759,0.383913,0.0387444
rc_trial_a33_k3_hn05,4,3760,15760,0.238507,0.414358
rc_trial_a33_k3_hn05,4,3761,15761,0.176672,0.232192
rc_trial_a33_k3_hn05,4,3762,15762,0.485915,0.29631
rc_trial_a33_k3_hn05,4,3763,15763,0.550371,0.316982
rc_trial_a33_k3_hn05,4,3764,15764,0.682447,0.797117
rc_trial_a33_k3_hn05,4,3765,15765,0.733025,0.320872
rc_trial_a33_k3_hn05,4,3766,15766,0.362406,0.289186
rc_trial_a33_k3_hn05,4,3767,15767,0.307185,0.256914
rc_trial_a33_k3_hn05,4,3768,15768,0.597082,0.570831
rc_trial_a33_k3_hn05,4,3769,15769,0.241628,0.17289
rc_trial_a33_k3_hn05,4,3770,15770,0.289101,0.0752954
rc_trial_a33_k3_hn05,4,3771,15771,0.272681,0.154625
rc_trial_a33_k3_hn05,4,3772,15772,0.171529,0.192607
rc_trial_a33_k3_hn05,4,3773,15773,0.531969,0.317471
rc_trial_a33_k3_hn05,4,3774,15774,0.514479,0.559676
rc_trial_a33_k3_hn05,4,3775,15775,0.398768,0.310949
rc_trial_a33_k3_hn05,4,3776,15776,0.394849,0.273092
rc_trial_a33_k3_hn05,4,3777,15777,0.249732,0.114
rc_trial_a33_k3_hn05,4,3778,15778,0.275992,0.211505
rc_trial_a33_k3_hn05,4,3779,15779,0.136756,0.398878
rc_trial_a33_k3_hn05,4,3780,15780,0.260761,0.237445
rc_trial_a33_k3_hn05,4,3781,15781,-0.0056321,0.473483
rc_trial_a33_k3_hn05,4,3782,15782,-0.047439,0.451559
rc_trial_a33_k3_hn05,4,3783,15783,0.456624,0.803123
rc_trial_a33_k3_hn05,4,3784,15784,0.483295,0.762811
rc_trial_a33_k3_hn05,4,3785,15785,0.44128,0.529039
rc_trial_a33_k3_hn05,4,3786,15786,-0.01282,0.878493
rc_trial_a33_k3_hn05,4,3787,15787,0.917038,0.484249
rc_trial_a33_k3_hn05,4,3788,15788,0.801263,0.502041
rc_trial_a33_k3_hn05,4,3789,15789,0.412383,0.317236
rc_trial_a33_k3_hn05,4,3790,15790,0.465766,0.2342
rc_trial_a33_k3_hn05,4,3791,15791,0.473882,0.359383
rc_trial_a33_k3_hn05,4,3792,15792,0.612,0.664116
rc_trial_a33_k3_hn05,4,3793,15793,0.468133,0.235073
rc_trial_a33_k3_hn05,4,3794,15794,0.483751,0.925062
rc_trial_a33_k3_hn05,4,3795,15795,0.273477,0.683568
rc_trial_a33_k3_hn05,4,3796,15796,0.503687,0.266509
rc_trial_a33_k3_hn05,4,3797,15797,0.244877,0.126312
rc_trial_a33_k3_hn05,4,3798,15798,0.149934,0.0758242
rc_trial_a33_k3_hn05,4,3799,15799,0.448032,0.0715545
rc_trial_a33_k3_hn05,4,3800,15800,0.351826,0.234829
rc_trial_a33_k3_hn05,4,3801,15801,0.384774,0.199381
rc_trial_a33_k3_hn05,4,3802,15802,0.270427,0.284801
rc_trial_a33_k3_hn05,4,3803,15803,0.314777,0.313881
rc_trial_a33_k3_hn05,4,3804,15804,0.0559905,0.543515
rc_trial_a33_k3_hn05,4,3805,15805,0.0728076,0.490894
rc_trial_a33_k3_hn05,4,3806,15806,0.0934384,0.593265
rc_trial_a33_k3_hn05,4,3807,15807,0.160194,0.48014
rc_trial_a33_k3_hn05,4,3808,15808,0.713067,0.602066
rc_trial_a33_k3_hn05,4,3809,15809,0.711884,0.738642
rc_trial_a33_k3_hn05,4,3810,15810,0.673575,0.309951
rc_trial_a33_k3_hn05,4,3811,15811,0.444112,0.371528
rc_trial_a33_k3_hn05,4,3812,15812,1.32389,0.837562
rc_trial_a33_k3_hn05,4,3813,15813,0.904109,0.487136
rc_trial_a33_k3_hn05,4,3814,15814,0.771341,0.23854
rc_trial_a33_k3_hn05,4,3815,15815,0.853465,0.434325
rc_trial_a33_k3_hn05,4,3816,15816,0.46979,0.384511
rc_trial_a33_k3_hn05,4,3817,15817,0.302099,0.258139
rc_trial_a33_k3_hn05,4,3818,15818,0.469974,0.425902
rc_trial_a33_k3_hn05,4,3819,15819,0.508939,0.360744
rc_trial_a33_k3_hn05,4,3820,15820,0.66631,0.453768
rc_trial_a33_k3_hn05,4,3821,15821,0.695551,0.24115
rc_trial_a33_k3_hn05,4,3822,15822,0.716893,0.541974
rc_trial_a33_k3_hn05,4,3823,15823,0.679035,0.423117
rc_trial_a33_k3_hn05,4,3824,15824,0.759892,0.842026
rc_trial_a33_k3_hn05,4,3825,15825,0.88181,0.381067
rc_trial_a33_k3_hn05,4,3826,15826,0.88252,0.387072
rc_trial_a33_k3_hn05,4,3827,15827,0.630218,0.337196
rc_trial_a33_k3_hn05,4,3828,15828,0.618564,0.522284
rc_trial_a33_k3_hn05,4,3829,15829,0.461725,0.137561
rc_trial_a33_k3_hn05,4,3830,15830,0.130529,0.34297
rc_trial_a33_k3_hn05,4,3831,15831,-0.185033,0.769018
rc_trial_a33_k3_hn05,4,3832,15832,-0.230633,0.604091
rc_trial_a33_k3_hn05,4,3833,15833,5.65929e-4,0.580246
rc_trial_a33_k3_hn05,4,3834,15834,0.074363,0.40986
rc_trial_a33_k3_hn05,4,3835,15835,-0.293447,0.637657
rc_trial_a33_k3_hn05,4,3836,15836,-0.0336648,1.13169
rc_trial_a33_k3_hn05,4,3837,15837,0.36451,0.231101
rc_trial_a33_k3_hn05,4,3838,15838,0.285994,0.10816
rc_trial_a33_k3_hn05,4,3839,15839,0.162632,0.163618
rc_trial_a33_k3_hn05,4,3840,15840,0.0877308,0.114822
rc_trial_a33_k3_hn05,4,3841,15841,0.120143,0.1764
rc_trial_a33_k3_hn05,4,3842,15842,-0.061603,0.129566
rc_trial_a33_k3_hn05,4,3843,15843,0.337756,0.119684
rc_trial_a33_k3_hn05,4,3844,15844,0.147154,0.101709
rc_trial_a33_k3_hn05,4,3845,15845,0.411607,0.1332
rc_trial_a33_k3_hn05,4,3846,15846,0.364039,0.15961
rc_trial_a33_k3_hn05,4,3847,15847,0.439022,0.142445
rc_trial_a33_k3_hn05,4,3848,15848,0.810617,0.524537
rc_trial_a33_k3_hn05,4,3849,15849,0.631333,0.751516
rc_trial_a33_k3_hn05,4,3850,15850,0.685211,0.691375
rc_trial_a33_k3_hn05,4,3851,15851,1.05159,0.764349
rc_trial_a33_k3_hn05,4,3852,15852,1.0138,0.898745
rc_trial_a33_k3_hn05,4,3853,15853,0.2386,0.267249
rc_trial_a33_k3_hn05,4,3854,15854,0.176156,0.151447
rc_trial_a33_k3_hn05,4,3855,15855,0.0516877,0.356559
rc_trial_a33_k3_hn05,4,3856,15856,0.263667,0.29089
rc_trial_a33_k3_hn05,4,3857,15857,0.220968,0.268994
rc_trial_a33_k3_hn05,4,3858,15858,0.630826,0.429692
rc_trial_a33_k3_hn05,4,3859,15859,0.321097,0.168235
rc_trial_a33_k3_hn05,4,3860,15860,0.233308,0.274739
rc_trial_a33_k3_hn05,4,3861,15861,0.237079,0.293272
rc_trial_a33_k3_hn05,4,3862,15862,1.03778,0.959132
rc_trial_a33_k3_hn05,4,3863,15863,1.01032,0.952155
rc_trial_a33_k3_hn05,4,3864,15864,1.0166,0.838451
rc_trial_a33_k3_hn05,4,3865,15865,0.853443,0.311015
rc_trial_a33_k3_hn05,4,3866,15866,0.803833,0.515852
rc_trial_a33_k3_hn05,4,3867,15867,0.456604,0.145818
rc_trial_a33_k3_hn05,4,3868,15868,0.434874,0.210935
rc_trial_a33_k3_hn05,4,3869,15869,0.329024,0.11296
rc_trial_a33_k3_hn05,4,3870,15870,0.334624,0.168002
rc_trial_a33_k3_hn05,4,3871,15871,0.342609,0.146312
rc_trial_a33_k3_hn05,4,3872,15872,0.378493,0.145756
rc_trial_a33_k3_hn05,4,3873,15873,0.274697,0.169794
rc_trial_a33_k3_hn05,4,3874,15874,0.205838,0.18667
rc_trial_a33_k3_hn05,4,3875,15875,0.610875,0.253988
rc_trial_a33_k3_hn05,4,3876,15876,1.18917,0.911181
rc_trial_a33_k3_hn05,4,3877,15877,1.04305,0.721127
rc_trial_a33_k3_hn05,4,3878,15878,0.442628,0.510706
rc_trial_a33_k3_hn05,4,3879,15879,0.786434,0.649844
rc_trial_a33_k3_hn05,4,3880,15880,0.890581,0.85216
rc_trial_a33_k3_hn05,4,3881,15881,0.91896,0.788693
rc_trial_a33_k3_hn05,4,3882,15882,0.500795,0.339955
rc_trial_a33_k3_hn05,4,3883,15883,1.05069,0.755663
rc_trial_a33_k3_hn05,4,3884,15884,-0.203792,0.630804
rc_trial_a33_k3_hn05,4,3885,15885,0.720962,0.761569
rc_trial_a33_k3_hn05,4,3886,15886,1.33503,0.539265
rc_trial_a33_k3_hn05,4,3887,15887,0.270507,0.150703
rc_trial_a33_k3_hn05,4,3888,15888,0.58426,0.837807
rc_trial_a33_k3_hn05,4,3889,15889,0.582657,0.455685
rc_trial_a33_k3_hn05,4,3890,15890,0.510469,0.474971
rc_trial_a33_k3_hn05,4,3891,15891,0.481083,0.444536
rc_trial_a33_k3_hn05,4,3892,15892,0.523953,0.499264
rc_trial_a33_k3_hn05,4,3893,15893,0.0520505,0.31742
rc_trial_a33_k3_hn05,4,3894,15894,0.39437,0.505406
rc_trial_a33_k3_hn05,4,3895,15895,0.500861,0.349807
rc_trial_a33_k3_hn05,4,3896,15896,0.386287,0.527633
rc_trial_a33_k3_hn05,4,3897,15897,0.357566,0.304122
rc_trial_a33_k3_hn05,4,3898,15898,0.467636,0.519658
rc_trial_a33_k3_hn05,4,3899,15899,0.222324,1.17128
rc_trial_a33_k3_hn05,4,3900,15900,0.235081,1.09019
rc_trial_a33_k3_hn05,4,3901,15901,0.623585,0.351336
rc_trial_a33_k3_hn05,4,3902,15902,0.620616,0.577319
rc_trial_a33_k3_hn05,4,3903,15903,0.537442,0.613463
rc_trial_a33_k3_hn05,4,3904,15904,0.592101,0.472952
rc_trial_a33_k3_hn05,4,3905,15905,0.732942,0.812994
rc_trial_a33_k3_hn05,4,3906,15906,0.798508,0.720203
rc_trial_a33_k3_hn05,4,3907,15907,0.200364,0.765545
rc_trial_a33_k3_hn05,4,3908,15908,-0.0893642,0.536312
rc_trial_a33_k3_hn05,4,3909,15909,-0.117123,0.74652
rc_trial_a33_k3_hn05,4,3910,15910,-0.549493,0.631772
rc_trial_a33_k3_hn05,4,3911,15911,-0.395261,0.605971
rc_trial_a33_k3_hn05,4,3912,15912,-0.0168928,0.752734
rc_trial_a33_k3_hn05,4,3913,15913,-0.0411573,0.835085
rc_trial_a33_k3_hn05,4,3914,15914,0.333433,0.273159
rc_trial_a33_k3_hn05,4,3915,15915,0.15956,0.0804598
rc_trial_a33_k3_hn05,4,3916,15916,0.221996,0.240595
rc_trial_a33_k3_hn05,4,3917,15917,0.24018,0.640954
rc_trial_a33_k3_hn05,4,3918,15918,0.370753,0.224658
rc_trial_a33_k3_hn05,4,3919,15919,0.168987,0.128545
rc_trial_a33_k3_hn05,4,3920,15920,0.548586,0.200965
rc_trial_a33_k3_hn05,4,3921,15921,0.129817,0.0216361
rc_trial_a33_k3_hn05,4,3922,15922,0.00361475,0.0253984
rc_trial_a33_k3_hn05,4,3923,15923,0.578703,0.0697237
rc_trial_a33_k3_hn05,4,3924,15924,0.145452,0.296463
rc_trial_a33_k3_hn05,4,3925,15925,0.489736,1.01485
rc_trial_a33_k3_hn05,4,3926,15926,0.472895,0.206391
rc_trial_a33_k3_hn05,4,3927,15927,0.942029,0.501074
rc_trial_a33_k3_hn05,4,3928,15928,0.880517,0.458821
rc_trial_a33_k3_hn05,4,3929,15929,0.238078,0.534858
rc_trial_a33_k3_hn05,4,3930,15930,0.351682,0.182722
rc_trial_a33_k3_hn05,4,3931,15931,0.353781,0.316152
rc_trial_a33_k3_hn05,4,3932,15932,0.289151,0.330903
rc_trial_a33_k3_hn05,4,3933,15933,0.626655,0.485176
rc_trial_a33_k3_hn05,4,3934,15934,0.497908,0.201496
rc_trial_a33_k3_hn05,4,3935,15935,0.672555,0.287423
rc_trial_a33_k3_hn05,4,3936,15936,0.68037,0.244455
rc_trial_a33_k3_hn05,4,3937,15937,0.428847,0.307041
rc_trial_a33_k3_hn05,4,3938,15938,0.308615,0.0727411
rc_trial_a33_k3_hn05,4,3939,15939,0.559228,0.376412
rc_trial_a33_k3_hn05,4,3940,15940,0.275352,0.15262
rc_trial_a33_k3_hn05,4,3941,15941,0.0108906,0.117242
rc_trial_a33_k3_hn05,4,3942,15942,0.394735,0.0480414
rc_trial_a33_k3_hn05,4,3943,15943,-0.0264281,0.161168
rc_trial_a33_k3_hn05,4,3944,15944,0.0373256,0.185527
rc_trial_a33_k3_hn05,4,3945,15945,0.341452,0.525955
rc_trial_a33_k3_hn05,4,3946,15946,0.776296,0.93842
rc_trial_a33_k3_hn05,4,3947,15947,1.1298,0.579312
rc_trial_a33_k3_hn05,4,3948,15948,1.11836,0.654297
rc_trial_a33_k3_hn05,4,3949,15949,0.779319,0.689192
rc_trial_a33_k3_hn05,4,3950,15950,0.336286,0.146447
rc_trial_a33_k3_hn05,4,3951,15951,0.375092,0.151171
rc_trial_a33_k3_hn05,4,3952,15952,0.368266,0.229266
rc_trial_a33_k3_hn05,4,3953,15953,0.314582,0.090785
rc_trial_a33_k3_hn05,4,3954,15954,0.1828,0.0621638
rc_trial_a33_k3_hn05,4,3955,15955,0.3802,0.419032
rc_trial_a33_k3_hn05,4,3956,15956,0.703075,0.331886
rc_trial_a33_k3_hn05,4,3957,15957,0.0318517,0.354102
rc_trial_a33_k3_hn05,4,3958,15958,0.729779,0.581116
rc_trial_a33_k3_hn05,4,3959,15959,0.484847,0.290816
rc_trial_a33_k3_hn05,4,3960,15960,0.577658,0.39261
rc_trial_a33_k3_hn05,4,3961,15961,0.639124,0.684558
rc_trial_a33_k3_hn05,4,3962,15962,0.486245,0.230335
rc_trial_a33_k3_hn05,4,3963,15963,0.2662,0.4227
rc_trial_a33_k3_hn05,4,3964,15964,0.240615,0.993686
rc_trial_a33_k3_hn05,4,3965,15965,0.229047,0.911214
rc_trial_a33_k3_hn05,4,3966,15966,0.300347,0.970055
rc_trial_a33_k3_hn05,4,3967,15967,0.22869,0.406943
rc_trial_a33_k3_hn05,4,3968,15968,0.324199,0.334858
rc_trial_a33_k3_hn05,4,3969,15969,0.448665,0.234958
rc_trial_a33_k3_hn05,4,3970,15970,0.772729,0.395536
rc_trial_a33_k3_hn05,4,3971,15971,0.722685,0.306848
rc_trial_a33_k3_hn05,4,3972,15972,0.606071,0.264158
rc_trial_a33_k3_hn05,4,3973,15973,0.932697,1.04514
rc_trial_a33_k3_hn05,4,3974,15974,0.346096,0.345523
rc_trial_a33_k3_hn05,4,3975,15975,0.282157,0.238071
rc_trial_a33_k3_hn05,4,3976,15976,0.0986461,0.337898
rc_trial_a33_k3_hn05,4,3977,15977,0.31141,0.198881
rc_trial_a33_k3_hn05,4,3978,15978,0.511753,0.208355
rc_trial_a33_k3_hn05,4,3979,15979,0.309996,0.198835
rc_trial_a33_k3_hn05,4,3980,15980,0.295325,0.249887
rc_trial_a33_k3_hn05,4,3981,15981,1.07781,0.887471
rc_trial_a33_k3_hn05,4,3982,15982,1.12952,0.786321
rc_trial_a33_k3_hn05,4,3983,15983,1.26347,0.849355
rc_trial_a33_k3_hn05,4,3984,15984,1.26065,0.871188
rc_trial_a33_k3_hn05,4,3985,15985,1.2108,1.11062
rc_trial_a33_k3_hn05,4,3986,15986,1.22959,1.15211
rc_trial_a33_k3_hn05,4,3987,15987,1.30367,1.12774
rc_trial_a33_k3_hn05,4,3988,15988,0.671744,0.323568
rc_trial_a33_k3_hn05,4,3989,15989,0.566929,0.25071
rc_trial_a33_k3_hn05,4,3990,15990,0.945367,0.39375
rc_trial_a33_k3_hn05,4,3991,15991,0.697509,0.421448
rc_trial_a33_k3_hn05,4,3992,15992,0.668192,0.281592
rc_trial_a33_k3_hn05,4,3993,15993,0.550404,0.352916
rc_trial_a33_k3_hn05,4,3994,15994,0.879598,0.263937
rc_trial_a33_k3_hn05,4,3995,15995,0.741282,0.323314
rc_trial_a33_k3_hn05,4,3996,15996,-0.235801,1.0844800000000001
rc_trial_a33_k3_hn05,4,3997,15997,-0.179185,1.16641
rc_trial_a33_k3_hn05,4,3998,15998,-0.18763,1.07573
rc_trial_a33_k3_hn05,4,3999,15999,-0.219603,0.586242
rc_trial_a33_k3_hn05,4,4000,16000,-0.302682,0.829467
