model_id,.chain,.iteration,.draw,mu,tau
primary_strict_point_hn1,1,1,1,-0.608844,0.643427
primary_strict_point_hn1,1,2,2,-0.53811,0.559826
primary_strict_point_hn1,1,3,3,-0.731818,0.791392
primary_strict_point_hn1,1,4,4,-0.769017,0.938037
primary_strict_point_hn1,1,5,5,-0.769537,0.873567
primary_strict_point_hn1,1,6,6,-0.610341,1.01395
primary_strict_point_hn1,1,7,7,-0.576213,1.01416
primary_strict_point_hn1,1,8,8,-0.604579,0.880163
primary_strict_point_hn1,1,9,9,-0.597177,0.89024
primary_strict_point_hn1,1,10,10,-0.7165,0.767386
primary_strict_point_hn1,1,11,11,-0.80216,0.539448
primary_strict_point_hn1,1,12,12,-0.841098,0.595795
primary_strict_point_hn1,1,13,13,-0.860698,0.598167
primary_strict_point_hn1,1,14,14,-0.857954,0.549716
primary_strict_point_hn1,1,15,15,-0.79468,0.775189
primary_strict_point_hn1,1,16,16,-0.699144,0.797768
primary_strict_point_hn1,1,17,17,-0.650487,0.574799
primary_strict_point_hn1,1,18,18,-0.773706,0.614957
primary_strict_point_hn1,1,19,19,-0.616593,0.457072
primary_strict_point_hn1,1,20,20,-0.609775,0.559246
primary_strict_point_hn1,1,21,21,-0.632344,0.644027
primary_strict_point_hn1,1,22,22,-0.547275,0.56628
primary_strict_point_hn1,1,23,23,-0.678359,0.577637
primary_strict_point_hn1,1,24,24,-0.675235,0.722301
primary_strict_point_hn1,1,25,25,-0.407292,0.560508
primary_strict_point_hn1,1,26,26,-0.627854,0.596342
primary_strict_point_hn1,1,27,27,-0.981664,0.434054
primary_strict_point_hn1,1,28,28,-1.14937,0.487386
primary_strict_point_hn1,1,29,29,-0.863005,1.10818
primary_strict_point_hn1,1,30,30,-0.938866,1.13405
primary_strict_point_hn1,1,31,31,-0.947962,0.945409
primary_strict_point_hn1,1,32,32,-0.928645,1.03747
primary_strict_point_hn1,1,33,33,-0.952721,1.00177
primary_strict_point_hn1,1,34,34,-0.938612,1.06166
primary_strict_point_hn1,1,35,35,-0.762868,0.963058
primary_strict_point_hn1,1,36,36,-0.769176,0.458982
primary_strict_point_hn1,1,37,37,-0.637074,0.59569
primary_strict_point_hn1,1,38,38,-0.700105,0.436027
primary_strict_point_hn1,1,39,39,-0.608543,0.364514
primary_strict_point_hn1,1,40,40,-0.819247,0.335552
primary_strict_point_hn1,1,41,41,-0.343044,1.01692
primary_strict_point_hn1,1,42,42,-0.33535,0.932687
primary_strict_point_hn1,1,43,43,-0.335732,0.761838
primary_strict_point_hn1,1,44,44,-0.507522,0.733275
primary_strict_point_hn1,1,45,45,-0.676893,0.557371
primary_strict_point_hn1,1,46,46,-0.597716,0.677029
primary_strict_point_hn1,1,47,47,-0.572145,0.625818
primary_strict_point_hn1,1,48,48,-0.627048,0.57455
primary_strict_point_hn1,1,49,49,-0.71231,0.596557
primary_strict_point_hn1,1,50,50,-0.689211,0.510181
primary_strict_point_hn1,1,51,51,-0.835848,0.720921
primary_strict_point_hn1,1,52,52,-0.848954,0.594879
primary_strict_point_hn1,1,53,53,-0.487625,0.704955
primary_strict_point_hn1,1,54,54,-0.507333,0.765189
primary_strict_point_hn1,1,55,55,-0.536416,0.687669
primary_strict_point_hn1,1,56,56,-0.973431,0.73391
primary_strict_point_hn1,1,57,57,-0.917901,0.769877
primary_strict_point_hn1,1,58,58,-0.796072,0.742063
primary_strict_point_hn1,1,59,59,-0.421799,0.410835
primary_strict_point_hn1,1,60,60,-0.248552,0.590862
primary_strict_point_hn1,1,61,61,-0.392035,0.596641
primary_strict_point_hn1,1,62,62,-0.641398,0.446995
primary_strict_point_hn1,1,63,63,-0.419438,0.591069
primary_strict_point_hn1,1,64,64,-0.67543,0.481587
primary_strict_point_hn1,1,65,65,-0.436243,0.389523
primary_strict_point_hn1,1,66,66,-0.304807,0.442269
primary_strict_point_hn1,1,67,67,-0.320389,0.523607
primary_strict_point_hn1,1,68,68,-0.480169,0.559699
primary_strict_point_hn1,1,69,69,-0.523534,0.5526
primary_strict_point_hn1,1,70,70,-0.427119,0.654349
primary_strict_point_hn1,1,71,71,-0.460984,0.57923
primary_strict_point_hn1,1,72,72,-0.212603,0.719161
primary_strict_point_hn1,1,73,73,-0.704047,0.618705
primary_strict_point_hn1,1,74,74,-0.678087,0.694963
primary_strict_point_hn1,1,75,75,-0.681974,0.55574
primary_strict_point_hn1,1,76,76,-0.625011,0.638271
primary_strict_point_hn1,1,77,77,-0.59544299999999994,0.733387
primary_strict_point_hn1,1,78,78,-0.654097,0.727478
primary_strict_point_hn1,1,79,79,-0.456129,0.599361
primary_strict_point_hn1,1,80,80,-0.307448,0.398293
primary_strict_point_hn1,1,81,81,-0.379698,0.408687
primary_strict_point_hn1,1,82,82,-0.357237,0.627317
primary_strict_point_hn1,1,83,83,-0.523092,0.616904
primary_strict_point_hn1,1,84,84,-0.389986,0.856808
primary_strict_point_hn1,1,85,85,-0.61415,0.599818
primary_strict_point_hn1,1,86,86,-0.212829,1.13566
primary_strict_point_hn1,1,87,87,-0.171612,1.08001
primary_strict_point_hn1,1,88,88,-0.401006,0.745507
primary_strict_point_hn1,1,89,89,-0.687142,0.53404
primary_strict_point_hn1,1,90,90,-0.717465,0.440828
primary_strict_point_hn1,1,91,91,-0.399669,1.00635
primary_strict_point_hn1,1,92,92,-0.263826,0.798892
primary_strict_point_hn1,1,93,93,-0.226101,0.874544
primary_strict_point_hn1,1,94,94,-0.403354,0.694253
primary_strict_point_hn1,1,95,95,-0.653349,0.559309
primary_strict_point_hn1,1,96,96,-0.627416,0.513995
primary_strict_point_hn1,1,97,97,-0.747845,0.358796
primary_strict_point_hn1,1,98,98,-0.99474,0.493361
primary_strict_point_hn1,1,99,99,-0.992557,0.581976
primary_strict_point_hn1,1,100,100,-0.816908,0.59101
primary_strict_point_hn1,1,101,101,-0.521915,0.475767
primary_strict_point_hn1,1,102,102,-0.577776,1.03095
primary_strict_point_hn1,1,103,103,-0.58701,0.912824
primary_strict_point_hn1,1,104,104,-0.608363,0.919113
primary_strict_point_hn1,1,105,105,-0.490928,1.16962
primary_strict_point_hn1,1,106,106,-0.528156,1.36834
primary_strict_point_hn1,1,107,107,-0.560441,1.1128
primary_strict_point_hn1,1,108,108,-0.507295,1.1395
primary_strict_point_hn1,1,109,109,-0.804832,0.518434
primary_strict_point_hn1,1,110,110,-1.01573,0.734991
primary_strict_point_hn1,1,111,111,-0.838528,0.618032
primary_strict_point_hn1,1,112,112,-0.795026,0.462014
primary_strict_point_hn1,1,113,113,-0.764671,0.630852
primary_strict_point_hn1,1,114,114,-0.593811,0.382235
primary_strict_point_hn1,1,115,115,-0.548406,0.499754
primary_strict_point_hn1,1,116,116,-0.952288,0.452257
primary_strict_point_hn1,1,117,117,-0.607934,0.748714
primary_strict_point_hn1,1,118,118,-0.666146,0.498256
primary_strict_point_hn1,1,119,119,-0.742409,0.595964
primary_strict_point_hn1,1,120,120,-0.59224,0.576044
primary_strict_point_hn1,1,121,121,-0.775143,0.675438
primary_strict_point_hn1,1,122,122,-0.341822,0.870982
primary_strict_point_hn1,1,123,123,-0.487885,0.924675
primary_strict_point_hn1,1,124,124,-0.322612,0.391679
primary_strict_point_hn1,1,125,125,-0.416345,0.421558
primary_strict_point_hn1,1,126,126,-0.547842,0.543755
primary_strict_point_hn1,1,127,127,-0.642731,0.527713
primary_strict_point_hn1,1,128,128,-0.595421,0.562601
primary_strict_point_hn1,1,129,129,-0.605329,0.465687
primary_strict_point_hn1,1,130,130,-0.489357,0.525662
primary_strict_point_hn1,1,131,131,-0.496495,0.626301
primary_strict_point_hn1,1,132,132,-0.76749,0.617089
primary_strict_point_hn1,1,133,133,-0.845685,0.28223
primary_strict_point_hn1,1,134,134,-0.711474,0.354195
primary_strict_point_hn1,1,135,135,-0.659848,0.479586
primary_strict_point_hn1,1,136,136,-0.657127,0.480336
primary_strict_point_hn1,1,137,137,-0.583024,0.436991
primary_strict_point_hn1,1,138,138,-0.55609,0.761752
primary_strict_point_hn1,1,139,139,-0.702249,0.601129
primary_strict_point_hn1,1,140,140,-0.85665500000000006,0.467111
primary_strict_point_hn1,1,141,141,-0.807424,0.557418
primary_strict_point_hn1,1,142,142,-0.931696,0.495483
primary_strict_point_hn1,1,143,143,-0.572915,0.37257
primary_strict_point_hn1,1,144,144,-0.845176,0.474604
primary_strict_point_hn1,1,145,145,-0.81449800000000006,0.397033
primary_strict_point_hn1,1,146,146,-0.772173,0.493493
primary_strict_point_hn1,1,147,147,-0.764392,0.417401
primary_strict_point_hn1,1,148,148,-0.643799,0.571963
primary_strict_point_hn1,1,149,149,-0.52467,0.630243
primary_strict_point_hn1,1,150,150,-0.7574,0.479587
primary_strict_point_hn1,1,151,151,-0.957812,0.607088
primary_strict_point_hn1,1,152,152,-0.806294,0.519961
primary_strict_point_hn1,1,153,153,-0.659047,0.547291
primary_strict_point_hn1,1,154,154,-0.66721,0.500484
primary_strict_point_hn1,1,155,155,-0.572498,0.584591
primary_strict_point_hn1,1,156,156,-0.634841,0.488439
primary_strict_point_hn1,1,157,157,-0.670651,0.410587
primary_strict_point_hn1,1,158,158,-0.671412,0.408387
primary_strict_point_hn1,1,159,159,-0.729763,0.483162
primary_strict_point_hn1,1,160,160,-1.047,0.361565
primary_strict_point_hn1,1,161,161,-0.842856,0.674689
primary_strict_point_hn1,1,162,162,-0.58423,0.758697
primary_strict_point_hn1,1,163,163,-0.708265,0.826362
primary_strict_point_hn1,1,164,164,-0.609554,0.494016
primary_strict_point_hn1,1,165,165,-0.768605,0.535678
primary_strict_point_hn1,1,166,166,-0.653027,0.860223
primary_strict_point_hn1,1,167,167,-0.374264,0.864329
primary_strict_point_hn1,1,168,168,-0.039665,0.972162
primary_strict_point_hn1,1,169,169,-0.0695183,1.04528
primary_strict_point_hn1,1,170,170,0.036381,0.984053
primary_strict_point_hn1,1,171,171,-0.838216,0.619169
primary_strict_point_hn1,1,172,172,-0.765243,0.625293
primary_strict_point_hn1,1,173,173,-0.513793,0.923147
primary_strict_point_hn1,1,174,174,-0.566888,0.835375
primary_strict_point_hn1,1,175,175,-0.1882,1.02189
primary_strict_point_hn1,1,176,176,-1.50045,0.682301
primary_strict_point_hn1,1,177,177,-0.488872,0.538001
primary_strict_point_hn1,1,178,178,-0.634029,0.311854
primary_strict_point_hn1,1,179,179,-0.537851,0.37138
primary_strict_point_hn1,1,180,180,-0.702187,0.453549
primary_strict_point_hn1,1,181,181,-0.503028,0.850663
primary_strict_point_hn1,1,182,182,-0.518757,0.600354
primary_strict_point_hn1,1,183,183,-0.663821,0.440293
primary_strict_point_hn1,1,184,184,-0.914319,0.667014
primary_strict_point_hn1,1,185,185,-0.703778,0.709661
primary_strict_point_hn1,1,186,186,-0.704168,0.663216
primary_strict_point_hn1,1,187,187,-0.697773,0.596591
primary_strict_point_hn1,1,188,188,-0.742367,0.690755
primary_strict_point_hn1,1,189,189,-0.694849,0.511882
primary_strict_point_hn1,1,190,190,-0.680216,0.528702
primary_strict_point_hn1,1,191,191,-0.701655,0.57903
primary_strict_point_hn1,1,192,192,-0.727956,0.671945
primary_strict_point_hn1,1,193,193,-0.615735,0.465101
primary_strict_point_hn1,1,194,194,-0.463241,0.44888
primary_strict_point_hn1,1,195,195,-0.582072,0.416863
primary_strict_point_hn1,1,196,196,-0.633904,0.365368
primary_strict_point_hn1,1,197,197,-0.667355,0.460213
primary_strict_point_hn1,1,198,198,-0.652339,0.483
primary_strict_point_hn1,1,199,199,-0.74138,0.619127
primary_strict_point_hn1,1,200,200,-0.794506,0.637782
primary_strict_point_hn1,1,201,201,-0.750855,0.59937
primary_strict_point_hn1,1,202,202,-0.786587,0.687105
primary_strict_point_hn1,1,203,203,-0.647378,0.462514
primary_strict_point_hn1,1,204,204,-0.747852,0.448156
primary_strict_point_hn1,1,205,205,-0.764427,0.434273
primary_strict_point_hn1,1,206,206,-0.543558,0.478353
primary_strict_point_hn1,1,207,207,-0.645779,0.455923
primary_strict_point_hn1,1,208,208,-0.632153,0.439035
primary_strict_point_hn1,1,209,209,-0.655583,0.590408
primary_strict_point_hn1,1,210,210,-0.718985,0.471726
primary_strict_point_hn1,1,211,211,-0.664332,0.308217
primary_strict_point_hn1,1,212,212,-0.852152,0.34222
primary_strict_point_hn1,1,213,213,-0.688686,0.296004
primary_strict_point_hn1,1,214,214,-0.513676,0.340796
primary_strict_point_hn1,1,215,215,-0.663725,0.793917
primary_strict_point_hn1,1,216,216,-0.724893,0.520078
primary_strict_point_hn1,1,217,217,-0.775415,0.664353
primary_strict_point_hn1,1,218,218,-0.613929,0.422401
primary_strict_point_hn1,1,219,219,-0.674788,0.479408
primary_strict_point_hn1,1,220,220,-0.702481,0.381332
primary_strict_point_hn1,1,221,221,-0.733502,0.382468
primary_strict_point_hn1,1,222,222,-0.777687,0.395365
primary_strict_point_hn1,1,223,223,-1.06813,0.780553
primary_strict_point_hn1,1,224,224,-1.058,0.766874
primary_strict_point_hn1,1,225,225,-1.06381,0.742476
primary_strict_point_hn1,1,226,226,-0.975549,0.750882
primary_strict_point_hn1,1,227,227,-0.92373,0.617342
primary_strict_point_hn1,1,228,228,-0.956333,0.584554
primary_strict_point_hn1,1,229,229,-0.747206,0.398792
primary_strict_point_hn1,1,230,230,-0.645058,0.707792
primary_strict_point_hn1,1,231,231,-0.674445,0.78832
primary_strict_point_hn1,1,232,232,-0.345266,0.611093
primary_strict_point_hn1,1,233,233,-0.413144,0.679817
primary_strict_point_hn1,1,234,234,-0.825081,0.575831
primary_strict_point_hn1,1,235,235,-0.831366,0.836944
primary_strict_point_hn1,1,236,236,-0.778812,0.911615
primary_strict_point_hn1,1,237,237,-0.669221,0.859327
primary_strict_point_hn1,1,238,238,-0.689364,0.535965
primary_strict_point_hn1,1,239,239,-0.835373,0.57285
primary_strict_point_hn1,1,240,240,-0.902935,0.550062
primary_strict_point_hn1,1,241,241,-0.616824,0.474909
primary_strict_point_hn1,1,242,242,-0.362379,0.345525
primary_strict_point_hn1,1,243,243,-0.430086,0.372217
primary_strict_point_hn1,1,244,244,-0.533071,0.63085
primary_strict_point_hn1,1,245,245,-0.411879,0.752029
primary_strict_point_hn1,1,246,246,-0.31478,0.945458
primary_strict_point_hn1,1,247,247,-0.718581,1.00617
primary_strict_point_hn1,1,248,248,-0.741392,0.743817
primary_strict_point_hn1,1,249,249,-0.944592,0.482923
primary_strict_point_hn1,1,250,250,-0.759185,0.452447
primary_strict_point_hn1,1,251,251,-1.04069,0.514865
primary_strict_point_hn1,1,252,252,-1.0449,0.501123
primary_strict_point_hn1,1,253,253,-0.501567,0.689232
primary_strict_point_hn1,1,254,254,-0.400355,0.805607
primary_strict_point_hn1,1,255,255,-0.307299,0.937099
primary_strict_point_hn1,1,256,256,-0.494317,0.747842
primary_strict_point_hn1,1,257,257,-0.466257,0.843294
primary_strict_point_hn1,1,258,258,-0.651071,0.774952
primary_strict_point_hn1,1,259,259,-0.645636,0.691215
primary_strict_point_hn1,1,260,260,-0.609978,0.391336
primary_strict_point_hn1,1,261,261,-0.56017,0.507432
primary_strict_point_hn1,1,262,262,-0.399291,0.49064
primary_strict_point_hn1,1,263,263,-0.498044,0.423774
primary_strict_point_hn1,1,264,264,-0.502143,0.464354
primary_strict_point_hn1,1,265,265,-0.767978,0.830775
primary_strict_point_hn1,1,266,266,-0.703858,0.799122
primary_strict_point_hn1,1,267,267,-0.690581,0.954388
primary_strict_point_hn1,1,268,268,-0.701718,0.76213
primary_strict_point_hn1,1,269,269,-0.674178,0.477376
primary_strict_point_hn1,1,270,270,-0.604702,0.5083
primary_strict_point_hn1,1,271,271,-0.759457,0.77586
primary_strict_point_hn1,1,272,272,-0.649258,0.679953
primary_strict_point_hn1,1,273,273,-0.410923,0.638056
primary_strict_point_hn1,1,274,274,-0.543118,0.539404
primary_strict_point_hn1,1,275,275,-0.48432,0.637399
primary_strict_point_hn1,1,276,276,-0.609978,0.550476
primary_strict_point_hn1,1,277,277,-0.553265,0.541588
primary_strict_point_hn1,1,278,278,-0.477182,0.593268
primary_strict_point_hn1,1,279,279,-0.38136,0.515785
primary_strict_point_hn1,1,280,280,-0.630736,0.439909
primary_strict_point_hn1,1,281,281,-0.501696,0.381906
primary_strict_point_hn1,1,282,282,-0.409631,0.549747
primary_strict_point_hn1,1,283,283,-0.577025,0.55714
primary_strict_point_hn1,1,284,284,-0.818649,0.436227
primary_strict_point_hn1,1,285,285,-0.611911,0.455561
primary_strict_point_hn1,1,286,286,-0.571388,0.388112
primary_strict_point_hn1,1,287,287,-0.97261,0.734287
primary_strict_point_hn1,1,288,288,-0.962066,0.694517
primary_strict_point_hn1,1,289,289,-0.625176,0.579762
primary_strict_point_hn1,1,290,290,-0.409234,0.53351
primary_strict_point_hn1,1,291,291,-0.662295,0.623215
primary_strict_point_hn1,1,292,292,-0.603488,0.777766
primary_strict_point_hn1,1,293,293,-0.724238,0.81472
primary_strict_point_hn1,1,294,294,-0.622825,0.747873
primary_strict_point_hn1,1,295,295,-0.929482,0.865595
primary_strict_point_hn1,1,296,296,-0.88381,0.493786
primary_strict_point_hn1,1,297,297,-0.628445,0.267127
primary_strict_point_hn1,1,298,298,-0.544139,0.406043
primary_strict_point_hn1,1,299,299,-0.581519,0.352519
primary_strict_point_hn1,1,300,300,-0.556122,0.44738
primary_strict_point_hn1,1,301,301,-0.61653,0.410173
primary_strict_point_hn1,1,302,302,-0.889557,0.465459
primary_strict_point_hn1,1,303,303,-0.787509,0.345041
primary_strict_point_hn1,1,304,304,-0.732864,0.334559
primary_strict_point_hn1,1,305,305,-0.908406,0.456741
primary_strict_point_hn1,1,306,306,-0.730542,0.857908
primary_strict_point_hn1,1,307,307,-0.778489,0.785984
primary_strict_point_hn1,1,308,308,-0.662735,0.644519
primary_strict_point_hn1,1,309,309,-0.626047,0.625899
primary_strict_point_hn1,1,310,310,-0.682812,0.546798
primary_strict_point_hn1,1,311,311,-0.659449,0.639543
primary_strict_point_hn1,1,312,312,-0.50882,0.680767
primary_strict_point_hn1,1,313,313,-0.565884,0.617495
primary_strict_point_hn1,1,314,314,-0.517379,0.611933
primary_strict_point_hn1,1,315,315,-0.57393,0.355313
primary_strict_point_hn1,1,316,316,-0.582998,0.439442
primary_strict_point_hn1,1,317,317,-0.324673,0.488884
primary_strict_point_hn1,1,318,318,-0.889676,0.49650300000000003
primary_strict_point_hn1,1,319,319,-0.84785,0.368058
primary_strict_point_hn1,1,320,320,-0.84593,0.570485
primary_strict_point_hn1,1,321,321,-0.489807,0.745675
primary_strict_point_hn1,1,322,322,-0.676732,0.545585
primary_strict_point_hn1,1,323,323,-0.641811,0.551037
primary_strict_point_hn1,1,324,324,-0.470215,0.504475
primary_strict_point_hn1,1,325,325,-0.453557,0.500173
primary_strict_point_hn1,1,326,326,-0.311948,0.642195
primary_strict_point_hn1,1,327,327,-0.60414,0.881189
primary_strict_point_hn1,1,328,328,-0.652267,0.674993
primary_strict_point_hn1,1,329,329,-0.508472,1.06334
primary_strict_point_hn1,1,330,330,-0.498811,0.935016
primary_strict_point_hn1,1,331,331,-0.49586,0.399019
primary_strict_point_hn1,1,332,332,-0.726309,0.470376
primary_strict_point_hn1,1,333,333,-0.817195,0.516673
primary_strict_point_hn1,1,334,334,-0.344343,0.574424
primary_strict_point_hn1,1,335,335,-0.930272,0.393962
primary_strict_point_hn1,1,336,336,-0.594658,0.366896
primary_strict_point_hn1,1,337,337,-0.517007,0.691863
primary_strict_point_hn1,1,338,338,-0.450875,0.948255
primary_strict_point_hn1,1,339,339,-0.422886,0.837528
primary_strict_point_hn1,1,340,340,-0.518373,0.827114
primary_strict_point_hn1,1,341,341,-0.322378,0.935486
primary_strict_point_hn1,1,342,342,-0.125767,0.737796
primary_strict_point_hn1,1,343,343,-1.12125,0.969747
primary_strict_point_hn1,1,344,344,-1.08069,0.844922
primary_strict_point_hn1,1,345,345,-0.544576,0.586251
primary_strict_point_hn1,1,346,346,-0.50488,0.715229
primary_strict_point_hn1,1,347,347,-0.628422,0.776613
primary_strict_point_hn1,1,348,348,-0.989707,0.847328
primary_strict_point_hn1,1,349,349,-1.20237,1.21504
primary_strict_point_hn1,1,350,350,-1.22978,1.31285
primary_strict_point_hn1,1,351,351,-0.856988,0.395798
primary_strict_point_hn1,1,352,352,-0.879597,0.42691
primary_strict_point_hn1,1,353,353,-0.684469,0.591565
primary_strict_point_hn1,1,354,354,-0.450545,0.643767
primary_strict_point_hn1,1,355,355,-0.454035,0.561467
primary_strict_point_hn1,1,356,356,-0.552451,0.455197
primary_strict_point_hn1,1,357,357,-0.917592,0.352173
primary_strict_point_hn1,1,358,358,-0.726921,0.42131
primary_strict_point_hn1,1,359,359,-0.722597,0.531108
primary_strict_point_hn1,1,360,360,-0.766658,0.411308
primary_strict_point_hn1,1,361,361,-0.73337,0.378922
primary_strict_point_hn1,1,362,362,-0.781096,0.636272
primary_strict_point_hn1,1,363,363,-0.429241,0.384473
primary_strict_point_hn1,1,364,364,-0.796109,0.637276
primary_strict_point_hn1,1,365,365,-0.67353,0.751685
primary_strict_point_hn1,1,366,366,-0.620334,0.73373
primary_strict_point_hn1,1,367,367,-0.563651,0.685433
primary_strict_point_hn1,1,368,368,-0.666573,0.653657
primary_strict_point_hn1,1,369,369,-0.580163,0.719714
primary_strict_point_hn1,1,370,370,-0.605887,0.934347
primary_strict_point_hn1,1,371,371,-0.577397,0.887314
primary_strict_point_hn1,1,372,372,-0.621907,0.830729
primary_strict_point_hn1,1,373,373,-0.783728,0.812089
primary_strict_point_hn1,1,374,374,-0.895626,0.879611
primary_strict_point_hn1,1,375,375,-0.92489,1.1169
primary_strict_point_hn1,1,376,376,-0.910081,0.986918
primary_strict_point_hn1,1,377,377,-0.831726,0.800039
primary_strict_point_hn1,1,378,378,-1.21026,0.696826
primary_strict_point_hn1,1,379,379,-1.1861,0.600823
primary_strict_point_hn1,1,380,380,-1.17752,0.785285
primary_strict_point_hn1,1,381,381,-0.405197,0.827043
primary_strict_point_hn1,1,382,382,-0.577305,0.907531
primary_strict_point_hn1,1,383,383,-0.557371,0.830239
primary_strict_point_hn1,1,384,384,-0.575148,1.02279
primary_strict_point_hn1,1,385,385,-0.580933,0.905987
primary_strict_point_hn1,1,386,386,-0.500299,0.733436
primary_strict_point_hn1,1,387,387,-0.601757,0.702492
primary_strict_point_hn1,1,388,388,-0.634291,0.382435
primary_strict_point_hn1,1,389,389,-0.67588,0.386509
primary_strict_point_hn1,1,390,390,-0.49108,0.509611
primary_strict_point_hn1,1,391,391,-0.532376,0.450428
primary_strict_point_hn1,1,392,392,-0.422731,0.559053
primary_strict_point_hn1,1,393,393,-0.063343,0.660955
primary_strict_point_hn1,1,394,394,-0.362149,0.774707
primary_strict_point_hn1,1,395,395,-0.297988,0.651348
primary_strict_point_hn1,1,396,396,-0.324602,0.642455
primary_strict_point_hn1,1,397,397,-0.434083,0.683211
primary_strict_point_hn1,1,398,398,-0.972967,0.535175
primary_strict_point_hn1,1,399,399,-0.661928,0.800081
primary_strict_point_hn1,1,400,400,-0.52424,0.875751
primary_strict_point_hn1,1,401,401,-0.490187,0.878602
primary_strict_point_hn1,1,402,402,-0.316915,0.506269
primary_strict_point_hn1,1,403,403,-0.374538,0.459592
primary_strict_point_hn1,1,404,404,-0.456236,0.604756
primary_strict_point_hn1,1,405,405,-0.642519,0.564197
primary_strict_point_hn1,1,406,406,-0.909554,0.491226
primary_strict_point_hn1,1,407,407,-0.848855,0.368243
primary_strict_point_hn1,1,408,408,-0.725637,0.347253
primary_strict_point_hn1,1,409,409,-0.870871,0.652639
primary_strict_point_hn1,1,410,410,-0.806213,0.785334
primary_strict_point_hn1,1,411,411,-0.727943,0.332882
primary_strict_point_hn1,1,412,412,-0.768806,0.34741
primary_strict_point_hn1,1,413,413,-0.838015,0.730277
primary_strict_point_hn1,1,414,414,-0.908871,0.657971
primary_strict_point_hn1,1,415,415,-0.956536,0.699164
primary_strict_point_hn1,1,416,416,-0.877505,0.532193
primary_strict_point_hn1,1,417,417,-0.965852,0.579785
primary_strict_point_hn1,1,418,418,-0.952358,0.597539
primary_strict_point_hn1,1,419,419,-1.03161,0.7415
primary_strict_point_hn1,1,420,420,-0.958839,0.64503
primary_strict_point_hn1,1,421,421,-0.939829,0.620427
primary_strict_point_hn1,1,422,422,-0.944397,0.602604
primary_strict_point_hn1,1,423,423,-0.802182,0.763665
primary_strict_point_hn1,1,424,424,-0.687444,0.674723
primary_strict_point_hn1,1,425,425,-0.610657,0.489952
primary_strict_point_hn1,1,426,426,-0.622117,0.762656
primary_strict_point_hn1,1,427,427,-0.732149,0.562731
primary_strict_point_hn1,1,428,428,-0.866442,0.583824
primary_strict_point_hn1,1,429,429,-0.735026,0.453712
primary_strict_point_hn1,1,430,430,-0.680768,0.380418
primary_strict_point_hn1,1,431,431,-0.793891,0.354611
primary_strict_point_hn1,1,432,432,-0.822535,0.354601
primary_strict_point_hn1,1,433,433,-0.647534,0.752537
primary_strict_point_hn1,1,434,434,-0.670053,0.750773
primary_strict_point_hn1,1,435,435,-0.700726,0.730627
primary_strict_point_hn1,1,436,436,-0.66017,0.684359
primary_strict_point_hn1,1,437,437,-0.856809,1.04484
primary_strict_point_hn1,1,438,438,-0.768538,0.864921
primary_strict_point_hn1,1,439,439,-1.00602,0.762444
primary_strict_point_hn1,1,440,440,-0.99954,0.844901
primary_strict_point_hn1,1,441,441,-0.981501,0.814638
primary_strict_point_hn1,1,442,442,-1.0497,0.622942
primary_strict_point_hn1,1,443,443,-1.18786,0.668448
primary_strict_point_hn1,1,444,444,-0.915966,0.529164
primary_strict_point_hn1,1,445,445,-0.716745,0.643495
primary_strict_point_hn1,1,446,446,-0.80644,0.50796
primary_strict_point_hn1,1,447,447,-0.819357,0.456367
primary_strict_point_hn1,1,448,448,-0.910997,0.403228
primary_strict_point_hn1,1,449,449,-0.545007,0.381274
primary_strict_point_hn1,1,450,450,-0.544494,0.764466
primary_strict_point_hn1,1,451,451,-0.575837,0.635335
primary_strict_point_hn1,1,452,452,-0.6535,0.577256
primary_strict_point_hn1,1,453,453,-0.48964800000000003,0.656928
primary_strict_point_hn1,1,454,454,-0.343514,0.570417
primary_strict_point_hn1,1,455,455,-0.541968,0.473654
primary_strict_point_hn1,1,456,456,-0.398149,0.320689
primary_strict_point_hn1,1,457,457,-0.159997,0.62466
primary_strict_point_hn1,1,458,458,-0.690108,0.562297
primary_strict_point_hn1,1,459,459,-0.650904,0.867166
primary_strict_point_hn1,1,460,460,-0.720815,0.686837
primary_strict_point_hn1,1,461,461,-0.420019,0.552713
primary_strict_point_hn1,1,462,462,-0.754493,0.444018
primary_strict_point_hn1,1,463,463,-0.590322,0.461768
primary_strict_point_hn1,1,464,464,-0.547951,0.309544
primary_strict_point_hn1,1,465,465,-0.645442,0.333866
primary_strict_point_hn1,1,466,466,-0.816031,0.672807
primary_strict_point_hn1,1,467,467,-0.910382,0.564295
primary_strict_point_hn1,1,468,468,-0.643658,0.641853
primary_strict_point_hn1,1,469,469,-0.743538,0.814148
primary_strict_point_hn1,1,470,470,-0.713648,0.360077
primary_strict_point_hn1,1,471,471,-0.676081,0.54752
primary_strict_point_hn1,1,472,472,-0.587929,0.614409
primary_strict_point_hn1,1,473,473,-0.522384,0.876464
primary_strict_point_hn1,1,474,474,-0.5477,0.397556
primary_strict_point_hn1,1,475,475,-0.518281,0.616856
primary_strict_point_hn1,1,476,476,-0.469771,0.593037
primary_strict_point_hn1,1,477,477,-0.547836,0.562618
primary_strict_point_hn1,1,478,478,-0.592777,0.597047
primary_strict_point_hn1,1,479,479,-0.476492,0.697375
primary_strict_point_hn1,1,480,480,-0.418439,0.644293
primary_strict_point_hn1,1,481,481,-0.506793,0.648438
primary_strict_point_hn1,1,482,482,-0.367696,0.632616
primary_strict_point_hn1,1,483,483,-0.519339,0.653629
primary_strict_point_hn1,1,484,484,-0.658228,0.536864
primary_strict_point_hn1,1,485,485,-0.733929,0.466256
primary_strict_point_hn1,1,486,486,-0.351411,0.676901
primary_strict_point_hn1,1,487,487,-0.351116,0.526572
primary_strict_point_hn1,1,488,488,-0.865453,0.411295
primary_strict_point_hn1,1,489,489,-0.664694,0.45654
primary_strict_point_hn1,1,490,490,-0.858127,0.389427
primary_strict_point_hn1,1,491,491,-0.829863,0.63737
primary_strict_point_hn1,1,492,492,-0.888702,0.654208
primary_strict_point_hn1,1,493,493,-0.766722,0.529022
primary_strict_point_hn1,1,494,494,-0.815208,0.538667
primary_strict_point_hn1,1,495,495,-0.867266,0.396486
primary_strict_point_hn1,1,496,496,-0.806231,0.416636
primary_strict_point_hn1,1,497,497,-0.505491,0.449442
primary_strict_point_hn1,1,498,498,-0.488622,0.63744
primary_strict_point_hn1,1,499,499,-0.421851,0.668449
primary_strict_point_hn1,1,500,500,-0.52923,0.69625
primary_strict_point_hn1,1,501,501,-0.56169,0.668306
primary_strict_point_hn1,1,502,502,-0.471416,0.653624
primary_strict_point_hn1,1,503,503,-0.700462,0.639216
primary_strict_point_hn1,1,504,504,-0.759754,0.556705
primary_strict_point_hn1,1,505,505,-0.837458,0.534105
primary_strict_point_hn1,1,506,506,-0.899272,0.459453
primary_strict_point_hn1,1,507,507,-0.939893,0.52724
primary_strict_point_hn1,1,508,508,-0.890047,0.461393
primary_strict_point_hn1,1,509,509,-1.07059,0.606627
primary_strict_point_hn1,1,510,510,-0.819327,0.323322
primary_strict_point_hn1,1,511,511,-0.670011,0.431937
primary_strict_point_hn1,1,512,512,-0.709644,0.354412
primary_strict_point_hn1,1,513,513,-0.488757,0.471499
primary_strict_point_hn1,1,514,514,-0.530575,0.703772
primary_strict_point_hn1,1,515,515,-0.674289,1.00551
primary_strict_point_hn1,1,516,516,-0.683767,0.991483
primary_strict_point_hn1,1,517,517,-0.886226,1.15044
primary_strict_point_hn1,1,518,518,-0.705553,1.21274
primary_strict_point_hn1,1,519,519,-0.482082,0.555452
primary_strict_point_hn1,1,520,520,-0.407302,0.49499
primary_strict_point_hn1,1,521,521,-0.623205,0.608501
primary_strict_point_hn1,1,522,522,-0.445275,0.627179
primary_strict_point_hn1,1,523,523,-0.350443,0.857337
primary_strict_point_hn1,1,524,524,-0.802273,0.492109
primary_strict_point_hn1,1,525,525,-0.599325,0.415284
primary_strict_point_hn1,1,526,526,-0.966027,0.6109
primary_strict_point_hn1,1,527,527,-1.20041,0.591665
primary_strict_point_hn1,1,528,528,-1.12065,0.517472
primary_strict_point_hn1,1,529,529,-1.22579,0.5801
primary_strict_point_hn1,1,530,530,-0.592399,0.769123
primary_strict_point_hn1,1,531,531,-0.682312,0.602304
primary_strict_point_hn1,1,532,532,-0.735777,0.462659
primary_strict_point_hn1,1,533,533,-0.42305,0.500438
primary_strict_point_hn1,1,534,534,-0.64478,0.540648
primary_strict_point_hn1,1,535,535,-0.544256,0.610522
primary_strict_point_hn1,1,536,536,-0.792063,0.491287
primary_strict_point_hn1,1,537,537,0.0174788,0.887356
primary_strict_point_hn1,1,538,538,0.105973,0.941974
primary_strict_point_hn1,1,539,539,0.0482696,1.18837
primary_strict_point_hn1,1,540,540,-0.0805769,0.940581
primary_strict_point_hn1,1,541,541,-0.0987179,0.994439
primary_strict_point_hn1,1,542,542,-0.183986,0.941675
primary_strict_point_hn1,1,543,543,-0.136649,1.14106
primary_strict_point_hn1,1,544,544,-0.69973,0.600749
primary_strict_point_hn1,1,545,545,-0.694884,0.734756
primary_strict_point_hn1,1,546,546,-0.82412,0.643777
primary_strict_point_hn1,1,547,547,-0.461075,0.652086
primary_strict_point_hn1,1,548,548,-0.781809,0.726803
primary_strict_point_hn1,1,549,549,-0.826895,0.79412
primary_strict_point_hn1,1,550,550,-0.740152,0.604857
primary_strict_point_hn1,1,551,551,-0.752937,0.58542400000000006
primary_strict_point_hn1,1,552,552,-0.622202,0.61123
primary_strict_point_hn1,1,553,553,-0.797928,0.524681
primary_strict_point_hn1,1,554,554,-0.866203,0.512186
primary_strict_point_hn1,1,555,555,-0.984719,0.483564
primary_strict_point_hn1,1,556,556,-0.96398,0.420725
primary_strict_point_hn1,1,557,557,-0.5299,1.28629
primary_strict_point_hn1,1,558,558,-0.669901,0.384326
primary_strict_point_hn1,1,559,559,-0.670315,0.286064
primary_strict_point_hn1,1,560,560,-1.56133,1.03813
primary_strict_point_hn1,1,561,561,-1.51369,0.798227
primary_strict_point_hn1,1,562,562,-1.41703,0.91919
primary_strict_point_hn1,1,563,563,-1.51425,1.06567
primary_strict_point_hn1,1,564,564,-1.61816,1.15043
primary_strict_point_hn1,1,565,565,-1.48791,1.04898
primary_strict_point_hn1,1,566,566,-0.148718,0.847971
primary_strict_point_hn1,1,567,567,-0.359432,0.767415
primary_strict_point_hn1,1,568,568,-0.239569,0.763449
primary_strict_point_hn1,1,569,569,-0.132959,0.715642
primary_strict_point_hn1,1,570,570,-0.190722,0.845749
primary_strict_point_hn1,1,571,571,-0.296257,0.836747
primary_strict_point_hn1,1,572,572,-0.136124,0.795383
primary_strict_point_hn1,1,573,573,-0.318807,0.540121
primary_strict_point_hn1,1,574,574,-0.537701,0.463408
primary_strict_point_hn1,1,575,575,-0.459678,0.535243
primary_strict_point_hn1,1,576,576,-0.483725,0.564944
primary_strict_point_hn1,1,577,577,-0.439794,0.468844
primary_strict_point_hn1,1,578,578,-0.497868,0.510889
primary_strict_point_hn1,1,579,579,-0.56726,0.451829
primary_strict_point_hn1,1,580,580,-0.623513,0.362147
primary_strict_point_hn1,1,581,581,-0.211996,0.690669
primary_strict_point_hn1,1,582,582,-0.554331,0.63439
primary_strict_point_hn1,1,583,583,-0.400131,0.595827
primary_strict_point_hn1,1,584,584,-0.400249,0.492224
primary_strict_point_hn1,1,585,585,-0.462649,0.560445
primary_strict_point_hn1,1,586,586,-0.47106,0.397822
primary_strict_point_hn1,1,587,587,-0.389284,0.660623
primary_strict_point_hn1,1,588,588,-0.372274,0.720767
primary_strict_point_hn1,1,589,589,-0.528842,0.734551
primary_strict_point_hn1,1,590,590,-0.723288,0.51894
primary_strict_point_hn1,1,591,591,-0.598478,0.714229
primary_strict_point_hn1,1,592,592,-0.853312,0.389279
primary_strict_point_hn1,1,593,593,-0.78478,0.50076
primary_strict_point_hn1,1,594,594,-0.733482,0.614574
primary_strict_point_hn1,1,595,595,-0.715708,0.462437
primary_strict_point_hn1,1,596,596,-0.856408,0.512146
primary_strict_point_hn1,1,597,597,-1.04833,0.559804
primary_strict_point_hn1,1,598,598,-0.835642,0.570087
primary_strict_point_hn1,1,599,599,-0.956167,0.610995
primary_strict_point_hn1,1,600,600,-0.916032,0.682944
primary_strict_point_hn1,1,601,601,-0.687859,0.483797
primary_strict_point_hn1,1,602,602,-0.978855,0.585006
primary_strict_point_hn1,1,603,603,-0.78128,0.429694
primary_strict_point_hn1,1,604,604,-0.763637,0.463475
primary_strict_point_hn1,1,605,605,-0.809097,0.370419
primary_strict_point_hn1,1,606,606,-0.380016,0.464735
primary_strict_point_hn1,1,607,607,-0.570226,0.466657
primary_strict_point_hn1,1,608,608,-0.633814,0.497582
primary_strict_point_hn1,1,609,609,-0.552164,0.479056
primary_strict_point_hn1,1,610,610,-0.589391,0.337622
primary_strict_point_hn1,1,611,611,-0.524548,0.426476
primary_strict_point_hn1,1,612,612,-0.711591,0.47075
primary_strict_point_hn1,1,613,613,-0.761171,0.592925
primary_strict_point_hn1,1,614,614,-0.822897,0.472503
primary_strict_point_hn1,1,615,615,-1.15711,0.715847
primary_strict_point_hn1,1,616,616,-0.890154,0.5237
primary_strict_point_hn1,1,617,617,-0.291881,0.749265
primary_strict_point_hn1,1,618,618,-0.180855,0.786183
primary_strict_point_hn1,1,619,619,-0.151285,0.959929
primary_strict_point_hn1,1,620,620,-0.320468,0.928793
primary_strict_point_hn1,1,621,621,-0.471219,1.04889
primary_strict_point_hn1,1,622,622,-0.0657545,0.953703
primary_strict_point_hn1,1,623,623,-1.09368,0.493915
primary_strict_point_hn1,1,624,624,-1.00115,0.542608
primary_strict_point_hn1,1,625,625,-0.823452,0.383657
primary_strict_point_hn1,1,626,626,-0.798797,0.381635
primary_strict_point_hn1,1,627,627,-0.834563,0.384041
primary_strict_point_hn1,1,628,628,-0.818409,0.520826
primary_strict_point_hn1,1,629,629,-0.636912,0.691273
primary_strict_point_hn1,1,630,630,-0.611776,0.566813
primary_strict_point_hn1,1,631,631,-0.670841,0.543355
primary_strict_point_hn1,1,632,632,-0.693027,0.550848
primary_strict_point_hn1,1,633,633,-0.553407,0.509257
primary_strict_point_hn1,1,634,634,-0.686714,0.648689
primary_strict_point_hn1,1,635,635,-0.703194,0.68449
primary_strict_point_hn1,1,636,636,-0.543066,0.871605
primary_strict_point_hn1,1,637,637,-0.607625,0.784306
primary_strict_point_hn1,1,638,638,-0.525223,0.827
primary_strict_point_hn1,1,639,639,-0.523068,0.863226
primary_strict_point_hn1,1,640,640,-0.481974,1.01704
primary_strict_point_hn1,1,641,641,-0.74395,1.29435
primary_strict_point_hn1,1,642,642,-0.683406,1.09569
primary_strict_point_hn1,1,643,643,-1.12063,0.741894
primary_strict_point_hn1,1,644,644,-0.975017,0.676045
primary_strict_point_hn1,1,645,645,-0.918015,0.689059
primary_strict_point_hn1,1,646,646,-0.738383,0.48683
primary_strict_point_hn1,1,647,647,-0.675212,0.356267
primary_strict_point_hn1,1,648,648,-0.661438,0.332983
primary_strict_point_hn1,1,649,649,-0.866397,0.534422
primary_strict_point_hn1,1,650,650,-0.99353,0.346772
primary_strict_point_hn1,1,651,651,-1.02345,0.532029
primary_strict_point_hn1,1,652,652,-1.17547,0.476172
primary_strict_point_hn1,1,653,653,-0.704703,0.56463
primary_strict_point_hn1,1,654,654,-0.426023,0.595141
primary_strict_point_hn1,1,655,655,-0.794394,0.707549
primary_strict_point_hn1,1,656,656,-0.829776,0.290716
primary_strict_point_hn1,1,657,657,-0.944555,0.494893
primary_strict_point_hn1,1,658,658,-0.874414,0.417811
primary_strict_point_hn1,1,659,659,-0.551308,0.550371
primary_strict_point_hn1,1,660,660,-0.643751,0.734983
primary_strict_point_hn1,1,661,661,-0.630438,0.537842
primary_strict_point_hn1,1,662,662,-0.642258,0.432462
primary_strict_point_hn1,1,663,663,-0.687544,0.570569
primary_strict_point_hn1,1,664,664,-0.546009,0.667948
primary_strict_point_hn1,1,665,665,-0.576127,0.664954
primary_strict_point_hn1,1,666,666,-0.657238,0.368936
primary_strict_point_hn1,1,667,667,-0.576807,0.391925
primary_strict_point_hn1,1,668,668,-0.605496,0.506704
primary_strict_point_hn1,1,669,669,-0.891194,0.55303
primary_strict_point_hn1,1,670,670,-0.793129,0.560754
primary_strict_point_hn1,1,671,671,-0.880157,0.58627
primary_strict_point_hn1,1,672,672,-0.881122,0.582003
primary_strict_point_hn1,1,673,673,-0.809119,0.567681
primary_strict_point_hn1,1,674,674,-0.83098,0.554047
primary_strict_point_hn1,1,675,675,-0.971197,0.67019
primary_strict_point_hn1,1,676,676,-0.82484,0.524181
primary_strict_point_hn1,1,677,677,-0.988076,1.08161
primary_strict_point_hn1,1,678,678,-0.816801,0.768766
primary_strict_point_hn1,1,679,679,-0.803652,0.779037
primary_strict_point_hn1,1,680,680,-0.751643,0.860743
primary_strict_point_hn1,1,681,681,-0.681746,0.807839
primary_strict_point_hn1,1,682,682,-0.699735,0.622286
primary_strict_point_hn1,1,683,683,-0.695631,0.620261
primary_strict_point_hn1,1,684,684,-0.423145,0.620046
primary_strict_point_hn1,1,685,685,-0.51898,0.687458
primary_strict_point_hn1,1,686,686,-0.425402,0.5574
primary_strict_point_hn1,1,687,687,-0.331116,0.6811
primary_strict_point_hn1,1,688,688,-0.220931,0.792433
primary_strict_point_hn1,1,689,689,-0.754506,0.500251
primary_strict_point_hn1,1,690,690,-0.697974,0.439168
primary_strict_point_hn1,1,691,691,-0.761689,0.526326
primary_strict_point_hn1,1,692,692,-0.86809,0.364989
primary_strict_point_hn1,1,693,693,-0.794437,0.306801
primary_strict_point_hn1,1,694,694,-0.63914,0.336279
primary_strict_point_hn1,1,695,695,-0.718532,0.507508
primary_strict_point_hn1,1,696,696,-0.664392,0.495946
primary_strict_point_hn1,1,697,697,-0.57083,0.447449
primary_strict_point_hn1,1,698,698,-0.645839,0.505885
primary_strict_point_hn1,1,699,699,-0.632425,0.552427
primary_strict_point_hn1,1,700,700,-0.608469,0.53111
primary_strict_point_hn1,1,701,701,-0.912151,0.849993
primary_strict_point_hn1,1,702,702,-0.934124,0.906509
primary_strict_point_hn1,1,703,703,-0.936091,0.731282
primary_strict_point_hn1,1,704,704,-0.911747,0.743322
primary_strict_point_hn1,1,705,705,-0.74511,0.37636
primary_strict_point_hn1,1,706,706,-0.707941,0.441721
primary_strict_point_hn1,1,707,707,-0.462322,0.851805
primary_strict_point_hn1,1,708,708,-0.583625,0.552758
primary_strict_point_hn1,1,709,709,-0.587704,0.7218
primary_strict_point_hn1,1,710,710,-0.516592,0.658316
primary_strict_point_hn1,1,711,711,-0.721884,0.930763
primary_strict_point_hn1,1,712,712,-0.633,0.78022
primary_strict_point_hn1,1,713,713,-0.7856,0.684225
primary_strict_point_hn1,1,714,714,-0.823125,0.67968
primary_strict_point_hn1,1,715,715,-0.547847,0.561794
primary_strict_point_hn1,1,716,716,-0.50588,0.718017
primary_strict_point_hn1,1,717,717,-0.483869,0.834028
primary_strict_point_hn1,1,718,718,-0.453081,0.550617
primary_strict_point_hn1,1,719,719,-0.482992,0.712807
primary_strict_point_hn1,1,720,720,-0.504161,0.666334
primary_strict_point_hn1,1,721,721,-0.506432,0.742357
primary_strict_point_hn1,1,722,722,-0.612317,0.7603
primary_strict_point_hn1,1,723,723,-0.83064,0.35113
primary_strict_point_hn1,1,724,724,-0.65749,0.455617
primary_strict_point_hn1,1,725,725,-0.930067,0.503056
primary_strict_point_hn1,1,726,726,-0.941606,0.513904
primary_strict_point_hn1,1,727,727,-0.987201,0.462391
primary_strict_point_hn1,1,728,728,-1.02237,0.452701
primary_strict_point_hn1,1,729,729,-1.01748,0.827552
primary_strict_point_hn1,1,730,730,-1.0055,0.658683
primary_strict_point_hn1,1,731,731,-0.683339,0.893211
primary_strict_point_hn1,1,732,732,-0.783495,0.517026
primary_strict_point_hn1,1,733,733,-0.789323,0.524804
primary_strict_point_hn1,1,734,734,-0.795116,0.736225
primary_strict_point_hn1,1,735,735,-0.782799,0.719458
primary_strict_point_hn1,1,736,736,-0.835735,0.663038
primary_strict_point_hn1,1,737,737,-0.661108,0.268835
primary_strict_point_hn1,1,738,738,-0.716578,0.462493
primary_strict_point_hn1,1,739,739,-0.748408,0.378975
primary_strict_point_hn1,1,740,740,-0.789086,0.408221
primary_strict_point_hn1,1,741,741,-0.628258,0.412829
primary_strict_point_hn1,1,742,742,-0.760547,0.574096
primary_strict_point_hn1,1,743,743,-0.667383,0.643395
primary_strict_point_hn1,1,744,744,-0.4809,0.720826
primary_strict_point_hn1,1,745,745,-0.440566,0.907102
primary_strict_point_hn1,1,746,746,-0.490421,1.2317
primary_strict_point_hn1,1,747,747,-0.717896,0.33133
primary_strict_point_hn1,1,748,748,-0.765894,0.414514
primary_strict_point_hn1,1,749,749,-0.873149,0.396519
primary_strict_point_hn1,1,750,750,-0.853683,0.262261
primary_strict_point_hn1,1,751,751,-0.874283,0.548773
primary_strict_point_hn1,1,752,752,-0.726749,0.338335
primary_strict_point_hn1,1,753,753,-0.633526,0.370575
primary_strict_point_hn1,1,754,754,-0.583083,0.528619
primary_strict_point_hn1,1,755,755,-0.649774,0.427331
primary_strict_point_hn1,1,756,756,-0.661036,0.430545
primary_strict_point_hn1,1,757,757,-0.533681,0.392401
primary_strict_point_hn1,1,758,758,-0.594248,0.607771
primary_strict_point_hn1,1,759,759,-0.581085,0.550398
primary_strict_point_hn1,1,760,760,-0.841822,0.608491
primary_strict_point_hn1,1,761,761,-0.709196,0.655008
primary_strict_point_hn1,1,762,762,-0.648985,0.491992
primary_strict_point_hn1,1,763,763,-0.683804,0.550037
primary_strict_point_hn1,1,764,764,-0.315998,0.734958
primary_strict_point_hn1,1,765,765,-0.40003,0.706412
primary_strict_point_hn1,1,766,766,-0.369188,0.781943
primary_strict_point_hn1,1,767,767,-0.565757,0.633577
primary_strict_point_hn1,1,768,768,-0.586238,0.673599
primary_strict_point_hn1,1,769,769,-0.462173,0.369107
primary_strict_point_hn1,1,770,770,-0.526676,0.477088
primary_strict_point_hn1,1,771,771,-0.344666,0.493587
primary_strict_point_hn1,1,772,772,-0.408219,0.747617
primary_strict_point_hn1,1,773,773,-0.777746,0.510812
primary_strict_point_hn1,1,774,774,-0.444506,0.623585
primary_strict_point_hn1,1,775,775,-1.01674,0.710016
primary_strict_point_hn1,1,776,776,-1.02524,0.729921
primary_strict_point_hn1,1,777,777,-0.911045,0.839753
primary_strict_point_hn1,1,778,778,-0.725815,0.426804
primary_strict_point_hn1,1,779,779,-1.10373,0.752474
primary_strict_point_hn1,1,780,780,-1.10206,0.71555
primary_strict_point_hn1,1,781,781,-1.01327,0.840543
primary_strict_point_hn1,1,782,782,0.0742571,0.97626
primary_strict_point_hn1,1,783,783,0.19341,1.19446
primary_strict_point_hn1,1,784,784,-0.314778,0.920965
primary_strict_point_hn1,1,785,785,-0.374484,0.631287
primary_strict_point_hn1,1,786,786,-0.360588,0.741415
primary_strict_point_hn1,1,787,787,-0.467963,0.553194
primary_strict_point_hn1,1,788,788,-0.458609,0.550624
primary_strict_point_hn1,1,789,789,-0.495985,0.587464
primary_strict_point_hn1,1,790,790,-0.534973,0.534416
primary_strict_point_hn1,1,791,791,-0.567691,0.444692
primary_strict_point_hn1,1,792,792,-0.546306,0.434331
primary_strict_point_hn1,1,793,793,-0.505365,0.470627
primary_strict_point_hn1,1,794,794,-0.534243,0.552678
primary_strict_point_hn1,1,795,795,-0.601107,0.38754
primary_strict_point_hn1,1,796,796,-0.601234,0.333456
primary_strict_point_hn1,1,797,797,-0.576924,0.290712
primary_strict_point_hn1,1,798,798,-0.600262,0.396793
primary_strict_point_hn1,1,799,799,-0.747969,0.448161
primary_strict_point_hn1,1,800,800,-0.565181,0.309215
primary_strict_point_hn1,1,801,801,-0.638484,0.484598
primary_strict_point_hn1,1,802,802,-0.508688,0.358042
primary_strict_point_hn1,1,803,803,-0.502132,0.374268
primary_strict_point_hn1,1,804,804,-0.901286,0.642636
primary_strict_point_hn1,1,805,805,-0.734585,0.417724
primary_strict_point_hn1,1,806,806,-1.00976,0.531681
primary_strict_point_hn1,1,807,807,-1.02166,0.551756
primary_strict_point_hn1,1,808,808,-0.768109,0.555033
primary_strict_point_hn1,1,809,809,-0.957206,0.477719
primary_strict_point_hn1,1,810,810,-0.899385,0.48155
primary_strict_point_hn1,1,811,811,-0.654407,0.561092
primary_strict_point_hn1,1,812,812,-0.759956,0.551803
primary_strict_point_hn1,1,813,813,-0.68776,0.563618
primary_strict_point_hn1,1,814,814,-0.751922,0.752281
primary_strict_point_hn1,1,815,815,-0.930954,0.607438
primary_strict_point_hn1,1,816,816,-0.84574800000000006,0.745616
primary_strict_point_hn1,1,817,817,-0.899521,0.644812
primary_strict_point_hn1,1,818,818,-0.91743,0.70225
primary_strict_point_hn1,1,819,819,-0.907146,0.432484
primary_strict_point_hn1,1,820,820,-0.785205,0.478195
primary_strict_point_hn1,1,821,821,-0.761105,0.373318
primary_strict_point_hn1,1,822,822,-0.749727,0.370874
primary_strict_point_hn1,1,823,823,-0.791949,0.354444
primary_strict_point_hn1,1,824,824,-0.722981,0.517997
primary_strict_point_hn1,1,825,825,-0.977794,0.54341
primary_strict_point_hn1,1,826,826,-0.833201,0.431614
primary_strict_point_hn1,1,827,827,-0.634511,0.673836
primary_strict_point_hn1,1,828,828,-0.584446,0.497647
primary_strict_point_hn1,1,829,829,-0.723199,0.518959
primary_strict_point_hn1,1,830,830,-0.585227,0.524867
primary_strict_point_hn1,1,831,831,-0.583601,0.749437
primary_strict_point_hn1,1,832,832,-0.644456,0.611244
primary_strict_point_hn1,1,833,833,-0.433081,0.607717
primary_strict_point_hn1,1,834,834,-0.620552,0.787556
primary_strict_point_hn1,1,835,835,-0.622465,0.792494
primary_strict_point_hn1,1,836,836,-0.680321,0.303443
primary_strict_point_hn1,1,837,837,-0.89851,0.374977
primary_strict_point_hn1,1,838,838,-0.444764,0.468908
primary_strict_point_hn1,1,839,839,-0.58531,0.316955
primary_strict_point_hn1,1,840,840,-0.693509,0.416092
primary_strict_point_hn1,1,841,841,-0.713423,0.57708
primary_strict_point_hn1,1,842,842,-0.70383,0.590143
primary_strict_point_hn1,1,843,843,-0.818546,0.689156
primary_strict_point_hn1,1,844,844,-0.801616,0.653186
primary_strict_point_hn1,1,845,845,-0.802712,0.770377
primary_strict_point_hn1,1,846,846,-0.703413,0.449088
primary_strict_point_hn1,1,847,847,-0.927935,0.555067
primary_strict_point_hn1,1,848,848,-0.818732,0.509414
primary_strict_point_hn1,1,849,849,-0.802944,0.35732
primary_strict_point_hn1,1,850,850,-0.778212,0.463884
primary_strict_point_hn1,1,851,851,-0.702287,0.478833
primary_strict_point_hn1,1,852,852,-0.738209,0.564202
primary_strict_point_hn1,1,853,853,-0.652602,0.532044
primary_strict_point_hn1,1,854,854,-0.659617,0.495822
primary_strict_point_hn1,1,855,855,-0.508366,0.511925
primary_strict_point_hn1,1,856,856,-0.695855,0.493056
primary_strict_point_hn1,1,857,857,-0.559249,0.346667
primary_strict_point_hn1,1,858,858,-0.606188,0.523787
primary_strict_point_hn1,1,859,859,-0.503768,0.466226
primary_strict_point_hn1,1,860,860,-0.347511,0.466493
primary_strict_point_hn1,1,861,861,-0.571631,0.436087
primary_strict_point_hn1,1,862,862,-0.537608,0.437267
primary_strict_point_hn1,1,863,863,-0.644763,0.517977
primary_strict_point_hn1,1,864,864,-0.672056,0.410983
primary_strict_point_hn1,1,865,865,-0.727025,0.490996
primary_strict_point_hn1,1,866,866,-0.710327,0.37624
primary_strict_point_hn1,1,867,867,-0.894537,0.448948
primary_strict_point_hn1,1,868,868,-0.642152,0.400509
primary_strict_point_hn1,1,869,869,-0.671418,0.558386
primary_strict_point_hn1,1,870,870,-0.684891,0.547298
primary_strict_point_hn1,1,871,871,-0.747693,0.579811
primary_strict_point_hn1,1,872,872,-0.769054,0.348447
primary_strict_point_hn1,1,873,873,-0.607699,0.511329
primary_strict_point_hn1,1,874,874,-0.477525,0.4294
primary_strict_point_hn1,1,875,875,-0.520822,0.50071
primary_strict_point_hn1,1,876,876,-0.589316,0.555454
primary_strict_point_hn1,1,877,877,-0.513387,0.455139
primary_strict_point_hn1,1,878,878,-0.548237,0.518262
primary_strict_point_hn1,1,879,879,-0.520769,0.472191
primary_strict_point_hn1,1,880,880,-0.555855,0.396052
primary_strict_point_hn1,1,881,881,-0.510661,0.508748
primary_strict_point_hn1,1,882,882,-0.514535,0.519785
primary_strict_point_hn1,1,883,883,-0.310342,0.661946
primary_strict_point_hn1,1,884,884,-0.0897939,0.753982
primary_strict_point_hn1,1,885,885,-0.34509,0.63216
primary_strict_point_hn1,1,886,886,-0.11794,0.543248
primary_strict_point_hn1,1,887,887,-0.300379,0.542676
primary_strict_point_hn1,1,888,888,-0.21502,0.559623
primary_strict_point_hn1,1,889,889,-0.252526,0.621962
primary_strict_point_hn1,1,890,890,-0.530728,0.472917
primary_strict_point_hn1,1,891,891,-0.325388,0.62735
primary_strict_point_hn1,1,892,892,-0.556021,0.456035
primary_strict_point_hn1,1,893,893,-0.723912,0.701789
primary_strict_point_hn1,1,894,894,-0.486628,0.453487
primary_strict_point_hn1,1,895,895,-0.440112,0.534419
primary_strict_point_hn1,1,896,896,-0.448136,0.585552
primary_strict_point_hn1,1,897,897,-0.692991,0.41658
primary_strict_point_hn1,1,898,898,-0.65061,0.41063499999999997
primary_strict_point_hn1,1,899,899,-0.662126,0.423349
primary_strict_point_hn1,1,900,900,-0.639066,0.556535
primary_strict_point_hn1,1,901,901,-0.58188,0.752405
primary_strict_point_hn1,1,902,902,-0.750093,0.943774
primary_strict_point_hn1,1,903,903,-0.649927,1.05872
primary_strict_point_hn1,1,904,904,-0.700524,1.12115
primary_strict_point_hn1,1,905,905,-0.769389,0.801902
primary_strict_point_hn1,1,906,906,-0.900468,0.833327
primary_strict_point_hn1,1,907,907,-0.995327,0.753938
primary_strict_point_hn1,1,908,908,-0.70664,0.763438
primary_strict_point_hn1,1,909,909,-0.750333,0.803855
primary_strict_point_hn1,1,910,910,-0.676641,0.687104
primary_strict_point_hn1,1,911,911,-0.0802037,0.70539
primary_strict_point_hn1,1,912,912,-0.393877,0.68183
primary_strict_point_hn1,1,913,913,-0.539141,0.43327
primary_strict_point_hn1,1,914,914,-0.838142,0.604582
primary_strict_point_hn1,1,915,915,-0.66056,0.459331
primary_strict_point_hn1,1,916,916,-0.343729,0.466949
primary_strict_point_hn1,1,917,917,-0.634917,0.734035
primary_strict_point_hn1,1,918,918,-0.591963,0.641079
primary_strict_point_hn1,1,919,919,-0.696481,0.900333
primary_strict_point_hn1,1,920,920,-0.636401,0.881877
primary_strict_point_hn1,1,921,921,-0.595723,0.570285
primary_strict_point_hn1,1,922,922,-0.681861,0.677871
primary_strict_point_hn1,1,923,923,-0.143413,0.551456
primary_strict_point_hn1,1,924,924,-0.203002,0.649036
primary_strict_point_hn1,1,925,925,-0.229617,0.686155
primary_strict_point_hn1,1,926,926,-0.700841,0.514875
primary_strict_point_hn1,1,927,927,-0.501762,0.49997
primary_strict_point_hn1,1,928,928,-0.46457,0.573829
primary_strict_point_hn1,1,929,929,-0.493359,0.629369
primary_strict_point_hn1,1,930,930,-0.461223,0.744333
primary_strict_point_hn1,1,931,931,-0.505409,0.635182
primary_strict_point_hn1,1,932,932,-0.740991,0.493578
primary_strict_point_hn1,1,933,933,-0.794211,0.595641
primary_strict_point_hn1,1,934,934,-0.651941,0.606939
primary_strict_point_hn1,1,935,935,-0.565815,0.693036
primary_strict_point_hn1,1,936,936,-0.720337,0.744747
primary_strict_point_hn1,1,937,937,-0.515836,0.626907
primary_strict_point_hn1,1,938,938,-0.604356,0.475476
primary_strict_point_hn1,1,939,939,-0.623796,0.531771
primary_strict_point_hn1,1,940,940,-0.63622,0.332099
primary_strict_point_hn1,1,941,941,-0.577447,0.376156
primary_strict_point_hn1,1,942,942,-0.40896,0.418056
primary_strict_point_hn1,1,943,943,-0.691126,0.459048
primary_strict_point_hn1,1,944,944,-0.517013,0.397905
primary_strict_point_hn1,1,945,945,-0.761797,0.442571
primary_strict_point_hn1,1,946,946,-0.606626,0.483081
primary_strict_point_hn1,1,947,947,-0.538718,0.387228
primary_strict_point_hn1,1,948,948,-0.419732,0.432851
primary_strict_point_hn1,1,949,949,-0.580856,0.688736
primary_strict_point_hn1,1,950,950,-0.82506,0.734039
primary_strict_point_hn1,1,951,951,-0.630571,0.723182
primary_strict_point_hn1,1,952,952,-0.730036,0.817385
primary_strict_point_hn1,1,953,953,-0.919508,0.656261
primary_strict_point_hn1,1,954,954,-0.742624,0.488359
primary_strict_point_hn1,1,955,955,-0.659952,0.616644
primary_strict_point_hn1,1,956,956,-0.397011,0.625608
primary_strict_point_hn1,1,957,957,-0.308496,0.486403
primary_strict_point_hn1,1,958,958,-0.549551,0.414252
primary_strict_point_hn1,1,959,959,-0.504148,0.556174
primary_strict_point_hn1,1,960,960,-0.777347,0.624049
primary_strict_point_hn1,1,961,961,-0.661568,0.427937
primary_strict_point_hn1,1,962,962,-0.749411,0.454686
primary_strict_point_hn1,1,963,963,-0.653331,0.522602
primary_strict_point_hn1,1,964,964,-0.656142,0.448762
primary_strict_point_hn1,1,965,965,-0.498001,0.350151
primary_strict_point_hn1,1,966,966,-0.7122,0.381271
primary_strict_point_hn1,1,967,967,-0.368852,0.46243
primary_strict_point_hn1,1,968,968,-0.524643,0.655505
primary_strict_point_hn1,1,969,969,-0.698801,0.669555
primary_strict_point_hn1,1,970,970,-0.785767,0.488971
primary_strict_point_hn1,1,971,971,-0.891678,0.526849
primary_strict_point_hn1,1,972,972,-0.751879,0.522431
primary_strict_point_hn1,1,973,973,-0.57769,0.644554
primary_strict_point_hn1,1,974,974,-0.64135,0.501941
primary_strict_point_hn1,1,975,975,-0.624389,0.820732
primary_strict_point_hn1,1,976,976,-0.775482,0.949096
primary_strict_point_hn1,1,977,977,-0.768116,0.955719
primary_strict_point_hn1,1,978,978,-0.579207,0.6471
primary_strict_point_hn1,1,979,979,-0.498968,0.745417
primary_strict_point_hn1,1,980,980,-0.510223,0.766773
primary_strict_point_hn1,1,981,981,-0.493783,0.992201
primary_strict_point_hn1,1,982,982,-0.416312,1.03431
primary_strict_point_hn1,1,983,983,-0.562166,0.571902
primary_strict_point_hn1,1,984,984,-0.482377,0.642322
primary_strict_point_hn1,1,985,985,-0.32382,0.633582
primary_strict_point_hn1,1,986,986,-0.191897,0.709954
primary_strict_point_hn1,1,987,987,-0.650809,0.691053
primary_strict_point_hn1,1,988,988,-0.576678,0.701823
primary_strict_point_hn1,1,989,989,-0.579438,0.629311
primary_strict_point_hn1,1,990,990,-0.676276,0.814595
primary_strict_point_hn1,1,991,991,-0.671641,0.780058
primary_strict_point_hn1,1,992,992,-0.663415,0.775151
primary_strict_point_hn1,1,993,993,-0.763707,0.480398
primary_strict_point_hn1,1,994,994,-0.358777,0.505542
primary_strict_point_hn1,1,995,995,-0.372805,0.365266
primary_strict_point_hn1,1,996,996,-0.529615,0.279753
primary_strict_point_hn1,1,997,997,-0.668542,0.437305
primary_strict_point_hn1,1,998,998,-0.640234,0.430772
primary_strict_point_hn1,1,999,999,-0.59426,0.349083
primary_strict_point_hn1,1,1000,1000,-0.731469,0.418114
primary_strict_point_hn1,1,1001,1001,-0.891646,0.415847
primary_strict_point_hn1,1,1002,1002,-0.608988,0.52554
primary_strict_point_hn1,1,1003,1003,-0.729666,0.519503
primary_strict_point_hn1,1,1004,1004,-0.669304,0.663496
primary_strict_point_hn1,1,1005,1005,-0.622308,0.624202
primary_strict_point_hn1,1,1006,1006,-1.09823,0.639568
primary_strict_point_hn1,1,1007,1007,-0.860898,0.593932
primary_strict_point_hn1,1,1008,1008,-0.525343,0.541313
primary_strict_point_hn1,1,1009,1009,-0.551096,0.817476
primary_strict_point_hn1,1,1010,1010,-0.616339,0.674302
primary_strict_point_hn1,1,1011,1011,-0.874606,0.483309
primary_strict_point_hn1,1,1012,1012,-0.746737,0.617919
primary_strict_point_hn1,1,1013,1013,-0.444496,0.501112
primary_strict_point_hn1,1,1014,1014,-0.660977,0.671166
primary_strict_point_hn1,1,1015,1015,-0.623275,0.379308
primary_strict_point_hn1,1,1016,1016,-0.603983,0.35904
primary_strict_point_hn1,1,1017,1017,-0.778882,0.347636
primary_strict_point_hn1,1,1018,1018,-0.918696,0.366769
primary_strict_point_hn1,1,1019,1019,-0.827256,0.28995
primary_strict_point_hn1,1,1020,1020,-0.873204,0.461874
primary_strict_point_hn1,1,1021,1021,-0.956958,0.299903
primary_strict_point_hn1,1,1022,1022,-0.891931,0.274268
primary_strict_point_hn1,1,1023,1023,-0.812378,0.551949
primary_strict_point_hn1,1,1024,1024,-0.638621,0.244883
primary_strict_point_hn1,1,1025,1025,-0.708898,0.478845
primary_strict_point_hn1,1,1026,1026,-0.674488,0.366877
primary_strict_point_hn1,1,1027,1027,-0.624398,0.512237
primary_strict_point_hn1,1,1028,1028,-0.72038,0.59859
primary_strict_point_hn1,1,1029,1029,-0.590375,0.573894
primary_strict_point_hn1,1,1030,1030,-0.766346,0.526995
primary_strict_point_hn1,1,1031,1031,-0.632804,0.658136
primary_strict_point_hn1,1,1032,1032,-0.622408,0.569145
primary_strict_point_hn1,1,1033,1033,-0.609498,0.584159
primary_strict_point_hn1,1,1034,1034,-0.690591,0.552676
primary_strict_point_hn1,1,1035,1035,-0.901455,0.609849
primary_strict_point_hn1,1,1036,1036,-0.948924,0.55865
primary_strict_point_hn1,1,1037,1037,-0.858862,0.464504
primary_strict_point_hn1,1,1038,1038,-0.997196,0.498719
primary_strict_point_hn1,1,1039,1039,-0.851137,0.567194
primary_strict_point_hn1,1,1040,1040,-0.889826,0.722947
primary_strict_point_hn1,1,1041,1041,-0.769236,0.639909
primary_strict_point_hn1,1,1042,1042,-0.678428,0.304498
primary_strict_point_hn1,1,1043,1043,-0.913156,0.505696
primary_strict_point_hn1,1,1044,1044,-0.633818,0.910565
primary_strict_point_hn1,1,1045,1045,-0.618548,0.883503
primary_strict_point_hn1,1,1046,1046,-0.587272,0.896443
primary_strict_point_hn1,1,1047,1047,-0.529299,0.728548
primary_strict_point_hn1,1,1048,1048,-0.498356,0.567706
primary_strict_point_hn1,1,1049,1049,-0.508516,0.670209
primary_strict_point_hn1,1,1050,1050,-0.675923,0.613001
primary_strict_point_hn1,1,1051,1051,-0.817046,0.452659
primary_strict_point_hn1,1,1052,1052,-0.987694,0.560321
primary_strict_point_hn1,1,1053,1053,-0.940128,0.561942
primary_strict_point_hn1,1,1054,1054,-0.931936,0.574232
primary_strict_point_hn1,1,1055,1055,-0.774417,0.547969
primary_strict_point_hn1,1,1056,1056,-0.670903,0.380607
primary_strict_point_hn1,1,1057,1057,-0.653936,0.441426
primary_strict_point_hn1,1,1058,1058,-0.674748,0.314688
primary_strict_point_hn1,1,1059,1059,-0.68732,0.327095
primary_strict_point_hn1,1,1060,1060,-0.603861,0.359597
primary_strict_point_hn1,1,1061,1061,-0.741411,0.295909
primary_strict_point_hn1,1,1062,1062,-0.736812,0.579041
primary_strict_point_hn1,1,1063,1063,-0.736392,0.440249
primary_strict_point_hn1,1,1064,1064,-0.751088,0.43359
primary_strict_point_hn1,1,1065,1065,-0.37543,0.632855
primary_strict_point_hn1,1,1066,1066,-0.543692,0.654126
primary_strict_point_hn1,1,1067,1067,-0.232418,0.768177
primary_strict_point_hn1,1,1068,1068,-0.1011,0.721847
primary_strict_point_hn1,1,1069,1069,-0.166229,0.707979
primary_strict_point_hn1,1,1070,1070,-0.305556,0.46245000000000003
primary_strict_point_hn1,1,1071,1071,-0.215126,0.627409
primary_strict_point_hn1,1,1072,1072,-0.279545,0.597886
primary_strict_point_hn1,1,1073,1073,-0.418982,0.561151
primary_strict_point_hn1,1,1074,1074,-0.363505,0.494052
primary_strict_point_hn1,1,1075,1075,-0.376732,0.50789
primary_strict_point_hn1,1,1076,1076,-0.474418,0.615986
primary_strict_point_hn1,1,1077,1077,-0.461096,0.710571
primary_strict_point_hn1,1,1078,1078,-0.528017,0.636784
primary_strict_point_hn1,1,1079,1079,-0.500035,0.602243
primary_strict_point_hn1,1,1080,1080,-0.644607,0.426946
primary_strict_point_hn1,1,1081,1081,-0.764341,0.437562
primary_strict_point_hn1,1,1082,1082,-0.780533,0.382409
primary_strict_point_hn1,1,1083,1083,-0.873428,0.368826
primary_strict_point_hn1,1,1084,1084,-0.837797,0.475241
primary_strict_point_hn1,1,1085,1085,0.0648374,0.901466
primary_strict_point_hn1,1,1086,1086,-1.52657,1.11389
primary_strict_point_hn1,1,1087,1087,-1.48363,1.62117
primary_strict_point_hn1,1,1088,1088,-1.53316,1.64719
primary_strict_point_hn1,1,1089,1089,-1.59103,1.66583
primary_strict_point_hn1,1,1090,1090,-1.49357,1.42697
primary_strict_point_hn1,1,1091,1091,-1.48114,1.37042
primary_strict_point_hn1,1,1092,1092,-1.30112,0.669482
primary_strict_point_hn1,1,1093,1093,-1.05954,0.803036
primary_strict_point_hn1,1,1094,1094,-1.05149,0.804808
primary_strict_point_hn1,1,1095,1095,-0.884896,0.634995
primary_strict_point_hn1,1,1096,1096,-0.915155,0.608571
primary_strict_point_hn1,1,1097,1097,-0.651933,0.53511
primary_strict_point_hn1,1,1098,1098,-0.681339,0.381111
primary_strict_point_hn1,1,1099,1099,-0.59991,0.346062
primary_strict_point_hn1,1,1100,1100,-0.832172,0.356331
primary_strict_point_hn1,1,1101,1101,-0.70708,0.370219
primary_strict_point_hn1,1,1102,1102,-0.61825,0.395909
primary_strict_point_hn1,1,1103,1103,-0.819017,0.68863
primary_strict_point_hn1,1,1104,1104,-1.044,0.66684
primary_strict_point_hn1,1,1105,1105,-0.911394,0.456875
primary_strict_point_hn1,1,1106,1106,-0.995179,0.606336
primary_strict_point_hn1,1,1107,1107,-1.12329,0.584186
primary_strict_point_hn1,1,1108,1108,-1.1273,0.680942
primary_strict_point_hn1,1,1109,1109,-1.15536,0.691783
primary_strict_point_hn1,1,1110,1110,-0.976368,0.774572
primary_strict_point_hn1,1,1111,1111,-0.900065,0.540635
primary_strict_point_hn1,1,1112,1112,-0.906142,0.463999
primary_strict_point_hn1,1,1113,1113,-0.977458,0.47324
primary_strict_point_hn1,1,1114,1114,-0.938105,0.458289
primary_strict_point_hn1,1,1115,1115,-1.04505,0.617585
primary_strict_point_hn1,1,1116,1116,-0.453486,0.546473
primary_strict_point_hn1,1,1117,1117,-0.264254,0.519255
primary_strict_point_hn1,1,1118,1118,-0.225874,0.553008
primary_strict_point_hn1,1,1119,1119,-0.401298,0.670709
primary_strict_point_hn1,1,1120,1120,-0.471259,0.642801
primary_strict_point_hn1,1,1121,1121,-0.508173,0.467542
primary_strict_point_hn1,1,1122,1122,-0.411933,0.492611
primary_strict_point_hn1,1,1123,1123,-0.476084,0.46098
primary_strict_point_hn1,1,1124,1124,-0.529915,0.705725
primary_strict_point_hn1,1,1125,1125,-0.636341,0.707744
primary_strict_point_hn1,1,1126,1126,-0.574287,0.767952
primary_strict_point_hn1,1,1127,1127,-0.696007,0.328302
primary_strict_point_hn1,1,1128,1128,-0.638645,0.363776
primary_strict_point_hn1,1,1129,1129,-0.666138,0.391055
primary_strict_point_hn1,1,1130,1130,-0.595442,0.442987
primary_strict_point_hn1,1,1131,1131,-0.516996,0.525508
primary_strict_point_hn1,1,1132,1132,-0.578075,0.609477
primary_strict_point_hn1,1,1133,1133,-0.532402,0.533723
primary_strict_point_hn1,1,1134,1134,-0.448999,0.629124
primary_strict_point_hn1,1,1135,1135,-0.500078,0.377184
primary_strict_point_hn1,1,1136,1136,-0.615733,0.431596
primary_strict_point_hn1,1,1137,1137,-0.444249,0.492843
primary_strict_point_hn1,1,1138,1138,-0.471598,0.359221
primary_strict_point_hn1,1,1139,1139,-0.487097,0.458995
primary_strict_point_hn1,1,1140,1140,-0.336383,0.649625
primary_strict_point_hn1,1,1141,1141,-0.632834,0.650586
primary_strict_point_hn1,1,1142,1142,-0.549344,0.581852
primary_strict_point_hn1,1,1143,1143,-0.584717,0.589506
primary_strict_point_hn1,1,1144,1144,-0.720935,0.525209
primary_strict_point_hn1,1,1145,1145,-0.673742,0.378682
primary_strict_point_hn1,1,1146,1146,-0.593218,0.473262
primary_strict_point_hn1,1,1147,1147,-0.665069,0.445019
primary_strict_point_hn1,1,1148,1148,-0.516533,0.66909
primary_strict_point_hn1,1,1149,1149,-0.583543,0.849715
primary_strict_point_hn1,1,1150,1150,-0.583786,0.736329
primary_strict_point_hn1,1,1151,1151,-0.396202,0.798055
primary_strict_point_hn1,1,1152,1152,-0.72629,0.719547
primary_strict_point_hn1,1,1153,1153,-0.703554,0.768791
primary_strict_point_hn1,1,1154,1154,-0.54661,0.841164
primary_strict_point_hn1,1,1155,1155,-0.462752,0.884842
primary_strict_point_hn1,1,1156,1156,-0.77197,0.639982
primary_strict_point_hn1,1,1157,1157,-0.757779,0.662585
primary_strict_point_hn1,1,1158,1158,-0.80443,0.376654
primary_strict_point_hn1,1,1159,1159,-0.635559,0.454476
primary_strict_point_hn1,1,1160,1160,-0.695351,0.467073
primary_strict_point_hn1,1,1161,1161,-0.732686,0.407876
primary_strict_point_hn1,1,1162,1162,-0.669817,0.52175
primary_strict_point_hn1,1,1163,1163,-0.617917,0.603066
primary_strict_point_hn1,1,1164,1164,-0.634709,0.529442
primary_strict_point_hn1,1,1165,1165,-0.644314,0.481408
primary_strict_point_hn1,1,1166,1166,-0.681369,0.445873
primary_strict_point_hn1,1,1167,1167,-0.552814,0.462276
primary_strict_point_hn1,1,1168,1168,-0.531486,0.575415
primary_strict_point_hn1,1,1169,1169,-0.516679,0.603356
primary_strict_point_hn1,1,1170,1170,-0.690684,0.628585
primary_strict_point_hn1,1,1171,1171,-0.53476,0.559145
primary_strict_point_hn1,1,1172,1172,-0.509576,0.543957
primary_strict_point_hn1,1,1173,1173,-0.418858,0.565573
primary_strict_point_hn1,1,1174,1174,-0.671393,0.549011
primary_strict_point_hn1,1,1175,1175,-0.705931,0.825399
primary_strict_point_hn1,1,1176,1176,-0.662023,0.90339
primary_strict_point_hn1,1,1177,1177,-0.511472,0.669021
primary_strict_point_hn1,1,1178,1178,-0.549954,0.646978
primary_strict_point_hn1,1,1179,1179,-0.693025,0.40479
primary_strict_point_hn1,1,1180,1180,-0.287386,0.599817
primary_strict_point_hn1,1,1181,1181,-0.22947,0.741728
primary_strict_point_hn1,1,1182,1182,-0.1883,0.766677
primary_strict_point_hn1,1,1183,1183,-0.376174,0.737048
primary_strict_point_hn1,1,1184,1184,-0.795854,0.63504
primary_strict_point_hn1,1,1185,1185,-0.529196,0.47897
primary_strict_point_hn1,1,1186,1186,-0.628345,0.552783
primary_strict_point_hn1,1,1187,1187,-0.643657,0.549433
primary_strict_point_hn1,1,1188,1188,-0.541873,0.445033
primary_strict_point_hn1,1,1189,1189,-0.574356,0.54302
primary_strict_point_hn1,1,1190,1190,-0.290479,0.50445
primary_strict_point_hn1,1,1191,1191,-0.471832,0.435605
primary_strict_point_hn1,1,1192,1192,-0.423687,0.469045
primary_strict_point_hn1,1,1193,1193,-0.501813,0.454481
primary_strict_point_hn1,1,1194,1194,-0.793697,0.335936
primary_strict_point_hn1,1,1195,1195,-0.874031,0.381464
primary_strict_point_hn1,1,1196,1196,-0.688153,0.331065
primary_strict_point_hn1,1,1197,1197,-0.861336,0.325261
primary_strict_point_hn1,1,1198,1198,-0.902234,0.39545
primary_strict_point_hn1,1,1199,1199,-0.794419,0.494677
primary_strict_point_hn1,1,1200,1200,-0.836467,0.442844
primary_strict_point_hn1,1,1201,1201,-0.787939,1.05033
primary_strict_point_hn1,1,1202,1202,-0.785358,1.12648
primary_strict_point_hn1,1,1203,1203,-0.858625,0.536869
primary_strict_point_hn1,1,1204,1204,-0.831915,0.604127
primary_strict_point_hn1,1,1205,1205,-0.84168,0.668997
primary_strict_point_hn1,1,1206,1206,-0.408022,0.590313
primary_strict_point_hn1,1,1207,1207,-0.347826,0.500892
primary_strict_point_hn1,1,1208,1208,-0.422658,0.541916
primary_strict_point_hn1,1,1209,1209,-0.382529,0.791829
primary_strict_point_hn1,1,1210,1210,-0.436708,0.531896
primary_strict_point_hn1,1,1211,1211,-0.388428,0.501525
primary_strict_point_hn1,1,1212,1212,-0.581925,0.64285
primary_strict_point_hn1,1,1213,1213,-0.6154,0.666473
primary_strict_point_hn1,1,1214,1214,-0.690065,0.664202
primary_strict_point_hn1,1,1215,1215,-0.615611,0.404662
primary_strict_point_hn1,1,1216,1216,-0.337415,0.618476
primary_strict_point_hn1,1,1217,1217,-0.31288,0.688696
primary_strict_point_hn1,1,1218,1218,-0.275396,0.6137
primary_strict_point_hn1,1,1219,1219,-0.28583,0.683237
primary_strict_point_hn1,1,1220,1220,-0.233759,0.762934
primary_strict_point_hn1,1,1221,1221,-0.257592,0.782841
primary_strict_point_hn1,1,1222,1222,-0.956877,0.693695
primary_strict_point_hn1,1,1223,1223,-0.9488,0.76441
primary_strict_point_hn1,1,1224,1224,-0.97037,0.440926
primary_strict_point_hn1,1,1225,1225,-0.818042,0.641495
primary_strict_point_hn1,1,1226,1226,-0.41052,0.765806
primary_strict_point_hn1,1,1227,1227,-0.551034,0.664011
primary_strict_point_hn1,1,1228,1228,-0.26382100000000003,0.463127
primary_strict_point_hn1,1,1229,1229,-0.460569,0.496096
primary_strict_point_hn1,1,1230,1230,-0.0501982,0.621331
primary_strict_point_hn1,1,1231,1231,-0.482601,0.844985
primary_strict_point_hn1,1,1232,1232,-0.675967,0.780868
primary_strict_point_hn1,1,1233,1233,-0.866821,0.82095
primary_strict_point_hn1,1,1234,1234,-0.954831,0.696776
primary_strict_point_hn1,1,1235,1235,-0.830144,0.837018
primary_strict_point_hn1,1,1236,1236,-0.506593,0.52385
primary_strict_point_hn1,1,1237,1237,-0.392015,0.523628
primary_strict_point_hn1,1,1238,1238,-0.592898,1.01308
primary_strict_point_hn1,1,1239,1239,-0.656292,0.871744
primary_strict_point_hn1,1,1240,1240,-0.550308,0.808187
primary_strict_point_hn1,1,1241,1241,-0.30584,0.66385
primary_strict_point_hn1,1,1242,1242,-0.469453,0.612766
primary_strict_point_hn1,1,1243,1243,-1.14387,0.87793
primary_strict_point_hn1,1,1244,1244,-0.848173,0.632684
primary_strict_point_hn1,1,1245,1245,-0.413648,0.865136
primary_strict_point_hn1,1,1246,1246,-0.582664,0.76427
primary_strict_point_hn1,1,1247,1247,-0.605708,0.791006
primary_strict_point_hn1,1,1248,1248,-0.589946,0.770664
primary_strict_point_hn1,1,1249,1249,-0.486681,0.798616
primary_strict_point_hn1,1,1250,1250,-0.655908,0.536658
primary_strict_point_hn1,1,1251,1251,-0.781615,0.580375
primary_strict_point_hn1,1,1252,1252,-0.804765,0.699096
primary_strict_point_hn1,1,1253,1253,-0.788357,0.512946
primary_strict_point_hn1,1,1254,1254,-0.662469,0.6586
primary_strict_point_hn1,1,1255,1255,-0.911326,0.417753
primary_strict_point_hn1,1,1256,1256,-1.00562,0.450825
primary_strict_point_hn1,1,1257,1257,-0.968297,0.415884
primary_strict_point_hn1,1,1258,1258,-0.724934,0.611936
primary_strict_point_hn1,1,1259,1259,-0.72123,0.657195
primary_strict_point_hn1,1,1260,1260,-0.728613,0.699756
primary_strict_point_hn1,1,1261,1261,-0.608793,0.843779
primary_strict_point_hn1,1,1262,1262,-0.744567,0.63398
primary_strict_point_hn1,1,1263,1263,-0.894412,0.433982
primary_strict_point_hn1,1,1264,1264,-0.987197,0.490159
primary_strict_point_hn1,1,1265,1265,-0.906031,0.610641
primary_strict_point_hn1,1,1266,1266,-0.563167,0.453637
primary_strict_point_hn1,1,1267,1267,-0.566474,0.452857
primary_strict_point_hn1,1,1268,1268,-0.820406,0.389968
primary_strict_point_hn1,1,1269,1269,-0.940375,0.426459
primary_strict_point_hn1,1,1270,1270,-0.733218,0.49473
primary_strict_point_hn1,1,1271,1271,-0.776681,0.548193
primary_strict_point_hn1,1,1272,1272,-0.840937,0.433604
primary_strict_point_hn1,1,1273,1273,-0.780532,0.410723
primary_strict_point_hn1,1,1274,1274,-0.76627,0.296432
primary_strict_point_hn1,1,1275,1275,-0.684316,0.45021
primary_strict_point_hn1,1,1276,1276,-0.744054,0.632351
primary_strict_point_hn1,1,1277,1277,-0.744223,0.372454
primary_strict_point_hn1,1,1278,1278,-0.559039,0.512489
primary_strict_point_hn1,1,1279,1279,-0.846482,0.539279
primary_strict_point_hn1,1,1280,1280,-0.657839,0.37067
primary_strict_point_hn1,1,1281,1281,-0.587981,0.40541
primary_strict_point_hn1,1,1282,1282,-0.508017,0.552622
primary_strict_point_hn1,1,1283,1283,-0.450121,0.606971
primary_strict_point_hn1,1,1284,1284,-0.579884,0.465886
primary_strict_point_hn1,1,1285,1285,-0.37239,0.678772
primary_strict_point_hn1,1,1286,1286,-0.598142,0.556214
primary_strict_point_hn1,1,1287,1287,-0.53724,0.532614
primary_strict_point_hn1,1,1288,1288,-0.673839,0.398175
primary_strict_point_hn1,1,1289,1289,-0.652743,0.433825
primary_strict_point_hn1,1,1290,1290,-0.728088,0.409813
primary_strict_point_hn1,1,1291,1291,-0.728196,0.397227
primary_strict_point_hn1,1,1292,1292,-0.710883,0.401672
primary_strict_point_hn1,1,1293,1293,-0.77238,0.465586
primary_strict_point_hn1,1,1294,1294,-0.724834,0.428001
primary_strict_point_hn1,1,1295,1295,-0.931403,0.569538
primary_strict_point_hn1,1,1296,1296,-0.739589,0.716066
primary_strict_point_hn1,1,1297,1297,-0.862747,0.596403
primary_strict_point_hn1,1,1298,1298,-1.26418,0.806963
primary_strict_point_hn1,1,1299,1299,-1.29208,0.664803
primary_strict_point_hn1,1,1300,1300,-0.851921,0.494717
primary_strict_point_hn1,1,1301,1301,-0.899825,0.980217
primary_strict_point_hn1,1,1302,1302,-0.699746,0.850364
primary_strict_point_hn1,1,1303,1303,-0.77908,0.629478
primary_strict_point_hn1,1,1304,1304,-0.538659,0.514054
primary_strict_point_hn1,1,1305,1305,-0.530247,0.532233
primary_strict_point_hn1,1,1306,1306,-0.579802,0.45757
primary_strict_point_hn1,1,1307,1307,-0.635506,0.63265
primary_strict_point_hn1,1,1308,1308,-0.669282,0.667637
primary_strict_point_hn1,1,1309,1309,-0.523483,0.827771
primary_strict_point_hn1,1,1310,1310,-0.4267,0.716204
primary_strict_point_hn1,1,1311,1311,-0.406764,0.547536
primary_strict_point_hn1,1,1312,1312,-0.242558,0.714632
primary_strict_point_hn1,1,1313,1313,-0.430829,0.541309
primary_strict_point_hn1,1,1314,1314,-0.438621,0.705445
primary_strict_point_hn1,1,1315,1315,-0.43588,0.657813
primary_strict_point_hn1,1,1316,1316,-0.43267099999999997,0.485097
primary_strict_point_hn1,1,1317,1317,-0.393837,0.462993
primary_strict_point_hn1,1,1318,1318,-0.83919,0.737745
primary_strict_point_hn1,1,1319,1319,-0.765418,0.71111
primary_strict_point_hn1,1,1320,1320,-0.888246,0.605631
primary_strict_point_hn1,1,1321,1321,-0.386162,0.600974
primary_strict_point_hn1,1,1322,1322,-0.452099,0.527178
primary_strict_point_hn1,1,1323,1323,-0.540308,0.402849
primary_strict_point_hn1,1,1324,1324,-0.535628,0.427012
primary_strict_point_hn1,1,1325,1325,-0.496811,0.643585
primary_strict_point_hn1,1,1326,1326,-0.662376,0.49485
primary_strict_point_hn1,1,1327,1327,-0.473664,0.491377
primary_strict_point_hn1,1,1328,1328,-0.634231,0.605689
primary_strict_point_hn1,1,1329,1329,-0.59174,0.471703
primary_strict_point_hn1,1,1330,1330,-0.49459,0.711186
primary_strict_point_hn1,1,1331,1331,-0.47396,0.521488
primary_strict_point_hn1,1,1332,1332,-0.450912,0.453294
primary_strict_point_hn1,1,1333,1333,-0.711337,0.43054
primary_strict_point_hn1,1,1334,1334,-0.646285,0.512688
primary_strict_point_hn1,1,1335,1335,-0.734587,0.443506
primary_strict_point_hn1,1,1336,1336,-0.713511,0.420545
primary_strict_point_hn1,1,1337,1337,-0.583307,0.375852
primary_strict_point_hn1,1,1338,1338,-0.529927,0.339606
primary_strict_point_hn1,1,1339,1339,-0.486147,0.4351
primary_strict_point_hn1,1,1340,1340,-0.848216,0.357884
primary_strict_point_hn1,1,1341,1341,-0.838709,0.340479
primary_strict_point_hn1,1,1342,1342,-0.889254,0.610679
primary_strict_point_hn1,1,1343,1343,-0.910181,0.548358
primary_strict_point_hn1,1,1344,1344,-0.71836,0.460492
primary_strict_point_hn1,1,1345,1345,-0.586195,0.481249
primary_strict_point_hn1,1,1346,1346,-0.846968,0.417316
primary_strict_point_hn1,1,1347,1347,-0.570855,0.749588
primary_strict_point_hn1,1,1348,1348,-0.696774,0.531025
primary_strict_point_hn1,1,1349,1349,-0.618489,0.516206
primary_strict_point_hn1,1,1350,1350,-0.601224,0.515036
primary_strict_point_hn1,1,1351,1351,-0.764045,0.458816
primary_strict_point_hn1,1,1352,1352,-0.582672,0.565994
primary_strict_point_hn1,1,1353,1353,-0.333248,0.511075
primary_strict_point_hn1,1,1354,1354,-0.691557,0.682297
primary_strict_point_hn1,1,1355,1355,-0.768442,0.728851
primary_strict_point_hn1,1,1356,1356,-0.65618,0.690847
primary_strict_point_hn1,1,1357,1357,-0.621512,0.70445
primary_strict_point_hn1,1,1358,1358,-0.680805,0.677336
primary_strict_point_hn1,1,1359,1359,-0.607506,0.687648
primary_strict_point_hn1,1,1360,1360,-0.600862,0.821046
primary_strict_point_hn1,1,1361,1361,-0.55131,0.56029
primary_strict_point_hn1,1,1362,1362,-0.489404,0.840778
primary_strict_point_hn1,1,1363,1363,-0.560605,0.717414
primary_strict_point_hn1,1,1364,1364,-0.63015,0.803923
primary_strict_point_hn1,1,1365,1365,-0.84915,0.530223
primary_strict_point_hn1,1,1366,1366,-0.953251,0.692245
primary_strict_point_hn1,1,1367,1367,-0.675954,0.630392
primary_strict_point_hn1,1,1368,1368,-0.864333,0.586659
primary_strict_point_hn1,1,1369,1369,-0.389541,0.475356
primary_strict_point_hn1,1,1370,1370,-1.0428,0.767
primary_strict_point_hn1,1,1371,1371,-0.605176,0.501764
primary_strict_point_hn1,1,1372,1372,-0.680947,0.64025
primary_strict_point_hn1,1,1373,1373,-0.50947,0.764645
primary_strict_point_hn1,1,1374,1374,-0.135541,0.83069
primary_strict_point_hn1,1,1375,1375,-0.394662,0.597445
primary_strict_point_hn1,1,1376,1376,-0.440546,0.58263
primary_strict_point_hn1,1,1377,1377,-0.362268,0.675351
primary_strict_point_hn1,1,1378,1378,-0.30613,0.680007
primary_strict_point_hn1,1,1379,1379,-0.174007,0.656731
primary_strict_point_hn1,1,1380,1380,-0.636348,0.460418
primary_strict_point_hn1,1,1381,1381,-0.603411,0.631752
primary_strict_point_hn1,1,1382,1382,-0.617106,0.60316
primary_strict_point_hn1,1,1383,1383,-0.514869,0.519636
primary_strict_point_hn1,1,1384,1384,-0.52231,0.570746
primary_strict_point_hn1,1,1385,1385,-0.666468,0.617896
primary_strict_point_hn1,1,1386,1386,-0.547302,0.734708
primary_strict_point_hn1,1,1387,1387,-0.529951,0.570818
primary_strict_point_hn1,1,1388,1388,-0.546224,0.644766
primary_strict_point_hn1,1,1389,1389,-0.576316,0.584151
primary_strict_point_hn1,1,1390,1390,-0.517153,0.582359
primary_strict_point_hn1,1,1391,1391,-0.485954,0.605591
primary_strict_point_hn1,1,1392,1392,-0.547944,0.630888
primary_strict_point_hn1,1,1393,1393,-0.564739,0.631381
primary_strict_point_hn1,1,1394,1394,-0.345393,0.786218
primary_strict_point_hn1,1,1395,1395,-0.492292,0.724385
primary_strict_point_hn1,1,1396,1396,-0.347454,0.731637
primary_strict_point_hn1,1,1397,1397,-0.395148,0.776796
primary_strict_point_hn1,1,1398,1398,-0.537564,0.838974
primary_strict_point_hn1,1,1399,1399,-0.48513,0.810086
primary_strict_point_hn1,1,1400,1400,-0.568775,1.06242
primary_strict_point_hn1,1,1401,1401,-0.493607,1.17884
primary_strict_point_hn1,1,1402,1402,-0.741587,0.461906
primary_strict_point_hn1,1,1403,1403,-0.639442,0.492402
primary_strict_point_hn1,1,1404,1404,-0.630632,0.505341
primary_strict_point_hn1,1,1405,1405,-0.677441,0.530023
primary_strict_point_hn1,1,1406,1406,-0.549111,0.638486
primary_strict_point_hn1,1,1407,1407,-0.638775,0.632311
primary_strict_point_hn1,1,1408,1408,-0.560153,0.874324
primary_strict_point_hn1,1,1409,1409,-0.396188,0.3742
primary_strict_point_hn1,1,1410,1410,-0.337848,0.45134
primary_strict_point_hn1,1,1411,1411,-0.338081,0.593912
primary_strict_point_hn1,1,1412,1412,-0.380897,0.70483
primary_strict_point_hn1,1,1413,1413,-0.369838,0.723182
primary_strict_point_hn1,1,1414,1414,-0.428604,0.772861
primary_strict_point_hn1,1,1415,1415,-0.921694,0.601126
primary_strict_point_hn1,1,1416,1416,-0.798566,0.527183
primary_strict_point_hn1,1,1417,1417,-0.910508,0.722112
primary_strict_point_hn1,1,1418,1418,-0.956055,0.800446
primary_strict_point_hn1,1,1419,1419,-1.00155,0.590195
primary_strict_point_hn1,1,1420,1420,-1.14721,0.65591
primary_strict_point_hn1,1,1421,1421,-1.33542,0.907479
primary_strict_point_hn1,1,1422,1422,-0.468636,0.294108
primary_strict_point_hn1,1,1423,1423,-0.521273,0.540828
primary_strict_point_hn1,1,1424,1424,-0.543604,0.553343
primary_strict_point_hn1,1,1425,1425,-0.541032,0.363553
primary_strict_point_hn1,1,1426,1426,-0.536644,0.531457
primary_strict_point_hn1,1,1427,1427,-0.526063,0.50248
primary_strict_point_hn1,1,1428,1428,-0.66529,0.603868
primary_strict_point_hn1,1,1429,1429,-0.814359,0.649329
primary_strict_point_hn1,1,1430,1430,-0.720124,0.715076
primary_strict_point_hn1,1,1431,1431,-0.653721,0.417543
primary_strict_point_hn1,1,1432,1432,-0.644166,0.465292
primary_strict_point_hn1,1,1433,1433,-0.700398,0.451653
primary_strict_point_hn1,1,1434,1434,-0.603642,0.610181
primary_strict_point_hn1,1,1435,1435,-0.693737,0.465002
primary_strict_point_hn1,1,1436,1436,-0.669848,0.479402
primary_strict_point_hn1,1,1437,1437,-0.67681,0.486335
primary_strict_point_hn1,1,1438,1438,-0.578082,0.606379
primary_strict_point_hn1,1,1439,1439,-0.535095,0.544928
primary_strict_point_hn1,1,1440,1440,-0.57764,0.400672
primary_strict_point_hn1,1,1441,1441,-0.549103,0.374591
primary_strict_point_hn1,1,1442,1442,-0.645009,0.374022
primary_strict_point_hn1,1,1443,1443,-0.436712,0.589728
primary_strict_point_hn1,1,1444,1444,-0.849149,0.453935
primary_strict_point_hn1,1,1445,1445,-0.786113,0.530825
primary_strict_point_hn1,1,1446,1446,-0.769122,0.37724800000000003
primary_strict_point_hn1,1,1447,1447,-0.69977,0.342159
primary_strict_point_hn1,1,1448,1448,-0.772286,0.424999
primary_strict_point_hn1,1,1449,1449,-0.631773,0.545221
primary_strict_point_hn1,1,1450,1450,-0.603127,0.53503
primary_strict_point_hn1,1,1451,1451,-0.606217,0.534335
primary_strict_point_hn1,1,1452,1452,-0.553178,0.45206
primary_strict_point_hn1,1,1453,1453,-0.816497,0.787543
primary_strict_point_hn1,1,1454,1454,-0.286926,1.56099
primary_strict_point_hn1,1,1455,1455,-0.422939,0.802868
primary_strict_point_hn1,1,1456,1456,-0.163542,0.710987
primary_strict_point_hn1,1,1457,1457,-0.392815,0.529331
primary_strict_point_hn1,1,1458,1458,-0.64533,0.441153
primary_strict_point_hn1,1,1459,1459,-0.68541,0.539282
primary_strict_point_hn1,1,1460,1460,-0.614683,0.664638
primary_strict_point_hn1,1,1461,1461,-0.801211,0.643223
primary_strict_point_hn1,1,1462,1462,-0.88353,0.625611
primary_strict_point_hn1,1,1463,1463,-0.91424,0.53338699999999994
primary_strict_point_hn1,1,1464,1464,-0.473241,0.639711
primary_strict_point_hn1,1,1465,1465,-0.445575,0.485327
primary_strict_point_hn1,1,1466,1466,-0.706815,0.632813
primary_strict_point_hn1,1,1467,1467,-0.582492,0.665382
primary_strict_point_hn1,1,1468,1468,-0.714661,0.586135
primary_strict_point_hn1,1,1469,1469,-0.685989,0.452461
primary_strict_point_hn1,1,1470,1470,-0.63674,0.566559
primary_strict_point_hn1,1,1471,1471,-0.483235,0.615926
primary_strict_point_hn1,1,1472,1472,-0.498251,0.480981
primary_strict_point_hn1,1,1473,1473,-0.820802,0.706794
primary_strict_point_hn1,1,1474,1474,-0.756432,0.592907
primary_strict_point_hn1,1,1475,1475,-0.146936,0.696267
primary_strict_point_hn1,1,1476,1476,-0.0163115,0.665489
primary_strict_point_hn1,1,1477,1477,-0.0331232,0.827752
primary_strict_point_hn1,1,1478,1478,-0.0534162,0.773546
primary_strict_point_hn1,1,1479,1479,-0.326293,1.16098
primary_strict_point_hn1,1,1480,1480,-0.310368,1.21701
primary_strict_point_hn1,1,1481,1481,-0.874322,0.601038
primary_strict_point_hn1,1,1482,1482,-0.847179,0.578587
primary_strict_point_hn1,1,1483,1483,-0.821141,0.41308
primary_strict_point_hn1,1,1484,1484,-0.677578,0.519206
primary_strict_point_hn1,1,1485,1485,-0.503325,0.531518
primary_strict_point_hn1,1,1486,1486,-0.653314,0.559813
primary_strict_point_hn1,1,1487,1487,-0.5167,0.453167
primary_strict_point_hn1,1,1488,1488,-0.808052,0.539789
primary_strict_point_hn1,1,1489,1489,-0.431684,0.639827
primary_strict_point_hn1,1,1490,1490,-0.49444,0.51799
primary_strict_point_hn1,1,1491,1491,-0.359695,0.76812
primary_strict_point_hn1,1,1492,1492,-0.435645,0.509215
primary_strict_point_hn1,1,1493,1493,-0.691527,0.792949
primary_strict_point_hn1,1,1494,1494,-0.787518,0.673448
primary_strict_point_hn1,1,1495,1495,-0.402383,0.571555
primary_strict_point_hn1,1,1496,1496,-0.53736,0.552097
primary_strict_point_hn1,1,1497,1497,-0.574524,0.573599
primary_strict_point_hn1,1,1498,1498,-0.515537,0.70667
primary_strict_point_hn1,1,1499,1499,-0.473082,0.724653
primary_strict_point_hn1,1,1500,1500,-0.678636,0.427813
primary_strict_point_hn1,1,1501,1501,-0.558023,0.51149
primary_strict_point_hn1,1,1502,1502,-0.54749,0.495403
primary_strict_point_hn1,1,1503,1503,-0.631947,0.428636
primary_strict_point_hn1,1,1504,1504,-0.517374,0.334993
primary_strict_point_hn1,1,1505,1505,-0.538217,0.314971
primary_strict_point_hn1,1,1506,1506,-0.533539,0.371298
primary_strict_point_hn1,1,1507,1507,-0.561755,0.743653
primary_strict_point_hn1,1,1508,1508,-0.661342,0.498398
primary_strict_point_hn1,1,1509,1509,-0.719835,0.893857
primary_strict_point_hn1,1,1510,1510,-0.563499,0.623087
primary_strict_point_hn1,1,1511,1511,-0.791289,0.519166
primary_strict_point_hn1,1,1512,1512,-0.793114,1.03716
primary_strict_point_hn1,1,1513,1513,-0.886285,1.2002
primary_strict_point_hn1,1,1514,1514,-0.776386,0.442927
primary_strict_point_hn1,1,1515,1515,-0.849255,0.640774
primary_strict_point_hn1,1,1516,1516,-0.627781,0.497039
primary_strict_point_hn1,1,1517,1517,-0.738812,0.49865
primary_strict_point_hn1,1,1518,1518,-0.909467,0.626375
primary_strict_point_hn1,1,1519,1519,-0.546183,0.618486
primary_strict_point_hn1,1,1520,1520,-0.415531,0.556833
primary_strict_point_hn1,1,1521,1521,-0.356633,0.590942
primary_strict_point_hn1,1,1522,1522,-0.604264,0.605498
primary_strict_point_hn1,1,1523,1523,-0.634263,0.541741
primary_strict_point_hn1,1,1524,1524,-0.470889,0.481792
primary_strict_point_hn1,1,1525,1525,-0.389386,0.813763
primary_strict_point_hn1,1,1526,1526,-0.518043,0.747268
primary_strict_point_hn1,1,1527,1527,-0.736061,0.589632
primary_strict_point_hn1,1,1528,1528,-0.770604,0.4164
primary_strict_point_hn1,1,1529,1529,-0.645378,0.480833
primary_strict_point_hn1,1,1530,1530,-0.603279,0.537437
primary_strict_point_hn1,1,1531,1531,-0.223431,0.516595
primary_strict_point_hn1,1,1532,1532,-0.299566,0.590548
primary_strict_point_hn1,1,1533,1533,-0.448266,0.615496
primary_strict_point_hn1,1,1534,1534,-0.715919,0.486477
primary_strict_point_hn1,1,1535,1535,-0.852405,0.414342
primary_strict_point_hn1,1,1536,1536,-0.814481,0.533566
primary_strict_point_hn1,1,1537,1537,-0.830159,0.5451
primary_strict_point_hn1,1,1538,1538,-0.842085,0.501258
primary_strict_point_hn1,1,1539,1539,-0.979711,0.512708
primary_strict_point_hn1,1,1540,1540,-0.960744,0.502452
primary_strict_point_hn1,1,1541,1541,-0.584268,0.424986
primary_strict_point_hn1,1,1542,1542,-0.532594,0.478956
primary_strict_point_hn1,1,1543,1543,-0.660068,0.5169
primary_strict_point_hn1,1,1544,1544,-0.666816,0.506749
primary_strict_point_hn1,1,1545,1545,-0.425089,0.656894
primary_strict_point_hn1,1,1546,1546,-0.576387,0.564447
primary_strict_point_hn1,1,1547,1547,-0.684326,0.776752
primary_strict_point_hn1,1,1548,1548,-0.625928,0.467817
primary_strict_point_hn1,1,1549,1549,-0.814896,0.786243
primary_strict_point_hn1,1,1550,1550,-0.636806,0.567356
primary_strict_point_hn1,1,1551,1551,-0.508473,0.779034
primary_strict_point_hn1,1,1552,1552,-0.319275,0.983609
primary_strict_point_hn1,1,1553,1553,-0.797176,0.312015
primary_strict_point_hn1,1,1554,1554,-0.746083,0.840624
primary_strict_point_hn1,1,1555,1555,-0.793627,0.608975
primary_strict_point_hn1,1,1556,1556,-0.815964,0.643067
primary_strict_point_hn1,1,1557,1557,-0.990428,0.501068
primary_strict_point_hn1,1,1558,1558,-0.806403,0.504443
primary_strict_point_hn1,1,1559,1559,-0.749387,0.497643
primary_strict_point_hn1,1,1560,1560,-0.607307,0.387856
primary_strict_point_hn1,1,1561,1561,-0.857306,0.483446
primary_strict_point_hn1,1,1562,1562,-0.694588,0.387743
primary_strict_point_hn1,1,1563,1563,-0.95953,0.418252
primary_strict_point_hn1,1,1564,1564,-0.658615,0.441492
primary_strict_point_hn1,1,1565,1565,-0.730148,0.508938
primary_strict_point_hn1,1,1566,1566,-0.734678,0.506426
primary_strict_point_hn1,1,1567,1567,-0.864542,0.551002
primary_strict_point_hn1,1,1568,1568,-0.876046,0.605836
primary_strict_point_hn1,1,1569,1569,-0.779337,0.541008
primary_strict_point_hn1,1,1570,1570,-0.548245,0.556497
primary_strict_point_hn1,1,1571,1571,-0.772076,0.671763
primary_strict_point_hn1,1,1572,1572,-0.684453,0.617784
primary_strict_point_hn1,1,1573,1573,-0.660954,0.826672
primary_strict_point_hn1,1,1574,1574,-0.721584,0.886633
primary_strict_point_hn1,1,1575,1575,-1.01778,0.467356
primary_strict_point_hn1,1,1576,1576,-0.897901,0.427624
primary_strict_point_hn1,1,1577,1577,-0.985183,0.55744
primary_strict_point_hn1,1,1578,1578,-0.69865,0.410742
primary_strict_point_hn1,1,1579,1579,-0.695915,0.338337
primary_strict_point_hn1,1,1580,1580,-0.501547,0.38915
primary_strict_point_hn1,1,1581,1581,-0.838626,0.629832
primary_strict_point_hn1,1,1582,1582,-0.77647,0.724778
primary_strict_point_hn1,1,1583,1583,-0.72289,0.836062
primary_strict_point_hn1,1,1584,1584,-0.531686,0.408094
primary_strict_point_hn1,1,1585,1585,-0.640772,0.380796
primary_strict_point_hn1,1,1586,1586,-0.588474,0.403484
primary_strict_point_hn1,1,1587,1587,-0.639086,0.482307
primary_strict_point_hn1,1,1588,1588,-0.606846,0.387835
primary_strict_point_hn1,1,1589,1589,-0.486414,0.586908
primary_strict_point_hn1,1,1590,1590,-0.6348,0.530933
primary_strict_point_hn1,1,1591,1591,-0.486488,0.482266
primary_strict_point_hn1,1,1592,1592,-0.597433,0.506793
primary_strict_point_hn1,1,1593,1593,-0.601116,0.444134
primary_strict_point_hn1,1,1594,1594,-0.829375,0.70355
primary_strict_point_hn1,1,1595,1595,-0.8863,0.588247
primary_strict_point_hn1,1,1596,1596,-0.705974,0.630779
primary_strict_point_hn1,1,1597,1597,-0.84952,0.551835
primary_strict_point_hn1,1,1598,1598,-0.566994,0.450986
primary_strict_point_hn1,1,1599,1599,-0.600549,0.521821
primary_strict_point_hn1,1,1600,1600,-0.551916,0.504952
primary_strict_point_hn1,1,1601,1601,-0.541828,0.508434
primary_strict_point_hn1,1,1602,1602,-0.313099,0.667274
primary_strict_point_hn1,1,1603,1603,-0.353355,0.592198
primary_strict_point_hn1,1,1604,1604,-0.267006,0.736103
primary_strict_point_hn1,1,1605,1605,-0.231509,0.810805
primary_strict_point_hn1,1,1606,1606,-0.256286,0.746266
primary_strict_point_hn1,1,1607,1607,-0.560075,0.772945
primary_strict_point_hn1,1,1608,1608,-0.605101,0.775463
primary_strict_point_hn1,1,1609,1609,-0.613121,0.384353
primary_strict_point_hn1,1,1610,1610,-0.616796,0.363379
primary_strict_point_hn1,1,1611,1611,-0.714402,0.382701
primary_strict_point_hn1,1,1612,1612,-0.830596,0.625164
primary_strict_point_hn1,1,1613,1613,-0.74585,0.555393
primary_strict_point_hn1,1,1614,1614,-0.789971,0.553636
primary_strict_point_hn1,1,1615,1615,-0.719615,0.476925
primary_strict_point_hn1,1,1616,1616,-0.962142,0.467289
primary_strict_point_hn1,1,1617,1617,-1.01854,0.696736
primary_strict_point_hn1,1,1618,1618,-1.10515,0.640628
primary_strict_point_hn1,1,1619,1619,-0.765237,0.523183
primary_strict_point_hn1,1,1620,1620,-0.856418,0.385702
primary_strict_point_hn1,1,1621,1621,-1.02801,0.63939
primary_strict_point_hn1,1,1622,1622,-0.974952,0.561539
primary_strict_point_hn1,1,1623,1623,-1.02108,0.561948
primary_strict_point_hn1,1,1624,1624,-0.955476,0.751924
primary_strict_point_hn1,1,1625,1625,-0.97205,0.716852
primary_strict_point_hn1,1,1626,1626,-1.00037,0.553889
primary_strict_point_hn1,1,1627,1627,-0.968256,0.760108
primary_strict_point_hn1,1,1628,1628,-0.78291,0.682929
primary_strict_point_hn1,1,1629,1629,-0.360706,0.594914
primary_strict_point_hn1,1,1630,1630,-0.766163,0.49728
primary_strict_point_hn1,1,1631,1631,-0.461717,0.558562
primary_strict_point_hn1,1,1632,1632,-0.847566,0.548946
primary_strict_point_hn1,1,1633,1633,-0.700466,0.448898
primary_strict_point_hn1,1,1634,1634,-0.619103,0.401812
primary_strict_point_hn1,1,1635,1635,-0.396971,0.690935
primary_strict_point_hn1,1,1636,1636,-0.590876,0.473802
primary_strict_point_hn1,1,1637,1637,-0.695726,0.49
primary_strict_point_hn1,1,1638,1638,-0.668144,0.394534
primary_strict_point_hn1,1,1639,1639,-0.850434,0.511371
primary_strict_point_hn1,1,1640,1640,-0.543823,0.54616
primary_strict_point_hn1,1,1641,1641,-0.799778,0.559486
primary_strict_point_hn1,1,1642,1642,-0.391602,0.563921
primary_strict_point_hn1,1,1643,1643,-0.631747,0.320079
primary_strict_point_hn1,1,1644,1644,-0.623393,0.323848
primary_strict_point_hn1,1,1645,1645,-0.56004,0.536783
primary_strict_point_hn1,1,1646,1646,-0.660675,0.670986
primary_strict_point_hn1,1,1647,1647,-0.392745,0.75478
primary_strict_point_hn1,1,1648,1648,-0.774023,0.511341
primary_strict_point_hn1,1,1649,1649,-0.772591,0.507413
primary_strict_point_hn1,1,1650,1650,-0.939974,0.509936
primary_strict_point_hn1,1,1651,1651,-0.999844,0.411502
primary_strict_point_hn1,1,1652,1652,-0.909024,0.696532
primary_strict_point_hn1,1,1653,1653,-0.944436,0.902896
primary_strict_point_hn1,1,1654,1654,-0.656984,0.60531
primary_strict_point_hn1,1,1655,1655,-0.5524,0.629418
primary_strict_point_hn1,1,1656,1656,0.00220597,0.562969
primary_strict_point_hn1,1,1657,1657,0.128533,0.577441
primary_strict_point_hn1,1,1658,1658,0.336276,0.736163
primary_strict_point_hn1,1,1659,1659,-0.651135,0.461347
primary_strict_point_hn1,1,1660,1660,-0.679507,0.455565
primary_strict_point_hn1,1,1661,1661,-0.788769,0.545159
primary_strict_point_hn1,1,1662,1662,-0.658253,0.585828
primary_strict_point_hn1,1,1663,1663,-0.66688,0.475265
primary_strict_point_hn1,1,1664,1664,-0.779455,0.551196
primary_strict_point_hn1,1,1665,1665,-0.652616,0.584091
primary_strict_point_hn1,1,1666,1666,-0.504833,0.566351
primary_strict_point_hn1,1,1667,1667,-0.432057,0.600063
primary_strict_point_hn1,1,1668,1668,-0.553039,0.436764
primary_strict_point_hn1,1,1669,1669,-0.669488,0.487487
primary_strict_point_hn1,1,1670,1670,-0.540989,0.384397
primary_strict_point_hn1,1,1671,1671,-0.49857,0.597496
primary_strict_point_hn1,1,1672,1672,-0.449117,0.426894
primary_strict_point_hn1,1,1673,1673,-0.777598,0.551116
primary_strict_point_hn1,1,1674,1674,-0.50771,0.509378
primary_strict_point_hn1,1,1675,1675,-0.617603,0.468746
primary_strict_point_hn1,1,1676,1676,-0.478463,0.576485
primary_strict_point_hn1,1,1677,1677,-0.634047,0.510306
primary_strict_point_hn1,1,1678,1678,-0.345662,0.550642
primary_strict_point_hn1,1,1679,1679,-0.534778,0.419708
primary_strict_point_hn1,1,1680,1680,-0.499601,0.398396
primary_strict_point_hn1,1,1681,1681,-0.562146,0.360233
primary_strict_point_hn1,1,1682,1682,-0.291675,0.824221
primary_strict_point_hn1,1,1683,1683,-0.377532,0.707143
primary_strict_point_hn1,1,1684,1684,-0.401608,0.77314
primary_strict_point_hn1,1,1685,1685,-0.340582,0.847618
primary_strict_point_hn1,1,1686,1686,-0.83894,0.487698
primary_strict_point_hn1,1,1687,1687,-0.992643,0.615989
primary_strict_point_hn1,1,1688,1688,-1.02932,0.440563
primary_strict_point_hn1,1,1689,1689,-0.821487,0.409923
primary_strict_point_hn1,1,1690,1690,-0.543081,0.372662
primary_strict_point_hn1,1,1691,1691,-0.535267,0.483028
primary_strict_point_hn1,1,1692,1692,-0.554934,0.433672
primary_strict_point_hn1,1,1693,1693,-0.385093,0.44763
primary_strict_point_hn1,1,1694,1694,-0.503614,0.305085
primary_strict_point_hn1,1,1695,1695,-0.471137,0.397521
primary_strict_point_hn1,1,1696,1696,-0.45662,0.680028
primary_strict_point_hn1,1,1697,1697,-0.517146,0.601061
primary_strict_point_hn1,1,1698,1698,-0.621621,0.761218
primary_strict_point_hn1,1,1699,1699,-0.602164,0.634417
primary_strict_point_hn1,1,1700,1700,-0.740225,0.791797
primary_strict_point_hn1,1,1701,1701,-0.516826,0.468501
primary_strict_point_hn1,1,1702,1702,-0.607537,0.378777
primary_strict_point_hn1,1,1703,1703,-0.579729,0.444923
primary_strict_point_hn1,1,1704,1704,-0.533406,0.458074
primary_strict_point_hn1,1,1705,1705,-1.04742,0.474398
primary_strict_point_hn1,1,1706,1706,-0.992223,0.427307
primary_strict_point_hn1,1,1707,1707,-0.92494,0.432464
primary_strict_point_hn1,1,1708,1708,-0.93721,0.630854
primary_strict_point_hn1,1,1709,1709,-0.826405,0.797364
primary_strict_point_hn1,1,1710,1710,-0.417448,0.479287
primary_strict_point_hn1,1,1711,1711,-0.419738,0.532567
primary_strict_point_hn1,1,1712,1712,-0.569578,0.526454
primary_strict_point_hn1,1,1713,1713,-0.680939,0.826673
primary_strict_point_hn1,1,1714,1714,-0.755207,0.933952
primary_strict_point_hn1,1,1715,1715,-0.695595,0.687204
primary_strict_point_hn1,1,1716,1716,-0.664925,0.65557
primary_strict_point_hn1,1,1717,1717,-0.685707,0.438873
primary_strict_point_hn1,1,1718,1718,-0.77096,0.380536
primary_strict_point_hn1,1,1719,1719,-0.82803,0.236566
primary_strict_point_hn1,1,1720,1720,-0.673315,0.50775
primary_strict_point_hn1,1,1721,1721,-0.739974,0.563747
primary_strict_point_hn1,1,1722,1722,-0.665666,0.444359
primary_strict_point_hn1,1,1723,1723,-0.560393,0.571016
primary_strict_point_hn1,1,1724,1724,-0.78358,0.861928
primary_strict_point_hn1,1,1725,1725,-0.941545,0.766797
primary_strict_point_hn1,1,1726,1726,-0.941961,0.766592
primary_strict_point_hn1,1,1727,1727,-0.90313,0.939268
primary_strict_point_hn1,1,1728,1728,-0.880004,1.02007
primary_strict_point_hn1,1,1729,1729,-1.02809,1.05517
primary_strict_point_hn1,1,1730,1730,-0.908407,0.444878
primary_strict_point_hn1,1,1731,1731,-1.5077,1.01907
primary_strict_point_hn1,1,1732,1732,-1.38156,1.14096
primary_strict_point_hn1,1,1733,1733,-1.21412,0.786294
primary_strict_point_hn1,1,1734,1734,-1.00537,0.976021
primary_strict_point_hn1,1,1735,1735,-0.824461,0.716352
primary_strict_point_hn1,1,1736,1736,-0.517742,0.512152
primary_strict_point_hn1,1,1737,1737,-0.48801,0.573882
primary_strict_point_hn1,1,1738,1738,-0.513358,0.674828
primary_strict_point_hn1,1,1739,1739,-0.456562,0.636838
primary_strict_point_hn1,1,1740,1740,-0.633266,0.646194
primary_strict_point_hn1,1,1741,1741,-0.660317,0.630219
primary_strict_point_hn1,1,1742,1742,-0.467478,0.509685
primary_strict_point_hn1,1,1743,1743,-0.617476,0.642677
primary_strict_point_hn1,1,1744,1744,-0.492477,0.504917
primary_strict_point_hn1,1,1745,1745,-0.772152,0.547998
primary_strict_point_hn1,1,1746,1746,-0.584656,0.537169
primary_strict_point_hn1,1,1747,1747,-0.605889,0.615035
primary_strict_point_hn1,1,1748,1748,-0.516775,0.544121
primary_strict_point_hn1,1,1749,1749,-0.533099,0.705313
primary_strict_point_hn1,1,1750,1750,-0.652912,0.565494
primary_strict_point_hn1,1,1751,1751,-0.80386,0.401091
primary_strict_point_hn1,1,1752,1752,-0.608512,0.276148
primary_strict_point_hn1,1,1753,1753,-0.567229,0.352789
primary_strict_point_hn1,1,1754,1754,-0.541236,0.465412
primary_strict_point_hn1,1,1755,1755,-0.768226,0.348242
primary_strict_point_hn1,1,1756,1756,-0.815363,0.620908
primary_strict_point_hn1,1,1757,1757,-0.842693,0.790688
primary_strict_point_hn1,1,1758,1758,-1.00921,0.39385
primary_strict_point_hn1,1,1759,1759,-0.964742,0.472564
primary_strict_point_hn1,1,1760,1760,-0.963032,0.75926
primary_strict_point_hn1,1,1761,1761,-0.93127,0.527648
primary_strict_point_hn1,1,1762,1762,-0.786458,0.660462
primary_strict_point_hn1,1,1763,1763,-0.739244,0.679302
primary_strict_point_hn1,1,1764,1764,-0.747407,0.503265
primary_strict_point_hn1,1,1765,1765,-0.813434,0.607841
primary_strict_point_hn1,1,1766,1766,-0.715222,0.628656
primary_strict_point_hn1,1,1767,1767,-0.349764,0.614972
primary_strict_point_hn1,1,1768,1768,-0.553404,0.475347
primary_strict_point_hn1,1,1769,1769,-0.471707,0.400891
primary_strict_point_hn1,1,1770,1770,-0.556729,0.544445
primary_strict_point_hn1,1,1771,1771,-0.832472,0.487925
primary_strict_point_hn1,1,1772,1772,-0.834302,0.484225
primary_strict_point_hn1,1,1773,1773,-0.882118,0.397808
primary_strict_point_hn1,1,1774,1774,-0.839146,0.389308
primary_strict_point_hn1,1,1775,1775,-0.778247,0.470919
primary_strict_point_hn1,1,1776,1776,-0.851374,0.548439
primary_strict_point_hn1,1,1777,1777,-0.774636,0.39598
primary_strict_point_hn1,1,1778,1778,-0.586482,0.487781
primary_strict_point_hn1,1,1779,1779,-0.650091,0.537525
primary_strict_point_hn1,1,1780,1780,-0.836013,0.531579
primary_strict_point_hn1,1,1781,1781,-0.884917,0.642317
primary_strict_point_hn1,1,1782,1782,-0.521124,0.477221
primary_strict_point_hn1,1,1783,1783,-0.487672,0.423673
primary_strict_point_hn1,1,1784,1784,-0.656656,0.41016
primary_strict_point_hn1,1,1785,1785,-0.668343,0.47603
primary_strict_point_hn1,1,1786,1786,-0.666571,0.367582
primary_strict_point_hn1,1,1787,1787,-0.796595,0.615259
primary_strict_point_hn1,1,1788,1788,-0.72823,0.494761
primary_strict_point_hn1,1,1789,1789,-0.698566,0.469687
primary_strict_point_hn1,1,1790,1790,-0.628802,0.694884
primary_strict_point_hn1,1,1791,1791,-0.326462,0.54303
primary_strict_point_hn1,1,1792,1792,-0.644277,0.652696
primary_strict_point_hn1,1,1793,1793,-0.587147,0.619868
primary_strict_point_hn1,1,1794,1794,-0.734975,0.627346
primary_strict_point_hn1,1,1795,1795,-0.741998,0.645259
primary_strict_point_hn1,1,1796,1796,-0.596041,0.584357
primary_strict_point_hn1,1,1797,1797,-0.78126,0.538921
primary_strict_point_hn1,1,1798,1798,-0.566931,0.492793
primary_strict_point_hn1,1,1799,1799,-0.593589,0.327793
primary_strict_point_hn1,1,1800,1800,-0.460531,0.551111
primary_strict_point_hn1,1,1801,1801,-0.571,0.730053
primary_strict_point_hn1,1,1802,1802,-0.679761,0.757608
primary_strict_point_hn1,1,1803,1803,-0.711646,0.777218
primary_strict_point_hn1,1,1804,1804,-0.68455,0.679718
primary_strict_point_hn1,1,1805,1805,-0.948908,0.607081
primary_strict_point_hn1,1,1806,1806,-0.379048,0.882378
primary_strict_point_hn1,1,1807,1807,-0.741093,0.89928
primary_strict_point_hn1,1,1808,1808,-0.435751,1.3526
primary_strict_point_hn1,1,1809,1809,-0.355138,0.882652
primary_strict_point_hn1,1,1810,1810,-0.599241,0.619507
primary_strict_point_hn1,1,1811,1811,-0.731342,0.64973
primary_strict_point_hn1,1,1812,1812,-0.679182,0.50706
primary_strict_point_hn1,1,1813,1813,-0.669245,0.478977
primary_strict_point_hn1,1,1814,1814,-0.80438,0.578284
primary_strict_point_hn1,1,1815,1815,-0.74221,0.433684
primary_strict_point_hn1,1,1816,1816,-0.431511,0.539688
primary_strict_point_hn1,1,1817,1817,-0.325128,0.552603
primary_strict_point_hn1,1,1818,1818,-0.171379,0.741047
primary_strict_point_hn1,1,1819,1819,-0.820989,0.462621
primary_strict_point_hn1,1,1820,1820,-0.818671,0.452125
primary_strict_point_hn1,1,1821,1821,-0.556617,0.604362
primary_strict_point_hn1,1,1822,1822,-0.477,0.750313
primary_strict_point_hn1,1,1823,1823,-0.48911,0.725527
primary_strict_point_hn1,1,1824,1824,-0.741593,0.732507
primary_strict_point_hn1,1,1825,1825,-0.111959,0.951167
primary_strict_point_hn1,1,1826,1826,-0.329877,0.964154
primary_strict_point_hn1,1,1827,1827,-0.287667,0.763809
primary_strict_point_hn1,1,1828,1828,-1.02944,0.703153
primary_strict_point_hn1,1,1829,1829,-0.959163,0.613115
primary_strict_point_hn1,1,1830,1830,-0.962312,0.653484
primary_strict_point_hn1,1,1831,1831,-0.353896,0.78701
primary_strict_point_hn1,1,1832,1832,-1.18325,0.647745
primary_strict_point_hn1,1,1833,1833,-1.07814,0.600976
primary_strict_point_hn1,1,1834,1834,-1.09672,0.580812
primary_strict_point_hn1,1,1835,1835,-1.0847,0.558429
primary_strict_point_hn1,1,1836,1836,-0.571732,0.84393
primary_strict_point_hn1,1,1837,1837,-0.691274,0.830774
primary_strict_point_hn1,1,1838,1838,-0.749858,0.628972
primary_strict_point_hn1,1,1839,1839,-0.702332,0.646359
primary_strict_point_hn1,1,1840,1840,-0.722659,0.570729
primary_strict_point_hn1,1,1841,1841,-0.65559,0.534073
primary_strict_point_hn1,1,1842,1842,-0.515933,0.789743
primary_strict_point_hn1,1,1843,1843,-0.789085,0.540513
primary_strict_point_hn1,1,1844,1844,-0.683521,0.608875
primary_strict_point_hn1,1,1845,1845,-0.705325,0.883762
primary_strict_point_hn1,1,1846,1846,-0.793606,0.703336
primary_strict_point_hn1,1,1847,1847,-0.102567,1.13727
primary_strict_point_hn1,1,1848,1848,-0.125691,1.001
primary_strict_point_hn1,1,1849,1849,-0.387264,0.779159
primary_strict_point_hn1,1,1850,1850,-0.688235,0.633655
primary_strict_point_hn1,1,1851,1851,-0.833281,0.543323
primary_strict_point_hn1,1,1852,1852,-0.614332,0.435168
primary_strict_point_hn1,1,1853,1853,-0.611444,0.682477
primary_strict_point_hn1,1,1854,1854,-0.62723,0.670226
primary_strict_point_hn1,1,1855,1855,-0.62408,0.669526
primary_strict_point_hn1,1,1856,1856,-0.631728,0.668104
primary_strict_point_hn1,1,1857,1857,-0.616175,0.630594
primary_strict_point_hn1,1,1858,1858,-0.4107,0.424485
primary_strict_point_hn1,1,1859,1859,-0.474347,0.711777
primary_strict_point_hn1,1,1860,1860,-0.619918,0.715999
primary_strict_point_hn1,1,1861,1861,-0.573635,0.8404
primary_strict_point_hn1,1,1862,1862,-0.54998,0.761388
primary_strict_point_hn1,1,1863,1863,-0.718298,0.577748
primary_strict_point_hn1,1,1864,1864,-0.698443,0.917469
primary_strict_point_hn1,1,1865,1865,-0.632058,0.484529
primary_strict_point_hn1,1,1866,1866,-0.645987,0.603878
primary_strict_point_hn1,1,1867,1867,-0.714589,0.641219
primary_strict_point_hn1,1,1868,1868,-0.513762,0.671526
primary_strict_point_hn1,1,1869,1869,-0.563576,0.581684
primary_strict_point_hn1,1,1870,1870,-0.505775,0.720646
primary_strict_point_hn1,1,1871,1871,-0.783305,0.54889
primary_strict_point_hn1,1,1872,1872,-0.883729,0.734709
primary_strict_point_hn1,1,1873,1873,-1.004,0.858026
primary_strict_point_hn1,1,1874,1874,-0.741677,0.507023
primary_strict_point_hn1,1,1875,1875,-0.501999,0.730146
primary_strict_point_hn1,1,1876,1876,-0.574816,0.712656
primary_strict_point_hn1,1,1877,1877,-0.438264,0.64883
primary_strict_point_hn1,1,1878,1878,-0.326251,0.720326
primary_strict_point_hn1,1,1879,1879,-0.441234,0.517626
primary_strict_point_hn1,1,1880,1880,-0.446196,0.588557
primary_strict_point_hn1,1,1881,1881,-0.826991,0.546451
primary_strict_point_hn1,1,1882,1882,-0.612647,0.56317
primary_strict_point_hn1,1,1883,1883,-0.591977,0.523273
primary_strict_point_hn1,1,1884,1884,-0.291743,0.457985
primary_strict_point_hn1,1,1885,1885,-0.801767,0.541051
primary_strict_point_hn1,1,1886,1886,-0.819853,0.56588
primary_strict_point_hn1,1,1887,1887,-0.874374,0.614817
primary_strict_point_hn1,1,1888,1888,-0.892488,0.621497
primary_strict_point_hn1,1,1889,1889,-0.789994,0.61972
primary_strict_point_hn1,1,1890,1890,-0.783056,0.661116
primary_strict_point_hn1,1,1891,1891,-0.931675,0.680882
primary_strict_point_hn1,1,1892,1892,-0.805099,0.44219
primary_strict_point_hn1,1,1893,1893,-0.555451,0.580881
primary_strict_point_hn1,1,1894,1894,-0.444077,0.557796
primary_strict_point_hn1,1,1895,1895,-0.519566,0.601459
primary_strict_point_hn1,1,1896,1896,-0.901284,0.669093
primary_strict_point_hn1,1,1897,1897,-0.587516,0.462889
primary_strict_point_hn1,1,1898,1898,-0.671783,0.576646
primary_strict_point_hn1,1,1899,1899,-0.724593,0.489269
primary_strict_point_hn1,1,1900,1900,-0.707536,0.505091
primary_strict_point_hn1,1,1901,1901,-1.08402,0.458896
primary_strict_point_hn1,1,1902,1902,-1.21215,0.505144
primary_strict_point_hn1,1,1903,1903,-1.14546,0.484817
primary_strict_point_hn1,1,1904,1904,-0.929542,0.607975
primary_strict_point_hn1,1,1905,1905,-0.756784,0.37277
primary_strict_point_hn1,1,1906,1906,-0.783408,0.546106
primary_strict_point_hn1,1,1907,1907,-1.31232,0.607227
primary_strict_point_hn1,1,1908,1908,-1.24363,0.613966
primary_strict_point_hn1,1,1909,1909,-1.20738,0.674566
primary_strict_point_hn1,1,1910,1910,-1.05681,0.652461
primary_strict_point_hn1,1,1911,1911,-0.290084,0.584787
primary_strict_point_hn1,1,1912,1912,-0.216061,0.580707
primary_strict_point_hn1,1,1913,1913,-0.705022,0.810941
primary_strict_point_hn1,1,1914,1914,-0.872321,0.818561
primary_strict_point_hn1,1,1915,1915,-0.749113,0.827174
primary_strict_point_hn1,1,1916,1916,-0.970473,0.830615
primary_strict_point_hn1,1,1917,1917,-0.85882,0.580213
primary_strict_point_hn1,1,1918,1918,-0.950995,0.489922
primary_strict_point_hn1,1,1919,1919,-0.927363,0.393536
primary_strict_point_hn1,1,1920,1920,-0.569065,0.428731
primary_strict_point_hn1,1,1921,1921,-0.640396,0.59025
primary_strict_point_hn1,1,1922,1922,-0.925348,0.47264
primary_strict_point_hn1,1,1923,1923,-0.812413,0.45824
primary_strict_point_hn1,1,1924,1924,-0.682752,0.377081
primary_strict_point_hn1,1,1925,1925,-0.75059,0.363739
primary_strict_point_hn1,1,1926,1926,-0.507043,0.527649
primary_strict_point_hn1,1,1927,1927,-0.707,0.619667
primary_strict_point_hn1,1,1928,1928,-0.694736,0.517359
primary_strict_point_hn1,1,1929,1929,-0.149498,0.464766
primary_strict_point_hn1,1,1930,1930,-0.338857,0.496412
primary_strict_point_hn1,1,1931,1931,-0.241605,0.634981
primary_strict_point_hn1,1,1932,1932,-0.627413,0.45606
primary_strict_point_hn1,1,1933,1933,-0.623491,0.458064
primary_strict_point_hn1,1,1934,1934,-0.59654,0.531258
primary_strict_point_hn1,1,1935,1935,-0.566091,0.633688
primary_strict_point_hn1,1,1936,1936,-0.927843,0.573389
primary_strict_point_hn1,1,1937,1937,-0.895098,0.533363
primary_strict_point_hn1,1,1938,1938,-0.664794,0.753588
primary_strict_point_hn1,1,1939,1939,-0.898152,0.777531
primary_strict_point_hn1,1,1940,1940,-0.71249,0.87934
primary_strict_point_hn1,1,1941,1941,-0.704513,0.829191
primary_strict_point_hn1,1,1942,1942,-0.801216,0.707145
primary_strict_point_hn1,1,1943,1943,-0.898714,0.713568
primary_strict_point_hn1,1,1944,1944,-0.612159,0.702257
primary_strict_point_hn1,1,1945,1945,-0.670262,0.715542
primary_strict_point_hn1,1,1946,1946,-0.548963,0.697004
primary_strict_point_hn1,1,1947,1947,-0.512581,0.472021
primary_strict_point_hn1,1,1948,1948,-0.586572,0.502968
primary_strict_point_hn1,1,1949,1949,-0.318126,0.89248
primary_strict_point_hn1,1,1950,1950,-0.560382,0.597668
primary_strict_point_hn1,1,1951,1951,-0.515306,0.521983
primary_strict_point_hn1,1,1952,1952,-0.886925,0.550555
primary_strict_point_hn1,1,1953,1953,-0.844874,0.51683
primary_strict_point_hn1,1,1954,1954,-0.815222,0.678551
primary_strict_point_hn1,1,1955,1955,-0.697953,0.498219
primary_strict_point_hn1,1,1956,1956,-0.831791,0.561228
primary_strict_point_hn1,1,1957,1957,-0.596158,0.664282
primary_strict_point_hn1,1,1958,1958,-0.614819,0.598027
primary_strict_point_hn1,1,1959,1959,-0.860645,0.494611
primary_strict_point_hn1,1,1960,1960,-0.709725,0.443265
primary_strict_point_hn1,1,1961,1961,-0.763465,0.30985
primary_strict_point_hn1,1,1962,1962,-0.723465,0.419749
primary_strict_point_hn1,1,1963,1963,-0.72691,0.454569
primary_strict_point_hn1,1,1964,1964,-0.856529,0.668033
primary_strict_point_hn1,1,1965,1965,-0.282914,0.869377
primary_strict_point_hn1,1,1966,1966,-0.247021,0.603509
primary_strict_point_hn1,1,1967,1967,-0.324151,0.596394
primary_strict_point_hn1,1,1968,1968,-0.496009,0.553527
primary_strict_point_hn1,1,1969,1969,-0.570769,0.566564
primary_strict_point_hn1,1,1970,1970,-0.264488,0.569055
primary_strict_point_hn1,1,1971,1971,-0.263219,0.635409
primary_strict_point_hn1,1,1972,1972,-0.67353,0.408461
primary_strict_point_hn1,1,1973,1973,-0.432031,0.704219
primary_strict_point_hn1,1,1974,1974,-0.453993,0.765584
primary_strict_point_hn1,1,1975,1975,-0.457851,0.485314
primary_strict_point_hn1,1,1976,1976,-0.527865,0.498002
primary_strict_point_hn1,1,1977,1977,-0.470015,0.520834
primary_strict_point_hn1,1,1978,1978,-0.628263,0.543275
primary_strict_point_hn1,1,1979,1979,-0.772779,0.672263
primary_strict_point_hn1,1,1980,1980,-0.686141,0.606451
primary_strict_point_hn1,1,1981,1981,-0.799072,0.902607
primary_strict_point_hn1,1,1982,1982,-0.915553,0.852112
primary_strict_point_hn1,1,1983,1983,-0.781343,0.53982
primary_strict_point_hn1,1,1984,1984,-0.604554,0.733612
primary_strict_point_hn1,1,1985,1985,-1.02393,0.601464
primary_strict_point_hn1,1,1986,1986,-0.839808,0.470566
primary_strict_point_hn1,1,1987,1987,-0.756869,0.615639
primary_strict_point_hn1,1,1988,1988,-0.593667,0.70562
primary_strict_point_hn1,1,1989,1989,-0.661644,0.490681
primary_strict_point_hn1,1,1990,1990,-0.602401,0.476883
primary_strict_point_hn1,1,1991,1991,-0.484914,0.636548
primary_strict_point_hn1,1,1992,1992,-0.723309,0.783058
primary_strict_point_hn1,1,1993,1993,-0.553091,0.465716
primary_strict_point_hn1,1,1994,1994,-0.50433,0.394919
primary_strict_point_hn1,1,1995,1995,-0.240771,0.51393
primary_strict_point_hn1,1,1996,1996,-0.538867,0.514629
primary_strict_point_hn1,1,1997,1997,-0.74232,0.427918
primary_strict_point_hn1,1,1998,1998,-0.806986,0.565425
primary_strict_point_hn1,1,1999,1999,-0.819138,0.522445
primary_strict_point_hn1,1,2000,2000,-0.718608,0.421925
primary_strict_point_hn1,1,2001,2001,-0.768451,0.510071
primary_strict_point_hn1,1,2002,2002,-0.680258,0.673507
primary_strict_point_hn1,1,2003,2003,-0.583836,0.574367
primary_strict_point_hn1,1,2004,2004,-0.518463,0.526016
primary_strict_point_hn1,1,2005,2005,-0.702186,0.5816
primary_strict_point_hn1,1,2006,2006,-0.790361,0.612609
primary_strict_point_hn1,1,2007,2007,-0.719324,0.62828
primary_strict_point_hn1,1,2008,2008,-0.748532,0.782211
primary_strict_point_hn1,1,2009,2009,-0.773391,0.390551
primary_strict_point_hn1,1,2010,2010,-1.01093,0.727538
primary_strict_point_hn1,1,2011,2011,-0.934859,0.543586
primary_strict_point_hn1,1,2012,2012,-0.970841,0.799571
primary_strict_point_hn1,1,2013,2013,-0.910025,0.776305
primary_strict_point_hn1,1,2014,2014,-0.864041,0.944023
primary_strict_point_hn1,1,2015,2015,-0.900937,1.00033
primary_strict_point_hn1,1,2016,2016,-0.907778,1.17275
primary_strict_point_hn1,1,2017,2017,-1.02662,0.888088
primary_strict_point_hn1,1,2018,2018,-0.893382,0.956481
primary_strict_point_hn1,1,2019,2019,-0.782588,0.566203
primary_strict_point_hn1,1,2020,2020,-0.743823,0.589996
primary_strict_point_hn1,1,2021,2021,-0.579736,0.415535
primary_strict_point_hn1,1,2022,2022,-0.535217,0.412458
primary_strict_point_hn1,1,2023,2023,-0.738028,0.527108
primary_strict_point_hn1,1,2024,2024,-0.757035,0.443326
primary_strict_point_hn1,1,2025,2025,-0.706528,0.416566
primary_strict_point_hn1,1,2026,2026,-1.01364,0.704495
primary_strict_point_hn1,1,2027,2027,-0.677801,0.889576
primary_strict_point_hn1,1,2028,2028,-0.76773,0.606736
primary_strict_point_hn1,1,2029,2029,-0.817975,0.508286
primary_strict_point_hn1,1,2030,2030,-0.844479,0.430589
primary_strict_point_hn1,1,2031,2031,-0.995597,0.712645
primary_strict_point_hn1,1,2032,2032,-0.645561,0.7169
primary_strict_point_hn1,1,2033,2033,-0.720418,0.355675
primary_strict_point_hn1,1,2034,2034,-0.725638,0.358226
primary_strict_point_hn1,1,2035,2035,-0.714821,0.368763
primary_strict_point_hn1,1,2036,2036,-0.759049,0.467565
primary_strict_point_hn1,1,2037,2037,-0.795219,0.757606
primary_strict_point_hn1,1,2038,2038,-0.841026,0.799545
primary_strict_point_hn1,1,2039,2039,-0.552644,0.614462
primary_strict_point_hn1,1,2040,2040,-0.642662,0.420345
primary_strict_point_hn1,1,2041,2041,-0.801486,0.42647
primary_strict_point_hn1,1,2042,2042,-0.740284,0.408062
primary_strict_point_hn1,1,2043,2043,-0.936522,0.41815
primary_strict_point_hn1,1,2044,2044,-0.605057,0.360773
primary_strict_point_hn1,1,2045,2045,-0.770368,0.463945
primary_strict_point_hn1,1,2046,2046,-0.817626,0.346897
primary_strict_point_hn1,1,2047,2047,-0.767522,0.366717
primary_strict_point_hn1,1,2048,2048,-0.823654,0.526789
primary_strict_point_hn1,1,2049,2049,-0.580555,0.569364
primary_strict_point_hn1,1,2050,2050,-0.683715,0.599824
primary_strict_point_hn1,1,2051,2051,-0.651607,0.774067
primary_strict_point_hn1,1,2052,2052,-0.73838,0.683364
primary_strict_point_hn1,1,2053,2053,-0.681992,0.678442
primary_strict_point_hn1,1,2054,2054,-0.385376,0.583593
primary_strict_point_hn1,1,2055,2055,-0.199727,0.682257
primary_strict_point_hn1,1,2056,2056,-0.443124,0.692705
primary_strict_point_hn1,1,2057,2057,-0.480101,0.476495
primary_strict_point_hn1,1,2058,2058,-0.862998,0.647824
primary_strict_point_hn1,1,2059,2059,-0.774081,0.536637
primary_strict_point_hn1,1,2060,2060,-0.869694,0.515465
primary_strict_point_hn1,1,2061,2061,-0.960524,0.542098
primary_strict_point_hn1,1,2062,2062,-0.73607,0.75968
primary_strict_point_hn1,1,2063,2063,-0.835435,0.391005
primary_strict_point_hn1,1,2064,2064,-0.92918,0.585683
primary_strict_point_hn1,1,2065,2065,-0.766983,0.529274
primary_strict_point_hn1,1,2066,2066,-0.727206,0.510096
primary_strict_point_hn1,1,2067,2067,-0.875153,0.468755
primary_strict_point_hn1,1,2068,2068,-0.73037,0.52882
primary_strict_point_hn1,1,2069,2069,-0.76145,0.439727
primary_strict_point_hn1,1,2070,2070,-0.524793,0.694035
primary_strict_point_hn1,1,2071,2071,-0.843185,0.509025
primary_strict_point_hn1,1,2072,2072,-0.892057,0.441913
primary_strict_point_hn1,1,2073,2073,-0.824739,0.45823
primary_strict_point_hn1,1,2074,2074,-0.81596900000000006,0.545465
primary_strict_point_hn1,1,2075,2075,-0.724272,0.462538
primary_strict_point_hn1,1,2076,2076,-0.824226,0.602218
primary_strict_point_hn1,1,2077,2077,-0.673891,0.836883
primary_strict_point_hn1,1,2078,2078,-0.578112,0.810313
primary_strict_point_hn1,1,2079,2079,-0.484783,1.05761
primary_strict_point_hn1,1,2080,2080,-0.49205,1.09823
primary_strict_point_hn1,1,2081,2081,-0.42548,0.773008
primary_strict_point_hn1,1,2082,2082,-0.440819,0.753538
primary_strict_point_hn1,1,2083,2083,-0.591628,0.557786
primary_strict_point_hn1,1,2084,2084,-0.657083,0.673486
primary_strict_point_hn1,1,2085,2085,-0.359179,0.790271
primary_strict_point_hn1,1,2086,2086,-0.389062,0.763054
primary_strict_point_hn1,1,2087,2087,-0.381484,0.796688
primary_strict_point_hn1,1,2088,2088,-0.451274,1.01083
primary_strict_point_hn1,1,2089,2089,-0.655105,0.691467
primary_strict_point_hn1,1,2090,2090,-0.77607,0.558865
primary_strict_point_hn1,1,2091,2091,-0.97415,0.763372
primary_strict_point_hn1,1,2092,2092,-0.786874,0.586824
primary_strict_point_hn1,1,2093,2093,-0.775167,0.685712
primary_strict_point_hn1,1,2094,2094,-0.985756,0.689015
primary_strict_point_hn1,1,2095,2095,-1.01296,0.780047
primary_strict_point_hn1,1,2096,2096,-1.13541,0.638466
primary_strict_point_hn1,1,2097,2097,-0.60716,0.470679
primary_strict_point_hn1,1,2098,2098,-0.801546,0.715444
primary_strict_point_hn1,1,2099,2099,-0.683775,0.610414
primary_strict_point_hn1,1,2100,2100,-0.761836,0.546818
primary_strict_point_hn1,1,2101,2101,-0.494316,0.632527
primary_strict_point_hn1,1,2102,2102,-0.609494,0.508032
primary_strict_point_hn1,1,2103,2103,-0.570309,0.516473
primary_strict_point_hn1,1,2104,2104,-0.8445,0.666966
primary_strict_point_hn1,1,2105,2105,-0.818346,0.513454
primary_strict_point_hn1,1,2106,2106,-0.883732,0.497918
primary_strict_point_hn1,1,2107,2107,-0.637255,0.485729
primary_strict_point_hn1,1,2108,2108,-0.725134,0.718099
primary_strict_point_hn1,1,2109,2109,-0.452782,0.774532
primary_strict_point_hn1,1,2110,2110,-0.643006,0.408065
primary_strict_point_hn1,1,2111,2111,-0.681539,0.448164
primary_strict_point_hn1,1,2112,2112,-0.714922,0.442697
primary_strict_point_hn1,1,2113,2113,-0.815911,0.500927
primary_strict_point_hn1,1,2114,2114,-0.646189,0.440183
primary_strict_point_hn1,1,2115,2115,-0.560109,0.456671
primary_strict_point_hn1,1,2116,2116,-0.394962,0.535579
primary_strict_point_hn1,1,2117,2117,-0.515084,0.536968
primary_strict_point_hn1,1,2118,2118,-0.601501,0.417881
primary_strict_point_hn1,1,2119,2119,-0.735184,0.804724
primary_strict_point_hn1,1,2120,2120,-0.650113,0.777226
primary_strict_point_hn1,1,2121,2121,-0.699346,0.617855
primary_strict_point_hn1,1,2122,2122,-0.646959,0.501779
primary_strict_point_hn1,1,2123,2123,-0.530806,0.534754
primary_strict_point_hn1,1,2124,2124,-0.391727,0.503295
primary_strict_point_hn1,1,2125,2125,-0.4013,0.466338
primary_strict_point_hn1,1,2126,2126,-0.872442,0.408375
primary_strict_point_hn1,1,2127,2127,-0.874557,0.403874
primary_strict_point_hn1,1,2128,2128,-0.827092,0.404442
primary_strict_point_hn1,1,2129,2129,-0.426215,0.517922
primary_strict_point_hn1,1,2130,2130,-0.530169,0.558452
primary_strict_point_hn1,1,2131,2131,-0.55415,0.566873
primary_strict_point_hn1,1,2132,2132,-0.729348,0.43912
primary_strict_point_hn1,1,2133,2133,-0.595015,0.456751
primary_strict_point_hn1,1,2134,2134,-0.805452,0.557685
primary_strict_point_hn1,1,2135,2135,-0.531792,0.5464
primary_strict_point_hn1,1,2136,2136,-0.468015,0.586375
primary_strict_point_hn1,1,2137,2137,-0.532697,0.676264
primary_strict_point_hn1,1,2138,2138,-0.521458,0.453345
primary_strict_point_hn1,1,2139,2139,-0.517453,0.459224
primary_strict_point_hn1,1,2140,2140,-0.651924,0.554103
primary_strict_point_hn1,1,2141,2141,-0.584825,0.493356
primary_strict_point_hn1,1,2142,2142,-0.726831,0.620401
primary_strict_point_hn1,1,2143,2143,-0.84058,0.795016
primary_strict_point_hn1,1,2144,2144,-0.859525,0.774569
primary_strict_point_hn1,1,2145,2145,-0.647994,0.882584
primary_strict_point_hn1,1,2146,2146,-0.845972,0.822394
primary_strict_point_hn1,1,2147,2147,-0.722334,0.652415
primary_strict_point_hn1,1,2148,2148,-0.893226,0.52803
primary_strict_point_hn1,1,2149,2149,-1.16668,0.698377
primary_strict_point_hn1,1,2150,2150,-0.655547,0.367658
primary_strict_point_hn1,1,2151,2151,-0.725573,0.374491
primary_strict_point_hn1,1,2152,2152,-0.509712,0.37287
primary_strict_point_hn1,1,2153,2153,-0.561605,0.45814
primary_strict_point_hn1,1,2154,2154,-0.50938,0.561433
primary_strict_point_hn1,1,2155,2155,-0.416678,0.387196
primary_strict_point_hn1,1,2156,2156,-0.217838,0.672347
primary_strict_point_hn1,1,2157,2157,-0.275968,0.720251
primary_strict_point_hn1,1,2158,2158,-0.30032,0.821969
primary_strict_point_hn1,1,2159,2159,-0.686936,0.598912
primary_strict_point_hn1,1,2160,2160,-1.01572,0.558302
primary_strict_point_hn1,1,2161,2161,-0.851896,0.649385
primary_strict_point_hn1,1,2162,2162,-0.631545,0.726663
primary_strict_point_hn1,1,2163,2163,-1.01319,0.910398
primary_strict_point_hn1,1,2164,2164,-0.62021,0.618407
primary_strict_point_hn1,1,2165,2165,-0.567714,0.518211
primary_strict_point_hn1,1,2166,2166,-0.504082,0.611644
primary_strict_point_hn1,1,2167,2167,-0.487412,0.756086
primary_strict_point_hn1,1,2168,2168,-0.675163,0.823548
primary_strict_point_hn1,1,2169,2169,-0.457373,1.27122
primary_strict_point_hn1,1,2170,2170,-0.449157,1.18482
primary_strict_point_hn1,1,2171,2171,-0.327938,0.783713
primary_strict_point_hn1,1,2172,2172,-0.968285,0.583532
primary_strict_point_hn1,1,2173,2173,-0.937385,0.674023
primary_strict_point_hn1,1,2174,2174,-0.615522,1.40903
primary_strict_point_hn1,1,2175,2175,-0.618918,1.07388
primary_strict_point_hn1,1,2176,2176,-0.471843,1.15211
primary_strict_point_hn1,1,2177,2177,-0.423686,0.997013
primary_strict_point_hn1,1,2178,2178,-0.579136,1.15156
primary_strict_point_hn1,1,2179,2179,-0.544055,1.20907
primary_strict_point_hn1,1,2180,2180,-0.592673,0.700524
primary_strict_point_hn1,1,2181,2181,-0.466581,0.883026
primary_strict_point_hn1,1,2182,2182,-0.587245,1.01721
primary_strict_point_hn1,1,2183,2183,-0.665404,1.00362
primary_strict_point_hn1,1,2184,2184,-0.7006,1.12989
primary_strict_point_hn1,1,2185,2185,-0.653226,0.996041
primary_strict_point_hn1,1,2186,2186,-0.673278,0.921316
primary_strict_point_hn1,1,2187,2187,-0.985209,0.744405
primary_strict_point_hn1,1,2188,2188,-1.02308,0.842312
primary_strict_point_hn1,1,2189,2189,-0.955491,0.592289
primary_strict_point_hn1,1,2190,2190,-0.811791,0.49954
primary_strict_point_hn1,1,2191,2191,-0.795346,0.762558
primary_strict_point_hn1,1,2192,2192,-0.953525,0.868814
primary_strict_point_hn1,1,2193,2193,-0.888864,0.885044
primary_strict_point_hn1,1,2194,2194,-0.860213,0.802508
primary_strict_point_hn1,1,2195,2195,-0.937543,0.761871
primary_strict_point_hn1,1,2196,2196,-0.494436,0.584107
primary_strict_point_hn1,1,2197,2197,-0.603181,0.746959
primary_strict_point_hn1,1,2198,2198,-0.593696,0.537277
primary_strict_point_hn1,1,2199,2199,-0.647135,0.604261
primary_strict_point_hn1,1,2200,2200,-0.654051,0.488439
primary_strict_point_hn1,1,2201,2201,-0.786062,0.455002
primary_strict_point_hn1,1,2202,2202,-0.730203,0.500115
primary_strict_point_hn1,1,2203,2203,-0.884023,0.456624
primary_strict_point_hn1,1,2204,2204,-0.974783,0.479172
primary_strict_point_hn1,1,2205,2205,-0.65014,0.816566
primary_strict_point_hn1,1,2206,2206,-0.692074,0.9322
primary_strict_point_hn1,1,2207,2207,-0.877976,0.645228
primary_strict_point_hn1,1,2208,2208,-0.84267,0.741629
primary_strict_point_hn1,1,2209,2209,-0.441199,0.40466800000000003
primary_strict_point_hn1,1,2210,2210,-0.542006,0.67813
primary_strict_point_hn1,1,2211,2211,-0.595663,0.634793
primary_strict_point_hn1,1,2212,2212,-0.398433,0.526634
primary_strict_point_hn1,1,2213,2213,-0.467016,0.572458
primary_strict_point_hn1,1,2214,2214,-0.457303,0.477934
primary_strict_point_hn1,1,2215,2215,-0.609276,0.529252
primary_strict_point_hn1,1,2216,2216,-0.554676,0.432106
primary_strict_point_hn1,1,2217,2217,-0.502144,0.475789
primary_strict_point_hn1,1,2218,2218,-0.447641,0.466352
primary_strict_point_hn1,1,2219,2219,-0.579267,0.480765
primary_strict_point_hn1,1,2220,2220,-0.529536,0.467012
primary_strict_point_hn1,1,2221,2221,-0.641181,0.434043
primary_strict_point_hn1,1,2222,2222,-0.800782,0.458606
primary_strict_point_hn1,1,2223,2223,-0.861539,0.442548
primary_strict_point_hn1,1,2224,2224,-0.764213,0.62722
primary_strict_point_hn1,1,2225,2225,-0.723466,0.621171
primary_strict_point_hn1,1,2226,2226,-0.717481,0.659186
primary_strict_point_hn1,1,2227,2227,-0.80745,0.514452
primary_strict_point_hn1,1,2228,2228,-0.770784,0.468563
primary_strict_point_hn1,1,2229,2229,-0.759436,0.542375
primary_strict_point_hn1,1,2230,2230,-0.791347,0.42149
primary_strict_point_hn1,1,2231,2231,-0.771166,0.488521
primary_strict_point_hn1,1,2232,2232,-0.750378,0.477319
primary_strict_point_hn1,1,2233,2233,-0.771491,0.881692
primary_strict_point_hn1,1,2234,2234,-0.862631,0.626133
primary_strict_point_hn1,1,2235,2235,-0.685092,0.740846
primary_strict_point_hn1,1,2236,2236,-0.690061,0.507614
primary_strict_point_hn1,1,2237,2237,-0.533644,0.437739
primary_strict_point_hn1,1,2238,2238,-0.641238,0.440754
primary_strict_point_hn1,1,2239,2239,-0.574626,0.458534
primary_strict_point_hn1,1,2240,2240,-0.643265,0.673297
primary_strict_point_hn1,1,2241,2241,-0.460022,0.779059
primary_strict_point_hn1,1,2242,2242,-0.499964,0.687131
primary_strict_point_hn1,1,2243,2243,-0.916593,1.01292
primary_strict_point_hn1,1,2244,2244,-1.00618,1.0221
primary_strict_point_hn1,1,2245,2245,-0.931383,1.11603
primary_strict_point_hn1,1,2246,2246,-1.02946,1.06655
primary_strict_point_hn1,1,2247,2247,-0.703165,0.525325
primary_strict_point_hn1,1,2248,2248,-0.264446,0.60035
primary_strict_point_hn1,1,2249,2249,-0.192006,0.563577
primary_strict_point_hn1,1,2250,2250,-0.482361,0.51947
primary_strict_point_hn1,1,2251,2251,-0.437047,0.374849
primary_strict_point_hn1,1,2252,2252,-0.236832,0.654231
primary_strict_point_hn1,1,2253,2253,-0.135169,0.595372
primary_strict_point_hn1,1,2254,2254,-0.319206,0.550669
primary_strict_point_hn1,1,2255,2255,-0.311526,0.562096
primary_strict_point_hn1,1,2256,2256,-0.288488,0.591343
primary_strict_point_hn1,1,2257,2257,-0.424305,0.508468
primary_strict_point_hn1,1,2258,2258,-0.826336,0.828265
primary_strict_point_hn1,1,2259,2259,-0.567457,0.488559
primary_strict_point_hn1,1,2260,2260,-0.473742,0.605773
primary_strict_point_hn1,1,2261,2261,-0.472338,0.488228
primary_strict_point_hn1,1,2262,2262,-0.459336,0.46184
primary_strict_point_hn1,1,2263,2263,-0.567404,0.476874
primary_strict_point_hn1,1,2264,2264,-0.403226,0.537189
primary_strict_point_hn1,1,2265,2265,-0.614075,0.606448
primary_strict_point_hn1,1,2266,2266,-0.506734,0.72087
primary_strict_point_hn1,1,2267,2267,-0.589463,0.799281
primary_strict_point_hn1,1,2268,2268,-0.502294,0.798938
primary_strict_point_hn1,1,2269,2269,-1.09746,0.753467
primary_strict_point_hn1,1,2270,2270,-0.615421,0.474383
primary_strict_point_hn1,1,2271,2271,-0.501591,0.810421
primary_strict_point_hn1,1,2272,2272,-0.665015,0.394995
primary_strict_point_hn1,1,2273,2273,-0.873337,0.624906
primary_strict_point_hn1,1,2274,2274,-0.797172,0.537415
primary_strict_point_hn1,1,2275,2275,-0.404767,0.508822
primary_strict_point_hn1,1,2276,2276,-0.471176,0.571755
primary_strict_point_hn1,1,2277,2277,-0.637583,0.730745
primary_strict_point_hn1,1,2278,2278,-0.723306,0.763624
primary_strict_point_hn1,1,2279,2279,-0.728765,0.777054
primary_strict_point_hn1,1,2280,2280,-0.632925,0.771334
primary_strict_point_hn1,1,2281,2281,-0.606727,0.743979
primary_strict_point_hn1,1,2282,2282,-0.525704,0.703428
primary_strict_point_hn1,1,2283,2283,-0.623622,0.474753
primary_strict_point_hn1,1,2284,2284,-0.519859,0.474005
primary_strict_point_hn1,1,2285,2285,-0.727975,0.39597
primary_strict_point_hn1,1,2286,2286,-0.568697,0.54772
primary_strict_point_hn1,1,2287,2287,-0.507024,0.562961
primary_strict_point_hn1,1,2288,2288,-0.68693,0.465134
primary_strict_point_hn1,1,2289,2289,-0.784295,0.822034
primary_strict_point_hn1,1,2290,2290,-1.10402,0.782744
primary_strict_point_hn1,1,2291,2291,-0.837211,0.669073
primary_strict_point_hn1,1,2292,2292,-0.492605,0.452827
primary_strict_point_hn1,1,2293,2293,-0.56498,0.803837
primary_strict_point_hn1,1,2294,2294,-0.612105,0.743248
primary_strict_point_hn1,1,2295,2295,-0.65995,0.644159
primary_strict_point_hn1,1,2296,2296,-0.755815,0.442272
primary_strict_point_hn1,1,2297,2297,-0.65167,0.44139
primary_strict_point_hn1,1,2298,2298,-0.291716,0.646024
primary_strict_point_hn1,1,2299,2299,-0.567754,0.336333
primary_strict_point_hn1,1,2300,2300,-0.341818,0.426015
primary_strict_point_hn1,1,2301,2301,-0.292087,0.581668
primary_strict_point_hn1,1,2302,2302,-0.724191,0.51048
primary_strict_point_hn1,1,2303,2303,-0.694324,0.708542
primary_strict_point_hn1,1,2304,2304,-0.733589,0.500266
primary_strict_point_hn1,1,2305,2305,-0.853794,0.426897
primary_strict_point_hn1,1,2306,2306,-0.706391,0.402228
primary_strict_point_hn1,1,2307,2307,-0.604512,0.40929
primary_strict_point_hn1,1,2308,2308,-0.615867,0.560249
primary_strict_point_hn1,1,2309,2309,-0.859469,0.535858
primary_strict_point_hn1,1,2310,2310,-0.653246,0.544536
primary_strict_point_hn1,1,2311,2311,-0.681269,0.505812
primary_strict_point_hn1,1,2312,2312,-0.848118,0.456227
primary_strict_point_hn1,1,2313,2313,-0.837964,0.36627
primary_strict_point_hn1,1,2314,2314,-0.736381,0.458321
primary_strict_point_hn1,1,2315,2315,-0.897614,0.526522
primary_strict_point_hn1,1,2316,2316,-0.794695,0.501261
primary_strict_point_hn1,1,2317,2317,-1.02868,0.928529
primary_strict_point_hn1,1,2318,2318,-1.14847,0.862731
primary_strict_point_hn1,1,2319,2319,-1.05048,0.812224
primary_strict_point_hn1,1,2320,2320,-1.00359,0.800505
primary_strict_point_hn1,1,2321,2321,-1.07481,0.764537
primary_strict_point_hn1,1,2322,2322,-1.3892,0.785944
primary_strict_point_hn1,1,2323,2323,-1.44119,0.737624
primary_strict_point_hn1,1,2324,2324,-1.09479,1.00387
primary_strict_point_hn1,1,2325,2325,-1.27284,0.928702
primary_strict_point_hn1,1,2326,2326,-0.594696,0.960676
primary_strict_point_hn1,1,2327,2327,-0.768306,0.608071
primary_strict_point_hn1,1,2328,2328,-0.521842,0.6837
primary_strict_point_hn1,1,2329,2329,-0.616639,0.730124
primary_strict_point_hn1,1,2330,2330,-0.609195,0.705515
primary_strict_point_hn1,1,2331,2331,-0.713409,0.613601
primary_strict_point_hn1,1,2332,2332,-0.873976,0.571097
primary_strict_point_hn1,1,2333,2333,-1.0046,0.723696
primary_strict_point_hn1,1,2334,2334,-1.10828,0.650882
primary_strict_point_hn1,1,2335,2335,-1.06035,0.53766099999999994
primary_strict_point_hn1,1,2336,2336,-1.09826,0.576746
primary_strict_point_hn1,1,2337,2337,-1.01001,0.484735
primary_strict_point_hn1,1,2338,2338,-0.768999,0.484985
primary_strict_point_hn1,1,2339,2339,-0.900615,0.383283
primary_strict_point_hn1,1,2340,2340,-0.764612,0.438466
primary_strict_point_hn1,1,2341,2341,-0.667031,0.570735
primary_strict_point_hn1,1,2342,2342,-0.748816,0.678122
primary_strict_point_hn1,1,2343,2343,-0.721498,0.613831
primary_strict_point_hn1,1,2344,2344,-0.712318,0.623098
primary_strict_point_hn1,1,2345,2345,-0.807642,0.818448
primary_strict_point_hn1,1,2346,2346,-0.706307,0.780193
primary_strict_point_hn1,1,2347,2347,-0.595469,1.14497
primary_strict_point_hn1,1,2348,2348,-0.36727,0.454589
primary_strict_point_hn1,1,2349,2349,-0.34988,0.415941
primary_strict_point_hn1,1,2350,2350,-0.361368,0.373052
primary_strict_point_hn1,1,2351,2351,-0.431629,0.334654
primary_strict_point_hn1,1,2352,2352,-0.363508,0.702211
primary_strict_point_hn1,1,2353,2353,-0.0136087,0.732285
primary_strict_point_hn1,1,2354,2354,-0.0810144,0.775241
primary_strict_point_hn1,1,2355,2355,0.155239,0.945742
primary_strict_point_hn1,1,2356,2356,-0.313112,0.716972
primary_strict_point_hn1,1,2357,2357,-0.2791,0.800078
primary_strict_point_hn1,1,2358,2358,-0.429421,0.713466
primary_strict_point_hn1,1,2359,2359,-0.558009,0.757151
primary_strict_point_hn1,1,2360,2360,-0.518713,0.807747
primary_strict_point_hn1,1,2361,2361,-0.363158,0.876164
primary_strict_point_hn1,1,2362,2362,-0.435582,0.825823
primary_strict_point_hn1,1,2363,2363,-0.949896,0.539177
primary_strict_point_hn1,1,2364,2364,-1.00196,0.544588
primary_strict_point_hn1,1,2365,2365,-1.07274,0.558881
primary_strict_point_hn1,1,2366,2366,-0.890312,0.541869
primary_strict_point_hn1,1,2367,2367,-0.938352,0.755215
primary_strict_point_hn1,1,2368,2368,-0.626009,0.598333
primary_strict_point_hn1,1,2369,2369,-0.700132,0.60819
primary_strict_point_hn1,1,2370,2370,-0.599748,0.567712
primary_strict_point_hn1,1,2371,2371,-0.866788,0.567817
primary_strict_point_hn1,1,2372,2372,-0.889064,0.716107
primary_strict_point_hn1,1,2373,2373,-0.600256,0.657626
primary_strict_point_hn1,1,2374,2374,-0.478543,0.717486
primary_strict_point_hn1,1,2375,2375,-0.649991,0.525711
primary_strict_point_hn1,1,2376,2376,-0.821119,0.561326
primary_strict_point_hn1,1,2377,2377,-0.72461,0.378596
primary_strict_point_hn1,1,2378,2378,-0.743828,0.343489
primary_strict_point_hn1,1,2379,2379,-0.763304,0.350049
primary_strict_point_hn1,1,2380,2380,-0.736549,0.492308
primary_strict_point_hn1,1,2381,2381,-0.459004,0.49736
primary_strict_point_hn1,1,2382,2382,-0.714592,0.455491
primary_strict_point_hn1,1,2383,2383,-0.535955,0.434547
primary_strict_point_hn1,1,2384,2384,-0.576632,0.507832
primary_strict_point_hn1,1,2385,2385,-0.713964,0.297024
primary_strict_point_hn1,1,2386,2386,-0.690953,0.433747
primary_strict_point_hn1,1,2387,2387,-0.603817,0.402586
primary_strict_point_hn1,1,2388,2388,-0.443778,0.566694
primary_strict_point_hn1,1,2389,2389,-0.708725,0.836542
primary_strict_point_hn1,1,2390,2390,-0.96831,0.701688
primary_strict_point_hn1,1,2391,2391,-0.755505,0.579845
primary_strict_point_hn1,1,2392,2392,-0.7509,0.595028
primary_strict_point_hn1,1,2393,2393,-0.743479,0.400317
primary_strict_point_hn1,1,2394,2394,-0.673849,0.367809
primary_strict_point_hn1,1,2395,2395,-0.552227,0.349276
primary_strict_point_hn1,1,2396,2396,-0.814675,0.458573
primary_strict_point_hn1,1,2397,2397,-0.819585,0.371363
primary_strict_point_hn1,1,2398,2398,-0.674522,0.425872
primary_strict_point_hn1,1,2399,2399,-1.20402,0.555328
primary_strict_point_hn1,1,2400,2400,-1.0738,0.499934
primary_strict_point_hn1,1,2401,2401,-1.14853,0.555297
primary_strict_point_hn1,1,2402,2402,-0.911718,0.428605
primary_strict_point_hn1,1,2403,2403,-1.04249,0.530922
primary_strict_point_hn1,1,2404,2404,-0.71516,0.650724
primary_strict_point_hn1,1,2405,2405,-0.519281,0.431581
primary_strict_point_hn1,1,2406,2406,-0.529849,0.543604
primary_strict_point_hn1,1,2407,2407,-0.208569,0.619211
primary_strict_point_hn1,1,2408,2408,-0.414858,0.653299
primary_strict_point_hn1,1,2409,2409,-0.0106947,0.591986
primary_strict_point_hn1,1,2410,2410,-0.47894,0.57658
primary_strict_point_hn1,1,2411,2411,-0.406019,0.425186
primary_strict_point_hn1,1,2412,2412,-0.47318,0.683808
primary_strict_point_hn1,1,2413,2413,-0.509237,0.654125
primary_strict_point_hn1,1,2414,2414,-0.571689,0.473154
primary_strict_point_hn1,1,2415,2415,-0.74973,0.457198
primary_strict_point_hn1,1,2416,2416,-0.55878,0.475621
primary_strict_point_hn1,1,2417,2417,-0.674262,0.393001
primary_strict_point_hn1,1,2418,2418,-0.51837,0.790119
primary_strict_point_hn1,1,2419,2419,-0.957387,0.643978
primary_strict_point_hn1,1,2420,2420,-0.894442,0.540701
primary_strict_point_hn1,1,2421,2421,-0.891509,0.554178
primary_strict_point_hn1,1,2422,2422,-0.812526,0.512233
primary_strict_point_hn1,1,2423,2423,-0.649933,0.636558
primary_strict_point_hn1,1,2424,2424,-0.713162,0.632675
primary_strict_point_hn1,1,2425,2425,-0.606853,0.598381
primary_strict_point_hn1,1,2426,2426,-0.512616,0.604077
primary_strict_point_hn1,1,2427,2427,-0.728208,0.594942
primary_strict_point_hn1,1,2428,2428,-0.34457,0.685079
primary_strict_point_hn1,1,2429,2429,-0.324737,0.882429
primary_strict_point_hn1,1,2430,2430,-0.414001,0.607646
primary_strict_point_hn1,1,2431,2431,-0.496195,0.584377
primary_strict_point_hn1,1,2432,2432,-0.21811,0.629545
primary_strict_point_hn1,1,2433,2433,-0.295828,0.497195
primary_strict_point_hn1,1,2434,2434,-0.356139,0.538748
primary_strict_point_hn1,1,2435,2435,-0.53602,0.560346
primary_strict_point_hn1,1,2436,2436,-0.778792,0.92209
primary_strict_point_hn1,1,2437,2437,-0.684694,0.915565
primary_strict_point_hn1,1,2438,2438,-0.738737,0.873818
primary_strict_point_hn1,1,2439,2439,-0.750015,1.08265
primary_strict_point_hn1,1,2440,2440,-0.734448,1.08575
primary_strict_point_hn1,1,2441,2441,-0.644932,0.960254
primary_strict_point_hn1,1,2442,2442,-1.16995,0.857514
primary_strict_point_hn1,1,2443,2443,-0.989499,0.575783
primary_strict_point_hn1,1,2444,2444,-0.621465,0.491139
primary_strict_point_hn1,1,2445,2445,-0.631807,0.546879
primary_strict_point_hn1,1,2446,2446,-0.615452,0.507629
primary_strict_point_hn1,1,2447,2447,-0.618063,0.496221
primary_strict_point_hn1,1,2448,2448,-0.575306,0.628665
primary_strict_point_hn1,1,2449,2449,-0.572889,0.419172
primary_strict_point_hn1,1,2450,2450,-0.616363,0.604596
primary_strict_point_hn1,1,2451,2451,-0.555225,0.459714
primary_strict_point_hn1,1,2452,2452,-0.435638,0.567415
primary_strict_point_hn1,1,2453,2453,-0.347228,0.585451
primary_strict_point_hn1,1,2454,2454,-0.355303,0.561868
primary_strict_point_hn1,1,2455,2455,-0.370075,0.67632
primary_strict_point_hn1,1,2456,2456,-0.233229,0.758455
primary_strict_point_hn1,1,2457,2457,-0.746439,0.542253
primary_strict_point_hn1,1,2458,2458,-0.550291,1.07116
primary_strict_point_hn1,1,2459,2459,-0.563348,0.408853
primary_strict_point_hn1,1,2460,2460,-0.620767,0.440906
primary_strict_point_hn1,1,2461,2461,-0.611272,0.561534
primary_strict_point_hn1,1,2462,2462,-0.875277,0.43126
primary_strict_point_hn1,1,2463,2463,-0.740488,0.689819
primary_strict_point_hn1,1,2464,2464,-0.524109,0.472871
primary_strict_point_hn1,1,2465,2465,-0.795029,0.502305
primary_strict_point_hn1,1,2466,2466,-0.800132,0.417714
primary_strict_point_hn1,1,2467,2467,-0.687172,0.404397
primary_strict_point_hn1,1,2468,2468,-0.616036,0.439118
primary_strict_point_hn1,1,2469,2469,-0.271624,0.683314
primary_strict_point_hn1,1,2470,2470,-0.310716,0.691104
primary_strict_point_hn1,1,2471,2471,-0.476417,0.734164
primary_strict_point_hn1,1,2472,2472,-0.304991,0.696808
primary_strict_point_hn1,1,2473,2473,-0.411046,0.691234
primary_strict_point_hn1,1,2474,2474,-0.397297,0.804664
primary_strict_point_hn1,1,2475,2475,-0.529596,0.642956
primary_strict_point_hn1,1,2476,2476,-0.235222,0.679772
primary_strict_point_hn1,1,2477,2477,-0.863412,0.676668
primary_strict_point_hn1,1,2478,2478,-0.85702,0.644702
primary_strict_point_hn1,1,2479,2479,-0.769614,0.364373
primary_strict_point_hn1,1,2480,2480,-0.954021,0.485991
primary_strict_point_hn1,1,2481,2481,-1.06978,0.592063
primary_strict_point_hn1,1,2482,2482,-0.694802,0.43973
primary_strict_point_hn1,1,2483,2483,-0.773191,0.659205
primary_strict_point_hn1,1,2484,2484,-0.598108,0.702024
primary_strict_point_hn1,1,2485,2485,-1.02172,0.441622
primary_strict_point_hn1,1,2486,2486,-0.505137,0.559822
primary_strict_point_hn1,1,2487,2487,-0.57396,0.421612
primary_strict_point_hn1,1,2488,2488,-0.46928,0.564995
primary_strict_point_hn1,1,2489,2489,-0.223536,0.475542
primary_strict_point_hn1,1,2490,2490,-0.0140849,1.14398
primary_strict_point_hn1,1,2491,2491,-0.0532241,1.00651
primary_strict_point_hn1,1,2492,2492,-0.341797,0.830436
primary_strict_point_hn1,1,2493,2493,-0.534424,0.417894
primary_strict_point_hn1,1,2494,2494,-0.614819,0.57057
primary_strict_point_hn1,1,2495,2495,-0.595403,0.464017
primary_strict_point_hn1,1,2496,2496,-0.601861,0.540859
primary_strict_point_hn1,1,2497,2497,-0.591729,0.55868
primary_strict_point_hn1,1,2498,2498,-0.453375,0.409677
primary_strict_point_hn1,1,2499,2499,-0.341928,0.757544
primary_strict_point_hn1,1,2500,2500,-0.605822,0.53177
primary_strict_point_hn1,1,2501,2501,-0.376461,0.784473
primary_strict_point_hn1,1,2502,2502,-0.601477,0.551407
primary_strict_point_hn1,1,2503,2503,-0.622749,0.678287
primary_strict_point_hn1,1,2504,2504,-0.841015,0.61267
primary_strict_point_hn1,1,2505,2505,-0.725438,0.782442
primary_strict_point_hn1,1,2506,2506,-0.625789,0.636062
primary_strict_point_hn1,1,2507,2507,-0.497735,0.683726
primary_strict_point_hn1,1,2508,2508,-0.712697,0.486013
primary_strict_point_hn1,1,2509,2509,-0.653962,0.578503
primary_strict_point_hn1,1,2510,2510,-0.560879,0.525752
primary_strict_point_hn1,1,2511,2511,-0.511966,0.604411
primary_strict_point_hn1,1,2512,2512,-0.513494,0.528739
primary_strict_point_hn1,1,2513,2513,-0.622326,0.667087
primary_strict_point_hn1,1,2514,2514,-0.483607,0.739638
primary_strict_point_hn1,1,2515,2515,-0.591298,0.407634
primary_strict_point_hn1,1,2516,2516,-0.38175,0.57745
primary_strict_point_hn1,1,2517,2517,-0.396298,0.613714
primary_strict_point_hn1,1,2518,2518,-0.553267,0.426705
primary_strict_point_hn1,1,2519,2519,-0.450616,0.681769
primary_strict_point_hn1,1,2520,2520,-0.620061,0.61628
primary_strict_point_hn1,1,2521,2521,-0.773312,0.672445
primary_strict_point_hn1,1,2522,2522,-0.6764,0.671101
primary_strict_point_hn1,1,2523,2523,-0.698726,0.686043
primary_strict_point_hn1,1,2524,2524,-0.708174,0.621401
primary_strict_point_hn1,1,2525,2525,-0.863471,0.665331
primary_strict_point_hn1,1,2526,2526,-0.772765,0.496997
primary_strict_point_hn1,1,2527,2527,-0.349584,0.471505
primary_strict_point_hn1,1,2528,2528,-0.278253,0.448528
primary_strict_point_hn1,1,2529,2529,-0.934536,0.720624
primary_strict_point_hn1,1,2530,2530,-0.541597,0.63326
primary_strict_point_hn1,1,2531,2531,-0.637065,0.448291
primary_strict_point_hn1,1,2532,2532,-0.468989,0.546403
primary_strict_point_hn1,1,2533,2533,-0.613453,0.5553
primary_strict_point_hn1,1,2534,2534,-0.53893,0.627949
primary_strict_point_hn1,1,2535,2535,-0.736191,0.528732
primary_strict_point_hn1,1,2536,2536,-0.791679,0.541628
primary_strict_point_hn1,1,2537,2537,-0.796614,0.57644
primary_strict_point_hn1,1,2538,2538,-0.693856,0.5305
primary_strict_point_hn1,1,2539,2539,-0.718769,0.577655
primary_strict_point_hn1,1,2540,2540,-0.611675,0.53965
primary_strict_point_hn1,1,2541,2541,-0.749934,0.37917
primary_strict_point_hn1,1,2542,2542,-0.62515,0.454274
primary_strict_point_hn1,1,2543,2543,-0.674527,0.50662
primary_strict_point_hn1,1,2544,2544,-0.529651,0.55758
primary_strict_point_hn1,1,2545,2545,-0.530873,0.523024
primary_strict_point_hn1,1,2546,2546,-0.586294,0.5725
primary_strict_point_hn1,1,2547,2547,-0.492319,0.660171
primary_strict_point_hn1,1,2548,2548,-0.478382,0.686249
primary_strict_point_hn1,1,2549,2549,-0.592277,0.636612
primary_strict_point_hn1,1,2550,2550,-0.417839,0.783719
primary_strict_point_hn1,1,2551,2551,-0.510381,0.727885
primary_strict_point_hn1,1,2552,2552,-0.352039,0.710507
primary_strict_point_hn1,1,2553,2553,-0.272069,0.859293
primary_strict_point_hn1,1,2554,2554,-0.297453,0.749166
primary_strict_point_hn1,1,2555,2555,-0.449084,0.54546
primary_strict_point_hn1,1,2556,2556,-0.670227,0.505838
primary_strict_point_hn1,1,2557,2557,-0.679224,0.455258
primary_strict_point_hn1,1,2558,2558,-0.558287,0.440933
primary_strict_point_hn1,1,2559,2559,-0.569232,0.497496
primary_strict_point_hn1,1,2560,2560,-0.801992,0.652412
primary_strict_point_hn1,1,2561,2561,-0.797387,0.493839
primary_strict_point_hn1,1,2562,2562,-0.874353,0.445533
primary_strict_point_hn1,1,2563,2563,-0.879924,0.417085
primary_strict_point_hn1,1,2564,2564,-0.765143,0.466143
primary_strict_point_hn1,1,2565,2565,-0.804299,0.423175
primary_strict_point_hn1,1,2566,2566,-0.600125,0.425659
primary_strict_point_hn1,1,2567,2567,-0.579118,0.450211
primary_strict_point_hn1,1,2568,2568,-0.557745,0.416265
primary_strict_point_hn1,1,2569,2569,-0.554568,0.654962
primary_strict_point_hn1,1,2570,2570,-0.70227,0.611482
primary_strict_point_hn1,1,2571,2571,-0.658381,0.422333
primary_strict_point_hn1,1,2572,2572,-0.611619,0.495528
primary_strict_point_hn1,1,2573,2573,-0.311184,0.991865
primary_strict_point_hn1,1,2574,2574,-0.274741,0.963875
primary_strict_point_hn1,1,2575,2575,-0.444964,0.554284
primary_strict_point_hn1,1,2576,2576,-0.250157,0.867129
primary_strict_point_hn1,1,2577,2577,-0.208367,0.76324
primary_strict_point_hn1,1,2578,2578,-0.147675,0.757797
primary_strict_point_hn1,1,2579,2579,-0.372821,0.566741
primary_strict_point_hn1,1,2580,2580,-0.385794,0.610612
primary_strict_point_hn1,1,2581,2581,-0.40581,0.546567
primary_strict_point_hn1,1,2582,2582,-0.632493,0.53988
primary_strict_point_hn1,1,2583,2583,-0.619628,0.512559
primary_strict_point_hn1,1,2584,2584,-0.275255,0.55826
primary_strict_point_hn1,1,2585,2585,-0.430214,0.398668
primary_strict_point_hn1,1,2586,2586,-0.340218,0.794336
primary_strict_point_hn1,1,2587,2587,-0.30525,0.80991
primary_strict_point_hn1,1,2588,2588,-0.489802,0.513634
primary_strict_point_hn1,1,2589,2589,-0.465546,0.559728
primary_strict_point_hn1,1,2590,2590,-0.774752,0.383369
primary_strict_point_hn1,1,2591,2591,-0.879358,0.548715
primary_strict_point_hn1,1,2592,2592,-0.749437,0.530174
primary_strict_point_hn1,1,2593,2593,-0.525417,0.382719
primary_strict_point_hn1,1,2594,2594,-0.555967,0.581775
primary_strict_point_hn1,1,2595,2595,-0.986059,0.566499
primary_strict_point_hn1,1,2596,2596,-0.952454,0.374327
primary_strict_point_hn1,1,2597,2597,-0.818049,0.317752
primary_strict_point_hn1,1,2598,2598,-0.556742,1.29958
primary_strict_point_hn1,1,2599,2599,-0.706739,0.99984
primary_strict_point_hn1,1,2600,2600,-0.651405,0.582763
primary_strict_point_hn1,1,2601,2601,-0.556836,0.823914
primary_strict_point_hn1,1,2602,2602,-0.918106,0.677031
primary_strict_point_hn1,1,2603,2603,-0.903118,0.639543
primary_strict_point_hn1,1,2604,2604,-0.7519,0.604222
primary_strict_point_hn1,1,2605,2605,-0.851856,0.607396
primary_strict_point_hn1,1,2606,2606,-0.867463,0.572646
primary_strict_point_hn1,1,2607,2607,-0.717362,0.657906
primary_strict_point_hn1,1,2608,2608,-0.662211,0.688094
primary_strict_point_hn1,1,2609,2609,-0.810774,0.752303
primary_strict_point_hn1,1,2610,2610,-0.552682,0.526491
primary_strict_point_hn1,1,2611,2611,-0.504735,0.445931
primary_strict_point_hn1,1,2612,2612,-0.596692,0.44452
primary_strict_point_hn1,1,2613,2613,-0.688195,0.34004
primary_strict_point_hn1,1,2614,2614,-0.280058,0.482924
primary_strict_point_hn1,1,2615,2615,-0.454855,0.727609
primary_strict_point_hn1,1,2616,2616,-0.45811,0.93357
primary_strict_point_hn1,1,2617,2617,-0.253094,0.847607
primary_strict_point_hn1,1,2618,2618,-0.161874,0.897581
primary_strict_point_hn1,1,2619,2619,-0.755655,0.523365
primary_strict_point_hn1,1,2620,2620,-0.647275,0.4277
primary_strict_point_hn1,1,2621,2621,-0.637432,0.736317
primary_strict_point_hn1,1,2622,2622,-0.685509,0.376337
primary_strict_point_hn1,1,2623,2623,-0.800771,0.555157
primary_strict_point_hn1,1,2624,2624,-0.95906,0.47007
primary_strict_point_hn1,1,2625,2625,-0.666521,0.635091
primary_strict_point_hn1,1,2626,2626,-0.598433,0.726066
primary_strict_point_hn1,1,2627,2627,-0.655075,0.663838
primary_strict_point_hn1,1,2628,2628,-0.509771,0.496765
primary_strict_point_hn1,1,2629,2629,-0.586416,0.550109
primary_strict_point_hn1,1,2630,2630,-0.540812,0.664071
primary_strict_point_hn1,1,2631,2631,-0.662124,0.544491
primary_strict_point_hn1,1,2632,2632,-0.642654,0.470157
primary_strict_point_hn1,1,2633,2633,-0.676781,0.507908
primary_strict_point_hn1,1,2634,2634,-0.519785,0.598979
primary_strict_point_hn1,1,2635,2635,-0.515142,0.494936
primary_strict_point_hn1,1,2636,2636,-0.714352,0.738104
primary_strict_point_hn1,1,2637,2637,-0.901117,0.596839
primary_strict_point_hn1,1,2638,2638,-0.73438,0.490648
primary_strict_point_hn1,1,2639,2639,-0.870003,0.605453
primary_strict_point_hn1,1,2640,2640,-0.970009,0.696297
primary_strict_point_hn1,1,2641,2641,-0.967386,0.759539
primary_strict_point_hn1,1,2642,2642,-0.91349,0.660283
primary_strict_point_hn1,1,2643,2643,-0.49367,0.426466
primary_strict_point_hn1,1,2644,2644,-0.499042,0.444007
primary_strict_point_hn1,1,2645,2645,-0.65602,0.522252
primary_strict_point_hn1,1,2646,2646,-0.616788,0.523866
primary_strict_point_hn1,1,2647,2647,-0.754753,0.452327
primary_strict_point_hn1,1,2648,2648,-0.83866,0.434191
primary_strict_point_hn1,1,2649,2649,-0.701644,0.388727
primary_strict_point_hn1,1,2650,2650,-0.660646,0.49756
primary_strict_point_hn1,1,2651,2651,-0.631501,0.502519
primary_strict_point_hn1,1,2652,2652,-0.570006,0.544879
primary_strict_point_hn1,1,2653,2653,-0.806441,0.534603
primary_strict_point_hn1,1,2654,2654,-0.51614,0.721226
primary_strict_point_hn1,1,2655,2655,-0.417053,0.807596
primary_strict_point_hn1,1,2656,2656,-0.659518,0.848894
primary_strict_point_hn1,1,2657,2657,-0.670338,0.817384
primary_strict_point_hn1,1,2658,2658,-0.734912,0.942271
primary_strict_point_hn1,1,2659,2659,-0.695062,0.7986
primary_strict_point_hn1,1,2660,2660,-0.694777,0.688996
primary_strict_point_hn1,1,2661,2661,-0.836394,0.9882
primary_strict_point_hn1,1,2662,2662,-0.814381,0.728787
primary_strict_point_hn1,1,2663,2663,-0.448203,0.558149
primary_strict_point_hn1,1,2664,2664,-0.405083,0.83769
primary_strict_point_hn1,1,2665,2665,-0.62089,0.998984
primary_strict_point_hn1,1,2666,2666,-0.623826,0.985712
primary_strict_point_hn1,1,2667,2667,-0.537484,1.09067
primary_strict_point_hn1,1,2668,2668,-0.39014,0.955551
primary_strict_point_hn1,1,2669,2669,-0.407158,0.871474
primary_strict_point_hn1,1,2670,2670,-0.405358,0.873479
primary_strict_point_hn1,1,2671,2671,-0.516316,1.05936
primary_strict_point_hn1,1,2672,2672,-0.214984,1.15586
primary_strict_point_hn1,1,2673,2673,-0.253568,0.963264
primary_strict_point_hn1,1,2674,2674,-0.311006,0.796037
primary_strict_point_hn1,1,2675,2675,-0.234837,0.789928
primary_strict_point_hn1,1,2676,2676,-0.17402,0.961432
primary_strict_point_hn1,1,2677,2677,-0.103955,0.947043
primary_strict_point_hn1,1,2678,2678,-0.326122,0.590264
primary_strict_point_hn1,1,2679,2679,-0.236741,0.711363
primary_strict_point_hn1,1,2680,2680,-0.890756,0.698449
primary_strict_point_hn1,1,2681,2681,-0.433572,0.750658
primary_strict_point_hn1,1,2682,2682,-0.521559,0.604958
primary_strict_point_hn1,1,2683,2683,-0.590087,0.926749
primary_strict_point_hn1,1,2684,2684,-0.454109,0.656488
primary_strict_point_hn1,1,2685,2685,-0.564068,0.440966
primary_strict_point_hn1,1,2686,2686,-0.728035,0.853874
primary_strict_point_hn1,1,2687,2687,-0.691561,0.782842
primary_strict_point_hn1,1,2688,2688,-0.795805,0.756961
primary_strict_point_hn1,1,2689,2689,-0.694363,0.602802
primary_strict_point_hn1,1,2690,2690,-0.795412,0.52513
primary_strict_point_hn1,1,2691,2691,-0.719939,0.523947
primary_strict_point_hn1,1,2692,2692,-0.716361,0.745493
primary_strict_point_hn1,1,2693,2693,-0.50169299999999994,0.444563
primary_strict_point_hn1,1,2694,2694,-0.552119,0.58917
primary_strict_point_hn1,1,2695,2695,-0.662609,0.585209
primary_strict_point_hn1,1,2696,2696,-0.277979,0.565187
primary_strict_point_hn1,1,2697,2697,-0.241018,0.545427
primary_strict_point_hn1,1,2698,2698,-0.355375,0.485965
primary_strict_point_hn1,1,2699,2699,-0.779426,0.464235
primary_strict_point_hn1,1,2700,2700,-0.711098,0.436726
primary_strict_point_hn1,1,2701,2701,-0.758132,0.431076
primary_strict_point_hn1,1,2702,2702,-0.939921,0.599222
primary_strict_point_hn1,1,2703,2703,-0.961344,0.627265
primary_strict_point_hn1,1,2704,2704,-1.01505,0.615803
primary_strict_point_hn1,1,2705,2705,-0.919278,0.76003
primary_strict_point_hn1,1,2706,2706,-0.963145,0.828611
primary_strict_point_hn1,1,2707,2707,-1.04406,1.07274
primary_strict_point_hn1,1,2708,2708,-1.02878,0.762949
primary_strict_point_hn1,1,2709,2709,-1.13732,0.810344
primary_strict_point_hn1,1,2710,2710,-1.06086,0.830162
primary_strict_point_hn1,1,2711,2711,-0.846647,0.5779
primary_strict_point_hn1,1,2712,2712,-0.502404,0.629075
primary_strict_point_hn1,1,2713,2713,-0.456213,0.39001
primary_strict_point_hn1,1,2714,2714,-0.618549,0.358351
primary_strict_point_hn1,1,2715,2715,-0.866654,0.92972
primary_strict_point_hn1,1,2716,2716,-0.837071,0.767401
primary_strict_point_hn1,1,2717,2717,-0.751987,0.83796
primary_strict_point_hn1,1,2718,2718,-0.66053,0.67938
primary_strict_point_hn1,1,2719,2719,-0.867126,0.545619
primary_strict_point_hn1,1,2720,2720,-0.915456,0.563726
primary_strict_point_hn1,1,2721,2721,-0.743429,0.601598
primary_strict_point_hn1,1,2722,2722,-0.965468,0.672936
primary_strict_point_hn1,1,2723,2723,-0.862012,0.544388
primary_strict_point_hn1,1,2724,2724,-0.809595,0.666346
primary_strict_point_hn1,1,2725,2725,-0.639226,0.513998
primary_strict_point_hn1,1,2726,2726,-0.944072,0.659318
primary_strict_point_hn1,1,2727,2727,-0.682553,0.477082
primary_strict_point_hn1,1,2728,2728,-0.791402,0.539372
primary_strict_point_hn1,1,2729,2729,-0.71897200000000006,0.49093
primary_strict_point_hn1,1,2730,2730,-0.780716,0.379419
primary_strict_point_hn1,1,2731,2731,-0.625356,0.374873
primary_strict_point_hn1,1,2732,2732,-0.52519,0.57735
primary_strict_point_hn1,1,2733,2733,-0.374679,0.729302
primary_strict_point_hn1,1,2734,2734,-0.648855,0.534821
primary_strict_point_hn1,1,2735,2735,-0.632233,0.555457
primary_strict_point_hn1,1,2736,2736,-0.494548,0.673558
primary_strict_point_hn1,1,2737,2737,-0.565439,0.681582
primary_strict_point_hn1,1,2738,2738,-0.538274,0.50978
primary_strict_point_hn1,1,2739,2739,-0.760124,0.448806
primary_strict_point_hn1,1,2740,2740,-0.562192,0.595962
primary_strict_point_hn1,1,2741,2741,-0.621188,0.643286
primary_strict_point_hn1,1,2742,2742,-0.517953,0.48381
primary_strict_point_hn1,1,2743,2743,-0.559465,0.594648
primary_strict_point_hn1,1,2744,2744,-0.617322,0.59322
primary_strict_point_hn1,1,2745,2745,-0.539361,0.628744
primary_strict_point_hn1,1,2746,2746,-0.906949,0.57915
primary_strict_point_hn1,1,2747,2747,-1.14865,0.536916
primary_strict_point_hn1,1,2748,2748,-1.04803,0.560077
primary_strict_point_hn1,1,2749,2749,-1.04344,0.580832
primary_strict_point_hn1,1,2750,2750,-0.978476,0.725524
primary_strict_point_hn1,1,2751,2751,-1.2553,0.725701
primary_strict_point_hn1,1,2752,2752,-0.69495,0.574417
primary_strict_point_hn1,1,2753,2753,-0.536059,0.563347
primary_strict_point_hn1,1,2754,2754,-0.445985,0.648234
primary_strict_point_hn1,1,2755,2755,-0.615471,0.526205
primary_strict_point_hn1,1,2756,2756,-0.581507,0.548394
primary_strict_point_hn1,1,2757,2757,-0.595943,0.56208
primary_strict_point_hn1,1,2758,2758,-0.753949,0.428319
primary_strict_point_hn1,1,2759,2759,-0.788949,0.448718
primary_strict_point_hn1,1,2760,2760,-0.51092,0.472837
primary_strict_point_hn1,1,2761,2761,-0.636839,0.501582
primary_strict_point_hn1,1,2762,2762,-0.51653,0.461744
primary_strict_point_hn1,1,2763,2763,-0.533265,0.393338
primary_strict_point_hn1,1,2764,2764,-0.781269,0.884931
primary_strict_point_hn1,1,2765,2765,-0.779541,0.624763
primary_strict_point_hn1,1,2766,2766,-0.666732,0.690382
primary_strict_point_hn1,1,2767,2767,-0.6662,0.574184
primary_strict_point_hn1,1,2768,2768,-0.542721,0.435363
primary_strict_point_hn1,1,2769,2769,-0.443811,0.436803
primary_strict_point_hn1,1,2770,2770,-0.523845,0.410162
primary_strict_point_hn1,1,2771,2771,-0.500972,0.464334
primary_strict_point_hn1,1,2772,2772,-0.45694,0.462999
primary_strict_point_hn1,1,2773,2773,-0.897475,0.592398
primary_strict_point_hn1,1,2774,2774,-0.59504,0.817255
primary_strict_point_hn1,1,2775,2775,-0.46393,0.633739
primary_strict_point_hn1,1,2776,2776,-0.448003,0.641405
primary_strict_point_hn1,1,2777,2777,-0.597006,0.674111
primary_strict_point_hn1,1,2778,2778,-0.521301,0.545897
primary_strict_point_hn1,1,2779,2779,-0.887387,0.779799
primary_strict_point_hn1,1,2780,2780,-0.715222,0.522102
primary_strict_point_hn1,1,2781,2781,-0.565107,0.542282
primary_strict_point_hn1,1,2782,2782,-0.463969,0.979825
primary_strict_point_hn1,1,2783,2783,-0.461884,0.948157
primary_strict_point_hn1,1,2784,2784,-0.351943,1.00246
primary_strict_point_hn1,1,2785,2785,-0.294404,0.519922
primary_strict_point_hn1,1,2786,2786,-0.315609,0.997096
primary_strict_point_hn1,1,2787,2787,-0.798594,0.636761
primary_strict_point_hn1,1,2788,2788,-0.558581,0.828733
primary_strict_point_hn1,1,2789,2789,-0.452229,0.591085
primary_strict_point_hn1,1,2790,2790,-0.411885,0.741935
primary_strict_point_hn1,1,2791,2791,-0.8031,0.395078
primary_strict_point_hn1,1,2792,2792,-0.733531,0.576732
primary_strict_point_hn1,1,2793,2793,-0.852345,0.516305
primary_strict_point_hn1,1,2794,2794,-0.803641,0.585418
primary_strict_point_hn1,1,2795,2795,-0.795492,0.377287
primary_strict_point_hn1,1,2796,2796,-0.71369,0.488426
primary_strict_point_hn1,1,2797,2797,-0.882338,0.511597
primary_strict_point_hn1,1,2798,2798,-0.351621,0.678188
primary_strict_point_hn1,1,2799,2799,-0.443779,0.694093
primary_strict_point_hn1,1,2800,2800,-0.722357,1.05809
primary_strict_point_hn1,1,2801,2801,-0.326932,0.893559
primary_strict_point_hn1,1,2802,2802,-0.0449801,0.762127
primary_strict_point_hn1,1,2803,2803,0.0140181,0.983232
primary_strict_point_hn1,1,2804,2804,0.341769,1.10459
primary_strict_point_hn1,1,2805,2805,0.194325,1.17995
primary_strict_point_hn1,1,2806,2806,0.260781,1.2051
primary_strict_point_hn1,1,2807,2807,0.344605,1.21385
primary_strict_point_hn1,1,2808,2808,0.246423,1.13731
primary_strict_point_hn1,1,2809,2809,0.181699,1.20451
primary_strict_point_hn1,1,2810,2810,0.188267,1.1027
primary_strict_point_hn1,1,2811,2811,-0.190006,0.980358
primary_strict_point_hn1,1,2812,2812,-0.195498,0.843518
primary_strict_point_hn1,1,2813,2813,-0.223268,0.88385
primary_strict_point_hn1,1,2814,2814,-0.247667,0.889232
primary_strict_point_hn1,1,2815,2815,-0.116693,0.939877
primary_strict_point_hn1,1,2816,2816,0.0610502,1.17803
primary_strict_point_hn1,1,2817,2817,-0.44152,0.736218
primary_strict_point_hn1,1,2818,2818,-0.692624,1.45683
primary_strict_point_hn1,1,2819,2819,-0.856653,0.796512
primary_strict_point_hn1,1,2820,2820,-0.960183,0.730209
primary_strict_point_hn1,1,2821,2821,-1.0262,0.695729
primary_strict_point_hn1,1,2822,2822,-0.882654,0.579379
primary_strict_point_hn1,1,2823,2823,-0.442217,0.478629
primary_strict_point_hn1,1,2824,2824,-0.85886,0.745837
primary_strict_point_hn1,1,2825,2825,-0.826727,0.77863
primary_strict_point_hn1,1,2826,2826,-0.694871,0.727082
primary_strict_point_hn1,1,2827,2827,-0.778419,0.572384
primary_strict_point_hn1,1,2828,2828,-0.534021,0.643321
primary_strict_point_hn1,1,2829,2829,-0.531269,0.431802
primary_strict_point_hn1,1,2830,2830,-0.549749,0.428125
primary_strict_point_hn1,1,2831,2831,-0.720635,0.470052
primary_strict_point_hn1,1,2832,2832,-0.829145,0.772015
primary_strict_point_hn1,1,2833,2833,-0.851137,0.83119
primary_strict_point_hn1,1,2834,2834,-0.721883,0.807928
primary_strict_point_hn1,1,2835,2835,-0.719032,0.806448
primary_strict_point_hn1,1,2836,2836,-0.699984,0.720418
primary_strict_point_hn1,1,2837,2837,-0.575164,0.623954
primary_strict_point_hn1,1,2838,2838,-0.508378,0.44782
primary_strict_point_hn1,1,2839,2839,-0.651306,0.444634
primary_strict_point_hn1,1,2840,2840,-0.683235,0.384065
primary_strict_point_hn1,1,2841,2841,-0.822836,0.335174
primary_strict_point_hn1,1,2842,2842,-0.446599,0.523823
primary_strict_point_hn1,1,2843,2843,-0.559842,0.45571
primary_strict_point_hn1,1,2844,2844,-0.846255,0.460634
primary_strict_point_hn1,1,2845,2845,-0.607938,0.449711
primary_strict_point_hn1,1,2846,2846,-0.674308,0.370621
primary_strict_point_hn1,1,2847,2847,-0.511121,0.454184
primary_strict_point_hn1,1,2848,2848,-0.901414,0.462251
primary_strict_point_hn1,1,2849,2849,-0.770067,0.39204
primary_strict_point_hn1,1,2850,2850,-0.898967,0.453913
primary_strict_point_hn1,1,2851,2851,-0.932382,0.503997
primary_strict_point_hn1,1,2852,2852,-0.963321,0.50439
primary_strict_point_hn1,1,2853,2853,-0.760586,0.643997
primary_strict_point_hn1,1,2854,2854,-1.00434,0.659448
primary_strict_point_hn1,1,2855,2855,-0.936977,0.650636
primary_strict_point_hn1,1,2856,2856,-0.689932,0.468525
primary_strict_point_hn1,1,2857,2857,-0.800335,0.505787
primary_strict_point_hn1,1,2858,2858,-0.802128,0.650604
primary_strict_point_hn1,1,2859,2859,-0.85475,0.591078
primary_strict_point_hn1,1,2860,2860,-0.853345,0.561621
primary_strict_point_hn1,1,2861,2861,-0.828362,0.575376
primary_strict_point_hn1,1,2862,2862,-0.626452,0.506405
primary_strict_point_hn1,1,2863,2863,-0.888832,0.739521
primary_strict_point_hn1,1,2864,2864,-0.708554,0.498404
primary_strict_point_hn1,1,2865,2865,-0.953802,0.619262
primary_strict_point_hn1,1,2866,2866,-0.760209,0.548446
primary_strict_point_hn1,1,2867,2867,-0.875503,0.674624
primary_strict_point_hn1,1,2868,2868,-0.835434,0.644103
primary_strict_point_hn1,1,2869,2869,-0.851507,0.766389
primary_strict_point_hn1,1,2870,2870,-0.702222,0.565638
primary_strict_point_hn1,1,2871,2871,-0.656434,0.554142
primary_strict_point_hn1,1,2872,2872,-0.558246,0.709023
primary_strict_point_hn1,1,2873,2873,-1.0166,0.594922
primary_strict_point_hn1,1,2874,2874,-1.07763,0.625329
primary_strict_point_hn1,1,2875,2875,-0.968981,0.610205
primary_strict_point_hn1,1,2876,2876,-1.09422,0.748916
primary_strict_point_hn1,1,2877,2877,-0.971977,0.665265
primary_strict_point_hn1,1,2878,2878,-0.704644,0.46081
primary_strict_point_hn1,1,2879,2879,-0.72895,0.530309
primary_strict_point_hn1,1,2880,2880,-0.806684,0.575014
primary_strict_point_hn1,1,2881,2881,-0.579678,0.551013
primary_strict_point_hn1,1,2882,2882,-0.552778,0.488095
primary_strict_point_hn1,1,2883,2883,-0.6092,0.410381
primary_strict_point_hn1,1,2884,2884,-0.65544,0.622189
primary_strict_point_hn1,1,2885,2885,-0.585246,0.724257
primary_strict_point_hn1,1,2886,2886,-0.599583,0.60835
primary_strict_point_hn1,1,2887,2887,-0.604672,0.554779
primary_strict_point_hn1,1,2888,2888,-0.714811,0.703222
primary_strict_point_hn1,1,2889,2889,-0.686901,0.817912
primary_strict_point_hn1,1,2890,2890,-0.647035,0.713878
primary_strict_point_hn1,1,2891,2891,-0.542989,0.583176
primary_strict_point_hn1,1,2892,2892,-0.437023,0.592165
primary_strict_point_hn1,1,2893,2893,-0.423489,0.760253
primary_strict_point_hn1,1,2894,2894,-0.454371,0.697382
primary_strict_point_hn1,1,2895,2895,-0.808233,0.358997
primary_strict_point_hn1,1,2896,2896,-0.635801,0.240158
primary_strict_point_hn1,1,2897,2897,-0.724655,0.412619
primary_strict_point_hn1,1,2898,2898,-0.722392,0.636002
primary_strict_point_hn1,1,2899,2899,-0.669879,0.670001
primary_strict_point_hn1,1,2900,2900,-0.368486,0.616526
primary_strict_point_hn1,1,2901,2901,-0.520705,0.399817
primary_strict_point_hn1,1,2902,2902,-0.408585,0.604964
primary_strict_point_hn1,1,2903,2903,-0.508594,0.488488
primary_strict_point_hn1,1,2904,2904,-0.646196,0.489412
primary_strict_point_hn1,1,2905,2905,-0.692029,0.499996
primary_strict_point_hn1,1,2906,2906,-0.802096,0.39217
primary_strict_point_hn1,1,2907,2907,-0.666572,0.400165
primary_strict_point_hn1,1,2908,2908,-0.712894,0.482227
primary_strict_point_hn1,1,2909,2909,-0.525538,0.550759
primary_strict_point_hn1,1,2910,2910,-0.709119,0.4809
primary_strict_point_hn1,1,2911,2911,-0.677709,0.458353
primary_strict_point_hn1,1,2912,2912,-0.600515,0.501991
primary_strict_point_hn1,1,2913,2913,-0.622299,0.502692
primary_strict_point_hn1,1,2914,2914,-0.880952,0.761455
primary_strict_point_hn1,1,2915,2915,-0.862726,0.548901
primary_strict_point_hn1,1,2916,2916,-0.771129,0.592817
primary_strict_point_hn1,1,2917,2917,-1.01755,0.451265
primary_strict_point_hn1,1,2918,2918,-1.00198,0.758393
primary_strict_point_hn1,1,2919,2919,-1.12135,0.592013
primary_strict_point_hn1,1,2920,2920,-1.18017,0.670003
primary_strict_point_hn1,1,2921,2921,-1.13157,0.718082
primary_strict_point_hn1,1,2922,2922,-0.992835,0.667059
primary_strict_point_hn1,1,2923,2923,-0.837373,0.560301
primary_strict_point_hn1,1,2924,2924,-0.6398,0.446842
primary_strict_point_hn1,1,2925,2925,-0.683011,0.480184
primary_strict_point_hn1,1,2926,2926,-0.661407,0.537548
primary_strict_point_hn1,1,2927,2927,-0.575691,0.608593
primary_strict_point_hn1,1,2928,2928,-0.599842,0.572002
primary_strict_point_hn1,1,2929,2929,-0.443873,0.39832
primary_strict_point_hn1,1,2930,2930,-0.319495,0.45855
primary_strict_point_hn1,1,2931,2931,-0.483254,0.392982
primary_strict_point_hn1,1,2932,2932,-0.309755,0.598903
primary_strict_point_hn1,1,2933,2933,-0.573412,0.674597
primary_strict_point_hn1,1,2934,2934,-0.45982,0.620659
primary_strict_point_hn1,1,2935,2935,-0.468386,0.60484
primary_strict_point_hn1,1,2936,2936,-0.44303,0.576064
primary_strict_point_hn1,1,2937,2937,-0.595977,0.473026
primary_strict_point_hn1,1,2938,2938,-0.50615,0.634843
primary_strict_point_hn1,1,2939,2939,-0.58228,0.573595
primary_strict_point_hn1,1,2940,2940,-0.422218,0.533935
primary_strict_point_hn1,1,2941,2941,-0.81413,0.40424
primary_strict_point_hn1,1,2942,2942,-0.609306,0.508171
primary_strict_point_hn1,1,2943,2943,-0.731965,0.33952
primary_strict_point_hn1,1,2944,2944,-0.552253,0.446607
primary_strict_point_hn1,1,2945,2945,-0.626923,0.460343
primary_strict_point_hn1,1,2946,2946,-0.525432,0.436525
primary_strict_point_hn1,1,2947,2947,-0.443841,0.67961800000000006
primary_strict_point_hn1,1,2948,2948,-0.29126,0.694878
primary_strict_point_hn1,1,2949,2949,-0.828745,0.510932
primary_strict_point_hn1,1,2950,2950,-0.679554,0.558708
primary_strict_point_hn1,1,2951,2951,-0.666374,0.605659
primary_strict_point_hn1,1,2952,2952,-0.690193,0.579088
primary_strict_point_hn1,1,2953,2953,-0.769552,0.577213
primary_strict_point_hn1,1,2954,2954,-0.846499,0.762396
primary_strict_point_hn1,1,2955,2955,-0.988035,0.964033
primary_strict_point_hn1,1,2956,2956,-0.950702,0.814077
primary_strict_point_hn1,1,2957,2957,-0.858081,0.832433
primary_strict_point_hn1,1,2958,2958,-1.00618,0.798137
primary_strict_point_hn1,1,2959,2959,-0.931149,0.850604
primary_strict_point_hn1,1,2960,2960,-0.849914,0.686981
primary_strict_point_hn1,1,2961,2961,-0.710436,0.637531
primary_strict_point_hn1,1,2962,2962,-0.752239,0.570767
primary_strict_point_hn1,1,2963,2963,-0.609413,0.816657
primary_strict_point_hn1,1,2964,2964,-0.635979,0.760858
primary_strict_point_hn1,1,2965,2965,-0.87744,0.739072
primary_strict_point_hn1,1,2966,2966,-0.793648,0.748066
primary_strict_point_hn1,1,2967,2967,-0.648247,0.407396
primary_strict_point_hn1,1,2968,2968,-0.475215,0.415264
primary_strict_point_hn1,1,2969,2969,-0.578227,0.449092
primary_strict_point_hn1,1,2970,2970,-0.625898,0.383697
primary_strict_point_hn1,1,2971,2971,-0.537457,0.434772
primary_strict_point_hn1,1,2972,2972,-0.666693,0.553191
primary_strict_point_hn1,1,2973,2973,-0.526153,0.672558
primary_strict_point_hn1,1,2974,2974,-0.575565,0.52795
primary_strict_point_hn1,1,2975,2975,-0.563113,0.504963
primary_strict_point_hn1,1,2976,2976,-0.771575,0.603712
primary_strict_point_hn1,1,2977,2977,-0.620795,0.781187
primary_strict_point_hn1,1,2978,2978,-0.781093,0.705004
primary_strict_point_hn1,1,2979,2979,-0.45625,0.609886
primary_strict_point_hn1,1,2980,2980,-0.682437,0.582696
primary_strict_point_hn1,1,2981,2981,-0.611048,0.648882
primary_strict_point_hn1,1,2982,2982,-0.65449,0.51128
primary_strict_point_hn1,1,2983,2983,-0.509432,0.466202
primary_strict_point_hn1,1,2984,2984,-1.00782,0.634217
primary_strict_point_hn1,1,2985,2985,-1.04051,0.458664
primary_strict_point_hn1,1,2986,2986,-0.980577,0.438491
primary_strict_point_hn1,1,2987,2987,-1.05535,0.673644
primary_strict_point_hn1,1,2988,2988,-0.635083,0.452127
primary_strict_point_hn1,1,2989,2989,-0.432397,0.373889
primary_strict_point_hn1,1,2990,2990,-0.396911,0.553182
primary_strict_point_hn1,1,2991,2991,-0.433556,0.540522
primary_strict_point_hn1,1,2992,2992,-0.565746,1.11864
primary_strict_point_hn1,1,2993,2993,-0.565019,0.867262
primary_strict_point_hn1,1,2994,2994,-0.680689,0.563216
primary_strict_point_hn1,1,2995,2995,-0.45414,0.490842
primary_strict_point_hn1,1,2996,2996,-0.627899,0.572704
primary_strict_point_hn1,1,2997,2997,-0.653919,0.352316
primary_strict_point_hn1,1,2998,2998,-0.587224,0.45866
primary_strict_point_hn1,1,2999,2999,-0.460099,0.448948
primary_strict_point_hn1,1,3000,3000,-0.523835,0.551166
primary_strict_point_hn1,1,3001,3001,-0.654435,0.604946
primary_strict_point_hn1,1,3002,3002,-0.595956,0.439934
primary_strict_point_hn1,1,3003,3003,-0.779921,0.839905
primary_strict_point_hn1,1,3004,3004,-0.848758,0.75268
primary_strict_point_hn1,1,3005,3005,-0.766508,0.587356
primary_strict_point_hn1,1,3006,3006,-0.727539,0.451118
primary_strict_point_hn1,1,3007,3007,-0.911903,0.397384
primary_strict_point_hn1,1,3008,3008,-0.707455,0.57268
primary_strict_point_hn1,1,3009,3009,-0.591506,0.496274
primary_strict_point_hn1,1,3010,3010,-0.532228,0.432207
primary_strict_point_hn1,1,3011,3011,-0.726774,0.552762
primary_strict_point_hn1,1,3012,3012,-1.21901,0.844139
primary_strict_point_hn1,1,3013,3013,-0.997804,0.676306
primary_strict_point_hn1,1,3014,3014,-0.809663,0.691925
primary_strict_point_hn1,1,3015,3015,-0.822418,0.495022
primary_strict_point_hn1,1,3016,3016,-0.727455,0.602116
primary_strict_point_hn1,1,3017,3017,-0.840046,0.562218
primary_strict_point_hn1,1,3018,3018,-0.928997,0.593663
primary_strict_point_hn1,1,3019,3019,-0.45272,0.825258
primary_strict_point_hn1,1,3020,3020,-0.140351,0.862553
primary_strict_point_hn1,1,3021,3021,-0.421194,0.794189
primary_strict_point_hn1,1,3022,3022,-0.237674,0.699726
primary_strict_point_hn1,1,3023,3023,-0.425881,0.626312
primary_strict_point_hn1,1,3024,3024,-0.51959,0.521172
primary_strict_point_hn1,1,3025,3025,-0.651356,0.566949
primary_strict_point_hn1,1,3026,3026,-0.766724,0.763983
primary_strict_point_hn1,1,3027,3027,-0.938666,0.801994
primary_strict_point_hn1,1,3028,3028,-0.698169,0.830143
primary_strict_point_hn1,1,3029,3029,-0.803838,0.83126
primary_strict_point_hn1,1,3030,3030,-0.946466,0.818892
primary_strict_point_hn1,1,3031,3031,-0.965973,0.508209
primary_strict_point_hn1,1,3032,3032,-0.854855,0.518007
primary_strict_point_hn1,1,3033,3033,-0.909323,0.512045
primary_strict_point_hn1,1,3034,3034,-0.637041,0.717691
primary_strict_point_hn1,1,3035,3035,-0.688586,0.682028
primary_strict_point_hn1,1,3036,3036,-0.586714,0.674307
primary_strict_point_hn1,1,3037,3037,-0.576802,0.544768
primary_strict_point_hn1,1,3038,3038,-0.417705,0.65637
primary_strict_point_hn1,1,3039,3039,-0.680843,0.744424
primary_strict_point_hn1,1,3040,3040,-0.730358,0.537395
primary_strict_point_hn1,1,3041,3041,-0.479884,0.58752
primary_strict_point_hn1,1,3042,3042,-0.486564,0.625386
primary_strict_point_hn1,1,3043,3043,-0.245366,1.01914
primary_strict_point_hn1,1,3044,3044,-0.407586,0.729323
primary_strict_point_hn1,1,3045,3045,-0.226331,1.01824
primary_strict_point_hn1,1,3046,3046,-0.218744,1.15819
primary_strict_point_hn1,1,3047,3047,-0.320282,0.917837
primary_strict_point_hn1,1,3048,3048,-0.96508,0.671327
primary_strict_point_hn1,1,3049,3049,-0.954109,0.65708
primary_strict_point_hn1,1,3050,3050,-0.929864,0.737446
primary_strict_point_hn1,1,3051,3051,-0.90028,0.93537
primary_strict_point_hn1,1,3052,3052,-0.970593,0.785297
primary_strict_point_hn1,1,3053,3053,-0.951946,0.833107
primary_strict_point_hn1,1,3054,3054,-0.899651,0.765986
primary_strict_point_hn1,1,3055,3055,-0.828313,0.660912
primary_strict_point_hn1,1,3056,3056,-0.417043,0.725792
primary_strict_point_hn1,1,3057,3057,-0.518538,0.695315
primary_strict_point_hn1,1,3058,3058,-0.506558,0.822103
primary_strict_point_hn1,1,3059,3059,-0.549591,1.27461
primary_strict_point_hn1,1,3060,3060,-0.445877,0.530405
primary_strict_point_hn1,1,3061,3061,-0.407635,0.523282
primary_strict_point_hn1,1,3062,3062,-0.584702,0.667474
primary_strict_point_hn1,1,3063,3063,-0.685716,0.744788
primary_strict_point_hn1,1,3064,3064,-0.756148,0.818171
primary_strict_point_hn1,1,3065,3065,-0.777779,0.517107
primary_strict_point_hn1,1,3066,3066,-0.344577,0.798327
primary_strict_point_hn1,1,3067,3067,-0.293331,0.823873
primary_strict_point_hn1,1,3068,3068,-0.305141,0.710244
primary_strict_point_hn1,1,3069,3069,-0.415763,0.741225
primary_strict_point_hn1,1,3070,3070,-0.746787,0.707107
primary_strict_point_hn1,1,3071,3071,-0.655911,0.72765
primary_strict_point_hn1,1,3072,3072,-0.706879,0.610223
primary_strict_point_hn1,1,3073,3073,-0.732462,0.552254
primary_strict_point_hn1,1,3074,3074,-0.654604,0.377752
primary_strict_point_hn1,1,3075,3075,-0.794504,0.564102
primary_strict_point_hn1,1,3076,3076,-0.606864,0.439176
primary_strict_point_hn1,1,3077,3077,-0.601249,0.365597
primary_strict_point_hn1,1,3078,3078,-0.513008,0.520993
primary_strict_point_hn1,1,3079,3079,-0.551444,0.332045
primary_strict_point_hn1,1,3080,3080,-0.580082,0.472382
primary_strict_point_hn1,1,3081,3081,-0.890563,0.395211
primary_strict_point_hn1,1,3082,3082,-0.883509,0.388401
primary_strict_point_hn1,1,3083,3083,-0.62637,0.564581
primary_strict_point_hn1,1,3084,3084,-0.603241,0.413984
primary_strict_point_hn1,1,3085,3085,-0.485818,0.469019
primary_strict_point_hn1,1,3086,3086,-0.598103,0.554503
primary_strict_point_hn1,1,3087,3087,-0.499083,0.55137
primary_strict_point_hn1,1,3088,3088,-0.500959,0.718172
primary_strict_point_hn1,1,3089,3089,-0.638513,0.540923
primary_strict_point_hn1,1,3090,3090,-0.786113,0.4502
primary_strict_point_hn1,1,3091,3091,-0.462269,0.614825
primary_strict_point_hn1,1,3092,3092,-0.575569,0.446367
primary_strict_point_hn1,1,3093,3093,-1.20913,0.76437600000000006
primary_strict_point_hn1,1,3094,3094,-1.15225,0.536637
primary_strict_point_hn1,1,3095,3095,-1.18212,0.484661
primary_strict_point_hn1,1,3096,3096,-1.1324,0.571258
primary_strict_point_hn1,1,3097,3097,-1.00564,0.798638
primary_strict_point_hn1,1,3098,3098,-0.867046,0.378125
primary_strict_point_hn1,1,3099,3099,-0.839192,0.381211
primary_strict_point_hn1,1,3100,3100,-0.916222,0.294815
primary_strict_point_hn1,1,3101,3101,-0.748909,0.331901
primary_strict_point_hn1,1,3102,3102,-0.700619,0.477558
primary_strict_point_hn1,1,3103,3103,-0.546592,0.316366
primary_strict_point_hn1,1,3104,3104,-0.70316,0.385442
primary_strict_point_hn1,1,3105,3105,-0.85413,0.520944
primary_strict_point_hn1,1,3106,3106,-0.614808,0.317928
primary_strict_point_hn1,1,3107,3107,-0.620842,0.555609
primary_strict_point_hn1,1,3108,3108,-0.623207,0.403187
primary_strict_point_hn1,1,3109,3109,-0.687153,0.322051
primary_strict_point_hn1,1,3110,3110,-0.685239,0.458086
primary_strict_point_hn1,1,3111,3111,-0.763055,0.523098
primary_strict_point_hn1,1,3112,3112,-0.896486,0.46342
primary_strict_point_hn1,1,3113,3113,-0.71904,0.504366
primary_strict_point_hn1,1,3114,3114,-0.818954,0.520564
primary_strict_point_hn1,1,3115,3115,-0.930236,0.33403
primary_strict_point_hn1,1,3116,3116,-0.698177,0.421402
primary_strict_point_hn1,1,3117,3117,-0.901624,0.526466
primary_strict_point_hn1,1,3118,3118,-0.837163,0.42858
primary_strict_point_hn1,1,3119,3119,-0.822074,0.458139
primary_strict_point_hn1,1,3120,3120,-0.621523,0.722272
primary_strict_point_hn1,1,3121,3121,-0.64776,0.371805
primary_strict_point_hn1,1,3122,3122,-0.645949,0.414417
primary_strict_point_hn1,1,3123,3123,-0.784179,0.510419
primary_strict_point_hn1,1,3124,3124,-0.899282,0.536152
primary_strict_point_hn1,1,3125,3125,-0.558971,0.651204
primary_strict_point_hn1,1,3126,3126,-0.594683,0.689043
primary_strict_point_hn1,1,3127,3127,-0.70198,0.782577
primary_strict_point_hn1,1,3128,3128,-0.719733,0.41347
primary_strict_point_hn1,1,3129,3129,-0.744922,0.544953
primary_strict_point_hn1,1,3130,3130,-0.836686,0.70565
primary_strict_point_hn1,1,3131,3131,-0.639751,0.703555
primary_strict_point_hn1,1,3132,3132,-0.682596,0.697829
primary_strict_point_hn1,1,3133,3133,-0.836728,0.754669
primary_strict_point_hn1,1,3134,3134,-0.750344,0.560136
primary_strict_point_hn1,1,3135,3135,-0.711047,0.668882
primary_strict_point_hn1,1,3136,3136,-0.665876,0.431345
primary_strict_point_hn1,1,3137,3137,-0.788061,0.680456
primary_strict_point_hn1,1,3138,3138,-0.783254,0.610321
primary_strict_point_hn1,1,3139,3139,-0.741531,0.531854
primary_strict_point_hn1,1,3140,3140,-0.985899,0.54421
primary_strict_point_hn1,1,3141,3141,-0.938859,0.619978
primary_strict_point_hn1,1,3142,3142,-0.971327,0.540337
primary_strict_point_hn1,1,3143,3143,-0.93607,0.623049
primary_strict_point_hn1,1,3144,3144,-0.831303,0.47598
primary_strict_point_hn1,1,3145,3145,-0.78448,0.54363
primary_strict_point_hn1,1,3146,3146,-0.862315,0.504
primary_strict_point_hn1,1,3147,3147,-0.907819,0.520525
primary_strict_point_hn1,1,3148,3148,-0.995243,0.521654
primary_strict_point_hn1,1,3149,3149,-0.403322,0.636489
primary_strict_point_hn1,1,3150,3150,-0.650555,0.521507
primary_strict_point_hn1,1,3151,3151,-0.564925,0.696355
primary_strict_point_hn1,1,3152,3152,-0.646421,0.515061
primary_strict_point_hn1,1,3153,3153,-0.511826,0.558217
primary_strict_point_hn1,1,3154,3154,-0.744817,0.472751
primary_strict_point_hn1,1,3155,3155,-0.790959,0.554675
primary_strict_point_hn1,1,3156,3156,-0.75119,0.668409
primary_strict_point_hn1,1,3157,3157,-0.823125,0.877578
primary_strict_point_hn1,1,3158,3158,-0.771462,0.776294
primary_strict_point_hn1,1,3159,3159,-0.874887,0.709793
primary_strict_point_hn1,1,3160,3160,-0.658758,0.502441
primary_strict_point_hn1,1,3161,3161,-0.629459,0.508247
primary_strict_point_hn1,1,3162,3162,-0.724019,0.303974
primary_strict_point_hn1,1,3163,3163,-0.725399,0.301781
primary_strict_point_hn1,1,3164,3164,-0.552439,0.346909
primary_strict_point_hn1,1,3165,3165,-0.633341,0.420497
primary_strict_point_hn1,1,3166,3166,-0.622313,0.449816
primary_strict_point_hn1,1,3167,3167,-0.549425,0.487354
primary_strict_point_hn1,1,3168,3168,-0.21118,0.633572
primary_strict_point_hn1,1,3169,3169,-0.235324,0.62996
primary_strict_point_hn1,1,3170,3170,-0.323824,0.748264
primary_strict_point_hn1,1,3171,3171,-0.298728,0.892563
primary_strict_point_hn1,1,3172,3172,-0.367556,0.810263
primary_strict_point_hn1,1,3173,3173,-0.372384,0.873862
primary_strict_point_hn1,1,3174,3174,-0.429567,0.939856
primary_strict_point_hn1,1,3175,3175,-0.425579,0.932583
primary_strict_point_hn1,1,3176,3176,-0.675603,0.601575
primary_strict_point_hn1,1,3177,3177,-0.681847,0.584947
primary_strict_point_hn1,1,3178,3178,-0.598855,0.609804
primary_strict_point_hn1,1,3179,3179,-0.669855,0.608123
primary_strict_point_hn1,1,3180,3180,-0.54983,0.544918
primary_strict_point_hn1,1,3181,3181,-0.584628,0.369289
primary_strict_point_hn1,1,3182,3182,-0.650219,0.644738
primary_strict_point_hn1,1,3183,3183,-0.772177,0.640436
primary_strict_point_hn1,1,3184,3184,-0.752363,0.631516
primary_strict_point_hn1,1,3185,3185,-0.875945,0.682505
primary_strict_point_hn1,1,3186,3186,-0.775451,0.527678
primary_strict_point_hn1,1,3187,3187,-0.767849,0.540434
primary_strict_point_hn1,1,3188,3188,-0.701226,0.537162
primary_strict_point_hn1,1,3189,3189,-0.62214,0.463529
primary_strict_point_hn1,1,3190,3190,-0.781589,0.346765
primary_strict_point_hn1,1,3191,3191,-0.821267,0.4702
primary_strict_point_hn1,1,3192,3192,-0.594041,0.504786
primary_strict_point_hn1,1,3193,3193,-0.670466,0.436092
primary_strict_point_hn1,1,3194,3194,-0.514435,0.540685
primary_strict_point_hn1,1,3195,3195,-0.610427,0.38892
primary_strict_point_hn1,1,3196,3196,-0.747936,0.405075
primary_strict_point_hn1,1,3197,3197,-0.828445,0.425454
primary_strict_point_hn1,1,3198,3198,-0.682378,0.434607
primary_strict_point_hn1,1,3199,3199,-0.5649,0.591805
primary_strict_point_hn1,1,3200,3200,-0.693846,0.447391
primary_strict_point_hn1,1,3201,3201,-0.756157,0.661607
primary_strict_point_hn1,1,3202,3202,-0.840478,0.614379
primary_strict_point_hn1,1,3203,3203,-0.621261,0.498144
primary_strict_point_hn1,1,3204,3204,-0.708622,0.512748
primary_strict_point_hn1,1,3205,3205,-0.485215,0.718369
primary_strict_point_hn1,1,3206,3206,-0.403092,0.680424
primary_strict_point_hn1,1,3207,3207,-0.429523,0.544571
primary_strict_point_hn1,1,3208,3208,-0.0697181,0.740078
primary_strict_point_hn1,1,3209,3209,-0.243093,0.691071
primary_strict_point_hn1,1,3210,3210,-0.270367,0.628769
primary_strict_point_hn1,1,3211,3211,-0.606738,0.557939
primary_strict_point_hn1,1,3212,3212,-0.543156,0.837671
primary_strict_point_hn1,1,3213,3213,-0.14236,0.596842
primary_strict_point_hn1,1,3214,3214,-0.216136,0.776236
primary_strict_point_hn1,1,3215,3215,-0.327223,0.766413
primary_strict_point_hn1,1,3216,3216,-0.620949,0.455937
primary_strict_point_hn1,1,3217,3217,-0.596337,0.426777
primary_strict_point_hn1,1,3218,3218,-0.359381,0.536777
primary_strict_point_hn1,1,3219,3219,-0.461137,0.423659
primary_strict_point_hn1,1,3220,3220,-0.369763,0.686001
primary_strict_point_hn1,1,3221,3221,-0.507475,0.505713
primary_strict_point_hn1,1,3222,3222,-0.726867,0.486301
primary_strict_point_hn1,1,3223,3223,-0.732563,0.511779
primary_strict_point_hn1,1,3224,3224,-0.656062,0.483238
primary_strict_point_hn1,1,3225,3225,-0.974107,0.640568
primary_strict_point_hn1,1,3226,3226,-0.79314,0.544577
primary_strict_point_hn1,1,3227,3227,-0.97775,0.798711
primary_strict_point_hn1,1,3228,3228,-0.887528,0.70218
primary_strict_point_hn1,1,3229,3229,-0.734524,0.761908
primary_strict_point_hn1,1,3230,3230,-1.03821,0.891112
primary_strict_point_hn1,1,3231,3231,-0.989252,0.769224
primary_strict_point_hn1,1,3232,3232,-0.921747,0.703994
primary_strict_point_hn1,1,3233,3233,-0.605894,0.460904
primary_strict_point_hn1,1,3234,3234,-0.681609,0.386985
primary_strict_point_hn1,1,3235,3235,-0.561352,0.357977
primary_strict_point_hn1,1,3236,3236,-0.477437,0.510738
primary_strict_point_hn1,1,3237,3237,-0.120069,1.04974
primary_strict_point_hn1,1,3238,3238,-0.361839,0.915303
primary_strict_point_hn1,1,3239,3239,-0.401457,0.83784
primary_strict_point_hn1,1,3240,3240,-0.449201,0.696015
primary_strict_point_hn1,1,3241,3241,-0.511709,0.605054
primary_strict_point_hn1,1,3242,3242,-0.381825,0.610073
primary_strict_point_hn1,1,3243,3243,-0.500715,0.656686
primary_strict_point_hn1,1,3244,3244,-0.511175,0.485373
primary_strict_point_hn1,1,3245,3245,-0.289775,0.665516
primary_strict_point_hn1,1,3246,3246,-0.693277,0.484772
primary_strict_point_hn1,1,3247,3247,-0.731831,0.468762
primary_strict_point_hn1,1,3248,3248,-0.44656,0.490427
primary_strict_point_hn1,1,3249,3249,-0.47371,0.525178
primary_strict_point_hn1,1,3250,3250,-0.537008,0.527158
primary_strict_point_hn1,1,3251,3251,-0.510116,0.562238
primary_strict_point_hn1,1,3252,3252,-0.674509,0.588782
primary_strict_point_hn1,1,3253,3253,-0.572133,0.532521
primary_strict_point_hn1,1,3254,3254,-0.484242,0.469467
primary_strict_point_hn1,1,3255,3255,-0.509051,0.458482
primary_strict_point_hn1,1,3256,3256,-0.504858,0.497645
primary_strict_point_hn1,1,3257,3257,-0.433325,0.665521
primary_strict_point_hn1,1,3258,3258,-0.566009,0.714776
primary_strict_point_hn1,1,3259,3259,-0.482038,0.816346
primary_strict_point_hn1,1,3260,3260,-0.642817,0.786752
primary_strict_point_hn1,1,3261,3261,-0.601292,0.341473
primary_strict_point_hn1,1,3262,3262,-0.396924,0.527307
primary_strict_point_hn1,1,3263,3263,-0.351607,0.562424
primary_strict_point_hn1,1,3264,3264,-0.363589,0.713134
primary_strict_point_hn1,1,3265,3265,-0.30018,0.699255
primary_strict_point_hn1,1,3266,3266,-0.319511,0.734123
primary_strict_point_hn1,1,3267,3267,-0.469952,0.602119
primary_strict_point_hn1,1,3268,3268,-0.354261,0.70171
primary_strict_point_hn1,1,3269,3269,-0.709852,0.400698
primary_strict_point_hn1,1,3270,3270,-0.752572,0.471662
primary_strict_point_hn1,1,3271,3271,-0.827044,0.603575
primary_strict_point_hn1,1,3272,3272,-0.899695,0.623041
primary_strict_point_hn1,1,3273,3273,-0.932318,0.535261
primary_strict_point_hn1,1,3274,3274,-0.794282,0.74539
primary_strict_point_hn1,1,3275,3275,-0.27856,0.873686
primary_strict_point_hn1,1,3276,3276,-0.508604,0.489369
primary_strict_point_hn1,1,3277,3277,-0.799584,0.475497
primary_strict_point_hn1,1,3278,3278,-0.645128,0.513576
primary_strict_point_hn1,1,3279,3279,-0.608895,0.521632
primary_strict_point_hn1,1,3280,3280,-0.806387,0.643905
primary_strict_point_hn1,1,3281,3281,-0.854829,0.611199
primary_strict_point_hn1,1,3282,3282,-0.70766,0.343976
primary_strict_point_hn1,1,3283,3283,-0.629527,0.535527
primary_strict_point_hn1,1,3284,3284,-0.756068,0.585118
primary_strict_point_hn1,1,3285,3285,-0.342949,0.661411
primary_strict_point_hn1,1,3286,3286,-0.660793,0.577402
primary_strict_point_hn1,1,3287,3287,-0.560871,0.674918
primary_strict_point_hn1,1,3288,3288,-0.60105,0.470759
primary_strict_point_hn1,1,3289,3289,-0.530231,0.378427
primary_strict_point_hn1,1,3290,3290,-0.435033,0.458556
primary_strict_point_hn1,1,3291,3291,-0.516853,0.491046
primary_strict_point_hn1,1,3292,3292,-0.472365,0.503756
primary_strict_point_hn1,1,3293,3293,-0.749014,0.565644
primary_strict_point_hn1,1,3294,3294,-0.445316,0.469199
primary_strict_point_hn1,1,3295,3295,-0.903969,0.448035
primary_strict_point_hn1,1,3296,3296,-0.93111,0.493334
primary_strict_point_hn1,1,3297,3297,-0.703194,0.541168
primary_strict_point_hn1,1,3298,3298,-0.504747,0.664727
primary_strict_point_hn1,1,3299,3299,-0.702338,0.537067
primary_strict_point_hn1,1,3300,3300,-0.651157,0.384326
primary_strict_point_hn1,1,3301,3301,-0.548386,0.553427
primary_strict_point_hn1,1,3302,3302,-0.447933,0.392686
primary_strict_point_hn1,1,3303,3303,-0.511368,0.40132
primary_strict_point_hn1,1,3304,3304,-0.683311,0.320259
primary_strict_point_hn1,1,3305,3305,-0.63677,0.332394
primary_strict_point_hn1,1,3306,3306,-0.779475,0.42143
primary_strict_point_hn1,1,3307,3307,-0.845718,0.375737
primary_strict_point_hn1,1,3308,3308,-0.612518,0.459455
primary_strict_point_hn1,1,3309,3309,-0.785605,0.514387
primary_strict_point_hn1,1,3310,3310,-0.783172,0.662225
primary_strict_point_hn1,1,3311,3311,-0.625438,0.602347
primary_strict_point_hn1,1,3312,3312,-0.738353,0.706511
primary_strict_point_hn1,1,3313,3313,-0.837481,0.271625
primary_strict_point_hn1,1,3314,3314,-1.03619,0.577848
primary_strict_point_hn1,1,3315,3315,-0.966911,0.369506
primary_strict_point_hn1,1,3316,3316,-1.08586,0.584028
primary_strict_point_hn1,1,3317,3317,-1.01626,0.428539
primary_strict_point_hn1,1,3318,3318,-0.991059,0.496546
primary_strict_point_hn1,1,3319,3319,-1.25266,0.551057
primary_strict_point_hn1,1,3320,3320,-0.734517,0.379332
primary_strict_point_hn1,1,3321,3321,-0.755287,0.297219
primary_strict_point_hn1,1,3322,3322,-0.559787,0.353368
primary_strict_point_hn1,1,3323,3323,-0.788002,0.416727
primary_strict_point_hn1,1,3324,3324,-0.888061,0.418136
primary_strict_point_hn1,1,3325,3325,-0.73403,0.24683
primary_strict_point_hn1,1,3326,3326,-0.691298,0.367928
primary_strict_point_hn1,1,3327,3327,-0.706677,0.356755
primary_strict_point_hn1,1,3328,3328,-0.61719,0.466273
primary_strict_point_hn1,1,3329,3329,-0.27512,0.620432
primary_strict_point_hn1,1,3330,3330,-0.611503,0.843534
primary_strict_point_hn1,1,3331,3331,-0.42021,0.738118
primary_strict_point_hn1,1,3332,3332,-0.350353,0.560566
primary_strict_point_hn1,1,3333,3333,-0.653939,0.503632
primary_strict_point_hn1,1,3334,3334,-0.607725,0.404823
primary_strict_point_hn1,1,3335,3335,-0.898393,0.558094
primary_strict_point_hn1,1,3336,3336,-0.63569,0.527771
primary_strict_point_hn1,1,3337,3337,-0.486578,0.530677
primary_strict_point_hn1,1,3338,3338,-0.652253,0.490889
primary_strict_point_hn1,1,3339,3339,-0.40733,0.59333
primary_strict_point_hn1,1,3340,3340,-0.615306,0.388416
primary_strict_point_hn1,1,3341,3341,-0.837418,0.405849
primary_strict_point_hn1,1,3342,3342,-0.757506,0.473428
primary_strict_point_hn1,1,3343,3343,-0.541236,0.480772
primary_strict_point_hn1,1,3344,3344,-0.646733,0.328287
primary_strict_point_hn1,1,3345,3345,-0.433019,0.454464
primary_strict_point_hn1,1,3346,3346,-0.513444,0.31121
primary_strict_point_hn1,1,3347,3347,-0.582422,0.431837
primary_strict_point_hn1,1,3348,3348,-0.55221,0.492182
primary_strict_point_hn1,1,3349,3349,-0.552972,0.611689
primary_strict_point_hn1,1,3350,3350,-0.749489,0.456405
primary_strict_point_hn1,1,3351,3351,-0.556616,0.529181
primary_strict_point_hn1,1,3352,3352,-0.454844,0.630812
primary_strict_point_hn1,1,3353,3353,-1.00297,0.512594
primary_strict_point_hn1,1,3354,3354,-0.999555,0.694639
primary_strict_point_hn1,1,3355,3355,-0.575586,0.488928
primary_strict_point_hn1,1,3356,3356,-1.06163,1.1628
primary_strict_point_hn1,1,3357,3357,-1.07571,1.12908
primary_strict_point_hn1,1,3358,3358,-1.22383,0.750414
primary_strict_point_hn1,1,3359,3359,-1.21085,0.97461
primary_strict_point_hn1,1,3360,3360,-1.2746,0.746227
primary_strict_point_hn1,1,3361,3361,-0.524907,0.633942
primary_strict_point_hn1,1,3362,3362,-0.599951,0.560932
primary_strict_point_hn1,1,3363,3363,-0.436548,0.668875
primary_strict_point_hn1,1,3364,3364,-0.207779,0.717769
primary_strict_point_hn1,1,3365,3365,-0.377412,0.50499
primary_strict_point_hn1,1,3366,3366,-0.517151,0.498457
primary_strict_point_hn1,1,3367,3367,-0.456492,0.514007
primary_strict_point_hn1,1,3368,3368,-0.693603,0.484444
primary_strict_point_hn1,1,3369,3369,-0.54259,0.637907
primary_strict_point_hn1,1,3370,3370,-0.383458,0.565518
primary_strict_point_hn1,1,3371,3371,-0.681715,0.491537
primary_strict_point_hn1,1,3372,3372,-0.546461,0.557558
primary_strict_point_hn1,1,3373,3373,-0.514825,0.792603
primary_strict_point_hn1,1,3374,3374,-0.625444,0.662065
primary_strict_point_hn1,1,3375,3375,-0.539266,0.59554
primary_strict_point_hn1,1,3376,3376,-0.541779,0.591938
primary_strict_point_hn1,1,3377,3377,-0.567513,0.606042
primary_strict_point_hn1,1,3378,3378,-0.733226,0.825566
primary_strict_point_hn1,1,3379,3379,-0.692942,0.859913
primary_strict_point_hn1,1,3380,3380,-0.52352,0.578147
primary_strict_point_hn1,1,3381,3381,-0.461635,0.580371
primary_strict_point_hn1,1,3382,3382,-0.374015,0.466959
primary_strict_point_hn1,1,3383,3383,-0.472714,0.396579
primary_strict_point_hn1,1,3384,3384,-0.558306,0.430226
primary_strict_point_hn1,1,3385,3385,-0.572536,0.476585
primary_strict_point_hn1,1,3386,3386,-0.671669,0.378786
primary_strict_point_hn1,1,3387,3387,-0.30093,0.442902
primary_strict_point_hn1,1,3388,3388,-0.645823,0.391984
primary_strict_point_hn1,1,3389,3389,-0.618274,0.746688
primary_strict_point_hn1,1,3390,3390,-0.537135,0.757533
primary_strict_point_hn1,1,3391,3391,-0.390626,0.793924
primary_strict_point_hn1,1,3392,3392,-0.237812,0.667711
primary_strict_point_hn1,1,3393,3393,-0.7931,0.733378
primary_strict_point_hn1,1,3394,3394,-0.620818,0.649476
primary_strict_point_hn1,1,3395,3395,-0.678802,0.657897
primary_strict_point_hn1,1,3396,3396,-0.794683,0.350483
primary_strict_point_hn1,1,3397,3397,-0.708341,0.568637
primary_strict_point_hn1,1,3398,3398,-0.47782,0.453702
primary_strict_point_hn1,1,3399,3399,-0.810084,0.548746
primary_strict_point_hn1,1,3400,3400,-0.886053,0.609165
primary_strict_point_hn1,1,3401,3401,-0.884273,0.471972
primary_strict_point_hn1,1,3402,3402,-0.846867,0.372844
primary_strict_point_hn1,1,3403,3403,-0.858184,0.51385
primary_strict_point_hn1,1,3404,3404,-0.666776,0.552531
primary_strict_point_hn1,1,3405,3405,-0.54375,0.498588
primary_strict_point_hn1,1,3406,3406,-0.600583,0.586263
primary_strict_point_hn1,1,3407,3407,-0.752896,0.588503
primary_strict_point_hn1,1,3408,3408,-0.8953,0.466604
primary_strict_point_hn1,1,3409,3409,-1.05947,0.807894
primary_strict_point_hn1,1,3410,3410,-1.00705,0.741823
primary_strict_point_hn1,1,3411,3411,-0.608594,0.5855
primary_strict_point_hn1,1,3412,3412,-0.652193,0.536562
primary_strict_point_hn1,1,3413,3413,-0.851686,0.437204
primary_strict_point_hn1,1,3414,3414,-0.617886,0.471539
primary_strict_point_hn1,1,3415,3415,-0.761478,0.435204
primary_strict_point_hn1,1,3416,3416,-0.762834,0.365231
primary_strict_point_hn1,1,3417,3417,-0.779601,0.517274
primary_strict_point_hn1,1,3418,3418,-0.735903,0.337779
primary_strict_point_hn1,1,3419,3419,-0.777166,0.356329
primary_strict_point_hn1,1,3420,3420,-0.778817,0.334649
primary_strict_point_hn1,1,3421,3421,-0.717071,0.36533
primary_strict_point_hn1,1,3422,3422,-0.756768,0.417383
primary_strict_point_hn1,1,3423,3423,-0.865117,0.48351
primary_strict_point_hn1,1,3424,3424,-0.907186,0.501034
primary_strict_point_hn1,1,3425,3425,-0.744918,0.536607
primary_strict_point_hn1,1,3426,3426,-0.718501,0.544098
primary_strict_point_hn1,1,3427,3427,-0.567408,0.531529
primary_strict_point_hn1,1,3428,3428,-0.474882,0.46578
primary_strict_point_hn1,1,3429,3429,-0.897845,0.568883
primary_strict_point_hn1,1,3430,3430,-0.655769,0.461401
primary_strict_point_hn1,1,3431,3431,-0.726872,0.48649
primary_strict_point_hn1,1,3432,3432,-0.856018,0.494578
primary_strict_point_hn1,1,3433,3433,-0.622461,0.352004
primary_strict_point_hn1,1,3434,3434,-0.519854,0.370306
primary_strict_point_hn1,1,3435,3435,-0.601274,0.653429
primary_strict_point_hn1,1,3436,3436,-0.697603,0.597193
primary_strict_point_hn1,1,3437,3437,-0.622573,0.39026
primary_strict_point_hn1,1,3438,3438,-0.719397,0.392978
primary_strict_point_hn1,1,3439,3439,-0.691067,0.44232
primary_strict_point_hn1,1,3440,3440,-0.618838,0.296511
primary_strict_point_hn1,1,3441,3441,-0.719439,0.278478
primary_strict_point_hn1,1,3442,3442,-0.88753,0.451436
primary_strict_point_hn1,1,3443,3443,-1.02732,0.670809
primary_strict_point_hn1,1,3444,3444,-0.971147,0.441124
primary_strict_point_hn1,1,3445,3445,-0.775899,0.389269
primary_strict_point_hn1,1,3446,3446,-0.895663,0.470307
primary_strict_point_hn1,1,3447,3447,-0.520261,0.679829
primary_strict_point_hn1,1,3448,3448,-0.702166,0.68013
primary_strict_point_hn1,1,3449,3449,-0.681034,0.568149
primary_strict_point_hn1,1,3450,3450,-0.90780400000000006,0.837086
primary_strict_point_hn1,1,3451,3451,-0.783999,0.674974
primary_strict_point_hn1,1,3452,3452,-0.769524,0.431338
primary_strict_point_hn1,1,3453,3453,-0.725527,0.521866
primary_strict_point_hn1,1,3454,3454,-0.651466,0.778286
primary_strict_point_hn1,1,3455,3455,-0.414836,0.745129
primary_strict_point_hn1,1,3456,3456,-0.501581,0.69238
primary_strict_point_hn1,1,3457,3457,-0.629973,0.519059
primary_strict_point_hn1,1,3458,3458,-0.575316,0.72176
primary_strict_point_hn1,1,3459,3459,-0.718541,0.506676
primary_strict_point_hn1,1,3460,3460,-0.679487,0.43893
primary_strict_point_hn1,1,3461,3461,-0.731661,0.632824
primary_strict_point_hn1,1,3462,3462,-0.714064,0.416175
primary_strict_point_hn1,1,3463,3463,-0.462603,0.588302
primary_strict_point_hn1,1,3464,3464,-0.415761,0.510302
primary_strict_point_hn1,1,3465,3465,-0.56178,0.59712
primary_strict_point_hn1,1,3466,3466,-0.517767,0.606697
primary_strict_point_hn1,1,3467,3467,-0.454022,0.591342
primary_strict_point_hn1,1,3468,3468,-1.0401,0.6702
primary_strict_point_hn1,1,3469,3469,-0.866609,0.612828
primary_strict_point_hn1,1,3470,3470,-0.596634,0.584614
primary_strict_point_hn1,1,3471,3471,-0.688097,0.406532
primary_strict_point_hn1,1,3472,3472,-0.593501,0.519956
primary_strict_point_hn1,1,3473,3473,-0.521432,0.433439
primary_strict_point_hn1,1,3474,3474,-0.705957,1.1676
primary_strict_point_hn1,1,3475,3475,-0.612192,1.14834
primary_strict_point_hn1,1,3476,3476,-0.878076,0.575661
primary_strict_point_hn1,1,3477,3477,-0.582841,0.6456
primary_strict_point_hn1,1,3478,3478,-0.67203,0.503621
primary_strict_point_hn1,1,3479,3479,-0.656008,0.639145
primary_strict_point_hn1,1,3480,3480,-0.611764,0.472476
primary_strict_point_hn1,1,3481,3481,-0.893787,0.460097
primary_strict_point_hn1,1,3482,3482,-0.688031,0.429837
primary_strict_point_hn1,1,3483,3483,-0.892172,0.486173
primary_strict_point_hn1,1,3484,3484,-0.682957,0.379817
primary_strict_point_hn1,1,3485,3485,-0.686418,0.48725
primary_strict_point_hn1,1,3486,3486,-0.655548,0.4547
primary_strict_point_hn1,1,3487,3487,-0.597625,0.544213
primary_strict_point_hn1,1,3488,3488,-0.708188,0.577992
primary_strict_point_hn1,1,3489,3489,-0.679674,0.366257
primary_strict_point_hn1,1,3490,3490,-0.524842,0.301844
primary_strict_point_hn1,1,3491,3491,-0.477552,0.580391
primary_strict_point_hn1,1,3492,3492,-0.351655,0.564448
primary_strict_point_hn1,1,3493,3493,-0.482009,0.644608
primary_strict_point_hn1,1,3494,3494,-0.359717,0.820411
primary_strict_point_hn1,1,3495,3495,-0.663006,0.496817
primary_strict_point_hn1,1,3496,3496,-0.646968,0.790282
primary_strict_point_hn1,1,3497,3497,-0.644132,0.698842
primary_strict_point_hn1,1,3498,3498,-0.699718,0.567058
primary_strict_point_hn1,1,3499,3499,-0.735135,0.5598
primary_strict_point_hn1,1,3500,3500,-0.542486,0.616799
primary_strict_point_hn1,1,3501,3501,-0.490852,0.763045
primary_strict_point_hn1,1,3502,3502,-0.544361,0.658169
primary_strict_point_hn1,1,3503,3503,-0.591883,0.449595
primary_strict_point_hn1,1,3504,3504,-0.417257,0.500526
primary_strict_point_hn1,1,3505,3505,-0.39799,0.472142
primary_strict_point_hn1,1,3506,3506,-0.419381,0.557092
primary_strict_point_hn1,1,3507,3507,-0.620548,0.465019
primary_strict_point_hn1,1,3508,3508,-0.612765,0.726331
primary_strict_point_hn1,1,3509,3509,-0.373992,0.814907
primary_strict_point_hn1,1,3510,3510,-0.465742,1.02842
primary_strict_point_hn1,1,3511,3511,-0.577216,0.620305
primary_strict_point_hn1,1,3512,3512,-0.928093,0.682047
primary_strict_point_hn1,1,3513,3513,-0.655437,0.389091
primary_strict_point_hn1,1,3514,3514,-0.727391,0.328903
primary_strict_point_hn1,1,3515,3515,-0.563917,0.55399
primary_strict_point_hn1,1,3516,3516,-0.64835,0.546534
primary_strict_point_hn1,1,3517,3517,-0.53816,0.538016
primary_strict_point_hn1,1,3518,3518,-0.478286,0.583211
primary_strict_point_hn1,1,3519,3519,-0.614699,0.449085
primary_strict_point_hn1,1,3520,3520,-0.7601,0.393481
primary_strict_point_hn1,1,3521,3521,-0.70822,0.502709
primary_strict_point_hn1,1,3522,3522,-0.74118,0.391292
primary_strict_point_hn1,1,3523,3523,-0.582499,0.492723
primary_strict_point_hn1,1,3524,3524,-0.700077,0.630175
primary_strict_point_hn1,1,3525,3525,-0.684253,0.517382
primary_strict_point_hn1,1,3526,3526,-0.608489,0.582074
primary_strict_point_hn1,1,3527,3527,-0.673159,0.508883
primary_strict_point_hn1,1,3528,3528,-0.639641,0.444052
primary_strict_point_hn1,1,3529,3529,-0.670405,0.378105
primary_strict_point_hn1,1,3530,3530,-0.546876,0.530842
primary_strict_point_hn1,1,3531,3531,-0.232862,0.71359
primary_strict_point_hn1,1,3532,3532,-0.264818,0.673269
primary_strict_point_hn1,1,3533,3533,-0.237196,0.732951
primary_strict_point_hn1,1,3534,3534,-0.342504,0.53009
primary_strict_point_hn1,1,3535,3535,-0.488694,0.589031
primary_strict_point_hn1,1,3536,3536,-0.45811,0.538263
primary_strict_point_hn1,1,3537,3537,-0.634863,0.484141
primary_strict_point_hn1,1,3538,3538,-0.525896,0.557855
primary_strict_point_hn1,1,3539,3539,-0.679233,0.454971
primary_strict_point_hn1,1,3540,3540,-0.772635,0.453862
primary_strict_point_hn1,1,3541,3541,-0.739985,0.386184
primary_strict_point_hn1,1,3542,3542,-0.449391,0.43889
primary_strict_point_hn1,1,3543,3543,-0.750799,0.919172
primary_strict_point_hn1,1,3544,3544,-0.689051,0.850655
primary_strict_point_hn1,1,3545,3545,-0.429925,0.583154
primary_strict_point_hn1,1,3546,3546,-0.787373,0.893176
primary_strict_point_hn1,1,3547,3547,-0.532892,0.700059
primary_strict_point_hn1,1,3548,3548,-0.497457,0.539379
primary_strict_point_hn1,1,3549,3549,-0.470636,0.503935
primary_strict_point_hn1,1,3550,3550,-0.509497,0.488795
primary_strict_point_hn1,1,3551,3551,-0.57507,0.430984
primary_strict_point_hn1,1,3552,3552,-0.68563,0.345196
primary_strict_point_hn1,1,3553,3553,-0.570505,0.315067
primary_strict_point_hn1,1,3554,3554,-0.570987,0.4694
primary_strict_point_hn1,1,3555,3555,-0.864665,0.467607
primary_strict_point_hn1,1,3556,3556,-0.615402,0.472337
primary_strict_point_hn1,1,3557,3557,-0.815019,0.711029
primary_strict_point_hn1,1,3558,3558,-0.587854,0.470193
primary_strict_point_hn1,1,3559,3559,-0.654674,0.52688
primary_strict_point_hn1,1,3560,3560,-0.667714,0.491392
primary_strict_point_hn1,1,3561,3561,-0.642313,0.916789
primary_strict_point_hn1,1,3562,3562,-0.66693499999999994,0.440565
primary_strict_point_hn1,1,3563,3563,-0.474259,0.606985
primary_strict_point_hn1,1,3564,3564,-0.211596,0.886796
primary_strict_point_hn1,1,3565,3565,-0.29125,0.963379
primary_strict_point_hn1,1,3566,3566,-0.282132,0.822595
primary_strict_point_hn1,1,3567,3567,-0.240475,0.854295
primary_strict_point_hn1,1,3568,3568,-0.224832,0.960489
primary_strict_point_hn1,1,3569,3569,-0.675733,0.764756
primary_strict_point_hn1,1,3570,3570,-0.65315,0.96694
primary_strict_point_hn1,1,3571,3571,-0.711056,0.948264
primary_strict_point_hn1,1,3572,3572,-0.760451,0.788482
primary_strict_point_hn1,1,3573,3573,-0.718526,0.923552
primary_strict_point_hn1,1,3574,3574,-0.808104,0.885513
primary_strict_point_hn1,1,3575,3575,-0.706804,1.20714
primary_strict_point_hn1,1,3576,3576,-0.691113,0.714838
primary_strict_point_hn1,1,3577,3577,-0.733577,0.558881
primary_strict_point_hn1,1,3578,3578,-0.678404,0.589501
primary_strict_point_hn1,1,3579,3579,-0.604051,0.604514
primary_strict_point_hn1,1,3580,3580,-0.519052,0.549846
primary_strict_point_hn1,1,3581,3581,-0.626987,0.561662
primary_strict_point_hn1,1,3582,3582,-0.922036,0.51655
primary_strict_point_hn1,1,3583,3583,-0.931642,0.528561
primary_strict_point_hn1,1,3584,3584,-1.03807,0.51989
primary_strict_point_hn1,1,3585,3585,-1.00203,0.538889
primary_strict_point_hn1,1,3586,3586,-0.945708,0.42854
primary_strict_point_hn1,1,3587,3587,-0.883693,0.436802
primary_strict_point_hn1,1,3588,3588,-0.902166,0.426288
primary_strict_point_hn1,1,3589,3589,-0.890461,0.468001
primary_strict_point_hn1,1,3590,3590,-0.654367,0.462776
primary_strict_point_hn1,1,3591,3591,-0.746749,0.441603
primary_strict_point_hn1,1,3592,3592,-0.489533,0.764491
primary_strict_point_hn1,1,3593,3593,-0.468571,0.681691
primary_strict_point_hn1,1,3594,3594,-0.574646,0.768396
primary_strict_point_hn1,1,3595,3595,-0.671677,0.77302
primary_strict_point_hn1,1,3596,3596,-0.711391,0.702333
primary_strict_point_hn1,1,3597,3597,-0.390548,0.852993
primary_strict_point_hn1,1,3598,3598,-0.52412,0.56687
primary_strict_point_hn1,1,3599,3599,-0.457165,0.628375
primary_strict_point_hn1,1,3600,3600,-0.549188,0.556098
primary_strict_point_hn1,1,3601,3601,-0.433061,0.626701
primary_strict_point_hn1,1,3602,3602,-0.645359,0.563668
primary_strict_point_hn1,1,3603,3603,-0.917798,0.591668
primary_strict_point_hn1,1,3604,3604,-0.823969,0.554003
primary_strict_point_hn1,1,3605,3605,-0.865149,0.56615
primary_strict_point_hn1,1,3606,3606,-1.09732,0.972351
primary_strict_point_hn1,1,3607,3607,-0.696847,0.873137
primary_strict_point_hn1,1,3608,3608,-0.771102,0.874172
primary_strict_point_hn1,1,3609,3609,-0.620903,0.650891
primary_strict_point_hn1,1,3610,3610,-0.617692,0.709446
primary_strict_point_hn1,1,3611,3611,-0.772093,0.732615
primary_strict_point_hn1,1,3612,3612,-0.809104,0.422188
primary_strict_point_hn1,1,3613,3613,-0.69483,0.489498
primary_strict_point_hn1,1,3614,3614,-0.756747,0.463606
primary_strict_point_hn1,1,3615,3615,-0.835559,0.575367
primary_strict_point_hn1,1,3616,3616,-0.47892,0.779302
primary_strict_point_hn1,1,3617,3617,-0.644076,0.799448
primary_strict_point_hn1,1,3618,3618,-0.743263,0.669468
primary_strict_point_hn1,1,3619,3619,-0.673472,0.745778
primary_strict_point_hn1,1,3620,3620,-0.64096,0.573202
primary_strict_point_hn1,1,3621,3621,-0.695154,0.590847
primary_strict_point_hn1,1,3622,3622,-0.860548,0.761196
primary_strict_point_hn1,1,3623,3623,-0.889656,0.796335
primary_strict_point_hn1,1,3624,3624,-0.832313,0.744335
primary_strict_point_hn1,1,3625,3625,-0.196928,0.695523
primary_strict_point_hn1,1,3626,3626,-0.490355,0.571756
primary_strict_point_hn1,1,3627,3627,-0.463291,0.789255
primary_strict_point_hn1,1,3628,3628,-0.568667,0.843111
primary_strict_point_hn1,1,3629,3629,-0.646634,0.905056
primary_strict_point_hn1,1,3630,3630,-0.761795,0.839016
primary_strict_point_hn1,1,3631,3631,-0.876993,0.506958
primary_strict_point_hn1,1,3632,3632,-0.935518,0.648377
primary_strict_point_hn1,1,3633,3633,-0.757257,0.559028
primary_strict_point_hn1,1,3634,3634,-0.90862,0.50817
primary_strict_point_hn1,1,3635,3635,-0.833324,0.35254
primary_strict_point_hn1,1,3636,3636,-0.792556,0.392607
primary_strict_point_hn1,1,3637,3637,-0.552015,0.524054
primary_strict_point_hn1,1,3638,3638,-0.711738,0.603732
primary_strict_point_hn1,1,3639,3639,-0.86682,0.501062
primary_strict_point_hn1,1,3640,3640,-0.654784,0.504429
primary_strict_point_hn1,1,3641,3641,-0.901531,0.362298
primary_strict_point_hn1,1,3642,3642,-0.798826,0.361272
primary_strict_point_hn1,1,3643,3643,-0.599523,0.479365
primary_strict_point_hn1,1,3644,3644,-0.750196,0.355744
primary_strict_point_hn1,1,3645,3645,-0.688144,0.539507
primary_strict_point_hn1,1,3646,3646,-0.461861,0.395056
primary_strict_point_hn1,1,3647,3647,-0.572308,0.34899
primary_strict_point_hn1,1,3648,3648,-0.482806,0.471634
primary_strict_point_hn1,1,3649,3649,-0.515905,0.489862
primary_strict_point_hn1,1,3650,3650,-0.504466,0.759866
primary_strict_point_hn1,1,3651,3651,-0.559538,0.883292
primary_strict_point_hn1,1,3652,3652,-0.710436,0.791501
primary_strict_point_hn1,1,3653,3653,-0.819073,0.823918
primary_strict_point_hn1,1,3654,3654,-0.582461,0.817144
primary_strict_point_hn1,1,3655,3655,-0.693816,0.692396
primary_strict_point_hn1,1,3656,3656,-0.722215,0.636925
primary_strict_point_hn1,1,3657,3657,-0.628072,0.621143
primary_strict_point_hn1,1,3658,3658,-0.671872,0.568108
primary_strict_point_hn1,1,3659,3659,-0.673561,0.498645
primary_strict_point_hn1,1,3660,3660,-0.396435,0.500084
primary_strict_point_hn1,1,3661,3661,-0.541694,0.879589
primary_strict_point_hn1,1,3662,3662,-0.529215,0.788582
primary_strict_point_hn1,1,3663,3663,-0.755954,0.86154
primary_strict_point_hn1,1,3664,3664,-0.604146,0.754508
primary_strict_point_hn1,1,3665,3665,-0.641997,0.513331
primary_strict_point_hn1,1,3666,3666,-0.89752,0.935758
primary_strict_point_hn1,1,3667,3667,-0.999955,0.569986
primary_strict_point_hn1,1,3668,3668,-0.881922,0.451435
primary_strict_point_hn1,1,3669,3669,-0.820131,0.469237
primary_strict_point_hn1,1,3670,3670,-0.790834,0.44119
primary_strict_point_hn1,1,3671,3671,-0.656524,0.498763
primary_strict_point_hn1,1,3672,3672,-0.94744,0.724791
primary_strict_point_hn1,1,3673,3673,-0.779161,0.768454
primary_strict_point_hn1,1,3674,3674,-0.550573,0.34129
primary_strict_point_hn1,1,3675,3675,-0.563017,0.534366
primary_strict_point_hn1,1,3676,3676,-0.545902,0.431585
primary_strict_point_hn1,1,3677,3677,-0.512121,0.610763
primary_strict_point_hn1,1,3678,3678,-0.426724,1.14076
primary_strict_point_hn1,1,3679,3679,-0.40381,0.997359
primary_strict_point_hn1,1,3680,3680,-0.390637,0.902506
primary_strict_point_hn1,1,3681,3681,-0.35569,0.65489
primary_strict_point_hn1,1,3682,3682,-0.248622,0.827742
primary_strict_point_hn1,1,3683,3683,-0.299271,0.855672
primary_strict_point_hn1,1,3684,3684,-0.257606,0.625052
primary_strict_point_hn1,1,3685,3685,-0.414476,0.585412
primary_strict_point_hn1,1,3686,3686,-0.535062,0.637497
primary_strict_point_hn1,1,3687,3687,-0.504463,0.595603
primary_strict_point_hn1,1,3688,3688,-0.363789,0.56836
primary_strict_point_hn1,1,3689,3689,-0.314527,0.409209
primary_strict_point_hn1,1,3690,3690,-0.320161,0.41116
primary_strict_point_hn1,1,3691,3691,-0.44825,0.363726
primary_strict_point_hn1,1,3692,3692,-0.452599,0.349997
primary_strict_point_hn1,1,3693,3693,-0.496207,0.460233
primary_strict_point_hn1,1,3694,3694,-0.653147,0.40914
primary_strict_point_hn1,1,3695,3695,-0.480253,0.355693
primary_strict_point_hn1,1,3696,3696,-0.579697,0.350109
primary_strict_point_hn1,1,3697,3697,-0.564679,0.382953
primary_strict_point_hn1,1,3698,3698,-0.644482,0.337755
primary_strict_point_hn1,1,3699,3699,-0.696279,0.370335
primary_strict_point_hn1,1,3700,3700,-0.775943,0.448964
primary_strict_point_hn1,1,3701,3701,-0.540465,0.750422
primary_strict_point_hn1,1,3702,3702,-0.640232,0.718325
primary_strict_point_hn1,1,3703,3703,-0.67078,0.652054
primary_strict_point_hn1,1,3704,3704,-0.549763,0.439499
primary_strict_point_hn1,1,3705,3705,-0.839193,0.888723
primary_strict_point_hn1,1,3706,3706,-1.00976,0.668976
primary_strict_point_hn1,1,3707,3707,-0.929208,0.482632
primary_strict_point_hn1,1,3708,3708,-0.921201,0.386425
primary_strict_point_hn1,1,3709,3709,-0.919082,0.485286
primary_strict_point_hn1,1,3710,3710,-0.826726,0.330385
primary_strict_point_hn1,1,3711,3711,-1.09348,0.462521
primary_strict_point_hn1,1,3712,3712,-0.485628,0.297214
primary_strict_point_hn1,1,3713,3713,-0.583426,0.469366
primary_strict_point_hn1,1,3714,3714,-0.637189,0.367553
primary_strict_point_hn1,1,3715,3715,-0.550491,0.37942
primary_strict_point_hn1,1,3716,3716,-0.384312,0.452129
primary_strict_point_hn1,1,3717,3717,-0.802354,0.5108
primary_strict_point_hn1,1,3718,3718,-0.903566,0.656534
primary_strict_point_hn1,1,3719,3719,-0.564521,0.476624
primary_strict_point_hn1,1,3720,3720,-0.623772,0.674573
primary_strict_point_hn1,1,3721,3721,-0.550366,0.495889
primary_strict_point_hn1,1,3722,3722,-0.625536,0.396863
primary_strict_point_hn1,1,3723,3723,-0.63208,0.711383
primary_strict_point_hn1,1,3724,3724,-0.671152,0.779254
primary_strict_point_hn1,1,3725,3725,-0.770291,0.642872
primary_strict_point_hn1,1,3726,3726,-0.650214,0.777897
primary_strict_point_hn1,1,3727,3727,-0.816878,0.909341
primary_strict_point_hn1,1,3728,3728,-0.929732,0.961228
primary_strict_point_hn1,1,3729,3729,-0.562105,0.662385
primary_strict_point_hn1,1,3730,3730,-0.658001,0.564024
primary_strict_point_hn1,1,3731,3731,-0.716125,0.810516
primary_strict_point_hn1,1,3732,3732,-0.497944,0.555678
primary_strict_point_hn1,1,3733,3733,-0.403616,0.848977
primary_strict_point_hn1,1,3734,3734,-0.425132,0.797726
primary_strict_point_hn1,1,3735,3735,-0.950777,0.417709
primary_strict_point_hn1,1,3736,3736,-0.741681,0.434811
primary_strict_point_hn1,1,3737,3737,-1.10335,0.495235
primary_strict_point_hn1,1,3738,3738,-0.991532,0.522854
primary_strict_point_hn1,1,3739,3739,-1.13039,0.874864
primary_strict_point_hn1,1,3740,3740,-0.96248,0.695035
primary_strict_point_hn1,1,3741,3741,-0.974498,0.508279
primary_strict_point_hn1,1,3742,3742,-0.839106,0.573036
primary_strict_point_hn1,1,3743,3743,-1.15819,0.836462
primary_strict_point_hn1,1,3744,3744,-0.924855,0.520953
primary_strict_point_hn1,1,3745,3745,-0.691905,0.403628
primary_strict_point_hn1,1,3746,3746,-0.69313,0.421362
primary_strict_point_hn1,1,3747,3747,-0.452394,0.57554399999999994
primary_strict_point_hn1,1,3748,3748,-0.470787,0.686817
primary_strict_point_hn1,1,3749,3749,-0.434256,0.662417
primary_strict_point_hn1,1,3750,3750,-0.301569,0.703196
primary_strict_point_hn1,1,3751,3751,-0.34727,0.68501
primary_strict_point_hn1,1,3752,3752,-0.251131,0.745595
primary_strict_point_hn1,1,3753,3753,-0.32235,0.644901
primary_strict_point_hn1,1,3754,3754,-0.312128,0.626483
primary_strict_point_hn1,1,3755,3755,-0.410652,0.656275
primary_strict_point_hn1,1,3756,3756,-0.605281,0.503004
primary_strict_point_hn1,1,3757,3757,-0.736625,0.62157
primary_strict_point_hn1,1,3758,3758,-0.317375,0.71063
primary_strict_point_hn1,1,3759,3759,-0.519996,0.704918
primary_strict_point_hn1,1,3760,3760,-0.456214,0.527095
primary_strict_point_hn1,1,3761,3761,-0.780847,0.424039
primary_strict_point_hn1,1,3762,3762,-0.508587,0.511664
primary_strict_point_hn1,1,3763,3763,-0.584814,0.466376
primary_strict_point_hn1,1,3764,3764,-0.630229,0.423695
primary_strict_point_hn1,1,3765,3765,-0.677894,0.640811
primary_strict_point_hn1,1,3766,3766,-1.03338,0.397763
primary_strict_point_hn1,1,3767,3767,-0.67025,0.383376
primary_strict_point_hn1,1,3768,3768,-1.00066,0.727274
primary_strict_point_hn1,1,3769,3769,-1.03647,0.699109
primary_strict_point_hn1,1,3770,3770,-0.714711,0.625956
primary_strict_point_hn1,1,3771,3771,-0.679071,0.755098
primary_strict_point_hn1,1,3772,3772,-0.752651,0.712805
primary_strict_point_hn1,1,3773,3773,-0.689161,0.756726
primary_strict_point_hn1,1,3774,3774,-0.740083,0.395658
primary_strict_point_hn1,1,3775,3775,-0.623975,0.41711
primary_strict_point_hn1,1,3776,3776,-0.771067,0.401889
primary_strict_point_hn1,1,3777,3777,-0.434941,0.461941
primary_strict_point_hn1,1,3778,3778,-0.456776,0.577892
primary_strict_point_hn1,1,3779,3779,-0.678263,0.474994
primary_strict_point_hn1,1,3780,3780,-0.672091,0.562239
primary_strict_point_hn1,1,3781,3781,-0.572626,0.551116
primary_strict_point_hn1,1,3782,3782,-0.404896,0.777891
primary_strict_point_hn1,1,3783,3783,-0.742195,0.536594
primary_strict_point_hn1,1,3784,3784,-0.643123,0.527077
primary_strict_point_hn1,1,3785,3785,-0.697295,0.767474
primary_strict_point_hn1,1,3786,3786,-1.04378,1.14797
primary_strict_point_hn1,1,3787,3787,-1.01734,1.12515
primary_strict_point_hn1,1,3788,3788,-1.12276,1.17607
primary_strict_point_hn1,1,3789,3789,-0.975471,1.03788
primary_strict_point_hn1,1,3790,3790,-0.95306,0.835289
primary_strict_point_hn1,1,3791,3791,-1.04647,0.75638
primary_strict_point_hn1,1,3792,3792,-1.13366,0.843407
primary_strict_point_hn1,1,3793,3793,-0.872272,0.675882
primary_strict_point_hn1,1,3794,3794,-0.798797,0.610082
primary_strict_point_hn1,1,3795,3795,-0.77974,0.530169
primary_strict_point_hn1,1,3796,3796,-0.135836,0.987849
primary_strict_point_hn1,1,3797,3797,-0.0478783,0.936548
primary_strict_point_hn1,1,3798,3798,-0.650407,0.721629
primary_strict_point_hn1,1,3799,3799,-0.782732,0.704524
primary_strict_point_hn1,1,3800,3800,-0.651622,0.42978
primary_strict_point_hn1,1,3801,3801,-1.01548,0.673786
primary_strict_point_hn1,1,3802,3802,-0.821977,0.611294
primary_strict_point_hn1,1,3803,3803,-0.969801,0.799798
primary_strict_point_hn1,1,3804,3804,-0.71766,0.819337
primary_strict_point_hn1,1,3805,3805,-0.782542,1.08282
primary_strict_point_hn1,1,3806,3806,-0.663751,0.88509
primary_strict_point_hn1,1,3807,3807,-0.38588,0.678353
primary_strict_point_hn1,1,3808,3808,-0.427292,0.598637
primary_strict_point_hn1,1,3809,3809,-0.418045,0.659345
primary_strict_point_hn1,1,3810,3810,-0.423835,0.672311
primary_strict_point_hn1,1,3811,3811,-0.61048,0.489686
primary_strict_point_hn1,1,3812,3812,-0.682292,0.505976
primary_strict_point_hn1,1,3813,3813,-0.52865,0.711962
primary_strict_point_hn1,1,3814,3814,-0.63423,0.824178
primary_strict_point_hn1,1,3815,3815,-0.626598,0.449828
primary_strict_point_hn1,1,3816,3816,-0.719435,0.42615
primary_strict_point_hn1,1,3817,3817,-0.715764,0.367059
primary_strict_point_hn1,1,3818,3818,-0.346922,0.745224
primary_strict_point_hn1,1,3819,3819,-0.625353,0.575349
primary_strict_point_hn1,1,3820,3820,-0.524613,0.553687
primary_strict_point_hn1,1,3821,3821,-0.656812,0.462199
primary_strict_point_hn1,1,3822,3822,-0.680268,0.476184
primary_strict_point_hn1,1,3823,3823,-0.719974,0.350864
primary_strict_point_hn1,1,3824,3824,-0.630503,0.46179
primary_strict_point_hn1,1,3825,3825,-0.751797,0.576213
primary_strict_point_hn1,1,3826,3826,-0.778013,0.481384
primary_strict_point_hn1,1,3827,3827,-0.686368,0.471569
primary_strict_point_hn1,1,3828,3828,-0.688056,0.411326
primary_strict_point_hn1,1,3829,3829,-0.648362,0.431419
primary_strict_point_hn1,1,3830,3830,-0.703588,0.436458
primary_strict_point_hn1,1,3831,3831,-0.662732,0.465332
primary_strict_point_hn1,1,3832,3832,-0.695733,0.539526
primary_strict_point_hn1,1,3833,3833,-0.721804,0.470888
primary_strict_point_hn1,1,3834,3834,-0.593036,0.726546
primary_strict_point_hn1,1,3835,3835,-0.558406,0.607177
primary_strict_point_hn1,1,3836,3836,-0.488454,0.521075
primary_strict_point_hn1,1,3837,3837,-0.540284,0.572668
primary_strict_point_hn1,1,3838,3838,-0.421629,0.71614
primary_strict_point_hn1,1,3839,3839,-0.521372,0.72982
primary_strict_point_hn1,1,3840,3840,-0.770969,0.485242
primary_strict_point_hn1,1,3841,3841,-0.725851,0.698345
primary_strict_point_hn1,1,3842,3842,-0.669414,0.690875
primary_strict_point_hn1,1,3843,3843,-0.704848,0.502622
primary_strict_point_hn1,1,3844,3844,-0.751867,0.443032
primary_strict_point_hn1,1,3845,3845,-0.0959552,0.808554
primary_strict_point_hn1,1,3846,3846,-0.204956,0.852245
primary_strict_point_hn1,1,3847,3847,-0.204601,0.807024
primary_strict_point_hn1,1,3848,3848,-0.106751,0.680453
primary_strict_point_hn1,1,3849,3849,-0.675505,0.465461
primary_strict_point_hn1,1,3850,3850,-0.558243,0.540024
primary_strict_point_hn1,1,3851,3851,-0.634013,0.520977
primary_strict_point_hn1,1,3852,3852,-0.530911,0.549054
primary_strict_point_hn1,1,3853,3853,-0.646898,0.599742
primary_strict_point_hn1,1,3854,3854,-0.630728,0.510973
primary_strict_point_hn1,1,3855,3855,-0.681697,0.580284
primary_strict_point_hn1,1,3856,3856,-0.672049,0.480621
primary_strict_point_hn1,1,3857,3857,-0.807718,0.348041
primary_strict_point_hn1,1,3858,3858,-0.764829,0.4361
primary_strict_point_hn1,1,3859,3859,-0.895522,0.394377
primary_strict_point_hn1,1,3860,3860,-0.89872,0.366395
primary_strict_point_hn1,1,3861,3861,-0.976942,0.526522
primary_strict_point_hn1,1,3862,3862,-0.890521,0.547203
primary_strict_point_hn1,1,3863,3863,-0.798094,0.551927
primary_strict_point_hn1,1,3864,3864,-0.825696,0.437405
primary_strict_point_hn1,1,3865,3865,-0.872409,0.54429
primary_strict_point_hn1,1,3866,3866,-0.765295,0.5241
primary_strict_point_hn1,1,3867,3867,-0.774096,0.514198
primary_strict_point_hn1,1,3868,3868,-0.738642,0.415319
primary_strict_point_hn1,1,3869,3869,-0.770981,0.577035
primary_strict_point_hn1,1,3870,3870,-0.799109,0.595332
primary_strict_point_hn1,1,3871,3871,-0.874563,0.569207
primary_strict_point_hn1,1,3872,3872,-0.8499,0.535133
primary_strict_point_hn1,1,3873,3873,-1.10913,0.766037
primary_strict_point_hn1,1,3874,3874,-0.77551,0.589728
primary_strict_point_hn1,1,3875,3875,-0.799558,0.39234
primary_strict_point_hn1,1,3876,3876,-0.677976,0.525435
primary_strict_point_hn1,1,3877,3877,-0.966561,0.299965
primary_strict_point_hn1,1,3878,3878,-0.829785,0.30044
primary_strict_point_hn1,1,3879,3879,-0.884522,0.280746
primary_strict_point_hn1,1,3880,3880,-0.839969,0.244655
primary_strict_point_hn1,1,3881,3881,-0.837471,0.447939
primary_strict_point_hn1,1,3882,3882,-0.765389,0.29951
primary_strict_point_hn1,1,3883,3883,-0.772584,0.288327
primary_strict_point_hn1,1,3884,3884,-0.785762,0.384098
primary_strict_point_hn1,1,3885,3885,-0.436303,0.69184
primary_strict_point_hn1,1,3886,3886,-0.474639,0.295376
primary_strict_point_hn1,1,3887,3887,-0.525485,0.502291
primary_strict_point_hn1,1,3888,3888,-0.694944,0.461765
primary_strict_point_hn1,1,3889,3889,-0.638779,0.392724
primary_strict_point_hn1,1,3890,3890,-0.605372,0.37057
primary_strict_point_hn1,1,3891,3891,-0.596715,0.770431
primary_strict_point_hn1,1,3892,3892,-0.638967,0.611095
primary_strict_point_hn1,1,3893,3893,-0.604171,0.756195
primary_strict_point_hn1,1,3894,3894,-0.682603,0.407378
primary_strict_point_hn1,1,3895,3895,-0.696539,0.438415
primary_strict_point_hn1,1,3896,3896,-0.836286,0.374143
primary_strict_point_hn1,1,3897,3897,-0.833491,0.399088
primary_strict_point_hn1,1,3898,3898,-0.521865,0.471208
primary_strict_point_hn1,1,3899,3899,-0.848039,0.6013
primary_strict_point_hn1,1,3900,3900,-0.988101,0.83895
primary_strict_point_hn1,1,3901,3901,-0.233074,0.801407
primary_strict_point_hn1,1,3902,3902,-0.52585,0.52415
primary_strict_point_hn1,1,3903,3903,-0.518902,0.579096
primary_strict_point_hn1,1,3904,3904,-0.330938,0.572323
primary_strict_point_hn1,1,3905,3905,-0.830196,0.369106
primary_strict_point_hn1,1,3906,3906,-0.670733,0.378597
primary_strict_point_hn1,1,3907,3907,-0.324007,0.573304
primary_strict_point_hn1,1,3908,3908,-0.536413,0.483624
primary_strict_point_hn1,1,3909,3909,-0.405665,0.591746
primary_strict_point_hn1,1,3910,3910,-0.375751,0.6208
primary_strict_point_hn1,1,3911,3911,-0.42153,0.650213
primary_strict_point_hn1,1,3912,3912,-0.408334,0.512099
primary_strict_point_hn1,1,3913,3913,-0.450654,0.516762
primary_strict_point_hn1,1,3914,3914,-0.401138,0.569181
primary_strict_point_hn1,1,3915,3915,-0.646295,0.539557
primary_strict_point_hn1,1,3916,3916,-0.62695,0.62402
primary_strict_point_hn1,1,3917,3917,-0.651456,0.43784
primary_strict_point_hn1,1,3918,3918,-0.66361,0.565254
primary_strict_point_hn1,1,3919,3919,-0.62548,0.536693
primary_strict_point_hn1,1,3920,3920,-0.521962,0.589841
primary_strict_point_hn1,1,3921,3921,-0.489572,0.605867
primary_strict_point_hn1,1,3922,3922,-0.593048,0.485032
primary_strict_point_hn1,1,3923,3923,-0.734105,0.45342
primary_strict_point_hn1,1,3924,3924,-0.672558,0.515349
primary_strict_point_hn1,1,3925,3925,-0.686645,0.529391
primary_strict_point_hn1,1,3926,3926,-0.73777,0.437958
primary_strict_point_hn1,1,3927,3927,-0.686084,0.508848
primary_strict_point_hn1,1,3928,3928,-0.727773,0.457088
primary_strict_point_hn1,1,3929,3929,-0.780676,0.514898
primary_strict_point_hn1,1,3930,3930,-0.876854,0.683021
primary_strict_point_hn1,1,3931,3931,-0.46216,0.361768
primary_strict_point_hn1,1,3932,3932,-0.775069,0.403799
primary_strict_point_hn1,1,3933,3933,-0.695528,0.366455
primary_strict_point_hn1,1,3934,3934,-0.532407,0.454798
primary_strict_point_hn1,1,3935,3935,-0.731252,0.54998
primary_strict_point_hn1,1,3936,3936,-0.509826,0.420784
primary_strict_point_hn1,1,3937,3937,-0.592842,0.421603
primary_strict_point_hn1,1,3938,3938,-0.433879,0.513505
primary_strict_point_hn1,1,3939,3939,-1.15721,0.858578
primary_strict_point_hn1,1,3940,3940,-0.890926,0.689622
primary_strict_point_hn1,1,3941,3941,-1.02666,0.774747
primary_strict_point_hn1,1,3942,3942,-0.596613,0.613594
primary_strict_point_hn1,1,3943,3943,-0.550227,0.648801
primary_strict_point_hn1,1,3944,3944,-0.460215,0.441419
primary_strict_point_hn1,1,3945,3945,-0.271469,0.525846
primary_strict_point_hn1,1,3946,3946,-0.532587,0.872265
primary_strict_point_hn1,1,3947,3947,-0.540636,0.848666
primary_strict_point_hn1,1,3948,3948,-0.438615,0.355385
primary_strict_point_hn1,1,3949,3949,-0.523602,0.748569
primary_strict_point_hn1,1,3950,3950,-0.471994,0.679867
primary_strict_point_hn1,1,3951,3951,-0.576064,0.393459
primary_strict_point_hn1,1,3952,3952,-0.68004,0.375617
primary_strict_point_hn1,1,3953,3953,-0.687667,0.398552
primary_strict_point_hn1,1,3954,3954,-0.763142,0.363618
primary_strict_point_hn1,1,3955,3955,-0.643114,0.451088
primary_strict_point_hn1,1,3956,3956,-0.721092,0.463756
primary_strict_point_hn1,1,3957,3957,-0.678705,0.435618
primary_strict_point_hn1,1,3958,3958,-0.970388,0.654032
primary_strict_point_hn1,1,3959,3959,-0.954678,0.571743
primary_strict_point_hn1,1,3960,3960,-0.949075,0.572461
primary_strict_point_hn1,1,3961,3961,-0.740466,0.696377
primary_strict_point_hn1,1,3962,3962,-0.766641,0.696104
primary_strict_point_hn1,1,3963,3963,-0.591104,0.500648
primary_strict_point_hn1,1,3964,3964,-0.79113,0.563367
primary_strict_point_hn1,1,3965,3965,-0.530798,0.560314
primary_strict_point_hn1,1,3966,3966,-0.663096,0.583932
primary_strict_point_hn1,1,3967,3967,-0.713188,0.533591
primary_strict_point_hn1,1,3968,3968,-0.794394,0.681268
primary_strict_point_hn1,1,3969,3969,-0.640998,0.689347
primary_strict_point_hn1,1,3970,3970,-0.720209,0.667641
primary_strict_point_hn1,1,3971,3971,-0.639696,0.461282
primary_strict_point_hn1,1,3972,3972,-0.507934,0.431771
primary_strict_point_hn1,1,3973,3973,-0.479246,0.660492
primary_strict_point_hn1,1,3974,3974,-0.439008,0.599016
primary_strict_point_hn1,1,3975,3975,-0.545798,0.555123
primary_strict_point_hn1,1,3976,3976,-0.378495,0.521163
primary_strict_point_hn1,1,3977,3977,-0.449212,0.614093
primary_strict_point_hn1,1,3978,3978,-0.235285,0.487614
primary_strict_point_hn1,1,3979,3979,-0.430001,0.504328
primary_strict_point_hn1,1,3980,3980,-0.53725,0.382097
primary_strict_point_hn1,1,3981,3981,-0.465945,0.438798
primary_strict_point_hn1,1,3982,3982,-0.931337,0.721513
primary_strict_point_hn1,1,3983,3983,-0.75355,0.40634
primary_strict_point_hn1,1,3984,3984,-0.812714,0.37511100000000003
primary_strict_point_hn1,1,3985,3985,-0.834359,0.378422
primary_strict_point_hn1,1,3986,3986,-0.452869,0.451129
primary_strict_point_hn1,1,3987,3987,-0.57931,0.494157
primary_strict_point_hn1,1,3988,3988,-0.554514,0.629976
primary_strict_point_hn1,1,3989,3989,-0.504964,0.829791
primary_strict_point_hn1,1,3990,3990,-0.702787,0.556026
primary_strict_point_hn1,1,3991,3991,-0.596115,0.552279
primary_strict_point_hn1,1,3992,3992,-0.34718,0.650181
primary_strict_point_hn1,1,3993,3993,-0.364854,0.696591
primary_strict_point_hn1,1,3994,3994,-0.477258,0.341076
primary_strict_point_hn1,1,3995,3995,-0.535869,0.451206
primary_strict_point_hn1,1,3996,3996,-0.631113,0.489906
primary_strict_point_hn1,1,3997,3997,-0.740232,0.474266
primary_strict_point_hn1,1,3998,3998,-0.59835,0.356974
primary_strict_point_hn1,1,3999,3999,-0.842253,0.494272
primary_strict_point_hn1,1,4000,4000,-0.894025,0.642445
primary_strict_point_hn1,2,1,4001,-0.550351,0.469878
primary_strict_point_hn1,2,2,4002,-0.634845,0.57409
primary_strict_point_hn1,2,3,4003,-0.768233,0.720049
primary_strict_point_hn1,2,4,4004,-0.656146,0.549041
primary_strict_point_hn1,2,5,4005,-0.718521,0.501779
primary_strict_point_hn1,2,6,4006,-0.414694,0.601104
primary_strict_point_hn1,2,7,4007,-0.767613,0.941874
primary_strict_point_hn1,2,8,4008,-0.56311,0.683523
primary_strict_point_hn1,2,9,4009,-0.868196,0.833261
primary_strict_point_hn1,2,10,4010,-1.01791,0.938277
primary_strict_point_hn1,2,11,4011,-0.823767,0.720849
primary_strict_point_hn1,2,12,4012,-0.849567,0.47937
primary_strict_point_hn1,2,13,4013,-0.742168,0.573218
primary_strict_point_hn1,2,14,4014,-0.853156,0.652309
primary_strict_point_hn1,2,15,4015,-0.836818,0.727957
primary_strict_point_hn1,2,16,4016,-0.886158,0.855133
primary_strict_point_hn1,2,17,4017,-0.565193,0.577156
primary_strict_point_hn1,2,18,4018,-0.736543,0.48625
primary_strict_point_hn1,2,19,4019,-0.658189,0.485684
primary_strict_point_hn1,2,20,4020,-0.842597,0.649282
primary_strict_point_hn1,2,21,4021,-0.700662,0.654035
primary_strict_point_hn1,2,22,4022,-0.802772,0.530344
primary_strict_point_hn1,2,23,4023,-0.593039,0.699218
primary_strict_point_hn1,2,24,4024,-0.896843,0.605649
primary_strict_point_hn1,2,25,4025,-0.991287,0.614962
primary_strict_point_hn1,2,26,4026,-0.85332,0.567635
primary_strict_point_hn1,2,27,4027,-0.732047,0.67546
primary_strict_point_hn1,2,28,4028,-0.785562,0.648168
primary_strict_point_hn1,2,29,4029,-0.943984,0.461497
primary_strict_point_hn1,2,30,4030,-0.828405,0.333534
primary_strict_point_hn1,2,31,4031,-0.714067,0.49563
primary_strict_point_hn1,2,32,4032,-0.678782,0.663914
primary_strict_point_hn1,2,33,4033,-0.817484,0.449699
primary_strict_point_hn1,2,34,4034,-0.608705,0.352612
primary_strict_point_hn1,2,35,4035,-0.406757,0.511966
primary_strict_point_hn1,2,36,4036,-0.490665,0.503758
primary_strict_point_hn1,2,37,4037,-0.497581,0.655815
primary_strict_point_hn1,2,38,4038,-0.536477,0.546437
primary_strict_point_hn1,2,39,4039,-0.319881,0.781536
primary_strict_point_hn1,2,40,4040,-0.431173,0.773167
primary_strict_point_hn1,2,41,4041,-0.496101,0.801707
primary_strict_point_hn1,2,42,4042,-0.681938,0.365171
primary_strict_point_hn1,2,43,4043,-0.678929,0.409534
primary_strict_point_hn1,2,44,4044,-0.700247,0.44863
primary_strict_point_hn1,2,45,4045,-0.714431,0.305952
primary_strict_point_hn1,2,46,4046,-0.559503,0.45328
primary_strict_point_hn1,2,47,4047,-0.510946,0.403999
primary_strict_point_hn1,2,48,4048,-0.428361,0.691181
primary_strict_point_hn1,2,49,4049,-0.383042,0.420929
primary_strict_point_hn1,2,50,4050,-0.24693,0.629837
primary_strict_point_hn1,2,51,4051,-0.173028,0.765843
primary_strict_point_hn1,2,52,4052,-0.167761,0.723904
primary_strict_point_hn1,2,53,4053,-0.321855,0.676359
primary_strict_point_hn1,2,54,4054,-0.489787,0.47869
primary_strict_point_hn1,2,55,4055,-0.428104,0.545125
primary_strict_point_hn1,2,56,4056,-0.690669,0.837318
primary_strict_point_hn1,2,57,4057,-0.364772,0.908186
primary_strict_point_hn1,2,58,4058,-0.413321,0.717142
primary_strict_point_hn1,2,59,4059,-0.874208,0.505889
primary_strict_point_hn1,2,60,4060,-0.90587,0.607241
primary_strict_point_hn1,2,61,4061,-0.606099,0.615966
primary_strict_point_hn1,2,62,4062,-0.407319,0.738013
primary_strict_point_hn1,2,63,4063,-0.482143,0.831138
primary_strict_point_hn1,2,64,4064,-0.504075,0.788516
primary_strict_point_hn1,2,65,4065,-0.448607,0.632119
primary_strict_point_hn1,2,66,4066,-0.364358,0.966713
primary_strict_point_hn1,2,67,4067,-0.19603,0.991536
primary_strict_point_hn1,2,68,4068,-0.636446,0.657131
primary_strict_point_hn1,2,69,4069,-0.48789,0.400666
primary_strict_point_hn1,2,70,4070,-0.477128,0.539474
primary_strict_point_hn1,2,71,4071,-0.698085,0.51453
primary_strict_point_hn1,2,72,4072,-0.733588,0.401759
primary_strict_point_hn1,2,73,4073,-0.654312,0.39319
primary_strict_point_hn1,2,74,4074,-0.565842,0.519082
primary_strict_point_hn1,2,75,4075,-0.594694,0.645797
primary_strict_point_hn1,2,76,4076,-0.591897,0.609069
primary_strict_point_hn1,2,77,4077,-0.5688,0.601457
primary_strict_point_hn1,2,78,4078,-0.577308,0.743105
primary_strict_point_hn1,2,79,4079,-0.848488,0.461494
primary_strict_point_hn1,2,80,4080,-0.743245,0.392785
primary_strict_point_hn1,2,81,4081,-0.658523,0.321541
primary_strict_point_hn1,2,82,4082,-0.720169,0.378113
primary_strict_point_hn1,2,83,4083,-0.682467,0.587028
primary_strict_point_hn1,2,84,4084,-0.76775,0.707076
primary_strict_point_hn1,2,85,4085,-0.458308,0.47948
primary_strict_point_hn1,2,86,4086,-0.366541,0.553676
primary_strict_point_hn1,2,87,4087,-0.482447,0.55359100000000006
primary_strict_point_hn1,2,88,4088,-0.542291,0.709574
primary_strict_point_hn1,2,89,4089,-0.714234,0.628882
primary_strict_point_hn1,2,90,4090,-0.70931,0.721152
primary_strict_point_hn1,2,91,4091,-1.14629,0.591608
primary_strict_point_hn1,2,92,4092,-1.00627,0.650027
primary_strict_point_hn1,2,93,4093,-0.732298,0.441808
primary_strict_point_hn1,2,94,4094,-0.884377,0.445505
primary_strict_point_hn1,2,95,4095,-0.675782,0.412335
primary_strict_point_hn1,2,96,4096,-0.632164,0.467488
primary_strict_point_hn1,2,97,4097,-0.616694,0.294287
primary_strict_point_hn1,2,98,4098,-0.408258,0.438738
primary_strict_point_hn1,2,99,4099,-0.329925,0.380972
primary_strict_point_hn1,2,100,4100,-0.501955,0.503745
primary_strict_point_hn1,2,101,4101,-0.687471,0.293348
primary_strict_point_hn1,2,102,4102,-0.681959,0.428145
primary_strict_point_hn1,2,103,4103,-0.604928,0.400357
primary_strict_point_hn1,2,104,4104,-0.619126,0.395291
primary_strict_point_hn1,2,105,4105,-0.470926,0.454909
primary_strict_point_hn1,2,106,4106,-0.468508,0.313806
primary_strict_point_hn1,2,107,4107,-0.556806,0.362409
primary_strict_point_hn1,2,108,4108,-0.349212,0.639685
primary_strict_point_hn1,2,109,4109,-0.387029,0.455513
primary_strict_point_hn1,2,110,4110,-0.449546,0.400087
primary_strict_point_hn1,2,111,4111,-0.604933,0.358892
primary_strict_point_hn1,2,112,4112,-0.511936,0.554921
primary_strict_point_hn1,2,113,4113,-0.511604,0.55448
primary_strict_point_hn1,2,114,4114,-0.533592,0.441681
primary_strict_point_hn1,2,115,4115,-0.494871,0.586869
primary_strict_point_hn1,2,116,4116,-0.554435,0.63711
primary_strict_point_hn1,2,117,4117,-0.716185,0.502518
primary_strict_point_hn1,2,118,4118,-0.821191,0.391608
primary_strict_point_hn1,2,119,4119,-0.695633,0.47353
primary_strict_point_hn1,2,120,4120,-0.752185,0.491924
primary_strict_point_hn1,2,121,4121,-0.776013,0.469105
primary_strict_point_hn1,2,122,4122,-0.765436,0.475226
primary_strict_point_hn1,2,123,4123,-0.517485,0.4365
primary_strict_point_hn1,2,124,4124,-0.803387,0.499202
primary_strict_point_hn1,2,125,4125,-0.733961,0.534285
primary_strict_point_hn1,2,126,4126,-0.784283,0.576964
primary_strict_point_hn1,2,127,4127,-0.638147,0.557729
primary_strict_point_hn1,2,128,4128,-0.56187,0.744374
primary_strict_point_hn1,2,129,4129,-0.477931,0.725858
primary_strict_point_hn1,2,130,4130,-0.728536,0.485946
primary_strict_point_hn1,2,131,4131,-0.741325,0.545374
primary_strict_point_hn1,2,132,4132,-0.835783,0.612805
primary_strict_point_hn1,2,133,4133,-0.548519,1.06513
primary_strict_point_hn1,2,134,4134,-0.395758,0.63684
primary_strict_point_hn1,2,135,4135,-0.433043,0.582664
primary_strict_point_hn1,2,136,4136,-0.627501,0.623618
primary_strict_point_hn1,2,137,4137,-0.78263,0.51888
primary_strict_point_hn1,2,138,4138,-0.8281,0.495815
primary_strict_point_hn1,2,139,4139,-0.728376,0.57292
primary_strict_point_hn1,2,140,4140,-0.925883,0.587359
primary_strict_point_hn1,2,141,4141,-0.778956,0.510163
primary_strict_point_hn1,2,142,4142,-0.265068,0.625155
primary_strict_point_hn1,2,143,4143,-0.283051,0.492779
primary_strict_point_hn1,2,144,4144,-0.294674,0.478817
primary_strict_point_hn1,2,145,4145,-0.262559,0.609508
primary_strict_point_hn1,2,146,4146,-0.394846,0.827906
primary_strict_point_hn1,2,147,4147,-0.788112,0.63018
primary_strict_point_hn1,2,148,4148,-0.860505,0.664638
primary_strict_point_hn1,2,149,4149,-0.654691,0.559703
primary_strict_point_hn1,2,150,4150,-0.726073,0.567766
primary_strict_point_hn1,2,151,4151,-0.710457,0.48047
primary_strict_point_hn1,2,152,4152,-0.695512,0.704405
primary_strict_point_hn1,2,153,4153,-0.854439,0.363464
primary_strict_point_hn1,2,154,4154,-0.844796,0.299286
primary_strict_point_hn1,2,155,4155,-0.713122,0.52805
primary_strict_point_hn1,2,156,4156,-0.71967,0.39223
primary_strict_point_hn1,2,157,4157,-0.748835,0.506413
primary_strict_point_hn1,2,158,4158,-0.576152,0.388535
primary_strict_point_hn1,2,159,4159,-0.493225,0.493416
primary_strict_point_hn1,2,160,4160,-0.821084,0.447604
primary_strict_point_hn1,2,161,4161,-0.439645,0.421597
primary_strict_point_hn1,2,162,4162,-0.74209,0.459074
primary_strict_point_hn1,2,163,4163,-0.708671,0.456972
primary_strict_point_hn1,2,164,4164,-0.566396,0.56894
primary_strict_point_hn1,2,165,4165,-0.62074,0.557434
primary_strict_point_hn1,2,166,4166,-0.442116,0.52655
primary_strict_point_hn1,2,167,4167,-0.387288,0.578729
primary_strict_point_hn1,2,168,4168,-0.462609,0.344625
primary_strict_point_hn1,2,169,4169,-0.691383,0.467005
primary_strict_point_hn1,2,170,4170,-0.627682,0.56295
primary_strict_point_hn1,2,171,4171,-0.414285,0.554953
primary_strict_point_hn1,2,172,4172,-0.382627,0.585515
primary_strict_point_hn1,2,173,4173,-0.463451,0.537539
primary_strict_point_hn1,2,174,4174,-0.410864,0.374585
primary_strict_point_hn1,2,175,4175,-0.27836,0.858684
primary_strict_point_hn1,2,176,4176,-0.321267,0.816102
primary_strict_point_hn1,2,177,4177,-0.340212,0.788001
primary_strict_point_hn1,2,178,4178,-0.433106,0.759919
primary_strict_point_hn1,2,179,4179,0.116648,0.619891
primary_strict_point_hn1,2,180,4180,0.245556,0.654772
primary_strict_point_hn1,2,181,4181,-3.91925e-4,0.700775
primary_strict_point_hn1,2,182,4182,-0.467808,0.672995
primary_strict_point_hn1,2,183,4183,-0.509403,0.553721
primary_strict_point_hn1,2,184,4184,-0.440198,0.636081
primary_strict_point_hn1,2,185,4185,-0.62189,0.599458
primary_strict_point_hn1,2,186,4186,-0.688369,0.796355
primary_strict_point_hn1,2,187,4187,-0.455025,0.562541
primary_strict_point_hn1,2,188,4188,-0.889459,0.832916
primary_strict_point_hn1,2,189,4189,-0.895935,0.836018
primary_strict_point_hn1,2,190,4190,-0.377722,0.509151
primary_strict_point_hn1,2,191,4191,-0.644472,0.685618
primary_strict_point_hn1,2,192,4192,-0.560149,0.887724
primary_strict_point_hn1,2,193,4193,-0.750453,0.663852
primary_strict_point_hn1,2,194,4194,-0.556688,0.438262
primary_strict_point_hn1,2,195,4195,-0.406039,0.577334
primary_strict_point_hn1,2,196,4196,-0.603055,0.776993
primary_strict_point_hn1,2,197,4197,-0.586227,0.579322
primary_strict_point_hn1,2,198,4198,-0.782766,0.520012
primary_strict_point_hn1,2,199,4199,-0.808767,0.621957
primary_strict_point_hn1,2,200,4200,-0.759864,0.54815
primary_strict_point_hn1,2,201,4201,-0.675412,0.633718
primary_strict_point_hn1,2,202,4202,-0.618708,0.660616
primary_strict_point_hn1,2,203,4203,-0.812186,0.743912
primary_strict_point_hn1,2,204,4204,-0.533461,0.574545
primary_strict_point_hn1,2,205,4205,-0.626083,0.572616
primary_strict_point_hn1,2,206,4206,-0.60856,0.780015
primary_strict_point_hn1,2,207,4207,-0.461536,0.761225
primary_strict_point_hn1,2,208,4208,-0.834722,0.776401
primary_strict_point_hn1,2,209,4209,-0.820905,0.712033
primary_strict_point_hn1,2,210,4210,-0.535806,0.745483
primary_strict_point_hn1,2,211,4211,-0.57561,0.732085
primary_strict_point_hn1,2,212,4212,-0.652578,0.696085
primary_strict_point_hn1,2,213,4213,-0.712549,0.634694
primary_strict_point_hn1,2,214,4214,-0.711386,0.450517
primary_strict_point_hn1,2,215,4215,-0.70412,0.46422
primary_strict_point_hn1,2,216,4216,-0.890829,0.467221
primary_strict_point_hn1,2,217,4217,-0.82002,0.458846
primary_strict_point_hn1,2,218,4218,-0.935941,0.656987
primary_strict_point_hn1,2,219,4219,-0.811389,0.583315
primary_strict_point_hn1,2,220,4220,-0.823684,0.541443
primary_strict_point_hn1,2,221,4221,-0.60152,0.568977
primary_strict_point_hn1,2,222,4222,-0.623048,0.411254
primary_strict_point_hn1,2,223,4223,-1.12643,0.618778
primary_strict_point_hn1,2,224,4224,-1.23443,0.773041
primary_strict_point_hn1,2,225,4225,-1.09816,0.575855
primary_strict_point_hn1,2,226,4226,-0.625623,0.503688
primary_strict_point_hn1,2,227,4227,-0.564378,0.45339
primary_strict_point_hn1,2,228,4228,-0.498354,0.672834
primary_strict_point_hn1,2,229,4229,-0.47896,0.811134
primary_strict_point_hn1,2,230,4230,-0.648034,0.481483
primary_strict_point_hn1,2,231,4231,-0.85319,0.700895
primary_strict_point_hn1,2,232,4232,-0.815392,0.875346
primary_strict_point_hn1,2,233,4233,-0.725093,0.957633
primary_strict_point_hn1,2,234,4234,-0.619337,0.360658
primary_strict_point_hn1,2,235,4235,-0.467717,0.423813
primary_strict_point_hn1,2,236,4236,-0.471029,0.415698
primary_strict_point_hn1,2,237,4237,-0.456084,0.433443
primary_strict_point_hn1,2,238,4238,-0.428952,0.482274
primary_strict_point_hn1,2,239,4239,-0.458687,0.519149
primary_strict_point_hn1,2,240,4240,-0.408526,0.533118
primary_strict_point_hn1,2,241,4241,-0.530126,0.575511
primary_strict_point_hn1,2,242,4242,-0.471272,0.603578
primary_strict_point_hn1,2,243,4243,-0.474561,0.655874
primary_strict_point_hn1,2,244,4244,-0.60931,0.434871
primary_strict_point_hn1,2,245,4245,-0.684444,0.541503
primary_strict_point_hn1,2,246,4246,-0.71771,0.473367
primary_strict_point_hn1,2,247,4247,-0.568297,0.556292
primary_strict_point_hn1,2,248,4248,-0.449704,0.515672
primary_strict_point_hn1,2,249,4249,-0.320049,0.8128
primary_strict_point_hn1,2,250,4250,-0.346494,0.676086
primary_strict_point_hn1,2,251,4251,-0.528741,0.736407
primary_strict_point_hn1,2,252,4252,-0.579228,0.493005
primary_strict_point_hn1,2,253,4253,-0.506703,0.514914
primary_strict_point_hn1,2,254,4254,-0.300308,0.510047
primary_strict_point_hn1,2,255,4255,-0.422126,0.608354
primary_strict_point_hn1,2,256,4256,-0.505708,0.744863
primary_strict_point_hn1,2,257,4257,-0.243322,0.640033
primary_strict_point_hn1,2,258,4258,-0.700368,0.75716
primary_strict_point_hn1,2,259,4259,-0.494529,0.756061
primary_strict_point_hn1,2,260,4260,-0.565339,0.755161
primary_strict_point_hn1,2,261,4261,-0.434137,0.764573
primary_strict_point_hn1,2,262,4262,-0.352189,0.654654
primary_strict_point_hn1,2,263,4263,-0.771549,0.784538
primary_strict_point_hn1,2,264,4264,-0.644347,0.503154
primary_strict_point_hn1,2,265,4265,-0.666713,0.483447
primary_strict_point_hn1,2,266,4266,-0.952803,0.815808
primary_strict_point_hn1,2,267,4267,-0.635933,0.672333
primary_strict_point_hn1,2,268,4268,-0.786193,0.60108
primary_strict_point_hn1,2,269,4269,-0.54161,0.688918
primary_strict_point_hn1,2,270,4270,-0.715481,0.653983
primary_strict_point_hn1,2,271,4271,-0.744724,0.649908
primary_strict_point_hn1,2,272,4272,-0.745558,0.653479
primary_strict_point_hn1,2,273,4273,-0.506203,0.699301
primary_strict_point_hn1,2,274,4274,-0.803322,0.703094
primary_strict_point_hn1,2,275,4275,-0.647772,0.605126
primary_strict_point_hn1,2,276,4276,-0.471819,0.534203
primary_strict_point_hn1,2,277,4277,-0.730602,0.524883
primary_strict_point_hn1,2,278,4278,-0.595256,0.619675
primary_strict_point_hn1,2,279,4279,-0.671413,0.62223
primary_strict_point_hn1,2,280,4280,-0.667726,0.612635
primary_strict_point_hn1,2,281,4281,-0.58868,0.610031
primary_strict_point_hn1,2,282,4282,-0.669788,0.589574
primary_strict_point_hn1,2,283,4283,-0.646436,0.583211
primary_strict_point_hn1,2,284,4284,-0.618867,0.504245
primary_strict_point_hn1,2,285,4285,-0.657544,0.459802
primary_strict_point_hn1,2,286,4286,-0.61654,0.390087
primary_strict_point_hn1,2,287,4287,-0.56123,0.510995
primary_strict_point_hn1,2,288,4288,-0.598096,0.521893
primary_strict_point_hn1,2,289,4289,-0.48913,0.618956
primary_strict_point_hn1,2,290,4290,-0.540965,0.692498
primary_strict_point_hn1,2,291,4291,-0.73885,0.287545
primary_strict_point_hn1,2,292,4292,-0.772285,0.318236
primary_strict_point_hn1,2,293,4293,-0.702069,0.4185
primary_strict_point_hn1,2,294,4294,-0.69447,0.397738
primary_strict_point_hn1,2,295,4295,-0.776556,0.434458
primary_strict_point_hn1,2,296,4296,-0.626198,0.483388
primary_strict_point_hn1,2,297,4297,-0.681379,0.449263
primary_strict_point_hn1,2,298,4298,-0.251975,0.619647
primary_strict_point_hn1,2,299,4299,-0.568743,0.46503
primary_strict_point_hn1,2,300,4300,-0.582642,0.38524
primary_strict_point_hn1,2,301,4301,-0.386017,0.45035
primary_strict_point_hn1,2,302,4302,-0.542504,0.453226
primary_strict_point_hn1,2,303,4303,-0.534785,0.47834
primary_strict_point_hn1,2,304,4304,-0.329866,0.492742
primary_strict_point_hn1,2,305,4305,-0.376247,0.438699
primary_strict_point_hn1,2,306,4306,-0.59339,0.329599
primary_strict_point_hn1,2,307,4307,-0.523708,0.504939
primary_strict_point_hn1,2,308,4308,-0.549423,0.529688
primary_strict_point_hn1,2,309,4309,-1.11846,0.668778
primary_strict_point_hn1,2,310,4310,-0.999846,0.679019
primary_strict_point_hn1,2,311,4311,-1.05102,0.919596
primary_strict_point_hn1,2,312,4312,-1.05828,0.820671
primary_strict_point_hn1,2,313,4313,-0.240617,0.573129
primary_strict_point_hn1,2,314,4314,-0.252196,0.805454
primary_strict_point_hn1,2,315,4315,-0.490272,0.54911
primary_strict_point_hn1,2,316,4316,-0.7132,0.590487
primary_strict_point_hn1,2,317,4317,-0.65619,0.578846
primary_strict_point_hn1,2,318,4318,-0.623683,0.674699
primary_strict_point_hn1,2,319,4319,-0.597969,0.667358
primary_strict_point_hn1,2,320,4320,-0.616256,0.635302
primary_strict_point_hn1,2,321,4321,-0.784925,0.566004
primary_strict_point_hn1,2,322,4322,-0.619755,0.314653
primary_strict_point_hn1,2,323,4323,-0.803375,0.371465
primary_strict_point_hn1,2,324,4324,-0.827099,0.561812
primary_strict_point_hn1,2,325,4325,-0.862201,0.486028
primary_strict_point_hn1,2,326,4326,-0.558948,0.40572
primary_strict_point_hn1,2,327,4327,-0.653713,0.49795
primary_strict_point_hn1,2,328,4328,-0.770721,0.470133
primary_strict_point_hn1,2,329,4329,-0.707433,0.831282
primary_strict_point_hn1,2,330,4330,-0.832463,0.805534
primary_strict_point_hn1,2,331,4331,-0.613259,0.741672
primary_strict_point_hn1,2,332,4332,-0.700255,0.782092
primary_strict_point_hn1,2,333,4333,-0.64051,0.417963
primary_strict_point_hn1,2,334,4334,-0.725755,0.46938
primary_strict_point_hn1,2,335,4335,-0.659074,0.435246
primary_strict_point_hn1,2,336,4336,-0.545159,0.444523
primary_strict_point_hn1,2,337,4337,-0.740686,0.510963
primary_strict_point_hn1,2,338,4338,-0.634686,0.492552
primary_strict_point_hn1,2,339,4339,-0.616191,0.453954
primary_strict_point_hn1,2,340,4340,-0.40507,1.02238
primary_strict_point_hn1,2,341,4341,-0.465273,0.947259
primary_strict_point_hn1,2,342,4342,-0.714175,0.775586
primary_strict_point_hn1,2,343,4343,-0.72132,0.759282
primary_strict_point_hn1,2,344,4344,-0.633207,0.469201
primary_strict_point_hn1,2,345,4345,-0.808115,0.486294
primary_strict_point_hn1,2,346,4346,-0.59643,0.649547
primary_strict_point_hn1,2,347,4347,-0.482675,0.47822
primary_strict_point_hn1,2,348,4348,-0.48,0.395217
primary_strict_point_hn1,2,349,4349,-0.431403,0.719933
primary_strict_point_hn1,2,350,4350,-0.513639,0.593163
primary_strict_point_hn1,2,351,4351,-0.402842,0.604992
primary_strict_point_hn1,2,352,4352,-0.319314,0.722778
primary_strict_point_hn1,2,353,4353,-0.561424,0.756401
primary_strict_point_hn1,2,354,4354,-0.576978,0.615858
primary_strict_point_hn1,2,355,4355,-0.567561,0.564844
primary_strict_point_hn1,2,356,4356,-0.620489,0.559125
primary_strict_point_hn1,2,357,4357,-0.685235,0.482565
primary_strict_point_hn1,2,358,4358,-0.751473,0.588407
primary_strict_point_hn1,2,359,4359,-0.74462,0.55246
primary_strict_point_hn1,2,360,4360,-0.908802,0.463654
primary_strict_point_hn1,2,361,4361,-0.795778,0.740371
primary_strict_point_hn1,2,362,4362,-0.75788,0.724683
primary_strict_point_hn1,2,363,4363,-0.760139,0.572824
primary_strict_point_hn1,2,364,4364,-0.76334,0.581166
primary_strict_point_hn1,2,365,4365,-0.622933,0.498858
primary_strict_point_hn1,2,366,4366,-0.576383,0.512509
primary_strict_point_hn1,2,367,4367,-0.702404,0.463156
primary_strict_point_hn1,2,368,4368,-0.781911,0.549807
primary_strict_point_hn1,2,369,4369,-0.586075,0.601224
primary_strict_point_hn1,2,370,4370,-0.811843,0.596777
primary_strict_point_hn1,2,371,4371,-0.436149,0.490889
primary_strict_point_hn1,2,372,4372,-0.387202,0.404326
primary_strict_point_hn1,2,373,4373,-0.516583,0.588716
primary_strict_point_hn1,2,374,4374,-0.461897,0.49145
primary_strict_point_hn1,2,375,4375,-0.586499,0.554238
primary_strict_point_hn1,2,376,4376,-0.635019,0.430302
primary_strict_point_hn1,2,377,4377,-0.755538,0.601532
primary_strict_point_hn1,2,378,4378,-0.759739,0.4916
primary_strict_point_hn1,2,379,4379,-0.671553,0.516678
primary_strict_point_hn1,2,380,4380,-0.689833,0.835413
primary_strict_point_hn1,2,381,4381,-0.540413,0.545371
primary_strict_point_hn1,2,382,4382,-0.542838,0.641058
primary_strict_point_hn1,2,383,4383,-0.570037,0.491237
primary_strict_point_hn1,2,384,4384,-0.569277,0.375136
primary_strict_point_hn1,2,385,4385,-0.628034,0.41962699999999997
primary_strict_point_hn1,2,386,4386,-0.46002,0.765798
primary_strict_point_hn1,2,387,4387,-0.599723,0.614095
primary_strict_point_hn1,2,388,4388,-0.726591,0.810025
primary_strict_point_hn1,2,389,4389,-0.76502,0.660768
primary_strict_point_hn1,2,390,4390,-0.638905,0.514832
primary_strict_point_hn1,2,391,4391,-1.22045,0.660321
primary_strict_point_hn1,2,392,4392,-1.22253,0.614637
primary_strict_point_hn1,2,393,4393,-0.90986,0.600394
primary_strict_point_hn1,2,394,4394,-0.768274,0.561153
primary_strict_point_hn1,2,395,4395,-1.00021,0.673466
primary_strict_point_hn1,2,396,4396,-0.762818,0.457612
primary_strict_point_hn1,2,397,4397,-0.776569,0.429176
primary_strict_point_hn1,2,398,4398,-0.643335,0.371782
primary_strict_point_hn1,2,399,4399,-0.713601,0.360032
primary_strict_point_hn1,2,400,4400,-0.83744,0.3086
primary_strict_point_hn1,2,401,4401,-0.424785,1.11378
primary_strict_point_hn1,2,402,4402,-0.540935,0.836745
primary_strict_point_hn1,2,403,4403,-0.717497,0.655755
primary_strict_point_hn1,2,404,4404,-0.569631,0.734309
primary_strict_point_hn1,2,405,4405,-0.794712,0.725196
primary_strict_point_hn1,2,406,4406,-0.662691,0.638646
primary_strict_point_hn1,2,407,4407,-0.636905,0.715627
primary_strict_point_hn1,2,408,4408,-0.549733,0.66891
primary_strict_point_hn1,2,409,4409,-0.511293,0.660109
primary_strict_point_hn1,2,410,4410,-0.385557,0.637004
primary_strict_point_hn1,2,411,4411,-0.411592,0.573403
primary_strict_point_hn1,2,412,4412,-0.488863,0.658308
primary_strict_point_hn1,2,413,4413,-0.620842,0.68744
primary_strict_point_hn1,2,414,4414,-0.47502,0.39689
primary_strict_point_hn1,2,415,4415,-0.414197,0.612957
primary_strict_point_hn1,2,416,4416,-0.390141,0.526186
primary_strict_point_hn1,2,417,4417,-0.676037,0.465091
primary_strict_point_hn1,2,418,4418,-0.651167,0.514751
primary_strict_point_hn1,2,419,4419,-0.736173,0.448568
primary_strict_point_hn1,2,420,4420,-0.674623,0.475154
primary_strict_point_hn1,2,421,4421,-0.61543,0.369086
primary_strict_point_hn1,2,422,4422,-0.494267,0.373857
primary_strict_point_hn1,2,423,4423,-1.02488,0.538484
primary_strict_point_hn1,2,424,4424,-0.955083,0.495355
primary_strict_point_hn1,2,425,4425,-0.829936,0.380756
primary_strict_point_hn1,2,426,4426,-0.895961,0.494106
primary_strict_point_hn1,2,427,4427,-0.755595,0.611654
primary_strict_point_hn1,2,428,4428,-0.799301,0.658936
primary_strict_point_hn1,2,429,4429,-0.695162,0.737953
primary_strict_point_hn1,2,430,4430,-0.348643,0.44934
primary_strict_point_hn1,2,431,4431,-0.364628,0.379043
primary_strict_point_hn1,2,432,4432,-0.299941,0.471856
primary_strict_point_hn1,2,433,4433,-0.76373,0.523157
primary_strict_point_hn1,2,434,4434,-0.680966,0.44765
primary_strict_point_hn1,2,435,4435,-0.707406,0.502065
primary_strict_point_hn1,2,436,4436,-0.557533,0.467251
primary_strict_point_hn1,2,437,4437,-0.558361,0.575287
primary_strict_point_hn1,2,438,4438,-0.692729,0.632283
primary_strict_point_hn1,2,439,4439,-0.613778,0.639972
primary_strict_point_hn1,2,440,4440,-0.524477,0.438535
primary_strict_point_hn1,2,441,4441,-0.634289,0.472156
primary_strict_point_hn1,2,442,4442,-0.44105,0.579572
primary_strict_point_hn1,2,443,4443,-0.41896,0.583373
primary_strict_point_hn1,2,444,4444,-0.415462,0.544779
primary_strict_point_hn1,2,445,4445,-0.605709,0.37334
primary_strict_point_hn1,2,446,4446,-0.441248,0.35617
primary_strict_point_hn1,2,447,4447,-0.546306,0.389272
primary_strict_point_hn1,2,448,4448,-0.410142,0.597858
primary_strict_point_hn1,2,449,4449,-0.297938,0.761747
primary_strict_point_hn1,2,450,4450,-0.432359,0.616359
primary_strict_point_hn1,2,451,4451,-0.667883,0.43341
primary_strict_point_hn1,2,452,4452,-0.532526,0.578302
primary_strict_point_hn1,2,453,4453,-0.689546,0.535906
primary_strict_point_hn1,2,454,4454,-0.488539,0.577491
primary_strict_point_hn1,2,455,4455,-0.427926,0.524401
primary_strict_point_hn1,2,456,4456,-0.359368,1.04841
primary_strict_point_hn1,2,457,4457,-0.297973,0.946314
primary_strict_point_hn1,2,458,4458,-0.312081,0.885412
primary_strict_point_hn1,2,459,4459,-0.475503,0.931588
primary_strict_point_hn1,2,460,4460,-0.765591,0.484389
primary_strict_point_hn1,2,461,4461,-0.960689,0.508858
primary_strict_point_hn1,2,462,4462,-0.74601,0.553674
primary_strict_point_hn1,2,463,4463,-0.762501,0.581259
primary_strict_point_hn1,2,464,4464,-0.633955,0.397656
primary_strict_point_hn1,2,465,4465,-0.697992,0.402618
primary_strict_point_hn1,2,466,4466,-0.809643,0.491185
primary_strict_point_hn1,2,467,4467,-0.617445,0.448208
primary_strict_point_hn1,2,468,4468,-0.753863,0.470414
primary_strict_point_hn1,2,469,4469,-0.687442,0.453254
primary_strict_point_hn1,2,470,4470,-0.577073,0.343255
primary_strict_point_hn1,2,471,4471,-1.20581,0.72583
primary_strict_point_hn1,2,472,4472,-1.11945,0.712565
primary_strict_point_hn1,2,473,4473,-0.520991,0.648751
primary_strict_point_hn1,2,474,4474,-0.483474,0.52309
primary_strict_point_hn1,2,475,4475,-0.690982,0.549724
primary_strict_point_hn1,2,476,4476,-0.758412,0.329885
primary_strict_point_hn1,2,477,4477,-0.607129,0.629486
primary_strict_point_hn1,2,478,4478,-0.982921,0.622666
primary_strict_point_hn1,2,479,4479,-0.752292,0.588543
primary_strict_point_hn1,2,480,4480,-0.841823,0.395981
primary_strict_point_hn1,2,481,4481,-0.5432,0.466492
primary_strict_point_hn1,2,482,4482,-0.495255,0.440498
primary_strict_point_hn1,2,483,4483,-0.463046,0.636214
primary_strict_point_hn1,2,484,4484,-0.334566,0.488105
primary_strict_point_hn1,2,485,4485,-0.625769,0.389303
primary_strict_point_hn1,2,486,4486,-0.664521,0.436174
primary_strict_point_hn1,2,487,4487,-0.652136,0.374725
primary_strict_point_hn1,2,488,4488,-0.507985,0.416888
primary_strict_point_hn1,2,489,4489,-0.590978,0.337883
primary_strict_point_hn1,2,490,4490,-0.510115,0.492464
primary_strict_point_hn1,2,491,4491,-0.410577,0.505526
primary_strict_point_hn1,2,492,4492,-0.56179,0.799615
primary_strict_point_hn1,2,493,4493,-0.515862,0.642155
primary_strict_point_hn1,2,494,4494,-0.461343,0.603798
primary_strict_point_hn1,2,495,4495,-0.553059,0.644927
primary_strict_point_hn1,2,496,4496,-0.492952,0.619311
primary_strict_point_hn1,2,497,4497,-0.660515,0.498664
primary_strict_point_hn1,2,498,4498,-0.60243,0.931643
primary_strict_point_hn1,2,499,4499,-1.03236,0.957276
primary_strict_point_hn1,2,500,4500,-0.556925,0.87881
primary_strict_point_hn1,2,501,4501,-0.379373,1.03755
primary_strict_point_hn1,2,502,4502,-0.550329,1.12389
primary_strict_point_hn1,2,503,4503,-0.473783,1.03246
primary_strict_point_hn1,2,504,4504,-0.414611,0.85551
primary_strict_point_hn1,2,505,4505,-0.380358,0.845139
primary_strict_point_hn1,2,506,4506,-0.447448,0.933128
primary_strict_point_hn1,2,507,4507,-0.512082,0.514952
primary_strict_point_hn1,2,508,4508,-0.479597,0.613036
primary_strict_point_hn1,2,509,4509,-0.675643,0.47325
primary_strict_point_hn1,2,510,4510,-0.571986,0.432762
primary_strict_point_hn1,2,511,4511,-0.898714,0.546726
primary_strict_point_hn1,2,512,4512,-0.783394,0.420238
primary_strict_point_hn1,2,513,4513,-0.644941,0.559591
primary_strict_point_hn1,2,514,4514,-0.611773,0.508952
primary_strict_point_hn1,2,515,4515,-0.506988,0.574667
primary_strict_point_hn1,2,516,4516,-0.322329,0.384373
primary_strict_point_hn1,2,517,4517,-0.541711,0.561223
primary_strict_point_hn1,2,518,4518,-0.617453,0.377393
primary_strict_point_hn1,2,519,4519,-0.708538,0.422612
primary_strict_point_hn1,2,520,4520,-0.486695,0.669327
primary_strict_point_hn1,2,521,4521,-0.520785,0.534207
primary_strict_point_hn1,2,522,4522,-0.879946,0.592613
primary_strict_point_hn1,2,523,4523,-0.776226,0.509401
primary_strict_point_hn1,2,524,4524,-0.726253,0.386661
primary_strict_point_hn1,2,525,4525,-0.717337,0.454829
primary_strict_point_hn1,2,526,4526,-0.813956,0.558235
primary_strict_point_hn1,2,527,4527,-0.792764,0.640993
primary_strict_point_hn1,2,528,4528,-0.689624,0.533968
primary_strict_point_hn1,2,529,4529,-0.696055,0.613059
primary_strict_point_hn1,2,530,4530,-0.412234,0.679259
primary_strict_point_hn1,2,531,4531,-0.360146,0.480337
primary_strict_point_hn1,2,532,4532,-0.518698,0.483836
primary_strict_point_hn1,2,533,4533,-0.50582,0.557964
primary_strict_point_hn1,2,534,4534,-0.554225,0.55675
primary_strict_point_hn1,2,535,4535,-0.452341,0.443188
primary_strict_point_hn1,2,536,4536,-0.577183,0.435073
primary_strict_point_hn1,2,537,4537,-0.795899,0.511478
primary_strict_point_hn1,2,538,4538,-0.690606,0.53853
primary_strict_point_hn1,2,539,4539,-0.71115,0.684121
primary_strict_point_hn1,2,540,4540,-0.685587,0.746925
primary_strict_point_hn1,2,541,4541,-0.890904,0.501065
primary_strict_point_hn1,2,542,4542,-0.971096,0.642984
primary_strict_point_hn1,2,543,4543,-0.845684,0.608876
primary_strict_point_hn1,2,544,4544,-0.786697,0.604282
primary_strict_point_hn1,2,545,4545,-0.941852,0.431707
primary_strict_point_hn1,2,546,4546,-0.800215,0.342145
primary_strict_point_hn1,2,547,4547,-0.708916,0.587397
primary_strict_point_hn1,2,548,4548,-0.760905,0.544335
primary_strict_point_hn1,2,549,4549,-0.48803,0.907596
primary_strict_point_hn1,2,550,4550,-0.658335,0.635859
primary_strict_point_hn1,2,551,4551,-0.646095,0.675319
primary_strict_point_hn1,2,552,4552,-0.643622,0.662747
primary_strict_point_hn1,2,553,4553,-0.672738,0.400259
primary_strict_point_hn1,2,554,4554,-0.687292,0.511814
primary_strict_point_hn1,2,555,4555,-0.620161,0.477547
primary_strict_point_hn1,2,556,4556,-0.754896,0.520497
primary_strict_point_hn1,2,557,4557,-0.546233,0.477977
primary_strict_point_hn1,2,558,4558,-0.658534,0.537607
primary_strict_point_hn1,2,559,4559,-0.535408,0.663928
primary_strict_point_hn1,2,560,4560,-0.637202,0.472042
primary_strict_point_hn1,2,561,4561,-0.723496,0.331319
primary_strict_point_hn1,2,562,4562,-0.549701,0.33534
primary_strict_point_hn1,2,563,4563,-0.664999,0.528715
primary_strict_point_hn1,2,564,4564,-0.589956,0.516022
primary_strict_point_hn1,2,565,4565,-0.642371,0.581891
primary_strict_point_hn1,2,566,4566,-0.687073,0.437162
primary_strict_point_hn1,2,567,4567,-0.592724,0.437166
primary_strict_point_hn1,2,568,4568,-0.549491,0.562698
primary_strict_point_hn1,2,569,4569,-0.614884,0.484863
primary_strict_point_hn1,2,570,4570,-0.779112,0.61899
primary_strict_point_hn1,2,571,4571,-0.718861,0.548588
primary_strict_point_hn1,2,572,4572,-0.56857,0.41176
primary_strict_point_hn1,2,573,4573,-0.802835,0.711816
primary_strict_point_hn1,2,574,4574,-0.355628,0.601921
primary_strict_point_hn1,2,575,4575,-0.74988,0.672276
primary_strict_point_hn1,2,576,4576,-0.598089,0.640942
primary_strict_point_hn1,2,577,4577,-0.721263,0.741053
primary_strict_point_hn1,2,578,4578,-0.787269,0.856169
primary_strict_point_hn1,2,579,4579,-0.688954,0.568045
primary_strict_point_hn1,2,580,4580,-1.33954,0.714928
primary_strict_point_hn1,2,581,4581,-1.18703,0.600698
primary_strict_point_hn1,2,582,4582,-0.825534,0.527724
primary_strict_point_hn1,2,583,4583,-0.443644,0.567919
primary_strict_point_hn1,2,584,4584,-0.65996,0.54919
primary_strict_point_hn1,2,585,4585,-0.770956,0.576848
primary_strict_point_hn1,2,586,4586,-0.44066,0.858398
primary_strict_point_hn1,2,587,4587,-0.559308,0.911473
primary_strict_point_hn1,2,588,4588,-0.706635,1.08166
primary_strict_point_hn1,2,589,4589,-0.808189,0.762368
primary_strict_point_hn1,2,590,4590,-0.831854,0.709796
primary_strict_point_hn1,2,591,4591,-0.743588,0.508017
primary_strict_point_hn1,2,592,4592,-0.740072,1.03525
primary_strict_point_hn1,2,593,4593,-0.607565,0.584013
primary_strict_point_hn1,2,594,4594,-0.67142,0.552506
primary_strict_point_hn1,2,595,4595,-0.733769,0.62581
primary_strict_point_hn1,2,596,4596,-0.764225,0.53706
primary_strict_point_hn1,2,597,4597,-0.85178,0.574572
primary_strict_point_hn1,2,598,4598,-0.714045,0.544736
primary_strict_point_hn1,2,599,4599,-0.876665,0.609698
primary_strict_point_hn1,2,600,4600,-0.576628,0.439961
primary_strict_point_hn1,2,601,4601,-0.736891,0.38522
primary_strict_point_hn1,2,602,4602,-0.580671,0.843324
primary_strict_point_hn1,2,603,4603,-0.556875,0.816274
primary_strict_point_hn1,2,604,4604,-0.541061,1.1628
primary_strict_point_hn1,2,605,4605,-0.407135,1.1101
primary_strict_point_hn1,2,606,4606,-0.475677,0.988405
primary_strict_point_hn1,2,607,4607,-0.428017,0.857066
primary_strict_point_hn1,2,608,4608,-0.478342,0.722105
primary_strict_point_hn1,2,609,4609,-0.466881,0.721455
primary_strict_point_hn1,2,610,4610,-0.627553,0.585995
primary_strict_point_hn1,2,611,4611,-0.444557,0.610007
primary_strict_point_hn1,2,612,4612,-0.195447,0.519006
primary_strict_point_hn1,2,613,4613,-0.116261,0.511241
primary_strict_point_hn1,2,614,4614,-0.633562,0.352067
primary_strict_point_hn1,2,615,4615,-0.614122,0.240343
primary_strict_point_hn1,2,616,4616,-0.573005,0.446198
primary_strict_point_hn1,2,617,4617,-0.566321,0.370971
primary_strict_point_hn1,2,618,4618,-0.481304,0.597815
primary_strict_point_hn1,2,619,4619,-0.669515,0.43731
primary_strict_point_hn1,2,620,4620,-0.375735,0.553083
primary_strict_point_hn1,2,621,4621,-0.761197,0.552069
primary_strict_point_hn1,2,622,4622,-0.66093,0.677945
primary_strict_point_hn1,2,623,4623,-0.590274,0.752764
primary_strict_point_hn1,2,624,4624,-0.649106,0.695916
primary_strict_point_hn1,2,625,4625,-0.7579,0.598642
primary_strict_point_hn1,2,626,4626,-0.595298,0.623706
primary_strict_point_hn1,2,627,4627,-0.578978,0.678807
primary_strict_point_hn1,2,628,4628,-0.626154,0.571494
primary_strict_point_hn1,2,629,4629,-0.607078,0.442362
primary_strict_point_hn1,2,630,4630,-0.798605,0.623843
primary_strict_point_hn1,2,631,4631,-0.854869,0.372351
primary_strict_point_hn1,2,632,4632,-0.946122,0.443725
primary_strict_point_hn1,2,633,4633,-0.66289,0.627726
primary_strict_point_hn1,2,634,4634,-0.602439,0.532165
primary_strict_point_hn1,2,635,4635,-0.759287,0.563817
primary_strict_point_hn1,2,636,4636,-0.823983,0.671073
primary_strict_point_hn1,2,637,4637,-0.645314,0.419537
primary_strict_point_hn1,2,638,4638,-0.658505,0.63411
primary_strict_point_hn1,2,639,4639,-0.454354,0.640331
primary_strict_point_hn1,2,640,4640,-0.588621,0.463962
primary_strict_point_hn1,2,641,4641,-0.467892,0.625131
primary_strict_point_hn1,2,642,4642,-0.552202,0.593637
primary_strict_point_hn1,2,643,4643,-0.8583,0.526689
primary_strict_point_hn1,2,644,4644,-0.470337,0.392812
primary_strict_point_hn1,2,645,4645,-0.446252,0.452096
primary_strict_point_hn1,2,646,4646,-0.440011,0.462
primary_strict_point_hn1,2,647,4647,-0.717028,0.527777
primary_strict_point_hn1,2,648,4648,-0.72922,0.509593
primary_strict_point_hn1,2,649,4649,-0.67418,0.384561
primary_strict_point_hn1,2,650,4650,-0.555825,0.453483
primary_strict_point_hn1,2,651,4651,-0.727238,0.685275
primary_strict_point_hn1,2,652,4652,-0.671881,0.950781
primary_strict_point_hn1,2,653,4653,-0.526738,0.51885
primary_strict_point_hn1,2,654,4654,-0.507035,0.494216
primary_strict_point_hn1,2,655,4655,-0.376926,1.19074
primary_strict_point_hn1,2,656,4656,-0.35178,1.08193
primary_strict_point_hn1,2,657,4657,-0.37677,1.10249
primary_strict_point_hn1,2,658,4658,-0.369974,0.886797
primary_strict_point_hn1,2,659,4659,-0.374647,0.804333
primary_strict_point_hn1,2,660,4660,-0.496498,0.755743
primary_strict_point_hn1,2,661,4661,-0.790527,0.515545
primary_strict_point_hn1,2,662,4662,-0.618195,0.486055
primary_strict_point_hn1,2,663,4663,-0.563225,0.380291
primary_strict_point_hn1,2,664,4664,-0.58683,0.3345
primary_strict_point_hn1,2,665,4665,-0.777212,0.412698
primary_strict_point_hn1,2,666,4666,-0.511654,0.630922
primary_strict_point_hn1,2,667,4667,-0.571027,0.728328
primary_strict_point_hn1,2,668,4668,-0.616436,0.545677
primary_strict_point_hn1,2,669,4669,-0.759975,0.531725
primary_strict_point_hn1,2,670,4670,-0.720355,0.531402
primary_strict_point_hn1,2,671,4671,-0.75776,0.530074
primary_strict_point_hn1,2,672,4672,-0.756368,0.426095
primary_strict_point_hn1,2,673,4673,-0.584588,0.403031
primary_strict_point_hn1,2,674,4674,-0.443072,0.408683
primary_strict_point_hn1,2,675,4675,-0.968229,0.862034
primary_strict_point_hn1,2,676,4676,-0.855118,0.61672
primary_strict_point_hn1,2,677,4677,-0.891025,0.586362
primary_strict_point_hn1,2,678,4678,-1.00335,0.673995
primary_strict_point_hn1,2,679,4679,-0.477052,0.798628
primary_strict_point_hn1,2,680,4680,-0.771799,0.530249
primary_strict_point_hn1,2,681,4681,-0.642413,0.833214
primary_strict_point_hn1,2,682,4682,-0.401632,0.767598
primary_strict_point_hn1,2,683,4683,-0.481632,0.548137
primary_strict_point_hn1,2,684,4684,-0.665322,0.431561
primary_strict_point_hn1,2,685,4685,-0.686423,0.615666
primary_strict_point_hn1,2,686,4686,-0.572856,0.530629
primary_strict_point_hn1,2,687,4687,-0.838503,0.79411
primary_strict_point_hn1,2,688,4688,-0.989204,0.61494
primary_strict_point_hn1,2,689,4689,-0.940671,0.540663
primary_strict_point_hn1,2,690,4690,-0.93173,0.593065
primary_strict_point_hn1,2,691,4691,-0.996902,0.455199
primary_strict_point_hn1,2,692,4692,-0.860286,0.430578
primary_strict_point_hn1,2,693,4693,-0.903384,0.501724
primary_strict_point_hn1,2,694,4694,-0.863945,0.437235
primary_strict_point_hn1,2,695,4695,-0.662307,0.573289
primary_strict_point_hn1,2,696,4696,-0.585417,0.726534
primary_strict_point_hn1,2,697,4697,-0.736132,0.704591
primary_strict_point_hn1,2,698,4698,-0.57215,0.706336
primary_strict_point_hn1,2,699,4699,-0.63322,0.774517
primary_strict_point_hn1,2,700,4700,-0.531509,0.771435
primary_strict_point_hn1,2,701,4701,-0.55265,0.785251
primary_strict_point_hn1,2,702,4702,-1.02263,0.999709
primary_strict_point_hn1,2,703,4703,-1.02851,0.853864
primary_strict_point_hn1,2,704,4704,-1.03614,1.02066
primary_strict_point_hn1,2,705,4705,-0.981769,0.820643
primary_strict_point_hn1,2,706,4706,-0.82692,0.798363
primary_strict_point_hn1,2,707,4707,-0.827815,0.827942
primary_strict_point_hn1,2,708,4708,-0.691302,0.592576
primary_strict_point_hn1,2,709,4709,-0.697742,0.561744
primary_strict_point_hn1,2,710,4710,-0.78937,0.656642
primary_strict_point_hn1,2,711,4711,-0.760128,0.793448
primary_strict_point_hn1,2,712,4712,-0.961315,0.480567
primary_strict_point_hn1,2,713,4713,-0.697779,0.429178
primary_strict_point_hn1,2,714,4714,-0.838728,0.468555
primary_strict_point_hn1,2,715,4715,-0.704544,0.43736
primary_strict_point_hn1,2,716,4716,-0.624874,0.408148
primary_strict_point_hn1,2,717,4717,-0.808653,0.558317
primary_strict_point_hn1,2,718,4718,-0.612529,0.516389
primary_strict_point_hn1,2,719,4719,-0.654691,0.665271
primary_strict_point_hn1,2,720,4720,-0.562801,0.447904
primary_strict_point_hn1,2,721,4721,-0.598166,0.528911
primary_strict_point_hn1,2,722,4722,-0.528386,0.47194
primary_strict_point_hn1,2,723,4723,-0.719914,0.496363
primary_strict_point_hn1,2,724,4724,-0.658242,0.446403
primary_strict_point_hn1,2,725,4725,-0.67597,0.604707
primary_strict_point_hn1,2,726,4726,-0.706166,0.437682
primary_strict_point_hn1,2,727,4727,-0.734632,0.391614
primary_strict_point_hn1,2,728,4728,-0.423542,0.634947
primary_strict_point_hn1,2,729,4729,-0.564268,0.464538
primary_strict_point_hn1,2,730,4730,-0.494085,0.522955
primary_strict_point_hn1,2,731,4731,-0.421339,0.531437
primary_strict_point_hn1,2,732,4732,-0.443029,0.389256
primary_strict_point_hn1,2,733,4733,-0.579901,0.483163
primary_strict_point_hn1,2,734,4734,-0.850635,0.449821
primary_strict_point_hn1,2,735,4735,-0.68988,0.611599
primary_strict_point_hn1,2,736,4736,-0.765178,0.522575
primary_strict_point_hn1,2,737,4737,-0.713846,0.615077
primary_strict_point_hn1,2,738,4738,-0.57621,0.568783
primary_strict_point_hn1,2,739,4739,-0.588456,0.603971
primary_strict_point_hn1,2,740,4740,-0.513636,0.672081
primary_strict_point_hn1,2,741,4741,-0.6491,0.522755
primary_strict_point_hn1,2,742,4742,-0.827448,0.820756
primary_strict_point_hn1,2,743,4743,-0.640061,0.587661
primary_strict_point_hn1,2,744,4744,-0.593726,0.588213
primary_strict_point_hn1,2,745,4745,-0.336158,0.730249
primary_strict_point_hn1,2,746,4746,-0.575137,0.627898
primary_strict_point_hn1,2,747,4747,-0.688342,0.615092
primary_strict_point_hn1,2,748,4748,-0.643189,0.587733
primary_strict_point_hn1,2,749,4749,-0.847084,0.641366
primary_strict_point_hn1,2,750,4750,-0.953487,0.541812
primary_strict_point_hn1,2,751,4751,-0.603204,0.725262
primary_strict_point_hn1,2,752,4752,-0.482577,0.444036
primary_strict_point_hn1,2,753,4753,-0.617425,0.633685
primary_strict_point_hn1,2,754,4754,-0.619519,0.482531
primary_strict_point_hn1,2,755,4755,-0.484945,0.432384
primary_strict_point_hn1,2,756,4756,-0.53513,0.63212
primary_strict_point_hn1,2,757,4757,-0.654378,0.360579
primary_strict_point_hn1,2,758,4758,-0.825864,0.645045
primary_strict_point_hn1,2,759,4759,-0.58586,0.567503
primary_strict_point_hn1,2,760,4760,-0.843625,0.616702
primary_strict_point_hn1,2,761,4761,-0.945817,0.520786
primary_strict_point_hn1,2,762,4762,-0.7101,0.547031
primary_strict_point_hn1,2,763,4763,-0.587271,0.529237
primary_strict_point_hn1,2,764,4764,-0.496517,0.501288
primary_strict_point_hn1,2,765,4765,-0.476552,0.581713
primary_strict_point_hn1,2,766,4766,-0.563965,0.497022
primary_strict_point_hn1,2,767,4767,-0.530092,0.489439
primary_strict_point_hn1,2,768,4768,-0.673468,0.42514
primary_strict_point_hn1,2,769,4769,-0.641996,0.445672
primary_strict_point_hn1,2,770,4770,-0.610077,0.423787
primary_strict_point_hn1,2,771,4771,-0.591757,0.39385
primary_strict_point_hn1,2,772,4772,-0.827629,0.591012
primary_strict_point_hn1,2,773,4773,-0.70966,0.634417
primary_strict_point_hn1,2,774,4774,-0.666921,0.613349
primary_strict_point_hn1,2,775,4775,-0.937293,0.52902
primary_strict_point_hn1,2,776,4776,-0.924438,0.486138
primary_strict_point_hn1,2,777,4777,-0.89808,0.626242
primary_strict_point_hn1,2,778,4778,-0.678808,0.456472
primary_strict_point_hn1,2,779,4779,-0.797254,0.573047
primary_strict_point_hn1,2,780,4780,-0.795448,0.801615
primary_strict_point_hn1,2,781,4781,-0.603927,0.550795
primary_strict_point_hn1,2,782,4782,-0.459258,0.800764
primary_strict_point_hn1,2,783,4783,-0.543704,0.668568
primary_strict_point_hn1,2,784,4784,-0.443178,0.74237
primary_strict_point_hn1,2,785,4785,-0.689786,0.432293
primary_strict_point_hn1,2,786,4786,-0.618364,0.557891
primary_strict_point_hn1,2,787,4787,-0.703785,0.498697
primary_strict_point_hn1,2,788,4788,-0.824822,0.58446
primary_strict_point_hn1,2,789,4789,-0.678304,0.569066
primary_strict_point_hn1,2,790,4790,-0.694382,0.569729
primary_strict_point_hn1,2,791,4791,-0.585443,0.819129
primary_strict_point_hn1,2,792,4792,-0.548618,0.800325
primary_strict_point_hn1,2,793,4793,-0.563029,0.8115
primary_strict_point_hn1,2,794,4794,-0.612127,0.726689
primary_strict_point_hn1,2,795,4795,-0.729817,0.459395
primary_strict_point_hn1,2,796,4796,-0.744223,0.569092
primary_strict_point_hn1,2,797,4797,-0.798115,0.513046
primary_strict_point_hn1,2,798,4798,-0.784432,0.690145
primary_strict_point_hn1,2,799,4799,-0.791646,0.689936
primary_strict_point_hn1,2,800,4800,-0.656902,0.59033
primary_strict_point_hn1,2,801,4801,-0.724633,0.591445
primary_strict_point_hn1,2,802,4802,-0.680025,0.65702
primary_strict_point_hn1,2,803,4803,-0.616757,0.408684
primary_strict_point_hn1,2,804,4804,-0.707859,0.367232
primary_strict_point_hn1,2,805,4805,-0.616528,0.398713
primary_strict_point_hn1,2,806,4806,-0.578133,0.609053
primary_strict_point_hn1,2,807,4807,-0.619487,0.59033
primary_strict_point_hn1,2,808,4808,-0.701868,0.395516
primary_strict_point_hn1,2,809,4809,-0.477875,0.628774
primary_strict_point_hn1,2,810,4810,-0.52772,0.632135
primary_strict_point_hn1,2,811,4811,-0.75509,0.455408
primary_strict_point_hn1,2,812,4812,-0.657078,0.636682
primary_strict_point_hn1,2,813,4813,-0.673035,0.431102
primary_strict_point_hn1,2,814,4814,-0.688748,0.439184
primary_strict_point_hn1,2,815,4815,-0.265543,0.422659
primary_strict_point_hn1,2,816,4816,-0.388843,0.497786
primary_strict_point_hn1,2,817,4817,-0.629371,0.343401
primary_strict_point_hn1,2,818,4818,-0.70159,0.334132
primary_strict_point_hn1,2,819,4819,-0.685199,0.348267
primary_strict_point_hn1,2,820,4820,-0.464628,0.760768
primary_strict_point_hn1,2,821,4821,-0.56339,0.560944
primary_strict_point_hn1,2,822,4822,-0.583689,0.608994
primary_strict_point_hn1,2,823,4823,-0.593486,0.494424
primary_strict_point_hn1,2,824,4824,-0.619468,0.563697
primary_strict_point_hn1,2,825,4825,-0.562395,0.571963
primary_strict_point_hn1,2,826,4826,-0.489481,0.647001
primary_strict_point_hn1,2,827,4827,-0.446642,0.585189
primary_strict_point_hn1,2,828,4828,-0.48472,0.447962
primary_strict_point_hn1,2,829,4829,-0.692714,0.385062
primary_strict_point_hn1,2,830,4830,-0.787878,0.387255
primary_strict_point_hn1,2,831,4831,-0.77236,0.398984
primary_strict_point_hn1,2,832,4832,-0.926714,0.456024
primary_strict_point_hn1,2,833,4833,-0.803664,0.389991
primary_strict_point_hn1,2,834,4834,-0.87038,0.415921
primary_strict_point_hn1,2,835,4835,-0.8942,0.529301
primary_strict_point_hn1,2,836,4836,-0.832185,0.498305
primary_strict_point_hn1,2,837,4837,-0.921865,0.514881
primary_strict_point_hn1,2,838,4838,-0.892168,0.581807
primary_strict_point_hn1,2,839,4839,-0.0585866,1.05023
primary_strict_point_hn1,2,840,4840,-0.253935,0.997947
primary_strict_point_hn1,2,841,4841,-0.340844,0.724256
primary_strict_point_hn1,2,842,4842,-0.521928,0.515022
primary_strict_point_hn1,2,843,4843,-0.516153,0.508893
primary_strict_point_hn1,2,844,4844,-0.638563,0.426115
primary_strict_point_hn1,2,845,4845,-0.70304,0.567334
primary_strict_point_hn1,2,846,4846,-0.644476,0.559643
primary_strict_point_hn1,2,847,4847,-0.748442,0.540321
primary_strict_point_hn1,2,848,4848,-0.797944,0.574149
primary_strict_point_hn1,2,849,4849,-0.924253,0.720411
primary_strict_point_hn1,2,850,4850,-1.0294,0.587284
primary_strict_point_hn1,2,851,4851,-1.12175,0.716855
primary_strict_point_hn1,2,852,4852,-0.978031,0.522518
primary_strict_point_hn1,2,853,4853,-0.870388,0.646615
primary_strict_point_hn1,2,854,4854,-0.790138,0.45961
primary_strict_point_hn1,2,855,4855,-0.652339,0.632141
primary_strict_point_hn1,2,856,4856,-0.711654,0.351276
primary_strict_point_hn1,2,857,4857,-0.63692,0.385137
primary_strict_point_hn1,2,858,4858,-0.561752,0.47618
primary_strict_point_hn1,2,859,4859,-0.552136,0.421685
primary_strict_point_hn1,2,860,4860,-0.811717,0.762516
primary_strict_point_hn1,2,861,4861,-0.756046,0.439872
primary_strict_point_hn1,2,862,4862,-0.578401,0.52886
primary_strict_point_hn1,2,863,4863,-0.8023,0.674881
primary_strict_point_hn1,2,864,4864,-0.60713,0.452583
primary_strict_point_hn1,2,865,4865,-0.719834,0.596599
primary_strict_point_hn1,2,866,4866,-0.729816,0.440932
primary_strict_point_hn1,2,867,4867,-0.813051,0.549447
primary_strict_point_hn1,2,868,4868,-0.705408,0.434364
primary_strict_point_hn1,2,869,4869,-0.93846,0.740808
primary_strict_point_hn1,2,870,4870,-0.941987,0.585187
primary_strict_point_hn1,2,871,4871,-1.00198,0.592502
primary_strict_point_hn1,2,872,4872,-1.1478,0.743067
primary_strict_point_hn1,2,873,4873,-0.842984,0.589801
primary_strict_point_hn1,2,874,4874,-0.797854,0.497541
primary_strict_point_hn1,2,875,4875,-0.563577,0.69829
primary_strict_point_hn1,2,876,4876,-0.574683,0.700414
primary_strict_point_hn1,2,877,4877,-0.529374,0.695233
primary_strict_point_hn1,2,878,4878,-0.798083,0.486403
primary_strict_point_hn1,2,879,4879,-0.252948,0.536606
primary_strict_point_hn1,2,880,4880,-0.417642,0.505344
primary_strict_point_hn1,2,881,4881,-0.471486,0.566057
primary_strict_point_hn1,2,882,4882,-0.552597,0.884572
primary_strict_point_hn1,2,883,4883,-0.448839,0.484625
primary_strict_point_hn1,2,884,4884,-0.45316,0.640482
primary_strict_point_hn1,2,885,4885,-0.480533,0.605488
primary_strict_point_hn1,2,886,4886,-0.561962,0.600476
primary_strict_point_hn1,2,887,4887,-0.636663,0.582273
primary_strict_point_hn1,2,888,4888,-0.571299,0.596928
primary_strict_point_hn1,2,889,4889,-0.631393,0.587149
primary_strict_point_hn1,2,890,4890,-0.703392,0.447458
primary_strict_point_hn1,2,891,4891,-0.561684,0.53153
primary_strict_point_hn1,2,892,4892,-0.497529,0.54682
primary_strict_point_hn1,2,893,4893,-0.677263,0.513025
primary_strict_point_hn1,2,894,4894,-0.67349,0.53277
primary_strict_point_hn1,2,895,4895,-0.737176,0.412199
primary_strict_point_hn1,2,896,4896,-0.702754,0.373849
primary_strict_point_hn1,2,897,4897,-0.676887,0.523114
primary_strict_point_hn1,2,898,4898,-0.781896,0.465408
primary_strict_point_hn1,2,899,4899,-0.824823,0.532836
primary_strict_point_hn1,2,900,4900,-0.664847,0.648151
primary_strict_point_hn1,2,901,4901,-0.652864,0.46236
primary_strict_point_hn1,2,902,4902,-0.669304,0.662705
primary_strict_point_hn1,2,903,4903,-0.868084,0.572746
primary_strict_point_hn1,2,904,4904,-0.954065,0.790033
primary_strict_point_hn1,2,905,4905,-0.89916,0.873991
primary_strict_point_hn1,2,906,4906,-0.90358,0.490239
primary_strict_point_hn1,2,907,4907,-0.135015,0.845487
primary_strict_point_hn1,2,908,4908,-0.105375,0.702274
primary_strict_point_hn1,2,909,4909,-0.374029,0.515736
primary_strict_point_hn1,2,910,4910,-0.309809,0.667691
primary_strict_point_hn1,2,911,4911,-0.458976,0.453746
primary_strict_point_hn1,2,912,4912,-0.44425,0.331145
primary_strict_point_hn1,2,913,4913,-0.5017,0.411813
primary_strict_point_hn1,2,914,4914,-0.546956,0.371717
primary_strict_point_hn1,2,915,4915,-0.532713,0.396736
primary_strict_point_hn1,2,916,4916,-0.530299,0.412114
primary_strict_point_hn1,2,917,4917,-0.356448,0.519387
primary_strict_point_hn1,2,918,4918,-0.385676,0.517776
primary_strict_point_hn1,2,919,4919,-0.421586,0.394824
primary_strict_point_hn1,2,920,4920,-0.552864,0.571467
primary_strict_point_hn1,2,921,4921,-0.462247,0.560749
primary_strict_point_hn1,2,922,4922,-0.538597,0.500786
primary_strict_point_hn1,2,923,4923,-0.564416,0.461843
primary_strict_point_hn1,2,924,4924,-0.558117,0.387383
primary_strict_point_hn1,2,925,4925,-0.902126,0.515043
primary_strict_point_hn1,2,926,4926,-1.15563,0.634131
primary_strict_point_hn1,2,927,4927,-0.974536,0.5247
primary_strict_point_hn1,2,928,4928,-0.921198,0.616962
primary_strict_point_hn1,2,929,4929,-0.899526,0.623151
primary_strict_point_hn1,2,930,4930,-0.771037,0.513211
primary_strict_point_hn1,2,931,4931,-0.797981,0.532172
primary_strict_point_hn1,2,932,4932,-0.720193,0.670215
primary_strict_point_hn1,2,933,4933,-0.662256,0.656559
primary_strict_point_hn1,2,934,4934,-0.635105,0.509546
primary_strict_point_hn1,2,935,4935,-0.628204,0.536328
primary_strict_point_hn1,2,936,4936,-0.937216,0.480885
primary_strict_point_hn1,2,937,4937,-0.767937,0.455878
primary_strict_point_hn1,2,938,4938,-1.02399,0.644419
primary_strict_point_hn1,2,939,4939,-1.00961,0.637498
primary_strict_point_hn1,2,940,4940,-0.929327,0.474766
primary_strict_point_hn1,2,941,4941,-0.798794,0.585809
primary_strict_point_hn1,2,942,4942,-0.587367,0.58022
primary_strict_point_hn1,2,943,4943,-0.843994,0.367661
primary_strict_point_hn1,2,944,4944,-0.654856,0.505864
primary_strict_point_hn1,2,945,4945,-0.519283,0.616799
primary_strict_point_hn1,2,946,4946,-0.534194,0.591871
primary_strict_point_hn1,2,947,4947,-0.457092,0.616169
primary_strict_point_hn1,2,948,4948,-0.722846,0.529199
primary_strict_point_hn1,2,949,4949,-0.703652,0.809978
primary_strict_point_hn1,2,950,4950,-0.638872,0.996625
primary_strict_point_hn1,2,951,4951,-0.773243,1.06772
primary_strict_point_hn1,2,952,4952,-0.639986,0.949618
primary_strict_point_hn1,2,953,4953,-0.358668,0.829312
primary_strict_point_hn1,2,954,4954,-0.282971,0.833282
primary_strict_point_hn1,2,955,4955,-0.400737,0.695712
primary_strict_point_hn1,2,956,4956,-0.71425399999999994,0.556997
primary_strict_point_hn1,2,957,4957,-0.761791,0.598007
primary_strict_point_hn1,2,958,4958,-0.831262,0.61827
primary_strict_point_hn1,2,959,4959,-0.929747,0.555343
primary_strict_point_hn1,2,960,4960,-1.12723,0.766438
primary_strict_point_hn1,2,961,4961,-0.868654,0.427461
primary_strict_point_hn1,2,962,4962,-0.533366,0.335346
primary_strict_point_hn1,2,963,4963,-0.584007,0.352775
primary_strict_point_hn1,2,964,4964,-0.58313,0.375458
primary_strict_point_hn1,2,965,4965,-0.674662,0.332023
primary_strict_point_hn1,2,966,4966,-0.220945,0.61503
primary_strict_point_hn1,2,967,4967,-0.373048,0.614246
primary_strict_point_hn1,2,968,4968,-0.444479,0.760622
primary_strict_point_hn1,2,969,4969,-0.62037,0.874245
primary_strict_point_hn1,2,970,4970,-0.701557,0.667493
primary_strict_point_hn1,2,971,4971,-0.69935,0.646417
primary_strict_point_hn1,2,972,4972,-0.715032,0.623118
primary_strict_point_hn1,2,973,4973,-0.574994,0.593493
primary_strict_point_hn1,2,974,4974,-0.784917,0.987397
primary_strict_point_hn1,2,975,4975,-0.681834,1.03645
primary_strict_point_hn1,2,976,4976,-0.441098,0.68647
primary_strict_point_hn1,2,977,4977,-0.577792,0.89503
primary_strict_point_hn1,2,978,4978,-0.568258,1.07633
primary_strict_point_hn1,2,979,4979,-0.579402,0.539604
primary_strict_point_hn1,2,980,4980,-0.482868,0.929206
primary_strict_point_hn1,2,981,4981,-0.499049,0.975318
primary_strict_point_hn1,2,982,4982,-0.475833,1.01603
primary_strict_point_hn1,2,983,4983,-0.462081,0.990318
primary_strict_point_hn1,2,984,4984,-0.515003,0.910566
primary_strict_point_hn1,2,985,4985,-0.81373,0.739058
primary_strict_point_hn1,2,986,4986,-1.29939,0.631743
primary_strict_point_hn1,2,987,4987,-1.09264,0.593225
primary_strict_point_hn1,2,988,4988,-1.01768,0.55605
primary_strict_point_hn1,2,989,4989,-0.734239,0.715309
primary_strict_point_hn1,2,990,4990,-0.912026,0.655318
primary_strict_point_hn1,2,991,4991,-0.315614,0.499416
primary_strict_point_hn1,2,992,4992,-0.602062,0.433435
primary_strict_point_hn1,2,993,4993,-0.367086,0.528219
primary_strict_point_hn1,2,994,4994,-0.582717,0.42104
primary_strict_point_hn1,2,995,4995,-0.396745,0.416647
primary_strict_point_hn1,2,996,4996,-0.645862,0.461188
primary_strict_point_hn1,2,997,4997,-0.791218,0.403904
primary_strict_point_hn1,2,998,4998,-0.54108,0.38228
primary_strict_point_hn1,2,999,4999,-0.473681,0.443243
primary_strict_point_hn1,2,1000,5000,-0.630846,0.320811
primary_strict_point_hn1,2,1001,5001,-0.683095,0.358521
primary_strict_point_hn1,2,1002,5002,-0.76315,0.325184
primary_strict_point_hn1,2,1003,5003,-0.770389,0.400743
primary_strict_point_hn1,2,1004,5004,-0.831252,0.37508
primary_strict_point_hn1,2,1005,5005,-0.864568,0.356469
primary_strict_point_hn1,2,1006,5006,-0.802156,0.496368
primary_strict_point_hn1,2,1007,5007,-0.732452,0.621878
primary_strict_point_hn1,2,1008,5008,-0.502159,0.430131
primary_strict_point_hn1,2,1009,5009,-0.699079,0.496058
primary_strict_point_hn1,2,1010,5010,-0.653249,0.656559
primary_strict_point_hn1,2,1011,5011,-0.748254,0.580611
primary_strict_point_hn1,2,1012,5012,-0.977382,0.551909
primary_strict_point_hn1,2,1013,5013,-0.787893,0.523346
primary_strict_point_hn1,2,1014,5014,-0.728014,0.441875
primary_strict_point_hn1,2,1015,5015,-0.674022,0.427285
primary_strict_point_hn1,2,1016,5016,-0.817636,0.427098
primary_strict_point_hn1,2,1017,5017,-0.636548,0.702454
primary_strict_point_hn1,2,1018,5018,-0.575718,0.676639
primary_strict_point_hn1,2,1019,5019,-1.05368,0.444015
primary_strict_point_hn1,2,1020,5020,-0.836141,0.557938
primary_strict_point_hn1,2,1021,5021,-0.271387,0.672197
primary_strict_point_hn1,2,1022,5022,-0.311488,0.548241
primary_strict_point_hn1,2,1023,5023,-0.674239,0.642095
primary_strict_point_hn1,2,1024,5024,-0.591507,0.53433
primary_strict_point_hn1,2,1025,5025,-0.532245,0.571788
primary_strict_point_hn1,2,1026,5026,-0.616921,0.641049
primary_strict_point_hn1,2,1027,5027,-0.549166,0.533979
primary_strict_point_hn1,2,1028,5028,-0.384523,0.433601
primary_strict_point_hn1,2,1029,5029,-0.545234,0.427723
primary_strict_point_hn1,2,1030,5030,-0.797994,0.542916
primary_strict_point_hn1,2,1031,5031,-0.8849,0.455138
primary_strict_point_hn1,2,1032,5032,-0.976033,0.559122
primary_strict_point_hn1,2,1033,5033,-0.869021,0.379979
primary_strict_point_hn1,2,1034,5034,-0.721846,0.578648
primary_strict_point_hn1,2,1035,5035,-0.744874,0.524629
primary_strict_point_hn1,2,1036,5036,-0.649783,0.554517
primary_strict_point_hn1,2,1037,5037,-0.820694,0.875579
primary_strict_point_hn1,2,1038,5038,-0.481987,0.989017
primary_strict_point_hn1,2,1039,5039,-0.421603,0.913792
primary_strict_point_hn1,2,1040,5040,-0.566874,0.572219
primary_strict_point_hn1,2,1041,5041,-0.583113,0.615427
primary_strict_point_hn1,2,1042,5042,-0.620577,0.475795
primary_strict_point_hn1,2,1043,5043,-0.62788,0.519526
primary_strict_point_hn1,2,1044,5044,-0.532004,0.40888
primary_strict_point_hn1,2,1045,5045,-0.569579,0.514153
primary_strict_point_hn1,2,1046,5046,-0.467599,0.877048
primary_strict_point_hn1,2,1047,5047,-0.511951,0.566864
primary_strict_point_hn1,2,1048,5048,-0.288322,0.79643
primary_strict_point_hn1,2,1049,5049,-0.171127,0.790882
primary_strict_point_hn1,2,1050,5050,-0.157119,0.776796
primary_strict_point_hn1,2,1051,5051,-0.33329,0.663654
primary_strict_point_hn1,2,1052,5052,-0.15567,1.12269
primary_strict_point_hn1,2,1053,5053,-0.195058,1.01975
primary_strict_point_hn1,2,1054,5054,-0.303221,0.770869
primary_strict_point_hn1,2,1055,5055,-0.300039,0.714133
primary_strict_point_hn1,2,1056,5056,-0.372968,0.620839
primary_strict_point_hn1,2,1057,5057,-0.780092,0.694618
primary_strict_point_hn1,2,1058,5058,-0.580254,0.807817
primary_strict_point_hn1,2,1059,5059,-0.631044,0.734309
primary_strict_point_hn1,2,1060,5060,-0.602925,0.558897
primary_strict_point_hn1,2,1061,5061,-0.782843,0.633519
primary_strict_point_hn1,2,1062,5062,-0.615517,0.509641
primary_strict_point_hn1,2,1063,5063,-0.566344,0.467417
primary_strict_point_hn1,2,1064,5064,-0.629472,0.429796
primary_strict_point_hn1,2,1065,5065,-0.680392,0.372702
primary_strict_point_hn1,2,1066,5066,-0.780877,0.417203
primary_strict_point_hn1,2,1067,5067,-0.807941,0.378994
primary_strict_point_hn1,2,1068,5068,-0.657335,0.481294
primary_strict_point_hn1,2,1069,5069,-0.483023,0.44207
primary_strict_point_hn1,2,1070,5070,-0.471182,0.451688
primary_strict_point_hn1,2,1071,5071,-0.595059,0.49377
primary_strict_point_hn1,2,1072,5072,-0.510207,0.383592
primary_strict_point_hn1,2,1073,5073,-0.580713,0.415206
primary_strict_point_hn1,2,1074,5074,-0.519131,0.397166
primary_strict_point_hn1,2,1075,5075,-0.644076,0.488525
primary_strict_point_hn1,2,1076,5076,-0.74027,0.457793
primary_strict_point_hn1,2,1077,5077,-0.77849,0.429247
primary_strict_point_hn1,2,1078,5078,-0.611737,0.353809
primary_strict_point_hn1,2,1079,5079,-0.810751,0.501685
primary_strict_point_hn1,2,1080,5080,-0.731933,0.427105
primary_strict_point_hn1,2,1081,5081,-1.15462,1.75086
primary_strict_point_hn1,2,1082,5082,-1.08269,1.76175
primary_strict_point_hn1,2,1083,5083,-1.15314,1.37776
primary_strict_point_hn1,2,1084,5084,-0.801286,0.519479
primary_strict_point_hn1,2,1085,5085,-0.925518,0.474035
primary_strict_point_hn1,2,1086,5086,-0.769721,0.457591
primary_strict_point_hn1,2,1087,5087,-0.861175,0.512149
primary_strict_point_hn1,2,1088,5088,-0.849658,0.38849
primary_strict_point_hn1,2,1089,5089,-0.699127,0.843238
primary_strict_point_hn1,2,1090,5090,-0.610959,0.539207
primary_strict_point_hn1,2,1091,5091,-0.592673,0.483234
primary_strict_point_hn1,2,1092,5092,-0.54364,0.549223
primary_strict_point_hn1,2,1093,5093,-0.534637,0.511136
primary_strict_point_hn1,2,1094,5094,-0.258112,0.497199
primary_strict_point_hn1,2,1095,5095,-0.637132,0.49906
primary_strict_point_hn1,2,1096,5096,-0.835151,0.407468
primary_strict_point_hn1,2,1097,5097,-0.944722,0.487619
primary_strict_point_hn1,2,1098,5098,-0.967172,0.461605
primary_strict_point_hn1,2,1099,5099,-0.562198,0.541862
primary_strict_point_hn1,2,1100,5100,-0.481211,0.530978
primary_strict_point_hn1,2,1101,5101,-0.456256,0.601996
primary_strict_point_hn1,2,1102,5102,-0.641076,0.389195
primary_strict_point_hn1,2,1103,5103,-0.764951,0.509494
primary_strict_point_hn1,2,1104,5104,-0.622207,0.663906
primary_strict_point_hn1,2,1105,5105,-0.500954,0.915305
primary_strict_point_hn1,2,1106,5106,-0.830766,0.621767
primary_strict_point_hn1,2,1107,5107,-0.949277,0.471261
primary_strict_point_hn1,2,1108,5108,-0.993283,0.32869
primary_strict_point_hn1,2,1109,5109,-1.03303,0.627001
primary_strict_point_hn1,2,1110,5110,-0.998815,0.656056
primary_strict_point_hn1,2,1111,5111,-1.10134,0.842061
primary_strict_point_hn1,2,1112,5112,-1.10341,0.782829
primary_strict_point_hn1,2,1113,5113,-1.17273,0.812071
primary_strict_point_hn1,2,1114,5114,-0.791695,0.386612
primary_strict_point_hn1,2,1115,5115,-0.609931,0.504263
primary_strict_point_hn1,2,1116,5116,-0.738724,0.536745
primary_strict_point_hn1,2,1117,5117,-0.569181,0.446886
primary_strict_point_hn1,2,1118,5118,-0.535415,0.473215
primary_strict_point_hn1,2,1119,5119,-0.552512,0.417693
primary_strict_point_hn1,2,1120,5120,-0.50083,0.467594
primary_strict_point_hn1,2,1121,5121,-0.490063,0.633301
primary_strict_point_hn1,2,1122,5122,-1.07609,0.582509
primary_strict_point_hn1,2,1123,5123,-0.898345,0.395355
primary_strict_point_hn1,2,1124,5124,-0.981173,0.457161
primary_strict_point_hn1,2,1125,5125,-0.846314,0.464217
primary_strict_point_hn1,2,1126,5126,-0.853292,0.584974
primary_strict_point_hn1,2,1127,5127,-1.09884,0.537637
primary_strict_point_hn1,2,1128,5128,-1.01122,0.550342
primary_strict_point_hn1,2,1129,5129,-0.600836,0.571116
primary_strict_point_hn1,2,1130,5130,-0.536466,0.544806
primary_strict_point_hn1,2,1131,5131,-0.55968,0.529911
primary_strict_point_hn1,2,1132,5132,-1.05203,0.598205
primary_strict_point_hn1,2,1133,5133,-1.00746,0.583356
primary_strict_point_hn1,2,1134,5134,-1.08362,0.678315
primary_strict_point_hn1,2,1135,5135,-0.651503,0.75355
primary_strict_point_hn1,2,1136,5136,-0.658535,0.481219
primary_strict_point_hn1,2,1137,5137,-0.802996,0.706109
primary_strict_point_hn1,2,1138,5138,-0.835381,0.664744
primary_strict_point_hn1,2,1139,5139,-0.698151,0.330802
primary_strict_point_hn1,2,1140,5140,-1.05517,0.538327
primary_strict_point_hn1,2,1141,5141,-0.878112,0.506332
primary_strict_point_hn1,2,1142,5142,-0.615116,0.510597
primary_strict_point_hn1,2,1143,5143,-0.754991,0.669129
primary_strict_point_hn1,2,1144,5144,-0.697241,0.540124
primary_strict_point_hn1,2,1145,5145,-0.649523,0.397149
primary_strict_point_hn1,2,1146,5146,-0.653601,0.670852
primary_strict_point_hn1,2,1147,5147,-0.823257,0.579777
primary_strict_point_hn1,2,1148,5148,-0.665596,0.601318
primary_strict_point_hn1,2,1149,5149,-0.0590097,0.821149
primary_strict_point_hn1,2,1150,5150,-0.0159391,0.912896
primary_strict_point_hn1,2,1151,5151,-0.0221101,0.854036
primary_strict_point_hn1,2,1152,5152,-0.0664271,0.806207
primary_strict_point_hn1,2,1153,5153,0.153641,1.00138
primary_strict_point_hn1,2,1154,5154,-0.165814,0.854459
primary_strict_point_hn1,2,1155,5155,-0.0327456,1.06125
primary_strict_point_hn1,2,1156,5156,-0.0736271,0.951318
primary_strict_point_hn1,2,1157,5157,0.079301,0.873458
primary_strict_point_hn1,2,1158,5158,-0.00437336,0.747359
primary_strict_point_hn1,2,1159,5159,0.348098,0.846586
primary_strict_point_hn1,2,1160,5160,0.339444,0.87958
primary_strict_point_hn1,2,1161,5161,0.0917757,1.06868
primary_strict_point_hn1,2,1162,5162,-0.788137,0.525146
primary_strict_point_hn1,2,1163,5163,-0.694567,0.613491
primary_strict_point_hn1,2,1164,5164,-0.907678,0.550426
primary_strict_point_hn1,2,1165,5165,-0.764014,0.521701
primary_strict_point_hn1,2,1166,5166,-0.609582,0.517879
primary_strict_point_hn1,2,1167,5167,-0.816745,0.646349
primary_strict_point_hn1,2,1168,5168,-0.690069,0.569031
primary_strict_point_hn1,2,1169,5169,-0.621757,0.659003
primary_strict_point_hn1,2,1170,5170,-0.521187,0.642642
primary_strict_point_hn1,2,1171,5171,-0.510555,0.732529
primary_strict_point_hn1,2,1172,5172,-0.520415,0.709302
primary_strict_point_hn1,2,1173,5173,-0.759195,0.565094
primary_strict_point_hn1,2,1174,5174,-0.842376,0.468795
primary_strict_point_hn1,2,1175,5175,-0.634579,0.582345
primary_strict_point_hn1,2,1176,5176,-0.541362,0.504093
primary_strict_point_hn1,2,1177,5177,-0.545535,0.693171
primary_strict_point_hn1,2,1178,5178,-0.694253,0.839525
primary_strict_point_hn1,2,1179,5179,-0.417769,0.418325
primary_strict_point_hn1,2,1180,5180,-0.463935,0.627056
primary_strict_point_hn1,2,1181,5181,-0.534815,0.654012
primary_strict_point_hn1,2,1182,5182,-0.500783,0.473772
primary_strict_point_hn1,2,1183,5183,-0.691121,0.541549
primary_strict_point_hn1,2,1184,5184,-0.561196,0.54043
primary_strict_point_hn1,2,1185,5185,-0.419856,0.615885
primary_strict_point_hn1,2,1186,5186,-0.90786,0.525479
primary_strict_point_hn1,2,1187,5187,-0.669144,0.763083
primary_strict_point_hn1,2,1188,5188,-0.693989,0.62557
primary_strict_point_hn1,2,1189,5189,-0.595484,0.747919
primary_strict_point_hn1,2,1190,5190,-0.579336,0.699
primary_strict_point_hn1,2,1191,5191,-0.476493,0.704815
primary_strict_point_hn1,2,1192,5192,-0.611676,0.45582
primary_strict_point_hn1,2,1193,5193,-0.504148,0.593263
primary_strict_point_hn1,2,1194,5194,-0.447642,0.658314
primary_strict_point_hn1,2,1195,5195,-0.493377,0.608962
primary_strict_point_hn1,2,1196,5196,-0.523339,0.610674
primary_strict_point_hn1,2,1197,5197,-0.562461,0.758117
primary_strict_point_hn1,2,1198,5198,-0.193347,0.607556
primary_strict_point_hn1,2,1199,5199,-0.66764,0.885991
primary_strict_point_hn1,2,1200,5200,-0.844554,0.400321
primary_strict_point_hn1,2,1201,5201,-0.646059,0.452042
primary_strict_point_hn1,2,1202,5202,-0.476365,0.42789
primary_strict_point_hn1,2,1203,5203,-0.543726,0.477951
primary_strict_point_hn1,2,1204,5204,-0.525566,0.408946
primary_strict_point_hn1,2,1205,5205,-0.499117,0.423384
primary_strict_point_hn1,2,1206,5206,-0.727871,0.388136
primary_strict_point_hn1,2,1207,5207,-0.375183,0.538708
primary_strict_point_hn1,2,1208,5208,-0.45715,0.628645
primary_strict_point_hn1,2,1209,5209,-0.646299,0.656352
primary_strict_point_hn1,2,1210,5210,-0.630264,0.525018
primary_strict_point_hn1,2,1211,5211,-0.628775,0.486221
primary_strict_point_hn1,2,1212,5212,-0.697166,0.562202
primary_strict_point_hn1,2,1213,5213,-0.722235,0.373285
primary_strict_point_hn1,2,1214,5214,-0.400021,0.698078
primary_strict_point_hn1,2,1215,5215,-0.562927,0.507069
primary_strict_point_hn1,2,1216,5216,-0.598051,0.581028
primary_strict_point_hn1,2,1217,5217,-0.552134,0.594689
primary_strict_point_hn1,2,1218,5218,-0.503569,0.816069
primary_strict_point_hn1,2,1219,5219,-0.42704,0.730876
primary_strict_point_hn1,2,1220,5220,-0.562716,0.844823
primary_strict_point_hn1,2,1221,5221,-0.704771,0.574922
primary_strict_point_hn1,2,1222,5222,-0.81599,0.673346
primary_strict_point_hn1,2,1223,5223,-0.806033,0.533317
primary_strict_point_hn1,2,1224,5224,-0.586973,0.774182
primary_strict_point_hn1,2,1225,5225,-0.662947,0.486925
primary_strict_point_hn1,2,1226,5226,-0.552465,0.410628
primary_strict_point_hn1,2,1227,5227,-0.533205,0.419397
primary_strict_point_hn1,2,1228,5228,-0.611814,0.522135
primary_strict_point_hn1,2,1229,5229,-0.605567,0.54994
primary_strict_point_hn1,2,1230,5230,-0.108998,1.38213
primary_strict_point_hn1,2,1231,5231,-0.241795,1.1282
primary_strict_point_hn1,2,1232,5232,-0.0480092,0.717272
primary_strict_point_hn1,2,1233,5233,-0.206953,0.606058
primary_strict_point_hn1,2,1234,5234,-0.166809,0.510859
primary_strict_point_hn1,2,1235,5235,-0.316276,0.711841
primary_strict_point_hn1,2,1236,5236,-0.541791,0.61702
primary_strict_point_hn1,2,1237,5237,-1.26622,1.37211
primary_strict_point_hn1,2,1238,5238,-1.47662,1.76836
primary_strict_point_hn1,2,1239,5239,-0.975849,1.0327
primary_strict_point_hn1,2,1240,5240,-1.17879,1.23087
primary_strict_point_hn1,2,1241,5241,-1.05821,1.06981
primary_strict_point_hn1,2,1242,5242,-1.11993,1.04334
primary_strict_point_hn1,2,1243,5243,-0.979899,1.04431
primary_strict_point_hn1,2,1244,5244,-1.0126,1.15314
primary_strict_point_hn1,2,1245,5245,-0.681337,0.717346
primary_strict_point_hn1,2,1246,5246,-0.688067,0.590264
primary_strict_point_hn1,2,1247,5247,-0.813435,0.597042
primary_strict_point_hn1,2,1248,5248,-1.0721,0.420342
primary_strict_point_hn1,2,1249,5249,-0.991332,0.449833
primary_strict_point_hn1,2,1250,5250,-1.07373,0.443636
primary_strict_point_hn1,2,1251,5251,-0.722668,0.658392
primary_strict_point_hn1,2,1252,5252,-0.515289,0.562482
primary_strict_point_hn1,2,1253,5253,-0.518355,0.565411
primary_strict_point_hn1,2,1254,5254,-0.665227,0.878824
primary_strict_point_hn1,2,1255,5255,-0.681486,0.540001
primary_strict_point_hn1,2,1256,5256,-0.782065,0.434279
primary_strict_point_hn1,2,1257,5257,-0.758425,0.421804
primary_strict_point_hn1,2,1258,5258,-0.754944,0.422791
primary_strict_point_hn1,2,1259,5259,-0.821107,1.05224
primary_strict_point_hn1,2,1260,5260,-1.38491,1.42733
primary_strict_point_hn1,2,1261,5261,-0.642527,0.588475
primary_strict_point_hn1,2,1262,5262,-0.859661,0.660919
primary_strict_point_hn1,2,1263,5263,-0.968321,0.743252
primary_strict_point_hn1,2,1264,5264,-0.754107,0.628031
primary_strict_point_hn1,2,1265,5265,-0.656207,0.565617
primary_strict_point_hn1,2,1266,5266,-0.61543,0.502012
primary_strict_point_hn1,2,1267,5267,-0.971088,0.462711
primary_strict_point_hn1,2,1268,5268,-0.652045,0.517631
primary_strict_point_hn1,2,1269,5269,-0.678471,0.622633
primary_strict_point_hn1,2,1270,5270,-1.02574,0.476226
primary_strict_point_hn1,2,1271,5271,-0.718348,0.485427
primary_strict_point_hn1,2,1272,5272,-0.819341,0.641175
primary_strict_point_hn1,2,1273,5273,-0.840726,0.525069
primary_strict_point_hn1,2,1274,5274,-0.617202,0.408891
primary_strict_point_hn1,2,1275,5275,-0.466105,0.379976
primary_strict_point_hn1,2,1276,5276,-0.720515,0.272753
primary_strict_point_hn1,2,1277,5277,-0.830514,0.680689
primary_strict_point_hn1,2,1278,5278,-0.86283,0.529177
primary_strict_point_hn1,2,1279,5279,-0.575661,0.464453
primary_strict_point_hn1,2,1280,5280,-0.592965,0.586235
primary_strict_point_hn1,2,1281,5281,-0.548831,0.732153
primary_strict_point_hn1,2,1282,5282,-0.5073,0.726268
primary_strict_point_hn1,2,1283,5283,-0.732211,0.521943
primary_strict_point_hn1,2,1284,5284,-0.754289,0.542684
primary_strict_point_hn1,2,1285,5285,-0.749257,0.547191
primary_strict_point_hn1,2,1286,5286,-0.586283,0.360656
primary_strict_point_hn1,2,1287,5287,-0.667812,0.524983
primary_strict_point_hn1,2,1288,5288,-0.861857,0.467277
primary_strict_point_hn1,2,1289,5289,-0.739909,0.660424
primary_strict_point_hn1,2,1290,5290,-0.570887,0.683157
primary_strict_point_hn1,2,1291,5291,-0.594676,0.670503
primary_strict_point_hn1,2,1292,5292,-0.477508,0.753188
primary_strict_point_hn1,2,1293,5293,-0.573218,0.741574
primary_strict_point_hn1,2,1294,5294,-0.611688,0.687591
primary_strict_point_hn1,2,1295,5295,-0.704704,0.54671
primary_strict_point_hn1,2,1296,5296,-0.687621,0.543662
primary_strict_point_hn1,2,1297,5297,-0.952892,0.546296
primary_strict_point_hn1,2,1298,5298,-0.893808,0.533573
primary_strict_point_hn1,2,1299,5299,-0.86907,0.504256
primary_strict_point_hn1,2,1300,5300,-0.781034,0.696768
primary_strict_point_hn1,2,1301,5301,-0.70613,0.582496
primary_strict_point_hn1,2,1302,5302,-0.681184,0.685528
primary_strict_point_hn1,2,1303,5303,-0.802104,0.53821
primary_strict_point_hn1,2,1304,5304,-0.818963,0.44239
primary_strict_point_hn1,2,1305,5305,-0.303033,0.771712
primary_strict_point_hn1,2,1306,5306,-0.468975,0.691539
primary_strict_point_hn1,2,1307,5307,-0.333635,0.47189
primary_strict_point_hn1,2,1308,5308,-0.399413,0.543621
primary_strict_point_hn1,2,1309,5309,-0.272814,0.603464
primary_strict_point_hn1,2,1310,5310,-0.296511,0.599405
primary_strict_point_hn1,2,1311,5311,-0.306608,0.73865
primary_strict_point_hn1,2,1312,5312,-0.969032,0.643652
primary_strict_point_hn1,2,1313,5313,-0.948062,0.745488
primary_strict_point_hn1,2,1314,5314,-0.881539,0.875958
primary_strict_point_hn1,2,1315,5315,-0.871905,0.952274
primary_strict_point_hn1,2,1316,5316,-0.538787,0.797302
primary_strict_point_hn1,2,1317,5317,-0.728207,0.601072
primary_strict_point_hn1,2,1318,5318,-0.633848,0.705657
primary_strict_point_hn1,2,1319,5319,-0.623844,0.615452
primary_strict_point_hn1,2,1320,5320,-0.389394,0.633567
primary_strict_point_hn1,2,1321,5321,-0.408114,0.621999
primary_strict_point_hn1,2,1322,5322,-0.461653,0.542582
primary_strict_point_hn1,2,1323,5323,-0.738659,0.540617
primary_strict_point_hn1,2,1324,5324,-0.670672,0.538303
primary_strict_point_hn1,2,1325,5325,-0.831286,0.653104
primary_strict_point_hn1,2,1326,5326,-1.09641,0.66879
primary_strict_point_hn1,2,1327,5327,-0.984879,0.515693
primary_strict_point_hn1,2,1328,5328,-1.03673,0.464447
primary_strict_point_hn1,2,1329,5329,-1.12025,0.459449
primary_strict_point_hn1,2,1330,5330,-0.599793,0.430524
primary_strict_point_hn1,2,1331,5331,-0.557234,0.568172
primary_strict_point_hn1,2,1332,5332,-0.636095,0.50257
primary_strict_point_hn1,2,1333,5333,-0.620904,0.579761
primary_strict_point_hn1,2,1334,5334,-0.654662,0.519804
primary_strict_point_hn1,2,1335,5335,-0.540927,0.602756
primary_strict_point_hn1,2,1336,5336,-0.557101,0.617066
primary_strict_point_hn1,2,1337,5337,-0.523934,0.442691
primary_strict_point_hn1,2,1338,5338,-0.514384,0.531909
primary_strict_point_hn1,2,1339,5339,-0.600338,0.471095
primary_strict_point_hn1,2,1340,5340,-0.547866,0.53792
primary_strict_point_hn1,2,1341,5341,-0.651799,0.505066
primary_strict_point_hn1,2,1342,5342,-0.700625,0.475781
primary_strict_point_hn1,2,1343,5343,-0.621327,0.500275
primary_strict_point_hn1,2,1344,5344,-0.524312,0.412914
primary_strict_point_hn1,2,1345,5345,-0.542306,0.617214
primary_strict_point_hn1,2,1346,5346,-0.541646,0.566282
primary_strict_point_hn1,2,1347,5347,-0.406957,0.68938
primary_strict_point_hn1,2,1348,5348,-0.482257,0.558344
primary_strict_point_hn1,2,1349,5349,-0.774704,0.868586
primary_strict_point_hn1,2,1350,5350,-0.685143,0.754584
primary_strict_point_hn1,2,1351,5351,-0.821614,0.789565
primary_strict_point_hn1,2,1352,5352,-0.544895,0.511254
primary_strict_point_hn1,2,1353,5353,-0.562041,0.68419
primary_strict_point_hn1,2,1354,5354,-0.525797,0.386146
primary_strict_point_hn1,2,1355,5355,-0.476009,0.491773
primary_strict_point_hn1,2,1356,5356,-0.767467,0.648851
primary_strict_point_hn1,2,1357,5357,-0.696512,0.676761
primary_strict_point_hn1,2,1358,5358,-0.898825,0.535187
primary_strict_point_hn1,2,1359,5359,-0.901875,0.535004
primary_strict_point_hn1,2,1360,5360,-0.988067,0.598296
primary_strict_point_hn1,2,1361,5361,-0.422172,0.576413
primary_strict_point_hn1,2,1362,5362,-0.422172,0.585476
primary_strict_point_hn1,2,1363,5363,-0.53413,0.639416
primary_strict_point_hn1,2,1364,5364,-0.476465,0.528753
primary_strict_point_hn1,2,1365,5365,-0.446209,0.826296
primary_strict_point_hn1,2,1366,5366,-0.48021200000000003,0.859015
primary_strict_point_hn1,2,1367,5367,-0.324353,0.66263
primary_strict_point_hn1,2,1368,5368,-0.539572,0.836025
primary_strict_point_hn1,2,1369,5369,-0.524437,0.67549
primary_strict_point_hn1,2,1370,5370,-0.523512,0.630807
primary_strict_point_hn1,2,1371,5371,-0.696247,0.530669
primary_strict_point_hn1,2,1372,5372,-0.873034,0.47462
primary_strict_point_hn1,2,1373,5373,-0.764627,0.500146
primary_strict_point_hn1,2,1374,5374,-0.509912,0.598313
primary_strict_point_hn1,2,1375,5375,-0.500851,0.605462
primary_strict_point_hn1,2,1376,5376,-0.404218,0.594885
primary_strict_point_hn1,2,1377,5377,-0.447703,0.501788
primary_strict_point_hn1,2,1378,5378,-0.73031,0.319506
primary_strict_point_hn1,2,1379,5379,-0.553189,0.489412
primary_strict_point_hn1,2,1380,5380,-0.807389,0.555654
primary_strict_point_hn1,2,1381,5381,-0.409801,0.49831
primary_strict_point_hn1,2,1382,5382,-0.481226,0.465416
primary_strict_point_hn1,2,1383,5383,-0.457784,0.465512
primary_strict_point_hn1,2,1384,5384,-0.631337,0.368883
primary_strict_point_hn1,2,1385,5385,-0.773619,0.55498
primary_strict_point_hn1,2,1386,5386,-0.777538,0.488071
primary_strict_point_hn1,2,1387,5387,-0.830888,0.317063
primary_strict_point_hn1,2,1388,5388,-0.714022,0.398386
primary_strict_point_hn1,2,1389,5389,-0.693139,1.07616
primary_strict_point_hn1,2,1390,5390,-0.681411,0.824099
primary_strict_point_hn1,2,1391,5391,-0.75878,0.82687
primary_strict_point_hn1,2,1392,5392,-0.432067,1.05164
primary_strict_point_hn1,2,1393,5393,-0.569671,0.842896
primary_strict_point_hn1,2,1394,5394,-0.566973,0.76808
primary_strict_point_hn1,2,1395,5395,-0.878751,0.738305
primary_strict_point_hn1,2,1396,5396,-0.865983,0.52343
primary_strict_point_hn1,2,1397,5397,-0.910994,0.595276
primary_strict_point_hn1,2,1398,5398,-0.956843,0.491495
primary_strict_point_hn1,2,1399,5399,-1.04772,0.463154
primary_strict_point_hn1,2,1400,5400,-1.15005,0.748643
primary_strict_point_hn1,2,1401,5401,-0.594739,0.555726
primary_strict_point_hn1,2,1402,5402,-0.540802,0.629297
primary_strict_point_hn1,2,1403,5403,-0.62075,0.600385
primary_strict_point_hn1,2,1404,5404,-0.624372,0.554712
primary_strict_point_hn1,2,1405,5405,-0.647903,0.592086
primary_strict_point_hn1,2,1406,5406,-0.660603,0.520368
primary_strict_point_hn1,2,1407,5407,-0.597484,0.489832
primary_strict_point_hn1,2,1408,5408,-0.606534,0.531236
primary_strict_point_hn1,2,1409,5409,-0.301195,1.01693
primary_strict_point_hn1,2,1410,5410,-0.265983,0.99936
primary_strict_point_hn1,2,1411,5411,-0.182511,0.576293
primary_strict_point_hn1,2,1412,5412,-0.323542,0.547259
primary_strict_point_hn1,2,1413,5413,-0.138432,0.59665
primary_strict_point_hn1,2,1414,5414,-0.439412,0.554404
primary_strict_point_hn1,2,1415,5415,-0.779263,0.76683
primary_strict_point_hn1,2,1416,5416,-0.73358,0.935713
primary_strict_point_hn1,2,1417,5417,-0.70976,0.933365
primary_strict_point_hn1,2,1418,5418,-0.435677,0.65698
primary_strict_point_hn1,2,1419,5419,-0.359694,0.691979
primary_strict_point_hn1,2,1420,5420,-0.489084,0.561498
primary_strict_point_hn1,2,1421,5421,-0.485475,0.543246
primary_strict_point_hn1,2,1422,5422,-0.693883,0.684021
primary_strict_point_hn1,2,1423,5423,-0.683889,0.617251
primary_strict_point_hn1,2,1424,5424,-0.768813,0.798999
primary_strict_point_hn1,2,1425,5425,-0.667609,0.579365
primary_strict_point_hn1,2,1426,5426,-0.693352,0.621775
primary_strict_point_hn1,2,1427,5427,-0.695644,0.474752
primary_strict_point_hn1,2,1428,5428,-0.732266,0.610278
primary_strict_point_hn1,2,1429,5429,-0.940558,0.537001
primary_strict_point_hn1,2,1430,5430,-0.670824,0.470012
primary_strict_point_hn1,2,1431,5431,-0.606158,0.627407
primary_strict_point_hn1,2,1432,5432,-0.487255,0.406408
primary_strict_point_hn1,2,1433,5433,-0.6266,0.521035
primary_strict_point_hn1,2,1434,5434,-0.563013,0.651596
primary_strict_point_hn1,2,1435,5435,-0.443303,0.767417
primary_strict_point_hn1,2,1436,5436,-0.444489,0.660862
primary_strict_point_hn1,2,1437,5437,-0.347715,0.676109
primary_strict_point_hn1,2,1438,5438,-0.475644,0.567683
primary_strict_point_hn1,2,1439,5439,-0.324446,0.682973
primary_strict_point_hn1,2,1440,5440,-0.429306,0.689839
primary_strict_point_hn1,2,1441,5441,-0.48711,0.690643
primary_strict_point_hn1,2,1442,5442,-0.415316,0.717297
primary_strict_point_hn1,2,1443,5443,-0.59832,0.415076
primary_strict_point_hn1,2,1444,5444,-0.567145,0.471884
primary_strict_point_hn1,2,1445,5445,-0.614308,0.448957
primary_strict_point_hn1,2,1446,5446,-0.916367,0.731893
primary_strict_point_hn1,2,1447,5447,-0.510822,0.665391
primary_strict_point_hn1,2,1448,5448,-0.606702,0.810703
primary_strict_point_hn1,2,1449,5449,-0.528384,0.560711
primary_strict_point_hn1,2,1450,5450,-0.529032,0.546092
primary_strict_point_hn1,2,1451,5451,-0.642775,0.57218
primary_strict_point_hn1,2,1452,5452,-0.511402,0.413295
primary_strict_point_hn1,2,1453,5453,-0.636235,0.488133
primary_strict_point_hn1,2,1454,5454,-0.677103,0.473829
primary_strict_point_hn1,2,1455,5455,-0.828771,0.355352
primary_strict_point_hn1,2,1456,5456,-0.694413,0.594741
primary_strict_point_hn1,2,1457,5457,-0.712054,0.852903
primary_strict_point_hn1,2,1458,5458,-0.659809,0.715307
primary_strict_point_hn1,2,1459,5459,-0.182221,0.58324
primary_strict_point_hn1,2,1460,5460,-0.208425,0.68286500000000006
primary_strict_point_hn1,2,1461,5461,-0.517958,0.556188
primary_strict_point_hn1,2,1462,5462,-0.460568,0.496045
primary_strict_point_hn1,2,1463,5463,-0.509195,0.568969
primary_strict_point_hn1,2,1464,5464,-0.47662,0.560525
primary_strict_point_hn1,2,1465,5465,-0.468585,0.486104
primary_strict_point_hn1,2,1466,5466,-0.576076,0.506823
primary_strict_point_hn1,2,1467,5467,-0.524325,0.690274
primary_strict_point_hn1,2,1468,5468,-0.447361,0.472211
primary_strict_point_hn1,2,1469,5469,-0.593167,0.626092
primary_strict_point_hn1,2,1470,5470,-0.444983,0.485975
primary_strict_point_hn1,2,1471,5471,-0.332537,0.552924
primary_strict_point_hn1,2,1472,5472,-0.607274,0.619396
primary_strict_point_hn1,2,1473,5473,-0.512647,0.623468
primary_strict_point_hn1,2,1474,5474,-0.579852,0.611389
primary_strict_point_hn1,2,1475,5475,-0.676892,0.519332
primary_strict_point_hn1,2,1476,5476,-0.591814,0.41095
primary_strict_point_hn1,2,1477,5477,-0.66357,0.486131
primary_strict_point_hn1,2,1478,5478,-0.773839,0.62067
primary_strict_point_hn1,2,1479,5479,-0.6118,0.711961
primary_strict_point_hn1,2,1480,5480,-0.587132,0.651569
primary_strict_point_hn1,2,1481,5481,-0.537135,0.736736
primary_strict_point_hn1,2,1482,5482,-0.652721,0.659171
primary_strict_point_hn1,2,1483,5483,-0.476109,0.867542
primary_strict_point_hn1,2,1484,5484,-0.523595,0.841566
primary_strict_point_hn1,2,1485,5485,-0.655786,0.850112
primary_strict_point_hn1,2,1486,5486,-0.982242,0.818107
primary_strict_point_hn1,2,1487,5487,-0.941473,0.914301
primary_strict_point_hn1,2,1488,5488,-0.955476,0.714403
primary_strict_point_hn1,2,1489,5489,-1.18015,0.892647
primary_strict_point_hn1,2,1490,5490,-1.11395,0.981276
primary_strict_point_hn1,2,1491,5491,-1.12161,0.897084
primary_strict_point_hn1,2,1492,5492,-0.869157,0.953197
primary_strict_point_hn1,2,1493,5493,-0.95045,0.831035
primary_strict_point_hn1,2,1494,5494,-0.964483,0.731596
primary_strict_point_hn1,2,1495,5495,-1.01227,0.695337
primary_strict_point_hn1,2,1496,5496,-1.1284,0.796887
primary_strict_point_hn1,2,1497,5497,-0.782,0.480847
primary_strict_point_hn1,2,1498,5498,-0.811018,0.43923
primary_strict_point_hn1,2,1499,5499,-0.839107,0.587768
primary_strict_point_hn1,2,1500,5500,-0.81624,0.898468
primary_strict_point_hn1,2,1501,5501,-0.76324,0.754439
primary_strict_point_hn1,2,1502,5502,-0.633348,0.686585
primary_strict_point_hn1,2,1503,5503,-0.692541,0.612685
primary_strict_point_hn1,2,1504,5504,-0.772455,0.560449
primary_strict_point_hn1,2,1505,5505,-0.858987,0.482526
primary_strict_point_hn1,2,1506,5506,-0.659739,0.452466
primary_strict_point_hn1,2,1507,5507,-0.503889,0.514967
primary_strict_point_hn1,2,1508,5508,-0.744105,0.424211
primary_strict_point_hn1,2,1509,5509,-0.81542,0.425057
primary_strict_point_hn1,2,1510,5510,-0.594457,0.46837
primary_strict_point_hn1,2,1511,5511,-0.609817,0.514553
primary_strict_point_hn1,2,1512,5512,-0.816063,0.36498
primary_strict_point_hn1,2,1513,5513,-0.878309,0.468981
primary_strict_point_hn1,2,1514,5514,-0.837803,0.429799
primary_strict_point_hn1,2,1515,5515,-0.965148,0.377652
primary_strict_point_hn1,2,1516,5516,-0.787438,0.865687
primary_strict_point_hn1,2,1517,5517,-0.784303,0.704449
primary_strict_point_hn1,2,1518,5518,-0.63388,0.68203
primary_strict_point_hn1,2,1519,5519,-0.465412,0.53235
primary_strict_point_hn1,2,1520,5520,-0.427702,0.463076
primary_strict_point_hn1,2,1521,5521,-0.469044,0.540911
primary_strict_point_hn1,2,1522,5522,-0.504517,0.636812
primary_strict_point_hn1,2,1523,5523,-0.655465,0.432305
primary_strict_point_hn1,2,1524,5524,-0.809401,0.446018
primary_strict_point_hn1,2,1525,5525,-0.962136,0.557647
primary_strict_point_hn1,2,1526,5526,-1.0922,0.494655
primary_strict_point_hn1,2,1527,5527,-0.827639,0.605329
primary_strict_point_hn1,2,1528,5528,-0.893798,0.538922
primary_strict_point_hn1,2,1529,5529,-0.646447,0.421948
primary_strict_point_hn1,2,1530,5530,-0.632011,0.437227
primary_strict_point_hn1,2,1531,5531,-0.635763,0.444346
primary_strict_point_hn1,2,1532,5532,-0.778043,0.4174
primary_strict_point_hn1,2,1533,5533,-0.475627,0.596402
primary_strict_point_hn1,2,1534,5534,-0.459855,0.579499
primary_strict_point_hn1,2,1535,5535,-0.189648,0.597713
primary_strict_point_hn1,2,1536,5536,-0.719341,0.677917
primary_strict_point_hn1,2,1537,5537,-0.67873000000000006,0.648901
primary_strict_point_hn1,2,1538,5538,-0.570252,0.582819
primary_strict_point_hn1,2,1539,5539,-0.657005,0.545855
primary_strict_point_hn1,2,1540,5540,-0.520805,0.541507
primary_strict_point_hn1,2,1541,5541,-0.756537,0.727302
primary_strict_point_hn1,2,1542,5542,-0.592784,0.842142
primary_strict_point_hn1,2,1543,5543,-0.766449,0.571671
primary_strict_point_hn1,2,1544,5544,-0.673851,0.767847
primary_strict_point_hn1,2,1545,5545,-0.876063,0.742529
primary_strict_point_hn1,2,1546,5546,-0.54559,0.54672
primary_strict_point_hn1,2,1547,5547,-0.773834,0.432168
primary_strict_point_hn1,2,1548,5548,-0.766751,0.444753
primary_strict_point_hn1,2,1549,5549,-0.73476,0.466733
primary_strict_point_hn1,2,1550,5550,-0.811889,0.4444
primary_strict_point_hn1,2,1551,5551,-0.575697,0.413467
primary_strict_point_hn1,2,1552,5552,-0.668827,0.517946
primary_strict_point_hn1,2,1553,5553,-0.592768,0.726361
primary_strict_point_hn1,2,1554,5554,-0.773709,0.563788
primary_strict_point_hn1,2,1555,5555,-0.698786,0.599509
primary_strict_point_hn1,2,1556,5556,-0.43053399999999997,0.912116
primary_strict_point_hn1,2,1557,5557,-0.44019200000000003,0.93024
primary_strict_point_hn1,2,1558,5558,-0.546942,1.17501
primary_strict_point_hn1,2,1559,5559,-0.441457,0.965214
primary_strict_point_hn1,2,1560,5560,-0.460361,0.805928
primary_strict_point_hn1,2,1561,5561,-0.429197,0.830197
primary_strict_point_hn1,2,1562,5562,-0.609316,0.724501
primary_strict_point_hn1,2,1563,5563,-0.473069,0.673318
primary_strict_point_hn1,2,1564,5564,-0.702899,0.473028
primary_strict_point_hn1,2,1565,5565,-0.548032,0.397249
primary_strict_point_hn1,2,1566,5566,-0.422738,0.47153
primary_strict_point_hn1,2,1567,5567,-0.467772,0.435633
primary_strict_point_hn1,2,1568,5568,-0.363439,0.430741
primary_strict_point_hn1,2,1569,5569,-0.267505,0.470644
primary_strict_point_hn1,2,1570,5570,-0.318332,0.625339
primary_strict_point_hn1,2,1571,5571,-0.249469,0.678031
primary_strict_point_hn1,2,1572,5572,-0.286208,0.785469
primary_strict_point_hn1,2,1573,5573,-0.21808,0.720719
primary_strict_point_hn1,2,1574,5574,-0.417403,0.535469
primary_strict_point_hn1,2,1575,5575,-0.413098,0.504298
primary_strict_point_hn1,2,1576,5576,-0.437939,0.863981
primary_strict_point_hn1,2,1577,5577,-0.778136,0.482742
primary_strict_point_hn1,2,1578,5578,-0.745279,0.450401
primary_strict_point_hn1,2,1579,5579,-0.924228,1.1003
primary_strict_point_hn1,2,1580,5580,-1.04126,1.19186
primary_strict_point_hn1,2,1581,5581,-1.03859,1.05965
primary_strict_point_hn1,2,1582,5582,-0.953114,1.01127
primary_strict_point_hn1,2,1583,5583,-0.932983,0.91551
primary_strict_point_hn1,2,1584,5584,-0.403677,0.600879
primary_strict_point_hn1,2,1585,5585,-0.532087,0.692998
primary_strict_point_hn1,2,1586,5586,-0.404045,0.736067
primary_strict_point_hn1,2,1587,5587,-0.807409,0.594349
primary_strict_point_hn1,2,1588,5588,-0.46033,0.550339
primary_strict_point_hn1,2,1589,5589,-0.614059,0.531448
primary_strict_point_hn1,2,1590,5590,-0.582082,0.56113
primary_strict_point_hn1,2,1591,5591,-0.560061,0.50377
primary_strict_point_hn1,2,1592,5592,-0.623567,0.585777
primary_strict_point_hn1,2,1593,5593,-0.623889,0.697011
primary_strict_point_hn1,2,1594,5594,-0.549283,0.61438
primary_strict_point_hn1,2,1595,5595,-0.774999,0.465128
primary_strict_point_hn1,2,1596,5596,-0.78848,0.372423
primary_strict_point_hn1,2,1597,5597,-0.887459,0.452047
primary_strict_point_hn1,2,1598,5598,-0.436031,0.880985
primary_strict_point_hn1,2,1599,5599,-0.577016,0.617055
primary_strict_point_hn1,2,1600,5600,-0.893922,0.476116
primary_strict_point_hn1,2,1601,5601,-0.886044,0.303657
primary_strict_point_hn1,2,1602,5602,-0.570002,0.521184
primary_strict_point_hn1,2,1603,5603,-0.830541,0.527408
primary_strict_point_hn1,2,1604,5604,-0.954961,0.524707
primary_strict_point_hn1,2,1605,5605,-0.752075,0.511548
primary_strict_point_hn1,2,1606,5606,-0.772394,0.537278
primary_strict_point_hn1,2,1607,5607,-0.600258,0.256994
primary_strict_point_hn1,2,1608,5608,-0.689597,0.393918
primary_strict_point_hn1,2,1609,5609,-0.893973,0.488034
primary_strict_point_hn1,2,1610,5610,-0.630251,0.582018
primary_strict_point_hn1,2,1611,5611,-0.575768,0.475652
primary_strict_point_hn1,2,1612,5612,-0.704743,0.602353
primary_strict_point_hn1,2,1613,5613,-0.665368,0.491598
primary_strict_point_hn1,2,1614,5614,-0.796533,0.452949
primary_strict_point_hn1,2,1615,5615,-0.79876,0.457647
primary_strict_point_hn1,2,1616,5616,-0.661766,0.593593
primary_strict_point_hn1,2,1617,5617,-0.724653,0.446249
primary_strict_point_hn1,2,1618,5618,-0.752924,0.497521
primary_strict_point_hn1,2,1619,5619,-0.508953,0.46722
primary_strict_point_hn1,2,1620,5620,-0.598115,0.532851
primary_strict_point_hn1,2,1621,5621,-0.555648,0.72887
primary_strict_point_hn1,2,1622,5622,-1.13645,0.612075
primary_strict_point_hn1,2,1623,5623,-0.747796,0.491691
primary_strict_point_hn1,2,1624,5624,-0.739277,0.49205
primary_strict_point_hn1,2,1625,5625,-0.841684,0.701495
primary_strict_point_hn1,2,1626,5626,-1.07306,0.748025
primary_strict_point_hn1,2,1627,5627,-1.06025,0.543444
primary_strict_point_hn1,2,1628,5628,-1.03173,0.539888
primary_strict_point_hn1,2,1629,5629,-1.06437,0.643365
primary_strict_point_hn1,2,1630,5630,-1.19432,0.660028
primary_strict_point_hn1,2,1631,5631,-1.15938,0.673304
primary_strict_point_hn1,2,1632,5632,-1.07466,0.456016
primary_strict_point_hn1,2,1633,5633,-1.14548,0.699394
primary_strict_point_hn1,2,1634,5634,-0.73293,0.628322
primary_strict_point_hn1,2,1635,5635,-0.4676,0.627178
primary_strict_point_hn1,2,1636,5636,-0.64792400000000006,0.576797
primary_strict_point_hn1,2,1637,5637,-0.68033,0.690101
primary_strict_point_hn1,2,1638,5638,-0.714438,0.730116
primary_strict_point_hn1,2,1639,5639,-0.706711,0.695627
primary_strict_point_hn1,2,1640,5640,-0.746383,0.827798
primary_strict_point_hn1,2,1641,5641,-0.760261,0.601444
primary_strict_point_hn1,2,1642,5642,-0.714008,0.673856
primary_strict_point_hn1,2,1643,5643,-0.746913,0.717391
primary_strict_point_hn1,2,1644,5644,-0.766338,0.76741
primary_strict_point_hn1,2,1645,5645,-0.83445,0.706089
primary_strict_point_hn1,2,1646,5646,-0.869994,0.754692
primary_strict_point_hn1,2,1647,5647,-0.782702,0.831691
primary_strict_point_hn1,2,1648,5648,-0.784071,0.787998
primary_strict_point_hn1,2,1649,5649,-0.567622,0.751394
primary_strict_point_hn1,2,1650,5650,-0.612537,0.781518
primary_strict_point_hn1,2,1651,5651,-0.665834,0.724939
primary_strict_point_hn1,2,1652,5652,-0.644024,0.721147
primary_strict_point_hn1,2,1653,5653,-0.685536,0.754464
primary_strict_point_hn1,2,1654,5654,-0.706089,0.903515
primary_strict_point_hn1,2,1655,5655,-0.621472,0.806447
primary_strict_point_hn1,2,1656,5656,-0.707244,0.7732
primary_strict_point_hn1,2,1657,5657,-0.72911,0.862058
primary_strict_point_hn1,2,1658,5658,-0.554225,0.620913
primary_strict_point_hn1,2,1659,5659,-0.799091,0.579727
primary_strict_point_hn1,2,1660,5660,-0.82769,0.53562
primary_strict_point_hn1,2,1661,5661,-0.608235,0.467212
primary_strict_point_hn1,2,1662,5662,-0.671572,0.562587
primary_strict_point_hn1,2,1663,5663,-0.599086,0.530233
primary_strict_point_hn1,2,1664,5664,-0.582605,0.481562
primary_strict_point_hn1,2,1665,5665,-0.807376,0.583264
primary_strict_point_hn1,2,1666,5666,-0.71519,0.488927
primary_strict_point_hn1,2,1667,5667,-0.600771,0.675857
primary_strict_point_hn1,2,1668,5668,-0.544768,0.608714
primary_strict_point_hn1,2,1669,5669,-0.675398,0.565224
primary_strict_point_hn1,2,1670,5670,-0.444555,0.787036
primary_strict_point_hn1,2,1671,5671,-0.518857,1.16877
primary_strict_point_hn1,2,1672,5672,-0.29715,0.852573
primary_strict_point_hn1,2,1673,5673,-0.742703,0.413531
primary_strict_point_hn1,2,1674,5674,-0.748146,0.344299
primary_strict_point_hn1,2,1675,5675,-0.71693,0.464561
primary_strict_point_hn1,2,1676,5676,-0.53883,0.478788
primary_strict_point_hn1,2,1677,5677,-0.707659,0.425321
primary_strict_point_hn1,2,1678,5678,-0.59815,0.375181
primary_strict_point_hn1,2,1679,5679,-0.609872,0.385372
primary_strict_point_hn1,2,1680,5680,-0.638836,0.489527
primary_strict_point_hn1,2,1681,5681,-0.647635,0.415476
primary_strict_point_hn1,2,1682,5682,-0.645206,0.342667
primary_strict_point_hn1,2,1683,5683,-0.74857,0.503751
primary_strict_point_hn1,2,1684,5684,-0.60451,0.495982
primary_strict_point_hn1,2,1685,5685,-0.450232,0.588236
primary_strict_point_hn1,2,1686,5686,-0.373072,0.52929
primary_strict_point_hn1,2,1687,5687,-0.460161,0.54362
primary_strict_point_hn1,2,1688,5688,-0.61943,0.617984
primary_strict_point_hn1,2,1689,5689,-0.734505,0.627558
primary_strict_point_hn1,2,1690,5690,-0.741542,0.725452
primary_strict_point_hn1,2,1691,5691,-0.720121,0.575344
primary_strict_point_hn1,2,1692,5692,-0.547055,0.469333
primary_strict_point_hn1,2,1693,5693,-0.689159,0.647981
primary_strict_point_hn1,2,1694,5694,-0.551046,0.585211
primary_strict_point_hn1,2,1695,5695,-0.733742,0.466522
primary_strict_point_hn1,2,1696,5696,-0.916257,0.768933
primary_strict_point_hn1,2,1697,5697,-0.966796,0.374268
primary_strict_point_hn1,2,1698,5698,-0.872369,0.412397
primary_strict_point_hn1,2,1699,5699,-1.00215,0.642999
primary_strict_point_hn1,2,1700,5700,-0.925814,0.668376
primary_strict_point_hn1,2,1701,5701,-0.91777,0.629521
primary_strict_point_hn1,2,1702,5702,-0.903201,0.69503
primary_strict_point_hn1,2,1703,5703,-0.929434,0.71994
primary_strict_point_hn1,2,1704,5704,-0.968174,0.709885
primary_strict_point_hn1,2,1705,5705,-0.683931,0.817061
primary_strict_point_hn1,2,1706,5706,-0.656367,0.540369
primary_strict_point_hn1,2,1707,5707,-0.620982,0.39476
primary_strict_point_hn1,2,1708,5708,-0.768232,0.356024
primary_strict_point_hn1,2,1709,5709,-0.629554,0.540284
primary_strict_point_hn1,2,1710,5710,-0.721884,0.764377
primary_strict_point_hn1,2,1711,5711,-0.648814,0.562666
primary_strict_point_hn1,2,1712,5712,-0.642581,0.601925
primary_strict_point_hn1,2,1713,5713,-0.823395,0.381219
primary_strict_point_hn1,2,1714,5714,-0.742281,0.362147
primary_strict_point_hn1,2,1715,5715,-0.752877,0.385906
primary_strict_point_hn1,2,1716,5716,-0.820846,0.272409
primary_strict_point_hn1,2,1717,5717,-0.770612,0.348349
primary_strict_point_hn1,2,1718,5718,-0.764083,0.315961
primary_strict_point_hn1,2,1719,5719,-0.847181,0.367279
primary_strict_point_hn1,2,1720,5720,-0.847032,0.433653
primary_strict_point_hn1,2,1721,5721,-1.30908,0.744381
primary_strict_point_hn1,2,1722,5722,-0.807869,0.704856
primary_strict_point_hn1,2,1723,5723,-0.797924,0.565323
primary_strict_point_hn1,2,1724,5724,-0.698962,0.429327
primary_strict_point_hn1,2,1725,5725,-0.694427,0.483559
primary_strict_point_hn1,2,1726,5726,-0.757543,0.466317
primary_strict_point_hn1,2,1727,5727,-0.82612,0.387711
primary_strict_point_hn1,2,1728,5728,-0.781221,0.41987
primary_strict_point_hn1,2,1729,5729,-0.45688,0.672406
primary_strict_point_hn1,2,1730,5730,-0.583978,0.472934
primary_strict_point_hn1,2,1731,5731,-0.571983,0.281463
primary_strict_point_hn1,2,1732,5732,-0.697331,0.299353
primary_strict_point_hn1,2,1733,5733,-0.423142,0.436594
primary_strict_point_hn1,2,1734,5734,-0.462827,0.523513
primary_strict_point_hn1,2,1735,5735,-0.492932,0.515353
primary_strict_point_hn1,2,1736,5736,-0.681094,0.519593
primary_strict_point_hn1,2,1737,5737,-0.637569,0.511364
primary_strict_point_hn1,2,1738,5738,-0.422334,0.447186
primary_strict_point_hn1,2,1739,5739,-0.609264,0.475906
primary_strict_point_hn1,2,1740,5740,-0.775854,0.530081
primary_strict_point_hn1,2,1741,5741,-0.486301,0.601393
primary_strict_point_hn1,2,1742,5742,-0.840223,0.873746
primary_strict_point_hn1,2,1743,5743,-0.641417,0.801475
primary_strict_point_hn1,2,1744,5744,-0.721248,0.589584
primary_strict_point_hn1,2,1745,5745,-0.642245,0.496777
primary_strict_point_hn1,2,1746,5746,-0.522235,0.501603
primary_strict_point_hn1,2,1747,5747,-0.632082,0.396408
primary_strict_point_hn1,2,1748,5748,-0.739331,0.408129
primary_strict_point_hn1,2,1749,5749,-0.688153,0.479397
primary_strict_point_hn1,2,1750,5750,-0.736756,0.477284
primary_strict_point_hn1,2,1751,5751,-0.784545,0.706343
primary_strict_point_hn1,2,1752,5752,-0.819436,0.747344
primary_strict_point_hn1,2,1753,5753,-0.441968,1.00315
primary_strict_point_hn1,2,1754,5754,-0.151108,0.759169
primary_strict_point_hn1,2,1755,5755,-0.634577,0.756353
primary_strict_point_hn1,2,1756,5756,-0.852695,0.661961
primary_strict_point_hn1,2,1757,5757,-0.819385,0.567493
primary_strict_point_hn1,2,1758,5758,-0.76279,0.426969
primary_strict_point_hn1,2,1759,5759,-0.79654,0.695795
primary_strict_point_hn1,2,1760,5760,-0.599912,0.498228
primary_strict_point_hn1,2,1761,5761,-0.726673,0.57522
primary_strict_point_hn1,2,1762,5762,-0.528984,0.486184
primary_strict_point_hn1,2,1763,5763,-0.559294,0.403502
primary_strict_point_hn1,2,1764,5764,-0.696049,0.447109
primary_strict_point_hn1,2,1765,5765,-0.72556,0.544706
primary_strict_point_hn1,2,1766,5766,-0.68089,0.413302
primary_strict_point_hn1,2,1767,5767,-0.647284,0.429956
primary_strict_point_hn1,2,1768,5768,-0.353799,0.578386
primary_strict_point_hn1,2,1769,5769,-0.375201,0.653483
primary_strict_point_hn1,2,1770,5770,-0.543477,0.597565
primary_strict_point_hn1,2,1771,5771,-0.562421,0.584836
primary_strict_point_hn1,2,1772,5772,-0.876335,0.798402
primary_strict_point_hn1,2,1773,5773,-0.551746,0.385292
primary_strict_point_hn1,2,1774,5774,-0.522786,0.448612
primary_strict_point_hn1,2,1775,5775,-0.537144,0.75258100000000006
primary_strict_point_hn1,2,1776,5776,-0.639287,0.678003
primary_strict_point_hn1,2,1777,5777,-0.461646,0.550184
primary_strict_point_hn1,2,1778,5778,-0.456675,0.540275
primary_strict_point_hn1,2,1779,5779,-0.533514,0.706502
primary_strict_point_hn1,2,1780,5780,-0.580447,0.619954
primary_strict_point_hn1,2,1781,5781,-0.776149,0.45989
primary_strict_point_hn1,2,1782,5782,-0.823002,0.538365
primary_strict_point_hn1,2,1783,5783,-0.911748,0.291015
primary_strict_point_hn1,2,1784,5784,-0.980613,0.402092
primary_strict_point_hn1,2,1785,5785,-0.99458,0.509421
primary_strict_point_hn1,2,1786,5786,-0.888368,0.525791
primary_strict_point_hn1,2,1787,5787,-0.697806,0.768352
primary_strict_point_hn1,2,1788,5788,-0.654158,0.537923
primary_strict_point_hn1,2,1789,5789,-0.621327,0.69727
primary_strict_point_hn1,2,1790,5790,-0.60916,0.668491
primary_strict_point_hn1,2,1791,5791,-0.705894,0.682365
primary_strict_point_hn1,2,1792,5792,-0.441214,0.736623
primary_strict_point_hn1,2,1793,5793,-0.628381,0.646856
primary_strict_point_hn1,2,1794,5794,-0.557713,0.648356
primary_strict_point_hn1,2,1795,5795,-0.857974,0.465957
primary_strict_point_hn1,2,1796,5796,-1.08597,0.553964
primary_strict_point_hn1,2,1797,5797,-1.1865,0.594971
primary_strict_point_hn1,2,1798,5798,-0.898048,0.800303
primary_strict_point_hn1,2,1799,5799,-0.894361,0.805305
primary_strict_point_hn1,2,1800,5800,-0.741606,0.419957
primary_strict_point_hn1,2,1801,5801,-0.627621,0.373544
primary_strict_point_hn1,2,1802,5802,-0.571062,0.505891
primary_strict_point_hn1,2,1803,5803,-0.501305,0.427837
primary_strict_point_hn1,2,1804,5804,-0.344633,0.537847
primary_strict_point_hn1,2,1805,5805,-0.991165,1.18319
primary_strict_point_hn1,2,1806,5806,-0.549028,0.514558
primary_strict_point_hn1,2,1807,5807,-0.482205,0.590975
primary_strict_point_hn1,2,1808,5808,-0.672085,0.491945
primary_strict_point_hn1,2,1809,5809,-0.697083,0.462887
primary_strict_point_hn1,2,1810,5810,-1.11796,0.869475
primary_strict_point_hn1,2,1811,5811,-1.02097,0.823178
primary_strict_point_hn1,2,1812,5812,-1.05769,0.764579
primary_strict_point_hn1,2,1813,5813,-0.535468,0.409459
primary_strict_point_hn1,2,1814,5814,-0.603437,0.462912
primary_strict_point_hn1,2,1815,5815,-0.629995,0.510326
primary_strict_point_hn1,2,1816,5816,-0.446819,0.449203
primary_strict_point_hn1,2,1817,5817,-0.511344,0.486803
primary_strict_point_hn1,2,1818,5818,-0.510278,0.441024
primary_strict_point_hn1,2,1819,5819,-0.522844,0.571001
primary_strict_point_hn1,2,1820,5820,-0.568505,1.01535
primary_strict_point_hn1,2,1821,5821,-0.620716,1.06614
primary_strict_point_hn1,2,1822,5822,-0.560356,1.2503
primary_strict_point_hn1,2,1823,5823,-0.464245,0.94064
primary_strict_point_hn1,2,1824,5824,-0.549481,0.751532
primary_strict_point_hn1,2,1825,5825,-0.55669,0.713858
primary_strict_point_hn1,2,1826,5826,-0.548267,0.696042
primary_strict_point_hn1,2,1827,5827,-0.422945,0.606988
primary_strict_point_hn1,2,1828,5828,-0.606784,0.666688
primary_strict_point_hn1,2,1829,5829,-0.327249,0.589537
primary_strict_point_hn1,2,1830,5830,-0.408534,0.552091
primary_strict_point_hn1,2,1831,5831,-0.300181,0.67913
primary_strict_point_hn1,2,1832,5832,-0.350864,0.64629
primary_strict_point_hn1,2,1833,5833,-0.156678,0.784385
primary_strict_point_hn1,2,1834,5834,-0.607843,0.47852
primary_strict_point_hn1,2,1835,5835,-0.559573,0.48867
primary_strict_point_hn1,2,1836,5836,-1.05654,0.672869
primary_strict_point_hn1,2,1837,5837,-0.906086,0.541876
primary_strict_point_hn1,2,1838,5838,-0.939676,0.665528
primary_strict_point_hn1,2,1839,5839,-1.02552,0.550971
primary_strict_point_hn1,2,1840,5840,-0.785806,0.803668
primary_strict_point_hn1,2,1841,5841,-0.556592,0.701167
primary_strict_point_hn1,2,1842,5842,-0.514266,0.787304
primary_strict_point_hn1,2,1843,5843,-0.521975,0.74351
primary_strict_point_hn1,2,1844,5844,-0.504442,0.725816
primary_strict_point_hn1,2,1845,5845,-0.537537,0.822971
primary_strict_point_hn1,2,1846,5846,-0.608377,0.889072
primary_strict_point_hn1,2,1847,5847,-0.550644,0.420235
primary_strict_point_hn1,2,1848,5848,-0.597931,0.404965
primary_strict_point_hn1,2,1849,5849,-0.779513,0.367089
primary_strict_point_hn1,2,1850,5850,-0.723989,0.642594
primary_strict_point_hn1,2,1851,5851,-0.707414,0.760831
primary_strict_point_hn1,2,1852,5852,-0.624032,0.689034
primary_strict_point_hn1,2,1853,5853,-0.716247,0.685149
primary_strict_point_hn1,2,1854,5854,-0.805138,0.669018
primary_strict_point_hn1,2,1855,5855,-0.73482,0.790624
primary_strict_point_hn1,2,1856,5856,-0.709377,0.583683
primary_strict_point_hn1,2,1857,5857,-0.862511,0.459995
primary_strict_point_hn1,2,1858,5858,-0.729735,0.538323
primary_strict_point_hn1,2,1859,5859,-0.83746,0.605662
primary_strict_point_hn1,2,1860,5860,-0.926214,0.548142
primary_strict_point_hn1,2,1861,5861,-0.684714,0.626123
primary_strict_point_hn1,2,1862,5862,-0.817526,0.599396
primary_strict_point_hn1,2,1863,5863,-0.604751,0.451317
primary_strict_point_hn1,2,1864,5864,-0.548425,0.358363
primary_strict_point_hn1,2,1865,5865,-0.496938,0.424384
primary_strict_point_hn1,2,1866,5866,-0.711705,0.415595
primary_strict_point_hn1,2,1867,5867,-0.822614,0.587612
primary_strict_point_hn1,2,1868,5868,-1.22898,0.60217
primary_strict_point_hn1,2,1869,5869,-0.876008,0.483704
primary_strict_point_hn1,2,1870,5870,-0.849962,0.503891
primary_strict_point_hn1,2,1871,5871,-0.875084,0.576443
primary_strict_point_hn1,2,1872,5872,-0.436297,0.511201
primary_strict_point_hn1,2,1873,5873,-0.429674,0.458404
primary_strict_point_hn1,2,1874,5874,-0.152331,0.629257
primary_strict_point_hn1,2,1875,5875,-0.152791,0.591578
primary_strict_point_hn1,2,1876,5876,-0.688879,0.346076
primary_strict_point_hn1,2,1877,5877,-0.847624,0.575764
primary_strict_point_hn1,2,1878,5878,-0.539867,0.47177
primary_strict_point_hn1,2,1879,5879,-0.512578,0.671113
primary_strict_point_hn1,2,1880,5880,-0.513193,0.657895
primary_strict_point_hn1,2,1881,5881,-0.298116,0.732917
primary_strict_point_hn1,2,1882,5882,-0.525415,0.454517
primary_strict_point_hn1,2,1883,5883,-0.604437,0.344701
primary_strict_point_hn1,2,1884,5884,-0.739971,0.417893
primary_strict_point_hn1,2,1885,5885,-0.793171,0.582541
primary_strict_point_hn1,2,1886,5886,-0.592451,0.77604
primary_strict_point_hn1,2,1887,5887,-0.636131,0.707858
primary_strict_point_hn1,2,1888,5888,-0.497267,0.349115
primary_strict_point_hn1,2,1889,5889,-0.584167,0.487514
primary_strict_point_hn1,2,1890,5890,-0.419455,0.454796
primary_strict_point_hn1,2,1891,5891,-0.617414,0.361105
primary_strict_point_hn1,2,1892,5892,-0.482168,0.410232
primary_strict_point_hn1,2,1893,5893,-0.714519,0.313955
primary_strict_point_hn1,2,1894,5894,-0.59095,0.316927
primary_strict_point_hn1,2,1895,5895,-0.511307,0.822323
primary_strict_point_hn1,2,1896,5896,-0.466102,0.819708
primary_strict_point_hn1,2,1897,5897,-0.311103,0.953802
primary_strict_point_hn1,2,1898,5898,-0.372061,1.03731
primary_strict_point_hn1,2,1899,5899,-0.312349,0.958428
primary_strict_point_hn1,2,1900,5900,-0.407648,0.965485
primary_strict_point_hn1,2,1901,5901,-0.376412,0.823668
primary_strict_point_hn1,2,1902,5902,-0.532269,0.791885
primary_strict_point_hn1,2,1903,5903,-0.602154,0.681338
primary_strict_point_hn1,2,1904,5904,-0.573722,1.09883
primary_strict_point_hn1,2,1905,5905,-0.560689,0.88127
primary_strict_point_hn1,2,1906,5906,-0.734516,1.02508
primary_strict_point_hn1,2,1907,5907,-0.564577,1.07231
primary_strict_point_hn1,2,1908,5908,-0.322407,0.649106
primary_strict_point_hn1,2,1909,5909,-0.581323,0.611083
primary_strict_point_hn1,2,1910,5910,-0.473333,0.656968
primary_strict_point_hn1,2,1911,5911,-0.991556,1.02801
primary_strict_point_hn1,2,1912,5912,-1.02739,0.756476
primary_strict_point_hn1,2,1913,5913,-0.866656,0.546074
primary_strict_point_hn1,2,1914,5914,-0.835911,0.582602
primary_strict_point_hn1,2,1915,5915,-0.770058,0.635046
primary_strict_point_hn1,2,1916,5916,-0.519393,0.500925
primary_strict_point_hn1,2,1917,5917,-0.39503,0.611569
primary_strict_point_hn1,2,1918,5918,-0.429269,0.595661
primary_strict_point_hn1,2,1919,5919,-0.643586,0.430739
primary_strict_point_hn1,2,1920,5920,-0.552593,0.494472
primary_strict_point_hn1,2,1921,5921,-0.476332,0.573126
primary_strict_point_hn1,2,1922,5922,-0.475417,0.552833
primary_strict_point_hn1,2,1923,5923,-0.382876,0.596078
primary_strict_point_hn1,2,1924,5924,-0.582387,0.465459
primary_strict_point_hn1,2,1925,5925,-0.731288,0.484378
primary_strict_point_hn1,2,1926,5926,-0.689317,0.466609
primary_strict_point_hn1,2,1927,5927,-0.403763,0.678024
primary_strict_point_hn1,2,1928,5928,-0.50239,0.664332
primary_strict_point_hn1,2,1929,5929,-0.807635,0.520097
primary_strict_point_hn1,2,1930,5930,-0.799107,0.725017
primary_strict_point_hn1,2,1931,5931,-0.656427,0.425843
primary_strict_point_hn1,2,1932,5932,-0.633633,0.415646
primary_strict_point_hn1,2,1933,5933,-0.683105,0.54656
primary_strict_point_hn1,2,1934,5934,-0.500991,0.563986
primary_strict_point_hn1,2,1935,5935,-0.633687,0.593595
primary_strict_point_hn1,2,1936,5936,-0.474723,0.597685
primary_strict_point_hn1,2,1937,5937,-0.504864,0.812444
primary_strict_point_hn1,2,1938,5938,-0.488147,0.71638
primary_strict_point_hn1,2,1939,5939,-0.369407,1.05508
primary_strict_point_hn1,2,1940,5940,-0.432467,0.828246
primary_strict_point_hn1,2,1941,5941,-0.274,1.20085
primary_strict_point_hn1,2,1942,5942,-0.357697,1.13229
primary_strict_point_hn1,2,1943,5943,-0.407169,1.11354
primary_strict_point_hn1,2,1944,5944,-0.213614,0.668476
primary_strict_point_hn1,2,1945,5945,-0.307597,0.633255
primary_strict_point_hn1,2,1946,5946,-0.462599,0.541086
primary_strict_point_hn1,2,1947,5947,-0.464073,0.419259
primary_strict_point_hn1,2,1948,5948,-0.537414,0.375529
primary_strict_point_hn1,2,1949,5949,-0.38212,0.438666
primary_strict_point_hn1,2,1950,5950,-0.503103,0.448284
primary_strict_point_hn1,2,1951,5951,-0.417194,0.419379
primary_strict_point_hn1,2,1952,5952,-0.547897,0.599705
primary_strict_point_hn1,2,1953,5953,-0.554408,0.559669
primary_strict_point_hn1,2,1954,5954,-0.348792,0.533592
primary_strict_point_hn1,2,1955,5955,-0.386579,0.456831
primary_strict_point_hn1,2,1956,5956,-0.412441,0.450392
primary_strict_point_hn1,2,1957,5957,-0.455539,0.604662
primary_strict_point_hn1,2,1958,5958,-0.673306,0.451438
primary_strict_point_hn1,2,1959,5959,-0.716205,0.422093
primary_strict_point_hn1,2,1960,5960,-0.583636,0.543518
primary_strict_point_hn1,2,1961,5961,-0.565624,0.35705
primary_strict_point_hn1,2,1962,5962,-0.593142,0.490937
primary_strict_point_hn1,2,1963,5963,-0.507031,0.481672
primary_strict_point_hn1,2,1964,5964,-0.286959,0.393563
primary_strict_point_hn1,2,1965,5965,-0.467562,0.583803
primary_strict_point_hn1,2,1966,5966,-0.827847,0.522347
primary_strict_point_hn1,2,1967,5967,-0.743444,0.391289
primary_strict_point_hn1,2,1968,5968,-0.691858,0.509021
primary_strict_point_hn1,2,1969,5969,-0.692076,0.494086
primary_strict_point_hn1,2,1970,5970,-0.787956,0.429111
primary_strict_point_hn1,2,1971,5971,-0.568163,0.514951
primary_strict_point_hn1,2,1972,5972,-0.615501,0.64097
primary_strict_point_hn1,2,1973,5973,-0.780979,0.971073
primary_strict_point_hn1,2,1974,5974,-0.817589,0.997427
primary_strict_point_hn1,2,1975,5975,-0.681326,0.536939
primary_strict_point_hn1,2,1976,5976,-0.42563,0.563863
primary_strict_point_hn1,2,1977,5977,-0.780175,0.481726
primary_strict_point_hn1,2,1978,5978,-0.738451,0.435016
primary_strict_point_hn1,2,1979,5979,-0.570939,0.542036
primary_strict_point_hn1,2,1980,5980,-0.697946,0.492392
primary_strict_point_hn1,2,1981,5981,-0.448574,0.471936
primary_strict_point_hn1,2,1982,5982,-0.426672,0.569194
primary_strict_point_hn1,2,1983,5983,-0.649049,0.656183
primary_strict_point_hn1,2,1984,5984,-0.476763,0.689555
primary_strict_point_hn1,2,1985,5985,-0.653465,0.45354
primary_strict_point_hn1,2,1986,5986,-0.457977,0.3588
primary_strict_point_hn1,2,1987,5987,-0.618887,0.412753
primary_strict_point_hn1,2,1988,5988,-0.673898,0.464387
primary_strict_point_hn1,2,1989,5989,-0.500353,0.550812
primary_strict_point_hn1,2,1990,5990,-0.71277,0.485996
primary_strict_point_hn1,2,1991,5991,-0.550124,0.475024
primary_strict_point_hn1,2,1992,5992,-0.701081,0.525648
primary_strict_point_hn1,2,1993,5993,-0.582741,0.843966
primary_strict_point_hn1,2,1994,5994,-0.449143,0.846245
primary_strict_point_hn1,2,1995,5995,-0.523605,0.748386
primary_strict_point_hn1,2,1996,5996,-0.538093,0.580867
primary_strict_point_hn1,2,1997,5997,-0.597514,0.562248
primary_strict_point_hn1,2,1998,5998,-0.539005,0.691246
primary_strict_point_hn1,2,1999,5999,-0.526002,0.482278
primary_strict_point_hn1,2,2000,6000,-0.625277,0.400692
primary_strict_point_hn1,2,2001,6001,-0.460523,0.461808
primary_strict_point_hn1,2,2002,6002,-0.671378,0.436732
primary_strict_point_hn1,2,2003,6003,-0.520729,0.521403
primary_strict_point_hn1,2,2004,6004,-0.726431,0.666611
primary_strict_point_hn1,2,2005,6005,-0.581637,0.606255
primary_strict_point_hn1,2,2006,6006,-0.709492,0.478803
primary_strict_point_hn1,2,2007,6007,-0.399135,0.530852
primary_strict_point_hn1,2,2008,6008,-0.328015,0.539446
primary_strict_point_hn1,2,2009,6009,-0.337442,0.648553
primary_strict_point_hn1,2,2010,6010,-0.628388,0.668662
primary_strict_point_hn1,2,2011,6011,-0.483182,0.725711
primary_strict_point_hn1,2,2012,6012,-0.469994,0.382554
primary_strict_point_hn1,2,2013,6013,-0.347196,0.464569
primary_strict_point_hn1,2,2014,6014,-0.23945,0.38815499999999997
primary_strict_point_hn1,2,2015,6015,-0.760873,0.490808
primary_strict_point_hn1,2,2016,6016,-0.851706,0.393606
primary_strict_point_hn1,2,2017,6017,-0.665509,0.447203
primary_strict_point_hn1,2,2018,6018,-0.657713,0.842553
primary_strict_point_hn1,2,2019,6019,-0.635368,0.33574
primary_strict_point_hn1,2,2020,6020,-0.57394,0.385359
primary_strict_point_hn1,2,2021,6021,-0.395327,0.505022
primary_strict_point_hn1,2,2022,6022,-0.571713,0.339582
primary_strict_point_hn1,2,2023,6023,-0.742874,0.28339
primary_strict_point_hn1,2,2024,6024,-0.683224,0.309431
primary_strict_point_hn1,2,2025,6025,-0.762432,0.250029
primary_strict_point_hn1,2,2026,6026,-0.64549,0.363113
primary_strict_point_hn1,2,2027,6027,-0.727174,0.441468
primary_strict_point_hn1,2,2028,6028,-0.692039,0.505561
primary_strict_point_hn1,2,2029,6029,-0.708477,0.569403
primary_strict_point_hn1,2,2030,6030,-0.616177,0.457957
primary_strict_point_hn1,2,2031,6031,-0.653702,0.471925
primary_strict_point_hn1,2,2032,6032,-0.72936,0.541826
primary_strict_point_hn1,2,2033,6033,-0.786135,0.577105
primary_strict_point_hn1,2,2034,6034,-0.792001,0.447254
primary_strict_point_hn1,2,2035,6035,-0.769172,0.459356
primary_strict_point_hn1,2,2036,6036,-0.836991,0.652283
primary_strict_point_hn1,2,2037,6037,-0.885418,0.577098
primary_strict_point_hn1,2,2038,6038,-0.752061,0.722119
primary_strict_point_hn1,2,2039,6039,-1.0404,0.828779
primary_strict_point_hn1,2,2040,6040,-1.10689,0.910752
primary_strict_point_hn1,2,2041,6041,-0.960095,0.823514
primary_strict_point_hn1,2,2042,6042,-0.994415,0.878332
primary_strict_point_hn1,2,2043,6043,-0.929708,0.807544
primary_strict_point_hn1,2,2044,6044,-0.904237,0.795468
primary_strict_point_hn1,2,2045,6045,-0.87637,0.744818
primary_strict_point_hn1,2,2046,6046,-0.882023,0.711106
primary_strict_point_hn1,2,2047,6047,-0.704189,0.725313
primary_strict_point_hn1,2,2048,6048,-0.583757,0.389525
primary_strict_point_hn1,2,2049,6049,-0.80006,0.414811
primary_strict_point_hn1,2,2050,6050,-0.797449,0.420187
primary_strict_point_hn1,2,2051,6051,-0.865589,0.448751
primary_strict_point_hn1,2,2052,6052,-1.02104,0.325991
primary_strict_point_hn1,2,2053,6053,-0.854194,0.565652
primary_strict_point_hn1,2,2054,6054,-0.846429,0.457404
primary_strict_point_hn1,2,2055,6055,-0.988905,0.39515
primary_strict_point_hn1,2,2056,6056,-0.936756,0.553958
primary_strict_point_hn1,2,2057,6057,-0.841429,0.298154
primary_strict_point_hn1,2,2058,6058,-0.837467,0.590865
primary_strict_point_hn1,2,2059,6059,-1.1291,0.746811
primary_strict_point_hn1,2,2060,6060,-1.02826,0.551965
primary_strict_point_hn1,2,2061,6061,-1.08124,0.471355
primary_strict_point_hn1,2,2062,6062,-0.904509,0.533903
primary_strict_point_hn1,2,2063,6063,-0.524257,0.743219
primary_strict_point_hn1,2,2064,6064,-0.637963,0.584687
primary_strict_point_hn1,2,2065,6065,-0.608273,0.744542
primary_strict_point_hn1,2,2066,6066,-0.842032,0.68687
primary_strict_point_hn1,2,2067,6067,-0.796077,0.465182
primary_strict_point_hn1,2,2068,6068,-0.72304,0.567823
primary_strict_point_hn1,2,2069,6069,-0.823058,0.611481
primary_strict_point_hn1,2,2070,6070,-0.552483,0.47517
primary_strict_point_hn1,2,2071,6071,-0.554192,0.497148
primary_strict_point_hn1,2,2072,6072,-0.569563,0.515182
primary_strict_point_hn1,2,2073,6073,-0.570396,0.530631
primary_strict_point_hn1,2,2074,6074,-0.515695,0.720124
primary_strict_point_hn1,2,2075,6075,-0.579266,0.768238
primary_strict_point_hn1,2,2076,6076,-0.561638,0.861692
primary_strict_point_hn1,2,2077,6077,-0.614243,0.867109
primary_strict_point_hn1,2,2078,6078,-0.619255,0.7838
primary_strict_point_hn1,2,2079,6079,-0.559189,0.463497
primary_strict_point_hn1,2,2080,6080,-0.519059,0.484116
primary_strict_point_hn1,2,2081,6081,-0.692372,0.558862
primary_strict_point_hn1,2,2082,6082,-0.78602,0.540063
primary_strict_point_hn1,2,2083,6083,-0.910528,0.529776
primary_strict_point_hn1,2,2084,6084,-0.603015,0.38988
primary_strict_point_hn1,2,2085,6085,-0.42801,0.464834
primary_strict_point_hn1,2,2086,6086,-0.481385,0.424647
primary_strict_point_hn1,2,2087,6087,-0.391847,0.395971
primary_strict_point_hn1,2,2088,6088,-0.78677,0.616333
primary_strict_point_hn1,2,2089,6089,-0.754613,0.524396
primary_strict_point_hn1,2,2090,6090,-0.80859,0.534541
primary_strict_point_hn1,2,2091,6091,-0.614282,0.401678
primary_strict_point_hn1,2,2092,6092,-0.482262,0.579135
primary_strict_point_hn1,2,2093,6093,-0.434958,0.735136
primary_strict_point_hn1,2,2094,6094,-0.471426,0.47467
primary_strict_point_hn1,2,2095,6095,-0.373906,0.620991
primary_strict_point_hn1,2,2096,6096,-0.805323,0.522678
primary_strict_point_hn1,2,2097,6097,-0.689184,0.418017
primary_strict_point_hn1,2,2098,6098,-0.569879,0.516737
primary_strict_point_hn1,2,2099,6099,-0.614909,0.429116
primary_strict_point_hn1,2,2100,6100,-0.536533,0.491463
primary_strict_point_hn1,2,2101,6101,-0.617073,0.455518
primary_strict_point_hn1,2,2102,6102,-0.445894,0.463209
primary_strict_point_hn1,2,2103,6103,-0.663072,0.473265
primary_strict_point_hn1,2,2104,6104,-0.858961,0.477044
primary_strict_point_hn1,2,2105,6105,-0.80178,0.450738
primary_strict_point_hn1,2,2106,6106,-0.624355,0.739737
primary_strict_point_hn1,2,2107,6107,-0.672149,0.605452
primary_strict_point_hn1,2,2108,6108,-1.02293,0.504275
primary_strict_point_hn1,2,2109,6109,-0.89365000000000006,0.484568
primary_strict_point_hn1,2,2110,6110,-0.794899,0.463857
primary_strict_point_hn1,2,2111,6111,-0.334533,0.617353
primary_strict_point_hn1,2,2112,6112,-0.522704,0.522193
primary_strict_point_hn1,2,2113,6113,-0.404445,0.470011
primary_strict_point_hn1,2,2114,6114,-0.472733,0.677386
primary_strict_point_hn1,2,2115,6115,-0.490987,0.567104
primary_strict_point_hn1,2,2116,6116,-0.523293,0.535195
primary_strict_point_hn1,2,2117,6117,-0.739237,0.601553
primary_strict_point_hn1,2,2118,6118,-0.839018,0.644821
primary_strict_point_hn1,2,2119,6119,-0.746295,0.486163
primary_strict_point_hn1,2,2120,6120,-0.825619,0.478162
primary_strict_point_hn1,2,2121,6121,-0.935782,0.742816
primary_strict_point_hn1,2,2122,6122,-0.702558,0.669765
primary_strict_point_hn1,2,2123,6123,-0.739193,0.627072
primary_strict_point_hn1,2,2124,6124,-0.316739,0.582841
primary_strict_point_hn1,2,2125,6125,-0.604947,0.644546
primary_strict_point_hn1,2,2126,6126,-0.565768,0.684541
primary_strict_point_hn1,2,2127,6127,-0.621433,0.703676
primary_strict_point_hn1,2,2128,6128,-0.509374,0.378828
primary_strict_point_hn1,2,2129,6129,-0.496852,0.382276
primary_strict_point_hn1,2,2130,6130,-0.588788,0.614293
primary_strict_point_hn1,2,2131,6131,-0.942164,1.24813
primary_strict_point_hn1,2,2132,6132,-0.741901,0.996609
primary_strict_point_hn1,2,2133,6133,-0.75544,0.653293
primary_strict_point_hn1,2,2134,6134,-0.46849,0.455201
primary_strict_point_hn1,2,2135,6135,-0.524137,0.671542
primary_strict_point_hn1,2,2136,6136,-0.610232,0.626248
primary_strict_point_hn1,2,2137,6137,-0.407586,0.649019
primary_strict_point_hn1,2,2138,6138,-0.504126,0.590287
primary_strict_point_hn1,2,2139,6139,-0.701361,0.682409
primary_strict_point_hn1,2,2140,6140,-0.898656,0.737248
primary_strict_point_hn1,2,2141,6141,-0.622769,0.637689
primary_strict_point_hn1,2,2142,6142,-0.703561,0.623208
primary_strict_point_hn1,2,2143,6143,-0.513853,0.791441
primary_strict_point_hn1,2,2144,6144,-0.549916,0.85727
primary_strict_point_hn1,2,2145,6145,-0.364867,0.850542
primary_strict_point_hn1,2,2146,6146,-0.320184,0.807731
primary_strict_point_hn1,2,2147,6147,-0.368425,0.793193
primary_strict_point_hn1,2,2148,6148,-0.546108,0.765575
primary_strict_point_hn1,2,2149,6149,-0.514441,0.819662
primary_strict_point_hn1,2,2150,6150,-0.491872,0.714945
primary_strict_point_hn1,2,2151,6151,-0.542914,0.715359
primary_strict_point_hn1,2,2152,6152,-0.695081,0.574491
primary_strict_point_hn1,2,2153,6153,-0.742767,0.482153
primary_strict_point_hn1,2,2154,6154,-0.649123,0.459195
primary_strict_point_hn1,2,2155,6155,-0.642319,0.728225
primary_strict_point_hn1,2,2156,6156,-0.570415,0.38704
primary_strict_point_hn1,2,2157,6157,-0.743088,0.361513
primary_strict_point_hn1,2,2158,6158,-0.876191,0.584364
primary_strict_point_hn1,2,2159,6159,-0.811426,0.594629
primary_strict_point_hn1,2,2160,6160,-0.611729,0.591971
primary_strict_point_hn1,2,2161,6161,-0.545463,0.544437
primary_strict_point_hn1,2,2162,6162,-0.601826,0.593977
primary_strict_point_hn1,2,2163,6163,-1.02321,0.644874
primary_strict_point_hn1,2,2164,6164,-0.664923,0.4655
primary_strict_point_hn1,2,2165,6165,-0.560181,0.556138
primary_strict_point_hn1,2,2166,6166,-0.270839,0.674773
primary_strict_point_hn1,2,2167,6167,-0.315535,0.624359
primary_strict_point_hn1,2,2168,6168,-0.690485,0.452162
primary_strict_point_hn1,2,2169,6169,-0.709613,0.525705
primary_strict_point_hn1,2,2170,6170,-0.728668,0.456489
primary_strict_point_hn1,2,2171,6171,-0.98922,0.376161
primary_strict_point_hn1,2,2172,6172,-1.02097,0.577818
primary_strict_point_hn1,2,2173,6173,-0.894476,0.416274
primary_strict_point_hn1,2,2174,6174,-1.06609,0.363623
primary_strict_point_hn1,2,2175,6175,-1.01238,0.698679
primary_strict_point_hn1,2,2176,6176,-0.928945,0.460763
primary_strict_point_hn1,2,2177,6177,-0.986827,0.563951
primary_strict_point_hn1,2,2178,6178,-1.00773,0.645685
primary_strict_point_hn1,2,2179,6179,-0.888426,0.547576
primary_strict_point_hn1,2,2180,6180,-0.84692,0.420756
primary_strict_point_hn1,2,2181,6181,-0.6895,0.487857
primary_strict_point_hn1,2,2182,6182,-0.459595,0.513202
primary_strict_point_hn1,2,2183,6183,-0.604056,0.468075
primary_strict_point_hn1,2,2184,6184,-0.459873,0.527692
primary_strict_point_hn1,2,2185,6185,-0.786666,0.810917
primary_strict_point_hn1,2,2186,6186,-0.64424,0.382414
primary_strict_point_hn1,2,2187,6187,-0.826193,0.454838
primary_strict_point_hn1,2,2188,6188,-0.871629,0.556045
primary_strict_point_hn1,2,2189,6189,-0.794375,0.549982
primary_strict_point_hn1,2,2190,6190,-0.623669,0.713409
primary_strict_point_hn1,2,2191,6191,-0.653109,0.613053
primary_strict_point_hn1,2,2192,6192,-0.627544,0.561097
primary_strict_point_hn1,2,2193,6193,-0.528675,0.582568
primary_strict_point_hn1,2,2194,6194,-0.706921,0.453516
primary_strict_point_hn1,2,2195,6195,-0.727786,0.698196
primary_strict_point_hn1,2,2196,6196,-0.707484,0.71375
primary_strict_point_hn1,2,2197,6197,-0.682289,0.441094
primary_strict_point_hn1,2,2198,6198,-0.762114,0.467839
primary_strict_point_hn1,2,2199,6199,-0.507197,0.776796
primary_strict_point_hn1,2,2200,6200,-0.548593,0.681221
primary_strict_point_hn1,2,2201,6201,-0.539387,0.57726
primary_strict_point_hn1,2,2202,6202,-0.380101,0.554543
primary_strict_point_hn1,2,2203,6203,-0.479708,0.49558
primary_strict_point_hn1,2,2204,6204,-0.56978,0.694822
primary_strict_point_hn1,2,2205,6205,-0.792176,0.820909
primary_strict_point_hn1,2,2206,6206,-0.415563,1.09199
primary_strict_point_hn1,2,2207,6207,-0.457997,0.937769
primary_strict_point_hn1,2,2208,6208,-0.521479,0.975854
primary_strict_point_hn1,2,2209,6209,-0.552069,1.25452
primary_strict_point_hn1,2,2210,6210,-0.533932,1.2676
primary_strict_point_hn1,2,2211,6211,-0.719306,1.13093
primary_strict_point_hn1,2,2212,6212,-0.703475,1.02092
primary_strict_point_hn1,2,2213,6213,-0.28575,1.44592
primary_strict_point_hn1,2,2214,6214,-0.272043,1.35449
primary_strict_point_hn1,2,2215,6215,-0.546542,1.29288
primary_strict_point_hn1,2,2216,6216,-0.500405,1.31049
primary_strict_point_hn1,2,2217,6217,-0.613715,0.521063
primary_strict_point_hn1,2,2218,6218,-0.594036,0.660979
primary_strict_point_hn1,2,2219,6219,-0.463066,0.749321
primary_strict_point_hn1,2,2220,6220,-0.591283,0.424044
primary_strict_point_hn1,2,2221,6221,-0.635344,0.51347
primary_strict_point_hn1,2,2222,6222,-0.474277,0.518069
primary_strict_point_hn1,2,2223,6223,-0.969194,1.00444
primary_strict_point_hn1,2,2224,6224,-0.951039,1.08847
primary_strict_point_hn1,2,2225,6225,-0.893768,1.18793
primary_strict_point_hn1,2,2226,6226,-0.90917,0.901442
primary_strict_point_hn1,2,2227,6227,-0.909195,1.11704
primary_strict_point_hn1,2,2228,6228,-0.850214,0.861521
primary_strict_point_hn1,2,2229,6229,-0.88073,0.968587
primary_strict_point_hn1,2,2230,6230,-0.587017,0.698818
primary_strict_point_hn1,2,2231,6231,-0.649762,0.639413
primary_strict_point_hn1,2,2232,6232,-0.714034,0.369189
primary_strict_point_hn1,2,2233,6233,-0.74227,0.39697
primary_strict_point_hn1,2,2234,6234,-0.391137,1.18394
primary_strict_point_hn1,2,2235,6235,-0.473174,0.97415
primary_strict_point_hn1,2,2236,6236,-0.436857,0.931449
primary_strict_point_hn1,2,2237,6237,-0.42102,0.979302
primary_strict_point_hn1,2,2238,6238,-0.562048,1.12239
primary_strict_point_hn1,2,2239,6239,-0.467353,0.924841
primary_strict_point_hn1,2,2240,6240,-0.252638,1.35853
primary_strict_point_hn1,2,2241,6241,-0.138736,1.16166
primary_strict_point_hn1,2,2242,6242,0.00263018,1.2454
primary_strict_point_hn1,2,2243,6243,-0.0969526,0.852782
primary_strict_point_hn1,2,2244,6244,-0.0223616,0.846323
primary_strict_point_hn1,2,2245,6245,-0.635623,0.448049
primary_strict_point_hn1,2,2246,6246,-0.582454,0.600931
primary_strict_point_hn1,2,2247,6247,-0.31554,0.766301
primary_strict_point_hn1,2,2248,6248,-0.935716,0.617284
primary_strict_point_hn1,2,2249,6249,-0.687101,0.992653
primary_strict_point_hn1,2,2250,6250,-0.67526,0.810729
primary_strict_point_hn1,2,2251,6251,-0.730065,0.772852
primary_strict_point_hn1,2,2252,6252,-0.722739,0.842674
primary_strict_point_hn1,2,2253,6253,-0.593533,0.384987
primary_strict_point_hn1,2,2254,6254,-0.545533,0.526513
primary_strict_point_hn1,2,2255,6255,-0.466511,0.457667
primary_strict_point_hn1,2,2256,6256,-0.472179,0.494694
primary_strict_point_hn1,2,2257,6257,-0.499467,0.594938
primary_strict_point_hn1,2,2258,6258,-0.244058,0.631231
primary_strict_point_hn1,2,2259,6259,-0.650776,0.579824
primary_strict_point_hn1,2,2260,6260,-0.685586,0.508371
primary_strict_point_hn1,2,2261,6261,-0.709605,0.512518
primary_strict_point_hn1,2,2262,6262,-0.763855,0.50313
primary_strict_point_hn1,2,2263,6263,-0.819895,0.494191
primary_strict_point_hn1,2,2264,6264,-0.695013,0.614491
primary_strict_point_hn1,2,2265,6265,-0.764307,0.436612
primary_strict_point_hn1,2,2266,6266,-0.839135,0.430342
primary_strict_point_hn1,2,2267,6267,-0.760183,0.573177
primary_strict_point_hn1,2,2268,6268,-0.770987,0.6143
primary_strict_point_hn1,2,2269,6269,-0.725944,0.694345
primary_strict_point_hn1,2,2270,6270,-0.832052,0.641252
primary_strict_point_hn1,2,2271,6271,-0.957137,0.447117
primary_strict_point_hn1,2,2272,6272,-0.685622,0.715307
primary_strict_point_hn1,2,2273,6273,-0.869398,0.824244
primary_strict_point_hn1,2,2274,6274,-0.82569,0.858049
primary_strict_point_hn1,2,2275,6275,-0.933342,0.831672
primary_strict_point_hn1,2,2276,6276,-0.95156,0.905297
primary_strict_point_hn1,2,2277,6277,-0.847622,0.539994
primary_strict_point_hn1,2,2278,6278,-0.897539,0.521585
primary_strict_point_hn1,2,2279,6279,-0.737305,0.790626
primary_strict_point_hn1,2,2280,6280,-0.646846,0.284618
primary_strict_point_hn1,2,2281,6281,-0.6067,0.289191
primary_strict_point_hn1,2,2282,6282,-0.543935,0.326921
primary_strict_point_hn1,2,2283,6283,-0.585755,0.445021
primary_strict_point_hn1,2,2284,6284,-0.596488,0.557198
primary_strict_point_hn1,2,2285,6285,-0.651069,0.51632
primary_strict_point_hn1,2,2286,6286,-0.597031,0.498368
primary_strict_point_hn1,2,2287,6287,-0.452474,0.693136
primary_strict_point_hn1,2,2288,6288,-0.53474,0.815751
primary_strict_point_hn1,2,2289,6289,-0.665833,0.739967
primary_strict_point_hn1,2,2290,6290,-0.65975,0.831199
primary_strict_point_hn1,2,2291,6291,-0.602305,0.844093
primary_strict_point_hn1,2,2292,6292,-0.817361,0.937762
primary_strict_point_hn1,2,2293,6293,-0.788721,0.461883
primary_strict_point_hn1,2,2294,6294,-0.743716,0.552527
primary_strict_point_hn1,2,2295,6295,-0.638354,0.415941
primary_strict_point_hn1,2,2296,6296,-0.753451,0.706312
primary_strict_point_hn1,2,2297,6297,-0.728574,0.650938
primary_strict_point_hn1,2,2298,6298,-1.04322,0.633541
primary_strict_point_hn1,2,2299,6299,-1.16094,0.68829
primary_strict_point_hn1,2,2300,6300,-1.16878,0.671704
primary_strict_point_hn1,2,2301,6301,-1.02764,0.620174
primary_strict_point_hn1,2,2302,6302,-0.603572,0.378809
primary_strict_point_hn1,2,2303,6303,-0.611497,0.411236
primary_strict_point_hn1,2,2304,6304,-0.499589,0.655657
primary_strict_point_hn1,2,2305,6305,-0.814476,0.613216
primary_strict_point_hn1,2,2306,6306,-0.561855,0.643301
primary_strict_point_hn1,2,2307,6307,-1.03295,1.02306
primary_strict_point_hn1,2,2308,6308,-0.535023,1.16506
primary_strict_point_hn1,2,2309,6309,-0.866306,0.694668
primary_strict_point_hn1,2,2310,6310,-0.807737,0.527416
primary_strict_point_hn1,2,2311,6311,-0.700709,0.587274
primary_strict_point_hn1,2,2312,6312,-0.64049,0.616402
primary_strict_point_hn1,2,2313,6313,-0.537362,0.547502
primary_strict_point_hn1,2,2314,6314,-0.501444,0.57103
primary_strict_point_hn1,2,2315,6315,-0.411427,1.0271
primary_strict_point_hn1,2,2316,6316,-0.813551,0.573418
primary_strict_point_hn1,2,2317,6317,-0.927427,0.344467
primary_strict_point_hn1,2,2318,6318,-1.03918,0.362825
primary_strict_point_hn1,2,2319,6319,-1.06568,0.687904
primary_strict_point_hn1,2,2320,6320,-0.934595,0.776813
primary_strict_point_hn1,2,2321,6321,-0.912398,0.666211
primary_strict_point_hn1,2,2322,6322,-0.827065,0.511121
primary_strict_point_hn1,2,2323,6323,-0.401488,0.54753
primary_strict_point_hn1,2,2324,6324,-0.743197,0.564504
primary_strict_point_hn1,2,2325,6325,-0.673218,0.438284
primary_strict_point_hn1,2,2326,6326,-0.750821,0.485984
primary_strict_point_hn1,2,2327,6327,-0.518488,0.361727
primary_strict_point_hn1,2,2328,6328,-0.539045,0.530715
primary_strict_point_hn1,2,2329,6329,-0.649851,0.711232
primary_strict_point_hn1,2,2330,6330,-0.499426,0.396949
primary_strict_point_hn1,2,2331,6331,-0.612474,0.487478
primary_strict_point_hn1,2,2332,6332,-0.618606,0.598294
primary_strict_point_hn1,2,2333,6333,-0.604306,0.611389
primary_strict_point_hn1,2,2334,6334,-0.839183,0.431582
primary_strict_point_hn1,2,2335,6335,-0.610695,0.642757
primary_strict_point_hn1,2,2336,6336,-0.715108,0.604722
primary_strict_point_hn1,2,2337,6337,-0.688615,0.631283
primary_strict_point_hn1,2,2338,6338,-0.717778,0.514588
primary_strict_point_hn1,2,2339,6339,-0.628973,0.578342
primary_strict_point_hn1,2,2340,6340,-0.692734,0.546275
primary_strict_point_hn1,2,2341,6341,-0.612517,0.459575
primary_strict_point_hn1,2,2342,6342,-0.759364,0.504765
primary_strict_point_hn1,2,2343,6343,-0.715445,0.383935
primary_strict_point_hn1,2,2344,6344,-1.05976,0.677382
primary_strict_point_hn1,2,2345,6345,-0.878992,0.645582
primary_strict_point_hn1,2,2346,6346,-0.676544,0.498732
primary_strict_point_hn1,2,2347,6347,-0.551315,0.515967
primary_strict_point_hn1,2,2348,6348,-0.459491,0.596727
primary_strict_point_hn1,2,2349,6349,-0.52791,0.900388
primary_strict_point_hn1,2,2350,6350,-0.617406,0.49516
primary_strict_point_hn1,2,2351,6351,-0.604363,0.673317
primary_strict_point_hn1,2,2352,6352,-0.6141,0.575187
primary_strict_point_hn1,2,2353,6353,-0.483479,0.345964
primary_strict_point_hn1,2,2354,6354,-0.542753,0.472065
primary_strict_point_hn1,2,2355,6355,-0.504144,0.536015
primary_strict_point_hn1,2,2356,6356,-0.5648,0.515902
primary_strict_point_hn1,2,2357,6357,-0.670249,0.586152
primary_strict_point_hn1,2,2358,6358,-0.68739,0.589253
primary_strict_point_hn1,2,2359,6359,-0.652614,0.519342
primary_strict_point_hn1,2,2360,6360,-0.838963,0.760582
primary_strict_point_hn1,2,2361,6361,-0.721855,0.69795
primary_strict_point_hn1,2,2362,6362,-0.575337,0.676031
primary_strict_point_hn1,2,2363,6363,-0.741359,0.657658
primary_strict_point_hn1,2,2364,6364,-0.588271,0.440634
primary_strict_point_hn1,2,2365,6365,-0.853007,0.563915
primary_strict_point_hn1,2,2366,6366,-0.845477,0.62441
primary_strict_point_hn1,2,2367,6367,-0.917227,0.498957
primary_strict_point_hn1,2,2368,6368,-0.640842,0.801917
primary_strict_point_hn1,2,2369,6369,-0.776534,0.672586
primary_strict_point_hn1,2,2370,6370,-0.806676,0.757438
primary_strict_point_hn1,2,2371,6371,-0.752436,0.448955
primary_strict_point_hn1,2,2372,6372,-0.639475,0.708181
primary_strict_point_hn1,2,2373,6373,-0.633761,0.63116
primary_strict_point_hn1,2,2374,6374,-0.590895,0.433669
primary_strict_point_hn1,2,2375,6375,-0.759704,0.396328
primary_strict_point_hn1,2,2376,6376,-0.578877,0.495056
primary_strict_point_hn1,2,2377,6377,-0.403515,0.46108
primary_strict_point_hn1,2,2378,6378,-0.521968,0.431702
primary_strict_point_hn1,2,2379,6379,-0.634853,0.561699
primary_strict_point_hn1,2,2380,6380,-0.524449,0.555486
primary_strict_point_hn1,2,2381,6381,-0.576482,0.497444
primary_strict_point_hn1,2,2382,6382,-0.48113,0.643862
primary_strict_point_hn1,2,2383,6383,-0.459381,0.495333
primary_strict_point_hn1,2,2384,6384,-0.521889,0.632101
primary_strict_point_hn1,2,2385,6385,-0.393927,0.472407
primary_strict_point_hn1,2,2386,6386,-0.64266,0.68793
primary_strict_point_hn1,2,2387,6387,-0.489769,0.544842
primary_strict_point_hn1,2,2388,6388,-0.618219,0.561331
primary_strict_point_hn1,2,2389,6389,-0.633299,0.783352
primary_strict_point_hn1,2,2390,6390,-0.565368,0.397778
primary_strict_point_hn1,2,2391,6391,-0.563744,0.376688
primary_strict_point_hn1,2,2392,6392,-0.917897,0.608447
primary_strict_point_hn1,2,2393,6393,-0.929478,0.462014
primary_strict_point_hn1,2,2394,6394,-0.931767,0.479831
primary_strict_point_hn1,2,2395,6395,-0.868522,0.572742
primary_strict_point_hn1,2,2396,6396,-0.932969,0.7953
primary_strict_point_hn1,2,2397,6397,-1.04975,0.797736
primary_strict_point_hn1,2,2398,6398,-1.17048,0.753906
primary_strict_point_hn1,2,2399,6399,-1.0109,0.672527
primary_strict_point_hn1,2,2400,6400,-1.02687,0.576215
primary_strict_point_hn1,2,2401,6401,-0.93064499999999994,0.46908
primary_strict_point_hn1,2,2402,6402,-0.617684,0.591781
primary_strict_point_hn1,2,2403,6403,-0.699657,0.651951
primary_strict_point_hn1,2,2404,6404,-0.588343,0.515245
primary_strict_point_hn1,2,2405,6405,-0.595041,0.498568
primary_strict_point_hn1,2,2406,6406,-0.604981,0.531119
primary_strict_point_hn1,2,2407,6407,-0.825113,0.854107
primary_strict_point_hn1,2,2408,6408,-0.769087,0.70345
primary_strict_point_hn1,2,2409,6409,-0.275132,0.441994
primary_strict_point_hn1,2,2410,6410,-0.796396,0.601375
primary_strict_point_hn1,2,2411,6411,-0.786199,0.600995
primary_strict_point_hn1,2,2412,6412,-0.797895,0.672262
primary_strict_point_hn1,2,2413,6413,-0.924653,0.881766
primary_strict_point_hn1,2,2414,6414,-1.1163,0.964412
primary_strict_point_hn1,2,2415,6415,-0.58566,0.425031
primary_strict_point_hn1,2,2416,6416,-0.550295,0.453945
primary_strict_point_hn1,2,2417,6417,-0.684446,0.519857
primary_strict_point_hn1,2,2418,6418,-0.69802,0.559543
primary_strict_point_hn1,2,2419,6419,-0.602451,1.03274
primary_strict_point_hn1,2,2420,6420,-0.563388,0.99635
primary_strict_point_hn1,2,2421,6421,-0.641094,0.66654
primary_strict_point_hn1,2,2422,6422,-0.658929,0.652405
primary_strict_point_hn1,2,2423,6423,-0.510091,0.6063
primary_strict_point_hn1,2,2424,6424,-0.515683,0.511658
primary_strict_point_hn1,2,2425,6425,-0.545135,0.454766
primary_strict_point_hn1,2,2426,6426,-0.632539,0.499212
primary_strict_point_hn1,2,2427,6427,-0.421696,0.626433
primary_strict_point_hn1,2,2428,6428,-0.380487,0.652439
primary_strict_point_hn1,2,2429,6429,-0.652769,0.542126
primary_strict_point_hn1,2,2430,6430,-0.736287,0.495794
primary_strict_point_hn1,2,2431,6431,-0.797246,0.401806
primary_strict_point_hn1,2,2432,6432,-0.463896,0.741174
primary_strict_point_hn1,2,2433,6433,-0.210128,0.810752
primary_strict_point_hn1,2,2434,6434,-0.241724,0.60999
primary_strict_point_hn1,2,2435,6435,-0.20141,0.609543
primary_strict_point_hn1,2,2436,6436,-0.664966,0.547802
primary_strict_point_hn1,2,2437,6437,-0.78139,0.40408
primary_strict_point_hn1,2,2438,6438,-0.739357,0.439846
primary_strict_point_hn1,2,2439,6439,-0.585829,0.551366
primary_strict_point_hn1,2,2440,6440,-0.790136,0.417691
primary_strict_point_hn1,2,2441,6441,-0.737452,0.411526
primary_strict_point_hn1,2,2442,6442,-0.286821,0.754727
primary_strict_point_hn1,2,2443,6443,-0.476699,0.434652
primary_strict_point_hn1,2,2444,6444,-0.81113,0.353652
primary_strict_point_hn1,2,2445,6445,-0.680725,0.647975
primary_strict_point_hn1,2,2446,6446,-0.912637,0.925986
primary_strict_point_hn1,2,2447,6447,-0.870235,1.00574
primary_strict_point_hn1,2,2448,6448,-0.908504,0.619675
primary_strict_point_hn1,2,2449,6449,-0.731418,0.620737
primary_strict_point_hn1,2,2450,6450,-0.657705,0.551482
primary_strict_point_hn1,2,2451,6451,-0.776054,0.64804
primary_strict_point_hn1,2,2452,6452,-0.716994,0.682532
primary_strict_point_hn1,2,2453,6453,-0.82301,0.512316
primary_strict_point_hn1,2,2454,6454,-0.741671,0.496817
primary_strict_point_hn1,2,2455,6455,-0.544415,0.661503
primary_strict_point_hn1,2,2456,6456,-0.628398,0.725616
primary_strict_point_hn1,2,2457,6457,-0.660122,0.570227
primary_strict_point_hn1,2,2458,6458,-0.470299,0.754512
primary_strict_point_hn1,2,2459,6459,-0.777008,0.690721
primary_strict_point_hn1,2,2460,6460,-0.854094,0.752987
primary_strict_point_hn1,2,2461,6461,-0.935264,0.730545
primary_strict_point_hn1,2,2462,6462,-0.845182,0.545321
primary_strict_point_hn1,2,2463,6463,-0.78482,0.511853
primary_strict_point_hn1,2,2464,6464,-0.875314,0.479659
primary_strict_point_hn1,2,2465,6465,-0.59404,0.595577
primary_strict_point_hn1,2,2466,6466,-0.658554,0.454134
primary_strict_point_hn1,2,2467,6467,-0.319287,0.748837
primary_strict_point_hn1,2,2468,6468,-0.301227,0.797443
primary_strict_point_hn1,2,2469,6469,-0.274377,0.78367
primary_strict_point_hn1,2,2470,6470,-0.43011,0.769242
primary_strict_point_hn1,2,2471,6471,-0.432896,0.776264
primary_strict_point_hn1,2,2472,6472,-0.358954,0.953247
primary_strict_point_hn1,2,2473,6473,-0.629353,0.745101
primary_strict_point_hn1,2,2474,6474,-0.585271,0.729925
primary_strict_point_hn1,2,2475,6475,-0.716954,0.597575
primary_strict_point_hn1,2,2476,6476,-0.758194,0.630568
primary_strict_point_hn1,2,2477,6477,-0.680559,0.565571
primary_strict_point_hn1,2,2478,6478,-0.71383,0.509266
primary_strict_point_hn1,2,2479,6479,-0.563805,0.593803
primary_strict_point_hn1,2,2480,6480,-0.602127,0.338593
primary_strict_point_hn1,2,2481,6481,-0.61064,0.528402
primary_strict_point_hn1,2,2482,6482,-0.447618,0.854366
primary_strict_point_hn1,2,2483,6483,-0.516865,0.581959
primary_strict_point_hn1,2,2484,6484,-0.730044,0.505067
primary_strict_point_hn1,2,2485,6485,-0.602137,0.568052
primary_strict_point_hn1,2,2486,6486,-0.538148,0.573379
primary_strict_point_hn1,2,2487,6487,-0.444463,0.603984
primary_strict_point_hn1,2,2488,6488,-0.507139,0.610976
primary_strict_point_hn1,2,2489,6489,-0.587665,0.390435
primary_strict_point_hn1,2,2490,6490,-0.567118,0.279719
primary_strict_point_hn1,2,2491,6491,-0.183586,0.50563
primary_strict_point_hn1,2,2492,6492,-0.364601,0.538076
primary_strict_point_hn1,2,2493,6493,-0.471552,0.529181
primary_strict_point_hn1,2,2494,6494,-0.627625,0.30722
primary_strict_point_hn1,2,2495,6495,-0.745909,0.386801
primary_strict_point_hn1,2,2496,6496,-0.407158,0.475457
primary_strict_point_hn1,2,2497,6497,-0.61748,0.421731
primary_strict_point_hn1,2,2498,6498,-0.636145,0.423647
primary_strict_point_hn1,2,2499,6499,-0.538892,0.467742
primary_strict_point_hn1,2,2500,6500,-0.502058,0.491122
primary_strict_point_hn1,2,2501,6501,-0.513282,0.669907
primary_strict_point_hn1,2,2502,6502,-0.510726,0.460341
primary_strict_point_hn1,2,2503,6503,-0.545445,0.61557
primary_strict_point_hn1,2,2504,6504,-0.720079,0.503082
primary_strict_point_hn1,2,2505,6505,-0.767916,0.644693
primary_strict_point_hn1,2,2506,6506,-0.727973,0.457643
primary_strict_point_hn1,2,2507,6507,-0.561757,0.797824
primary_strict_point_hn1,2,2508,6508,-1.00648,0.891069
primary_strict_point_hn1,2,2509,6509,-0.970781,0.767947
primary_strict_point_hn1,2,2510,6510,-1.02746,0.571105
primary_strict_point_hn1,2,2511,6511,-0.0608431,0.688741
primary_strict_point_hn1,2,2512,6512,-0.358053,0.58603
primary_strict_point_hn1,2,2513,6513,-0.330328,0.672214
primary_strict_point_hn1,2,2514,6514,-0.422331,0.694749
primary_strict_point_hn1,2,2515,6515,-0.434455,0.675176
primary_strict_point_hn1,2,2516,6516,-0.419149,0.85117
primary_strict_point_hn1,2,2517,6517,-0.303009,0.905203
primary_strict_point_hn1,2,2518,6518,-0.308774,0.657882
primary_strict_point_hn1,2,2519,6519,-0.256068,0.632217
primary_strict_point_hn1,2,2520,6520,-0.252339,0.557764
primary_strict_point_hn1,2,2521,6521,-0.436312,0.659147
primary_strict_point_hn1,2,2522,6522,-0.732493,0.603215
primary_strict_point_hn1,2,2523,6523,-0.466243,0.658454
primary_strict_point_hn1,2,2524,6524,-0.452147,0.714785
primary_strict_point_hn1,2,2525,6525,-0.472084,0.782684
primary_strict_point_hn1,2,2526,6526,-0.379579,0.760674
primary_strict_point_hn1,2,2527,6527,-0.516678,0.513715
primary_strict_point_hn1,2,2528,6528,-0.579327,0.53144
primary_strict_point_hn1,2,2529,6529,-0.960236,0.582757
primary_strict_point_hn1,2,2530,6530,-0.754626,0.629282
primary_strict_point_hn1,2,2531,6531,-0.711854,0.85198
primary_strict_point_hn1,2,2532,6532,-0.576055,0.292905
primary_strict_point_hn1,2,2533,6533,-0.418324,0.3865
primary_strict_point_hn1,2,2534,6534,-0.564464,0.639212
primary_strict_point_hn1,2,2535,6535,-0.55328599999999994,0.638821
primary_strict_point_hn1,2,2536,6536,-0.617158,0.646488
primary_strict_point_hn1,2,2537,6537,-0.632724,0.593066
primary_strict_point_hn1,2,2538,6538,-0.584046,0.561396
primary_strict_point_hn1,2,2539,6539,-0.697965,0.773306
primary_strict_point_hn1,2,2540,6540,-0.555511,0.542264
primary_strict_point_hn1,2,2541,6541,-0.919315,0.455908
primary_strict_point_hn1,2,2542,6542,-0.850189,0.554238
primary_strict_point_hn1,2,2543,6543,-0.873794,0.541676
primary_strict_point_hn1,2,2544,6544,-0.930796,0.548556
primary_strict_point_hn1,2,2545,6545,-0.704018,0.365444
primary_strict_point_hn1,2,2546,6546,-0.662042,0.313442
primary_strict_point_hn1,2,2547,6547,-0.725877,0.30334
primary_strict_point_hn1,2,2548,6548,-0.781482,0.496084
primary_strict_point_hn1,2,2549,6549,-0.516765,0.658571
primary_strict_point_hn1,2,2550,6550,-0.535744,0.463784
primary_strict_point_hn1,2,2551,6551,-0.649142,0.435147
primary_strict_point_hn1,2,2552,6552,-0.432847,0.955734
primary_strict_point_hn1,2,2553,6553,-0.742224,0.889099
primary_strict_point_hn1,2,2554,6554,-0.605768,0.704989
primary_strict_point_hn1,2,2555,6555,-0.759583,0.68107
primary_strict_point_hn1,2,2556,6556,-0.834737,0.670197
primary_strict_point_hn1,2,2557,6557,-0.764077,0.533867
primary_strict_point_hn1,2,2558,6558,-0.931499,0.470847
primary_strict_point_hn1,2,2559,6559,-1.00778,0.700294
primary_strict_point_hn1,2,2560,6560,-0.792531,0.470394
primary_strict_point_hn1,2,2561,6561,-0.819892,0.38192
primary_strict_point_hn1,2,2562,6562,-0.827286,0.424979
primary_strict_point_hn1,2,2563,6563,-0.609763,0.534825
primary_strict_point_hn1,2,2564,6564,-0.751715,0.410355
primary_strict_point_hn1,2,2565,6565,-0.875642,0.589813
primary_strict_point_hn1,2,2566,6566,-0.820975,0.469543
primary_strict_point_hn1,2,2567,6567,-0.427259,0.680959
primary_strict_point_hn1,2,2568,6568,-0.547229,0.65335
primary_strict_point_hn1,2,2569,6569,-0.531175,0.631195
primary_strict_point_hn1,2,2570,6570,-0.528603,0.615595
primary_strict_point_hn1,2,2571,6571,-0.394202,0.56668
primary_strict_point_hn1,2,2572,6572,-0.504277,0.518445
primary_strict_point_hn1,2,2573,6573,-0.252343,0.573056
primary_strict_point_hn1,2,2574,6574,-0.390884,0.573461
primary_strict_point_hn1,2,2575,6575,-0.548284,0.423873
primary_strict_point_hn1,2,2576,6576,-0.680856,0.432776
primary_strict_point_hn1,2,2577,6577,-0.674728,0.324459
primary_strict_point_hn1,2,2578,6578,-0.637357,0.462136
primary_strict_point_hn1,2,2579,6579,-0.698987,0.601357
primary_strict_point_hn1,2,2580,6580,-0.641441,0.564017
primary_strict_point_hn1,2,2581,6581,-0.732521,0.412474
primary_strict_point_hn1,2,2582,6582,-0.636751,0.434923
primary_strict_point_hn1,2,2583,6583,-0.581373,0.3998
primary_strict_point_hn1,2,2584,6584,-0.346796,0.938273
primary_strict_point_hn1,2,2585,6585,-0.435412,0.64252
primary_strict_point_hn1,2,2586,6586,-0.546298,0.759512
primary_strict_point_hn1,2,2587,6587,-0.618835,0.722899
primary_strict_point_hn1,2,2588,6588,-0.623093,0.684463
primary_strict_point_hn1,2,2589,6589,-0.663628,0.63078
primary_strict_point_hn1,2,2590,6590,-0.85833,0.448892
primary_strict_point_hn1,2,2591,6591,-0.67392,0.583703
primary_strict_point_hn1,2,2592,6592,-0.808413,0.561994
primary_strict_point_hn1,2,2593,6593,-0.651839,0.598911
primary_strict_point_hn1,2,2594,6594,-0.505951,1.01208
primary_strict_point_hn1,2,2595,6595,-0.467604,1.00545
primary_strict_point_hn1,2,2596,6596,-0.608504,0.657886
primary_strict_point_hn1,2,2597,6597,-0.497827,0.867888
primary_strict_point_hn1,2,2598,6598,-0.622942,1.1226
primary_strict_point_hn1,2,2599,6599,-0.642765,1.15549
primary_strict_point_hn1,2,2600,6600,-0.582496,1.16187
primary_strict_point_hn1,2,2601,6601,-0.373573,0.878433
primary_strict_point_hn1,2,2602,6602,-0.347636,0.569429
primary_strict_point_hn1,2,2603,6603,-0.434895,0.757902
primary_strict_point_hn1,2,2604,6604,-0.672991,1.0729
primary_strict_point_hn1,2,2605,6605,-0.641423,0.955948
primary_strict_point_hn1,2,2606,6606,-0.603291,1.3126
primary_strict_point_hn1,2,2607,6607,-0.786722,1.6934
primary_strict_point_hn1,2,2608,6608,-0.243265,0.642749
primary_strict_point_hn1,2,2609,6609,-0.493706,0.957668
primary_strict_point_hn1,2,2610,6610,-0.818554,0.646426
primary_strict_point_hn1,2,2611,6611,-0.646517,0.655693
primary_strict_point_hn1,2,2612,6612,-1.39362,0.818397
primary_strict_point_hn1,2,2613,6613,-0.688721,0.608095
primary_strict_point_hn1,2,2614,6614,-0.700581,0.550816
primary_strict_point_hn1,2,2615,6615,-0.722316,0.579318
primary_strict_point_hn1,2,2616,6616,-0.802505,0.391715
primary_strict_point_hn1,2,2617,6617,-0.734119,0.613528
primary_strict_point_hn1,2,2618,6618,-0.407329,0.751734
primary_strict_point_hn1,2,2619,6619,-0.666785,0.373431
primary_strict_point_hn1,2,2620,6620,-0.661434,0.387233
primary_strict_point_hn1,2,2621,6621,-0.698462,0.350236
primary_strict_point_hn1,2,2622,6622,-0.931749,0.854969
primary_strict_point_hn1,2,2623,6623,-0.85317,0.592231
primary_strict_point_hn1,2,2624,6624,-0.822518,0.444639
primary_strict_point_hn1,2,2625,6625,-0.84401,0.651227
primary_strict_point_hn1,2,2626,6626,-0.849195,0.491721
primary_strict_point_hn1,2,2627,6627,-0.749703,0.69218
primary_strict_point_hn1,2,2628,6628,-0.736952,0.589696
primary_strict_point_hn1,2,2629,6629,-0.911407,0.646472
primary_strict_point_hn1,2,2630,6630,-0.657744,1.00786
primary_strict_point_hn1,2,2631,6631,-0.863958,0.888462
primary_strict_point_hn1,2,2632,6632,-0.698018,0.808409
primary_strict_point_hn1,2,2633,6633,-0.6957,0.737591
primary_strict_point_hn1,2,2634,6634,-0.877765,0.451637
primary_strict_point_hn1,2,2635,6635,-0.526372,0.616399
primary_strict_point_hn1,2,2636,6636,-0.585541,0.532163
primary_strict_point_hn1,2,2637,6637,-0.59745,0.581062
primary_strict_point_hn1,2,2638,6638,-0.549813,0.406888
primary_strict_point_hn1,2,2639,6639,-0.546415,0.624612
primary_strict_point_hn1,2,2640,6640,-0.469871,0.689647
primary_strict_point_hn1,2,2641,6641,-0.660884,0.598693
primary_strict_point_hn1,2,2642,6642,-0.686482,0.520471
primary_strict_point_hn1,2,2643,6643,-0.673173,0.502204
primary_strict_point_hn1,2,2644,6644,-0.374825,0.674094
primary_strict_point_hn1,2,2645,6645,-0.500689,0.491645
primary_strict_point_hn1,2,2646,6646,-0.676617,0.429064
primary_strict_point_hn1,2,2647,6647,-0.593222,0.51237
primary_strict_point_hn1,2,2648,6648,-0.528196,0.61354
primary_strict_point_hn1,2,2649,6649,-0.493239,0.448746
primary_strict_point_hn1,2,2650,6650,-0.536072,0.481648
primary_strict_point_hn1,2,2651,6651,-0.556917,0.528629
primary_strict_point_hn1,2,2652,6652,-0.484361,0.313811
primary_strict_point_hn1,2,2653,6653,-0.525517,0.41342
primary_strict_point_hn1,2,2654,6654,-0.956398,0.513828
primary_strict_point_hn1,2,2655,6655,-0.581455,0.607668
primary_strict_point_hn1,2,2656,6656,-0.680241,0.55768
primary_strict_point_hn1,2,2657,6657,-0.603361,0.615836
primary_strict_point_hn1,2,2658,6658,-0.592751,0.694509
primary_strict_point_hn1,2,2659,6659,-0.548769,0.636097
primary_strict_point_hn1,2,2660,6660,-0.63195,0.442384
primary_strict_point_hn1,2,2661,6661,-0.685733,0.445436
primary_strict_point_hn1,2,2662,6662,-0.721903,0.41745
primary_strict_point_hn1,2,2663,6663,-0.683158,0.51011
primary_strict_point_hn1,2,2664,6664,-0.677057,0.448316
primary_strict_point_hn1,2,2665,6665,-0.765677,0.526209
primary_strict_point_hn1,2,2666,6666,-0.639476,0.395054
primary_strict_point_hn1,2,2667,6667,-0.475856,0.403188
primary_strict_point_hn1,2,2668,6668,-0.467403,0.468222
primary_strict_point_hn1,2,2669,6669,-0.503256,0.647935
primary_strict_point_hn1,2,2670,6670,-0.391675,0.577958
primary_strict_point_hn1,2,2671,6671,-0.784662,0.484011
primary_strict_point_hn1,2,2672,6672,-0.980592,0.450805
primary_strict_point_hn1,2,2673,6673,-0.717788,0.496849
primary_strict_point_hn1,2,2674,6674,-0.805897,0.461073
primary_strict_point_hn1,2,2675,6675,-0.585837,0.485709
primary_strict_point_hn1,2,2676,6676,-0.463065,0.63613
primary_strict_point_hn1,2,2677,6677,-0.633448,0.540666
primary_strict_point_hn1,2,2678,6678,-0.553503,0.554574
primary_strict_point_hn1,2,2679,6679,-0.597515,0.545083
primary_strict_point_hn1,2,2680,6680,-0.660268,0.527599
primary_strict_point_hn1,2,2681,6681,-0.864834,0.744755
primary_strict_point_hn1,2,2682,6682,-1.0256,0.721782
primary_strict_point_hn1,2,2683,6683,-0.763444,0.438486
primary_strict_point_hn1,2,2684,6684,-0.741429,0.688233
primary_strict_point_hn1,2,2685,6685,-0.685636,0.383021
primary_strict_point_hn1,2,2686,6686,-0.679852,0.437171
primary_strict_point_hn1,2,2687,6687,-0.353038,0.488009
primary_strict_point_hn1,2,2688,6688,-0.407051,0.476188
primary_strict_point_hn1,2,2689,6689,-0.655033,0.261647
primary_strict_point_hn1,2,2690,6690,-0.558638,0.274401
primary_strict_point_hn1,2,2691,6691,-0.664956,0.482987
primary_strict_point_hn1,2,2692,6692,-0.748635,0.547261
primary_strict_point_hn1,2,2693,6693,-0.72042,0.359421
primary_strict_point_hn1,2,2694,6694,-0.699653,0.597804
primary_strict_point_hn1,2,2695,6695,-0.725738,0.573852
primary_strict_point_hn1,2,2696,6696,-0.727234,0.575486
primary_strict_point_hn1,2,2697,6697,-0.403433,0.430672
primary_strict_point_hn1,2,2698,6698,-0.317881,0.609566
primary_strict_point_hn1,2,2699,6699,-0.334368,0.606257
primary_strict_point_hn1,2,2700,6700,-0.329566,0.72548
primary_strict_point_hn1,2,2701,6701,-0.306404,1.08884
primary_strict_point_hn1,2,2702,6702,-0.321093,1.10656
primary_strict_point_hn1,2,2703,6703,-0.56921,0.646177
primary_strict_point_hn1,2,2704,6704,-0.280875,0.900838
primary_strict_point_hn1,2,2705,6705,-0.316283,0.947703
primary_strict_point_hn1,2,2706,6706,-0.77935,0.645669
primary_strict_point_hn1,2,2707,6707,-0.627812,0.643627
primary_strict_point_hn1,2,2708,6708,-0.419048,0.613355
primary_strict_point_hn1,2,2709,6709,-0.898107,0.561602
primary_strict_point_hn1,2,2710,6710,-0.628882,0.360636
primary_strict_point_hn1,2,2711,6711,-0.509912,0.697928
primary_strict_point_hn1,2,2712,6712,-0.753519,0.466855
primary_strict_point_hn1,2,2713,6713,-0.513211,0.498243
primary_strict_point_hn1,2,2714,6714,-1.00997,0.654031
primary_strict_point_hn1,2,2715,6715,-0.840209,0.576949
primary_strict_point_hn1,2,2716,6716,-1.04484,0.68322
primary_strict_point_hn1,2,2717,6717,-1.39756,0.748474
primary_strict_point_hn1,2,2718,6718,-0.653269,0.509383
primary_strict_point_hn1,2,2719,6719,-0.67321,0.564856
primary_strict_point_hn1,2,2720,6720,-0.336887,0.374643
primary_strict_point_hn1,2,2721,6721,-0.43021,0.41039
primary_strict_point_hn1,2,2722,6722,-0.285018,0.526335
primary_strict_point_hn1,2,2723,6723,-0.382578,0.506869
primary_strict_point_hn1,2,2724,6724,-0.187572,0.457669
primary_strict_point_hn1,2,2725,6725,-0.387467,0.529056
primary_strict_point_hn1,2,2726,6726,-0.212556,0.73677
primary_strict_point_hn1,2,2727,6727,-0.381415,0.527273
primary_strict_point_hn1,2,2728,6728,-0.329974,0.713445
primary_strict_point_hn1,2,2729,6729,-0.457161,0.522594
primary_strict_point_hn1,2,2730,6730,-0.741361,0.531492
primary_strict_point_hn1,2,2731,6731,-0.719289,0.492111
primary_strict_point_hn1,2,2732,6732,-0.787929,0.733551
primary_strict_point_hn1,2,2733,6733,-0.489751,0.547943
primary_strict_point_hn1,2,2734,6734,-0.479631,0.588544
primary_strict_point_hn1,2,2735,6735,-0.715776,0.693209
primary_strict_point_hn1,2,2736,6736,-0.610223,0.774069
primary_strict_point_hn1,2,2737,6737,-0.612394,0.452868
primary_strict_point_hn1,2,2738,6738,-0.441916,0.579441
primary_strict_point_hn1,2,2739,6739,-0.596572,0.419043
primary_strict_point_hn1,2,2740,6740,-0.545903,0.442812
primary_strict_point_hn1,2,2741,6741,-0.600045,0.458476
primary_strict_point_hn1,2,2742,6742,-0.590137,0.550964
primary_strict_point_hn1,2,2743,6743,-0.468997,0.656894
primary_strict_point_hn1,2,2744,6744,-0.40361,0.590424
primary_strict_point_hn1,2,2745,6745,-0.54863,0.635163
primary_strict_point_hn1,2,2746,6746,-0.529734,0.597973
primary_strict_point_hn1,2,2747,6747,-0.513289,0.412553
primary_strict_point_hn1,2,2748,6748,-0.527096,0.324997
primary_strict_point_hn1,2,2749,6749,-0.542988,0.605406
primary_strict_point_hn1,2,2750,6750,-0.593487,0.375271
primary_strict_point_hn1,2,2751,6751,-0.398376,0.572428
primary_strict_point_hn1,2,2752,6752,-0.664527,0.583858
primary_strict_point_hn1,2,2753,6753,-1.1241,0.754006
primary_strict_point_hn1,2,2754,6754,-0.783045,0.445955
primary_strict_point_hn1,2,2755,6755,-0.809626,0.351014
primary_strict_point_hn1,2,2756,6756,-0.39732,0.467763
primary_strict_point_hn1,2,2757,6757,-0.402019,0.672019
primary_strict_point_hn1,2,2758,6758,-0.558445,0.669612
primary_strict_point_hn1,2,2759,6759,-0.499691,0.635804
primary_strict_point_hn1,2,2760,6760,-0.50642,0.604232
primary_strict_point_hn1,2,2761,6761,-0.548462,0.429495
primary_strict_point_hn1,2,2762,6762,-0.727302,0.572873
primary_strict_point_hn1,2,2763,6763,-0.725978,0.584017
primary_strict_point_hn1,2,2764,6764,-0.720349,0.54767
primary_strict_point_hn1,2,2765,6765,-0.676579,0.688835
primary_strict_point_hn1,2,2766,6766,-0.114685,0.835128
primary_strict_point_hn1,2,2767,6767,0.0953715,0.807959
primary_strict_point_hn1,2,2768,6768,0.0894144,0.715917
primary_strict_point_hn1,2,2769,6769,-0.191533,0.60383
primary_strict_point_hn1,2,2770,6770,-0.249396,0.565853
primary_strict_point_hn1,2,2771,6771,-0.614548,0.69457
primary_strict_point_hn1,2,2772,6772,-0.582443,0.706667
primary_strict_point_hn1,2,2773,6773,-0.664642,0.704233
primary_strict_point_hn1,2,2774,6774,-0.804325,1.09513
primary_strict_point_hn1,2,2775,6775,-0.825591,0.899454
primary_strict_point_hn1,2,2776,6776,-0.832233,0.74532
primary_strict_point_hn1,2,2777,6777,-0.709796,0.736498
primary_strict_point_hn1,2,2778,6778,-0.902628,0.48625
primary_strict_point_hn1,2,2779,6779,-0.865698,0.574302
primary_strict_point_hn1,2,2780,6780,-0.874079,0.637116
primary_strict_point_hn1,2,2781,6781,-0.485045,0.447422
primary_strict_point_hn1,2,2782,6782,-0.243119,0.525024
primary_strict_point_hn1,2,2783,6783,-0.595094,0.352378
primary_strict_point_hn1,2,2784,6784,-0.656814,0.476912
primary_strict_point_hn1,2,2785,6785,-1.18426,0.765696
primary_strict_point_hn1,2,2786,6786,-1.1475,0.886021
primary_strict_point_hn1,2,2787,6787,-0.968451,0.820898
primary_strict_point_hn1,2,2788,6788,-1.0772,0.934778
primary_strict_point_hn1,2,2789,6789,-1.23484,1.07937
primary_strict_point_hn1,2,2790,6790,-1.27017,1.02246
primary_strict_point_hn1,2,2791,6791,-1.26785,1.10577
primary_strict_point_hn1,2,2792,6792,-0.850287,0.646018
primary_strict_point_hn1,2,2793,6793,-0.99192,0.915447
primary_strict_point_hn1,2,2794,6794,-1.06101,0.764965
primary_strict_point_hn1,2,2795,6795,-0.95492,0.704368
primary_strict_point_hn1,2,2796,6796,-0.987323,0.454202
primary_strict_point_hn1,2,2797,6797,-0.778127,0.796413
primary_strict_point_hn1,2,2798,6798,-0.755391,0.67551
primary_strict_point_hn1,2,2799,6799,-0.842392,0.653041
primary_strict_point_hn1,2,2800,6800,-0.908029,0.335371
primary_strict_point_hn1,2,2801,6801,-0.987437,0.518984
primary_strict_point_hn1,2,2802,6802,-0.91098,0.525741
primary_strict_point_hn1,2,2803,6803,-0.882805,0.373516
primary_strict_point_hn1,2,2804,6804,-0.948192,0.335041
primary_strict_point_hn1,2,2805,6805,-0.918345,0.536781
primary_strict_point_hn1,2,2806,6806,-0.819728,0.46857
primary_strict_point_hn1,2,2807,6807,-0.812604,0.62144
primary_strict_point_hn1,2,2808,6808,-0.737703,0.61683
primary_strict_point_hn1,2,2809,6809,-0.812596,0.720701
primary_strict_point_hn1,2,2810,6810,-0.731037,0.622091
primary_strict_point_hn1,2,2811,6811,-0.959239,0.566913
primary_strict_point_hn1,2,2812,6812,-0.195364,0.760113
primary_strict_point_hn1,2,2813,6813,-0.323178,0.555439
primary_strict_point_hn1,2,2814,6814,-0.31882,0.558587
primary_strict_point_hn1,2,2815,6815,-0.25348,0.875297
primary_strict_point_hn1,2,2816,6816,-0.52571,0.407696
primary_strict_point_hn1,2,2817,6817,-0.384521,0.580674
primary_strict_point_hn1,2,2818,6818,-0.409879,0.565141
primary_strict_point_hn1,2,2819,6819,-0.52896,0.533937
primary_strict_point_hn1,2,2820,6820,-0.751762,0.594029
primary_strict_point_hn1,2,2821,6821,-0.904726,0.71669
primary_strict_point_hn1,2,2822,6822,-0.709421,0.38842
primary_strict_point_hn1,2,2823,6823,-0.699344,0.479557
primary_strict_point_hn1,2,2824,6824,-0.818489,0.508659
primary_strict_point_hn1,2,2825,6825,-0.773376,0.48387
primary_strict_point_hn1,2,2826,6826,-0.915741,0.518885
primary_strict_point_hn1,2,2827,6827,-0.784958,0.5619
primary_strict_point_hn1,2,2828,6828,-0.656322,0.545768
primary_strict_point_hn1,2,2829,6829,-0.664579,0.509643
primary_strict_point_hn1,2,2830,6830,-0.649238,0.614488
primary_strict_point_hn1,2,2831,6831,-0.710051,0.612253
primary_strict_point_hn1,2,2832,6832,-0.7604,0.491619
primary_strict_point_hn1,2,2833,6833,-0.859656,0.536589
primary_strict_point_hn1,2,2834,6834,-0.902482,0.511099
primary_strict_point_hn1,2,2835,6835,-0.791546,0.462915
primary_strict_point_hn1,2,2836,6836,-0.768347,0.570069
primary_strict_point_hn1,2,2837,6837,-0.870525,0.53849
primary_strict_point_hn1,2,2838,6838,-0.845714,0.536988
primary_strict_point_hn1,2,2839,6839,-0.781876,0.264035
primary_strict_point_hn1,2,2840,6840,-0.791345,0.257445
primary_strict_point_hn1,2,2841,6841,-0.71183,0.506714
primary_strict_point_hn1,2,2842,6842,-0.607332,0.568062
primary_strict_point_hn1,2,2843,6843,-0.670157,0.571792
primary_strict_point_hn1,2,2844,6844,-0.621762,0.562759
primary_strict_point_hn1,2,2845,6845,-0.674145,0.534477
primary_strict_point_hn1,2,2846,6846,-0.591924,0.476256
primary_strict_point_hn1,2,2847,6847,-0.711979,0.573389
primary_strict_point_hn1,2,2848,6848,-0.518299,1.0729
primary_strict_point_hn1,2,2849,6849,-0.461808,1.01958
primary_strict_point_hn1,2,2850,6850,-0.53301,0.612242
primary_strict_point_hn1,2,2851,6851,-0.689437,0.837432
primary_strict_point_hn1,2,2852,6852,-0.708346,0.892736
primary_strict_point_hn1,2,2853,6853,-0.651863,0.720654
primary_strict_point_hn1,2,2854,6854,-0.867494,0.566298
primary_strict_point_hn1,2,2855,6855,-0.919542,0.747958
primary_strict_point_hn1,2,2856,6856,-0.72997,0.640721
primary_strict_point_hn1,2,2857,6857,-0.802575,0.851887
primary_strict_point_hn1,2,2858,6858,-0.856583,0.872012
primary_strict_point_hn1,2,2859,6859,-0.900319,1.02654
primary_strict_point_hn1,2,2860,6860,-0.845432,0.77946
primary_strict_point_hn1,2,2861,6861,-0.944231,0.880687
primary_strict_point_hn1,2,2862,6862,-0.863632,0.595508
primary_strict_point_hn1,2,2863,6863,-0.808096,0.446149
primary_strict_point_hn1,2,2864,6864,-0.651531,0.778959
primary_strict_point_hn1,2,2865,6865,-0.629214,0.424271
primary_strict_point_hn1,2,2866,6866,-1.29855,0.670461
primary_strict_point_hn1,2,2867,6867,-0.737204,0.609592
primary_strict_point_hn1,2,2868,6868,-0.459731,0.558099
primary_strict_point_hn1,2,2869,6869,-0.525071,0.584328
primary_strict_point_hn1,2,2870,6870,-0.537433,0.679166
primary_strict_point_hn1,2,2871,6871,-0.625379,0.666441
primary_strict_point_hn1,2,2872,6872,-0.574497,0.444424
primary_strict_point_hn1,2,2873,6873,-0.454795,0.378134
primary_strict_point_hn1,2,2874,6874,-0.663827,0.568584
primary_strict_point_hn1,2,2875,6875,-0.473319,0.326281
primary_strict_point_hn1,2,2876,6876,-0.593141,0.550767
primary_strict_point_hn1,2,2877,6877,-0.618045,0.461154
primary_strict_point_hn1,2,2878,6878,-0.591648,0.511
primary_strict_point_hn1,2,2879,6879,-0.428784,0.432631
primary_strict_point_hn1,2,2880,6880,-0.512434,0.500164
primary_strict_point_hn1,2,2881,6881,-0.692278,0.428695
primary_strict_point_hn1,2,2882,6882,-0.840706,0.632783
primary_strict_point_hn1,2,2883,6883,-0.769705,0.65558399999999994
primary_strict_point_hn1,2,2884,6884,-0.362073,0.682386
primary_strict_point_hn1,2,2885,6885,-0.33579,0.593328
primary_strict_point_hn1,2,2886,6886,-0.411087,0.633628
primary_strict_point_hn1,2,2887,6887,-0.487522,0.557551
primary_strict_point_hn1,2,2888,6888,-0.747942,0.674491
primary_strict_point_hn1,2,2889,6889,-0.827635,0.743803
primary_strict_point_hn1,2,2890,6890,-1.0051,0.724375
primary_strict_point_hn1,2,2891,6891,-1.00119,0.769967
primary_strict_point_hn1,2,2892,6892,-1.10015,0.705315
primary_strict_point_hn1,2,2893,6893,-0.984522,0.532008
primary_strict_point_hn1,2,2894,6894,-0.512531,0.435467
primary_strict_point_hn1,2,2895,6895,-0.406168,0.444451
primary_strict_point_hn1,2,2896,6896,-0.726997,0.835627
primary_strict_point_hn1,2,2897,6897,-0.691017,0.656993
primary_strict_point_hn1,2,2898,6898,-0.344397,0.452123
primary_strict_point_hn1,2,2899,6899,-0.396294,0.418039
primary_strict_point_hn1,2,2900,6900,-0.52448,0.469601
primary_strict_point_hn1,2,2901,6901,-0.60095,0.491916
primary_strict_point_hn1,2,2902,6902,-0.465485,0.416822
primary_strict_point_hn1,2,2903,6903,-0.485015,0.390669
primary_strict_point_hn1,2,2904,6904,-0.769207,0.722333
primary_strict_point_hn1,2,2905,6905,-0.581736,0.833048
primary_strict_point_hn1,2,2906,6906,-0.477205,0.506926
primary_strict_point_hn1,2,2907,6907,-0.409551,0.659769
primary_strict_point_hn1,2,2908,6908,-0.50041,0.51511
primary_strict_point_hn1,2,2909,6909,-0.492082,0.652055
primary_strict_point_hn1,2,2910,6910,-0.476655,0.642897
primary_strict_point_hn1,2,2911,6911,-0.620636,0.674112
primary_strict_point_hn1,2,2912,6912,-0.502017,0.475177
primary_strict_point_hn1,2,2913,6913,-0.571691,0.434506
primary_strict_point_hn1,2,2914,6914,-0.522124,0.673161
primary_strict_point_hn1,2,2915,6915,-0.632768,0.683744
primary_strict_point_hn1,2,2916,6916,-0.783437,0.995934
primary_strict_point_hn1,2,2917,6917,-0.737443,0.971123
primary_strict_point_hn1,2,2918,6918,-0.77427,0.9759
primary_strict_point_hn1,2,2919,6919,-0.62496,1.18526
primary_strict_point_hn1,2,2920,6920,-0.70147,0.798969
primary_strict_point_hn1,2,2921,6921,-0.281811,0.818175
primary_strict_point_hn1,2,2922,6922,-0.280324,0.821806
primary_strict_point_hn1,2,2923,6923,-0.704263,1.00594
primary_strict_point_hn1,2,2924,6924,-0.278048,0.581914
primary_strict_point_hn1,2,2925,6925,-0.279562,0.57488
primary_strict_point_hn1,2,2926,6926,-0.590236,0.617293
primary_strict_point_hn1,2,2927,6927,-0.530283,0.649405
primary_strict_point_hn1,2,2928,6928,-0.281663,0.600332
primary_strict_point_hn1,2,2929,6929,-0.372744,0.460265
primary_strict_point_hn1,2,2930,6930,-0.415363,0.531112
primary_strict_point_hn1,2,2931,6931,-0.288051,0.688745
primary_strict_point_hn1,2,2932,6932,-0.286672,0.524792
primary_strict_point_hn1,2,2933,6933,-0.557437,0.533539
primary_strict_point_hn1,2,2934,6934,-0.476926,0.575839
primary_strict_point_hn1,2,2935,6935,-0.518867,0.655246
primary_strict_point_hn1,2,2936,6936,-0.344822,0.695408
primary_strict_point_hn1,2,2937,6937,-0.926336,0.594789
primary_strict_point_hn1,2,2938,6938,-0.929383,0.465643
primary_strict_point_hn1,2,2939,6939,-0.920101,0.485403
primary_strict_point_hn1,2,2940,6940,-1.01802,0.638519
primary_strict_point_hn1,2,2941,6941,-0.668084,0.403953
primary_strict_point_hn1,2,2942,6942,-0.686814,0.461263
primary_strict_point_hn1,2,2943,6943,-0.593907,0.506901
primary_strict_point_hn1,2,2944,6944,-0.538152,0.394206
primary_strict_point_hn1,2,2945,6945,-0.55297,0.494296
primary_strict_point_hn1,2,2946,6946,-0.70109,0.408633
primary_strict_point_hn1,2,2947,6947,-0.69355,0.47951
primary_strict_point_hn1,2,2948,6948,-0.64289,0.64554
primary_strict_point_hn1,2,2949,6949,-0.39324,0.557859
primary_strict_point_hn1,2,2950,6950,-0.7501,0.572587
primary_strict_point_hn1,2,2951,6951,-0.825229,0.563495
primary_strict_point_hn1,2,2952,6952,-0.810614,0.512747
primary_strict_point_hn1,2,2953,6953,-0.721113,0.595917
primary_strict_point_hn1,2,2954,6954,-0.722669,0.644364
primary_strict_point_hn1,2,2955,6955,-0.676581,0.607803
primary_strict_point_hn1,2,2956,6956,-0.157795,0.879101
primary_strict_point_hn1,2,2957,6957,-0.231389,0.779109
primary_strict_point_hn1,2,2958,6958,-0.675291,0.75084
primary_strict_point_hn1,2,2959,6959,-0.700463,0.694966
primary_strict_point_hn1,2,2960,6960,-0.700084,0.766818
primary_strict_point_hn1,2,2961,6961,-0.745918,0.684224
primary_strict_point_hn1,2,2962,6962,-0.37933,0.661319
primary_strict_point_hn1,2,2963,6963,-0.304958,0.523544
primary_strict_point_hn1,2,2964,6964,-0.238741,0.657341
primary_strict_point_hn1,2,2965,6965,-0.184181,0.831407
primary_strict_point_hn1,2,2966,6966,-0.30004,0.669446
primary_strict_point_hn1,2,2967,6967,-0.297123,0.897143
primary_strict_point_hn1,2,2968,6968,-0.396794,0.702879
primary_strict_point_hn1,2,2969,6969,-0.442379,0.676927
primary_strict_point_hn1,2,2970,6970,-0.376673,0.689501
primary_strict_point_hn1,2,2971,6971,-0.396784,0.980455
primary_strict_point_hn1,2,2972,6972,-0.402441,0.973775
primary_strict_point_hn1,2,2973,6973,-0.323011,0.954307
primary_strict_point_hn1,2,2974,6974,-0.389822,0.92973
primary_strict_point_hn1,2,2975,6975,-0.523143,0.730581
primary_strict_point_hn1,2,2976,6976,-0.53,0.528499
primary_strict_point_hn1,2,2977,6977,-0.852464,0.489675
primary_strict_point_hn1,2,2978,6978,-0.785713,0.49813
primary_strict_point_hn1,2,2979,6979,-0.823313,0.48888
primary_strict_point_hn1,2,2980,6980,-0.707396,0.453578
primary_strict_point_hn1,2,2981,6981,-0.530534,0.479873
primary_strict_point_hn1,2,2982,6982,-0.803428,0.538022
primary_strict_point_hn1,2,2983,6983,-0.66234,0.408929
primary_strict_point_hn1,2,2984,6984,-0.71402,0.578851
primary_strict_point_hn1,2,2985,6985,-0.748362,0.655569
primary_strict_point_hn1,2,2986,6986,-0.731889,0.616665
primary_strict_point_hn1,2,2987,6987,-0.747078,0.487628
primary_strict_point_hn1,2,2988,6988,-0.795262,0.493902
primary_strict_point_hn1,2,2989,6989,-0.932098,0.548409
primary_strict_point_hn1,2,2990,6990,-0.83112,0.593275
primary_strict_point_hn1,2,2991,6991,-0.965955,0.492776
primary_strict_point_hn1,2,2992,6992,-0.890199,0.643403
primary_strict_point_hn1,2,2993,6993,-0.897356,0.567372
primary_strict_point_hn1,2,2994,6994,-0.556703,0.473668
primary_strict_point_hn1,2,2995,6995,-0.639647,0.679394
primary_strict_point_hn1,2,2996,6996,-0.549156,0.587352
primary_strict_point_hn1,2,2997,6997,-0.609859,0.504967
primary_strict_point_hn1,2,2998,6998,-0.541485,0.485408
primary_strict_point_hn1,2,2999,6999,-0.808325,0.474666
primary_strict_point_hn1,2,3000,7000,-0.826405,0.731531
primary_strict_point_hn1,2,3001,7001,-0.803933,0.50049
primary_strict_point_hn1,2,3002,7002,-0.857371,0.425562
primary_strict_point_hn1,2,3003,7003,-0.885617,0.366447
primary_strict_point_hn1,2,3004,7004,-0.857518,0.524516
primary_strict_point_hn1,2,3005,7005,-0.590754,0.526325
primary_strict_point_hn1,2,3006,7006,-0.679936,0.533238
primary_strict_point_hn1,2,3007,7007,-0.673946,0.396342
primary_strict_point_hn1,2,3008,7008,-0.774917,0.596771
primary_strict_point_hn1,2,3009,7009,-0.449475,0.704981
primary_strict_point_hn1,2,3010,7010,-0.525363,0.720883
primary_strict_point_hn1,2,3011,7011,-0.525028,0.580013
primary_strict_point_hn1,2,3012,7012,-0.541988,0.568033
primary_strict_point_hn1,2,3013,7013,-0.62799,0.433085
primary_strict_point_hn1,2,3014,7014,-0.605705,0.491873
primary_strict_point_hn1,2,3015,7015,-0.738867,0.61781
primary_strict_point_hn1,2,3016,7016,-0.733402,0.556295
primary_strict_point_hn1,2,3017,7017,-0.540647,0.587179
primary_strict_point_hn1,2,3018,7018,-0.48579,0.643403
primary_strict_point_hn1,2,3019,7019,-0.409655,0.731725
primary_strict_point_hn1,2,3020,7020,-0.645012,0.480938
primary_strict_point_hn1,2,3021,7021,-0.559674,0.637235
primary_strict_point_hn1,2,3022,7022,-0.725928,0.352813
primary_strict_point_hn1,2,3023,7023,-0.491243,0.639801
primary_strict_point_hn1,2,3024,7024,-0.572102,0.501451
primary_strict_point_hn1,2,3025,7025,-0.461149,0.433924
primary_strict_point_hn1,2,3026,7026,-0.632278,0.397921
primary_strict_point_hn1,2,3027,7027,-0.655288,0.405401
primary_strict_point_hn1,2,3028,7028,-0.508474,0.458379
primary_strict_point_hn1,2,3029,7029,-0.684675,0.374022
primary_strict_point_hn1,2,3030,7030,-0.686991,0.349227
primary_strict_point_hn1,2,3031,7031,-0.375138,0.675603
primary_strict_point_hn1,2,3032,7032,-0.465083,0.730423
primary_strict_point_hn1,2,3033,7033,-0.871497,0.662378
primary_strict_point_hn1,2,3034,7034,-0.728874,0.725043
primary_strict_point_hn1,2,3035,7035,-0.65459,0.548024
primary_strict_point_hn1,2,3036,7036,-0.690485,0.511256
primary_strict_point_hn1,2,3037,7037,-0.478785,0.545549
primary_strict_point_hn1,2,3038,7038,-0.627848,0.834467
primary_strict_point_hn1,2,3039,7039,-0.582619,0.580531
primary_strict_point_hn1,2,3040,7040,-0.533668,0.557907
primary_strict_point_hn1,2,3041,7041,-0.39271,0.800699
primary_strict_point_hn1,2,3042,7042,-0.754545,0.755055
primary_strict_point_hn1,2,3043,7043,-0.290634,0.632982
primary_strict_point_hn1,2,3044,7044,-0.220177,0.860679
primary_strict_point_hn1,2,3045,7045,-0.26904,0.656229
primary_strict_point_hn1,2,3046,7046,-0.285348,0.713342
primary_strict_point_hn1,2,3047,7047,-0.393691,0.753508
primary_strict_point_hn1,2,3048,7048,-0.2202,0.793487
primary_strict_point_hn1,2,3049,7049,-0.171378,0.762672
primary_strict_point_hn1,2,3050,7050,-0.732502,0.568516
primary_strict_point_hn1,2,3051,7051,-0.845031,0.556575
primary_strict_point_hn1,2,3052,7052,-0.68534,0.482792
primary_strict_point_hn1,2,3053,7053,-0.297131,0.548213
primary_strict_point_hn1,2,3054,7054,-0.235436,0.621924
primary_strict_point_hn1,2,3055,7055,-0.393427,0.515423
primary_strict_point_hn1,2,3056,7056,-0.899438,0.541757
primary_strict_point_hn1,2,3057,7057,-0.67745,0.368237
primary_strict_point_hn1,2,3058,7058,-0.768929,0.39338
primary_strict_point_hn1,2,3059,7059,-0.704582,0.46303
primary_strict_point_hn1,2,3060,7060,-0.620069,0.568293
primary_strict_point_hn1,2,3061,7061,-0.629958,0.291766
primary_strict_point_hn1,2,3062,7062,-0.633263,0.547576
primary_strict_point_hn1,2,3063,7063,-0.492735,0.673005
primary_strict_point_hn1,2,3064,7064,-0.512229,0.678673
primary_strict_point_hn1,2,3065,7065,-0.497104,0.66624
primary_strict_point_hn1,2,3066,7066,-0.51475,0.540431
primary_strict_point_hn1,2,3067,7067,-0.441678,0.528095
primary_strict_point_hn1,2,3068,7068,-0.401924,0.515641
primary_strict_point_hn1,2,3069,7069,-0.675182,0.374486
primary_strict_point_hn1,2,3070,7070,-0.737956,0.411174
primary_strict_point_hn1,2,3071,7071,-0.609717,0.397459
primary_strict_point_hn1,2,3072,7072,-0.67517,0.335116
primary_strict_point_hn1,2,3073,7073,-0.697066,0.530192
primary_strict_point_hn1,2,3074,7074,-0.713445,0.471879
primary_strict_point_hn1,2,3075,7075,-0.6634,0.783143
primary_strict_point_hn1,2,3076,7076,-0.612978,0.812395
primary_strict_point_hn1,2,3077,7077,-0.64596,1.17457
primary_strict_point_hn1,2,3078,7078,-0.727081,1.05275
primary_strict_point_hn1,2,3079,7079,-0.821145,0.989903
primary_strict_point_hn1,2,3080,7080,-0.493421,0.624138
primary_strict_point_hn1,2,3081,7081,-0.72491,0.648804
primary_strict_point_hn1,2,3082,7082,-0.875334,0.524593
primary_strict_point_hn1,2,3083,7083,-0.920445,0.524416
primary_strict_point_hn1,2,3084,7084,-0.688164,0.723983
primary_strict_point_hn1,2,3085,7085,-0.581261,0.746442
primary_strict_point_hn1,2,3086,7086,-0.38224,0.920252
primary_strict_point_hn1,2,3087,7087,-0.619422,0.863174
primary_strict_point_hn1,2,3088,7088,-0.504575,1.03291
primary_strict_point_hn1,2,3089,7089,-0.080237,0.613273
primary_strict_point_hn1,2,3090,7090,-0.193082,0.513462
primary_strict_point_hn1,2,3091,7091,-0.0690455,0.542801
primary_strict_point_hn1,2,3092,7092,-0.15426,0.618876
primary_strict_point_hn1,2,3093,7093,-0.145493,0.587837
primary_strict_point_hn1,2,3094,7094,-0.297955,0.661145
primary_strict_point_hn1,2,3095,7095,-0.448673,0.661698
primary_strict_point_hn1,2,3096,7096,-0.469371,0.649165
primary_strict_point_hn1,2,3097,7097,-0.533186,0.657157
primary_strict_point_hn1,2,3098,7098,-0.555704,0.470026
primary_strict_point_hn1,2,3099,7099,-0.557647,0.562732
primary_strict_point_hn1,2,3100,7100,-0.630278,0.469958
primary_strict_point_hn1,2,3101,7101,-0.659951,0.485463
primary_strict_point_hn1,2,3102,7102,-0.584426,0.625917
primary_strict_point_hn1,2,3103,7103,-0.654975,0.443457
primary_strict_point_hn1,2,3104,7104,-0.703079,0.442971
primary_strict_point_hn1,2,3105,7105,-0.653938,0.513453
primary_strict_point_hn1,2,3106,7106,-0.554897,0.617535
primary_strict_point_hn1,2,3107,7107,-0.568879,0.630004
primary_strict_point_hn1,2,3108,7108,-0.557083,0.615141
primary_strict_point_hn1,2,3109,7109,-0.560961,0.532457
primary_strict_point_hn1,2,3110,7110,-0.631106,0.66591
primary_strict_point_hn1,2,3111,7111,-0.635825,0.669075
primary_strict_point_hn1,2,3112,7112,-0.799753,1.09997
primary_strict_point_hn1,2,3113,7113,-0.721647,0.835377
primary_strict_point_hn1,2,3114,7114,-0.759081,0.748565
primary_strict_point_hn1,2,3115,7115,-0.63901,0.616992
primary_strict_point_hn1,2,3116,7116,-0.627231,0.61089
primary_strict_point_hn1,2,3117,7117,-0.766225,0.571491
primary_strict_point_hn1,2,3118,7118,-0.69809,0.615699
primary_strict_point_hn1,2,3119,7119,-0.772937,0.701999
primary_strict_point_hn1,2,3120,7120,-0.70865,0.677239
primary_strict_point_hn1,2,3121,7121,-0.666093,0.846309
primary_strict_point_hn1,2,3122,7122,-0.674212,0.870775
primary_strict_point_hn1,2,3123,7123,-0.689395,0.567748
primary_strict_point_hn1,2,3124,7124,-0.752979,0.543851
primary_strict_point_hn1,2,3125,7125,-0.612284,0.733549
primary_strict_point_hn1,2,3126,7126,-0.647671,0.793635
primary_strict_point_hn1,2,3127,7127,-0.581133,0.697882
primary_strict_point_hn1,2,3128,7128,-0.492719,0.527116
primary_strict_point_hn1,2,3129,7129,-0.695992,0.641497
primary_strict_point_hn1,2,3130,7130,-0.802238,0.644203
primary_strict_point_hn1,2,3131,7131,-0.705912,0.60084
primary_strict_point_hn1,2,3132,7132,-0.832641,0.760041
primary_strict_point_hn1,2,3133,7133,-0.794201,0.678847
primary_strict_point_hn1,2,3134,7134,-0.795118,0.635303
primary_strict_point_hn1,2,3135,7135,-0.811648,0.656818
primary_strict_point_hn1,2,3136,7136,-0.675151,0.496131
primary_strict_point_hn1,2,3137,7137,-0.575678,0.467774
primary_strict_point_hn1,2,3138,7138,-0.931138,0.534481
primary_strict_point_hn1,2,3139,7139,-0.710117,0.701925
primary_strict_point_hn1,2,3140,7140,-0.648437,0.673783
primary_strict_point_hn1,2,3141,7141,-0.422113,0.481147
primary_strict_point_hn1,2,3142,7142,-0.558663,0.687483
primary_strict_point_hn1,2,3143,7143,-0.604691,0.634413
primary_strict_point_hn1,2,3144,7144,-0.706852,0.862643
primary_strict_point_hn1,2,3145,7145,-0.737289,0.836793
primary_strict_point_hn1,2,3146,7146,-0.695305,0.769557
primary_strict_point_hn1,2,3147,7147,-0.494473,0.808383
primary_strict_point_hn1,2,3148,7148,-0.510023,0.80849
primary_strict_point_hn1,2,3149,7149,-0.521588,0.842777
primary_strict_point_hn1,2,3150,7150,-0.568773,1.02601
primary_strict_point_hn1,2,3151,7151,-0.50584,1.05682
primary_strict_point_hn1,2,3152,7152,-0.504152,1.07519
primary_strict_point_hn1,2,3153,7153,-0.577032,0.959887
primary_strict_point_hn1,2,3154,7154,-0.496464,1.23485
primary_strict_point_hn1,2,3155,7155,-0.231016,0.747752
primary_strict_point_hn1,2,3156,7156,-0.495983,0.668005
primary_strict_point_hn1,2,3157,7157,-0.654061,0.819175
primary_strict_point_hn1,2,3158,7158,-0.477676,0.760752
primary_strict_point_hn1,2,3159,7159,-0.799894,0.672014
primary_strict_point_hn1,2,3160,7160,-0.758993,0.694553
primary_strict_point_hn1,2,3161,7161,-0.654414,0.685038
primary_strict_point_hn1,2,3162,7162,-0.698751,0.716428
primary_strict_point_hn1,2,3163,7163,-0.707271,0.78446
primary_strict_point_hn1,2,3164,7164,-0.662791,0.506135
primary_strict_point_hn1,2,3165,7165,-0.775659,0.468024
primary_strict_point_hn1,2,3166,7166,-0.87052,0.642106
primary_strict_point_hn1,2,3167,7167,-0.859034,0.609348
primary_strict_point_hn1,2,3168,7168,-0.864553,0.560562
primary_strict_point_hn1,2,3169,7169,-0.728957,0.619262
primary_strict_point_hn1,2,3170,7170,-0.44924,0.53135
primary_strict_point_hn1,2,3171,7171,-0.529117,0.331683
primary_strict_point_hn1,2,3172,7172,-0.664303,0.774997
primary_strict_point_hn1,2,3173,7173,-0.658233,0.796399
primary_strict_point_hn1,2,3174,7174,-0.530049,0.778658
primary_strict_point_hn1,2,3175,7175,-0.554984,0.716041
primary_strict_point_hn1,2,3176,7176,-0.510277,0.412971
primary_strict_point_hn1,2,3177,7177,-0.546505,0.41453
primary_strict_point_hn1,2,3178,7178,-0.703135,0.733027
primary_strict_point_hn1,2,3179,7179,-0.658451,0.783968
primary_strict_point_hn1,2,3180,7180,-0.646308,0.541665
primary_strict_point_hn1,2,3181,7181,-0.618133,0.654027
primary_strict_point_hn1,2,3182,7182,-0.650154,0.567075
primary_strict_point_hn1,2,3183,7183,-0.645943,0.615998
primary_strict_point_hn1,2,3184,7184,-0.651439,0.573558
primary_strict_point_hn1,2,3185,7185,-0.679562,0.61273
primary_strict_point_hn1,2,3186,7186,-0.671087,0.504289
primary_strict_point_hn1,2,3187,7187,-0.608912,0.54399
primary_strict_point_hn1,2,3188,7188,-0.601646,0.315854
primary_strict_point_hn1,2,3189,7189,-0.472516,0.424058
primary_strict_point_hn1,2,3190,7190,-0.558502,0.55837
primary_strict_point_hn1,2,3191,7191,-0.645008,0.407473
primary_strict_point_hn1,2,3192,7192,-0.479701,0.42141
primary_strict_point_hn1,2,3193,7193,-0.659955,0.475162
primary_strict_point_hn1,2,3194,7194,-0.757205,0.621222
primary_strict_point_hn1,2,3195,7195,-0.706968,0.536568
primary_strict_point_hn1,2,3196,7196,-0.720964,0.596577
primary_strict_point_hn1,2,3197,7197,-0.678198,0.561851
primary_strict_point_hn1,2,3198,7198,-0.707791,0.554285
primary_strict_point_hn1,2,3199,7199,-0.590115,0.37838
primary_strict_point_hn1,2,3200,7200,-0.706559,0.276926
primary_strict_point_hn1,2,3201,7201,-0.659535,0.392294
primary_strict_point_hn1,2,3202,7202,-0.149847,0.631808
primary_strict_point_hn1,2,3203,7203,-0.262954,0.593047
primary_strict_point_hn1,2,3204,7204,-0.404339,0.419077
primary_strict_point_hn1,2,3205,7205,-0.246614,0.632655
primary_strict_point_hn1,2,3206,7206,-0.759282,0.388607
primary_strict_point_hn1,2,3207,7207,-0.572763,0.703423
primary_strict_point_hn1,2,3208,7208,-0.372679,0.870925
primary_strict_point_hn1,2,3209,7209,-0.753901,0.727126
primary_strict_point_hn1,2,3210,7210,-0.679493,0.875492
primary_strict_point_hn1,2,3211,7211,-0.919544,0.676287
primary_strict_point_hn1,2,3212,7212,-0.761299,0.662813
primary_strict_point_hn1,2,3213,7213,-0.789366,0.688266
primary_strict_point_hn1,2,3214,7214,-0.614679,0.357883
primary_strict_point_hn1,2,3215,7215,-0.617864,0.389762
primary_strict_point_hn1,2,3216,7216,-0.728558,0.368199
primary_strict_point_hn1,2,3217,7217,-0.692833,0.300778
primary_strict_point_hn1,2,3218,7218,-0.724594,0.359226
primary_strict_point_hn1,2,3219,7219,-0.943771,0.710305
primary_strict_point_hn1,2,3220,7220,-0.683277,0.343042
primary_strict_point_hn1,2,3221,7221,-0.802312,0.337742
primary_strict_point_hn1,2,3222,7222,-1.02934,0.625287
primary_strict_point_hn1,2,3223,7223,-0.810776,0.458146
primary_strict_point_hn1,2,3224,7224,-0.815211,0.6195
primary_strict_point_hn1,2,3225,7225,-0.708416,0.654558
primary_strict_point_hn1,2,3226,7226,-0.702357,0.682302
primary_strict_point_hn1,2,3227,7227,-0.846283,0.436995
primary_strict_point_hn1,2,3228,7228,-0.785678,0.501162
primary_strict_point_hn1,2,3229,7229,-0.81321,0.56536
primary_strict_point_hn1,2,3230,7230,-0.857753,0.584462
primary_strict_point_hn1,2,3231,7231,-0.710415,0.551642
primary_strict_point_hn1,2,3232,7232,-0.842738,0.491555
primary_strict_point_hn1,2,3233,7233,-0.720702,0.47298
primary_strict_point_hn1,2,3234,7234,-0.83134,0.661677
primary_strict_point_hn1,2,3235,7235,-0.906856,0.718806
primary_strict_point_hn1,2,3236,7236,-0.804816,0.736443
primary_strict_point_hn1,2,3237,7237,-0.658949,0.527854
primary_strict_point_hn1,2,3238,7238,-0.569951,0.604527
primary_strict_point_hn1,2,3239,7239,-0.520552,0.443085
primary_strict_point_hn1,2,3240,7240,-0.78073,0.533979
primary_strict_point_hn1,2,3241,7241,-0.771008,0.472508
primary_strict_point_hn1,2,3242,7242,-0.62473,0.688666
primary_strict_point_hn1,2,3243,7243,-0.932558,0.938976
primary_strict_point_hn1,2,3244,7244,-0.696952,0.595538
primary_strict_point_hn1,2,3245,7245,-0.704498,0.587873
primary_strict_point_hn1,2,3246,7246,-0.598313,0.536437
primary_strict_point_hn1,2,3247,7247,-0.676078,0.460049
primary_strict_point_hn1,2,3248,7248,-0.501837,0.387323
primary_strict_point_hn1,2,3249,7249,-0.631144,0.458321
primary_strict_point_hn1,2,3250,7250,-0.691702,0.333032
primary_strict_point_hn1,2,3251,7251,-0.470405,0.753911
primary_strict_point_hn1,2,3252,7252,-0.570075,0.544802
primary_strict_point_hn1,2,3253,7253,-0.757188,0.740898
primary_strict_point_hn1,2,3254,7254,-0.779369,0.574056
primary_strict_point_hn1,2,3255,7255,-0.797278,0.614934
primary_strict_point_hn1,2,3256,7256,-0.814641,0.51294
primary_strict_point_hn1,2,3257,7257,-0.978753,0.537158
primary_strict_point_hn1,2,3258,7258,-0.987413,0.538169
primary_strict_point_hn1,2,3259,7259,-0.790008,0.474598
primary_strict_point_hn1,2,3260,7260,-0.732872,0.670815
primary_strict_point_hn1,2,3261,7261,-0.886864,0.785797
primary_strict_point_hn1,2,3262,7262,-0.591194,0.605988
primary_strict_point_hn1,2,3263,7263,-0.972314,0.847875
primary_strict_point_hn1,2,3264,7264,-0.972975,0.851861
primary_strict_point_hn1,2,3265,7265,-1.08967,0.775147
primary_strict_point_hn1,2,3266,7266,-0.899205,0.973408
primary_strict_point_hn1,2,3267,7267,-0.940786,0.898813
primary_strict_point_hn1,2,3268,7268,-0.800973,0.590972
primary_strict_point_hn1,2,3269,7269,-0.779324,0.798596
primary_strict_point_hn1,2,3270,7270,-0.879144,0.843547
primary_strict_point_hn1,2,3271,7271,-0.668172,0.684073
primary_strict_point_hn1,2,3272,7272,-0.506286,0.834291
primary_strict_point_hn1,2,3273,7273,-0.660274,0.545408
primary_strict_point_hn1,2,3274,7274,-0.490252,0.474122
primary_strict_point_hn1,2,3275,7275,-0.334345,0.570457
primary_strict_point_hn1,2,3276,7276,-0.307275,0.549826
primary_strict_point_hn1,2,3277,7277,-0.281847,0.540659
primary_strict_point_hn1,2,3278,7278,-0.308503,0.543469
primary_strict_point_hn1,2,3279,7279,-0.367749,0.433895
primary_strict_point_hn1,2,3280,7280,-0.648905,0.663005
primary_strict_point_hn1,2,3281,7281,-0.727257,0.452259
primary_strict_point_hn1,2,3282,7282,-0.606066,0.435547
primary_strict_point_hn1,2,3283,7283,-0.587851,0.496087
primary_strict_point_hn1,2,3284,7284,-0.581776,0.461964
primary_strict_point_hn1,2,3285,7285,-0.679155,0.828039
primary_strict_point_hn1,2,3286,7286,-0.472192,0.58217
primary_strict_point_hn1,2,3287,7287,-0.621342,0.636417
primary_strict_point_hn1,2,3288,7288,-0.580628,0.527194
primary_strict_point_hn1,2,3289,7289,-0.669246,0.494679
primary_strict_point_hn1,2,3290,7290,-0.872457,0.407724
primary_strict_point_hn1,2,3291,7291,-0.861008,0.476908
primary_strict_point_hn1,2,3292,7292,-0.633458,0.535275
primary_strict_point_hn1,2,3293,7293,-0.606454,0.403985
primary_strict_point_hn1,2,3294,7294,-0.604694,0.416186
primary_strict_point_hn1,2,3295,7295,-0.562947,0.381705
primary_strict_point_hn1,2,3296,7296,-0.73788,0.457844
primary_strict_point_hn1,2,3297,7297,-0.690681,0.490945
primary_strict_point_hn1,2,3298,7298,-0.864891,0.639226
primary_strict_point_hn1,2,3299,7299,-0.908662,0.490506
primary_strict_point_hn1,2,3300,7300,-0.777858,0.55633
primary_strict_point_hn1,2,3301,7301,-0.883,0.422738
primary_strict_point_hn1,2,3302,7302,-0.851246,0.416753
primary_strict_point_hn1,2,3303,7303,-0.683465,0.484797
primary_strict_point_hn1,2,3304,7304,-0.687417,0.566992
primary_strict_point_hn1,2,3305,7305,-0.520327,0.500116
primary_strict_point_hn1,2,3306,7306,-0.533835,0.565264
primary_strict_point_hn1,2,3307,7307,-0.690952,0.49602
primary_strict_point_hn1,2,3308,7308,-0.504272,0.637849
primary_strict_point_hn1,2,3309,7309,-0.525441,0.746068
primary_strict_point_hn1,2,3310,7310,-0.540829,0.528529
primary_strict_point_hn1,2,3311,7311,-0.611378,0.515991
primary_strict_point_hn1,2,3312,7312,-0.579909,0.497263
primary_strict_point_hn1,2,3313,7313,-0.663368,0.66962
primary_strict_point_hn1,2,3314,7314,-0.610156,0.481278
primary_strict_point_hn1,2,3315,7315,-0.581905,0.547131
primary_strict_point_hn1,2,3316,7316,-0.48896,0.506981
primary_strict_point_hn1,2,3317,7317,-0.551004,0.546751
primary_strict_point_hn1,2,3318,7318,-0.594589,0.60072
primary_strict_point_hn1,2,3319,7319,-0.419652,0.437575
primary_strict_point_hn1,2,3320,7320,-0.638446,0.488686
primary_strict_point_hn1,2,3321,7321,-0.480496,0.537175
primary_strict_point_hn1,2,3322,7322,-0.580158,0.464655
primary_strict_point_hn1,2,3323,7323,-0.570693,0.526594
primary_strict_point_hn1,2,3324,7324,-0.918185,0.706482
primary_strict_point_hn1,2,3325,7325,-0.558407,0.869553
primary_strict_point_hn1,2,3326,7326,-0.735434,0.510014
primary_strict_point_hn1,2,3327,7327,-0.786686,0.62616
primary_strict_point_hn1,2,3328,7328,-0.586946,0.581296
primary_strict_point_hn1,2,3329,7329,-0.632688,0.604852
primary_strict_point_hn1,2,3330,7330,-0.713823,0.614126
primary_strict_point_hn1,2,3331,7331,-0.657589,0.539622
primary_strict_point_hn1,2,3332,7332,-0.61455,0.457395
primary_strict_point_hn1,2,3333,7333,-0.82282,0.518012
primary_strict_point_hn1,2,3334,7334,-0.658594,0.587353
primary_strict_point_hn1,2,3335,7335,-0.707575,0.602789
primary_strict_point_hn1,2,3336,7336,-0.388853,0.602614
primary_strict_point_hn1,2,3337,7337,-0.640641,0.583087
primary_strict_point_hn1,2,3338,7338,-0.743643,0.51755
primary_strict_point_hn1,2,3339,7339,-0.886444,0.495789
primary_strict_point_hn1,2,3340,7340,-0.59929,1.27685
primary_strict_point_hn1,2,3341,7341,-0.66693,0.985034
primary_strict_point_hn1,2,3342,7342,-0.603582,1.03725
primary_strict_point_hn1,2,3343,7343,-0.704641,0.683214
primary_strict_point_hn1,2,3344,7344,-0.662669,0.738873
primary_strict_point_hn1,2,3345,7345,-0.676269,0.823402
primary_strict_point_hn1,2,3346,7346,-0.734438,0.778456
primary_strict_point_hn1,2,3347,7347,-0.598605,0.592154
primary_strict_point_hn1,2,3348,7348,-0.539579,0.704397
primary_strict_point_hn1,2,3349,7349,-0.4863,0.693202
primary_strict_point_hn1,2,3350,7350,-0.676903,0.765789
primary_strict_point_hn1,2,3351,7351,-0.639022,0.589623
primary_strict_point_hn1,2,3352,7352,-0.621839,0.681582
primary_strict_point_hn1,2,3353,7353,-0.500262,0.62758100000000006
primary_strict_point_hn1,2,3354,7354,-0.513592,0.709993
primary_strict_point_hn1,2,3355,7355,-0.522881,0.554292
primary_strict_point_hn1,2,3356,7356,-0.628655,0.477035
primary_strict_point_hn1,2,3357,7357,-0.674898,0.520025
primary_strict_point_hn1,2,3358,7358,-0.912129,0.522463
primary_strict_point_hn1,2,3359,7359,-0.861774,0.516111
primary_strict_point_hn1,2,3360,7360,-0.773605,0.517772
primary_strict_point_hn1,2,3361,7361,-0.828978,0.535658
primary_strict_point_hn1,2,3362,7362,-0.715564,0.563513
primary_strict_point_hn1,2,3363,7363,-0.895355,0.512832
primary_strict_point_hn1,2,3364,7364,-0.873849,0.359004
primary_strict_point_hn1,2,3365,7365,-0.808686,0.400018
primary_strict_point_hn1,2,3366,7366,-0.922002,0.510063
primary_strict_point_hn1,2,3367,7367,-0.687992,0.35444
primary_strict_point_hn1,2,3368,7368,-0.801124,0.443212
primary_strict_point_hn1,2,3369,7369,-0.730015,0.482109
primary_strict_point_hn1,2,3370,7370,-0.66719,0.446605
primary_strict_point_hn1,2,3371,7371,-0.509642,0.379164
primary_strict_point_hn1,2,3372,7372,-0.648449,0.420246
primary_strict_point_hn1,2,3373,7373,-0.83479,0.536849
primary_strict_point_hn1,2,3374,7374,-0.924404,0.570724
primary_strict_point_hn1,2,3375,7375,-0.713632,0.476524
primary_strict_point_hn1,2,3376,7376,-0.571616,0.509725
primary_strict_point_hn1,2,3377,7377,-0.739734,0.606013
primary_strict_point_hn1,2,3378,7378,-0.755737,0.659918
primary_strict_point_hn1,2,3379,7379,-0.782912,0.755652
primary_strict_point_hn1,2,3380,7380,-0.860302,0.827665
primary_strict_point_hn1,2,3381,7381,-0.795213,0.898253
primary_strict_point_hn1,2,3382,7382,-0.176616,0.806095
primary_strict_point_hn1,2,3383,7383,-0.174965,0.907827
primary_strict_point_hn1,2,3384,7384,-0.155107,0.782876
primary_strict_point_hn1,2,3385,7385,-0.575729,0.567072
primary_strict_point_hn1,2,3386,7386,-0.58464,0.628488
primary_strict_point_hn1,2,3387,7387,-0.582909,0.589067
primary_strict_point_hn1,2,3388,7388,-0.574579,0.646967
primary_strict_point_hn1,2,3389,7389,-0.707591,0.620582
primary_strict_point_hn1,2,3390,7390,-0.463965,0.732981
primary_strict_point_hn1,2,3391,7391,-0.709324,0.475334
primary_strict_point_hn1,2,3392,7392,-0.579883,0.651892
primary_strict_point_hn1,2,3393,7393,-0.831956,0.548814
primary_strict_point_hn1,2,3394,7394,-0.759275,0.522817
primary_strict_point_hn1,2,3395,7395,-0.636107,0.492263
primary_strict_point_hn1,2,3396,7396,-0.611638,0.397742
primary_strict_point_hn1,2,3397,7397,-0.796345,0.45799
primary_strict_point_hn1,2,3398,7398,-0.719346,0.338771
primary_strict_point_hn1,2,3399,7399,-0.791241,0.397755
primary_strict_point_hn1,2,3400,7400,-0.747813,0.513381
primary_strict_point_hn1,2,3401,7401,-0.939893,0.758545
primary_strict_point_hn1,2,3402,7402,-0.879703,0.864958
primary_strict_point_hn1,2,3403,7403,-0.794103,0.57131
primary_strict_point_hn1,2,3404,7404,-0.164243,0.82801
primary_strict_point_hn1,2,3405,7405,-0.269176,0.623633
primary_strict_point_hn1,2,3406,7406,-0.366357,0.516907
primary_strict_point_hn1,2,3407,7407,-0.285583,0.743015
primary_strict_point_hn1,2,3408,7408,-0.588223,0.462544
primary_strict_point_hn1,2,3409,7409,-0.493854,0.519044
primary_strict_point_hn1,2,3410,7410,-0.474726,0.564129
primary_strict_point_hn1,2,3411,7411,-0.422802,0.555348
primary_strict_point_hn1,2,3412,7412,-0.508775,0.488002
primary_strict_point_hn1,2,3413,7413,-0.342814,0.477833
primary_strict_point_hn1,2,3414,7414,-0.596623,0.301192
primary_strict_point_hn1,2,3415,7415,-0.351043,0.539412
primary_strict_point_hn1,2,3416,7416,-0.318671,0.701842
primary_strict_point_hn1,2,3417,7417,-0.248226,0.628375
primary_strict_point_hn1,2,3418,7418,-0.430594,0.512694
primary_strict_point_hn1,2,3419,7419,-0.370899,0.657319
primary_strict_point_hn1,2,3420,7420,-0.45812,0.670172
primary_strict_point_hn1,2,3421,7421,-0.520372,0.755726
primary_strict_point_hn1,2,3422,7422,-0.537852,0.784619
primary_strict_point_hn1,2,3423,7423,-0.557079,0.697304
primary_strict_point_hn1,2,3424,7424,-0.631043,0.861315
primary_strict_point_hn1,2,3425,7425,-0.537351,0.603791
primary_strict_point_hn1,2,3426,7426,-0.585358,0.719019
primary_strict_point_hn1,2,3427,7427,-0.791557,0.871711
primary_strict_point_hn1,2,3428,7428,-0.805891,0.702793
primary_strict_point_hn1,2,3429,7429,-0.938209,0.500354
primary_strict_point_hn1,2,3430,7430,-0.970776,0.60079
primary_strict_point_hn1,2,3431,7431,-0.918921,0.616747
primary_strict_point_hn1,2,3432,7432,-0.972188,0.62093
primary_strict_point_hn1,2,3433,7433,-0.91713,0.557522
primary_strict_point_hn1,2,3434,7434,-0.929815,0.508212
primary_strict_point_hn1,2,3435,7435,-0.465221,0.726557
primary_strict_point_hn1,2,3436,7436,-0.326002,0.854418
primary_strict_point_hn1,2,3437,7437,-0.181339,1.34528
primary_strict_point_hn1,2,3438,7438,-0.548509,1.07672
primary_strict_point_hn1,2,3439,7439,-0.740672,0.615258
primary_strict_point_hn1,2,3440,7440,-0.478275,0.542201
primary_strict_point_hn1,2,3441,7441,-0.549683,0.370472
primary_strict_point_hn1,2,3442,7442,-0.569619,0.615576
primary_strict_point_hn1,2,3443,7443,-0.686657,0.433058
primary_strict_point_hn1,2,3444,7444,-0.729903,0.412846
primary_strict_point_hn1,2,3445,7445,-0.794478,0.525688
primary_strict_point_hn1,2,3446,7446,-0.753938,0.547408
primary_strict_point_hn1,2,3447,7447,-0.85625,0.551935
primary_strict_point_hn1,2,3448,7448,-0.834883,0.507775
primary_strict_point_hn1,2,3449,7449,-0.719705,0.586243
primary_strict_point_hn1,2,3450,7450,-0.805879,0.750703
primary_strict_point_hn1,2,3451,7451,-0.715913,0.546588
primary_strict_point_hn1,2,3452,7452,-0.766432,0.535768
primary_strict_point_hn1,2,3453,7453,-0.709208,0.372578
primary_strict_point_hn1,2,3454,7454,-0.536299,0.486468
primary_strict_point_hn1,2,3455,7455,-0.469941,0.80743
primary_strict_point_hn1,2,3456,7456,-0.359274,0.68462
primary_strict_point_hn1,2,3457,7457,-0.461622,0.897675
primary_strict_point_hn1,2,3458,7458,-0.426443,0.87594
primary_strict_point_hn1,2,3459,7459,-0.444651,0.979794
primary_strict_point_hn1,2,3460,7460,-0.581791,0.492824
primary_strict_point_hn1,2,3461,7461,-0.593308,0.669106
primary_strict_point_hn1,2,3462,7462,-0.529673,0.524733
primary_strict_point_hn1,2,3463,7463,-0.512141,0.307362
primary_strict_point_hn1,2,3464,7464,-0.276307,0.560546
primary_strict_point_hn1,2,3465,7465,-0.318447,0.474623
primary_strict_point_hn1,2,3466,7466,-0.289911,0.517129
primary_strict_point_hn1,2,3467,7467,-0.202809,0.931887
primary_strict_point_hn1,2,3468,7468,-0.191985,0.936877
primary_strict_point_hn1,2,3469,7469,-0.134665,0.941262
primary_strict_point_hn1,2,3470,7470,-0.199712,0.908574
primary_strict_point_hn1,2,3471,7471,-0.181153,0.96036
primary_strict_point_hn1,2,3472,7472,-0.158876,0.864593
primary_strict_point_hn1,2,3473,7473,-0.299629,0.396876
primary_strict_point_hn1,2,3474,7474,-0.550442,0.437443
primary_strict_point_hn1,2,3475,7475,-0.882213,0.345403
primary_strict_point_hn1,2,3476,7476,-0.87846,0.375998
primary_strict_point_hn1,2,3477,7477,-1.07735,0.608253
primary_strict_point_hn1,2,3478,7478,-0.78169,0.550343
primary_strict_point_hn1,2,3479,7479,-0.927387,0.639578
primary_strict_point_hn1,2,3480,7480,-0.472505,0.636793
primary_strict_point_hn1,2,3481,7481,-0.797516,0.720213
primary_strict_point_hn1,2,3482,7482,-0.797042,0.708984
primary_strict_point_hn1,2,3483,7483,-0.615915,0.63295
primary_strict_point_hn1,2,3484,7484,-0.662454,0.641011
primary_strict_point_hn1,2,3485,7485,-0.538553,0.652705
primary_strict_point_hn1,2,3486,7486,-0.617538,0.63608
primary_strict_point_hn1,2,3487,7487,-0.688995,0.658222
primary_strict_point_hn1,2,3488,7488,-0.687733,0.608651
primary_strict_point_hn1,2,3489,7489,-0.465424,0.822058
primary_strict_point_hn1,2,3490,7490,-0.442499,0.847681
primary_strict_point_hn1,2,3491,7491,-0.590222,0.900662
primary_strict_point_hn1,2,3492,7492,-0.497104,0.486648
primary_strict_point_hn1,2,3493,7493,-0.606378,0.485079
primary_strict_point_hn1,2,3494,7494,-0.705385,0.433056
primary_strict_point_hn1,2,3495,7495,-0.608295,0.455574
primary_strict_point_hn1,2,3496,7496,-0.719595,0.623458
primary_strict_point_hn1,2,3497,7497,-0.997065,0.767195
primary_strict_point_hn1,2,3498,7498,-0.933459,0.735231
primary_strict_point_hn1,2,3499,7499,-0.703102,0.555522
primary_strict_point_hn1,2,3500,7500,-0.627982,0.68737
primary_strict_point_hn1,2,3501,7501,-0.815936,0.470973
primary_strict_point_hn1,2,3502,7502,-0.780306,0.37367
primary_strict_point_hn1,2,3503,7503,-0.677471,0.401286
primary_strict_point_hn1,2,3504,7504,-0.751553,0.500669
primary_strict_point_hn1,2,3505,7505,-0.537641,0.810715
primary_strict_point_hn1,2,3506,7506,-0.554469,0.378558
primary_strict_point_hn1,2,3507,7507,-0.767782,0.418628
primary_strict_point_hn1,2,3508,7508,-0.53665,0.4774
primary_strict_point_hn1,2,3509,7509,-0.628104,0.55937
primary_strict_point_hn1,2,3510,7510,-0.248321,0.615894
primary_strict_point_hn1,2,3511,7511,-0.312138,0.497553
primary_strict_point_hn1,2,3512,7512,-0.453597,0.493872
primary_strict_point_hn1,2,3513,7513,-0.344409,0.672832
primary_strict_point_hn1,2,3514,7514,-0.753871,0.584402
primary_strict_point_hn1,2,3515,7515,-0.639226,0.593668
primary_strict_point_hn1,2,3516,7516,-0.413933,0.518399
primary_strict_point_hn1,2,3517,7517,-0.820117,0.677444
primary_strict_point_hn1,2,3518,7518,-0.527406,0.573008
primary_strict_point_hn1,2,3519,7519,-0.662399,0.413309
primary_strict_point_hn1,2,3520,7520,-0.763517,0.488846
primary_strict_point_hn1,2,3521,7521,-0.845288,0.456151
primary_strict_point_hn1,2,3522,7522,-1.01658,0.538267
primary_strict_point_hn1,2,3523,7523,-1.07303,0.583315
primary_strict_point_hn1,2,3524,7524,-1.03643,0.552921
primary_strict_point_hn1,2,3525,7525,-1.13491,1.08222
primary_strict_point_hn1,2,3526,7526,-1.01255,0.41596
primary_strict_point_hn1,2,3527,7527,-0.584032,1.09054
primary_strict_point_hn1,2,3528,7528,-0.622918,0.88079
primary_strict_point_hn1,2,3529,7529,-0.769637,0.775709
primary_strict_point_hn1,2,3530,7530,-0.836448,0.551256
primary_strict_point_hn1,2,3531,7531,-0.699377,0.575004
primary_strict_point_hn1,2,3532,7532,-0.308991,0.75968
primary_strict_point_hn1,2,3533,7533,-0.467007,0.706603
primary_strict_point_hn1,2,3534,7534,-0.471214,0.714006
primary_strict_point_hn1,2,3535,7535,-0.497344,0.470647
primary_strict_point_hn1,2,3536,7536,-0.952715,0.681095
primary_strict_point_hn1,2,3537,7537,-0.888884,0.608304
primary_strict_point_hn1,2,3538,7538,-0.813741,0.541367
primary_strict_point_hn1,2,3539,7539,-0.878561,0.519052
primary_strict_point_hn1,2,3540,7540,-1.71118,0.892333
primary_strict_point_hn1,2,3541,7541,-1.48155,1.24733
primary_strict_point_hn1,2,3542,7542,-1.39181,1.13165
primary_strict_point_hn1,2,3543,7543,-1.11094,0.673435
primary_strict_point_hn1,2,3544,7544,-1.1365,0.852461
primary_strict_point_hn1,2,3545,7545,-0.858752,0.493091
primary_strict_point_hn1,2,3546,7546,-0.80399,0.845164
primary_strict_point_hn1,2,3547,7547,-0.704704,1.0339
primary_strict_point_hn1,2,3548,7548,-0.658895,0.879206
primary_strict_point_hn1,2,3549,7549,-0.580998,0.99983
primary_strict_point_hn1,2,3550,7550,-0.672234,0.972632
primary_strict_point_hn1,2,3551,7551,-1.2582,0.905507
primary_strict_point_hn1,2,3552,7552,-1.23415,0.831216
primary_strict_point_hn1,2,3553,7553,-1.12163,0.746584
primary_strict_point_hn1,2,3554,7554,0.0121976,0.917074
primary_strict_point_hn1,2,3555,7555,-0.248219,0.871136
primary_strict_point_hn1,2,3556,7556,-0.368081,0.530437
primary_strict_point_hn1,2,3557,7557,-0.629827,0.481398
primary_strict_point_hn1,2,3558,7558,-0.82977,0.761606
primary_strict_point_hn1,2,3559,7559,-0.766762,0.741092
primary_strict_point_hn1,2,3560,7560,-0.814392,0.73787
primary_strict_point_hn1,2,3561,7561,-0.839189,0.736304
primary_strict_point_hn1,2,3562,7562,-0.979256,0.579962
primary_strict_point_hn1,2,3563,7563,-0.779354,0.794577
primary_strict_point_hn1,2,3564,7564,-0.502258,0.708861
primary_strict_point_hn1,2,3565,7565,-0.514173,0.590158
primary_strict_point_hn1,2,3566,7566,-0.588779,0.4144
primary_strict_point_hn1,2,3567,7567,-0.703726,0.611093
primary_strict_point_hn1,2,3568,7568,-0.563837,0.684426
primary_strict_point_hn1,2,3569,7569,-0.780174,0.452138
primary_strict_point_hn1,2,3570,7570,-0.722826,0.551608
primary_strict_point_hn1,2,3571,7571,-0.494487,0.499376
primary_strict_point_hn1,2,3572,7572,-0.448336,0.443475
primary_strict_point_hn1,2,3573,7573,-0.414495,0.440301
primary_strict_point_hn1,2,3574,7574,-0.586597,0.611233
primary_strict_point_hn1,2,3575,7575,-0.520411,0.425323
primary_strict_point_hn1,2,3576,7576,-0.920124,0.500915
primary_strict_point_hn1,2,3577,7577,-0.740446,0.351818
primary_strict_point_hn1,2,3578,7578,-0.567654,0.405975
primary_strict_point_hn1,2,3579,7579,-0.583075,0.509169
primary_strict_point_hn1,2,3580,7580,-0.602647,0.453887
primary_strict_point_hn1,2,3581,7581,-0.519445,0.319675
primary_strict_point_hn1,2,3582,7582,-0.515638,0.345525
primary_strict_point_hn1,2,3583,7583,-0.924984,0.410593
primary_strict_point_hn1,2,3584,7584,-0.778179,0.513447
primary_strict_point_hn1,2,3585,7585,-0.815971,0.650047
primary_strict_point_hn1,2,3586,7586,-0.334607,0.48061
primary_strict_point_hn1,2,3587,7587,-0.316079,0.676082
primary_strict_point_hn1,2,3588,7588,-0.430582,0.547192
primary_strict_point_hn1,2,3589,7589,-0.549705,0.59399
primary_strict_point_hn1,2,3590,7590,-0.468692,0.648678
primary_strict_point_hn1,2,3591,7591,-0.477827,0.655978
primary_strict_point_hn1,2,3592,7592,-0.621257,0.649153
primary_strict_point_hn1,2,3593,7593,-0.588891,0.846639
primary_strict_point_hn1,2,3594,7594,-0.650707,0.704442
primary_strict_point_hn1,2,3595,7595,-0.603254,0.814277
primary_strict_point_hn1,2,3596,7596,-0.675373,0.687856
primary_strict_point_hn1,2,3597,7597,-0.478582,0.682162
primary_strict_point_hn1,2,3598,7598,-0.56773,0.540651
primary_strict_point_hn1,2,3599,7599,-0.51867,0.480888
primary_strict_point_hn1,2,3600,7600,-0.320514,0.748556
primary_strict_point_hn1,2,3601,7601,-0.440405,0.55017
primary_strict_point_hn1,2,3602,7602,-0.675082,0.518764
primary_strict_point_hn1,2,3603,7603,-0.59148,0.541593
primary_strict_point_hn1,2,3604,7604,-0.861941,0.370589
primary_strict_point_hn1,2,3605,7605,-0.751822,0.499088
primary_strict_point_hn1,2,3606,7606,-0.722056,0.494318
primary_strict_point_hn1,2,3607,7607,-0.631263,0.481187
primary_strict_point_hn1,2,3608,7608,-0.448228,0.53179
primary_strict_point_hn1,2,3609,7609,-0.655606,0.580532
primary_strict_point_hn1,2,3610,7610,-0.652265,0.453452
primary_strict_point_hn1,2,3611,7611,-0.724078,0.488068
primary_strict_point_hn1,2,3612,7612,-0.549764,0.674553
primary_strict_point_hn1,2,3613,7613,-0.831427,0.595003
primary_strict_point_hn1,2,3614,7614,-0.673282,0.484574
primary_strict_point_hn1,2,3615,7615,-0.571856,0.505475
primary_strict_point_hn1,2,3616,7616,-0.423693,0.693334
primary_strict_point_hn1,2,3617,7617,-0.437617,0.700363
primary_strict_point_hn1,2,3618,7618,-0.691536,0.594286
primary_strict_point_hn1,2,3619,7619,-0.55843,0.410675
primary_strict_point_hn1,2,3620,7620,-0.361424,0.465917
primary_strict_point_hn1,2,3621,7621,-0.412259,0.450246
primary_strict_point_hn1,2,3622,7622,-0.618453,1.0959700000000001
primary_strict_point_hn1,2,3623,7623,-0.707955,0.96053
primary_strict_point_hn1,2,3624,7624,-0.714488,1.0076
primary_strict_point_hn1,2,3625,7625,-0.534779,0.309759
primary_strict_point_hn1,2,3626,7626,-0.547594,0.682886
primary_strict_point_hn1,2,3627,7627,-0.414204,0.834379
primary_strict_point_hn1,2,3628,7628,-0.47718,0.798174
primary_strict_point_hn1,2,3629,7629,-0.797644,0.657999
primary_strict_point_hn1,2,3630,7630,-1.01592,0.729538
primary_strict_point_hn1,2,3631,7631,-0.993748,0.785818
primary_strict_point_hn1,2,3632,7632,-0.798611,0.457318
primary_strict_point_hn1,2,3633,7633,-0.413209,0.8178
primary_strict_point_hn1,2,3634,7634,-0.469206,0.933199
primary_strict_point_hn1,2,3635,7635,-0.624935,0.638605
primary_strict_point_hn1,2,3636,7636,-0.679477,0.551249
primary_strict_point_hn1,2,3637,7637,-0.783418,0.443597
primary_strict_point_hn1,2,3638,7638,-0.737377,0.691233
primary_strict_point_hn1,2,3639,7639,-0.801246,0.586063
primary_strict_point_hn1,2,3640,7640,-0.759888,0.578303
primary_strict_point_hn1,2,3641,7641,-0.73607,0.423836
primary_strict_point_hn1,2,3642,7642,-0.69716,0.451854
primary_strict_point_hn1,2,3643,7643,-0.620348,0.479275
primary_strict_point_hn1,2,3644,7644,-0.659974,0.585978
primary_strict_point_hn1,2,3645,7645,-0.500093,0.784116
primary_strict_point_hn1,2,3646,7646,-0.643152,0.615378
primary_strict_point_hn1,2,3647,7647,-0.413389,0.741815
primary_strict_point_hn1,2,3648,7648,-0.408585,0.706704
primary_strict_point_hn1,2,3649,7649,-0.565461,0.504803
primary_strict_point_hn1,2,3650,7650,-0.553356,0.58943
primary_strict_point_hn1,2,3651,7651,-0.696639,0.654033
primary_strict_point_hn1,2,3652,7652,-0.63457,0.571799
primary_strict_point_hn1,2,3653,7653,-0.764994,0.63472
primary_strict_point_hn1,2,3654,7654,-0.664714,0.492569
primary_strict_point_hn1,2,3655,7655,-0.499793,0.63343
primary_strict_point_hn1,2,3656,7656,-0.162197,0.722915
primary_strict_point_hn1,2,3657,7657,-0.135002,0.812124
primary_strict_point_hn1,2,3658,7658,-0.567195,0.443281
primary_strict_point_hn1,2,3659,7659,-0.479294,0.699373
primary_strict_point_hn1,2,3660,7660,-0.624176,0.504734
primary_strict_point_hn1,2,3661,7661,-0.559138,0.452093
primary_strict_point_hn1,2,3662,7662,-0.646877,0.444409
primary_strict_point_hn1,2,3663,7663,-0.567297,0.493044
primary_strict_point_hn1,2,3664,7664,-0.719657,0.367639
primary_strict_point_hn1,2,3665,7665,-0.661235,0.493196
primary_strict_point_hn1,2,3666,7666,-0.671648,0.488083
primary_strict_point_hn1,2,3667,7667,-0.7137,0.43016
primary_strict_point_hn1,2,3668,7668,-0.714488,0.572327
primary_strict_point_hn1,2,3669,7669,-0.7826,0.40877
primary_strict_point_hn1,2,3670,7670,-0.721145,0.480651
primary_strict_point_hn1,2,3671,7671,-0.860421,0.867253
primary_strict_point_hn1,2,3672,7672,-0.755602,0.854539
primary_strict_point_hn1,2,3673,7673,-0.670811,0.558106
primary_strict_point_hn1,2,3674,7674,-0.903156,0.80751
primary_strict_point_hn1,2,3675,7675,-0.540615,0.456202
primary_strict_point_hn1,2,3676,7676,-0.440029,0.52643
primary_strict_point_hn1,2,3677,7677,-0.370851,0.697195
primary_strict_point_hn1,2,3678,7678,-0.349824,0.873042
primary_strict_point_hn1,2,3679,7679,-0.773849,0.885267
primary_strict_point_hn1,2,3680,7680,-0.478826,0.696562
primary_strict_point_hn1,2,3681,7681,-0.37688,0.640455
primary_strict_point_hn1,2,3682,7682,-0.567492,0.399882
primary_strict_point_hn1,2,3683,7683,-0.664059,0.581745
primary_strict_point_hn1,2,3684,7684,-0.544681,0.526078
primary_strict_point_hn1,2,3685,7685,-0.640944,0.574036
primary_strict_point_hn1,2,3686,7686,-0.365453,0.609732
primary_strict_point_hn1,2,3687,7687,-0.74549,0.86884
primary_strict_point_hn1,2,3688,7688,-0.697368,0.539668
primary_strict_point_hn1,2,3689,7689,-0.6763,0.693985
primary_strict_point_hn1,2,3690,7690,-0.817973,0.605745
primary_strict_point_hn1,2,3691,7691,-0.802494,0.601737
primary_strict_point_hn1,2,3692,7692,-0.733423,0.782366
primary_strict_point_hn1,2,3693,7693,-0.729368,0.905684
primary_strict_point_hn1,2,3694,7694,-0.725676,0.887814
primary_strict_point_hn1,2,3695,7695,-0.780782,0.785631
primary_strict_point_hn1,2,3696,7696,-0.544621,0.627857
primary_strict_point_hn1,2,3697,7697,-0.556117,0.611923
primary_strict_point_hn1,2,3698,7698,-0.705981,0.703517
primary_strict_point_hn1,2,3699,7699,-0.693558,0.616687
primary_strict_point_hn1,2,3700,7700,-0.683507,0.611202
primary_strict_point_hn1,2,3701,7701,-0.82247,0.865248
primary_strict_point_hn1,2,3702,7702,-0.544804,0.921321
primary_strict_point_hn1,2,3703,7703,-0.8061,1.0126
primary_strict_point_hn1,2,3704,7704,-0.566692,0.64409400000000006
primary_strict_point_hn1,2,3705,7705,-0.779881,0.534066
primary_strict_point_hn1,2,3706,7706,-0.82362899999999994,0.41378
primary_strict_point_hn1,2,3707,7707,-1.02693,0.563385
primary_strict_point_hn1,2,3708,7708,-0.84064,0.593181
primary_strict_point_hn1,2,3709,7709,-1.00191,0.570872
primary_strict_point_hn1,2,3710,7710,-0.937749,0.612968
primary_strict_point_hn1,2,3711,7711,-1.07458,0.549917
primary_strict_point_hn1,2,3712,7712,-0.950612,0.49325
primary_strict_point_hn1,2,3713,7713,-0.867705,0.608747
primary_strict_point_hn1,2,3714,7714,-1.0036,1.28999
primary_strict_point_hn1,2,3715,7715,-0.940067,1.3436
primary_strict_point_hn1,2,3716,7716,-1.09076,0.735029
primary_strict_point_hn1,2,3717,7717,-0.77827,0.74515
primary_strict_point_hn1,2,3718,7718,-0.872115,0.467212
primary_strict_point_hn1,2,3719,7719,-0.851757,0.517137
primary_strict_point_hn1,2,3720,7720,-0.886521,0.641639
primary_strict_point_hn1,2,3721,7721,-0.752575,0.544207
primary_strict_point_hn1,2,3722,7722,-0.899247,0.839168
primary_strict_point_hn1,2,3723,7723,-0.760336,0.533308
primary_strict_point_hn1,2,3724,7724,-0.618182,0.639802
primary_strict_point_hn1,2,3725,7725,-0.79399,0.58156
primary_strict_point_hn1,2,3726,7726,-0.880514,0.61343
primary_strict_point_hn1,2,3727,7727,-0.797513,0.520234
primary_strict_point_hn1,2,3728,7728,-0.924999,0.496842
primary_strict_point_hn1,2,3729,7729,-0.859962,0.461748
primary_strict_point_hn1,2,3730,7730,-0.868237,0.489695
primary_strict_point_hn1,2,3731,7731,-0.833269,0.365006
primary_strict_point_hn1,2,3732,7732,-0.695752,0.478293
primary_strict_point_hn1,2,3733,7733,-0.693782,0.599412
primary_strict_point_hn1,2,3734,7734,-0.847182,0.814319
primary_strict_point_hn1,2,3735,7735,-0.778424,0.943504
primary_strict_point_hn1,2,3736,7736,-0.784758,0.508745
primary_strict_point_hn1,2,3737,7737,-0.890101,0.572613
primary_strict_point_hn1,2,3738,7738,-0.844557,0.400184
primary_strict_point_hn1,2,3739,7739,-0.821679,0.321172
primary_strict_point_hn1,2,3740,7740,-0.779783,0.35336
primary_strict_point_hn1,2,3741,7741,-0.640431,0.433903
primary_strict_point_hn1,2,3742,7742,-0.691953,0.539727
primary_strict_point_hn1,2,3743,7743,-0.771034,0.595033
primary_strict_point_hn1,2,3744,7744,-0.676712,0.618537
primary_strict_point_hn1,2,3745,7745,-0.659235,0.379476
primary_strict_point_hn1,2,3746,7746,-0.793338,0.510965
primary_strict_point_hn1,2,3747,7747,-0.62937,0.483635
primary_strict_point_hn1,2,3748,7748,-0.613372,0.540759
primary_strict_point_hn1,2,3749,7749,-0.516118,0.410442
primary_strict_point_hn1,2,3750,7750,-0.57909,0.525203
primary_strict_point_hn1,2,3751,7751,-0.549799,0.457372
primary_strict_point_hn1,2,3752,7752,-0.665503,0.409209
primary_strict_point_hn1,2,3753,7753,-0.578132,0.272171
primary_strict_point_hn1,2,3754,7754,-0.293083,0.560659
primary_strict_point_hn1,2,3755,7755,-0.399699,0.524215
primary_strict_point_hn1,2,3756,7756,-0.624388,0.431891
primary_strict_point_hn1,2,3757,7757,-0.637177,0.43252
primary_strict_point_hn1,2,3758,7758,-0.557074,0.419509
primary_strict_point_hn1,2,3759,7759,-0.933098,0.401783
primary_strict_point_hn1,2,3760,7760,-0.753609,0.462891
primary_strict_point_hn1,2,3761,7761,-0.963567,0.510164
primary_strict_point_hn1,2,3762,7762,-0.915293,0.488893
primary_strict_point_hn1,2,3763,7763,-0.550223,0.377333
primary_strict_point_hn1,2,3764,7764,-0.578307,0.456586
primary_strict_point_hn1,2,3765,7765,-0.662138,0.475273
primary_strict_point_hn1,2,3766,7766,-0.671401,0.65924
primary_strict_point_hn1,2,3767,7767,-0.940345,0.727023
primary_strict_point_hn1,2,3768,7768,-0.965902,0.716619
primary_strict_point_hn1,2,3769,7769,-0.646147,0.668046
primary_strict_point_hn1,2,3770,7770,-0.680283,0.638187
primary_strict_point_hn1,2,3771,7771,-0.794604,0.380403
primary_strict_point_hn1,2,3772,7772,-0.799129,0.334468
primary_strict_point_hn1,2,3773,7773,-0.849359,0.7668
primary_strict_point_hn1,2,3774,7774,-0.957226,0.786069
primary_strict_point_hn1,2,3775,7775,-0.917017,0.683546
primary_strict_point_hn1,2,3776,7776,-0.873671,0.668676
primary_strict_point_hn1,2,3777,7777,-0.877371,0.960149
primary_strict_point_hn1,2,3778,7778,-0.984985,0.633606
primary_strict_point_hn1,2,3779,7779,-0.96097,0.718605
primary_strict_point_hn1,2,3780,7780,-0.729852,0.441202
primary_strict_point_hn1,2,3781,7781,-0.743091,0.351661
primary_strict_point_hn1,2,3782,7782,-0.840204,0.383624
primary_strict_point_hn1,2,3783,7783,-0.941031,0.371322
primary_strict_point_hn1,2,3784,7784,-0.719692,0.447063
primary_strict_point_hn1,2,3785,7785,-0.839122,0.575782
primary_strict_point_hn1,2,3786,7786,-0.606954,0.400833
primary_strict_point_hn1,2,3787,7787,-0.534953,0.406001
primary_strict_point_hn1,2,3788,7788,-0.626753,0.376792
primary_strict_point_hn1,2,3789,7789,-0.877934,0.441439
primary_strict_point_hn1,2,3790,7790,-0.894174,0.523574
primary_strict_point_hn1,2,3791,7791,-0.538637,0.333187
primary_strict_point_hn1,2,3792,7792,-0.657449,0.521674
primary_strict_point_hn1,2,3793,7793,-0.496324,0.831378
primary_strict_point_hn1,2,3794,7794,-0.476699,0.451328
primary_strict_point_hn1,2,3795,7795,-0.543211,0.855853
primary_strict_point_hn1,2,3796,7796,-0.570154,0.697828
primary_strict_point_hn1,2,3797,7797,-0.60226,0.560721
primary_strict_point_hn1,2,3798,7798,-0.453808,0.624578
primary_strict_point_hn1,2,3799,7799,-0.398791,0.618659
primary_strict_point_hn1,2,3800,7800,-0.393273,0.633357
primary_strict_point_hn1,2,3801,7801,-0.384203,0.738618
primary_strict_point_hn1,2,3802,7802,-0.262781,0.554548
primary_strict_point_hn1,2,3803,7803,-0.436612,0.393344
primary_strict_point_hn1,2,3804,7804,-0.369572,0.38169
primary_strict_point_hn1,2,3805,7805,-0.404095,0.318619
primary_strict_point_hn1,2,3806,7806,-0.322496,0.431219
primary_strict_point_hn1,2,3807,7807,-0.456282,0.398248
primary_strict_point_hn1,2,3808,7808,-0.448089,0.569755
primary_strict_point_hn1,2,3809,7809,-0.435583,0.516304
primary_strict_point_hn1,2,3810,7810,-0.508992,0.549489
primary_strict_point_hn1,2,3811,7811,-0.586044,0.608986
primary_strict_point_hn1,2,3812,7812,-0.372648,0.782689
primary_strict_point_hn1,2,3813,7813,-0.359693,0.60434
primary_strict_point_hn1,2,3814,7814,-0.354662,0.576429
primary_strict_point_hn1,2,3815,7815,-0.355789,0.474145
primary_strict_point_hn1,2,3816,7816,-0.717277,0.529367
primary_strict_point_hn1,2,3817,7817,-0.748284,0.489965
primary_strict_point_hn1,2,3818,7818,-0.625097,0.496172
primary_strict_point_hn1,2,3819,7819,-0.690456,0.350459
primary_strict_point_hn1,2,3820,7820,-0.747562,0.496468
primary_strict_point_hn1,2,3821,7821,-0.968738,0.530046
primary_strict_point_hn1,2,3822,7822,-1.05446,0.395942
primary_strict_point_hn1,2,3823,7823,-1.09433,0.642927
primary_strict_point_hn1,2,3824,7824,-0.657844,0.479731
primary_strict_point_hn1,2,3825,7825,-0.869488,0.516176
primary_strict_point_hn1,2,3826,7826,-0.823261,0.593051
primary_strict_point_hn1,2,3827,7827,-0.803586,0.662714
primary_strict_point_hn1,2,3828,7828,-0.857944,0.65829
primary_strict_point_hn1,2,3829,7829,-0.867778,0.678449
primary_strict_point_hn1,2,3830,7830,-0.900929,0.455351
primary_strict_point_hn1,2,3831,7831,-1.04855,0.651353
primary_strict_point_hn1,2,3832,7832,-0.509387,0.676289
primary_strict_point_hn1,2,3833,7833,-0.276437,0.686747
primary_strict_point_hn1,2,3834,7834,-0.436443,0.638684
primary_strict_point_hn1,2,3835,7835,-0.503368,0.474258
primary_strict_point_hn1,2,3836,7836,-0.684802,0.443705
primary_strict_point_hn1,2,3837,7837,-0.742142,0.499176
primary_strict_point_hn1,2,3838,7838,-0.575704,0.461991
primary_strict_point_hn1,2,3839,7839,-0.552329,0.422239
primary_strict_point_hn1,2,3840,7840,-0.59235,0.61852
primary_strict_point_hn1,2,3841,7841,-0.626521,1.00802
primary_strict_point_hn1,2,3842,7842,-0.684307,0.556732
primary_strict_point_hn1,2,3843,7843,-0.480318,0.655728
primary_strict_point_hn1,2,3844,7844,-0.526356,0.797579
primary_strict_point_hn1,2,3845,7845,-0.440539,0.87621
primary_strict_point_hn1,2,3846,7846,-0.340803,0.715685
primary_strict_point_hn1,2,3847,7847,-0.791395,0.589499
primary_strict_point_hn1,2,3848,7848,-0.718931,0.561369
primary_strict_point_hn1,2,3849,7849,-0.503115,0.531434
primary_strict_point_hn1,2,3850,7850,-0.453145,0.597049
primary_strict_point_hn1,2,3851,7851,-0.558445,0.559365
primary_strict_point_hn1,2,3852,7852,-0.63984,0.484674
primary_strict_point_hn1,2,3853,7853,-0.565927,0.379606
primary_strict_point_hn1,2,3854,7854,-0.574518,0.65673
primary_strict_point_hn1,2,3855,7855,-0.439364,0.725308
primary_strict_point_hn1,2,3856,7856,-0.697224,0.550081
primary_strict_point_hn1,2,3857,7857,-0.672452,0.726437
primary_strict_point_hn1,2,3858,7858,-0.658775,0.424549
primary_strict_point_hn1,2,3859,7859,-0.658445,0.410108
primary_strict_point_hn1,2,3860,7860,-0.740926,0.494522
primary_strict_point_hn1,2,3861,7861,-0.616142,0.512804
primary_strict_point_hn1,2,3862,7862,-0.550497,0.504634
primary_strict_point_hn1,2,3863,7863,-0.641152,0.307497
primary_strict_point_hn1,2,3864,7864,-0.75965800000000006,0.765674
primary_strict_point_hn1,2,3865,7865,-0.901161,0.85379
primary_strict_point_hn1,2,3866,7866,-0.7601,0.782088
primary_strict_point_hn1,2,3867,7867,-0.39156,0.525767
primary_strict_point_hn1,2,3868,7868,-0.608304,0.454087
primary_strict_point_hn1,2,3869,7869,-0.695101,0.408322
primary_strict_point_hn1,2,3870,7870,-0.754502,0.654138
primary_strict_point_hn1,2,3871,7871,-0.831633,0.552214
primary_strict_point_hn1,2,3872,7872,-0.772887,0.626391
primary_strict_point_hn1,2,3873,7873,-0.575782,0.83334
primary_strict_point_hn1,2,3874,7874,-0.286831,0.983951
primary_strict_point_hn1,2,3875,7875,-0.388818,0.937614
primary_strict_point_hn1,2,3876,7876,-0.330467,0.903326
primary_strict_point_hn1,2,3877,7877,-0.461832,0.935123
primary_strict_point_hn1,2,3878,7878,-0.49642,0.772286
primary_strict_point_hn1,2,3879,7879,-0.624,0.560884
primary_strict_point_hn1,2,3880,7880,-0.675736,0.601052
primary_strict_point_hn1,2,3881,7881,-0.687684,0.831746
primary_strict_point_hn1,2,3882,7882,-0.68183,0.653913
primary_strict_point_hn1,2,3883,7883,-0.717318,0.507692
primary_strict_point_hn1,2,3884,7884,-0.809043,0.609435
primary_strict_point_hn1,2,3885,7885,-0.85022,0.460339
primary_strict_point_hn1,2,3886,7886,-0.805255,0.464921
primary_strict_point_hn1,2,3887,7887,-0.742708,0.509137
primary_strict_point_hn1,2,3888,7888,-0.386587,0.474093
primary_strict_point_hn1,2,3889,7889,-0.288527,0.50641099999999994
primary_strict_point_hn1,2,3890,7890,-0.387047,0.517236
primary_strict_point_hn1,2,3891,7891,0.0246768,0.84243
primary_strict_point_hn1,2,3892,7892,-0.218141,0.550915
primary_strict_point_hn1,2,3893,7893,-0.152507,0.605017
primary_strict_point_hn1,2,3894,7894,-0.624797,0.69134
primary_strict_point_hn1,2,3895,7895,-0.994995,0.649588
primary_strict_point_hn1,2,3896,7896,-0.919814,0.418698
primary_strict_point_hn1,2,3897,7897,-0.773849,0.607152
primary_strict_point_hn1,2,3898,7898,-0.356858,0.77266
primary_strict_point_hn1,2,3899,7899,-0.141427,0.740062
primary_strict_point_hn1,2,3900,7900,-0.139065,0.676861
primary_strict_point_hn1,2,3901,7901,-0.32156,0.504695
primary_strict_point_hn1,2,3902,7902,-0.379941,0.673558
primary_strict_point_hn1,2,3903,7903,-0.465089,0.610397
primary_strict_point_hn1,2,3904,7904,-0.552919,0.613803
primary_strict_point_hn1,2,3905,7905,-0.556932,0.642836
primary_strict_point_hn1,2,3906,7906,-0.549798,0.506107
primary_strict_point_hn1,2,3907,7907,-0.475837,0.592397
primary_strict_point_hn1,2,3908,7908,-0.411706,0.562266
primary_strict_point_hn1,2,3909,7909,-0.741939,0.364086
primary_strict_point_hn1,2,3910,7910,-0.808668,0.427993
primary_strict_point_hn1,2,3911,7911,-0.832458,0.536094
primary_strict_point_hn1,2,3912,7912,-0.633446,0.605657
primary_strict_point_hn1,2,3913,7913,-0.589616,0.590448
primary_strict_point_hn1,2,3914,7914,-0.740378,0.486377
primary_strict_point_hn1,2,3915,7915,-0.492069,0.544553
primary_strict_point_hn1,2,3916,7916,-0.741584,0.639101
primary_strict_point_hn1,2,3917,7917,-0.696617,0.676422
primary_strict_point_hn1,2,3918,7918,-0.689482,0.580762
primary_strict_point_hn1,2,3919,7919,-0.67355,0.592009
primary_strict_point_hn1,2,3920,7920,-0.674452,0.627252
primary_strict_point_hn1,2,3921,7921,-0.81273,0.351755
primary_strict_point_hn1,2,3922,7922,-0.705269,0.658948
primary_strict_point_hn1,2,3923,7923,-0.698777,0.645969
primary_strict_point_hn1,2,3924,7924,-0.948585,0.466867
primary_strict_point_hn1,2,3925,7925,-0.834558,0.440774
primary_strict_point_hn1,2,3926,7926,-0.841239,0.753451
primary_strict_point_hn1,2,3927,7927,-0.73145,0.531367
primary_strict_point_hn1,2,3928,7928,-0.596228,0.434814
primary_strict_point_hn1,2,3929,7929,-0.615353,0.430841
primary_strict_point_hn1,2,3930,7930,-0.885944,0.41509
primary_strict_point_hn1,2,3931,7931,-0.738557,0.569419
primary_strict_point_hn1,2,3932,7932,-0.509058,0.540764
primary_strict_point_hn1,2,3933,7933,-0.805078,0.586438
primary_strict_point_hn1,2,3934,7934,-0.818753,0.648082
primary_strict_point_hn1,2,3935,7935,-0.6228,0.365233
primary_strict_point_hn1,2,3936,7936,-0.731341,0.52532
primary_strict_point_hn1,2,3937,7937,-0.609891,0.721619
primary_strict_point_hn1,2,3938,7938,-1.04355,0.932177
primary_strict_point_hn1,2,3939,7939,-1.08648,0.862469
primary_strict_point_hn1,2,3940,7940,-0.828434,0.590577
primary_strict_point_hn1,2,3941,7941,-0.793204,0.473849
primary_strict_point_hn1,2,3942,7942,-0.443683,0.508933
primary_strict_point_hn1,2,3943,7943,-0.474963,0.593521
primary_strict_point_hn1,2,3944,7944,-0.345515,0.739323
primary_strict_point_hn1,2,3945,7945,-0.640012,0.573096
primary_strict_point_hn1,2,3946,7946,-0.628393,0.603069
primary_strict_point_hn1,2,3947,7947,-0.401542,0.645848
primary_strict_point_hn1,2,3948,7948,-0.522317,0.64158
primary_strict_point_hn1,2,3949,7949,-0.492779,0.489175
primary_strict_point_hn1,2,3950,7950,-0.266752,0.560668
primary_strict_point_hn1,2,3951,7951,-0.494002,0.807774
primary_strict_point_hn1,2,3952,7952,-0.412964,0.882072
primary_strict_point_hn1,2,3953,7953,-0.463243,0.901869
primary_strict_point_hn1,2,3954,7954,-0.48109,0.687835
primary_strict_point_hn1,2,3955,7955,-0.470248,0.57365
primary_strict_point_hn1,2,3956,7956,-0.641098,0.394882
primary_strict_point_hn1,2,3957,7957,-0.529321,0.537681
primary_strict_point_hn1,2,3958,7958,-0.554661,0.617535
primary_strict_point_hn1,2,3959,7959,-0.528304,0.622977
primary_strict_point_hn1,2,3960,7960,-0.630782,0.410323
primary_strict_point_hn1,2,3961,7961,-0.719792,0.435921
primary_strict_point_hn1,2,3962,7962,-0.574146,0.411818
primary_strict_point_hn1,2,3963,7963,-0.576344,0.384084
primary_strict_point_hn1,2,3964,7964,-0.643038,0.476517
primary_strict_point_hn1,2,3965,7965,-0.526541,0.337944
primary_strict_point_hn1,2,3966,7966,-0.624419,0.382813
primary_strict_point_hn1,2,3967,7967,-0.54015,0.299216
primary_strict_point_hn1,2,3968,7968,-0.852739,0.471641
primary_strict_point_hn1,2,3969,7969,-0.479785,0.482142
primary_strict_point_hn1,2,3970,7970,-0.475109,0.489939
primary_strict_point_hn1,2,3971,7971,-0.479617,0.489837
primary_strict_point_hn1,2,3972,7972,-0.539717,0.43068
primary_strict_point_hn1,2,3973,7973,-0.547725,0.468296
primary_strict_point_hn1,2,3974,7974,-0.539872,0.540414
primary_strict_point_hn1,2,3975,7975,-0.559714,0.57827
primary_strict_point_hn1,2,3976,7976,-0.592624,0.646771
primary_strict_point_hn1,2,3977,7977,-0.488028,0.710459
primary_strict_point_hn1,2,3978,7978,-0.364396,0.689008
primary_strict_point_hn1,2,3979,7979,-0.520893,1.13794
primary_strict_point_hn1,2,3980,7980,-0.416557,1.25746
primary_strict_point_hn1,2,3981,7981,-0.580996,0.977149
primary_strict_point_hn1,2,3982,7982,-0.502501,0.874303
primary_strict_point_hn1,2,3983,7983,-0.656585,0.809846
primary_strict_point_hn1,2,3984,7984,-0.808876,0.94793
primary_strict_point_hn1,2,3985,7985,-0.899802,0.615217
primary_strict_point_hn1,2,3986,7986,-0.840004,0.455706
primary_strict_point_hn1,2,3987,7987,-0.615685,0.722703
primary_strict_point_hn1,2,3988,7988,-0.783474,0.500149
primary_strict_point_hn1,2,3989,7989,-0.853221,0.521531
primary_strict_point_hn1,2,3990,7990,-0.530142,0.832975
primary_strict_point_hn1,2,3991,7991,-0.713895,0.445975
primary_strict_point_hn1,2,3992,7992,-0.548331,0.481534
primary_strict_point_hn1,2,3993,7993,-0.601477,0.51338
primary_strict_point_hn1,2,3994,7994,-0.78416,0.648596
primary_strict_point_hn1,2,3995,7995,-0.614785,0.595017
primary_strict_point_hn1,2,3996,7996,-0.640689,0.805748
primary_strict_point_hn1,2,3997,7997,-0.795274,0.594015
primary_strict_point_hn1,2,3998,7998,-0.711309,0.801396
primary_strict_point_hn1,2,3999,7999,-0.348708,0.599513
primary_strict_point_hn1,2,4000,8000,-0.409218,0.503105
primary_strict_point_hn1,3,1,8001,-0.657121,0.82503
primary_strict_point_hn1,3,2,8002,-0.601654,0.751659
primary_strict_point_hn1,3,3,8003,-0.596255,0.664109
primary_strict_point_hn1,3,4,8004,-0.400866,0.543807
primary_strict_point_hn1,3,5,8005,-0.700429,0.713189
primary_strict_point_hn1,3,6,8006,-0.623938,0.520981
primary_strict_point_hn1,3,7,8007,-0.50853,0.46053
primary_strict_point_hn1,3,8,8008,-0.541144,0.449546
primary_strict_point_hn1,3,9,8009,-0.705151,0.442777
primary_strict_point_hn1,3,10,8010,-0.557842,0.539166
primary_strict_point_hn1,3,11,8011,-0.687036,0.488333
primary_strict_point_hn1,3,12,8012,-0.613711,0.427903
primary_strict_point_hn1,3,13,8013,-0.787381,0.460658
primary_strict_point_hn1,3,14,8014,-0.781226,0.506066
primary_strict_point_hn1,3,15,8015,-0.756849,0.636617
primary_strict_point_hn1,3,16,8016,-0.71558600000000006,0.654736
primary_strict_point_hn1,3,17,8017,-0.856729,0.476062
primary_strict_point_hn1,3,18,8018,-0.910557,0.672451
primary_strict_point_hn1,3,19,8019,-0.93085,0.544156
primary_strict_point_hn1,3,20,8020,-1.09253,0.864318
primary_strict_point_hn1,3,21,8021,-0.999133,0.75913
primary_strict_point_hn1,3,22,8022,-0.635916,0.439426
primary_strict_point_hn1,3,23,8023,-0.513536,0.469245
primary_strict_point_hn1,3,24,8024,-0.643445,0.551605
primary_strict_point_hn1,3,25,8025,-0.444642,0.517848
primary_strict_point_hn1,3,26,8026,-0.458516,0.598497
primary_strict_point_hn1,3,27,8027,-0.424453,0.610834
primary_strict_point_hn1,3,28,8028,-0.356124,0.811245
primary_strict_point_hn1,3,29,8029,-0.499792,0.66796
primary_strict_point_hn1,3,30,8030,-0.448213,0.78571
primary_strict_point_hn1,3,31,8031,-0.45633,0.807735
primary_strict_point_hn1,3,32,8032,-0.423692,0.880653
primary_strict_point_hn1,3,33,8033,-0.478211,0.350991
primary_strict_point_hn1,3,34,8034,-0.441813,0.680935
primary_strict_point_hn1,3,35,8035,-0.684759,0.547415
primary_strict_point_hn1,3,36,8036,-0.634929,0.522255
primary_strict_point_hn1,3,37,8037,-0.410341,0.465024
primary_strict_point_hn1,3,38,8038,-0.452666,0.499901
primary_strict_point_hn1,3,39,8039,-0.578239,0.579113
primary_strict_point_hn1,3,40,8040,-0.505316,0.68193
primary_strict_point_hn1,3,41,8041,-0.439019,0.746296
primary_strict_point_hn1,3,42,8042,-0.649827,0.696255
primary_strict_point_hn1,3,43,8043,-0.60768,0.69263
primary_strict_point_hn1,3,44,8044,-0.604202,0.595496
primary_strict_point_hn1,3,45,8045,-0.680181,0.440304
primary_strict_point_hn1,3,46,8046,-0.395813,0.618915
primary_strict_point_hn1,3,47,8047,-0.421407,0.558763
primary_strict_point_hn1,3,48,8048,-0.396728,0.625828
primary_strict_point_hn1,3,49,8049,-0.450286,0.636357
primary_strict_point_hn1,3,50,8050,-0.497371,0.563476
primary_strict_point_hn1,3,51,8051,-0.576232,0.575976
primary_strict_point_hn1,3,52,8052,-0.764023,0.65353000000000006
primary_strict_point_hn1,3,53,8053,-0.698874,0.644205
primary_strict_point_hn1,3,54,8054,-0.611071,0.646646
primary_strict_point_hn1,3,55,8055,-0.394738,0.464629
primary_strict_point_hn1,3,56,8056,-0.616697,0.381619
primary_strict_point_hn1,3,57,8057,-0.546405,0.439788
primary_strict_point_hn1,3,58,8058,-0.72191,0.564316
primary_strict_point_hn1,3,59,8059,-0.540926,0.60488
primary_strict_point_hn1,3,60,8060,-0.638026,0.550163
primary_strict_point_hn1,3,61,8061,-0.952262,0.578129
primary_strict_point_hn1,3,62,8062,-0.983755,0.63213
primary_strict_point_hn1,3,63,8063,-0.667759,0.686427
primary_strict_point_hn1,3,64,8064,-0.731828,0.454821
primary_strict_point_hn1,3,65,8065,-0.827722,0.504519
primary_strict_point_hn1,3,66,8066,-0.864247,0.770321
primary_strict_point_hn1,3,67,8067,-0.928958,0.75828
primary_strict_point_hn1,3,68,8068,-0.70081,0.681028
primary_strict_point_hn1,3,69,8069,-0.758442,0.59277
primary_strict_point_hn1,3,70,8070,-0.445977,0.546463
primary_strict_point_hn1,3,71,8071,-0.372204,0.404331
primary_strict_point_hn1,3,72,8072,-0.513806,0.430078
primary_strict_point_hn1,3,73,8073,-0.399101,0.611409
primary_strict_point_hn1,3,74,8074,-0.594293,0.415309
primary_strict_point_hn1,3,75,8075,-0.227616,0.587186
primary_strict_point_hn1,3,76,8076,-0.513913,0.696157
primary_strict_point_hn1,3,77,8077,-0.506338,0.644476
primary_strict_point_hn1,3,78,8078,-0.512195,0.570109
primary_strict_point_hn1,3,79,8079,-0.53117,0.722876
primary_strict_point_hn1,3,80,8080,-0.491296,0.645091
primary_strict_point_hn1,3,81,8081,-0.665919,0.517159
primary_strict_point_hn1,3,82,8082,-0.621722,0.346326
primary_strict_point_hn1,3,83,8083,-0.822956,0.489368
primary_strict_point_hn1,3,84,8084,-0.625274,0.5041
primary_strict_point_hn1,3,85,8085,-0.758341,0.516756
primary_strict_point_hn1,3,86,8086,-0.754229,0.490248
primary_strict_point_hn1,3,87,8087,-0.720686,0.506579
primary_strict_point_hn1,3,88,8088,-0.54296,0.492042
primary_strict_point_hn1,3,89,8089,-0.529336,0.477726
primary_strict_point_hn1,3,90,8090,-0.464273,0.48341
primary_strict_point_hn1,3,91,8091,-0.469674,0.494162
primary_strict_point_hn1,3,92,8092,-0.53592,0.482038
primary_strict_point_hn1,3,93,8093,-0.601204,0.686277
primary_strict_point_hn1,3,94,8094,-0.725289,0.630184
primary_strict_point_hn1,3,95,8095,-0.438225,0.554997
primary_strict_point_hn1,3,96,8096,-0.446363,0.725857
primary_strict_point_hn1,3,97,8097,-0.598994,0.581891
primary_strict_point_hn1,3,98,8098,-0.556832,0.523345
primary_strict_point_hn1,3,99,8099,-0.722758,0.52668
primary_strict_point_hn1,3,100,8100,-0.637455,0.497975
primary_strict_point_hn1,3,101,8101,-0.529423,0.37744
primary_strict_point_hn1,3,102,8102,-0.411265,0.61476
primary_strict_point_hn1,3,103,8103,-0.732267,0.501526
primary_strict_point_hn1,3,104,8104,-0.765086,0.518439
primary_strict_point_hn1,3,105,8105,-0.605511,0.665101
primary_strict_point_hn1,3,106,8106,-0.707573,0.616399
primary_strict_point_hn1,3,107,8107,-0.604666,0.521303
primary_strict_point_hn1,3,108,8108,-0.755886,0.719993
primary_strict_point_hn1,3,109,8109,-0.741314,0.744734
primary_strict_point_hn1,3,110,8110,-0.260629,0.889966
primary_strict_point_hn1,3,111,8111,-0.567881,0.459025
primary_strict_point_hn1,3,112,8112,-0.298507,0.563528
primary_strict_point_hn1,3,113,8113,-0.53708,0.689324
primary_strict_point_hn1,3,114,8114,-0.596619,0.687471
primary_strict_point_hn1,3,115,8115,-0.434955,0.785119
primary_strict_point_hn1,3,116,8116,-0.560919,0.61331
primary_strict_point_hn1,3,117,8117,-0.704349,0.514573
primary_strict_point_hn1,3,118,8118,-0.640429,0.400082
primary_strict_point_hn1,3,119,8119,-0.356265,0.703223
primary_strict_point_hn1,3,120,8120,-0.3907,0.491817
primary_strict_point_hn1,3,121,8121,-0.334805,0.484148
primary_strict_point_hn1,3,122,8122,-0.38747,0.52744
primary_strict_point_hn1,3,123,8123,-0.437136,0.557862
primary_strict_point_hn1,3,124,8124,-0.615607,0.449265
primary_strict_point_hn1,3,125,8125,-0.628539,0.692356
primary_strict_point_hn1,3,126,8126,-0.907457,0.702592
primary_strict_point_hn1,3,127,8127,-0.855481,0.747948
primary_strict_point_hn1,3,128,8128,-0.99536500000000006,0.622433
primary_strict_point_hn1,3,129,8129,-0.634968,0.819163
primary_strict_point_hn1,3,130,8130,-0.647238,0.420683
primary_strict_point_hn1,3,131,8131,-0.702625,0.455863
primary_strict_point_hn1,3,132,8132,-0.609218,0.505737
primary_strict_point_hn1,3,133,8133,-0.643313,0.55065
primary_strict_point_hn1,3,134,8134,-0.744857,0.642093
primary_strict_point_hn1,3,135,8135,-0.88043,0.545238
primary_strict_point_hn1,3,136,8136,-0.963378,0.549838
primary_strict_point_hn1,3,137,8137,-0.818415,0.665589
primary_strict_point_hn1,3,138,8138,-0.722766,1.09261
primary_strict_point_hn1,3,139,8139,-1.06762,0.741452
primary_strict_point_hn1,3,140,8140,-0.687342,0.658687
primary_strict_point_hn1,3,141,8141,-0.598937,0.762555
primary_strict_point_hn1,3,142,8142,-0.540168,0.591045
primary_strict_point_hn1,3,143,8143,-0.560419,0.541153
primary_strict_point_hn1,3,144,8144,-0.422172,0.585216
primary_strict_point_hn1,3,145,8145,-0.566596,0.4354
primary_strict_point_hn1,3,146,8146,-0.446269,0.487048
primary_strict_point_hn1,3,147,8147,-0.600441,0.464442
primary_strict_point_hn1,3,148,8148,-0.660012,0.432551
primary_strict_point_hn1,3,149,8149,-0.449284,0.589959
primary_strict_point_hn1,3,150,8150,-0.649867,0.477149
primary_strict_point_hn1,3,151,8151,-0.603828,0.653084
primary_strict_point_hn1,3,152,8152,-0.617316,0.513206
primary_strict_point_hn1,3,153,8153,-0.62998,0.802256
primary_strict_point_hn1,3,154,8154,-0.624677,0.551632
primary_strict_point_hn1,3,155,8155,-0.608179,0.526866
primary_strict_point_hn1,3,156,8156,-0.731387,0.525598
primary_strict_point_hn1,3,157,8157,-0.649055,0.682077
primary_strict_point_hn1,3,158,8158,-0.929894,0.434509
primary_strict_point_hn1,3,159,8159,-0.80019,0.433718
primary_strict_point_hn1,3,160,8160,-0.470585,0.696172
primary_strict_point_hn1,3,161,8161,-0.358303,0.523514
primary_strict_point_hn1,3,162,8162,-0.504462,0.397668
primary_strict_point_hn1,3,163,8163,-0.699217,0.288599
primary_strict_point_hn1,3,164,8164,-0.657603,0.506871
primary_strict_point_hn1,3,165,8165,-0.613946,0.511957
primary_strict_point_hn1,3,166,8166,-0.692507,0.471379
primary_strict_point_hn1,3,167,8167,-0.750511,0.348264
primary_strict_point_hn1,3,168,8168,-0.730088,0.364136
primary_strict_point_hn1,3,169,8169,-0.701014,0.369129
primary_strict_point_hn1,3,170,8170,-0.607132,0.73272
primary_strict_point_hn1,3,171,8171,-0.355391,0.662082
primary_strict_point_hn1,3,172,8172,-0.48139,0.610691
primary_strict_point_hn1,3,173,8173,-0.410934,0.604993
primary_strict_point_hn1,3,174,8174,-0.326925,0.643052
primary_strict_point_hn1,3,175,8175,-0.603784,0.913907
primary_strict_point_hn1,3,176,8176,-0.693631,0.687634
primary_strict_point_hn1,3,177,8177,-0.58769,0.458183
primary_strict_point_hn1,3,178,8178,-0.787506,0.468296
primary_strict_point_hn1,3,179,8179,-0.912792,0.49017
primary_strict_point_hn1,3,180,8180,-0.90782,0.512079
primary_strict_point_hn1,3,181,8181,-0.739303,0.471176
primary_strict_point_hn1,3,182,8182,-0.866407,0.433276
primary_strict_point_hn1,3,183,8183,-0.623509,0.538615
primary_strict_point_hn1,3,184,8184,-0.737377,0.477563
primary_strict_point_hn1,3,185,8185,-0.618258,0.681704
primary_strict_point_hn1,3,186,8186,-0.906405,0.922402
primary_strict_point_hn1,3,187,8187,-0.441079,1.02649
primary_strict_point_hn1,3,188,8188,-0.535876,1.10255
primary_strict_point_hn1,3,189,8189,-0.493467,1.1265
primary_strict_point_hn1,3,190,8190,-0.462109,1.02251
primary_strict_point_hn1,3,191,8191,-0.409787,1.10166
primary_strict_point_hn1,3,192,8192,-0.541213,0.872578
primary_strict_point_hn1,3,193,8193,-0.375975,0.971748
primary_strict_point_hn1,3,194,8194,-0.62666,0.79169
primary_strict_point_hn1,3,195,8195,-0.774789,0.832083
primary_strict_point_hn1,3,196,8196,-0.701025,0.809928
primary_strict_point_hn1,3,197,8197,-0.580446,0.753175
primary_strict_point_hn1,3,198,8198,-0.623029,0.749329
primary_strict_point_hn1,3,199,8199,-0.508435,0.613521
primary_strict_point_hn1,3,200,8200,-0.617232,0.752609
primary_strict_point_hn1,3,201,8201,-0.301974,0.678337
primary_strict_point_hn1,3,202,8202,-0.421381,0.495404
primary_strict_point_hn1,3,203,8203,-0.48279,0.533888
primary_strict_point_hn1,3,204,8204,-0.527967,0.545149
primary_strict_point_hn1,3,205,8205,-0.332205,0.93421
primary_strict_point_hn1,3,206,8206,-0.616594,0.491611
primary_strict_point_hn1,3,207,8207,-0.619902,0.315215
primary_strict_point_hn1,3,208,8208,-0.537179,0.598267
primary_strict_point_hn1,3,209,8209,-0.381888,0.744041
primary_strict_point_hn1,3,210,8210,-0.526129,0.58389
primary_strict_point_hn1,3,211,8211,-0.54895,0.503896
primary_strict_point_hn1,3,212,8212,-0.544209,0.49325599999999997
primary_strict_point_hn1,3,213,8213,-0.600366,0.448872
primary_strict_point_hn1,3,214,8214,-0.354372,0.580455
primary_strict_point_hn1,3,215,8215,-0.551539,0.298932
primary_strict_point_hn1,3,216,8216,-0.366355,0.398538
primary_strict_point_hn1,3,217,8217,-0.375635,0.435202
primary_strict_point_hn1,3,218,8218,-0.174493,0.45444
primary_strict_point_hn1,3,219,8219,-0.439825,0.40623
primary_strict_point_hn1,3,220,8220,-0.445539,0.587288
primary_strict_point_hn1,3,221,8221,-0.465421,0.53756
primary_strict_point_hn1,3,222,8222,-0.709924,0.326465
primary_strict_point_hn1,3,223,8223,-0.591456,0.564434
primary_strict_point_hn1,3,224,8224,-0.708073,0.357979
primary_strict_point_hn1,3,225,8225,-0.767428,0.355748
primary_strict_point_hn1,3,226,8226,-0.720101,0.622199
primary_strict_point_hn1,3,227,8227,-0.676653,0.554182
primary_strict_point_hn1,3,228,8228,-0.497526,0.501303
primary_strict_point_hn1,3,229,8229,-0.567218,0.678503
primary_strict_point_hn1,3,230,8230,-0.660235,0.488268
primary_strict_point_hn1,3,231,8231,-0.545924,0.37634
primary_strict_point_hn1,3,232,8232,-0.768445,0.37142
primary_strict_point_hn1,3,233,8233,-0.729326,0.313786
primary_strict_point_hn1,3,234,8234,-0.554287,0.361717
primary_strict_point_hn1,3,235,8235,-0.756155,0.654158
primary_strict_point_hn1,3,236,8236,-0.516175,0.500828
primary_strict_point_hn1,3,237,8237,-0.568463,0.445424
primary_strict_point_hn1,3,238,8238,-0.644909,0.369862
primary_strict_point_hn1,3,239,8239,-0.825671,0.68211
primary_strict_point_hn1,3,240,8240,-0.713771,0.5696
primary_strict_point_hn1,3,241,8241,-0.697327,0.462112
primary_strict_point_hn1,3,242,8242,-0.748693,0.410437
primary_strict_point_hn1,3,243,8243,-0.763083,0.459637
primary_strict_point_hn1,3,244,8244,-0.895829,0.327123
primary_strict_point_hn1,3,245,8245,-0.869029,0.319599
primary_strict_point_hn1,3,246,8246,-0.883702,0.320585
primary_strict_point_hn1,3,247,8247,-0.730801,0.428085
primary_strict_point_hn1,3,248,8248,-0.73772,0.520564
primary_strict_point_hn1,3,249,8249,-0.771823,0.473751
primary_strict_point_hn1,3,250,8250,-0.756854,0.463319
primary_strict_point_hn1,3,251,8251,-0.819053,0.489238
primary_strict_point_hn1,3,252,8252,-0.789672,0.618795
primary_strict_point_hn1,3,253,8253,-0.606983,0.522863
primary_strict_point_hn1,3,254,8254,-0.51854,0.619607
primary_strict_point_hn1,3,255,8255,-0.666784,0.617712
primary_strict_point_hn1,3,256,8256,-0.678871,0.693533
primary_strict_point_hn1,3,257,8257,-0.708212,0.753216
primary_strict_point_hn1,3,258,8258,-0.607586,0.492609
primary_strict_point_hn1,3,259,8259,-0.742368,0.661288
primary_strict_point_hn1,3,260,8260,-0.719684,0.69154
primary_strict_point_hn1,3,261,8261,-0.702279,0.772666
primary_strict_point_hn1,3,262,8262,-0.759211,0.898557
primary_strict_point_hn1,3,263,8263,-0.754129,0.949259
primary_strict_point_hn1,3,264,8264,-0.880936,1.16476
primary_strict_point_hn1,3,265,8265,-0.966558,1.08331
primary_strict_point_hn1,3,266,8266,-0.755714,0.926457
primary_strict_point_hn1,3,267,8267,-0.7075,0.894079
primary_strict_point_hn1,3,268,8268,-0.660496,0.693146
primary_strict_point_hn1,3,269,8269,-0.851158,0.906319
primary_strict_point_hn1,3,270,8270,-0.851308,1.33393
primary_strict_point_hn1,3,271,8271,-0.879215,1.1061
primary_strict_point_hn1,3,272,8272,-1.00993,1.1421
primary_strict_point_hn1,3,273,8273,-0.707066,0.79751
primary_strict_point_hn1,3,274,8274,-0.947072,0.704563
primary_strict_point_hn1,3,275,8275,-1.03895,0.695015
primary_strict_point_hn1,3,276,8276,-0.692174,0.717624
primary_strict_point_hn1,3,277,8277,-0.693944,0.71184
primary_strict_point_hn1,3,278,8278,-0.483196,0.64939
primary_strict_point_hn1,3,279,8279,-0.485879,0.674958
primary_strict_point_hn1,3,280,8280,-0.52591,0.768388
primary_strict_point_hn1,3,281,8281,-0.685225,0.462159
primary_strict_point_hn1,3,282,8282,-0.851642,0.483178
primary_strict_point_hn1,3,283,8283,-0.789739,0.619452
primary_strict_point_hn1,3,284,8284,-0.592189,0.510434
primary_strict_point_hn1,3,285,8285,-0.684063,0.409823
primary_strict_point_hn1,3,286,8286,-0.518028,0.652177
primary_strict_point_hn1,3,287,8287,-0.668236,0.355238
primary_strict_point_hn1,3,288,8288,-0.288495,0.624454
primary_strict_point_hn1,3,289,8289,-0.436729,0.582208
primary_strict_point_hn1,3,290,8290,-0.456375,0.563956
primary_strict_point_hn1,3,291,8291,-0.53696,0.692559
primary_strict_point_hn1,3,292,8292,-0.581475,0.624565
primary_strict_point_hn1,3,293,8293,-0.51789,0.834634
primary_strict_point_hn1,3,294,8294,-0.581884,0.516965
primary_strict_point_hn1,3,295,8295,-0.576659,0.920291
primary_strict_point_hn1,3,296,8296,-0.73141,0.796595
primary_strict_point_hn1,3,297,8297,-0.496086,0.946273
primary_strict_point_hn1,3,298,8298,-0.547877,0.818459
primary_strict_point_hn1,3,299,8299,-0.516397,0.542071
primary_strict_point_hn1,3,300,8300,-0.63932,0.582963
primary_strict_point_hn1,3,301,8301,-0.842309,0.481221
primary_strict_point_hn1,3,302,8302,-0.673299,0.473434
primary_strict_point_hn1,3,303,8303,-0.745783,0.392769
primary_strict_point_hn1,3,304,8304,-0.829661,0.434344
primary_strict_point_hn1,3,305,8305,-0.792638,0.496301
primary_strict_point_hn1,3,306,8306,-1.03504,0.644893
primary_strict_point_hn1,3,307,8307,-0.96324,0.474951
primary_strict_point_hn1,3,308,8308,-0.693927,0.468159
primary_strict_point_hn1,3,309,8309,-0.603879,0.408253
primary_strict_point_hn1,3,310,8310,-0.666441,0.390689
primary_strict_point_hn1,3,311,8311,-0.581933,0.506334
primary_strict_point_hn1,3,312,8312,-0.71699,0.41905
primary_strict_point_hn1,3,313,8313,-0.827501,0.483782
primary_strict_point_hn1,3,314,8314,-0.76935,0.473969
primary_strict_point_hn1,3,315,8315,-0.661843,0.510194
primary_strict_point_hn1,3,316,8316,-0.536254,0.666921
primary_strict_point_hn1,3,317,8317,-0.548517,0.675611
primary_strict_point_hn1,3,318,8318,-0.636528,0.606619
primary_strict_point_hn1,3,319,8319,-0.300806,0.82048
primary_strict_point_hn1,3,320,8320,-0.689638,0.540411
primary_strict_point_hn1,3,321,8321,-0.621317,0.517015
primary_strict_point_hn1,3,322,8322,-0.510696,0.52514
primary_strict_point_hn1,3,323,8323,-0.450837,0.677478
primary_strict_point_hn1,3,324,8324,-0.473632,0.654825
primary_strict_point_hn1,3,325,8325,-0.521301,0.474595
primary_strict_point_hn1,3,326,8326,-0.342402,0.706427
primary_strict_point_hn1,3,327,8327,-0.481583,0.644114
primary_strict_point_hn1,3,328,8328,-0.453581,0.56653
primary_strict_point_hn1,3,329,8329,-0.403849,0.713253
primary_strict_point_hn1,3,330,8330,-0.518364,0.584411
primary_strict_point_hn1,3,331,8331,-0.58733,0.801706
primary_strict_point_hn1,3,332,8332,-0.716843,0.80469
primary_strict_point_hn1,3,333,8333,-0.648599,0.50346900000000006
primary_strict_point_hn1,3,334,8334,-0.625373,1.01013
primary_strict_point_hn1,3,335,8335,-0.486188,0.332584
primary_strict_point_hn1,3,336,8336,-0.68832,0.480281
primary_strict_point_hn1,3,337,8337,-0.571489,0.576052
primary_strict_point_hn1,3,338,8338,-0.657824,0.427105
primary_strict_point_hn1,3,339,8339,-0.558676,0.545048
primary_strict_point_hn1,3,340,8340,-0.539593,0.50233
primary_strict_point_hn1,3,341,8341,-0.556188,0.509399
primary_strict_point_hn1,3,342,8342,-0.476275,0.515523
primary_strict_point_hn1,3,343,8343,-0.567073,0.614788
primary_strict_point_hn1,3,344,8344,-0.503144,0.439894
primary_strict_point_hn1,3,345,8345,-0.656367,0.427335
primary_strict_point_hn1,3,346,8346,-0.654626,0.632733
primary_strict_point_hn1,3,347,8347,-0.648008,0.637493
primary_strict_point_hn1,3,348,8348,-0.662373,0.41325
primary_strict_point_hn1,3,349,8349,-0.963497,0.484084
primary_strict_point_hn1,3,350,8350,-0.722612,0.466077
primary_strict_point_hn1,3,351,8351,-0.780354,0.562489
primary_strict_point_hn1,3,352,8352,-0.790484,0.470378
primary_strict_point_hn1,3,353,8353,-0.585667,0.588154
primary_strict_point_hn1,3,354,8354,-0.289037,0.577273
primary_strict_point_hn1,3,355,8355,-0.415088,0.502027
primary_strict_point_hn1,3,356,8356,-0.414944,0.542496
primary_strict_point_hn1,3,357,8357,-0.762935,0.598073
primary_strict_point_hn1,3,358,8358,-0.803564,0.538545
primary_strict_point_hn1,3,359,8359,-0.567478,0.620148
primary_strict_point_hn1,3,360,8360,-0.465547,0.310449
primary_strict_point_hn1,3,361,8361,-0.51733,0.314169
primary_strict_point_hn1,3,362,8362,-0.716062,0.373893
primary_strict_point_hn1,3,363,8363,-1.04491,0.529713
primary_strict_point_hn1,3,364,8364,-0.827095,0.524527
primary_strict_point_hn1,3,365,8365,-0.856116,0.529834
primary_strict_point_hn1,3,366,8366,-0.782428,0.511822
primary_strict_point_hn1,3,367,8367,-0.770364,0.58379
primary_strict_point_hn1,3,368,8368,-0.84852,0.520959
primary_strict_point_hn1,3,369,8369,-0.92496,0.519818
primary_strict_point_hn1,3,370,8370,-0.715433,0.351655
primary_strict_point_hn1,3,371,8371,-0.762811,0.658861
primary_strict_point_hn1,3,372,8372,-0.749816,0.692673
primary_strict_point_hn1,3,373,8373,-0.883155,0.71177
primary_strict_point_hn1,3,374,8374,-0.747776,0.654317
primary_strict_point_hn1,3,375,8375,-0.711849,0.59289
primary_strict_point_hn1,3,376,8376,-0.516522,0.717909
primary_strict_point_hn1,3,377,8377,-0.782282,0.914006
primary_strict_point_hn1,3,378,8378,-0.63787,0.656484
primary_strict_point_hn1,3,379,8379,-0.791874,0.409468
primary_strict_point_hn1,3,380,8380,-0.774665,0.495728
primary_strict_point_hn1,3,381,8381,-0.750439,0.468093
primary_strict_point_hn1,3,382,8382,-0.800787,0.60473
primary_strict_point_hn1,3,383,8383,-0.955913,0.545297
primary_strict_point_hn1,3,384,8384,-0.843006,0.518251
primary_strict_point_hn1,3,385,8385,-0.717512,0.59414
primary_strict_point_hn1,3,386,8386,-0.0643831,0.950095
primary_strict_point_hn1,3,387,8387,-0.514434,1.12553
primary_strict_point_hn1,3,388,8388,-0.501326,1.27313
primary_strict_point_hn1,3,389,8389,-0.421186,0.735188
primary_strict_point_hn1,3,390,8390,-0.482672,0.686678
primary_strict_point_hn1,3,391,8391,-0.802783,0.803707
primary_strict_point_hn1,3,392,8392,-0.771736,0.503404
primary_strict_point_hn1,3,393,8393,-0.947583,0.55417400000000006
primary_strict_point_hn1,3,394,8394,-0.749495,0.522694
primary_strict_point_hn1,3,395,8395,-0.765898,0.485226
primary_strict_point_hn1,3,396,8396,-0.69382,0.50377
primary_strict_point_hn1,3,397,8397,-0.691848,0.497234
primary_strict_point_hn1,3,398,8398,-0.648601,0.602922
primary_strict_point_hn1,3,399,8399,-0.617779,0.694251
primary_strict_point_hn1,3,400,8400,-0.715542,0.904653
primary_strict_point_hn1,3,401,8401,-0.242895,0.849913
primary_strict_point_hn1,3,402,8402,-0.212359,0.934435
primary_strict_point_hn1,3,403,8403,-0.278433,0.973324
primary_strict_point_hn1,3,404,8404,-0.842468,0.809182
primary_strict_point_hn1,3,405,8405,-0.750012,0.800141
primary_strict_point_hn1,3,406,8406,-0.822421,0.747828
primary_strict_point_hn1,3,407,8407,-0.832145,0.643257
primary_strict_point_hn1,3,408,8408,-0.82352,0.585016
primary_strict_point_hn1,3,409,8409,-0.766175,0.625117
primary_strict_point_hn1,3,410,8410,-0.80372,0.422316
primary_strict_point_hn1,3,411,8411,-0.813438,0.898699
primary_strict_point_hn1,3,412,8412,-0.783011,0.917104
primary_strict_point_hn1,3,413,8413,-0.854382,0.8153
primary_strict_point_hn1,3,414,8414,-0.742845,0.83422
primary_strict_point_hn1,3,415,8415,-0.707493,0.931148
primary_strict_point_hn1,3,416,8416,-0.595714,0.427874
primary_strict_point_hn1,3,417,8417,-0.766456,0.458248
primary_strict_point_hn1,3,418,8418,-0.551769,0.387219
primary_strict_point_hn1,3,419,8419,-0.481188,0.364969
primary_strict_point_hn1,3,420,8420,-0.66947,0.436328
primary_strict_point_hn1,3,421,8421,-0.903988,0.740378
primary_strict_point_hn1,3,422,8422,-0.498739,0.479737
primary_strict_point_hn1,3,423,8423,-0.707344,0.406389
primary_strict_point_hn1,3,424,8424,-0.8569,0.437003
primary_strict_point_hn1,3,425,8425,-0.828017,0.742224
primary_strict_point_hn1,3,426,8426,-0.724598,0.40787
primary_strict_point_hn1,3,427,8427,-0.763912,0.371152
primary_strict_point_hn1,3,428,8428,-0.994777,0.485174
primary_strict_point_hn1,3,429,8429,-0.88107,0.631708
primary_strict_point_hn1,3,430,8430,-0.578606,0.569877
primary_strict_point_hn1,3,431,8431,-0.763579,0.679927
primary_strict_point_hn1,3,432,8432,-0.601064,0.665827
primary_strict_point_hn1,3,433,8433,-0.656746,0.569968
primary_strict_point_hn1,3,434,8434,-0.496929,0.643795
primary_strict_point_hn1,3,435,8435,-0.662933,0.585692
primary_strict_point_hn1,3,436,8436,-0.635781,0.515208
primary_strict_point_hn1,3,437,8437,-0.724086,0.765435
primary_strict_point_hn1,3,438,8438,-0.724932,0.844601
primary_strict_point_hn1,3,439,8439,-0.601912,0.742275
primary_strict_point_hn1,3,440,8440,-0.723149,0.794291
primary_strict_point_hn1,3,441,8441,-0.776865,0.784817
primary_strict_point_hn1,3,442,8442,-0.793155,0.917116
primary_strict_point_hn1,3,443,8443,-0.748715,0.78153
primary_strict_point_hn1,3,444,8444,-0.820331,0.749843
primary_strict_point_hn1,3,445,8445,-1.01435,0.840595
primary_strict_point_hn1,3,446,8446,-0.893024,0.890634
primary_strict_point_hn1,3,447,8447,-1.00658,1.02437
primary_strict_point_hn1,3,448,8448,-0.88417,1.04739
primary_strict_point_hn1,3,449,8449,-0.642119,0.50517
primary_strict_point_hn1,3,450,8450,-0.902203,0.567136
primary_strict_point_hn1,3,451,8451,-1.01653,0.544839
primary_strict_point_hn1,3,452,8452,-0.96977,0.449945
primary_strict_point_hn1,3,453,8453,-0.814761,0.427887
primary_strict_point_hn1,3,454,8454,-0.906606,0.487456
primary_strict_point_hn1,3,455,8455,-0.890589,0.44516
primary_strict_point_hn1,3,456,8456,-0.369802,1.81769
primary_strict_point_hn1,3,457,8457,-0.401985,1.92067
primary_strict_point_hn1,3,458,8458,-0.400383,1.79267
primary_strict_point_hn1,3,459,8459,-0.776473,1.0447
primary_strict_point_hn1,3,460,8460,-0.520046,0.540894
primary_strict_point_hn1,3,461,8461,-0.460154,0.613395
primary_strict_point_hn1,3,462,8462,-0.501829,0.84551
primary_strict_point_hn1,3,463,8463,-0.575717,0.926933
primary_strict_point_hn1,3,464,8464,-0.824334,0.626855
primary_strict_point_hn1,3,465,8465,-0.42765,0.499573
primary_strict_point_hn1,3,466,8466,-0.313722,0.630438
primary_strict_point_hn1,3,467,8467,-0.671085,0.550461
primary_strict_point_hn1,3,468,8468,-0.791496,0.29939
primary_strict_point_hn1,3,469,8469,-0.680634,0.323579
primary_strict_point_hn1,3,470,8470,-0.662059,0.521044
primary_strict_point_hn1,3,471,8471,-0.589073,0.526269
primary_strict_point_hn1,3,472,8472,-0.614614,0.505248
primary_strict_point_hn1,3,473,8473,-0.695014,0.65805
primary_strict_point_hn1,3,474,8474,-0.755407,0.422787
primary_strict_point_hn1,3,475,8475,-0.722829,0.74635
primary_strict_point_hn1,3,476,8476,-0.614458,0.449683
primary_strict_point_hn1,3,477,8477,-0.455544,0.575068
primary_strict_point_hn1,3,478,8478,-0.529507,0.463175
primary_strict_point_hn1,3,479,8479,-0.510169,0.472121
primary_strict_point_hn1,3,480,8480,-0.483377,0.493149
primary_strict_point_hn1,3,481,8481,-0.418554,0.563394
primary_strict_point_hn1,3,482,8482,-0.442006,0.53762
primary_strict_point_hn1,3,483,8483,-0.436016,0.534815
primary_strict_point_hn1,3,484,8484,-0.583298,0.595146
primary_strict_point_hn1,3,485,8485,-0.60222,1.04432
primary_strict_point_hn1,3,486,8486,-0.55914,0.764808
primary_strict_point_hn1,3,487,8487,-0.57264,0.978521
primary_strict_point_hn1,3,488,8488,-0.398141,0.56526
primary_strict_point_hn1,3,489,8489,-0.754209,0.8858
primary_strict_point_hn1,3,490,8490,-0.869486,0.835057
primary_strict_point_hn1,3,491,8491,-0.754855,0.617804
primary_strict_point_hn1,3,492,8492,-0.808878,0.692909
primary_strict_point_hn1,3,493,8493,-0.739469,0.554645
primary_strict_point_hn1,3,494,8494,-0.848619,0.608148
primary_strict_point_hn1,3,495,8495,-0.849538,0.564628
primary_strict_point_hn1,3,496,8496,-1.09059,0.598716
primary_strict_point_hn1,3,497,8497,-1.07964,0.614623
primary_strict_point_hn1,3,498,8498,-0.916764,0.508221
primary_strict_point_hn1,3,499,8499,-0.777687,0.443923
primary_strict_point_hn1,3,500,8500,-0.653096,0.430832
primary_strict_point_hn1,3,501,8501,-0.55177,0.498097
primary_strict_point_hn1,3,502,8502,-0.522739,0.568741
primary_strict_point_hn1,3,503,8503,-0.518111,0.519768
primary_strict_point_hn1,3,504,8504,-0.455821,0.620344
primary_strict_point_hn1,3,505,8505,-0.431411,0.411092
primary_strict_point_hn1,3,506,8506,-0.42822,0.634416
primary_strict_point_hn1,3,507,8507,-0.351649,0.546736
primary_strict_point_hn1,3,508,8508,-0.415802,0.610167
primary_strict_point_hn1,3,509,8509,-0.381353,0.424353
primary_strict_point_hn1,3,510,8510,-0.498612,0.369066
primary_strict_point_hn1,3,511,8511,-0.438925,0.418442
primary_strict_point_hn1,3,512,8512,-0.417129,0.365029
primary_strict_point_hn1,3,513,8513,-0.648696,0.574399
primary_strict_point_hn1,3,514,8514,-0.449893,0.451732
primary_strict_point_hn1,3,515,8515,-0.693502,0.513032
primary_strict_point_hn1,3,516,8516,-0.550416,0.449253
primary_strict_point_hn1,3,517,8517,-0.488746,0.542138
primary_strict_point_hn1,3,518,8518,-0.470315,0.407085
primary_strict_point_hn1,3,519,8519,-0.516317,0.582908
primary_strict_point_hn1,3,520,8520,-0.496014,0.616949
primary_strict_point_hn1,3,521,8521,-0.720268,0.444408
primary_strict_point_hn1,3,522,8522,-0.632413,0.494681
primary_strict_point_hn1,3,523,8523,-0.664933,0.424958
primary_strict_point_hn1,3,524,8524,-0.820953,0.599472
primary_strict_point_hn1,3,525,8525,-0.849498,0.444767
primary_strict_point_hn1,3,526,8526,-0.690524,0.752148
primary_strict_point_hn1,3,527,8527,-0.723876,0.976481
primary_strict_point_hn1,3,528,8528,-0.718518,1.14371
primary_strict_point_hn1,3,529,8529,-0.722844,1.1065
primary_strict_point_hn1,3,530,8530,-0.857223,0.861466
primary_strict_point_hn1,3,531,8531,-0.935495,0.923999
primary_strict_point_hn1,3,532,8532,-0.997668,0.756963
primary_strict_point_hn1,3,533,8533,-0.460114,0.675205
primary_strict_point_hn1,3,534,8534,-0.572447,0.583743
primary_strict_point_hn1,3,535,8535,-0.671637,0.594618
primary_strict_point_hn1,3,536,8536,-0.577409,0.585681
primary_strict_point_hn1,3,537,8537,-0.501896,0.447254
primary_strict_point_hn1,3,538,8538,-0.515697,0.615667
primary_strict_point_hn1,3,539,8539,-0.552475,0.552816
primary_strict_point_hn1,3,540,8540,-0.616328,0.917176
primary_strict_point_hn1,3,541,8541,-0.647965,0.641962
primary_strict_point_hn1,3,542,8542,-0.740692,0.642425
primary_strict_point_hn1,3,543,8543,-0.497459,0.457547
primary_strict_point_hn1,3,544,8544,-0.439777,0.473607
primary_strict_point_hn1,3,545,8545,-0.733881,0.610641
primary_strict_point_hn1,3,546,8546,-0.714802,0.550672
primary_strict_point_hn1,3,547,8547,-0.707066,0.593913
primary_strict_point_hn1,3,548,8548,-0.593656,0.485692
primary_strict_point_hn1,3,549,8549,-0.691646,0.485408
primary_strict_point_hn1,3,550,8550,-0.670523,0.575053
primary_strict_point_hn1,3,551,8551,-0.13127,0.861399
primary_strict_point_hn1,3,552,8552,-0.156834,0.975811
primary_strict_point_hn1,3,553,8553,0.00240273,1.42539
primary_strict_point_hn1,3,554,8554,-0.0281973,1.08208
primary_strict_point_hn1,3,555,8555,-0.700359,0.640842
primary_strict_point_hn1,3,556,8556,-0.382102,0.680469
primary_strict_point_hn1,3,557,8557,-0.427041,0.752597
primary_strict_point_hn1,3,558,8558,-0.312942,0.770976
primary_strict_point_hn1,3,559,8559,-0.569466,0.661371
primary_strict_point_hn1,3,560,8560,-0.664568,0.595991
primary_strict_point_hn1,3,561,8561,-0.567956,0.608322
primary_strict_point_hn1,3,562,8562,-0.639986,0.613977
primary_strict_point_hn1,3,563,8563,-0.671705,0.525875
primary_strict_point_hn1,3,564,8564,-0.830704,0.717376
primary_strict_point_hn1,3,565,8565,-0.625876,0.691798
primary_strict_point_hn1,3,566,8566,-0.67498,0.519152
primary_strict_point_hn1,3,567,8567,-0.729381,0.39465
primary_strict_point_hn1,3,568,8568,-0.570616,0.365441
primary_strict_point_hn1,3,569,8569,-0.301313,0.521325
primary_strict_point_hn1,3,570,8570,-0.691609,0.611838
primary_strict_point_hn1,3,571,8571,-0.670053,0.659934
primary_strict_point_hn1,3,572,8572,-0.754216,0.601981
primary_strict_point_hn1,3,573,8573,-0.626037,0.486613
primary_strict_point_hn1,3,574,8574,-0.653754,0.633058
primary_strict_point_hn1,3,575,8575,-0.650719,0.506458
primary_strict_point_hn1,3,576,8576,-0.857978,0.7254
primary_strict_point_hn1,3,577,8577,-0.798888,0.556031
primary_strict_point_hn1,3,578,8578,-0.672202,0.639932
primary_strict_point_hn1,3,579,8579,-0.505572,0.64243
primary_strict_point_hn1,3,580,8580,-0.882927,0.622859
primary_strict_point_hn1,3,581,8581,-0.743892,0.497125
primary_strict_point_hn1,3,582,8582,-0.61545,0.682298
primary_strict_point_hn1,3,583,8583,-0.742859,0.542549
primary_strict_point_hn1,3,584,8584,-0.415253,0.876077
primary_strict_point_hn1,3,585,8585,-0.425378,0.799114
primary_strict_point_hn1,3,586,8586,-0.569269,0.92948
primary_strict_point_hn1,3,587,8587,-0.671075,0.647223
primary_strict_point_hn1,3,588,8588,-0.517167,1.12098
primary_strict_point_hn1,3,589,8589,-0.515902,0.95183
primary_strict_point_hn1,3,590,8590,-0.572014,0.977734
primary_strict_point_hn1,3,591,8591,-0.601767,0.990002
primary_strict_point_hn1,3,592,8592,-0.657242,0.97066
primary_strict_point_hn1,3,593,8593,-0.648762,0.915754
primary_strict_point_hn1,3,594,8594,-0.575033,0.687449
primary_strict_point_hn1,3,595,8595,-0.67559,0.89392
primary_strict_point_hn1,3,596,8596,-0.474818,0.886587
primary_strict_point_hn1,3,597,8597,-0.818851,0.507515
primary_strict_point_hn1,3,598,8598,-0.852634,0.640009
primary_strict_point_hn1,3,599,8599,-0.881461,0.673975
primary_strict_point_hn1,3,600,8600,-0.774991,0.628622
primary_strict_point_hn1,3,601,8601,-0.552564,0.571319
primary_strict_point_hn1,3,602,8602,-0.726428,0.640009
primary_strict_point_hn1,3,603,8603,-0.80034,0.609953
primary_strict_point_hn1,3,604,8604,-0.772248,0.593816
primary_strict_point_hn1,3,605,8605,-0.647544,0.748231
primary_strict_point_hn1,3,606,8606,-0.649423,0.699329
primary_strict_point_hn1,3,607,8607,-0.781206,0.451075
primary_strict_point_hn1,3,608,8608,-0.708066,0.514021
primary_strict_point_hn1,3,609,8609,-0.593703,0.537633
primary_strict_point_hn1,3,610,8610,-0.663722,0.545722
primary_strict_point_hn1,3,611,8611,-0.784144,0.758863
primary_strict_point_hn1,3,612,8612,-0.745855,0.486289
primary_strict_point_hn1,3,613,8613,-0.678044,0.634849
primary_strict_point_hn1,3,614,8614,-0.613598,0.678697
primary_strict_point_hn1,3,615,8615,-0.477859,0.873892
primary_strict_point_hn1,3,616,8616,-0.702098,0.825125
primary_strict_point_hn1,3,617,8617,-0.916698,0.663305
primary_strict_point_hn1,3,618,8618,-0.795918,0.696031
primary_strict_point_hn1,3,619,8619,-0.720521,0.817021
primary_strict_point_hn1,3,620,8620,-0.746004,0.782434
primary_strict_point_hn1,3,621,8621,-0.736953,0.862152
primary_strict_point_hn1,3,622,8622,-0.67552,0.75789
primary_strict_point_hn1,3,623,8623,-0.752634,0.803298
primary_strict_point_hn1,3,624,8624,-0.732999,0.890751
primary_strict_point_hn1,3,625,8625,-0.825184,0.953756
primary_strict_point_hn1,3,626,8626,-0.848898,0.996044
primary_strict_point_hn1,3,627,8627,-0.962932,0.950528
primary_strict_point_hn1,3,628,8628,-0.779503,0.855224
primary_strict_point_hn1,3,629,8629,-0.567864,0.704803
primary_strict_point_hn1,3,630,8630,-0.508146,0.605046
primary_strict_point_hn1,3,631,8631,-0.639049,0.421462
primary_strict_point_hn1,3,632,8632,-0.627104,0.417468
primary_strict_point_hn1,3,633,8633,-0.690301,0.44802
primary_strict_point_hn1,3,634,8634,-0.814905,0.492482
primary_strict_point_hn1,3,635,8635,-0.826429,0.551577
primary_strict_point_hn1,3,636,8636,-0.882241,0.540136
primary_strict_point_hn1,3,637,8637,-0.898947,0.510885
primary_strict_point_hn1,3,638,8638,-0.891235,0.616532
primary_strict_point_hn1,3,639,8639,-0.756383,0.516104
primary_strict_point_hn1,3,640,8640,-0.815885,0.602388
primary_strict_point_hn1,3,641,8641,-0.68897,0.745119
primary_strict_point_hn1,3,642,8642,-0.586897,0.781932
primary_strict_point_hn1,3,643,8643,-0.540996,0.6872
primary_strict_point_hn1,3,644,8644,-0.667438,0.382074
primary_strict_point_hn1,3,645,8645,-0.84819,0.359302
primary_strict_point_hn1,3,646,8646,-0.784255,0.509636
primary_strict_point_hn1,3,647,8647,-0.828373,0.428199
primary_strict_point_hn1,3,648,8648,-1.04235,0.664574
primary_strict_point_hn1,3,649,8649,-1.02559,0.676968
primary_strict_point_hn1,3,650,8650,-0.780302,0.698605
primary_strict_point_hn1,3,651,8651,-0.72216,0.736421
primary_strict_point_hn1,3,652,8652,-0.82682,0.513007
primary_strict_point_hn1,3,653,8653,-0.751727,0.615261
primary_strict_point_hn1,3,654,8654,-0.701296,0.552224
primary_strict_point_hn1,3,655,8655,-0.720142,0.608396
primary_strict_point_hn1,3,656,8656,-0.719898,0.543269
primary_strict_point_hn1,3,657,8657,-0.753536,0.4545
primary_strict_point_hn1,3,658,8658,-0.623881,0.775876
primary_strict_point_hn1,3,659,8659,-0.434994,1.08964
primary_strict_point_hn1,3,660,8660,-0.221094,1.05255
primary_strict_point_hn1,3,661,8661,-0.24337,0.757344
primary_strict_point_hn1,3,662,8662,-0.139297,0.886286
primary_strict_point_hn1,3,663,8663,-0.199433,0.868593
primary_strict_point_hn1,3,664,8664,0.00651798,0.895714
primary_strict_point_hn1,3,665,8665,0.0284082,0.838656
primary_strict_point_hn1,3,666,8666,0.215691,1.03451
primary_strict_point_hn1,3,667,8667,-1.27838,0.779149
primary_strict_point_hn1,3,668,8668,-1.3784,0.940974
primary_strict_point_hn1,3,669,8669,-1.37325,0.992331
primary_strict_point_hn1,3,670,8670,-1.37279,0.897375
primary_strict_point_hn1,3,671,8671,-1.3667,0.818624
primary_strict_point_hn1,3,672,8672,-1.67245,1.0561
primary_strict_point_hn1,3,673,8673,-1.62369,1.17874
primary_strict_point_hn1,3,674,8674,-1.27467,0.736678
primary_strict_point_hn1,3,675,8675,-1.38223,0.727748
primary_strict_point_hn1,3,676,8676,-1.35121,0.733327
primary_strict_point_hn1,3,677,8677,-1.19276,0.997754
primary_strict_point_hn1,3,678,8678,-1.12604,0.907705
primary_strict_point_hn1,3,679,8679,-1.01284,0.821399
primary_strict_point_hn1,3,680,8680,-0.327089,0.680142
primary_strict_point_hn1,3,681,8681,-0.148666,0.765665
primary_strict_point_hn1,3,682,8682,-0.93669,0.729418
primary_strict_point_hn1,3,683,8683,-0.91788,0.745875
primary_strict_point_hn1,3,684,8684,-0.791319,0.797063
primary_strict_point_hn1,3,685,8685,-1.00146,0.645611
primary_strict_point_hn1,3,686,8686,-0.827852,0.897496
primary_strict_point_hn1,3,687,8687,-0.219867,0.739299
primary_strict_point_hn1,3,688,8688,-0.248262,0.887789
primary_strict_point_hn1,3,689,8689,-0.122675,0.767092
primary_strict_point_hn1,3,690,8690,-0.458724,0.7953
primary_strict_point_hn1,3,691,8691,-0.394285,0.711284
primary_strict_point_hn1,3,692,8692,-0.45378,0.73631
primary_strict_point_hn1,3,693,8693,-0.537637,0.631047
primary_strict_point_hn1,3,694,8694,-0.354632,0.624824
primary_strict_point_hn1,3,695,8695,-0.318913,0.560273
primary_strict_point_hn1,3,696,8696,-0.357877,0.425481
primary_strict_point_hn1,3,697,8697,-0.346559,0.432788
primary_strict_point_hn1,3,698,8698,-0.31313,0.358749
primary_strict_point_hn1,3,699,8699,-0.588735,0.325662
primary_strict_point_hn1,3,700,8700,-0.542943,0.446051
primary_strict_point_hn1,3,701,8701,-0.760509,0.36998
primary_strict_point_hn1,3,702,8702,-0.69982,0.617294
primary_strict_point_hn1,3,703,8703,-0.860452,0.405548
primary_strict_point_hn1,3,704,8704,-0.283656,0.469997
primary_strict_point_hn1,3,705,8705,-0.364245,0.671026
primary_strict_point_hn1,3,706,8706,-0.53315,0.436425
primary_strict_point_hn1,3,707,8707,-0.485314,0.462488
primary_strict_point_hn1,3,708,8708,-0.529491,0.421995
primary_strict_point_hn1,3,709,8709,-0.74907,0.355683
primary_strict_point_hn1,3,710,8710,-0.663073,0.375579
primary_strict_point_hn1,3,711,8711,-0.824414,0.38784
primary_strict_point_hn1,3,712,8712,-0.572906,0.548267
primary_strict_point_hn1,3,713,8713,-0.482802,0.583221
primary_strict_point_hn1,3,714,8714,-0.652952,0.651791
primary_strict_point_hn1,3,715,8715,-0.77405,0.604573
primary_strict_point_hn1,3,716,8716,-1.06735,0.580598
primary_strict_point_hn1,3,717,8717,-0.961663,0.62925
primary_strict_point_hn1,3,718,8718,-0.863317,0.577226
primary_strict_point_hn1,3,719,8719,-0.942023,1.04503
primary_strict_point_hn1,3,720,8720,-1.13559,1.39523
primary_strict_point_hn1,3,721,8721,-1.07843,1.1557
primary_strict_point_hn1,3,722,8722,-1.12448,1.07416
primary_strict_point_hn1,3,723,8723,-1.11877,1.10641
primary_strict_point_hn1,3,724,8724,-0.493954,0.786989
primary_strict_point_hn1,3,725,8725,-0.534522,0.539289
primary_strict_point_hn1,3,726,8726,-0.403926,0.719919
primary_strict_point_hn1,3,727,8727,-0.494559,0.540272
primary_strict_point_hn1,3,728,8728,-0.569819,0.513789
primary_strict_point_hn1,3,729,8729,-0.663887,0.422688
primary_strict_point_hn1,3,730,8730,-0.642509,0.480759
primary_strict_point_hn1,3,731,8731,-0.563795,0.465024
primary_strict_point_hn1,3,732,8732,-0.513701,0.392955
primary_strict_point_hn1,3,733,8733,-0.486226,0.348785
primary_strict_point_hn1,3,734,8734,-0.415995,0.425243
primary_strict_point_hn1,3,735,8735,-0.498337,0.2996
primary_strict_point_hn1,3,736,8736,-0.599694,0.464628
primary_strict_point_hn1,3,737,8737,-0.453872,0.468419
primary_strict_point_hn1,3,738,8738,-0.269236,0.541303
primary_strict_point_hn1,3,739,8739,-1.10775,0.63532
primary_strict_point_hn1,3,740,8740,-1.14205,0.661155
primary_strict_point_hn1,3,741,8741,-1.17211,0.732799
primary_strict_point_hn1,3,742,8742,-1.21089,0.531469
primary_strict_point_hn1,3,743,8743,-1.15128,0.589766
primary_strict_point_hn1,3,744,8744,-1.24848,0.813715
primary_strict_point_hn1,3,745,8745,-1.18464,0.970584
primary_strict_point_hn1,3,746,8746,-1.21974,0.995325
primary_strict_point_hn1,3,747,8747,-0.931761,0.491961
primary_strict_point_hn1,3,748,8748,-0.809398,0.54252
primary_strict_point_hn1,3,749,8749,-0.673674,0.59563
primary_strict_point_hn1,3,750,8750,-0.885437,0.796886
primary_strict_point_hn1,3,751,8751,-0.905591,0.566367
primary_strict_point_hn1,3,752,8752,-1.18065,0.667361
primary_strict_point_hn1,3,753,8753,-1.03183,1.50909
primary_strict_point_hn1,3,754,8754,-0.884055,1.31813
primary_strict_point_hn1,3,755,8755,-0.924307,1.12292
primary_strict_point_hn1,3,756,8756,-0.347374,0.562062
primary_strict_point_hn1,3,757,8757,-0.673928,0.464704
primary_strict_point_hn1,3,758,8758,-0.612041,0.469595
primary_strict_point_hn1,3,759,8759,-0.636623,0.337516
primary_strict_point_hn1,3,760,8760,-0.65621,0.392726
primary_strict_point_hn1,3,761,8761,-0.673307,0.369939
primary_strict_point_hn1,3,762,8762,-0.634266,0.377413
primary_strict_point_hn1,3,763,8763,-0.499529,0.45144
primary_strict_point_hn1,3,764,8764,-0.672298,0.614299
primary_strict_point_hn1,3,765,8765,-0.640651,0.648945
primary_strict_point_hn1,3,766,8766,-0.536021,0.77052
primary_strict_point_hn1,3,767,8767,-0.896656,0.56629
primary_strict_point_hn1,3,768,8768,-0.81314,0.533381
primary_strict_point_hn1,3,769,8769,-1.02019,0.715117
primary_strict_point_hn1,3,770,8770,-0.951163,0.642027
primary_strict_point_hn1,3,771,8771,-0.686751,0.389575
primary_strict_point_hn1,3,772,8772,-0.565412,0.472893
primary_strict_point_hn1,3,773,8773,-0.47627,0.467079
primary_strict_point_hn1,3,774,8774,-0.614646,0.553192
primary_strict_point_hn1,3,775,8775,-0.509805,0.562511
primary_strict_point_hn1,3,776,8776,-0.664698,0.334404
primary_strict_point_hn1,3,777,8777,-0.434941,0.407207
primary_strict_point_hn1,3,778,8778,-0.369455,0.423643
primary_strict_point_hn1,3,779,8779,-0.463455,0.405308
primary_strict_point_hn1,3,780,8780,-0.540396,0.376189
primary_strict_point_hn1,3,781,8781,-0.497106,0.370202
primary_strict_point_hn1,3,782,8782,-0.0700347,0.743388
primary_strict_point_hn1,3,783,8783,0.0551817,0.79582
primary_strict_point_hn1,3,784,8784,0.0554572,0.720106
primary_strict_point_hn1,3,785,8785,-0.254982,0.533368
primary_strict_point_hn1,3,786,8786,-0.575986,0.332507
primary_strict_point_hn1,3,787,8787,-0.614265,0.266823
primary_strict_point_hn1,3,788,8788,-0.559907,0.389508
primary_strict_point_hn1,3,789,8789,-0.570647,0.318231
primary_strict_point_hn1,3,790,8790,-0.690868,0.452987
primary_strict_point_hn1,3,791,8791,-0.886667,0.371098
primary_strict_point_hn1,3,792,8792,-0.747267,0.541751
primary_strict_point_hn1,3,793,8793,-0.682913,0.396121
primary_strict_point_hn1,3,794,8794,-0.693884,0.388076
primary_strict_point_hn1,3,795,8795,-0.67545,0.386308
primary_strict_point_hn1,3,796,8796,-0.545683,0.339096
primary_strict_point_hn1,3,797,8797,-0.631291,0.466269
primary_strict_point_hn1,3,798,8798,-0.607127,0.456155
primary_strict_point_hn1,3,799,8799,-0.62377,0.293256
primary_strict_point_hn1,3,800,8800,-0.69713,0.390629
primary_strict_point_hn1,3,801,8801,-0.788226,0.397961
primary_strict_point_hn1,3,802,8802,-1.13597,0.511272
primary_strict_point_hn1,3,803,8803,-0.943678,0.481236
primary_strict_point_hn1,3,804,8804,-0.281018,0.567601
primary_strict_point_hn1,3,805,8805,-0.407309,0.647926
primary_strict_point_hn1,3,806,8806,-0.668611,0.394654
primary_strict_point_hn1,3,807,8807,-0.474033,0.415543
primary_strict_point_hn1,3,808,8808,-0.64276199999999994,0.642894
primary_strict_point_hn1,3,809,8809,-0.620463,0.660747
primary_strict_point_hn1,3,810,8810,-0.525353,0.583812
primary_strict_point_hn1,3,811,8811,-0.737462,0.620333
primary_strict_point_hn1,3,812,8812,-0.799994,0.584191
primary_strict_point_hn1,3,813,8813,-1.08843,0.716479
primary_strict_point_hn1,3,814,8814,-0.962892,0.642873
primary_strict_point_hn1,3,815,8815,-0.576224,0.542357
primary_strict_point_hn1,3,816,8816,-0.469294,0.531638
primary_strict_point_hn1,3,817,8817,-0.623461,0.619719
primary_strict_point_hn1,3,818,8818,-0.780732,0.292259
primary_strict_point_hn1,3,819,8819,-1.06593,0.665299
primary_strict_point_hn1,3,820,8820,-0.963054,0.542659
primary_strict_point_hn1,3,821,8821,-0.991086,0.471531
primary_strict_point_hn1,3,822,8822,-0.909245,0.492898
primary_strict_point_hn1,3,823,8823,-0.911436,0.373687
primary_strict_point_hn1,3,824,8824,-0.827336,0.454677
primary_strict_point_hn1,3,825,8825,-0.737166,0.395498
primary_strict_point_hn1,3,826,8826,-0.827971,0.404345
primary_strict_point_hn1,3,827,8827,-0.777782,1.17591
primary_strict_point_hn1,3,828,8828,-0.7933,0.864648
primary_strict_point_hn1,3,829,8829,-0.624498,0.758773
primary_strict_point_hn1,3,830,8830,-0.708616,0.823663
primary_strict_point_hn1,3,831,8831,-0.6865,0.768363
primary_strict_point_hn1,3,832,8832,-0.894579,0.374713
primary_strict_point_hn1,3,833,8833,-0.900282,0.501814
primary_strict_point_hn1,3,834,8834,-0.82742,0.454899
primary_strict_point_hn1,3,835,8835,-0.751954,0.482167
primary_strict_point_hn1,3,836,8836,-0.579459,0.578717
primary_strict_point_hn1,3,837,8837,-0.709844,0.496131
primary_strict_point_hn1,3,838,8838,-0.688356,0.489813
primary_strict_point_hn1,3,839,8839,-0.548318,0.507249
primary_strict_point_hn1,3,840,8840,-0.438313,0.526323
primary_strict_point_hn1,3,841,8841,-0.430079,0.609025
primary_strict_point_hn1,3,842,8842,-0.322801,0.643423
primary_strict_point_hn1,3,843,8843,-0.271974,0.752862
primary_strict_point_hn1,3,844,8844,-0.179536,0.707843
primary_strict_point_hn1,3,845,8845,-0.201532,0.730617
primary_strict_point_hn1,3,846,8846,-0.246859,0.869109
primary_strict_point_hn1,3,847,8847,-0.241734,0.791958
primary_strict_point_hn1,3,848,8848,-0.13817,0.78023
primary_strict_point_hn1,3,849,8849,-0.597808,0.655717
primary_strict_point_hn1,3,850,8850,-0.658594,0.894911
primary_strict_point_hn1,3,851,8851,-0.596538,0.495051
primary_strict_point_hn1,3,852,8852,-0.705156,0.518646
primary_strict_point_hn1,3,853,8853,-0.672787,0.432604
primary_strict_point_hn1,3,854,8854,-0.779751,0.637835
primary_strict_point_hn1,3,855,8855,-0.755552,0.446914
primary_strict_point_hn1,3,856,8856,-0.422178,0.858433
primary_strict_point_hn1,3,857,8857,-0.615643,0.523553
primary_strict_point_hn1,3,858,8858,-0.719305,0.623262
primary_strict_point_hn1,3,859,8859,-0.638166,0.745802
primary_strict_point_hn1,3,860,8860,-0.722289,0.781758
primary_strict_point_hn1,3,861,8861,-1.04428,1.04297
primary_strict_point_hn1,3,862,8862,-0.436644,1.07454
primary_strict_point_hn1,3,863,8863,-0.492925,1.23058
primary_strict_point_hn1,3,864,8864,-0.526199,1.22339
primary_strict_point_hn1,3,865,8865,-0.58336,1.49463
primary_strict_point_hn1,3,866,8866,-0.80637,0.812168
primary_strict_point_hn1,3,867,8867,-0.575738,0.519428
primary_strict_point_hn1,3,868,8868,-0.83436,0.412381
primary_strict_point_hn1,3,869,8869,-0.684589,0.467744
primary_strict_point_hn1,3,870,8870,-0.864882,0.484656
primary_strict_point_hn1,3,871,8871,-0.761433,0.702364
primary_strict_point_hn1,3,872,8872,-0.593614,0.593002
primary_strict_point_hn1,3,873,8873,-0.531163,0.510438
primary_strict_point_hn1,3,874,8874,-0.636956,0.591199
primary_strict_point_hn1,3,875,8875,-0.532256,0.61498
primary_strict_point_hn1,3,876,8876,-0.740061,0.454346
primary_strict_point_hn1,3,877,8877,-0.55096,0.550384
primary_strict_point_hn1,3,878,8878,-0.57722,0.451164
primary_strict_point_hn1,3,879,8879,-0.861354,0.707023
primary_strict_point_hn1,3,880,8880,-0.82979,0.443924
primary_strict_point_hn1,3,881,8881,-0.790099,0.512496
primary_strict_point_hn1,3,882,8882,-0.59149,0.420723
primary_strict_point_hn1,3,883,8883,-0.294586,0.859024
primary_strict_point_hn1,3,884,8884,-0.419783,0.747933
primary_strict_point_hn1,3,885,8885,-0.369147,1.02369
primary_strict_point_hn1,3,886,8886,-0.376244,0.707799
primary_strict_point_hn1,3,887,8887,-0.541529,0.575825
primary_strict_point_hn1,3,888,8888,-0.370666,0.627941
primary_strict_point_hn1,3,889,8889,-0.372451,0.602005
primary_strict_point_hn1,3,890,8890,-0.51037,0.676554
primary_strict_point_hn1,3,891,8891,-0.739787,0.508335
primary_strict_point_hn1,3,892,8892,-0.670221,0.495894
primary_strict_point_hn1,3,893,8893,-0.646289,0.777427
primary_strict_point_hn1,3,894,8894,-0.370302,0.84197
primary_strict_point_hn1,3,895,8895,-0.604176,0.42053
primary_strict_point_hn1,3,896,8896,-0.514424,0.521087
primary_strict_point_hn1,3,897,8897,-0.648527,0.577468
primary_strict_point_hn1,3,898,8898,-0.59726,0.500167
primary_strict_point_hn1,3,899,8899,-0.551212,0.351654
primary_strict_point_hn1,3,900,8900,-0.561621,0.421841
primary_strict_point_hn1,3,901,8901,-0.479715,0.418752
primary_strict_point_hn1,3,902,8902,-0.956382,0.665154
primary_strict_point_hn1,3,903,8903,-0.963402,0.77465
primary_strict_point_hn1,3,904,8904,-0.853462,0.744995
primary_strict_point_hn1,3,905,8905,-0.546851,0.550516
primary_strict_point_hn1,3,906,8906,-0.654092,0.698581
primary_strict_point_hn1,3,907,8907,-0.573218,0.645492
primary_strict_point_hn1,3,908,8908,-0.711416,0.552162
primary_strict_point_hn1,3,909,8909,-0.747538,0.586467
primary_strict_point_hn1,3,910,8910,-0.605559,0.647914
primary_strict_point_hn1,3,911,8911,-0.762194,0.65744
primary_strict_point_hn1,3,912,8912,-0.701849,0.577341
primary_strict_point_hn1,3,913,8913,-0.727759,0.60542
primary_strict_point_hn1,3,914,8914,-0.918836,0.652526
primary_strict_point_hn1,3,915,8915,-0.832236,0.705102
primary_strict_point_hn1,3,916,8916,-0.560756,0.535286
primary_strict_point_hn1,3,917,8917,-0.479691,0.756736
primary_strict_point_hn1,3,918,8918,-0.540435,0.504802
primary_strict_point_hn1,3,919,8919,-0.830545,0.958608
primary_strict_point_hn1,3,920,8920,-0.756481,0.987433
primary_strict_point_hn1,3,921,8921,-0.563189,0.943973
primary_strict_point_hn1,3,922,8922,-0.541718,0.610139
primary_strict_point_hn1,3,923,8923,-0.720474,0.447732
primary_strict_point_hn1,3,924,8924,-0.785395,0.607891
primary_strict_point_hn1,3,925,8925,-0.87330700000000006,0.682934
primary_strict_point_hn1,3,926,8926,-1.37524,0.810143
primary_strict_point_hn1,3,927,8927,-1.14889,0.79881
primary_strict_point_hn1,3,928,8928,-1.05102,0.772202
primary_strict_point_hn1,3,929,8929,-1.11233,0.903607
primary_strict_point_hn1,3,930,8930,-1.05641,0.75496
primary_strict_point_hn1,3,931,8931,-0.995946,0.897416
primary_strict_point_hn1,3,932,8932,-0.965994,0.864357
primary_strict_point_hn1,3,933,8933,-0.893349,0.583836
primary_strict_point_hn1,3,934,8934,-0.789297,0.467594
primary_strict_point_hn1,3,935,8935,-0.862011,0.688243
primary_strict_point_hn1,3,936,8936,-0.455434,0.444128
primary_strict_point_hn1,3,937,8937,-0.568407,0.555312
primary_strict_point_hn1,3,938,8938,-0.354864,0.591463
primary_strict_point_hn1,3,939,8939,-0.528525,0.62716
primary_strict_point_hn1,3,940,8940,-0.570739,0.656697
primary_strict_point_hn1,3,941,8941,-0.531543,0.546793
primary_strict_point_hn1,3,942,8942,-0.897513,0.748082
primary_strict_point_hn1,3,943,8943,-0.831836,0.688886
primary_strict_point_hn1,3,944,8944,-0.88505,1.02107
primary_strict_point_hn1,3,945,8945,-0.611569,0.460945
primary_strict_point_hn1,3,946,8946,-0.541681,0.402368
primary_strict_point_hn1,3,947,8947,-0.689702,0.518692
primary_strict_point_hn1,3,948,8948,-0.243231,0.641189
primary_strict_point_hn1,3,949,8949,-0.637303,0.616868
primary_strict_point_hn1,3,950,8950,-0.582451,0.50887
primary_strict_point_hn1,3,951,8951,-0.337027,0.549815
primary_strict_point_hn1,3,952,8952,-0.293656,0.595033
primary_strict_point_hn1,3,953,8953,-0.509108,0.463537
primary_strict_point_hn1,3,954,8954,-0.422181,0.779066
primary_strict_point_hn1,3,955,8955,-0.655176,0.690829
primary_strict_point_hn1,3,956,8956,-0.735727,0.710654
primary_strict_point_hn1,3,957,8957,-0.719378,0.713384
primary_strict_point_hn1,3,958,8958,-0.768479,0.579629
primary_strict_point_hn1,3,959,8959,-0.795756,0.656586
primary_strict_point_hn1,3,960,8960,-0.702954,0.399142
primary_strict_point_hn1,3,961,8961,-0.607117,0.383238
primary_strict_point_hn1,3,962,8962,-0.557101,0.653761
primary_strict_point_hn1,3,963,8963,-0.573345,0.543249
primary_strict_point_hn1,3,964,8964,-0.66373,0.40635
primary_strict_point_hn1,3,965,8965,-0.48321,0.506362
primary_strict_point_hn1,3,966,8966,-0.636522,0.56068
primary_strict_point_hn1,3,967,8967,-0.324179,0.483134
primary_strict_point_hn1,3,968,8968,-0.81213,0.770013
primary_strict_point_hn1,3,969,8969,-0.749799,0.637538
primary_strict_point_hn1,3,970,8970,-0.621237,0.674854
primary_strict_point_hn1,3,971,8971,-0.55922,0.905119
primary_strict_point_hn1,3,972,8972,-0.62282,0.553518
primary_strict_point_hn1,3,973,8973,-0.819037,0.366897
primary_strict_point_hn1,3,974,8974,-0.676422,0.387738
primary_strict_point_hn1,3,975,8975,-0.70411,0.486645
primary_strict_point_hn1,3,976,8976,-0.731384,0.62263
primary_strict_point_hn1,3,977,8977,-0.83288,0.411906
primary_strict_point_hn1,3,978,8978,-0.93739,0.373086
primary_strict_point_hn1,3,979,8979,-0.653982,0.4496
primary_strict_point_hn1,3,980,8980,-0.644681,0.50636
primary_strict_point_hn1,3,981,8981,-0.528247,0.515056
primary_strict_point_hn1,3,982,8982,-0.0403571,0.974276
primary_strict_point_hn1,3,983,8983,-0.0550338,1.05076
primary_strict_point_hn1,3,984,8984,-0.2098,0.565251
primary_strict_point_hn1,3,985,8985,-0.305895,0.546094
primary_strict_point_hn1,3,986,8986,-0.139393,0.610629
primary_strict_point_hn1,3,987,8987,-0.468318,0.443593
primary_strict_point_hn1,3,988,8988,-0.345818,0.606208
primary_strict_point_hn1,3,989,8989,-0.848986,0.569376
primary_strict_point_hn1,3,990,8990,-0.628522,0.464712
primary_strict_point_hn1,3,991,8991,-0.771716,0.492429
primary_strict_point_hn1,3,992,8992,-0.627231,0.358191
primary_strict_point_hn1,3,993,8993,-0.82705,0.35778
primary_strict_point_hn1,3,994,8994,-0.833793,0.447925
primary_strict_point_hn1,3,995,8995,-0.803477,0.595199
primary_strict_point_hn1,3,996,8996,-0.667106,0.50087
primary_strict_point_hn1,3,997,8997,-0.755181,0.578145
primary_strict_point_hn1,3,998,8998,-0.892222,0.523598
primary_strict_point_hn1,3,999,8999,-0.919868,0.471826
primary_strict_point_hn1,3,1000,9000,-0.620826,0.466809
primary_strict_point_hn1,3,1001,9001,-0.647668,0.442934
primary_strict_point_hn1,3,1002,9002,-0.409465,0.583498
primary_strict_point_hn1,3,1003,9003,-0.220099,0.520293
primary_strict_point_hn1,3,1004,9004,-0.74997,0.409905
primary_strict_point_hn1,3,1005,9005,-0.660841,0.389507
primary_strict_point_hn1,3,1006,9006,-0.729313,0.510248
primary_strict_point_hn1,3,1007,9007,-0.682641,0.608429
primary_strict_point_hn1,3,1008,9008,-0.681981,0.561995
primary_strict_point_hn1,3,1009,9009,-0.632479,0.908959
primary_strict_point_hn1,3,1010,9010,-0.605279,0.88995899999999994
primary_strict_point_hn1,3,1011,9011,-0.511179,0.793001
primary_strict_point_hn1,3,1012,9012,-0.5803,0.588845
primary_strict_point_hn1,3,1013,9013,-0.530836,0.470311
primary_strict_point_hn1,3,1014,9014,-0.623188,0.393972
primary_strict_point_hn1,3,1015,9015,-0.776494,0.404027
primary_strict_point_hn1,3,1016,9016,-0.450997,0.453356
primary_strict_point_hn1,3,1017,9017,-0.472435,0.429272
primary_strict_point_hn1,3,1018,9018,-0.503552,0.559448
primary_strict_point_hn1,3,1019,9019,-0.530614,0.537194
primary_strict_point_hn1,3,1020,9020,-0.547888,0.553174
primary_strict_point_hn1,3,1021,9021,-0.674492,0.630008
primary_strict_point_hn1,3,1022,9022,-0.707385,0.479781
primary_strict_point_hn1,3,1023,9023,-0.755633,0.690143
primary_strict_point_hn1,3,1024,9024,-0.842874,0.779912
primary_strict_point_hn1,3,1025,9025,-0.732405,0.767005
primary_strict_point_hn1,3,1026,9026,-1.04143,0.720789
primary_strict_point_hn1,3,1027,9027,-0.682593,0.805009
primary_strict_point_hn1,3,1028,9028,-0.681688,0.680699
primary_strict_point_hn1,3,1029,9029,-0.821468,0.779027
primary_strict_point_hn1,3,1030,9030,-0.825436,0.81025
primary_strict_point_hn1,3,1031,9031,-0.917432,0.522112
primary_strict_point_hn1,3,1032,9032,-0.993815,0.631906
primary_strict_point_hn1,3,1033,9033,-0.843546,0.441329
primary_strict_point_hn1,3,1034,9034,-0.636283,0.555231
primary_strict_point_hn1,3,1035,9035,-0.736902,0.764988
primary_strict_point_hn1,3,1036,9036,-0.482727,0.668809
primary_strict_point_hn1,3,1037,9037,-0.498607,0.721801
primary_strict_point_hn1,3,1038,9038,-0.631373,0.726477
primary_strict_point_hn1,3,1039,9039,-0.86858900000000006,1.05707
primary_strict_point_hn1,3,1040,9040,-0.814382,1.39327
primary_strict_point_hn1,3,1041,9041,-0.678035,1.45512
primary_strict_point_hn1,3,1042,9042,-0.151798,1.20044
primary_strict_point_hn1,3,1043,9043,-0.14336,0.973219
primary_strict_point_hn1,3,1044,9044,-0.203162,0.926297
primary_strict_point_hn1,3,1045,9045,-0.744872,0.557528
primary_strict_point_hn1,3,1046,9046,-0.361421,0.45694
primary_strict_point_hn1,3,1047,9047,-0.405116,0.423848
primary_strict_point_hn1,3,1048,9048,-0.588083,0.308174
primary_strict_point_hn1,3,1049,9049,-0.409076,0.618478
primary_strict_point_hn1,3,1050,9050,-0.456529,0.890781
primary_strict_point_hn1,3,1051,9051,-0.449483,0.861285
primary_strict_point_hn1,3,1052,9052,-0.134267,0.927918
primary_strict_point_hn1,3,1053,9053,-0.62241899999999994,0.562557
primary_strict_point_hn1,3,1054,9054,-0.558819,0.756875
primary_strict_point_hn1,3,1055,9055,-0.70897,0.748585
primary_strict_point_hn1,3,1056,9056,-1.05968,0.801702
primary_strict_point_hn1,3,1057,9057,-1.14472,0.821167
primary_strict_point_hn1,3,1058,9058,-1.09338,0.788548
primary_strict_point_hn1,3,1059,9059,-0.996487,0.747659
primary_strict_point_hn1,3,1060,9060,-0.565372,0.343712
primary_strict_point_hn1,3,1061,9061,-0.622008,0.311298
primary_strict_point_hn1,3,1062,9062,-0.496787,0.440053
primary_strict_point_hn1,3,1063,9063,-0.409618,0.262372
primary_strict_point_hn1,3,1064,9064,-0.741266,0.370474
primary_strict_point_hn1,3,1065,9065,-0.618486,0.427925
primary_strict_point_hn1,3,1066,9066,-0.586423,0.605635
primary_strict_point_hn1,3,1067,9067,-0.48681,0.384967
primary_strict_point_hn1,3,1068,9068,-0.553124,0.378186
primary_strict_point_hn1,3,1069,9069,-0.3101,0.466149
primary_strict_point_hn1,3,1070,9070,-0.445125,0.75178
primary_strict_point_hn1,3,1071,9071,-0.616339,0.669908
primary_strict_point_hn1,3,1072,9072,-0.558797,0.611553
primary_strict_point_hn1,3,1073,9073,-0.939854,0.524705
primary_strict_point_hn1,3,1074,9074,-0.818443,0.57427
primary_strict_point_hn1,3,1075,9075,-0.637665,0.537954
primary_strict_point_hn1,3,1076,9076,-0.627809,0.415743
primary_strict_point_hn1,3,1077,9077,-0.600471,0.337519
primary_strict_point_hn1,3,1078,9078,-0.589992,0.378542
primary_strict_point_hn1,3,1079,9079,-0.590485,0.459937
primary_strict_point_hn1,3,1080,9080,-0.782438,0.527013
primary_strict_point_hn1,3,1081,9081,-0.718543,0.625074
primary_strict_point_hn1,3,1082,9082,-0.725784,0.380251
primary_strict_point_hn1,3,1083,9083,-0.875292,0.454934
primary_strict_point_hn1,3,1084,9084,-0.806715,0.440526
primary_strict_point_hn1,3,1085,9085,-0.657928,0.45522
primary_strict_point_hn1,3,1086,9086,-0.734444,0.484111
primary_strict_point_hn1,3,1087,9087,-0.601217,0.55803
primary_strict_point_hn1,3,1088,9088,-0.638845,0.554039
primary_strict_point_hn1,3,1089,9089,-0.808023,0.453636
primary_strict_point_hn1,3,1090,9090,-0.767014,0.49084
primary_strict_point_hn1,3,1091,9091,-0.83051,0.58584
primary_strict_point_hn1,3,1092,9092,-0.832259,0.380928
primary_strict_point_hn1,3,1093,9093,-0.853803,0.508259
primary_strict_point_hn1,3,1094,9094,-0.369368,0.613054
primary_strict_point_hn1,3,1095,9095,-0.43555,0.636368
primary_strict_point_hn1,3,1096,9096,-0.658479,0.441916
primary_strict_point_hn1,3,1097,9097,-0.573795,0.498524
primary_strict_point_hn1,3,1098,9098,-0.512522,0.461379
primary_strict_point_hn1,3,1099,9099,-0.810954,0.546185
primary_strict_point_hn1,3,1100,9100,-0.904939,0.456979
primary_strict_point_hn1,3,1101,9101,-0.789759,0.576558
primary_strict_point_hn1,3,1102,9102,-0.875478,0.388013
primary_strict_point_hn1,3,1103,9103,-1.13382,0.893607
primary_strict_point_hn1,3,1104,9104,-1.1986,0.781344
primary_strict_point_hn1,3,1105,9105,-1.06936,0.739327
primary_strict_point_hn1,3,1106,9106,-1.05875,0.679522
primary_strict_point_hn1,3,1107,9107,-0.64335,0.454096
primary_strict_point_hn1,3,1108,9108,-0.810478,0.421675
primary_strict_point_hn1,3,1109,9109,-0.673261,0.527475
primary_strict_point_hn1,3,1110,9110,-0.838212,0.545616
primary_strict_point_hn1,3,1111,9111,-0.758858,0.655635
primary_strict_point_hn1,3,1112,9112,-0.819305,0.416891
primary_strict_point_hn1,3,1113,9113,-0.807527,0.528102
primary_strict_point_hn1,3,1114,9114,-1.01054,0.74338
primary_strict_point_hn1,3,1115,9115,-0.917044,0.785166
primary_strict_point_hn1,3,1116,9116,-1.0205,0.601434
primary_strict_point_hn1,3,1117,9117,-0.942885,0.504914
primary_strict_point_hn1,3,1118,9118,-0.905063,0.471892
primary_strict_point_hn1,3,1119,9119,-0.537854,0.523855
primary_strict_point_hn1,3,1120,9120,-0.651957,0.58151
primary_strict_point_hn1,3,1121,9121,-0.670629,0.415888
primary_strict_point_hn1,3,1122,9122,-0.676121,0.700589
primary_strict_point_hn1,3,1123,9123,-0.555397,0.541498
primary_strict_point_hn1,3,1124,9124,-0.622338,0.513659
primary_strict_point_hn1,3,1125,9125,-0.81521,0.353702
primary_strict_point_hn1,3,1126,9126,-0.680799,0.490505
primary_strict_point_hn1,3,1127,9127,-0.63059,0.743215
primary_strict_point_hn1,3,1128,9128,-0.659125,0.625394
primary_strict_point_hn1,3,1129,9129,-0.913604,0.469258
primary_strict_point_hn1,3,1130,9130,-0.881678,0.622651
primary_strict_point_hn1,3,1131,9131,-1.01671,0.661463
primary_strict_point_hn1,3,1132,9132,-0.991729,0.867699
primary_strict_point_hn1,3,1133,9133,-1.0023,0.882671
primary_strict_point_hn1,3,1134,9134,-1.11791,1.23939
primary_strict_point_hn1,3,1135,9135,-1.08213,1.21295
primary_strict_point_hn1,3,1136,9136,-0.982218,1.1071
primary_strict_point_hn1,3,1137,9137,-0.468702,0.923389
primary_strict_point_hn1,3,1138,9138,-0.525896,1.30713
primary_strict_point_hn1,3,1139,9139,-0.530162,1.36106
primary_strict_point_hn1,3,1140,9140,-0.821578,0.72492
primary_strict_point_hn1,3,1141,9141,-0.870878,0.495861
primary_strict_point_hn1,3,1142,9142,-0.607516,0.587335
primary_strict_point_hn1,3,1143,9143,-0.935911,0.484559
primary_strict_point_hn1,3,1144,9144,-0.986726,0.456664
primary_strict_point_hn1,3,1145,9145,-1.05095,0.499054
primary_strict_point_hn1,3,1146,9146,-1.00767,0.466722
primary_strict_point_hn1,3,1147,9147,-0.939361,0.421525
primary_strict_point_hn1,3,1148,9148,-0.239783,0.76131
primary_strict_point_hn1,3,1149,9149,-0.73026,0.628578
primary_strict_point_hn1,3,1150,9150,-0.612474,0.426901
primary_strict_point_hn1,3,1151,9151,-0.597513,0.598656
primary_strict_point_hn1,3,1152,9152,-0.554388,0.578442
primary_strict_point_hn1,3,1153,9153,-0.628332,0.572556
primary_strict_point_hn1,3,1154,9154,-0.42788,0.685862
primary_strict_point_hn1,3,1155,9155,-0.655029,0.553082
primary_strict_point_hn1,3,1156,9156,-0.802189,0.495383
primary_strict_point_hn1,3,1157,9157,-0.627745,0.511393
primary_strict_point_hn1,3,1158,9158,-0.468638,0.497191
primary_strict_point_hn1,3,1159,9159,-0.55392,0.640268
primary_strict_point_hn1,3,1160,9160,-0.52232,0.635611
primary_strict_point_hn1,3,1161,9161,-0.62845,0.610558
primary_strict_point_hn1,3,1162,9162,-0.472507,0.603709
primary_strict_point_hn1,3,1163,9163,-0.782623,0.394951
primary_strict_point_hn1,3,1164,9164,-0.251289,0.458305
primary_strict_point_hn1,3,1165,9165,-0.316637,0.458343
primary_strict_point_hn1,3,1166,9166,-0.325838,0.491172
primary_strict_point_hn1,3,1167,9167,-0.0973267,0.787875
primary_strict_point_hn1,3,1168,9168,-0.337934,0.716297
primary_strict_point_hn1,3,1169,9169,-0.274061,0.761591
primary_strict_point_hn1,3,1170,9170,-0.454279,0.83997
primary_strict_point_hn1,3,1171,9171,-0.481333,0.713473
primary_strict_point_hn1,3,1172,9172,-0.687137,0.929232
primary_strict_point_hn1,3,1173,9173,-0.800313,0.503483
primary_strict_point_hn1,3,1174,9174,-0.820663,0.565404
primary_strict_point_hn1,3,1175,9175,-0.807992,0.464986
primary_strict_point_hn1,3,1176,9176,-0.825805,0.491713
primary_strict_point_hn1,3,1177,9177,-0.749742,0.591342
primary_strict_point_hn1,3,1178,9178,-0.72695,0.551228
primary_strict_point_hn1,3,1179,9179,-0.758295,0.490962
primary_strict_point_hn1,3,1180,9180,-0.618774,0.560582
primary_strict_point_hn1,3,1181,9181,-0.368019,0.646879
primary_strict_point_hn1,3,1182,9182,-0.47066,0.601205
primary_strict_point_hn1,3,1183,9183,-0.424635,0.652152
primary_strict_point_hn1,3,1184,9184,-0.511104,0.410299
primary_strict_point_hn1,3,1185,9185,-0.680975,0.433961
primary_strict_point_hn1,3,1186,9186,-0.79811,0.491986
primary_strict_point_hn1,3,1187,9187,-0.514483,0.391941
primary_strict_point_hn1,3,1188,9188,-0.544899,0.412714
primary_strict_point_hn1,3,1189,9189,-0.818819,0.518995
primary_strict_point_hn1,3,1190,9190,-0.61687,0.443428
primary_strict_point_hn1,3,1191,9191,-0.61534199999999994,0.507366
primary_strict_point_hn1,3,1192,9192,-0.542446,0.37747000000000003
primary_strict_point_hn1,3,1193,9193,-0.54314,0.600145
primary_strict_point_hn1,3,1194,9194,-0.858558,0.648727
primary_strict_point_hn1,3,1195,9195,-0.640575,0.52855
primary_strict_point_hn1,3,1196,9196,-0.470242,0.641389
primary_strict_point_hn1,3,1197,9197,-0.822862,0.857847
primary_strict_point_hn1,3,1198,9198,-0.869938,0.853919
primary_strict_point_hn1,3,1199,9199,-0.829936,0.896027
primary_strict_point_hn1,3,1200,9200,-1.01898,0.852117
primary_strict_point_hn1,3,1201,9201,-0.462068,0.402857
primary_strict_point_hn1,3,1202,9202,-0.24508,0.845456
primary_strict_point_hn1,3,1203,9203,-0.354503,0.684296
primary_strict_point_hn1,3,1204,9204,-0.745269,0.693932
primary_strict_point_hn1,3,1205,9205,-0.651612,0.700095
primary_strict_point_hn1,3,1206,9206,-0.709788,0.675264
primary_strict_point_hn1,3,1207,9207,-0.670376,0.702887
primary_strict_point_hn1,3,1208,9208,-0.712805,0.721445
primary_strict_point_hn1,3,1209,9209,-0.564386,0.764161
primary_strict_point_hn1,3,1210,9210,-0.604496,0.561601
primary_strict_point_hn1,3,1211,9211,-0.506466,0.65647200000000006
primary_strict_point_hn1,3,1212,9212,-0.371878,0.446884
primary_strict_point_hn1,3,1213,9213,-0.410928,0.526275
primary_strict_point_hn1,3,1214,9214,-0.477352,0.589359
primary_strict_point_hn1,3,1215,9215,-0.324504,0.806532
primary_strict_point_hn1,3,1216,9216,-0.597422,0.577188
primary_strict_point_hn1,3,1217,9217,-0.374763,0.661881
primary_strict_point_hn1,3,1218,9218,-0.385797,0.595023
primary_strict_point_hn1,3,1219,9219,-0.460239,0.392808
primary_strict_point_hn1,3,1220,9220,-0.544204,0.302638
primary_strict_point_hn1,3,1221,9221,-0.446522,0.451589
primary_strict_point_hn1,3,1222,9222,-0.172311,0.753293
primary_strict_point_hn1,3,1223,9223,-0.153413,0.76918
primary_strict_point_hn1,3,1224,9224,-0.663904,0.439943
primary_strict_point_hn1,3,1225,9225,-0.650182,0.663461
primary_strict_point_hn1,3,1226,9226,-0.388251,0.616267
primary_strict_point_hn1,3,1227,9227,-0.780711,0.636213
primary_strict_point_hn1,3,1228,9228,-0.733361,0.549363
primary_strict_point_hn1,3,1229,9229,-0.751099,0.740219
primary_strict_point_hn1,3,1230,9230,-0.529973,0.396654
primary_strict_point_hn1,3,1231,9231,-0.607298,0.408019
primary_strict_point_hn1,3,1232,9232,-0.567496,0.334371
primary_strict_point_hn1,3,1233,9233,-0.594117,0.51922
primary_strict_point_hn1,3,1234,9234,-0.551562,0.298503
primary_strict_point_hn1,3,1235,9235,-0.522996,0.390631
primary_strict_point_hn1,3,1236,9236,-0.616695,0.745679
primary_strict_point_hn1,3,1237,9237,-0.491801,0.845963
primary_strict_point_hn1,3,1238,9238,-0.688188,0.793193
primary_strict_point_hn1,3,1239,9239,-0.673987,0.947153
primary_strict_point_hn1,3,1240,9240,-0.637504,0.521391
primary_strict_point_hn1,3,1241,9241,-0.522748,0.644625
primary_strict_point_hn1,3,1242,9242,-0.628943,0.440649
primary_strict_point_hn1,3,1243,9243,-0.599558,0.575362
primary_strict_point_hn1,3,1244,9244,-0.591063,0.549374
primary_strict_point_hn1,3,1245,9245,-0.573551,0.588384
primary_strict_point_hn1,3,1246,9246,-0.675848,0.511419
primary_strict_point_hn1,3,1247,9247,-0.71558600000000006,0.531906
primary_strict_point_hn1,3,1248,9248,-0.72352,0.58545
primary_strict_point_hn1,3,1249,9249,-0.62582,0.350382
primary_strict_point_hn1,3,1250,9250,-0.530499,0.465979
primary_strict_point_hn1,3,1251,9251,-0.49988899999999997,0.393959
primary_strict_point_hn1,3,1252,9252,-0.42662,0.413797
primary_strict_point_hn1,3,1253,9253,-0.393109,0.764137
primary_strict_point_hn1,3,1254,9254,-0.680011,0.647118
primary_strict_point_hn1,3,1255,9255,-0.692298,0.526697
primary_strict_point_hn1,3,1256,9256,-1.01453,0.685987
primary_strict_point_hn1,3,1257,9257,-0.876586,0.656061
primary_strict_point_hn1,3,1258,9258,-0.954551,0.626004
primary_strict_point_hn1,3,1259,9259,-0.848612,0.881423
primary_strict_point_hn1,3,1260,9260,-0.542765,0.922593
primary_strict_point_hn1,3,1261,9261,-0.921949,0.880712
primary_strict_point_hn1,3,1262,9262,-0.984896,0.635448
primary_strict_point_hn1,3,1263,9263,-0.858511,0.569742
primary_strict_point_hn1,3,1264,9264,-0.775383,0.742244
primary_strict_point_hn1,3,1265,9265,-0.871861,0.83097
primary_strict_point_hn1,3,1266,9266,-0.791299,0.475773
primary_strict_point_hn1,3,1267,9267,-0.772656,0.650789
primary_strict_point_hn1,3,1268,9268,-1.18927,0.696219
primary_strict_point_hn1,3,1269,9269,-0.402979,0.591774
primary_strict_point_hn1,3,1270,9270,-0.259813,0.657348
primary_strict_point_hn1,3,1271,9271,-0.743711,0.357535
primary_strict_point_hn1,3,1272,9272,-0.668971,0.333897
primary_strict_point_hn1,3,1273,9273,-0.557333,0.619818
primary_strict_point_hn1,3,1274,9274,-0.791177,0.688663
primary_strict_point_hn1,3,1275,9275,-0.595619,0.634136
primary_strict_point_hn1,3,1276,9276,-0.711793,0.645062
primary_strict_point_hn1,3,1277,9277,-0.628996,0.726864
primary_strict_point_hn1,3,1278,9278,-0.807887,0.674576
primary_strict_point_hn1,3,1279,9279,-0.745221,0.476752
primary_strict_point_hn1,3,1280,9280,-0.686362,0.475881
primary_strict_point_hn1,3,1281,9281,-0.894644,0.578901
primary_strict_point_hn1,3,1282,9282,-1.00417,0.830034
primary_strict_point_hn1,3,1283,9283,-0.775719,0.445957
primary_strict_point_hn1,3,1284,9284,-0.779595,0.455606
primary_strict_point_hn1,3,1285,9285,-0.69256,0.475986
primary_strict_point_hn1,3,1286,9286,-0.298385,0.634131
primary_strict_point_hn1,3,1287,9287,-0.367448,0.517734
primary_strict_point_hn1,3,1288,9288,-0.374611,0.549709
primary_strict_point_hn1,3,1289,9289,-0.416366,0.334057
primary_strict_point_hn1,3,1290,9290,-0.649028,0.49298
primary_strict_point_hn1,3,1291,9291,-0.45931,0.573236
primary_strict_point_hn1,3,1292,9292,-0.480786,0.449534
primary_strict_point_hn1,3,1293,9293,-0.421712,0.421604
primary_strict_point_hn1,3,1294,9294,-0.398032,0.435726
primary_strict_point_hn1,3,1295,9295,-0.470702,0.389608
primary_strict_point_hn1,3,1296,9296,-0.518873,0.497037
primary_strict_point_hn1,3,1297,9297,-0.578077,0.523275
primary_strict_point_hn1,3,1298,9298,-0.598184,0.559333
primary_strict_point_hn1,3,1299,9299,-0.595908,0.550076
primary_strict_point_hn1,3,1300,9300,-0.561207,0.587904
primary_strict_point_hn1,3,1301,9301,-0.650204,0.570584
primary_strict_point_hn1,3,1302,9302,-0.70108,0.726105
primary_strict_point_hn1,3,1303,9303,-0.837916,0.76862
primary_strict_point_hn1,3,1304,9304,-0.91609,0.844403
primary_strict_point_hn1,3,1305,9305,-0.799419,0.653917
primary_strict_point_hn1,3,1306,9306,-0.887126,0.595452
primary_strict_point_hn1,3,1307,9307,-1.10966,0.654886
primary_strict_point_hn1,3,1308,9308,-0.915762,0.591416
primary_strict_point_hn1,3,1309,9309,-0.882577,0.561171
primary_strict_point_hn1,3,1310,9310,-0.812236,0.526824
primary_strict_point_hn1,3,1311,9311,-0.525441,0.363847
primary_strict_point_hn1,3,1312,9312,-0.559048,0.600759
primary_strict_point_hn1,3,1313,9313,-0.564646,0.578428
primary_strict_point_hn1,3,1314,9314,-0.579545,0.420951
primary_strict_point_hn1,3,1315,9315,-0.70746,0.530723
primary_strict_point_hn1,3,1316,9316,-1.36014,0.810723
primary_strict_point_hn1,3,1317,9317,-0.811357,0.433631
primary_strict_point_hn1,3,1318,9318,-0.62283,0.369779
primary_strict_point_hn1,3,1319,9319,-0.865795,0.49354
primary_strict_point_hn1,3,1320,9320,-0.905691,0.507141
primary_strict_point_hn1,3,1321,9321,-0.718669,0.607301
primary_strict_point_hn1,3,1322,9322,-0.477099,0.861801
primary_strict_point_hn1,3,1323,9323,-0.560481,0.350094
primary_strict_point_hn1,3,1324,9324,-0.690188,0.405848
primary_strict_point_hn1,3,1325,9325,-0.781648,0.456164
primary_strict_point_hn1,3,1326,9326,-0.784628,0.422962
primary_strict_point_hn1,3,1327,9327,-0.772859,0.581612
primary_strict_point_hn1,3,1328,9328,-0.852018,0.692485
primary_strict_point_hn1,3,1329,9329,-0.66003,0.438437
primary_strict_point_hn1,3,1330,9330,-0.642693,0.53536
primary_strict_point_hn1,3,1331,9331,-0.918131,0.60091
primary_strict_point_hn1,3,1332,9332,-0.681096,0.50068
primary_strict_point_hn1,3,1333,9333,-0.799067,0.495014
primary_strict_point_hn1,3,1334,9334,-1.04548,0.538711
primary_strict_point_hn1,3,1335,9335,-0.936803,0.748857
primary_strict_point_hn1,3,1336,9336,-0.661355,0.578516
primary_strict_point_hn1,3,1337,9337,-0.541307,0.578698
primary_strict_point_hn1,3,1338,9338,-0.229017,0.629933
primary_strict_point_hn1,3,1339,9339,-0.751743,0.616132
primary_strict_point_hn1,3,1340,9340,-0.643718,0.644324
primary_strict_point_hn1,3,1341,9341,-0.736821,0.682187
primary_strict_point_hn1,3,1342,9342,-0.608915,0.305831
primary_strict_point_hn1,3,1343,9343,-0.612606,0.31851
primary_strict_point_hn1,3,1344,9344,-0.674245,0.515324
primary_strict_point_hn1,3,1345,9345,-0.969917,0.706587
primary_strict_point_hn1,3,1346,9346,-0.797936,0.506989
primary_strict_point_hn1,3,1347,9347,-0.655013,0.514827
primary_strict_point_hn1,3,1348,9348,-0.577185,0.773684
primary_strict_point_hn1,3,1349,9349,-0.487936,0.63136
primary_strict_point_hn1,3,1350,9350,-0.640418,0.773365
primary_strict_point_hn1,3,1351,9351,-0.694445,0.609743
primary_strict_point_hn1,3,1352,9352,-0.678093,0.620566
primary_strict_point_hn1,3,1353,9353,-0.678272,0.721505
primary_strict_point_hn1,3,1354,9354,-0.823146,0.659426
primary_strict_point_hn1,3,1355,9355,-0.761844,0.632246
primary_strict_point_hn1,3,1356,9356,-0.919521,0.824982
primary_strict_point_hn1,3,1357,9357,-0.604374,0.814551
primary_strict_point_hn1,3,1358,9358,-0.455213,0.629178
primary_strict_point_hn1,3,1359,9359,-0.427499,0.595958
primary_strict_point_hn1,3,1360,9360,-0.418813,0.491038
primary_strict_point_hn1,3,1361,9361,-0.380295,0.446431
primary_strict_point_hn1,3,1362,9362,-0.301983,0.58698
primary_strict_point_hn1,3,1363,9363,-0.609454,0.48233
primary_strict_point_hn1,3,1364,9364,-0.335243,0.617777
primary_strict_point_hn1,3,1365,9365,-0.4942,0.555833
primary_strict_point_hn1,3,1366,9366,-0.585437,0.448412
primary_strict_point_hn1,3,1367,9367,-0.518364,0.709691
primary_strict_point_hn1,3,1368,9368,-0.519055,0.679581
primary_strict_point_hn1,3,1369,9369,-0.420926,0.666172
primary_strict_point_hn1,3,1370,9370,-0.387371,0.860081
primary_strict_point_hn1,3,1371,9371,-0.400211,0.535175
primary_strict_point_hn1,3,1372,9372,-0.717219,0.736371
primary_strict_point_hn1,3,1373,9373,-0.778616,0.554609
primary_strict_point_hn1,3,1374,9374,-0.871284,0.535367
primary_strict_point_hn1,3,1375,9375,-0.860443,0.57646
primary_strict_point_hn1,3,1376,9376,-0.732639,0.516614
primary_strict_point_hn1,3,1377,9377,-0.525856,0.502255
primary_strict_point_hn1,3,1378,9378,-0.397486,0.504443
primary_strict_point_hn1,3,1379,9379,-0.631747,0.439848
primary_strict_point_hn1,3,1380,9380,-0.581347,0.550024
primary_strict_point_hn1,3,1381,9381,-0.540431,0.525423
primary_strict_point_hn1,3,1382,9382,-0.348589,0.614487
primary_strict_point_hn1,3,1383,9383,-0.48612,0.851536
primary_strict_point_hn1,3,1384,9384,-0.429008,0.705243
primary_strict_point_hn1,3,1385,9385,-0.416907,0.584195
primary_strict_point_hn1,3,1386,9386,-0.488426,0.55108
primary_strict_point_hn1,3,1387,9387,-0.331318,0.58929
primary_strict_point_hn1,3,1388,9388,-0.284648,0.7701
primary_strict_point_hn1,3,1389,9389,-0.501057,0.742192
primary_strict_point_hn1,3,1390,9390,-0.378039,1.01015
primary_strict_point_hn1,3,1391,9391,-0.657063,0.567534
primary_strict_point_hn1,3,1392,9392,-0.00476224,0.811885
primary_strict_point_hn1,3,1393,9393,-0.0268819,0.770856
primary_strict_point_hn1,3,1394,9394,0.191664,0.892638
primary_strict_point_hn1,3,1395,9395,-0.224809,0.669409
primary_strict_point_hn1,3,1396,9396,-0.27933,0.715607
primary_strict_point_hn1,3,1397,9397,-0.0186135,0.744723
primary_strict_point_hn1,3,1398,9398,0.150185,1.08072
primary_strict_point_hn1,3,1399,9399,0.190555,1.073
primary_strict_point_hn1,3,1400,9400,0.00704556,0.935199
primary_strict_point_hn1,3,1401,9401,-0.0654198,0.897858
primary_strict_point_hn1,3,1402,9402,-0.046068,0.898028
primary_strict_point_hn1,3,1403,9403,-0.0686726,0.829055
primary_strict_point_hn1,3,1404,9404,-0.0390216,0.802934
primary_strict_point_hn1,3,1405,9405,-0.38831,0.386706
primary_strict_point_hn1,3,1406,9406,-0.379092,0.436814
primary_strict_point_hn1,3,1407,9407,-0.527664,0.404949
primary_strict_point_hn1,3,1408,9408,-0.723963,0.611693
primary_strict_point_hn1,3,1409,9409,-0.819644,0.672621
primary_strict_point_hn1,3,1410,9410,-0.785187,0.69833
primary_strict_point_hn1,3,1411,9411,-0.77717,0.692652
primary_strict_point_hn1,3,1412,9412,-0.653433,0.501899
primary_strict_point_hn1,3,1413,9413,-0.727424,0.528373
primary_strict_point_hn1,3,1414,9414,-0.660013,0.668138
primary_strict_point_hn1,3,1415,9415,-0.395632,0.666711
primary_strict_point_hn1,3,1416,9416,-0.452014,0.46236
primary_strict_point_hn1,3,1417,9417,-0.515003,0.619784
primary_strict_point_hn1,3,1418,9418,-0.504065,0.586762
primary_strict_point_hn1,3,1419,9419,-0.670575,0.73989
primary_strict_point_hn1,3,1420,9420,-0.369656,0.721673
primary_strict_point_hn1,3,1421,9421,-0.541761,0.654783
primary_strict_point_hn1,3,1422,9422,-0.413773,0.465519
primary_strict_point_hn1,3,1423,9423,-0.672461,0.611506
primary_strict_point_hn1,3,1424,9424,-0.643379,0.591034
primary_strict_point_hn1,3,1425,9425,-0.889899,0.608046
primary_strict_point_hn1,3,1426,9426,-0.503148,0.459289
primary_strict_point_hn1,3,1427,9427,-0.807708,0.623074
primary_strict_point_hn1,3,1428,9428,-0.63471,0.492697
primary_strict_point_hn1,3,1429,9429,-0.649875,0.782113
primary_strict_point_hn1,3,1430,9430,-0.784458,0.521861
primary_strict_point_hn1,3,1431,9431,-0.527578,0.551383
primary_strict_point_hn1,3,1432,9432,-0.755043,0.487428
primary_strict_point_hn1,3,1433,9433,-0.542226,0.483423
primary_strict_point_hn1,3,1434,9434,-0.580406,0.301332
primary_strict_point_hn1,3,1435,9435,-0.471572,0.4992
primary_strict_point_hn1,3,1436,9436,-0.676716,0.529016
primary_strict_point_hn1,3,1437,9437,-0.56674,0.631852
primary_strict_point_hn1,3,1438,9438,-0.637087,0.452488
primary_strict_point_hn1,3,1439,9439,-0.73651199999999994,0.561961
primary_strict_point_hn1,3,1440,9440,-0.625412,0.47482
primary_strict_point_hn1,3,1441,9441,-0.708009,0.468818
primary_strict_point_hn1,3,1442,9442,-0.681735,0.463815
primary_strict_point_hn1,3,1443,9443,-0.675187,0.532922
primary_strict_point_hn1,3,1444,9444,-0.996265,0.694014
primary_strict_point_hn1,3,1445,9445,-0.920319,0.684156
primary_strict_point_hn1,3,1446,9446,-0.918367,0.755363
primary_strict_point_hn1,3,1447,9447,-0.89273,0.811986
primary_strict_point_hn1,3,1448,9448,-0.889826,0.743929
primary_strict_point_hn1,3,1449,9449,-1.01806,0.823579
primary_strict_point_hn1,3,1450,9450,-1.00718,0.912928
primary_strict_point_hn1,3,1451,9451,-0.784735,0.442514
primary_strict_point_hn1,3,1452,9452,-0.874617,0.479505
primary_strict_point_hn1,3,1453,9453,-0.734726,0.322364
primary_strict_point_hn1,3,1454,9454,-0.711997,0.289849
primary_strict_point_hn1,3,1455,9455,-0.658442,0.554742
primary_strict_point_hn1,3,1456,9456,-0.558044,0.525224
primary_strict_point_hn1,3,1457,9457,-0.574744,0.435965
primary_strict_point_hn1,3,1458,9458,-0.662306,0.463831
primary_strict_point_hn1,3,1459,9459,-0.550809,0.37675
primary_strict_point_hn1,3,1460,9460,-0.652775,0.357758
primary_strict_point_hn1,3,1461,9461,-0.582559,0.459111
primary_strict_point_hn1,3,1462,9462,-0.776543,0.517411
primary_strict_point_hn1,3,1463,9463,-0.659545,0.471617
primary_strict_point_hn1,3,1464,9464,-0.831998,0.558267
primary_strict_point_hn1,3,1465,9465,-0.696143,0.38601
primary_strict_point_hn1,3,1466,9466,-0.763233,0.575398
primary_strict_point_hn1,3,1467,9467,-0.704831,0.65915
primary_strict_point_hn1,3,1468,9468,-0.593918,0.666483
primary_strict_point_hn1,3,1469,9469,-0.603162,0.781292
primary_strict_point_hn1,3,1470,9470,-0.588637,0.543054
primary_strict_point_hn1,3,1471,9471,-0.795857,0.720241
primary_strict_point_hn1,3,1472,9472,-0.753239,0.539845
primary_strict_point_hn1,3,1473,9473,-0.809649,0.437084
primary_strict_point_hn1,3,1474,9474,-0.854635,0.453141
primary_strict_point_hn1,3,1475,9475,-0.839746,0.450269
primary_strict_point_hn1,3,1476,9476,-0.900961,0.48848
primary_strict_point_hn1,3,1477,9477,-0.244672,0.416052
primary_strict_point_hn1,3,1478,9478,-0.290813,0.386013
primary_strict_point_hn1,3,1479,9479,-0.233121,0.575083
primary_strict_point_hn1,3,1480,9480,-0.508177,0.438757
primary_strict_point_hn1,3,1481,9481,-0.490883,0.472431
primary_strict_point_hn1,3,1482,9482,-0.336433,0.664501
primary_strict_point_hn1,3,1483,9483,-0.498563,0.667022
primary_strict_point_hn1,3,1484,9484,-0.644807,0.633851
primary_strict_point_hn1,3,1485,9485,-0.337876,0.743508
primary_strict_point_hn1,3,1486,9486,-0.351742,0.907948
primary_strict_point_hn1,3,1487,9487,-0.456075,0.580805
primary_strict_point_hn1,3,1488,9488,-0.426337,0.586576
primary_strict_point_hn1,3,1489,9489,-0.388843,0.602408
primary_strict_point_hn1,3,1490,9490,-0.884929,0.880612
primary_strict_point_hn1,3,1491,9491,-0.903951,0.595486
primary_strict_point_hn1,3,1492,9492,-0.996742,0.869087
primary_strict_point_hn1,3,1493,9493,-1.01581,0.694291
primary_strict_point_hn1,3,1494,9494,-0.81428,0.880441
primary_strict_point_hn1,3,1495,9495,-0.557085,0.518264
primary_strict_point_hn1,3,1496,9496,-0.575846,0.563626
primary_strict_point_hn1,3,1497,9497,-0.565222,0.483424
primary_strict_point_hn1,3,1498,9498,-0.526447,0.416698
primary_strict_point_hn1,3,1499,9499,-0.609657,0.464899
primary_strict_point_hn1,3,1500,9500,-0.521247,0.430924
primary_strict_point_hn1,3,1501,9501,-0.55412,0.38796
primary_strict_point_hn1,3,1502,9502,-0.561737,0.485161
primary_strict_point_hn1,3,1503,9503,-0.607259,0.472041
primary_strict_point_hn1,3,1504,9504,-0.637459,0.548668
primary_strict_point_hn1,3,1505,9505,-0.574516,0.481091
primary_strict_point_hn1,3,1506,9506,-0.82831,0.509063
primary_strict_point_hn1,3,1507,9507,-0.77484,0.657439
primary_strict_point_hn1,3,1508,9508,-0.90672,0.753264
primary_strict_point_hn1,3,1509,9509,-0.999274,0.929569
primary_strict_point_hn1,3,1510,9510,-0.854211,0.599938
primary_strict_point_hn1,3,1511,9511,-0.722025,0.733566
primary_strict_point_hn1,3,1512,9512,-0.677923,0.578877
primary_strict_point_hn1,3,1513,9513,-0.771712,0.576939
primary_strict_point_hn1,3,1514,9514,-0.859983,0.650133
primary_strict_point_hn1,3,1515,9515,-0.634247,0.499608
primary_strict_point_hn1,3,1516,9516,-0.672104,0.480886
primary_strict_point_hn1,3,1517,9517,-0.69492,0.331191
primary_strict_point_hn1,3,1518,9518,-0.486907,0.426657
primary_strict_point_hn1,3,1519,9519,-0.426698,0.549035
primary_strict_point_hn1,3,1520,9520,-0.839964,0.687448
primary_strict_point_hn1,3,1521,9521,-0.949972,0.717676
primary_strict_point_hn1,3,1522,9522,-0.78413,0.769186
primary_strict_point_hn1,3,1523,9523,-1.1563,0.797785
primary_strict_point_hn1,3,1524,9524,-0.829284,0.41678
primary_strict_point_hn1,3,1525,9525,-0.842247,0.434208
primary_strict_point_hn1,3,1526,9526,-1.15835,0.618014
primary_strict_point_hn1,3,1527,9527,-1.01775,0.918046
primary_strict_point_hn1,3,1528,9528,-1.03023,0.542686
primary_strict_point_hn1,3,1529,9529,-1.08123,0.578217
primary_strict_point_hn1,3,1530,9530,-0.810207,0.689631
primary_strict_point_hn1,3,1531,9531,-0.786845,0.698329
primary_strict_point_hn1,3,1532,9532,-0.534967,0.580181
primary_strict_point_hn1,3,1533,9533,-0.504513,0.992337
primary_strict_point_hn1,3,1534,9534,-0.590749,0.946744
primary_strict_point_hn1,3,1535,9535,-0.416132,0.754167
primary_strict_point_hn1,3,1536,9536,-0.882226,0.703071
primary_strict_point_hn1,3,1537,9537,-0.80952,0.611929
primary_strict_point_hn1,3,1538,9538,-1.25063,0.824726
primary_strict_point_hn1,3,1539,9539,-0.775294,0.527523
primary_strict_point_hn1,3,1540,9540,-0.601777,0.643855
primary_strict_point_hn1,3,1541,9541,-0.580423,0.619883
primary_strict_point_hn1,3,1542,9542,-0.589651,0.579817
primary_strict_point_hn1,3,1543,9543,-0.521001,0.607419
primary_strict_point_hn1,3,1544,9544,-0.736297,0.68721
primary_strict_point_hn1,3,1545,9545,-0.642929,0.569145
primary_strict_point_hn1,3,1546,9546,-0.734241,0.562222
primary_strict_point_hn1,3,1547,9547,-0.677331,0.513786
primary_strict_point_hn1,3,1548,9548,-0.640788,0.484821
primary_strict_point_hn1,3,1549,9549,-0.597547,0.548285
primary_strict_point_hn1,3,1550,9550,-0.69458,0.402596
primary_strict_point_hn1,3,1551,9551,-0.676484,0.405456
primary_strict_point_hn1,3,1552,9552,-0.696299,0.354134
primary_strict_point_hn1,3,1553,9553,-0.716306,0.61603
primary_strict_point_hn1,3,1554,9554,-0.715873,0.503698
primary_strict_point_hn1,3,1555,9555,-0.833639,0.628132
primary_strict_point_hn1,3,1556,9556,-0.570831,0.303212
primary_strict_point_hn1,3,1557,9557,-0.577197,0.51219
primary_strict_point_hn1,3,1558,9558,-0.565903,0.477861
primary_strict_point_hn1,3,1559,9559,-0.450046,0.724307
primary_strict_point_hn1,3,1560,9560,-0.636243,0.809525
primary_strict_point_hn1,3,1561,9561,-0.6386,0.642259
primary_strict_point_hn1,3,1562,9562,-0.539,0.677511
primary_strict_point_hn1,3,1563,9563,-0.494408,0.626643
primary_strict_point_hn1,3,1564,9564,-0.523189,0.583402
primary_strict_point_hn1,3,1565,9565,-0.639603,0.42184
primary_strict_point_hn1,3,1566,9566,-0.752724,0.63136
primary_strict_point_hn1,3,1567,9567,-0.404857,0.932357
primary_strict_point_hn1,3,1568,9568,-0.374334,0.910844
primary_strict_point_hn1,3,1569,9569,-0.38244,0.928394
primary_strict_point_hn1,3,1570,9570,-0.749385,0.594982
primary_strict_point_hn1,3,1571,9571,-0.776127,0.628638
primary_strict_point_hn1,3,1572,9572,-0.704212,0.782142
primary_strict_point_hn1,3,1573,9573,-0.611589,0.67704
primary_strict_point_hn1,3,1574,9574,-0.633491,0.68765
primary_strict_point_hn1,3,1575,9575,-0.931399,0.452229
primary_strict_point_hn1,3,1576,9576,-0.805756,0.561097
primary_strict_point_hn1,3,1577,9577,-0.841641,0.499936
primary_strict_point_hn1,3,1578,9578,-1.07015,0.601361
primary_strict_point_hn1,3,1579,9579,-0.934116,0.547057
primary_strict_point_hn1,3,1580,9580,-0.557665,0.513721
primary_strict_point_hn1,3,1581,9581,-0.522226,0.634914
primary_strict_point_hn1,3,1582,9582,-0.488871,0.541091
primary_strict_point_hn1,3,1583,9583,-0.322625,0.571182
primary_strict_point_hn1,3,1584,9584,-0.602364,0.352483
primary_strict_point_hn1,3,1585,9585,-0.559884,0.51678
primary_strict_point_hn1,3,1586,9586,-0.645792,0.466282
primary_strict_point_hn1,3,1587,9587,-0.631011,0.77824
primary_strict_point_hn1,3,1588,9588,-0.782025,0.525965
primary_strict_point_hn1,3,1589,9589,-0.59864,0.494472
primary_strict_point_hn1,3,1590,9590,-0.566521,0.407763
primary_strict_point_hn1,3,1591,9591,-0.646342,0.593747
primary_strict_point_hn1,3,1592,9592,-0.705073,0.457695
primary_strict_point_hn1,3,1593,9593,-0.779914,0.33166
primary_strict_point_hn1,3,1594,9594,-0.794771,0.529881
primary_strict_point_hn1,3,1595,9595,-0.719478,0.431208
primary_strict_point_hn1,3,1596,9596,-0.726387,0.527654
primary_strict_point_hn1,3,1597,9597,-0.564218,0.386791
primary_strict_point_hn1,3,1598,9598,-0.620344,0.41173
primary_strict_point_hn1,3,1599,9599,-0.712942,0.314804
primary_strict_point_hn1,3,1600,9600,-0.610332,0.456368
primary_strict_point_hn1,3,1601,9601,-0.76381,0.48322
primary_strict_point_hn1,3,1602,9602,-0.307266,0.831154
primary_strict_point_hn1,3,1603,9603,-0.724527,0.691753
primary_strict_point_hn1,3,1604,9604,-0.29711,0.409159
primary_strict_point_hn1,3,1605,9605,-0.327305,0.49053
primary_strict_point_hn1,3,1606,9606,-0.502874,0.50155
primary_strict_point_hn1,3,1607,9607,-0.641179,0.550768
primary_strict_point_hn1,3,1608,9608,-0.879045,0.788686
primary_strict_point_hn1,3,1609,9609,-0.857416,0.756275
primary_strict_point_hn1,3,1610,9610,-1.01758,0.627231
primary_strict_point_hn1,3,1611,9611,-0.766123,0.658043
primary_strict_point_hn1,3,1612,9612,-0.842056,0.748551
primary_strict_point_hn1,3,1613,9613,-0.410137,0.75185
primary_strict_point_hn1,3,1614,9614,-0.424322,0.732359
primary_strict_point_hn1,3,1615,9615,-0.351892,0.726715
primary_strict_point_hn1,3,1616,9616,-0.593535,0.970512
primary_strict_point_hn1,3,1617,9617,-0.655874,0.442526
primary_strict_point_hn1,3,1618,9618,-0.533682,0.982276
primary_strict_point_hn1,3,1619,9619,-0.591588,0.402584
primary_strict_point_hn1,3,1620,9620,-0.556404,0.461307
primary_strict_point_hn1,3,1621,9621,-0.534986,0.725472
primary_strict_point_hn1,3,1622,9622,-0.451291,0.717821
primary_strict_point_hn1,3,1623,9623,-0.415233,0.742854
primary_strict_point_hn1,3,1624,9624,-0.603661,0.450577
primary_strict_point_hn1,3,1625,9625,-0.261865,0.665814
primary_strict_point_hn1,3,1626,9626,-0.288035,0.615282
primary_strict_point_hn1,3,1627,9627,-0.618972,0.827093
primary_strict_point_hn1,3,1628,9628,-0.615503,0.688874
primary_strict_point_hn1,3,1629,9629,-0.60604,0.545191
primary_strict_point_hn1,3,1630,9630,-0.727856,0.559619
primary_strict_point_hn1,3,1631,9631,-0.544894,0.417947
primary_strict_point_hn1,3,1632,9632,-0.774616,0.468629
primary_strict_point_hn1,3,1633,9633,-0.660653,0.436617
primary_strict_point_hn1,3,1634,9634,-0.661358,0.559447
primary_strict_point_hn1,3,1635,9635,-0.613636,0.597358
primary_strict_point_hn1,3,1636,9636,-0.483848,0.514926
primary_strict_point_hn1,3,1637,9637,-0.505482,0.576652
primary_strict_point_hn1,3,1638,9638,-0.017754700000000002,0.605883
primary_strict_point_hn1,3,1639,9639,-0.272345,0.507579
primary_strict_point_hn1,3,1640,9640,-0.187161,0.708198
primary_strict_point_hn1,3,1641,9641,-0.261832,0.833203
primary_strict_point_hn1,3,1642,9642,-0.264204,0.567316
primary_strict_point_hn1,3,1643,9643,-0.435799,0.52156
primary_strict_point_hn1,3,1644,9644,-0.55479,0.377637
primary_strict_point_hn1,3,1645,9645,-0.607333,0.390041
primary_strict_point_hn1,3,1646,9646,-0.613465,0.312105
primary_strict_point_hn1,3,1647,9647,-0.639841,0.501374
primary_strict_point_hn1,3,1648,9648,-0.6881,0.471973
primary_strict_point_hn1,3,1649,9649,-0.361217,0.445785
primary_strict_point_hn1,3,1650,9650,-0.492057,0.516546
primary_strict_point_hn1,3,1651,9651,-0.94306,0.633251
primary_strict_point_hn1,3,1652,9652,-0.945391,0.869085
primary_strict_point_hn1,3,1653,9653,-0.490584,0.603979
primary_strict_point_hn1,3,1654,9654,-0.597908,0.442424
primary_strict_point_hn1,3,1655,9655,-0.829555,0.517278
primary_strict_point_hn1,3,1656,9656,-0.705405,0.41155
primary_strict_point_hn1,3,1657,9657,-0.542509,0.457143
primary_strict_point_hn1,3,1658,9658,-0.576673,0.434194
primary_strict_point_hn1,3,1659,9659,-0.699859,0.433435
primary_strict_point_hn1,3,1660,9660,-0.556169,0.604825
primary_strict_point_hn1,3,1661,9661,-0.53711,0.466069
primary_strict_point_hn1,3,1662,9662,-0.717827,0.573719
primary_strict_point_hn1,3,1663,9663,-0.571623,0.647836
primary_strict_point_hn1,3,1664,9664,-0.64563,0.570105
primary_strict_point_hn1,3,1665,9665,-0.662471,0.491681
primary_strict_point_hn1,3,1666,9666,-0.849382,0.644365
primary_strict_point_hn1,3,1667,9667,-0.349444,0.588153
primary_strict_point_hn1,3,1668,9668,-0.303564,0.521809
primary_strict_point_hn1,3,1669,9669,-0.531551,0.495601
primary_strict_point_hn1,3,1670,9670,-0.598463,0.512424
primary_strict_point_hn1,3,1671,9671,-0.404468,0.5717
primary_strict_point_hn1,3,1672,9672,-0.270091,0.662518
primary_strict_point_hn1,3,1673,9673,-0.296076,0.645845
primary_strict_point_hn1,3,1674,9674,-0.143278,0.824358
primary_strict_point_hn1,3,1675,9675,-0.116786,0.773136
primary_strict_point_hn1,3,1676,9676,-0.52205,0.417553
primary_strict_point_hn1,3,1677,9677,-0.673652,0.439766
primary_strict_point_hn1,3,1678,9678,-0.63981,0.441837
primary_strict_point_hn1,3,1679,9679,-0.630732,0.599763
primary_strict_point_hn1,3,1680,9680,-0.699927,0.482822
primary_strict_point_hn1,3,1681,9681,-0.740193,0.486766
primary_strict_point_hn1,3,1682,9682,-0.647949,0.572498
primary_strict_point_hn1,3,1683,9683,-0.525582,0.380384
primary_strict_point_hn1,3,1684,9684,-0.731114,0.494514
primary_strict_point_hn1,3,1685,9685,-0.739938,0.532141
primary_strict_point_hn1,3,1686,9686,-0.644138,0.552903
primary_strict_point_hn1,3,1687,9687,-0.661998,0.491722
primary_strict_point_hn1,3,1688,9688,-0.660287,0.511068
primary_strict_point_hn1,3,1689,9689,-0.607189,0.380349
primary_strict_point_hn1,3,1690,9690,-0.621471,0.421976
primary_strict_point_hn1,3,1691,9691,-0.656241,0.932764
primary_strict_point_hn1,3,1692,9692,-0.526082,0.91333
primary_strict_point_hn1,3,1693,9693,-0.536443,0.940102
primary_strict_point_hn1,3,1694,9694,-0.320709,0.882613
primary_strict_point_hn1,3,1695,9695,-0.60009,0.814445
primary_strict_point_hn1,3,1696,9696,-0.412954,1.03232
primary_strict_point_hn1,3,1697,9697,-0.525712,0.505948
primary_strict_point_hn1,3,1698,9698,-0.543145,0.474722
primary_strict_point_hn1,3,1699,9699,-0.53583,0.43579
primary_strict_point_hn1,3,1700,9700,-0.316599,0.667267
primary_strict_point_hn1,3,1701,9701,-0.357951,0.613811
primary_strict_point_hn1,3,1702,9702,-0.515908,0.635171
primary_strict_point_hn1,3,1703,9703,-0.729768,0.607638
primary_strict_point_hn1,3,1704,9704,-0.646037,0.617718
primary_strict_point_hn1,3,1705,9705,-0.458653,0.626751
primary_strict_point_hn1,3,1706,9706,-0.629003,0.970977
primary_strict_point_hn1,3,1707,9707,-0.555755,0.949903
primary_strict_point_hn1,3,1708,9708,-0.55705,0.845299
primary_strict_point_hn1,3,1709,9709,-0.407767,0.965929
primary_strict_point_hn1,3,1710,9710,-0.506866,0.631135
primary_strict_point_hn1,3,1711,9711,-0.127806,0.62598
primary_strict_point_hn1,3,1712,9712,0.210516,0.751473
primary_strict_point_hn1,3,1713,9713,0.211045,0.897256
primary_strict_point_hn1,3,1714,9714,0.0837641,0.784011
primary_strict_point_hn1,3,1715,9715,0.125056,0.790326
primary_strict_point_hn1,3,1716,9716,-0.286991,0.514707
primary_strict_point_hn1,3,1717,9717,-0.171227,0.594228
primary_strict_point_hn1,3,1718,9718,-0.229609,0.618982
primary_strict_point_hn1,3,1719,9719,-0.455514,0.777386
primary_strict_point_hn1,3,1720,9720,-0.675149,0.738214
primary_strict_point_hn1,3,1721,9721,-0.647854,0.67661
primary_strict_point_hn1,3,1722,9722,-0.562412,0.647113
primary_strict_point_hn1,3,1723,9723,-0.496584,0.620198
primary_strict_point_hn1,3,1724,9724,-0.597398,0.573977
primary_strict_point_hn1,3,1725,9725,-0.630625,0.488853
primary_strict_point_hn1,3,1726,9726,-0.787928,0.742826
primary_strict_point_hn1,3,1727,9727,-0.8335,0.591813
primary_strict_point_hn1,3,1728,9728,-0.934483,0.66635
primary_strict_point_hn1,3,1729,9729,-0.882102,0.579832
primary_strict_point_hn1,3,1730,9730,-0.750137,0.575995
primary_strict_point_hn1,3,1731,9731,-0.476952,0.522615
primary_strict_point_hn1,3,1732,9732,-0.475207,0.506035
primary_strict_point_hn1,3,1733,9733,-0.488845,0.4268
primary_strict_point_hn1,3,1734,9734,-0.541717,0.47747
primary_strict_point_hn1,3,1735,9735,-0.462408,0.717254
primary_strict_point_hn1,3,1736,9736,-0.28417,0.701057
primary_strict_point_hn1,3,1737,9737,-0.255039,0.768715
primary_strict_point_hn1,3,1738,9738,-0.287911,0.533756
primary_strict_point_hn1,3,1739,9739,-0.333206,0.431024
primary_strict_point_hn1,3,1740,9740,-0.195794,0.549296
primary_strict_point_hn1,3,1741,9741,-0.152587,0.465855
primary_strict_point_hn1,3,1742,9742,-0.468801,0.49027
primary_strict_point_hn1,3,1743,9743,-0.493324,0.533561
primary_strict_point_hn1,3,1744,9744,-0.492876,0.438156
primary_strict_point_hn1,3,1745,9745,-0.419191,0.449935
primary_strict_point_hn1,3,1746,9746,-0.187332,0.616697
primary_strict_point_hn1,3,1747,9747,-0.131322,0.987433
primary_strict_point_hn1,3,1748,9748,-0.176749,0.584084
primary_strict_point_hn1,3,1749,9749,-0.332131,0.63192
primary_strict_point_hn1,3,1750,9750,-0.28903,0.786339
primary_strict_point_hn1,3,1751,9751,-0.1784,0.963291
primary_strict_point_hn1,3,1752,9752,-0.180078,0.819755
primary_strict_point_hn1,3,1753,9753,-0.161471,0.754136
primary_strict_point_hn1,3,1754,9754,-0.0803614,0.866862
primary_strict_point_hn1,3,1755,9755,-0.0491037,0.778897
primary_strict_point_hn1,3,1756,9756,0.0305093,0.882537
primary_strict_point_hn1,3,1757,9757,-0.20237,0.660981
primary_strict_point_hn1,3,1758,9758,-0.0303699,0.889827
primary_strict_point_hn1,3,1759,9759,-0.388791,0.478877
primary_strict_point_hn1,3,1760,9760,-0.225865,0.561391
primary_strict_point_hn1,3,1761,9761,-0.33812,0.734776
primary_strict_point_hn1,3,1762,9762,-0.380371,0.639371
primary_strict_point_hn1,3,1763,9763,-0.494406,0.803301
primary_strict_point_hn1,3,1764,9764,-0.588116,0.776181
primary_strict_point_hn1,3,1765,9765,-0.62635,0.866199
primary_strict_point_hn1,3,1766,9766,-0.91516,0.407034
primary_strict_point_hn1,3,1767,9767,-0.914589,0.449583
primary_strict_point_hn1,3,1768,9768,-0.930973,0.491542
primary_strict_point_hn1,3,1769,9769,-1.02114,0.720069
primary_strict_point_hn1,3,1770,9770,-0.990441,0.651773
primary_strict_point_hn1,3,1771,9771,-0.700965,0.596533
primary_strict_point_hn1,3,1772,9772,-0.923978,0.610826
primary_strict_point_hn1,3,1773,9773,-0.727429,0.78000100000000006
primary_strict_point_hn1,3,1774,9774,-0.650144,0.706986
primary_strict_point_hn1,3,1775,9775,-0.739301,0.784679
primary_strict_point_hn1,3,1776,9776,-0.654852,0.386473
primary_strict_point_hn1,3,1777,9777,-0.821354,0.45708
primary_strict_point_hn1,3,1778,9778,-0.794167,0.631319
primary_strict_point_hn1,3,1779,9779,-0.671708,0.637885
primary_strict_point_hn1,3,1780,9780,-0.473492,0.314404
primary_strict_point_hn1,3,1781,9781,-0.488505,0.438966
primary_strict_point_hn1,3,1782,9782,-0.621346,0.369243
primary_strict_point_hn1,3,1783,9783,-0.565653,0.469059
primary_strict_point_hn1,3,1784,9784,-0.822803,0.477998
primary_strict_point_hn1,3,1785,9785,-0.890906,0.62994000000000006
primary_strict_point_hn1,3,1786,9786,-1.02371,0.548779
primary_strict_point_hn1,3,1787,9787,-0.770827,0.436835
primary_strict_point_hn1,3,1788,9788,-0.54071,0.636302
primary_strict_point_hn1,3,1789,9789,-0.698498,0.599214
primary_strict_point_hn1,3,1790,9790,-0.473499,0.605683
primary_strict_point_hn1,3,1791,9791,-0.665117,0.446292
primary_strict_point_hn1,3,1792,9792,-0.416376,0.602863
primary_strict_point_hn1,3,1793,9793,-0.451428,0.654918
primary_strict_point_hn1,3,1794,9794,-0.478664,0.467566
primary_strict_point_hn1,3,1795,9795,-0.634741,0.32012
primary_strict_point_hn1,3,1796,9796,-0.581107,0.522716
primary_strict_point_hn1,3,1797,9797,-0.469962,0.700953
primary_strict_point_hn1,3,1798,9798,-0.766203,0.553984
primary_strict_point_hn1,3,1799,9799,-0.655999,0.466753
primary_strict_point_hn1,3,1800,9800,-0.442538,0.694939
primary_strict_point_hn1,3,1801,9801,-0.558911,0.526577
primary_strict_point_hn1,3,1802,9802,-0.521704,0.920495
primary_strict_point_hn1,3,1803,9803,-0.541589,0.593403
primary_strict_point_hn1,3,1804,9804,-0.656933,0.609372
primary_strict_point_hn1,3,1805,9805,-0.576655,0.696994
primary_strict_point_hn1,3,1806,9806,-0.583532,0.484539
primary_strict_point_hn1,3,1807,9807,-0.706186,1.12454
primary_strict_point_hn1,3,1808,9808,-0.633966,1.2092
primary_strict_point_hn1,3,1809,9809,-0.782218,0.721787
primary_strict_point_hn1,3,1810,9810,-0.403586,0.655925
primary_strict_point_hn1,3,1811,9811,-0.381246,0.749819
primary_strict_point_hn1,3,1812,9812,-0.349185,0.789572
primary_strict_point_hn1,3,1813,9813,-0.515801,0.497846
primary_strict_point_hn1,3,1814,9814,-0.673735,0.502243
primary_strict_point_hn1,3,1815,9815,-0.282032,0.716048
primary_strict_point_hn1,3,1816,9816,-0.327487,0.831476
primary_strict_point_hn1,3,1817,9817,-0.264322,0.735251
primary_strict_point_hn1,3,1818,9818,-0.638326,0.464187
primary_strict_point_hn1,3,1819,9819,-0.808955,0.454821
primary_strict_point_hn1,3,1820,9820,-0.893186,0.58004
primary_strict_point_hn1,3,1821,9821,-1.00534,0.62063
primary_strict_point_hn1,3,1822,9822,-0.888936,0.739033
primary_strict_point_hn1,3,1823,9823,-0.720666,0.628642
primary_strict_point_hn1,3,1824,9824,-0.61213,0.511448
primary_strict_point_hn1,3,1825,9825,-0.774403,0.538505
primary_strict_point_hn1,3,1826,9826,-0.540967,0.710242
primary_strict_point_hn1,3,1827,9827,-0.728262,0.467759
primary_strict_point_hn1,3,1828,9828,-0.651096,0.535545
primary_strict_point_hn1,3,1829,9829,-0.709355,0.510514
primary_strict_point_hn1,3,1830,9830,-0.801043,0.604732
primary_strict_point_hn1,3,1831,9831,-0.255374,0.735356
primary_strict_point_hn1,3,1832,9832,-0.653805,0.571655
primary_strict_point_hn1,3,1833,9833,-0.514283,0.660816
primary_strict_point_hn1,3,1834,9834,-0.321613,0.665636
primary_strict_point_hn1,3,1835,9835,-0.438301,0.529578
primary_strict_point_hn1,3,1836,9836,-0.485154,0.655933
primary_strict_point_hn1,3,1837,9837,-0.512801,0.532192
primary_strict_point_hn1,3,1838,9838,-0.556432,0.565531
primary_strict_point_hn1,3,1839,9839,-0.443897,0.825613
primary_strict_point_hn1,3,1840,9840,-0.886659,0.863307
primary_strict_point_hn1,3,1841,9841,-0.815851,0.83141
primary_strict_point_hn1,3,1842,9842,-0.722913,0.732332
primary_strict_point_hn1,3,1843,9843,-0.763667,0.714048
primary_strict_point_hn1,3,1844,9844,-0.842709,0.750305
primary_strict_point_hn1,3,1845,9845,-0.973005,0.871298
primary_strict_point_hn1,3,1846,9846,-0.640495,0.618085
primary_strict_point_hn1,3,1847,9847,-0.773631,0.843146
primary_strict_point_hn1,3,1848,9848,-0.567545,0.557911
primary_strict_point_hn1,3,1849,9849,-0.795126,0.547319
primary_strict_point_hn1,3,1850,9850,-0.4754,0.517095
primary_strict_point_hn1,3,1851,9851,-0.441364,0.505608
primary_strict_point_hn1,3,1852,9852,-0.277055,0.656023
primary_strict_point_hn1,3,1853,9853,-0.347481,0.459731
primary_strict_point_hn1,3,1854,9854,-0.361771,0.588176
primary_strict_point_hn1,3,1855,9855,-0.45943,0.485038
primary_strict_point_hn1,3,1856,9856,-0.44636,0.489296
primary_strict_point_hn1,3,1857,9857,-0.581101,0.502149
primary_strict_point_hn1,3,1858,9858,-0.541249,0.291672
primary_strict_point_hn1,3,1859,9859,-0.757835,0.509494
primary_strict_point_hn1,3,1860,9860,-0.664958,0.887747
primary_strict_point_hn1,3,1861,9861,-0.687758,0.696996
primary_strict_point_hn1,3,1862,9862,-0.650158,0.796513
primary_strict_point_hn1,3,1863,9863,-0.541531,0.644485
primary_strict_point_hn1,3,1864,9864,-0.703548,0.712098
primary_strict_point_hn1,3,1865,9865,-0.608452,0.599231
primary_strict_point_hn1,3,1866,9866,-0.696557,0.589681
primary_strict_point_hn1,3,1867,9867,-0.102021,0.910886
primary_strict_point_hn1,3,1868,9868,-0.195839,0.952941
primary_strict_point_hn1,3,1869,9869,-0.251937,0.875307
primary_strict_point_hn1,3,1870,9870,-0.347387,0.575241
primary_strict_point_hn1,3,1871,9871,-0.345573,0.632912
primary_strict_point_hn1,3,1872,9872,-0.449117,0.557284
primary_strict_point_hn1,3,1873,9873,-0.39855,0.500966
primary_strict_point_hn1,3,1874,9874,-0.51247,0.549723
primary_strict_point_hn1,3,1875,9875,-0.532636,0.559945
primary_strict_point_hn1,3,1876,9876,-0.622894,0.514441
primary_strict_point_hn1,3,1877,9877,-0.53449,0.492368
primary_strict_point_hn1,3,1878,9878,-0.434177,0.471533
primary_strict_point_hn1,3,1879,9879,-0.452324,0.583606
primary_strict_point_hn1,3,1880,9880,-0.83242,0.473499
primary_strict_point_hn1,3,1881,9881,-0.723865,0.612418
primary_strict_point_hn1,3,1882,9882,-0.872841,0.550243
primary_strict_point_hn1,3,1883,9883,-0.800861,0.553202
primary_strict_point_hn1,3,1884,9884,-0.830125,0.47043
primary_strict_point_hn1,3,1885,9885,-0.679703,0.38725
primary_strict_point_hn1,3,1886,9886,-0.588554,0.425603
primary_strict_point_hn1,3,1887,9887,-0.682498,0.391827
primary_strict_point_hn1,3,1888,9888,-0.674659,0.426637
primary_strict_point_hn1,3,1889,9889,-1.03301,0.481566
primary_strict_point_hn1,3,1890,9890,-0.32887,0.664832
primary_strict_point_hn1,3,1891,9891,-0.511341,0.557739
primary_strict_point_hn1,3,1892,9892,-0.184911,0.820059
primary_strict_point_hn1,3,1893,9893,-0.252944,0.760556
primary_strict_point_hn1,3,1894,9894,-0.477932,0.482132
primary_strict_point_hn1,3,1895,9895,-0.519324,0.49717
primary_strict_point_hn1,3,1896,9896,-0.355298,0.559317
primary_strict_point_hn1,3,1897,9897,-0.394499,0.685551
primary_strict_point_hn1,3,1898,9898,-0.514627,0.611887
primary_strict_point_hn1,3,1899,9899,-0.0545876,0.689698
primary_strict_point_hn1,3,1900,9900,-0.254662,0.632871
primary_strict_point_hn1,3,1901,9901,-0.188629,0.635965
primary_strict_point_hn1,3,1902,9902,-0.134984,0.744089
primary_strict_point_hn1,3,1903,9903,-0.412657,0.562483
primary_strict_point_hn1,3,1904,9904,-0.498597,0.540101
primary_strict_point_hn1,3,1905,9905,-0.435829,0.695153
primary_strict_point_hn1,3,1906,9906,-0.522509,0.375115
primary_strict_point_hn1,3,1907,9907,-0.523954,0.759286
primary_strict_point_hn1,3,1908,9908,-0.599589,0.716631
primary_strict_point_hn1,3,1909,9909,-0.530495,0.50841
primary_strict_point_hn1,3,1910,9910,-0.495526,0.633725
primary_strict_point_hn1,3,1911,9911,-0.642668,0.389078
primary_strict_point_hn1,3,1912,9912,-0.906147,0.623741
primary_strict_point_hn1,3,1913,9913,-0.720113,0.544692
primary_strict_point_hn1,3,1914,9914,-0.604284,0.505578
primary_strict_point_hn1,3,1915,9915,-0.770647,0.473675
primary_strict_point_hn1,3,1916,9916,-0.814596,0.344917
primary_strict_point_hn1,3,1917,9917,-0.873857,0.520424
primary_strict_point_hn1,3,1918,9918,-0.807597,0.39166
primary_strict_point_hn1,3,1919,9919,-0.677861,0.497545
primary_strict_point_hn1,3,1920,9920,-0.852317,1.12053
primary_strict_point_hn1,3,1921,9921,-0.757618,0.987881
primary_strict_point_hn1,3,1922,9922,-0.564471,0.450746
primary_strict_point_hn1,3,1923,9923,-0.645741,0.277457
primary_strict_point_hn1,3,1924,9924,-0.725972,0.38329
primary_strict_point_hn1,3,1925,9925,-0.862454,0.567232
primary_strict_point_hn1,3,1926,9926,-0.719464,0.391544
primary_strict_point_hn1,3,1927,9927,-0.603848,0.576312
primary_strict_point_hn1,3,1928,9928,-0.584843,0.549041
primary_strict_point_hn1,3,1929,9929,-0.619989,0.408863
primary_strict_point_hn1,3,1930,9930,-0.850719,0.275112
primary_strict_point_hn1,3,1931,9931,-0.699627,0.43854
primary_strict_point_hn1,3,1932,9932,-0.768389,0.427053
primary_strict_point_hn1,3,1933,9933,-0.888299,0.364
primary_strict_point_hn1,3,1934,9934,-0.821706,0.463776
primary_strict_point_hn1,3,1935,9935,-0.750695,0.518664
primary_strict_point_hn1,3,1936,9936,-0.869338,0.78838
primary_strict_point_hn1,3,1937,9937,-0.831477,0.48587
primary_strict_point_hn1,3,1938,9938,-0.661223,0.691126
primary_strict_point_hn1,3,1939,9939,-0.55868,0.619931
primary_strict_point_hn1,3,1940,9940,-0.669368,0.54187
primary_strict_point_hn1,3,1941,9941,-0.47427,0.421327
primary_strict_point_hn1,3,1942,9942,-0.366012,0.446399
primary_strict_point_hn1,3,1943,9943,-0.39319,0.400085
primary_strict_point_hn1,3,1944,9944,-0.638061,0.367676
primary_strict_point_hn1,3,1945,9945,-0.465902,0.545244
primary_strict_point_hn1,3,1946,9946,-0.430162,0.521884
primary_strict_point_hn1,3,1947,9947,-0.472331,0.440451
primary_strict_point_hn1,3,1948,9948,-0.628123,0.328656
primary_strict_point_hn1,3,1949,9949,-0.661656,0.435319
primary_strict_point_hn1,3,1950,9950,-0.633504,0.556468
primary_strict_point_hn1,3,1951,9951,-0.619441,0.64328
primary_strict_point_hn1,3,1952,9952,-0.447589,0.572596
primary_strict_point_hn1,3,1953,9953,-0.4177,0.720192
primary_strict_point_hn1,3,1954,9954,-0.598532,0.395569
primary_strict_point_hn1,3,1955,9955,-0.568449,0.67534400000000006
primary_strict_point_hn1,3,1956,9956,-0.629129,0.659317
primary_strict_point_hn1,3,1957,9957,-0.703777,0.734292
primary_strict_point_hn1,3,1958,9958,-0.85968,0.53689
primary_strict_point_hn1,3,1959,9959,-0.975884,0.677756
primary_strict_point_hn1,3,1960,9960,-0.913696,0.654427
primary_strict_point_hn1,3,1961,9961,-1.0684,0.633641
primary_strict_point_hn1,3,1962,9962,-1.0822,1.12551
primary_strict_point_hn1,3,1963,9963,-0.934985,0.755688
primary_strict_point_hn1,3,1964,9964,-0.857851,0.888345
primary_strict_point_hn1,3,1965,9965,-1.02206,0.580468
primary_strict_point_hn1,3,1966,9966,-0.930269,0.445863
primary_strict_point_hn1,3,1967,9967,-0.955562,0.539341
primary_strict_point_hn1,3,1968,9968,-0.934134,0.546276
primary_strict_point_hn1,3,1969,9969,-1.05068,0.547182
primary_strict_point_hn1,3,1970,9970,-0.800891,0.530062
primary_strict_point_hn1,3,1971,9971,-0.609231,0.539759
primary_strict_point_hn1,3,1972,9972,-0.3548,0.580801
primary_strict_point_hn1,3,1973,9973,-0.45032,0.413103
primary_strict_point_hn1,3,1974,9974,-0.81114,0.707275
primary_strict_point_hn1,3,1975,9975,-0.69022,0.508669
primary_strict_point_hn1,3,1976,9976,-0.766561,0.462088
primary_strict_point_hn1,3,1977,9977,-0.71912,0.43193
primary_strict_point_hn1,3,1978,9978,-0.800395,0.519819
primary_strict_point_hn1,3,1979,9979,-0.779384,0.476843
primary_strict_point_hn1,3,1980,9980,-0.729747,0.543683
primary_strict_point_hn1,3,1981,9981,-0.882221,0.406746
primary_strict_point_hn1,3,1982,9982,-0.735499,0.487542
primary_strict_point_hn1,3,1983,9983,-0.818397,0.389263
primary_strict_point_hn1,3,1984,9984,-0.67953,0.679106
primary_strict_point_hn1,3,1985,9985,-0.773234,0.59788
primary_strict_point_hn1,3,1986,9986,-0.784727,0.45298
primary_strict_point_hn1,3,1987,9987,-0.517567,0.669072
primary_strict_point_hn1,3,1988,9988,-0.693089,0.673262
primary_strict_point_hn1,3,1989,9989,-0.491564,0.529932
primary_strict_point_hn1,3,1990,9990,-0.720434,0.455622
primary_strict_point_hn1,3,1991,9991,-0.367611,0.506466
primary_strict_point_hn1,3,1992,9992,-0.363436,0.503318
primary_strict_point_hn1,3,1993,9993,-0.589945,0.540348
primary_strict_point_hn1,3,1994,9994,-0.704257,0.425093
primary_strict_point_hn1,3,1995,9995,-0.765038,0.472991
primary_strict_point_hn1,3,1996,9996,-0.788867,0.555631
primary_strict_point_hn1,3,1997,9997,-0.796325,0.390448
primary_strict_point_hn1,3,1998,9998,-0.978267,0.49043
primary_strict_point_hn1,3,1999,9999,-0.692827,0.518418
primary_strict_point_hn1,3,2000,10000,-0.787658,0.552623
primary_strict_point_hn1,3,2001,10001,-0.950048,0.577644
primary_strict_point_hn1,3,2002,10002,-0.883366,0.54145
primary_strict_point_hn1,3,2003,10003,-0.780756,0.772909
primary_strict_point_hn1,3,2004,10004,-1.22623,0.721956
primary_strict_point_hn1,3,2005,10005,-0.247323,0.447728
primary_strict_point_hn1,3,2006,10006,-0.333263,0.406632
primary_strict_point_hn1,3,2007,10007,-0.381207,0.391976
primary_strict_point_hn1,3,2008,10008,-0.390864,0.444218
primary_strict_point_hn1,3,2009,10009,-0.260741,0.541586
primary_strict_point_hn1,3,2010,10010,-0.464424,0.296822
primary_strict_point_hn1,3,2011,10011,-0.856183,0.596579
primary_strict_point_hn1,3,2012,10012,-0.740253,0.549765
primary_strict_point_hn1,3,2013,10013,-0.565708,0.3795
primary_strict_point_hn1,3,2014,10014,-0.531739,0.560909
primary_strict_point_hn1,3,2015,10015,-0.519213,0.652651
primary_strict_point_hn1,3,2016,10016,-0.642144,0.567522
primary_strict_point_hn1,3,2017,10017,-0.558632,0.651701
primary_strict_point_hn1,3,2018,10018,-0.559985,0.574048
primary_strict_point_hn1,3,2019,10019,-0.552847,0.656319
primary_strict_point_hn1,3,2020,10020,-0.826487,1.33907
primary_strict_point_hn1,3,2021,10021,-0.580918,0.513253
primary_strict_point_hn1,3,2022,10022,-0.76851,0.574546
primary_strict_point_hn1,3,2023,10023,-0.763899,0.52049
primary_strict_point_hn1,3,2024,10024,-0.757618,0.61413
primary_strict_point_hn1,3,2025,10025,-0.700099,0.599077
primary_strict_point_hn1,3,2026,10026,-0.759853,0.809229
primary_strict_point_hn1,3,2027,10027,-0.852686,0.703629
primary_strict_point_hn1,3,2028,10028,-0.907873,0.647134
primary_strict_point_hn1,3,2029,10029,-0.488991,0.495925
primary_strict_point_hn1,3,2030,10030,-0.38523,0.687366
primary_strict_point_hn1,3,2031,10031,-0.225683,0.799686
primary_strict_point_hn1,3,2032,10032,-0.354952,0.630361
primary_strict_point_hn1,3,2033,10033,-0.45321,0.555009
primary_strict_point_hn1,3,2034,10034,-0.162061,0.84057
primary_strict_point_hn1,3,2035,10035,-0.254992,0.807366
primary_strict_point_hn1,3,2036,10036,-0.221768,0.766956
primary_strict_point_hn1,3,2037,10037,-0.26836,0.846675
primary_strict_point_hn1,3,2038,10038,-0.409168,0.880279
primary_strict_point_hn1,3,2039,10039,-0.54637,1.00542
primary_strict_point_hn1,3,2040,10040,-0.603632,0.953855
primary_strict_point_hn1,3,2041,10041,-0.349211,0.999455
primary_strict_point_hn1,3,2042,10042,-0.531453,0.906273
primary_strict_point_hn1,3,2043,10043,-0.447304,0.983976
primary_strict_point_hn1,3,2044,10044,-0.422085,1.11951
primary_strict_point_hn1,3,2045,10045,-0.498016,0.741881
primary_strict_point_hn1,3,2046,10046,-0.553003,0.576638
primary_strict_point_hn1,3,2047,10047,-0.414987,0.754612
primary_strict_point_hn1,3,2048,10048,-0.455787,0.746484
primary_strict_point_hn1,3,2049,10049,-0.461525,0.965553
primary_strict_point_hn1,3,2050,10050,-0.455956,0.915607
primary_strict_point_hn1,3,2051,10051,-0.44196,0.948922
primary_strict_point_hn1,3,2052,10052,-0.580015,0.497225
primary_strict_point_hn1,3,2053,10053,-0.334761,0.880475
primary_strict_point_hn1,3,2054,10054,-0.088644,1.03988
primary_strict_point_hn1,3,2055,10055,-0.0796413,1.14903
primary_strict_point_hn1,3,2056,10056,-0.18153,1.00143
primary_strict_point_hn1,3,2057,10057,-0.53705,0.595854
primary_strict_point_hn1,3,2058,10058,-0.61771,0.53033
primary_strict_point_hn1,3,2059,10059,-0.587378,0.447504
primary_strict_point_hn1,3,2060,10060,-0.73661,0.471103
primary_strict_point_hn1,3,2061,10061,-0.517929,0.663385
primary_strict_point_hn1,3,2062,10062,-0.742189,1.1599
primary_strict_point_hn1,3,2063,10063,-0.842787,1.06583
primary_strict_point_hn1,3,2064,10064,-0.768952,1.13759
primary_strict_point_hn1,3,2065,10065,-0.645368,0.754197
primary_strict_point_hn1,3,2066,10066,-0.546727,0.883707
primary_strict_point_hn1,3,2067,10067,-0.552366,0.40091
primary_strict_point_hn1,3,2068,10068,-0.541369,0.432054
primary_strict_point_hn1,3,2069,10069,-0.350276,0.472642
primary_strict_point_hn1,3,2070,10070,-0.270036,0.60261
primary_strict_point_hn1,3,2071,10071,-0.26829,0.843272
primary_strict_point_hn1,3,2072,10072,-0.207925,0.767132
primary_strict_point_hn1,3,2073,10073,-0.560615,0.360073
primary_strict_point_hn1,3,2074,10074,-0.464776,0.370248
primary_strict_point_hn1,3,2075,10075,-0.666033,0.415748
primary_strict_point_hn1,3,2076,10076,-0.611522,0.461373
primary_strict_point_hn1,3,2077,10077,-0.706476,0.52856
primary_strict_point_hn1,3,2078,10078,-0.470017,0.389965
primary_strict_point_hn1,3,2079,10079,-0.537493,0.428426
primary_strict_point_hn1,3,2080,10080,-0.456401,0.401683
primary_strict_point_hn1,3,2081,10081,-0.515852,0.460417
primary_strict_point_hn1,3,2082,10082,-0.464277,0.406425
primary_strict_point_hn1,3,2083,10083,-0.49225,0.362778
primary_strict_point_hn1,3,2084,10084,-0.467294,0.395117
primary_strict_point_hn1,3,2085,10085,-0.433451,0.327189
primary_strict_point_hn1,3,2086,10086,-0.453047,0.297018
primary_strict_point_hn1,3,2087,10087,-0.520503,0.382418
primary_strict_point_hn1,3,2088,10088,-0.734376,0.411465
primary_strict_point_hn1,3,2089,10089,-0.62778,0.531086
primary_strict_point_hn1,3,2090,10090,-0.653283,0.575639
primary_strict_point_hn1,3,2091,10091,-0.620859,0.774272
primary_strict_point_hn1,3,2092,10092,-0.698172,0.518815
primary_strict_point_hn1,3,2093,10093,-1.47026,1.4288
primary_strict_point_hn1,3,2094,10094,-1.47839,1.53458
primary_strict_point_hn1,3,2095,10095,-1.26849,1.14209
primary_strict_point_hn1,3,2096,10096,-1.29215,1.28464
primary_strict_point_hn1,3,2097,10097,-1.32816,1.17913
primary_strict_point_hn1,3,2098,10098,-0.967384,0.638358
primary_strict_point_hn1,3,2099,10099,-0.508613,0.469568
primary_strict_point_hn1,3,2100,10100,-0.379808,0.620075
primary_strict_point_hn1,3,2101,10101,-0.67689,0.62945
primary_strict_point_hn1,3,2102,10102,-0.610192,0.865765
primary_strict_point_hn1,3,2103,10103,-0.562628,0.651474
primary_strict_point_hn1,3,2104,10104,-0.669577,0.690622
primary_strict_point_hn1,3,2105,10105,-0.62788,0.575538
primary_strict_point_hn1,3,2106,10106,-0.710059,0.67797
primary_strict_point_hn1,3,2107,10107,-0.790828,0.510483
primary_strict_point_hn1,3,2108,10108,-0.806879,0.632183
primary_strict_point_hn1,3,2109,10109,-0.877681,0.501015
primary_strict_point_hn1,3,2110,10110,-1.24386,0.78377
primary_strict_point_hn1,3,2111,10111,-0.640229,0.426596
primary_strict_point_hn1,3,2112,10112,-0.750255,0.579428
primary_strict_point_hn1,3,2113,10113,-0.649718,0.527811
primary_strict_point_hn1,3,2114,10114,-0.694985,0.811292
primary_strict_point_hn1,3,2115,10115,-0.708115,0.68416
primary_strict_point_hn1,3,2116,10116,-0.854775,0.800982
primary_strict_point_hn1,3,2117,10117,-0.789603,0.916633
primary_strict_point_hn1,3,2118,10118,-0.673111,1.06733
primary_strict_point_hn1,3,2119,10119,-0.926866,0.717502
primary_strict_point_hn1,3,2120,10120,-0.830085,0.692801
primary_strict_point_hn1,3,2121,10121,-0.888142,0.744493
primary_strict_point_hn1,3,2122,10122,-0.85746,0.499647
primary_strict_point_hn1,3,2123,10123,-0.786493,0.59157
primary_strict_point_hn1,3,2124,10124,-0.795321,0.526501
primary_strict_point_hn1,3,2125,10125,-0.751325,0.534516
primary_strict_point_hn1,3,2126,10126,-0.625452,0.513947
primary_strict_point_hn1,3,2127,10127,-0.55583,0.513864
primary_strict_point_hn1,3,2128,10128,-0.747844,0.316128
primary_strict_point_hn1,3,2129,10129,-0.785108,0.477345
primary_strict_point_hn1,3,2130,10130,-0.465803,0.718956
primary_strict_point_hn1,3,2131,10131,-0.572202,0.864441
primary_strict_point_hn1,3,2132,10132,-0.631976,0.850662
primary_strict_point_hn1,3,2133,10133,-0.550409,0.853226
primary_strict_point_hn1,3,2134,10134,-0.531515,0.894524
primary_strict_point_hn1,3,2135,10135,-0.428254,0.71542
primary_strict_point_hn1,3,2136,10136,-0.347047,0.460697
primary_strict_point_hn1,3,2137,10137,-0.486314,0.809027
primary_strict_point_hn1,3,2138,10138,-0.53529,0.809778
primary_strict_point_hn1,3,2139,10139,-0.718455,0.682317
primary_strict_point_hn1,3,2140,10140,-0.591298,0.674099
primary_strict_point_hn1,3,2141,10141,-0.657311,0.533592
primary_strict_point_hn1,3,2142,10142,-0.700959,0.503507
primary_strict_point_hn1,3,2143,10143,-0.48974,0.593629
primary_strict_point_hn1,3,2144,10144,-0.551529,0.543242
primary_strict_point_hn1,3,2145,10145,-0.544464,0.577795
primary_strict_point_hn1,3,2146,10146,-0.432837,0.690267
primary_strict_point_hn1,3,2147,10147,-0.594127,0.668081
primary_strict_point_hn1,3,2148,10148,-0.569904,0.570574
primary_strict_point_hn1,3,2149,10149,-0.45192,0.611781
primary_strict_point_hn1,3,2150,10150,-0.596001,0.487406
primary_strict_point_hn1,3,2151,10151,-0.591986,0.43035
primary_strict_point_hn1,3,2152,10152,-0.479202,0.417374
primary_strict_point_hn1,3,2153,10153,-0.424414,0.533406
primary_strict_point_hn1,3,2154,10154,-0.425845,0.538122
primary_strict_point_hn1,3,2155,10155,-0.505241,0.435039
primary_strict_point_hn1,3,2156,10156,-0.529574,0.407606
primary_strict_point_hn1,3,2157,10157,-0.546412,0.399132
primary_strict_point_hn1,3,2158,10158,-0.619393,0.484275
primary_strict_point_hn1,3,2159,10159,-0.562952,0.659094
primary_strict_point_hn1,3,2160,10160,-0.586031,0.707045
primary_strict_point_hn1,3,2161,10161,-0.480345,0.442634
primary_strict_point_hn1,3,2162,10162,-0.622951,0.496208
primary_strict_point_hn1,3,2163,10163,-0.612065,0.698049
primary_strict_point_hn1,3,2164,10164,-0.601021,0.594512
primary_strict_point_hn1,3,2165,10165,-0.770257,0.751534
primary_strict_point_hn1,3,2166,10166,-0.77033,0.635436
primary_strict_point_hn1,3,2167,10167,-0.919575,0.717423
primary_strict_point_hn1,3,2168,10168,-0.827822,0.741935
primary_strict_point_hn1,3,2169,10169,-0.836075,0.577616
primary_strict_point_hn1,3,2170,10170,-0.781565,0.587991
primary_strict_point_hn1,3,2171,10171,-0.402925,0.501137
primary_strict_point_hn1,3,2172,10172,-0.691024,0.602003
primary_strict_point_hn1,3,2173,10173,-0.557856,0.496341
primary_strict_point_hn1,3,2174,10174,-0.721824,0.726631
primary_strict_point_hn1,3,2175,10175,-0.709256,0.71143
primary_strict_point_hn1,3,2176,10176,-0.60135,0.650026
primary_strict_point_hn1,3,2177,10177,-0.617648,0.396007
primary_strict_point_hn1,3,2178,10178,-0.628515,0.436494
primary_strict_point_hn1,3,2179,10179,-0.631868,0.392914
primary_strict_point_hn1,3,2180,10180,-0.626463,0.466904
primary_strict_point_hn1,3,2181,10181,-0.593495,0.302582
primary_strict_point_hn1,3,2182,10182,-0.662934,0.390216
primary_strict_point_hn1,3,2183,10183,-0.785078,0.469859
primary_strict_point_hn1,3,2184,10184,-0.774199,0.34861
primary_strict_point_hn1,3,2185,10185,-0.74427,0.563384
primary_strict_point_hn1,3,2186,10186,-0.651905,0.748189
primary_strict_point_hn1,3,2187,10187,-0.51861,0.736254
primary_strict_point_hn1,3,2188,10188,-0.932601,0.870153
primary_strict_point_hn1,3,2189,10189,-0.800601,0.853326
primary_strict_point_hn1,3,2190,10190,-0.756717,0.906876
primary_strict_point_hn1,3,2191,10191,-0.718228,0.897203
primary_strict_point_hn1,3,2192,10192,-0.48737,0.651499
primary_strict_point_hn1,3,2193,10193,-0.522981,0.554231
primary_strict_point_hn1,3,2194,10194,-0.398278,0.660346
primary_strict_point_hn1,3,2195,10195,-0.522092,0.535869
primary_strict_point_hn1,3,2196,10196,-0.482205,0.509081
primary_strict_point_hn1,3,2197,10197,-0.257906,0.699226
primary_strict_point_hn1,3,2198,10198,-0.365809,0.55911
primary_strict_point_hn1,3,2199,10199,-0.801552,0.507548
primary_strict_point_hn1,3,2200,10200,-0.785139,0.636625
primary_strict_point_hn1,3,2201,10201,-0.828392,0.656115
primary_strict_point_hn1,3,2202,10202,-0.771383,0.397565
primary_strict_point_hn1,3,2203,10203,-1.00447,0.406287
primary_strict_point_hn1,3,2204,10204,-0.862243,0.372136
primary_strict_point_hn1,3,2205,10205,-0.440395,0.455318
primary_strict_point_hn1,3,2206,10206,-0.640512,0.477125
primary_strict_point_hn1,3,2207,10207,-0.742443,0.365071
primary_strict_point_hn1,3,2208,10208,-0.319094,0.411668
primary_strict_point_hn1,3,2209,10209,-0.593801,0.41509
primary_strict_point_hn1,3,2210,10210,-0.619796,0.536561
primary_strict_point_hn1,3,2211,10211,-0.59153,0.472758
primary_strict_point_hn1,3,2212,10212,-0.682454,0.5303
primary_strict_point_hn1,3,2213,10213,-0.69632,0.474685
primary_strict_point_hn1,3,2214,10214,-0.774562,0.650904
primary_strict_point_hn1,3,2215,10215,-0.828702,0.461138
primary_strict_point_hn1,3,2216,10216,-0.906268,0.570503
primary_strict_point_hn1,3,2217,10217,-0.823656,0.600589
primary_strict_point_hn1,3,2218,10218,-0.878233,0.68808
primary_strict_point_hn1,3,2219,10219,-0.735517,0.568655
primary_strict_point_hn1,3,2220,10220,-0.733919,0.35636
primary_strict_point_hn1,3,2221,10221,-0.749159,0.559819
primary_strict_point_hn1,3,2222,10222,-0.611797,0.687919
primary_strict_point_hn1,3,2223,10223,-0.966918,0.554182
primary_strict_point_hn1,3,2224,10224,-0.785437,0.683159
primary_strict_point_hn1,3,2225,10225,-0.718672,0.625516
primary_strict_point_hn1,3,2226,10226,-0.80361,0.659316
primary_strict_point_hn1,3,2227,10227,-0.876676,0.617443
primary_strict_point_hn1,3,2228,10228,-0.46926,0.588607
primary_strict_point_hn1,3,2229,10229,-0.506949,0.817703
primary_strict_point_hn1,3,2230,10230,-0.778552,0.55406
primary_strict_point_hn1,3,2231,10231,-0.579449,0.681752
primary_strict_point_hn1,3,2232,10232,-0.498887,0.717268
primary_strict_point_hn1,3,2233,10233,-0.456489,0.843813
primary_strict_point_hn1,3,2234,10234,-0.425182,0.771053
primary_strict_point_hn1,3,2235,10235,-0.740389,0.724868
primary_strict_point_hn1,3,2236,10236,-0.673022,0.725934
primary_strict_point_hn1,3,2237,10237,-0.705045,0.657238
primary_strict_point_hn1,3,2238,10238,-0.709913,0.588366
primary_strict_point_hn1,3,2239,10239,-0.684862,0.6623
primary_strict_point_hn1,3,2240,10240,-0.633964,0.59708
primary_strict_point_hn1,3,2241,10241,-0.496739,0.566476
primary_strict_point_hn1,3,2242,10242,-0.450948,0.556633
primary_strict_point_hn1,3,2243,10243,-0.48989,0.519336
primary_strict_point_hn1,3,2244,10244,-0.478368,0.547569
primary_strict_point_hn1,3,2245,10245,-0.60938,0.460586
primary_strict_point_hn1,3,2246,10246,-0.742366,0.365368
primary_strict_point_hn1,3,2247,10247,-0.616572,0.412276
primary_strict_point_hn1,3,2248,10248,-0.498948,0.419572
primary_strict_point_hn1,3,2249,10249,-0.68191,0.583601
primary_strict_point_hn1,3,2250,10250,-0.762602,0.759337
primary_strict_point_hn1,3,2251,10251,-0.962679,0.558373
primary_strict_point_hn1,3,2252,10252,-0.870696,0.384504
primary_strict_point_hn1,3,2253,10253,-0.679014,0.601444
primary_strict_point_hn1,3,2254,10254,-0.701842,0.383996
primary_strict_point_hn1,3,2255,10255,-0.641309,0.609019
primary_strict_point_hn1,3,2256,10256,-0.598902,0.584042
primary_strict_point_hn1,3,2257,10257,-0.69499,0.485679
primary_strict_point_hn1,3,2258,10258,-0.779347,0.608531
primary_strict_point_hn1,3,2259,10259,-0.770375,0.644125
primary_strict_point_hn1,3,2260,10260,-1.088,0.802328
primary_strict_point_hn1,3,2261,10261,-0.985563,0.671288
primary_strict_point_hn1,3,2262,10262,-0.669405,0.770048
primary_strict_point_hn1,3,2263,10263,-0.970501,0.754946
primary_strict_point_hn1,3,2264,10264,-0.958496,0.725079
primary_strict_point_hn1,3,2265,10265,-0.850625,0.300608
primary_strict_point_hn1,3,2266,10266,-0.925108,0.416529
primary_strict_point_hn1,3,2267,10267,-0.352827,0.604929
primary_strict_point_hn1,3,2268,10268,-0.416183,0.400022
primary_strict_point_hn1,3,2269,10269,-0.467887,0.490118
primary_strict_point_hn1,3,2270,10270,-0.421415,0.455744
primary_strict_point_hn1,3,2271,10271,-0.570325,0.692211
primary_strict_point_hn1,3,2272,10272,-0.450186,0.507666
primary_strict_point_hn1,3,2273,10273,-0.521467,0.424156
primary_strict_point_hn1,3,2274,10274,-0.300086,0.716342
primary_strict_point_hn1,3,2275,10275,-0.41952,0.58452
primary_strict_point_hn1,3,2276,10276,-0.487313,0.331164
primary_strict_point_hn1,3,2277,10277,-0.400449,0.456347
primary_strict_point_hn1,3,2278,10278,-0.128419,0.762323
primary_strict_point_hn1,3,2279,10279,-0.403528,0.442745
primary_strict_point_hn1,3,2280,10280,0.00915951,0.660119
primary_strict_point_hn1,3,2281,10281,-0.683522,0.659715
primary_strict_point_hn1,3,2282,10282,-0.594049,0.586644
primary_strict_point_hn1,3,2283,10283,-0.657599,0.543747
primary_strict_point_hn1,3,2284,10284,-0.648742,0.745994
primary_strict_point_hn1,3,2285,10285,-0.761201,0.50283
primary_strict_point_hn1,3,2286,10286,-0.720551,0.768822
primary_strict_point_hn1,3,2287,10287,-0.726227,0.668898
primary_strict_point_hn1,3,2288,10288,-0.62916,0.615927
primary_strict_point_hn1,3,2289,10289,-0.463037,0.703946
primary_strict_point_hn1,3,2290,10290,-0.717759,0.56332
primary_strict_point_hn1,3,2291,10291,-0.834569,0.666432
primary_strict_point_hn1,3,2292,10292,-0.759097,0.500061
primary_strict_point_hn1,3,2293,10293,-0.620941,0.51586
primary_strict_point_hn1,3,2294,10294,-0.666963,0.395409
primary_strict_point_hn1,3,2295,10295,-0.677946,0.661055
primary_strict_point_hn1,3,2296,10296,-0.939279,0.340937
primary_strict_point_hn1,3,2297,10297,-0.769335,0.376094
primary_strict_point_hn1,3,2298,10298,-0.933329,0.573891
primary_strict_point_hn1,3,2299,10299,-0.698179,0.425522
primary_strict_point_hn1,3,2300,10300,-0.547968,0.3916
primary_strict_point_hn1,3,2301,10301,-0.56711,0.374452
primary_strict_point_hn1,3,2302,10302,-0.667546,0.509767
primary_strict_point_hn1,3,2303,10303,-0.675054,0.482039
primary_strict_point_hn1,3,2304,10304,-0.503617,0.344661
primary_strict_point_hn1,3,2305,10305,-0.437221,0.487727
primary_strict_point_hn1,3,2306,10306,-0.458761,0.490081
primary_strict_point_hn1,3,2307,10307,-0.450661,0.475581
primary_strict_point_hn1,3,2308,10308,-0.552378,0.3116
primary_strict_point_hn1,3,2309,10309,-0.675607,0.424389
primary_strict_point_hn1,3,2310,10310,-0.602862,0.34826
primary_strict_point_hn1,3,2311,10311,-0.558239,0.382091
primary_strict_point_hn1,3,2312,10312,-0.508081,0.392994
primary_strict_point_hn1,3,2313,10313,-0.483424,0.462154
primary_strict_point_hn1,3,2314,10314,-0.57386,0.372079
primary_strict_point_hn1,3,2315,10315,-0.68756,0.424732
primary_strict_point_hn1,3,2316,10316,-0.565823,0.484695
primary_strict_point_hn1,3,2317,10317,-0.496448,0.740649
primary_strict_point_hn1,3,2318,10318,-0.261375,0.689517
primary_strict_point_hn1,3,2319,10319,-0.263593,0.531766
primary_strict_point_hn1,3,2320,10320,-0.812213,0.548601
primary_strict_point_hn1,3,2321,10321,-0.677676,0.531447
primary_strict_point_hn1,3,2322,10322,-0.487502,0.8261
primary_strict_point_hn1,3,2323,10323,-0.539385,0.508725
primary_strict_point_hn1,3,2324,10324,-0.55154,0.569065
primary_strict_point_hn1,3,2325,10325,-0.645827,0.714263
primary_strict_point_hn1,3,2326,10326,-0.531044,0.608074
primary_strict_point_hn1,3,2327,10327,-0.582402,0.822981
primary_strict_point_hn1,3,2328,10328,-0.567326,0.686942
primary_strict_point_hn1,3,2329,10329,-0.511274,0.695705
primary_strict_point_hn1,3,2330,10330,-0.67164,0.828417
primary_strict_point_hn1,3,2331,10331,-0.532949,0.496692
primary_strict_point_hn1,3,2332,10332,-0.707823,0.591772
primary_strict_point_hn1,3,2333,10333,-0.544818,0.843384
primary_strict_point_hn1,3,2334,10334,-0.666276,0.982219
primary_strict_point_hn1,3,2335,10335,-0.672149,0.932005
primary_strict_point_hn1,3,2336,10336,-0.567709,1.00953
primary_strict_point_hn1,3,2337,10337,-0.61287,0.862279
primary_strict_point_hn1,3,2338,10338,-0.515683,0.766571
primary_strict_point_hn1,3,2339,10339,-0.879588,0.693498
primary_strict_point_hn1,3,2340,10340,-1.01356,0.870535
primary_strict_point_hn1,3,2341,10341,-0.870348,0.820441
primary_strict_point_hn1,3,2342,10342,-0.975818,0.748369
primary_strict_point_hn1,3,2343,10343,-0.932863,0.465
primary_strict_point_hn1,3,2344,10344,-0.718838,0.550431
primary_strict_point_hn1,3,2345,10345,-0.854494,0.328988
primary_strict_point_hn1,3,2346,10346,-0.834696,0.458743
primary_strict_point_hn1,3,2347,10347,-0.808044,0.420973
primary_strict_point_hn1,3,2348,10348,-0.51591,0.431238
primary_strict_point_hn1,3,2349,10349,-0.464244,0.741305
primary_strict_point_hn1,3,2350,10350,-0.52212,0.527449
primary_strict_point_hn1,3,2351,10351,-0.617003,0.696888
primary_strict_point_hn1,3,2352,10352,-0.768591,0.629638
primary_strict_point_hn1,3,2353,10353,-0.757686,0.39393
primary_strict_point_hn1,3,2354,10354,-0.749924,0.46841
primary_strict_point_hn1,3,2355,10355,-0.733373,0.487862
primary_strict_point_hn1,3,2356,10356,-0.563326,0.521452
primary_strict_point_hn1,3,2357,10357,-0.629707,0.326131
primary_strict_point_hn1,3,2358,10358,-0.73222,0.502948
primary_strict_point_hn1,3,2359,10359,-0.723758,0.570207
primary_strict_point_hn1,3,2360,10360,-0.622455,0.686167
primary_strict_point_hn1,3,2361,10361,-0.68095,0.704077
primary_strict_point_hn1,3,2362,10362,-0.88402,0.733064
primary_strict_point_hn1,3,2363,10363,-0.83805,0.760638
primary_strict_point_hn1,3,2364,10364,-0.779336,0.738339
primary_strict_point_hn1,3,2365,10365,-0.725315,0.698824
primary_strict_point_hn1,3,2366,10366,-0.740468,0.439529
primary_strict_point_hn1,3,2367,10367,-0.79785,0.435191
primary_strict_point_hn1,3,2368,10368,-0.767488,0.539171
primary_strict_point_hn1,3,2369,10369,-0.715559,0.382754
primary_strict_point_hn1,3,2370,10370,-0.726277,0.683416
primary_strict_point_hn1,3,2371,10371,-0.892215,0.488613
primary_strict_point_hn1,3,2372,10372,-0.896512,0.50763
primary_strict_point_hn1,3,2373,10373,-0.758023,0.5521
primary_strict_point_hn1,3,2374,10374,-0.754795,0.556961
primary_strict_point_hn1,3,2375,10375,-0.496089,0.437636
primary_strict_point_hn1,3,2376,10376,-1.35254,0.676955
primary_strict_point_hn1,3,2377,10377,-0.88,0.629133
primary_strict_point_hn1,3,2378,10378,-0.797806,0.524672
primary_strict_point_hn1,3,2379,10379,-0.721991,0.527368
primary_strict_point_hn1,3,2380,10380,-0.702214,0.512403
primary_strict_point_hn1,3,2381,10381,-0.892341,0.643173
primary_strict_point_hn1,3,2382,10382,-1.01699,0.628161
primary_strict_point_hn1,3,2383,10383,-0.859325,0.430188
primary_strict_point_hn1,3,2384,10384,-0.778661,0.447535
primary_strict_point_hn1,3,2385,10385,-0.650528,0.470837
primary_strict_point_hn1,3,2386,10386,-0.78987,0.4323
primary_strict_point_hn1,3,2387,10387,-0.577876,0.418506
primary_strict_point_hn1,3,2388,10388,-0.674584,0.538738
primary_strict_point_hn1,3,2389,10389,-0.662696,0.515753
primary_strict_point_hn1,3,2390,10390,-0.587455,0.623083
primary_strict_point_hn1,3,2391,10391,-0.637808,0.34377
primary_strict_point_hn1,3,2392,10392,-0.815976,0.487344
primary_strict_point_hn1,3,2393,10393,-0.504032,0.611163
primary_strict_point_hn1,3,2394,10394,-0.522972,0.641519
primary_strict_point_hn1,3,2395,10395,-0.415765,0.650038
primary_strict_point_hn1,3,2396,10396,-0.294756,0.66275
primary_strict_point_hn1,3,2397,10397,-0.329018,0.611285
primary_strict_point_hn1,3,2398,10398,-0.527916,0.500081
primary_strict_point_hn1,3,2399,10399,-1.00518,1.07861
primary_strict_point_hn1,3,2400,10400,-1.01079,0.980787
primary_strict_point_hn1,3,2401,10401,-1.00422,0.636118
primary_strict_point_hn1,3,2402,10402,-1.07347,0.688609
primary_strict_point_hn1,3,2403,10403,-1.01794,0.896762
primary_strict_point_hn1,3,2404,10404,-0.782852,0.902979
primary_strict_point_hn1,3,2405,10405,-0.969655,0.56421
primary_strict_point_hn1,3,2406,10406,-0.670442,0.620977
primary_strict_point_hn1,3,2407,10407,-0.618567,0.599239
primary_strict_point_hn1,3,2408,10408,-0.626595,0.663836
primary_strict_point_hn1,3,2409,10409,-0.660386,0.332961
primary_strict_point_hn1,3,2410,10410,-0.331403,0.890677
primary_strict_point_hn1,3,2411,10411,-0.299011,0.869504
primary_strict_point_hn1,3,2412,10412,-0.708144,0.734923
primary_strict_point_hn1,3,2413,10413,-0.807054,0.83323
primary_strict_point_hn1,3,2414,10414,-0.858366,0.885619
primary_strict_point_hn1,3,2415,10415,-0.540586,0.550287
primary_strict_point_hn1,3,2416,10416,-0.744591,0.868595
primary_strict_point_hn1,3,2417,10417,-0.802514,0.54627
primary_strict_point_hn1,3,2418,10418,-0.724425,0.57209
primary_strict_point_hn1,3,2419,10419,-0.734133,0.617454
primary_strict_point_hn1,3,2420,10420,-0.586318,0.646233
primary_strict_point_hn1,3,2421,10421,-0.577099,0.562004
primary_strict_point_hn1,3,2422,10422,-0.663733,0.665857
primary_strict_point_hn1,3,2423,10423,-0.616916,0.502743
primary_strict_point_hn1,3,2424,10424,-0.234168,0.552163
primary_strict_point_hn1,3,2425,10425,-0.34886,0.454349
primary_strict_point_hn1,3,2426,10426,-0.330437,0.465965
primary_strict_point_hn1,3,2427,10427,-0.404365,0.361631
primary_strict_point_hn1,3,2428,10428,-0.537083,0.531224
primary_strict_point_hn1,3,2429,10429,-0.405812,0.579901
primary_strict_point_hn1,3,2430,10430,-0.51342,0.405258
primary_strict_point_hn1,3,2431,10431,-0.517422,0.375198
primary_strict_point_hn1,3,2432,10432,-0.563547,0.396034
primary_strict_point_hn1,3,2433,10433,-0.452662,0.648608
primary_strict_point_hn1,3,2434,10434,-0.33542,0.637222
primary_strict_point_hn1,3,2435,10435,-0.567032,0.504415
primary_strict_point_hn1,3,2436,10436,-0.382264,0.475025
primary_strict_point_hn1,3,2437,10437,-0.204607,0.623591
primary_strict_point_hn1,3,2438,10438,-0.483232,0.407076
primary_strict_point_hn1,3,2439,10439,-0.592602,0.465249
primary_strict_point_hn1,3,2440,10440,-0.511943,0.702048
primary_strict_point_hn1,3,2441,10441,-0.58389,0.547826
primary_strict_point_hn1,3,2442,10442,-0.614698,0.31345
primary_strict_point_hn1,3,2443,10443,-0.639834,0.482723
primary_strict_point_hn1,3,2444,10444,-0.749857,0.319101
primary_strict_point_hn1,3,2445,10445,-0.500229,0.437598
primary_strict_point_hn1,3,2446,10446,-0.523109,0.448599
primary_strict_point_hn1,3,2447,10447,-0.569826,0.477764
primary_strict_point_hn1,3,2448,10448,-0.751291,0.690556
primary_strict_point_hn1,3,2449,10449,-0.736187,0.462208
primary_strict_point_hn1,3,2450,10450,-0.660166,0.471512
primary_strict_point_hn1,3,2451,10451,-0.716268,0.450092
primary_strict_point_hn1,3,2452,10452,-0.650413,0.476938
primary_strict_point_hn1,3,2453,10453,-0.379889,0.406892
primary_strict_point_hn1,3,2454,10454,-0.574803,0.435877
primary_strict_point_hn1,3,2455,10455,-0.586801,0.47619
primary_strict_point_hn1,3,2456,10456,-0.487567,0.468808
primary_strict_point_hn1,3,2457,10457,-0.648735,0.572332
primary_strict_point_hn1,3,2458,10458,-0.629767,0.327016
primary_strict_point_hn1,3,2459,10459,-0.592343,0.298992
primary_strict_point_hn1,3,2460,10460,-0.65187,0.37795
primary_strict_point_hn1,3,2461,10461,-0.706753,0.568245
primary_strict_point_hn1,3,2462,10462,-0.73375,0.485691
primary_strict_point_hn1,3,2463,10463,-0.820818,0.506364
primary_strict_point_hn1,3,2464,10464,-0.885951,0.487361
primary_strict_point_hn1,3,2465,10465,-0.995126,0.644941
primary_strict_point_hn1,3,2466,10466,-0.977327,0.633588
primary_strict_point_hn1,3,2467,10467,-0.9765,0.623382
primary_strict_point_hn1,3,2468,10468,-0.496594,0.565321
primary_strict_point_hn1,3,2469,10469,-0.298479,0.484467
primary_strict_point_hn1,3,2470,10470,-0.781377,0.510944
primary_strict_point_hn1,3,2471,10471,-0.825499,0.485801
primary_strict_point_hn1,3,2472,10472,-0.769023,0.395432
primary_strict_point_hn1,3,2473,10473,-0.760847,0.458206
primary_strict_point_hn1,3,2474,10474,-0.741816,0.425323
primary_strict_point_hn1,3,2475,10475,-0.57826,0.742028
primary_strict_point_hn1,3,2476,10476,-0.524401,0.613114
primary_strict_point_hn1,3,2477,10477,-0.688146,0.621088
primary_strict_point_hn1,3,2478,10478,-0.521557,0.553995
primary_strict_point_hn1,3,2479,10479,-0.656195,0.721161
primary_strict_point_hn1,3,2480,10480,-0.602969,0.839197
primary_strict_point_hn1,3,2481,10481,-0.614049,0.612665
primary_strict_point_hn1,3,2482,10482,-0.567608,0.526806
primary_strict_point_hn1,3,2483,10483,-0.674168,0.595155
primary_strict_point_hn1,3,2484,10484,-0.411452,0.621275
primary_strict_point_hn1,3,2485,10485,-0.706579,0.586476
primary_strict_point_hn1,3,2486,10486,-0.593544,0.485114
primary_strict_point_hn1,3,2487,10487,-0.644254,0.326661
primary_strict_point_hn1,3,2488,10488,-0.522798,0.483292
primary_strict_point_hn1,3,2489,10489,-0.31974,0.685863
primary_strict_point_hn1,3,2490,10490,-0.574715,0.516886
primary_strict_point_hn1,3,2491,10491,-0.52227,0.605574
primary_strict_point_hn1,3,2492,10492,-0.567416,0.680672
primary_strict_point_hn1,3,2493,10493,-0.540517,0.648361
primary_strict_point_hn1,3,2494,10494,-0.503704,0.758109
primary_strict_point_hn1,3,2495,10495,-0.814825,0.684174
primary_strict_point_hn1,3,2496,10496,-0.784252,0.709506
primary_strict_point_hn1,3,2497,10497,-0.716024,0.38087
primary_strict_point_hn1,3,2498,10498,-1.06502,0.535506
primary_strict_point_hn1,3,2499,10499,-1.03867,0.464515
primary_strict_point_hn1,3,2500,10500,-0.918715,0.590967
primary_strict_point_hn1,3,2501,10501,-1.07261,0.538745
primary_strict_point_hn1,3,2502,10502,-0.976164,0.530913
primary_strict_point_hn1,3,2503,10503,-1.01907,0.45792
primary_strict_point_hn1,3,2504,10504,-0.919093,0.43816
primary_strict_point_hn1,3,2505,10505,-0.72342,0.559461
primary_strict_point_hn1,3,2506,10506,-0.702221,0.661566
primary_strict_point_hn1,3,2507,10507,-0.600669,0.620505
primary_strict_point_hn1,3,2508,10508,-0.855439,0.474478
primary_strict_point_hn1,3,2509,10509,-0.924105,0.512431
primary_strict_point_hn1,3,2510,10510,-0.850346,0.552682
primary_strict_point_hn1,3,2511,10511,-0.598747,0.406556
primary_strict_point_hn1,3,2512,10512,-0.6203,0.525199
primary_strict_point_hn1,3,2513,10513,-0.526811,0.357582
primary_strict_point_hn1,3,2514,10514,-0.441834,0.438038
primary_strict_point_hn1,3,2515,10515,-0.412725,0.618583
primary_strict_point_hn1,3,2516,10516,-0.406326,0.486223
primary_strict_point_hn1,3,2517,10517,-0.806515,0.786528
primary_strict_point_hn1,3,2518,10518,-0.862408,0.486205
primary_strict_point_hn1,3,2519,10519,-0.849924,0.579283
primary_strict_point_hn1,3,2520,10520,-0.749646,0.456773
primary_strict_point_hn1,3,2521,10521,-0.738384,0.698356
primary_strict_point_hn1,3,2522,10522,-0.733105,0.792446
primary_strict_point_hn1,3,2523,10523,-0.649813,0.785392
primary_strict_point_hn1,3,2524,10524,-0.640634,0.617777
primary_strict_point_hn1,3,2525,10525,-0.704189,0.781629
primary_strict_point_hn1,3,2526,10526,-0.707899,0.616689
primary_strict_point_hn1,3,2527,10527,-0.555343,0.519619
primary_strict_point_hn1,3,2528,10528,-0.766536,0.493484
primary_strict_point_hn1,3,2529,10529,-0.65601,0.456324
primary_strict_point_hn1,3,2530,10530,-0.628553,0.476846
primary_strict_point_hn1,3,2531,10531,-0.406432,0.527124
primary_strict_point_hn1,3,2532,10532,-0.566897,0.515359
primary_strict_point_hn1,3,2533,10533,-0.719513,0.58805
primary_strict_point_hn1,3,2534,10534,-0.523237,0.679587
primary_strict_point_hn1,3,2535,10535,-0.449229,0.648355
primary_strict_point_hn1,3,2536,10536,-0.816982,0.817715
primary_strict_point_hn1,3,2537,10537,-0.369608,0.700465
primary_strict_point_hn1,3,2538,10538,-0.551197,0.640649
primary_strict_point_hn1,3,2539,10539,-0.75925,0.444927
primary_strict_point_hn1,3,2540,10540,-0.707471,0.43849900000000003
primary_strict_point_hn1,3,2541,10541,-0.904456,0.548527
primary_strict_point_hn1,3,2542,10542,-0.927427,0.47206
primary_strict_point_hn1,3,2543,10543,-0.63713,0.452952
primary_strict_point_hn1,3,2544,10544,-0.724522,0.448598
primary_strict_point_hn1,3,2545,10545,-0.861504,0.546801
primary_strict_point_hn1,3,2546,10546,-0.629964,0.523786
primary_strict_point_hn1,3,2547,10547,-0.464208,0.534154
primary_strict_point_hn1,3,2548,10548,-0.605099,0.641393
primary_strict_point_hn1,3,2549,10549,-0.616873,0.570769
primary_strict_point_hn1,3,2550,10550,-0.257542,0.724837
primary_strict_point_hn1,3,2551,10551,-0.234622,0.678831
primary_strict_point_hn1,3,2552,10552,-0.46953,0.647067
primary_strict_point_hn1,3,2553,10553,-0.451741,0.64275
primary_strict_point_hn1,3,2554,10554,-0.311962,0.689792
primary_strict_point_hn1,3,2555,10555,-0.327948,0.557402
primary_strict_point_hn1,3,2556,10556,-0.349856,0.573673
primary_strict_point_hn1,3,2557,10557,-0.601989,0.534894
primary_strict_point_hn1,3,2558,10558,-0.426202,0.577045
primary_strict_point_hn1,3,2559,10559,-0.460713,0.567566
primary_strict_point_hn1,3,2560,10560,-0.493812,0.496642
primary_strict_point_hn1,3,2561,10561,-0.397973,0.493785
primary_strict_point_hn1,3,2562,10562,-0.0714534,0.89058
primary_strict_point_hn1,3,2563,10563,-0.0813856,0.837529
primary_strict_point_hn1,3,2564,10564,-0.0962487,0.83481
primary_strict_point_hn1,3,2565,10565,-0.245236,0.984437
primary_strict_point_hn1,3,2566,10566,-0.538743,1.21497
primary_strict_point_hn1,3,2567,10567,-0.528673,1.00017
primary_strict_point_hn1,3,2568,10568,-0.505958,0.91822
primary_strict_point_hn1,3,2569,10569,-0.547409,0.91808
primary_strict_point_hn1,3,2570,10570,-0.308617,0.743638
primary_strict_point_hn1,3,2571,10571,-0.531942,0.395038
primary_strict_point_hn1,3,2572,10572,-0.610216,0.437765
primary_strict_point_hn1,3,2573,10573,-0.409771,0.505163
primary_strict_point_hn1,3,2574,10574,-0.263736,0.812301
primary_strict_point_hn1,3,2575,10575,-0.537931,0.756389
primary_strict_point_hn1,3,2576,10576,-0.310821,0.726791
primary_strict_point_hn1,3,2577,10577,-0.474815,0.561216
primary_strict_point_hn1,3,2578,10578,-0.535708,0.543259
primary_strict_point_hn1,3,2579,10579,-0.618609,0.482313
primary_strict_point_hn1,3,2580,10580,-0.624964,0.469325
primary_strict_point_hn1,3,2581,10581,-0.625453,0.48838
primary_strict_point_hn1,3,2582,10582,-0.852574,0.667166
primary_strict_point_hn1,3,2583,10583,-0.682305,0.72503
primary_strict_point_hn1,3,2584,10584,-0.669571,0.834482
primary_strict_point_hn1,3,2585,10585,-0.457035,1.10833
primary_strict_point_hn1,3,2586,10586,-0.488879,0.870338
primary_strict_point_hn1,3,2587,10587,-0.48072,0.693949
primary_strict_point_hn1,3,2588,10588,-0.519572,0.683957
primary_strict_point_hn1,3,2589,10589,-0.61548,0.537773
primary_strict_point_hn1,3,2590,10590,-0.648059,0.516186
primary_strict_point_hn1,3,2591,10591,-0.766651,0.615963
primary_strict_point_hn1,3,2592,10592,-0.986726,0.598924
primary_strict_point_hn1,3,2593,10593,-0.681982,0.454167
primary_strict_point_hn1,3,2594,10594,-0.760046,0.565528
primary_strict_point_hn1,3,2595,10595,-0.729233,0.317161
primary_strict_point_hn1,3,2596,10596,-0.679502,0.386809
primary_strict_point_hn1,3,2597,10597,-0.44098,0.399136
primary_strict_point_hn1,3,2598,10598,-0.620259,0.498922
primary_strict_point_hn1,3,2599,10599,-0.587936,0.60327
primary_strict_point_hn1,3,2600,10600,-0.376979,0.549352
primary_strict_point_hn1,3,2601,10601,-0.435625,0.538965
primary_strict_point_hn1,3,2602,10602,-0.645286,0.515852
primary_strict_point_hn1,3,2603,10603,-0.563246,0.605169
primary_strict_point_hn1,3,2604,10604,-0.60521,0.689901
primary_strict_point_hn1,3,2605,10605,-0.715469,0.842752
primary_strict_point_hn1,3,2606,10606,-0.653877,0.708624
primary_strict_point_hn1,3,2607,10607,-0.594369,0.898365
primary_strict_point_hn1,3,2608,10608,-0.681128,0.738085
primary_strict_point_hn1,3,2609,10609,-0.599572,0.737659
primary_strict_point_hn1,3,2610,10610,-0.737304,0.58514
primary_strict_point_hn1,3,2611,10611,-0.405708,0.789772
primary_strict_point_hn1,3,2612,10612,-0.66849,0.623588
primary_strict_point_hn1,3,2613,10613,-0.759232,0.51048
primary_strict_point_hn1,3,2614,10614,-0.780153,0.47397
primary_strict_point_hn1,3,2615,10615,-0.710595,0.449961
primary_strict_point_hn1,3,2616,10616,-0.66588,0.417961
primary_strict_point_hn1,3,2617,10617,-0.757801,0.583319
primary_strict_point_hn1,3,2618,10618,-0.790436,0.374012
primary_strict_point_hn1,3,2619,10619,-0.788136,0.395578
primary_strict_point_hn1,3,2620,10620,-0.767911,0.529711
primary_strict_point_hn1,3,2621,10621,-0.561985,0.32582
primary_strict_point_hn1,3,2622,10622,-0.651711,0.49855
primary_strict_point_hn1,3,2623,10623,-0.491201,0.704227
primary_strict_point_hn1,3,2624,10624,-0.554567,0.769445
primary_strict_point_hn1,3,2625,10625,-0.620362,0.550431
primary_strict_point_hn1,3,2626,10626,-0.628624,0.732655
primary_strict_point_hn1,3,2627,10627,-0.659733,0.503501
primary_strict_point_hn1,3,2628,10628,-0.838586,0.542675
primary_strict_point_hn1,3,2629,10629,-0.908416,0.441032
primary_strict_point_hn1,3,2630,10630,-0.869839,0.402288
primary_strict_point_hn1,3,2631,10631,-0.551794,0.604837
primary_strict_point_hn1,3,2632,10632,-0.457072,0.605413
primary_strict_point_hn1,3,2633,10633,-0.371424,0.67629
primary_strict_point_hn1,3,2634,10634,-0.451505,0.628921
primary_strict_point_hn1,3,2635,10635,-0.439969,0.688207
primary_strict_point_hn1,3,2636,10636,-0.446218,0.626948
primary_strict_point_hn1,3,2637,10637,-0.430267,0.617395
primary_strict_point_hn1,3,2638,10638,-0.454277,0.567876
primary_strict_point_hn1,3,2639,10639,-0.423088,0.582072
primary_strict_point_hn1,3,2640,10640,-0.482822,0.443627
primary_strict_point_hn1,3,2641,10641,-0.51021,0.449629
primary_strict_point_hn1,3,2642,10642,-0.508313,0.468085
primary_strict_point_hn1,3,2643,10643,-0.541328,0.45069
primary_strict_point_hn1,3,2644,10644,-0.496409,0.600603
primary_strict_point_hn1,3,2645,10645,-0.300141,0.752668
primary_strict_point_hn1,3,2646,10646,-0.520141,0.385937
primary_strict_point_hn1,3,2647,10647,-0.623728,0.43575
primary_strict_point_hn1,3,2648,10648,-0.485213,0.742814
primary_strict_point_hn1,3,2649,10649,-0.62848,0.657952
primary_strict_point_hn1,3,2650,10650,-0.557897,0.48613
primary_strict_point_hn1,3,2651,10651,-0.677773,0.443847
primary_strict_point_hn1,3,2652,10652,-0.858636,0.376978
primary_strict_point_hn1,3,2653,10653,-0.770525,0.466386
primary_strict_point_hn1,3,2654,10654,-0.847956,0.808749
primary_strict_point_hn1,3,2655,10655,-0.923927,0.655365
primary_strict_point_hn1,3,2656,10656,-0.967031,0.755867
primary_strict_point_hn1,3,2657,10657,-0.874144,0.662237
primary_strict_point_hn1,3,2658,10658,-0.750425,0.569659
primary_strict_point_hn1,3,2659,10659,-0.748541,0.630362
primary_strict_point_hn1,3,2660,10660,-0.762733,0.603833
primary_strict_point_hn1,3,2661,10661,-0.710697,0.597759
primary_strict_point_hn1,3,2662,10662,-0.499572,0.544727
primary_strict_point_hn1,3,2663,10663,-0.458616,0.525778
primary_strict_point_hn1,3,2664,10664,-0.591109,0.635749
primary_strict_point_hn1,3,2665,10665,-0.68886,0.601017
primary_strict_point_hn1,3,2666,10666,-0.454036,0.688155
primary_strict_point_hn1,3,2667,10667,-0.410346,0.444965
primary_strict_point_hn1,3,2668,10668,-0.540396,0.582411
primary_strict_point_hn1,3,2669,10669,-0.587192,0.615958
primary_strict_point_hn1,3,2670,10670,-0.52598,0.661198
primary_strict_point_hn1,3,2671,10671,-0.499492,0.551322
primary_strict_point_hn1,3,2672,10672,-0.553281,0.331361
primary_strict_point_hn1,3,2673,10673,-0.565906,0.666957
primary_strict_point_hn1,3,2674,10674,-0.626684,0.450043
primary_strict_point_hn1,3,2675,10675,-0.837992,0.608201
primary_strict_point_hn1,3,2676,10676,-0.755081,0.434106
primary_strict_point_hn1,3,2677,10677,-0.685802,0.493954
primary_strict_point_hn1,3,2678,10678,-1.07566,0.580208
primary_strict_point_hn1,3,2679,10679,-0.45229,0.663323
primary_strict_point_hn1,3,2680,10680,-0.817229,0.558515
primary_strict_point_hn1,3,2681,10681,-0.616131,0.442043
primary_strict_point_hn1,3,2682,10682,-0.765426,0.421756
primary_strict_point_hn1,3,2683,10683,-0.66687,0.522022
primary_strict_point_hn1,3,2684,10684,-0.747003,0.671527
primary_strict_point_hn1,3,2685,10685,-0.574035,0.519519
primary_strict_point_hn1,3,2686,10686,-0.578375,0.597767
primary_strict_point_hn1,3,2687,10687,-0.487544,0.528952
primary_strict_point_hn1,3,2688,10688,-0.544444,0.50404
primary_strict_point_hn1,3,2689,10689,-0.699001,0.529946
primary_strict_point_hn1,3,2690,10690,-0.571517,0.570602
primary_strict_point_hn1,3,2691,10691,-0.640194,0.436432
primary_strict_point_hn1,3,2692,10692,-0.489729,0.476906
primary_strict_point_hn1,3,2693,10693,-0.321407,0.591003
primary_strict_point_hn1,3,2694,10694,-0.324766,0.557376
primary_strict_point_hn1,3,2695,10695,-0.263245,0.581691
primary_strict_point_hn1,3,2696,10696,-0.568422,0.426302
primary_strict_point_hn1,3,2697,10697,-0.514065,0.48156
primary_strict_point_hn1,3,2698,10698,-0.529689,0.422133
primary_strict_point_hn1,3,2699,10699,-0.457112,0.492275
primary_strict_point_hn1,3,2700,10700,-0.558252,0.522394
primary_strict_point_hn1,3,2701,10701,-0.476982,0.524766
primary_strict_point_hn1,3,2702,10702,-0.543897,0.582883
primary_strict_point_hn1,3,2703,10703,-0.609696,0.486041
primary_strict_point_hn1,3,2704,10704,-0.44583,0.746944
primary_strict_point_hn1,3,2705,10705,-0.524718,0.591707
primary_strict_point_hn1,3,2706,10706,-0.599037,0.714279
primary_strict_point_hn1,3,2707,10707,-0.667818,0.813967
primary_strict_point_hn1,3,2708,10708,-0.797381,0.549263
primary_strict_point_hn1,3,2709,10709,-0.708237,0.645709
primary_strict_point_hn1,3,2710,10710,-0.95848,0.641897
primary_strict_point_hn1,3,2711,10711,-0.975898,0.960473
primary_strict_point_hn1,3,2712,10712,-0.989677,1.02442
primary_strict_point_hn1,3,2713,10713,-0.812174,0.4669
primary_strict_point_hn1,3,2714,10714,-0.536861,0.45644
primary_strict_point_hn1,3,2715,10715,-0.550851,0.451823
primary_strict_point_hn1,3,2716,10716,-0.472504,0.43893
primary_strict_point_hn1,3,2717,10717,-0.490328,0.512671
primary_strict_point_hn1,3,2718,10718,-0.762715,0.664843
primary_strict_point_hn1,3,2719,10719,-0.915252,0.447767
primary_strict_point_hn1,3,2720,10720,-1.14801,0.752731
primary_strict_point_hn1,3,2721,10721,-0.481373,0.517204
primary_strict_point_hn1,3,2722,10722,-0.367723,0.568413
primary_strict_point_hn1,3,2723,10723,-0.263054,0.577198
primary_strict_point_hn1,3,2724,10724,-0.821299,0.577883
primary_strict_point_hn1,3,2725,10725,-0.857194,0.664235
primary_strict_point_hn1,3,2726,10726,-0.762187,0.499759
primary_strict_point_hn1,3,2727,10727,-0.808852,0.490534
primary_strict_point_hn1,3,2728,10728,-0.802738,0.389846
primary_strict_point_hn1,3,2729,10729,-0.789866,0.52129
primary_strict_point_hn1,3,2730,10730,-0.758069,0.45739
primary_strict_point_hn1,3,2731,10731,-0.595982,0.733821
primary_strict_point_hn1,3,2732,10732,-0.830222,0.521754
primary_strict_point_hn1,3,2733,10733,-0.693762,0.775139
primary_strict_point_hn1,3,2734,10734,-0.853776,0.875407
primary_strict_point_hn1,3,2735,10735,-0.953521,0.865458
primary_strict_point_hn1,3,2736,10736,-0.831938,0.749671
primary_strict_point_hn1,3,2737,10737,-0.729769,0.737508
primary_strict_point_hn1,3,2738,10738,-0.834476,0.87034
primary_strict_point_hn1,3,2739,10739,-1.02101,0.815644
primary_strict_point_hn1,3,2740,10740,-0.965913,0.934708
primary_strict_point_hn1,3,2741,10741,-1.10002,0.914119
primary_strict_point_hn1,3,2742,10742,-0.826919,1.06602
primary_strict_point_hn1,3,2743,10743,-0.92961800000000006,1.01514
primary_strict_point_hn1,3,2744,10744,-1.00329,1.16516
primary_strict_point_hn1,3,2745,10745,-1.00036,1.16329
primary_strict_point_hn1,3,2746,10746,-1.0102,0.715754
primary_strict_point_hn1,3,2747,10747,-0.432196,0.575127
primary_strict_point_hn1,3,2748,10748,-0.600591,0.477131
primary_strict_point_hn1,3,2749,10749,-0.325147,0.53301
primary_strict_point_hn1,3,2750,10750,-0.34489,0.504824
primary_strict_point_hn1,3,2751,10751,-0.241132,0.535134
primary_strict_point_hn1,3,2752,10752,-0.592759,0.550791
primary_strict_point_hn1,3,2753,10753,-0.613066,0.684523
primary_strict_point_hn1,3,2754,10754,-0.537372,0.638704
primary_strict_point_hn1,3,2755,10755,-0.490179,0.415323
primary_strict_point_hn1,3,2756,10756,-0.515462,0.411837
primary_strict_point_hn1,3,2757,10757,-0.409463,0.688967
primary_strict_point_hn1,3,2758,10758,-0.505278,0.605043
primary_strict_point_hn1,3,2759,10759,-0.880109,0.734147
primary_strict_point_hn1,3,2760,10760,-0.863344,0.654614
primary_strict_point_hn1,3,2761,10761,-0.957513,0.685449
primary_strict_point_hn1,3,2762,10762,-0.814456,0.699559
primary_strict_point_hn1,3,2763,10763,-0.828522,0.485029
primary_strict_point_hn1,3,2764,10764,-0.81678,0.59153
primary_strict_point_hn1,3,2765,10765,-0.738532,0.867058
primary_strict_point_hn1,3,2766,10766,-0.733408,0.851769
primary_strict_point_hn1,3,2767,10767,-0.829585,0.659336
primary_strict_point_hn1,3,2768,10768,-0.693952,0.592431
primary_strict_point_hn1,3,2769,10769,-0.80789,0.616304
primary_strict_point_hn1,3,2770,10770,-0.726084,0.577705
primary_strict_point_hn1,3,2771,10771,-0.818272,0.811811
primary_strict_point_hn1,3,2772,10772,-0.385048,0.799778
primary_strict_point_hn1,3,2773,10773,-0.660837,0.504216
primary_strict_point_hn1,3,2774,10774,-0.68807,0.351701
primary_strict_point_hn1,3,2775,10775,-0.663163,0.347537
primary_strict_point_hn1,3,2776,10776,-0.762847,0.389955
primary_strict_point_hn1,3,2777,10777,-0.586868,0.528224
primary_strict_point_hn1,3,2778,10778,-0.701964,0.377835
primary_strict_point_hn1,3,2779,10779,-0.789613,0.461831
primary_strict_point_hn1,3,2780,10780,-0.695268,0.450725
primary_strict_point_hn1,3,2781,10781,-0.839465,0.511292
primary_strict_point_hn1,3,2782,10782,-0.832911,0.444868
primary_strict_point_hn1,3,2783,10783,-0.708514,0.579126
primary_strict_point_hn1,3,2784,10784,-0.686824,0.570381
primary_strict_point_hn1,3,2785,10785,-0.597358,0.679633
primary_strict_point_hn1,3,2786,10786,-0.750201,0.796408
primary_strict_point_hn1,3,2787,10787,-0.542303,0.691059
primary_strict_point_hn1,3,2788,10788,-0.184275,0.683187
primary_strict_point_hn1,3,2789,10789,-0.173674,0.731456
primary_strict_point_hn1,3,2790,10790,-0.643935,0.479951
primary_strict_point_hn1,3,2791,10791,-0.595689,0.503828
primary_strict_point_hn1,3,2792,10792,-0.354455,0.423335
primary_strict_point_hn1,3,2793,10793,-0.413094,0.364375
primary_strict_point_hn1,3,2794,10794,-0.422453,0.485961
primary_strict_point_hn1,3,2795,10795,-0.606249,0.53256
primary_strict_point_hn1,3,2796,10796,-0.63445,0.600418
primary_strict_point_hn1,3,2797,10797,-0.684177,0.592081
primary_strict_point_hn1,3,2798,10798,-0.654372,0.589612
primary_strict_point_hn1,3,2799,10799,-0.746828,0.431844
primary_strict_point_hn1,3,2800,10800,-0.807638,0.467593
primary_strict_point_hn1,3,2801,10801,-0.895224,0.523693
primary_strict_point_hn1,3,2802,10802,-0.817507,0.629797
primary_strict_point_hn1,3,2803,10803,-0.740387,0.68088
primary_strict_point_hn1,3,2804,10804,-0.568565,0.616293
primary_strict_point_hn1,3,2805,10805,-0.678427,0.439102
primary_strict_point_hn1,3,2806,10806,-0.411466,0.486497
primary_strict_point_hn1,3,2807,10807,-0.663052,0.392847
primary_strict_point_hn1,3,2808,10808,-0.567235,0.437449
primary_strict_point_hn1,3,2809,10809,-0.681292,0.783007
primary_strict_point_hn1,3,2810,10810,-0.776782,0.420237
primary_strict_point_hn1,3,2811,10811,-0.411349,0.821504
primary_strict_point_hn1,3,2812,10812,-0.32575,0.990394
primary_strict_point_hn1,3,2813,10813,-0.212131,0.792472
primary_strict_point_hn1,3,2814,10814,-0.221287,0.846519
primary_strict_point_hn1,3,2815,10815,-0.198774,0.700867
primary_strict_point_hn1,3,2816,10816,-0.260311,0.657657
primary_strict_point_hn1,3,2817,10817,-0.489167,0.45499
primary_strict_point_hn1,3,2818,10818,-0.530325,0.621164
primary_strict_point_hn1,3,2819,10819,-0.75785,0.484059
primary_strict_point_hn1,3,2820,10820,-0.654992,0.672636
primary_strict_point_hn1,3,2821,10821,-0.637351,0.431293
primary_strict_point_hn1,3,2822,10822,-0.366969,0.541528
primary_strict_point_hn1,3,2823,10823,-0.4824,0.428708
primary_strict_point_hn1,3,2824,10824,-0.361569,0.467029
primary_strict_point_hn1,3,2825,10825,-0.447444,0.350565
primary_strict_point_hn1,3,2826,10826,-0.699731,0.460661
primary_strict_point_hn1,3,2827,10827,-0.717897,0.552559
primary_strict_point_hn1,3,2828,10828,-0.424105,0.915758
primary_strict_point_hn1,3,2829,10829,-0.461406,0.962267
primary_strict_point_hn1,3,2830,10830,-0.874936,0.797268
primary_strict_point_hn1,3,2831,10831,-0.78215,0.695416
primary_strict_point_hn1,3,2832,10832,-0.795726,0.682633
primary_strict_point_hn1,3,2833,10833,-0.770298,0.57820800000000006
primary_strict_point_hn1,3,2834,10834,-0.787374,0.545123
primary_strict_point_hn1,3,2835,10835,-0.670693,0.661318
primary_strict_point_hn1,3,2836,10836,-0.673018,0.537428
primary_strict_point_hn1,3,2837,10837,-0.730077,0.607905
primary_strict_point_hn1,3,2838,10838,-0.503166,0.790054
primary_strict_point_hn1,3,2839,10839,-0.599301,0.567425
primary_strict_point_hn1,3,2840,10840,-0.620689,0.716032
primary_strict_point_hn1,3,2841,10841,-0.764796,0.369883
primary_strict_point_hn1,3,2842,10842,-0.727859,0.377353
primary_strict_point_hn1,3,2843,10843,-0.620471,0.45464
primary_strict_point_hn1,3,2844,10844,-0.812812,0.450199
primary_strict_point_hn1,3,2845,10845,-0.804376,0.465538
primary_strict_point_hn1,3,2846,10846,-0.511883,0.510774
primary_strict_point_hn1,3,2847,10847,-0.789414,0.628646
primary_strict_point_hn1,3,2848,10848,-0.55845,0.705136
primary_strict_point_hn1,3,2849,10849,-0.769224,0.51432
primary_strict_point_hn1,3,2850,10850,-0.827729,0.519581
primary_strict_point_hn1,3,2851,10851,-0.865463,0.622838
primary_strict_point_hn1,3,2852,10852,-0.87123,0.731541
primary_strict_point_hn1,3,2853,10853,-0.723074,0.584528
primary_strict_point_hn1,3,2854,10854,-0.649483,0.608783
primary_strict_point_hn1,3,2855,10855,-0.60629,0.497623
primary_strict_point_hn1,3,2856,10856,-0.685045,0.350389
primary_strict_point_hn1,3,2857,10857,-0.499507,0.682368
primary_strict_point_hn1,3,2858,10858,-0.432883,0.730143
primary_strict_point_hn1,3,2859,10859,-0.533554,0.534393
primary_strict_point_hn1,3,2860,10860,-0.456705,0.574348
primary_strict_point_hn1,3,2861,10861,-0.329381,0.661517
primary_strict_point_hn1,3,2862,10862,-0.58216,0.552697
primary_strict_point_hn1,3,2863,10863,-0.478152,0.550911
primary_strict_point_hn1,3,2864,10864,-0.530218,0.670332
primary_strict_point_hn1,3,2865,10865,-0.507615,0.703152
primary_strict_point_hn1,3,2866,10866,-0.702434,0.44755
primary_strict_point_hn1,3,2867,10867,-0.6915,0.438859
primary_strict_point_hn1,3,2868,10868,-0.750384,0.382078
primary_strict_point_hn1,3,2869,10869,-0.615399,0.504544
primary_strict_point_hn1,3,2870,10870,-0.66642,0.447501
primary_strict_point_hn1,3,2871,10871,-0.738962,0.431214
primary_strict_point_hn1,3,2872,10872,-0.696862,0.43412
primary_strict_point_hn1,3,2873,10873,-0.797145,0.525948
primary_strict_point_hn1,3,2874,10874,-0.618502,0.446256
primary_strict_point_hn1,3,2875,10875,-0.499527,0.56764
primary_strict_point_hn1,3,2876,10876,-0.417849,0.738204
primary_strict_point_hn1,3,2877,10877,-0.809669,0.574189
primary_strict_point_hn1,3,2878,10878,-0.36728,0.712548
primary_strict_point_hn1,3,2879,10879,-0.47063,0.76211
primary_strict_point_hn1,3,2880,10880,-0.906478,0.69059
primary_strict_point_hn1,3,2881,10881,-0.91752,0.728794
primary_strict_point_hn1,3,2882,10882,-0.460322,0.521319
primary_strict_point_hn1,3,2883,10883,-0.45955,0.46027
primary_strict_point_hn1,3,2884,10884,-0.340942,0.507738
primary_strict_point_hn1,3,2885,10885,-0.737594,0.680658
primary_strict_point_hn1,3,2886,10886,-0.617097,0.40101
primary_strict_point_hn1,3,2887,10887,-0.483278,0.535343
primary_strict_point_hn1,3,2888,10888,-0.612792,0.596213
primary_strict_point_hn1,3,2889,10889,-0.372324,0.772467
primary_strict_point_hn1,3,2890,10890,-0.578118,0.551241
primary_strict_point_hn1,3,2891,10891,-0.58052,0.518026
primary_strict_point_hn1,3,2892,10892,-0.674974,0.43827700000000003
primary_strict_point_hn1,3,2893,10893,-0.696787,0.473001
primary_strict_point_hn1,3,2894,10894,-0.758972,0.440033
primary_strict_point_hn1,3,2895,10895,-0.750401,0.425925
primary_strict_point_hn1,3,2896,10896,-0.601223,0.495452
primary_strict_point_hn1,3,2897,10897,-0.812322,0.495902
primary_strict_point_hn1,3,2898,10898,-0.697002,0.456442
primary_strict_point_hn1,3,2899,10899,-0.825052,0.515804
primary_strict_point_hn1,3,2900,10900,-0.755796,0.386488
primary_strict_point_hn1,3,2901,10901,-0.626403,0.556852
primary_strict_point_hn1,3,2902,10902,-0.702792,0.576156
primary_strict_point_hn1,3,2903,10903,-0.842096,0.523206
primary_strict_point_hn1,3,2904,10904,-0.9381,0.812786
primary_strict_point_hn1,3,2905,10905,-0.63085,0.477368
primary_strict_point_hn1,3,2906,10906,-0.659497,0.39493
primary_strict_point_hn1,3,2907,10907,-0.684221,0.559986
primary_strict_point_hn1,3,2908,10908,-0.562238,0.45807
primary_strict_point_hn1,3,2909,10909,-0.524161,0.486334
primary_strict_point_hn1,3,2910,10910,-0.247573,0.652306
primary_strict_point_hn1,3,2911,10911,-0.111797,0.87988
primary_strict_point_hn1,3,2912,10912,-0.10597,0.978591
primary_strict_point_hn1,3,2913,10913,-0.119606,0.769614
primary_strict_point_hn1,3,2914,10914,-0.0545486,0.888305
primary_strict_point_hn1,3,2915,10915,-0.0101998,0.859853
primary_strict_point_hn1,3,2916,10916,0.100906,0.95014
primary_strict_point_hn1,3,2917,10917,0.078123,1.06497
primary_strict_point_hn1,3,2918,10918,0.123082,1.17023
primary_strict_point_hn1,3,2919,10919,0.105746,0.95519
primary_strict_point_hn1,3,2920,10920,4.09368e-4,1.01176
primary_strict_point_hn1,3,2921,10921,0.0233466,1.05214
primary_strict_point_hn1,3,2922,10922,0.0308353,1.00705
primary_strict_point_hn1,3,2923,10923,-0.0336331,1.139
primary_strict_point_hn1,3,2924,10924,-0.125179,0.882497
primary_strict_point_hn1,3,2925,10925,-0.0378682,0.934934
primary_strict_point_hn1,3,2926,10926,-0.154562,0.96351
primary_strict_point_hn1,3,2927,10927,-0.194433,1.07191
primary_strict_point_hn1,3,2928,10928,-0.306598,0.790676
primary_strict_point_hn1,3,2929,10929,-0.778307,0.837541
primary_strict_point_hn1,3,2930,10930,-0.803388,0.851365
primary_strict_point_hn1,3,2931,10931,-0.741105,0.828687
primary_strict_point_hn1,3,2932,10932,-0.74933,0.900895
primary_strict_point_hn1,3,2933,10933,-0.769149,0.971887
primary_strict_point_hn1,3,2934,10934,-0.705216,1.21696
primary_strict_point_hn1,3,2935,10935,-0.897101,1.06947
primary_strict_point_hn1,3,2936,10936,-0.870332,0.703452
primary_strict_point_hn1,3,2937,10937,-0.839734,0.860192
primary_strict_point_hn1,3,2938,10938,-0.939816,0.715792
primary_strict_point_hn1,3,2939,10939,-0.789655,0.673477
primary_strict_point_hn1,3,2940,10940,-0.769621,0.724942
primary_strict_point_hn1,3,2941,10941,-0.838719,0.703467
primary_strict_point_hn1,3,2942,10942,-0.405254,0.796889
primary_strict_point_hn1,3,2943,10943,-0.275286,0.673561
primary_strict_point_hn1,3,2944,10944,-0.582257,0.745489
primary_strict_point_hn1,3,2945,10945,-0.652964,0.474854
primary_strict_point_hn1,3,2946,10946,-0.55263,0.55612
primary_strict_point_hn1,3,2947,10947,-0.964153,0.418957
primary_strict_point_hn1,3,2948,10948,-1.012,0.568325
primary_strict_point_hn1,3,2949,10949,-0.955929,0.991065
primary_strict_point_hn1,3,2950,10950,-0.952942,0.867162
primary_strict_point_hn1,3,2951,10951,-1.05587,0.775301
primary_strict_point_hn1,3,2952,10952,-0.950667,0.48325
primary_strict_point_hn1,3,2953,10953,-1.05793,0.405651
primary_strict_point_hn1,3,2954,10954,-0.854116,0.408705
primary_strict_point_hn1,3,2955,10955,-0.889871,0.51334900000000006
primary_strict_point_hn1,3,2956,10956,-0.773551,0.427668
primary_strict_point_hn1,3,2957,10957,-0.843933,0.329879
primary_strict_point_hn1,3,2958,10958,-0.67788,0.450654
primary_strict_point_hn1,3,2959,10959,-0.828888,0.732457
primary_strict_point_hn1,3,2960,10960,-0.789428,0.541644
primary_strict_point_hn1,3,2961,10961,-0.618769,0.454022
primary_strict_point_hn1,3,2962,10962,-0.745329,0.685961
primary_strict_point_hn1,3,2963,10963,-0.376912,0.601753
primary_strict_point_hn1,3,2964,10964,-0.444227,0.645667
primary_strict_point_hn1,3,2965,10965,-0.349578,0.385914
primary_strict_point_hn1,3,2966,10966,-0.325547,0.430439
primary_strict_point_hn1,3,2967,10967,-0.186086,0.46066
primary_strict_point_hn1,3,2968,10968,-0.732391,0.548305
primary_strict_point_hn1,3,2969,10969,-0.744138,0.861737
primary_strict_point_hn1,3,2970,10970,-0.736306,0.791302
primary_strict_point_hn1,3,2971,10971,-0.986572,1.07022
primary_strict_point_hn1,3,2972,10972,-1.00646,0.816789
primary_strict_point_hn1,3,2973,10973,-0.872347,1.23092
primary_strict_point_hn1,3,2974,10974,-0.767127,0.4454
primary_strict_point_hn1,3,2975,10975,-0.641044,0.477999
primary_strict_point_hn1,3,2976,10976,-0.678705,0.477142
primary_strict_point_hn1,3,2977,10977,-0.707071,0.546008
primary_strict_point_hn1,3,2978,10978,-0.640895,0.723104
primary_strict_point_hn1,3,2979,10979,-0.587953,0.638059
primary_strict_point_hn1,3,2980,10980,-0.439385,0.813649
primary_strict_point_hn1,3,2981,10981,-0.525476,0.59937
primary_strict_point_hn1,3,2982,10982,-0.514885,0.712023
primary_strict_point_hn1,3,2983,10983,-0.670879,0.44966
primary_strict_point_hn1,3,2984,10984,-0.796384,0.475267
primary_strict_point_hn1,3,2985,10985,-0.588319,0.49495
primary_strict_point_hn1,3,2986,10986,-0.814991,0.617604
primary_strict_point_hn1,3,2987,10987,-0.553112,0.495262
primary_strict_point_hn1,3,2988,10988,-0.659454,0.593946
primary_strict_point_hn1,3,2989,10989,-0.560849,0.500173
primary_strict_point_hn1,3,2990,10990,-0.378928,0.577945
primary_strict_point_hn1,3,2991,10991,-0.331668,0.486795
primary_strict_point_hn1,3,2992,10992,-0.473323,0.575536
primary_strict_point_hn1,3,2993,10993,-0.45131,0.519038
primary_strict_point_hn1,3,2994,10994,-0.414616,0.478863
primary_strict_point_hn1,3,2995,10995,-0.402291,0.505319
primary_strict_point_hn1,3,2996,10996,-0.616265,0.328086
primary_strict_point_hn1,3,2997,10997,-0.35541,0.430719
primary_strict_point_hn1,3,2998,10998,-0.349379,0.522853
primary_strict_point_hn1,3,2999,10999,-0.54251,0.47109
primary_strict_point_hn1,3,3000,11000,-0.118587,0.755694
primary_strict_point_hn1,3,3001,11001,0.107912,1.25232
primary_strict_point_hn1,3,3002,11002,0.0243437,1.02302
primary_strict_point_hn1,3,3003,11003,-0.0149683,1.10386
primary_strict_point_hn1,3,3004,11004,-0.237804,0.909221
primary_strict_point_hn1,3,3005,11005,-0.218615,0.550025
primary_strict_point_hn1,3,3006,11006,-0.312927,0.623713
primary_strict_point_hn1,3,3007,11007,-0.295552,0.69549
primary_strict_point_hn1,3,3008,11008,-0.320074,0.583717
primary_strict_point_hn1,3,3009,11009,-0.376772,0.710096
primary_strict_point_hn1,3,3010,11010,-0.2356,0.737732
primary_strict_point_hn1,3,3011,11011,-0.327521,0.555979
primary_strict_point_hn1,3,3012,11012,-0.688196,0.501571
primary_strict_point_hn1,3,3013,11013,-0.745202,0.407158
primary_strict_point_hn1,3,3014,11014,-0.847626,0.489018
primary_strict_point_hn1,3,3015,11015,-0.852256,0.610641
primary_strict_point_hn1,3,3016,11016,-0.438945,0.481449
primary_strict_point_hn1,3,3017,11017,-0.574643,0.495328
primary_strict_point_hn1,3,3018,11018,-0.888954,0.720715
primary_strict_point_hn1,3,3019,11019,-0.955429,0.78085
primary_strict_point_hn1,3,3020,11020,-0.879365,0.439386
primary_strict_point_hn1,3,3021,11021,-1.13845,0.582588
primary_strict_point_hn1,3,3022,11022,-0.856644,0.553819
primary_strict_point_hn1,3,3023,11023,-0.824385,0.558137
primary_strict_point_hn1,3,3024,11024,-0.805853,0.374298
primary_strict_point_hn1,3,3025,11025,-0.380406,0.511497
primary_strict_point_hn1,3,3026,11026,-0.502908,0.408107
primary_strict_point_hn1,3,3027,11027,-0.518467,0.371089
primary_strict_point_hn1,3,3028,11028,-0.409201,0.529525
primary_strict_point_hn1,3,3029,11029,-0.362682,0.639658
primary_strict_point_hn1,3,3030,11030,-0.216503,0.601804
primary_strict_point_hn1,3,3031,11031,-0.339723,0.532145
primary_strict_point_hn1,3,3032,11032,-0.353102,0.779401
primary_strict_point_hn1,3,3033,11033,-0.561607,0.700748
primary_strict_point_hn1,3,3034,11034,-0.681489,0.543746
primary_strict_point_hn1,3,3035,11035,-0.727262,0.479847
primary_strict_point_hn1,3,3036,11036,-0.936184,0.609897
primary_strict_point_hn1,3,3037,11037,-0.236001,1.31002
primary_strict_point_hn1,3,3038,11038,-0.42834,0.592208
primary_strict_point_hn1,3,3039,11039,-0.330684,0.752198
primary_strict_point_hn1,3,3040,11040,-0.379712,0.752105
primary_strict_point_hn1,3,3041,11041,-0.320285,0.587868
primary_strict_point_hn1,3,3042,11042,-0.384069,0.830378
primary_strict_point_hn1,3,3043,11043,-0.69054,0.621351
primary_strict_point_hn1,3,3044,11044,-0.791939,0.566544
primary_strict_point_hn1,3,3045,11045,-0.879736,0.734281
primary_strict_point_hn1,3,3046,11046,-0.714497,0.629478
primary_strict_point_hn1,3,3047,11047,-0.861542,0.813943
primary_strict_point_hn1,3,3048,11048,-0.615521,0.415
primary_strict_point_hn1,3,3049,11049,-0.804162,0.417666
primary_strict_point_hn1,3,3050,11050,-0.776119,0.509288
primary_strict_point_hn1,3,3051,11051,-0.837327,0.336538
primary_strict_point_hn1,3,3052,11052,-0.674437,0.529517
primary_strict_point_hn1,3,3053,11053,-0.707687,0.686955
primary_strict_point_hn1,3,3054,11054,-0.68541,0.593143
primary_strict_point_hn1,3,3055,11055,-0.803521,0.414562
primary_strict_point_hn1,3,3056,11056,-0.744072,0.536912
primary_strict_point_hn1,3,3057,11057,-0.768113,0.418128
primary_strict_point_hn1,3,3058,11058,-0.741665,0.421274
primary_strict_point_hn1,3,3059,11059,-0.519895,0.50177
primary_strict_point_hn1,3,3060,11060,-0.617213,0.481248
primary_strict_point_hn1,3,3061,11061,-0.841484,0.597799
primary_strict_point_hn1,3,3062,11062,-0.708062,0.463293
primary_strict_point_hn1,3,3063,11063,-1.02853,0.60583
primary_strict_point_hn1,3,3064,11064,-0.75079,0.716243
primary_strict_point_hn1,3,3065,11065,-0.350992,0.379959
primary_strict_point_hn1,3,3066,11066,-0.325073,0.440754
primary_strict_point_hn1,3,3067,11067,-0.64438,0.548781
primary_strict_point_hn1,3,3068,11068,-0.95527,0.668222
primary_strict_point_hn1,3,3069,11069,-0.779922,0.722946
primary_strict_point_hn1,3,3070,11070,-0.832906,0.507955
primary_strict_point_hn1,3,3071,11071,-0.821145,0.510695
primary_strict_point_hn1,3,3072,11072,-0.926736,0.514763
primary_strict_point_hn1,3,3073,11073,-0.878949,0.577744
primary_strict_point_hn1,3,3074,11074,-0.927227,0.441071
primary_strict_point_hn1,3,3075,11075,-0.85168,0.564419
primary_strict_point_hn1,3,3076,11076,-0.541268,1.00804
primary_strict_point_hn1,3,3077,11077,-0.775762,0.546695
primary_strict_point_hn1,3,3078,11078,-0.74635,0.465421
primary_strict_point_hn1,3,3079,11079,-1.02341,0.783045
primary_strict_point_hn1,3,3080,11080,-0.600595,0.630996
primary_strict_point_hn1,3,3081,11081,-0.587797,0.657717
primary_strict_point_hn1,3,3082,11082,-0.71029,0.857976
primary_strict_point_hn1,3,3083,11083,-0.630635,0.638975
primary_strict_point_hn1,3,3084,11084,-0.499211,0.650717
primary_strict_point_hn1,3,3085,11085,-0.680844,0.53822
primary_strict_point_hn1,3,3086,11086,-0.48812,0.509597
primary_strict_point_hn1,3,3087,11087,-0.52151,0.559003
primary_strict_point_hn1,3,3088,11088,-0.515705,0.564118
primary_strict_point_hn1,3,3089,11089,-0.608421,0.411294
primary_strict_point_hn1,3,3090,11090,-0.615009,0.584067
primary_strict_point_hn1,3,3091,11091,-0.699496,0.679686
primary_strict_point_hn1,3,3092,11092,-0.879301,0.604243
primary_strict_point_hn1,3,3093,11093,-0.766556,0.50989
primary_strict_point_hn1,3,3094,11094,-0.613236,0.320058
primary_strict_point_hn1,3,3095,11095,-0.456977,0.421944
primary_strict_point_hn1,3,3096,11096,-0.646571,0.297071
primary_strict_point_hn1,3,3097,11097,-0.778153,0.489435
primary_strict_point_hn1,3,3098,11098,-0.735692,0.320564
primary_strict_point_hn1,3,3099,11099,-0.695233,0.435115
primary_strict_point_hn1,3,3100,11100,-0.825423,0.408489
primary_strict_point_hn1,3,3101,11101,-0.80566,0.352755
primary_strict_point_hn1,3,3102,11102,-0.807895,0.680237
primary_strict_point_hn1,3,3103,11103,-0.676262,0.655352
primary_strict_point_hn1,3,3104,11104,-1.13412,0.643959
primary_strict_point_hn1,3,3105,11105,-1.32223,1.00397
primary_strict_point_hn1,3,3106,11106,-1.53288,1.4401
primary_strict_point_hn1,3,3107,11107,-1.18475,1.10477
primary_strict_point_hn1,3,3108,11108,-1.00451,0.623855
primary_strict_point_hn1,3,3109,11109,-0.611909,0.661176
primary_strict_point_hn1,3,3110,11110,-0.595279,0.613426
primary_strict_point_hn1,3,3111,11111,-0.461275,0.63763
primary_strict_point_hn1,3,3112,11112,-0.473565,0.631551
primary_strict_point_hn1,3,3113,11113,-0.78373,0.558624
primary_strict_point_hn1,3,3114,11114,-0.710847,0.792807
primary_strict_point_hn1,3,3115,11115,-0.667749,0.542978
primary_strict_point_hn1,3,3116,11116,-0.749201,0.628437
primary_strict_point_hn1,3,3117,11117,-0.921523,0.448901
primary_strict_point_hn1,3,3118,11118,-0.773389,0.522433
primary_strict_point_hn1,3,3119,11119,-0.697448,0.511754
primary_strict_point_hn1,3,3120,11120,-0.775128,0.743068
primary_strict_point_hn1,3,3121,11121,-0.883218,0.655054
primary_strict_point_hn1,3,3122,11122,-0.737389,0.718646
primary_strict_point_hn1,3,3123,11123,-0.709201,0.527104
primary_strict_point_hn1,3,3124,11124,-0.743733,0.618911
primary_strict_point_hn1,3,3125,11125,-0.780238,0.595841
primary_strict_point_hn1,3,3126,11126,-0.969976,0.975977
primary_strict_point_hn1,3,3127,11127,-1.01933,1.01886
primary_strict_point_hn1,3,3128,11128,-1.17682,0.852917
primary_strict_point_hn1,3,3129,11129,-0.521669,0.645902
primary_strict_point_hn1,3,3130,11130,-0.7013,0.611966
primary_strict_point_hn1,3,3131,11131,-0.776572,0.55007
primary_strict_point_hn1,3,3132,11132,-1.01701,0.551259
primary_strict_point_hn1,3,3133,11133,-1.00378,0.541767
primary_strict_point_hn1,3,3134,11134,-1.15374,0.761066
primary_strict_point_hn1,3,3135,11135,-1.02006,0.554684
primary_strict_point_hn1,3,3136,11136,-0.997224,0.500265
primary_strict_point_hn1,3,3137,11137,-0.898511,0.370588
primary_strict_point_hn1,3,3138,11138,-0.703464,0.268763
primary_strict_point_hn1,3,3139,11139,-0.752276,0.294279
primary_strict_point_hn1,3,3140,11140,-0.643596,0.409362
primary_strict_point_hn1,3,3141,11141,-0.61409,0.329988
primary_strict_point_hn1,3,3142,11142,-0.467263,0.383851
primary_strict_point_hn1,3,3143,11143,-0.588285,0.424708
primary_strict_point_hn1,3,3144,11144,-0.717795,0.560909
primary_strict_point_hn1,3,3145,11145,-0.760639,0.531693
primary_strict_point_hn1,3,3146,11146,-0.685481,0.721794
primary_strict_point_hn1,3,3147,11147,-0.914756,0.426162
primary_strict_point_hn1,3,3148,11148,-0.957464,0.525153
primary_strict_point_hn1,3,3149,11149,-0.99616,0.688772
primary_strict_point_hn1,3,3150,11150,-0.50736,0.535728
primary_strict_point_hn1,3,3151,11151,-0.719845,0.608002
primary_strict_point_hn1,3,3152,11152,-0.615802,0.371507
primary_strict_point_hn1,3,3153,11153,-0.620899,0.313133
primary_strict_point_hn1,3,3154,11154,-0.628145,0.53015
primary_strict_point_hn1,3,3155,11155,-0.51664,0.469424
primary_strict_point_hn1,3,3156,11156,-0.50729,0.412698
primary_strict_point_hn1,3,3157,11157,-0.328747,0.725911
primary_strict_point_hn1,3,3158,11158,-0.312048,0.832955
primary_strict_point_hn1,3,3159,11159,-0.382248,0.804221
primary_strict_point_hn1,3,3160,11160,-0.433432,0.752541
primary_strict_point_hn1,3,3161,11161,-0.45561,0.536902
primary_strict_point_hn1,3,3162,11162,-0.802406,0.644025
primary_strict_point_hn1,3,3163,11163,-0.637847,0.737331
primary_strict_point_hn1,3,3164,11164,-0.640833,0.703569
primary_strict_point_hn1,3,3165,11165,-1.07067,0.735053
primary_strict_point_hn1,3,3166,11166,-1.00151,0.819446
primary_strict_point_hn1,3,3167,11167,-0.75823,0.965198
primary_strict_point_hn1,3,3168,11168,-0.705019,0.831973
primary_strict_point_hn1,3,3169,11169,-0.52483900000000006,0.664276
primary_strict_point_hn1,3,3170,11170,-0.440763,0.522755
primary_strict_point_hn1,3,3171,11171,-0.628317,0.631997
primary_strict_point_hn1,3,3172,11172,-0.623667,0.488205
primary_strict_point_hn1,3,3173,11173,-0.618305,0.458654
primary_strict_point_hn1,3,3174,11174,-0.581669,0.375465
primary_strict_point_hn1,3,3175,11175,-0.445556,0.407005
primary_strict_point_hn1,3,3176,11176,-0.20727,0.89195
primary_strict_point_hn1,3,3177,11177,-0.211959,1.02473
primary_strict_point_hn1,3,3178,11178,-0.612201,0.538359
primary_strict_point_hn1,3,3179,11179,-0.60912,0.528605
primary_strict_point_hn1,3,3180,11180,-0.797236,1.04979
primary_strict_point_hn1,3,3181,11181,-0.852136,0.568645
primary_strict_point_hn1,3,3182,11182,-0.818709,0.490226
primary_strict_point_hn1,3,3183,11183,-0.757636,0.530317
primary_strict_point_hn1,3,3184,11184,-0.763296,0.631938
primary_strict_point_hn1,3,3185,11185,-0.668875,0.560327
primary_strict_point_hn1,3,3186,11186,-0.412647,0.514914
primary_strict_point_hn1,3,3187,11187,-0.476372,0.422553
primary_strict_point_hn1,3,3188,11188,-0.562295,0.311163
primary_strict_point_hn1,3,3189,11189,-0.648287,0.334581
primary_strict_point_hn1,3,3190,11190,-0.626657,0.393688
primary_strict_point_hn1,3,3191,11191,-0.60297,0.398582
primary_strict_point_hn1,3,3192,11192,-0.543673,0.379588
primary_strict_point_hn1,3,3193,11193,-0.604041,0.547501
primary_strict_point_hn1,3,3194,11194,-0.441198,0.40689
primary_strict_point_hn1,3,3195,11195,-0.572275,0.452721
primary_strict_point_hn1,3,3196,11196,-0.44972,0.513589
primary_strict_point_hn1,3,3197,11197,-0.513207,0.473909
primary_strict_point_hn1,3,3198,11198,-0.482473,0.61484
primary_strict_point_hn1,3,3199,11199,-0.55204,0.551303
primary_strict_point_hn1,3,3200,11200,-0.485568,0.435108
primary_strict_point_hn1,3,3201,11201,-0.437104,0.442143
primary_strict_point_hn1,3,3202,11202,-0.478293,0.442827
primary_strict_point_hn1,3,3203,11203,-0.470264,0.35807
primary_strict_point_hn1,3,3204,11204,-0.361023,0.457221
primary_strict_point_hn1,3,3205,11205,-0.582675,0.463083
primary_strict_point_hn1,3,3206,11206,-0.775589,0.569017
primary_strict_point_hn1,3,3207,11207,-0.780535,0.412187
primary_strict_point_hn1,3,3208,11208,-0.710802,0.370856
primary_strict_point_hn1,3,3209,11209,-0.82672,0.287728
primary_strict_point_hn1,3,3210,11210,-0.950445,0.473979
primary_strict_point_hn1,3,3211,11211,-0.612971,0.395714
primary_strict_point_hn1,3,3212,11212,-0.406971,0.642675
primary_strict_point_hn1,3,3213,11213,-0.317225,0.6797
primary_strict_point_hn1,3,3214,11214,-0.436542,0.532084
primary_strict_point_hn1,3,3215,11215,-0.721955,0.495918
primary_strict_point_hn1,3,3216,11216,-0.661449,0.690438
primary_strict_point_hn1,3,3217,11217,-0.435445,0.675332
primary_strict_point_hn1,3,3218,11218,-0.543289,0.624357
primary_strict_point_hn1,3,3219,11219,-0.66634,0.540225
primary_strict_point_hn1,3,3220,11220,-0.720902,0.67218
primary_strict_point_hn1,3,3221,11221,-0.810388,0.776541
primary_strict_point_hn1,3,3222,11222,-0.963319,0.529154
primary_strict_point_hn1,3,3223,11223,-0.300712,1.11322
primary_strict_point_hn1,3,3224,11224,-0.570932,0.688832
primary_strict_point_hn1,3,3225,11225,-0.814262,0.740994
primary_strict_point_hn1,3,3226,11226,-0.682662,0.615319
primary_strict_point_hn1,3,3227,11227,-0.602674,0.90529
primary_strict_point_hn1,3,3228,11228,-0.407534,0.572881
primary_strict_point_hn1,3,3229,11229,-0.567982,0.552233
primary_strict_point_hn1,3,3230,11230,-0.611404,0.607294
primary_strict_point_hn1,3,3231,11231,-0.669169,0.475523
primary_strict_point_hn1,3,3232,11232,-0.648081,0.629626
primary_strict_point_hn1,3,3233,11233,-0.77572700000000006,0.551196
primary_strict_point_hn1,3,3234,11234,-0.992682,0.680396
primary_strict_point_hn1,3,3235,11235,-1.19632,0.574641
primary_strict_point_hn1,3,3236,11236,-0.90084,0.436442
primary_strict_point_hn1,3,3237,11237,-0.474697,0.514925
primary_strict_point_hn1,3,3238,11238,-0.497689,0.491033
primary_strict_point_hn1,3,3239,11239,-0.465498,0.581733
primary_strict_point_hn1,3,3240,11240,-0.441779,0.670912
primary_strict_point_hn1,3,3241,11241,-0.436146,0.751033
primary_strict_point_hn1,3,3242,11242,-0.603152,0.850588
primary_strict_point_hn1,3,3243,11243,-0.614556,0.477866
primary_strict_point_hn1,3,3244,11244,-0.672693,0.503539
primary_strict_point_hn1,3,3245,11245,-0.659317,0.432296
primary_strict_point_hn1,3,3246,11246,-0.594895,0.501954
primary_strict_point_hn1,3,3247,11247,-0.524364,0.516889
primary_strict_point_hn1,3,3248,11248,-0.629906,0.525765
primary_strict_point_hn1,3,3249,11249,-0.421652,0.469985
primary_strict_point_hn1,3,3250,11250,-0.530605,0.489032
primary_strict_point_hn1,3,3251,11251,-0.358693,0.743904
primary_strict_point_hn1,3,3252,11252,-0.541528,0.704092
primary_strict_point_hn1,3,3253,11253,-0.537221,0.635746
primary_strict_point_hn1,3,3254,11254,-0.751092,0.575567
primary_strict_point_hn1,3,3255,11255,-0.772624,0.745749
primary_strict_point_hn1,3,3256,11256,-0.50378,0.672943
primary_strict_point_hn1,3,3257,11257,-0.351864,0.563398
primary_strict_point_hn1,3,3258,11258,-0.446922,0.649977
primary_strict_point_hn1,3,3259,11259,-1.03675,0.661125
primary_strict_point_hn1,3,3260,11260,-1.0152,0.778163
primary_strict_point_hn1,3,3261,11261,-1.09448,0.668485
primary_strict_point_hn1,3,3262,11262,-0.873284,0.441238
primary_strict_point_hn1,3,3263,11263,-0.946731,0.501215
primary_strict_point_hn1,3,3264,11264,-0.840854,0.563171
primary_strict_point_hn1,3,3265,11265,-0.890646,0.829773
primary_strict_point_hn1,3,3266,11266,-0.840331,0.79306
primary_strict_point_hn1,3,3267,11267,-0.767303,0.696575
primary_strict_point_hn1,3,3268,11268,-0.699392,0.761588
primary_strict_point_hn1,3,3269,11269,-0.725744,0.657438
primary_strict_point_hn1,3,3270,11270,-0.518465,0.699672
primary_strict_point_hn1,3,3271,11271,-0.69521,0.466766
primary_strict_point_hn1,3,3272,11272,-0.697981,0.391659
primary_strict_point_hn1,3,3273,11273,-0.603136,0.641704
primary_strict_point_hn1,3,3274,11274,-0.51244,0.608008
primary_strict_point_hn1,3,3275,11275,-0.606955,0.522567
primary_strict_point_hn1,3,3276,11276,-0.507029,0.597116
primary_strict_point_hn1,3,3277,11277,-0.451919,0.690823
primary_strict_point_hn1,3,3278,11278,-0.443894,0.707938
primary_strict_point_hn1,3,3279,11279,-0.435997,0.681691
primary_strict_point_hn1,3,3280,11280,-0.349594,0.651324
primary_strict_point_hn1,3,3281,11281,-0.0982363,0.694848
primary_strict_point_hn1,3,3282,11282,-0.586642,0.393905
primary_strict_point_hn1,3,3283,11283,-0.496806,0.471538
primary_strict_point_hn1,3,3284,11284,-0.519926,0.417716
primary_strict_point_hn1,3,3285,11285,-0.469185,0.511697
primary_strict_point_hn1,3,3286,11286,-0.824962,0.62206
primary_strict_point_hn1,3,3287,11287,-0.653751,0.514215
primary_strict_point_hn1,3,3288,11288,-0.590132,0.349492
primary_strict_point_hn1,3,3289,11289,-0.601819,0.424501
primary_strict_point_hn1,3,3290,11290,-0.595619,0.492848
primary_strict_point_hn1,3,3291,11291,-0.569899,0.51037
primary_strict_point_hn1,3,3292,11292,-0.385334,0.444245
primary_strict_point_hn1,3,3293,11293,-0.483014,0.444735
primary_strict_point_hn1,3,3294,11294,-0.565111,0.673423
primary_strict_point_hn1,3,3295,11295,-0.501627,0.594201
primary_strict_point_hn1,3,3296,11296,-0.283305,0.603912
primary_strict_point_hn1,3,3297,11297,-0.458159,0.898982
primary_strict_point_hn1,3,3298,11298,-0.543536,0.791451
primary_strict_point_hn1,3,3299,11299,-0.352675,0.77804
primary_strict_point_hn1,3,3300,11300,-0.548016,0.708631
primary_strict_point_hn1,3,3301,11301,-0.527925,0.76851
primary_strict_point_hn1,3,3302,11302,-0.557785,0.606806
primary_strict_point_hn1,3,3303,11303,-0.580439,0.573078
primary_strict_point_hn1,3,3304,11304,-0.496971,0.37376
primary_strict_point_hn1,3,3305,11305,-0.510257,0.787414
primary_strict_point_hn1,3,3306,11306,-0.565567,0.789472
primary_strict_point_hn1,3,3307,11307,-0.711997,0.598045
primary_strict_point_hn1,3,3308,11308,-0.664038,0.629663
primary_strict_point_hn1,3,3309,11309,-0.661599,0.62893
primary_strict_point_hn1,3,3310,11310,-0.737842,0.848977
primary_strict_point_hn1,3,3311,11311,-0.81395,0.771352
primary_strict_point_hn1,3,3312,11312,-0.684577,0.872951
primary_strict_point_hn1,3,3313,11313,-0.900673,0.843387
primary_strict_point_hn1,3,3314,11314,-0.936721,0.40404
primary_strict_point_hn1,3,3315,11315,-0.819195,0.258239
primary_strict_point_hn1,3,3316,11316,-0.925764,0.490533
primary_strict_point_hn1,3,3317,11317,-0.605015,0.418093
primary_strict_point_hn1,3,3318,11318,-1.08827,0.494383
primary_strict_point_hn1,3,3319,11319,-0.957863,0.657026
primary_strict_point_hn1,3,3320,11320,-0.965735,0.74749
primary_strict_point_hn1,3,3321,11321,-0.915096,0.619046
primary_strict_point_hn1,3,3322,11322,-0.940142,0.730567
primary_strict_point_hn1,3,3323,11323,-0.907402,0.496236
primary_strict_point_hn1,3,3324,11324,-0.757657,0.610935
primary_strict_point_hn1,3,3325,11325,-0.531353,0.769376
primary_strict_point_hn1,3,3326,11326,-0.494649,0.634516
primary_strict_point_hn1,3,3327,11327,-0.628936,0.665999
primary_strict_point_hn1,3,3328,11328,-0.41117,1.03058
primary_strict_point_hn1,3,3329,11329,-0.482268,1.04188
primary_strict_point_hn1,3,3330,11330,-0.968757,0.679882
primary_strict_point_hn1,3,3331,11331,-1.7187,1.6135
primary_strict_point_hn1,3,3332,11332,-1.62018,1.53487
primary_strict_point_hn1,3,3333,11333,-1.64736,1.35905
primary_strict_point_hn1,3,3334,11334,-0.344346,0.515607
primary_strict_point_hn1,3,3335,11335,-0.230653,0.543102
primary_strict_point_hn1,3,3336,11336,-0.396568,0.877308
primary_strict_point_hn1,3,3337,11337,-0.81282,1.07173
primary_strict_point_hn1,3,3338,11338,-0.354063,0.533041
primary_strict_point_hn1,3,3339,11339,-0.24912,0.548676
primary_strict_point_hn1,3,3340,11340,-0.312035,0.526926
primary_strict_point_hn1,3,3341,11341,-0.560781,0.667226
primary_strict_point_hn1,3,3342,11342,-0.490883,0.723632
primary_strict_point_hn1,3,3343,11343,-0.434792,0.68069
primary_strict_point_hn1,3,3344,11344,-0.477623,0.702895
primary_strict_point_hn1,3,3345,11345,-0.493881,0.689479
primary_strict_point_hn1,3,3346,11346,-0.378792,0.727345
primary_strict_point_hn1,3,3347,11347,-0.338241,0.921311
primary_strict_point_hn1,3,3348,11348,-0.349804,0.782848
primary_strict_point_hn1,3,3349,11349,-0.470079,0.70477
primary_strict_point_hn1,3,3350,11350,-0.368901,0.733843
primary_strict_point_hn1,3,3351,11351,-0.653892,0.617849
primary_strict_point_hn1,3,3352,11352,-0.713299,0.570681
primary_strict_point_hn1,3,3353,11353,-0.804386,0.77096
primary_strict_point_hn1,3,3354,11354,-0.673587,0.559612
primary_strict_point_hn1,3,3355,11355,-0.457094,0.74772400000000006
primary_strict_point_hn1,3,3356,11356,-0.500961,0.570737
primary_strict_point_hn1,3,3357,11357,-0.457322,0.58161
primary_strict_point_hn1,3,3358,11358,-0.464086,0.471831
primary_strict_point_hn1,3,3359,11359,-0.514604,0.496686
primary_strict_point_hn1,3,3360,11360,-0.455064,0.902284
primary_strict_point_hn1,3,3361,11361,-0.805047,0.60061
primary_strict_point_hn1,3,3362,11362,-0.547623,0.691752
primary_strict_point_hn1,3,3363,11363,-0.54363,0.549972
primary_strict_point_hn1,3,3364,11364,-0.584828,0.637718
primary_strict_point_hn1,3,3365,11365,-0.234854,0.834737
primary_strict_point_hn1,3,3366,11366,-0.28572,0.767935
primary_strict_point_hn1,3,3367,11367,-0.265702,0.791247
primary_strict_point_hn1,3,3368,11368,-0.206454,0.681345
primary_strict_point_hn1,3,3369,11369,-0.357308,0.54556
primary_strict_point_hn1,3,3370,11370,-0.464038,0.560466
primary_strict_point_hn1,3,3371,11371,-0.322194,0.806747
primary_strict_point_hn1,3,3372,11372,-0.426783,0.835847
primary_strict_point_hn1,3,3373,11373,-0.942154,0.810058
primary_strict_point_hn1,3,3374,11374,-0.846257,0.709021
primary_strict_point_hn1,3,3375,11375,-0.867598,1.11332
primary_strict_point_hn1,3,3376,11376,-0.829021,1.25952
primary_strict_point_hn1,3,3377,11377,-0.792068,1.11044
primary_strict_point_hn1,3,3378,11378,-0.816248,1.0303
primary_strict_point_hn1,3,3379,11379,-1.03801,0.868043
primary_strict_point_hn1,3,3380,11380,-0.966341,1.0742
primary_strict_point_hn1,3,3381,11381,-0.94467,1.05211
primary_strict_point_hn1,3,3382,11382,-0.798876,1.17683
primary_strict_point_hn1,3,3383,11383,-0.761342,1.32593
primary_strict_point_hn1,3,3384,11384,-1.08943,0.922539
primary_strict_point_hn1,3,3385,11385,-0.979574,1.00677
primary_strict_point_hn1,3,3386,11386,-0.84962,0.738301
primary_strict_point_hn1,3,3387,11387,-0.498214,0.505862
primary_strict_point_hn1,3,3388,11388,-0.510117,0.535682
primary_strict_point_hn1,3,3389,11389,-0.714619,0.476013
primary_strict_point_hn1,3,3390,11390,-0.697452,0.496783
primary_strict_point_hn1,3,3391,11391,-0.628709,0.581312
primary_strict_point_hn1,3,3392,11392,-0.762204,0.719405
primary_strict_point_hn1,3,3393,11393,-0.764362,0.831134
primary_strict_point_hn1,3,3394,11394,-0.561141,0.63928
primary_strict_point_hn1,3,3395,11395,-0.788485,0.63453
primary_strict_point_hn1,3,3396,11396,-0.565572,0.483799
primary_strict_point_hn1,3,3397,11397,-0.491694,0.483875
primary_strict_point_hn1,3,3398,11398,-0.621429,0.367118
primary_strict_point_hn1,3,3399,11399,-0.717077,0.330091
primary_strict_point_hn1,3,3400,11400,-0.635366,0.508882
primary_strict_point_hn1,3,3401,11401,-0.627186,0.520204
primary_strict_point_hn1,3,3402,11402,-0.656343,0.464998
primary_strict_point_hn1,3,3403,11403,-0.629647,0.494274
primary_strict_point_hn1,3,3404,11404,-0.654307,0.510447
primary_strict_point_hn1,3,3405,11405,-0.591022,0.617374
primary_strict_point_hn1,3,3406,11406,-0.694387,0.526621
primary_strict_point_hn1,3,3407,11407,-0.573616,0.672084
primary_strict_point_hn1,3,3408,11408,-0.637749,0.586205
primary_strict_point_hn1,3,3409,11409,-0.519601,0.990744
primary_strict_point_hn1,3,3410,11410,-0.521677,0.938379
primary_strict_point_hn1,3,3411,11411,-0.507912,0.828801
primary_strict_point_hn1,3,3412,11412,-0.181497,1.03733
primary_strict_point_hn1,3,3413,11413,-0.680033,0.780542
primary_strict_point_hn1,3,3414,11414,-0.859162,0.72454
primary_strict_point_hn1,3,3415,11415,-0.675476,0.472599
primary_strict_point_hn1,3,3416,11416,-0.412518,0.341524
primary_strict_point_hn1,3,3417,11417,-0.503936,0.44660300000000003
primary_strict_point_hn1,3,3418,11418,-0.628423,0.466473
primary_strict_point_hn1,3,3419,11419,-0.567115,0.608744
primary_strict_point_hn1,3,3420,11420,-0.955405,0.437649
primary_strict_point_hn1,3,3421,11421,-0.912007,0.496248
primary_strict_point_hn1,3,3422,11422,-0.936072,0.576495
primary_strict_point_hn1,3,3423,11423,-0.988301,0.703402
primary_strict_point_hn1,3,3424,11424,-0.907828,0.743152
primary_strict_point_hn1,3,3425,11425,-1.00464,0.673803
primary_strict_point_hn1,3,3426,11426,-1.14735,1.14249
primary_strict_point_hn1,3,3427,11427,-1.33183,0.945859
primary_strict_point_hn1,3,3428,11428,-0.86295,0.834769
primary_strict_point_hn1,3,3429,11429,-0.801999,0.78718
primary_strict_point_hn1,3,3430,11430,-0.804469,0.656724
primary_strict_point_hn1,3,3431,11431,-0.743626,0.581294
primary_strict_point_hn1,3,3432,11432,-0.67033,0.637047
primary_strict_point_hn1,3,3433,11433,-0.344128,0.824315
primary_strict_point_hn1,3,3434,11434,-0.407486,0.62461
primary_strict_point_hn1,3,3435,11435,-0.0789167,0.576157
primary_strict_point_hn1,3,3436,11436,-0.531303,0.362964
primary_strict_point_hn1,3,3437,11437,-0.449228,0.492332
primary_strict_point_hn1,3,3438,11438,-0.645429,0.399515
primary_strict_point_hn1,3,3439,11439,-0.418961,0.497221
primary_strict_point_hn1,3,3440,11440,-0.59511,0.511278
primary_strict_point_hn1,3,3441,11441,-0.540821,0.358126
primary_strict_point_hn1,3,3442,11442,-0.489907,0.431
primary_strict_point_hn1,3,3443,11443,-0.542314,0.511934
primary_strict_point_hn1,3,3444,11444,-0.584267,0.491459
primary_strict_point_hn1,3,3445,11445,-0.643881,0.621428
primary_strict_point_hn1,3,3446,11446,-0.712906,0.428966
primary_strict_point_hn1,3,3447,11447,-0.937966,0.58918
primary_strict_point_hn1,3,3448,11448,-0.800541,0.570673
primary_strict_point_hn1,3,3449,11449,-0.854397,0.940704
primary_strict_point_hn1,3,3450,11450,-0.653608,0.632213
primary_strict_point_hn1,3,3451,11451,-0.695293,0.620964
primary_strict_point_hn1,3,3452,11452,-0.757701,0.777447
primary_strict_point_hn1,3,3453,11453,-0.8685,0.623207
primary_strict_point_hn1,3,3454,11454,-1.14185,0.516816
primary_strict_point_hn1,3,3455,11455,-0.987158,0.702757
primary_strict_point_hn1,3,3456,11456,-0.924561,1.11506
primary_strict_point_hn1,3,3457,11457,-0.919758,0.80479
primary_strict_point_hn1,3,3458,11458,-0.860471,0.918368
primary_strict_point_hn1,3,3459,11459,-0.830593,0.842828
primary_strict_point_hn1,3,3460,11460,-0.677303,1.117
primary_strict_point_hn1,3,3461,11461,-0.666583,1.13616
primary_strict_point_hn1,3,3462,11462,-0.606847,1.21142
primary_strict_point_hn1,3,3463,11463,-0.650951,1.211
primary_strict_point_hn1,3,3464,11464,-0.582167,1.13941
primary_strict_point_hn1,3,3465,11465,-0.55928,1.29918
primary_strict_point_hn1,3,3466,11466,-0.64342,1.29004
primary_strict_point_hn1,3,3467,11467,-0.529972,1.31434
primary_strict_point_hn1,3,3468,11468,-0.267801,0.825165
primary_strict_point_hn1,3,3469,11469,-0.197769,0.542965
primary_strict_point_hn1,3,3470,11470,-0.0680126,0.939197
primary_strict_point_hn1,3,3471,11471,-0.283363,0.991328
primary_strict_point_hn1,3,3472,11472,-0.10283,0.849175
primary_strict_point_hn1,3,3473,11473,-0.321833,0.870446
primary_strict_point_hn1,3,3474,11474,-0.443461,0.678194
primary_strict_point_hn1,3,3475,11475,-0.3302,0.948708
primary_strict_point_hn1,3,3476,11476,-0.427905,0.711177
primary_strict_point_hn1,3,3477,11477,-0.491765,0.843198
primary_strict_point_hn1,3,3478,11478,-0.523313,0.741887
primary_strict_point_hn1,3,3479,11479,-0.409983,0.73921
primary_strict_point_hn1,3,3480,11480,-0.419263,0.708588
primary_strict_point_hn1,3,3481,11481,-0.345212,0.583904
primary_strict_point_hn1,3,3482,11482,-0.378916,0.415149
primary_strict_point_hn1,3,3483,11483,-0.181335,0.600755
primary_strict_point_hn1,3,3484,11484,-0.140649,0.539842
primary_strict_point_hn1,3,3485,11485,-0.464179,0.998115
primary_strict_point_hn1,3,3486,11486,-0.472513,0.686168
primary_strict_point_hn1,3,3487,11487,-0.376422,0.963636
primary_strict_point_hn1,3,3488,11488,-0.304718,0.960158
primary_strict_point_hn1,3,3489,11489,-0.255401,1.02424
primary_strict_point_hn1,3,3490,11490,-0.160707,0.934484
primary_strict_point_hn1,3,3491,11491,-0.066372,0.968387
primary_strict_point_hn1,3,3492,11492,-0.782286,0.350931
primary_strict_point_hn1,3,3493,11493,-0.818296,0.435791
primary_strict_point_hn1,3,3494,11494,-1.13912,0.645136
primary_strict_point_hn1,3,3495,11495,-0.95323,0.496636
primary_strict_point_hn1,3,3496,11496,-0.813769,0.444299
primary_strict_point_hn1,3,3497,11497,-0.981716,0.550305
primary_strict_point_hn1,3,3498,11498,-0.821438,0.725989
primary_strict_point_hn1,3,3499,11499,-0.92389,0.883469
primary_strict_point_hn1,3,3500,11500,-0.635998,0.780573
primary_strict_point_hn1,3,3501,11501,-0.416356,0.794244
primary_strict_point_hn1,3,3502,11502,-0.68101,0.641366
primary_strict_point_hn1,3,3503,11503,-0.652784,0.447863
primary_strict_point_hn1,3,3504,11504,-0.646297,0.579301
primary_strict_point_hn1,3,3505,11505,-0.369335,0.715815
primary_strict_point_hn1,3,3506,11506,-0.519528,0.597228
primary_strict_point_hn1,3,3507,11507,-0.54527,0.479858
primary_strict_point_hn1,3,3508,11508,-0.574438,0.454057
primary_strict_point_hn1,3,3509,11509,-0.59147,0.487607
primary_strict_point_hn1,3,3510,11510,-0.643645,0.365402
primary_strict_point_hn1,3,3511,11511,-0.792478,0.612097
primary_strict_point_hn1,3,3512,11512,-0.839127,0.606133
primary_strict_point_hn1,3,3513,11513,-0.67342900000000006,0.447056
primary_strict_point_hn1,3,3514,11514,-0.658723,0.575959
primary_strict_point_hn1,3,3515,11515,-0.708263,0.657747
primary_strict_point_hn1,3,3516,11516,-1.02363,0.764385
primary_strict_point_hn1,3,3517,11517,-0.740991,0.775851
primary_strict_point_hn1,3,3518,11518,-0.557461,0.584594
primary_strict_point_hn1,3,3519,11519,-0.529753,0.651312
primary_strict_point_hn1,3,3520,11520,-0.706721,0.72138
primary_strict_point_hn1,3,3521,11521,-0.698617,0.594621
primary_strict_point_hn1,3,3522,11522,-0.672627,0.554422
primary_strict_point_hn1,3,3523,11523,-0.788148,0.604689
primary_strict_point_hn1,3,3524,11524,-0.611706,0.719636
primary_strict_point_hn1,3,3525,11525,-0.633067,0.666971
primary_strict_point_hn1,3,3526,11526,-0.74519,0.692484
primary_strict_point_hn1,3,3527,11527,-0.722598,0.678633
primary_strict_point_hn1,3,3528,11528,-0.636087,0.565001
primary_strict_point_hn1,3,3529,11529,-0.362291,0.549343
primary_strict_point_hn1,3,3530,11530,-0.331742,0.601062
primary_strict_point_hn1,3,3531,11531,-0.29603,0.577802
primary_strict_point_hn1,3,3532,11532,-0.344182,0.551246
primary_strict_point_hn1,3,3533,11533,-0.570704,0.505691
primary_strict_point_hn1,3,3534,11534,-0.591131,0.52061
primary_strict_point_hn1,3,3535,11535,-0.655016,0.30837
primary_strict_point_hn1,3,3536,11536,-0.777861,0.441055
primary_strict_point_hn1,3,3537,11537,-0.64826,0.475446
primary_strict_point_hn1,3,3538,11538,-0.619564,0.468817
primary_strict_point_hn1,3,3539,11539,-0.670435,0.418432
primary_strict_point_hn1,3,3540,11540,-0.83619,0.406229
primary_strict_point_hn1,3,3541,11541,-0.805629,0.42534
primary_strict_point_hn1,3,3542,11542,-0.68495,0.402186
primary_strict_point_hn1,3,3543,11543,-0.703522,0.466529
primary_strict_point_hn1,3,3544,11544,-0.632696,0.443879
primary_strict_point_hn1,3,3545,11545,-0.526994,0.545307
primary_strict_point_hn1,3,3546,11546,-0.539435,0.594052
primary_strict_point_hn1,3,3547,11547,-0.907965,0.599406
primary_strict_point_hn1,3,3548,11548,-0.814562,0.598461
primary_strict_point_hn1,3,3549,11549,-0.694419,0.438532
primary_strict_point_hn1,3,3550,11550,-0.77418,0.423003
primary_strict_point_hn1,3,3551,11551,-0.747975,0.649733
primary_strict_point_hn1,3,3552,11552,-0.852951,0.534006
primary_strict_point_hn1,3,3553,11553,-0.79432,0.603826
primary_strict_point_hn1,3,3554,11554,-0.586408,0.875042
primary_strict_point_hn1,3,3555,11555,-0.617054,0.788066
primary_strict_point_hn1,3,3556,11556,-0.532774,0.692066
primary_strict_point_hn1,3,3557,11557,-0.67435,0.584989
primary_strict_point_hn1,3,3558,11558,-0.639879,0.48997
primary_strict_point_hn1,3,3559,11559,-0.676305,0.527486
primary_strict_point_hn1,3,3560,11560,-0.65015,0.569089
primary_strict_point_hn1,3,3561,11561,-0.570585,0.446121
primary_strict_point_hn1,3,3562,11562,-0.809687,0.428551
primary_strict_point_hn1,3,3563,11563,-0.913751,0.361863
primary_strict_point_hn1,3,3564,11564,-0.82514,0.437928
primary_strict_point_hn1,3,3565,11565,-0.76072,0.707797
primary_strict_point_hn1,3,3566,11566,-0.666244,0.611187
primary_strict_point_hn1,3,3567,11567,-0.664296,0.607861
primary_strict_point_hn1,3,3568,11568,-0.791442,0.647703
primary_strict_point_hn1,3,3569,11569,-0.936362,0.629192
primary_strict_point_hn1,3,3570,11570,-0.829112,0.330527
primary_strict_point_hn1,3,3571,11571,-0.793545,0.540571
primary_strict_point_hn1,3,3572,11572,-0.816682,0.526748
primary_strict_point_hn1,3,3573,11573,-0.950717,0.624083
primary_strict_point_hn1,3,3574,11574,-0.693241,0.699041
primary_strict_point_hn1,3,3575,11575,-0.616927,0.677846
primary_strict_point_hn1,3,3576,11576,-0.666589,0.764524
primary_strict_point_hn1,3,3577,11577,-0.444955,0.815318
primary_strict_point_hn1,3,3578,11578,-0.596162,0.500715
primary_strict_point_hn1,3,3579,11579,-0.583657,0.715324
primary_strict_point_hn1,3,3580,11580,-0.374247,0.671296
primary_strict_point_hn1,3,3581,11581,-0.495643,0.517054
primary_strict_point_hn1,3,3582,11582,-0.148465,0.660524
primary_strict_point_hn1,3,3583,11583,-0.146195,0.605359
primary_strict_point_hn1,3,3584,11584,-0.880368,0.542261
primary_strict_point_hn1,3,3585,11585,-0.672459,0.641169
primary_strict_point_hn1,3,3586,11586,-0.776863,0.507634
primary_strict_point_hn1,3,3587,11587,-0.843636,0.527891
primary_strict_point_hn1,3,3588,11588,-0.690258,0.963163
primary_strict_point_hn1,3,3589,11589,-0.859826,1.13599
primary_strict_point_hn1,3,3590,11590,-0.789392,1.1578
primary_strict_point_hn1,3,3591,11591,-0.681618,0.60831
primary_strict_point_hn1,3,3592,11592,-0.560894,0.548509
primary_strict_point_hn1,3,3593,11593,-0.716831,0.486149
primary_strict_point_hn1,3,3594,11594,-0.536915,0.424167
primary_strict_point_hn1,3,3595,11595,-0.843621,0.3668
primary_strict_point_hn1,3,3596,11596,-0.606288,0.37539
primary_strict_point_hn1,3,3597,11597,-0.617962,0.525968
primary_strict_point_hn1,3,3598,11598,-0.662392,0.454313
primary_strict_point_hn1,3,3599,11599,-0.650831,0.661902
primary_strict_point_hn1,3,3600,11600,-0.545634,0.587228
primary_strict_point_hn1,3,3601,11601,-0.594339,0.668937
primary_strict_point_hn1,3,3602,11602,-0.439219,0.551194
primary_strict_point_hn1,3,3603,11603,-0.545875,0.558642
primary_strict_point_hn1,3,3604,11604,-0.552416,0.477036
primary_strict_point_hn1,3,3605,11605,-0.734474,0.624139
primary_strict_point_hn1,3,3606,11606,-0.738759,0.628064
primary_strict_point_hn1,3,3607,11607,-0.668221,0.743406
primary_strict_point_hn1,3,3608,11608,-0.291672,1.34353
primary_strict_point_hn1,3,3609,11609,-0.223373,1.36924
primary_strict_point_hn1,3,3610,11610,-0.247271,1.12576
primary_strict_point_hn1,3,3611,11611,-0.330115,0.971862
primary_strict_point_hn1,3,3612,11612,-0.761627,0.603112
primary_strict_point_hn1,3,3613,11613,-0.65784,0.570426
primary_strict_point_hn1,3,3614,11614,-0.791485,0.716264
primary_strict_point_hn1,3,3615,11615,-0.634857,0.696439
primary_strict_point_hn1,3,3616,11616,-0.548523,0.509259
primary_strict_point_hn1,3,3617,11617,-0.602679,0.649835
primary_strict_point_hn1,3,3618,11618,-0.799085,0.721136
primary_strict_point_hn1,3,3619,11619,-0.715904,0.597417
primary_strict_point_hn1,3,3620,11620,-0.828145,0.693367
primary_strict_point_hn1,3,3621,11621,-0.852749,0.73674
primary_strict_point_hn1,3,3622,11622,-0.522883,0.922195
primary_strict_point_hn1,3,3623,11623,-0.72145,0.509147
primary_strict_point_hn1,3,3624,11624,-0.72756,0.530546
primary_strict_point_hn1,3,3625,11625,-0.828258,0.549653
primary_strict_point_hn1,3,3626,11626,-0.667854,0.983093
primary_strict_point_hn1,3,3627,11627,-0.62742,0.594144
primary_strict_point_hn1,3,3628,11628,-0.386232,0.516883
primary_strict_point_hn1,3,3629,11629,-0.48343,0.619313
primary_strict_point_hn1,3,3630,11630,-0.528933,0.62723
primary_strict_point_hn1,3,3631,11631,-0.403284,0.630278
primary_strict_point_hn1,3,3632,11632,-0.526686,0.709795
primary_strict_point_hn1,3,3633,11633,-0.575177,0.546343
primary_strict_point_hn1,3,3634,11634,-0.654401,0.781337
primary_strict_point_hn1,3,3635,11635,-0.813162,0.64844
primary_strict_point_hn1,3,3636,11636,-0.669035,0.411747
primary_strict_point_hn1,3,3637,11637,-0.727819,0.639893
primary_strict_point_hn1,3,3638,11638,-0.583174,0.498992
primary_strict_point_hn1,3,3639,11639,-0.482789,0.435089
primary_strict_point_hn1,3,3640,11640,-0.493836,0.426591
primary_strict_point_hn1,3,3641,11641,-0.544622,1.0569
primary_strict_point_hn1,3,3642,11642,-0.611987,1.05212
primary_strict_point_hn1,3,3643,11643,-0.613022,0.976453
primary_strict_point_hn1,3,3644,11644,-0.766389,1.00087
primary_strict_point_hn1,3,3645,11645,-0.641423,1.1202
primary_strict_point_hn1,3,3646,11646,-0.598371,0.538733
primary_strict_point_hn1,3,3647,11647,-0.665156,0.549231
primary_strict_point_hn1,3,3648,11648,-0.658244,0.514695
primary_strict_point_hn1,3,3649,11649,-0.7211,0.792729
primary_strict_point_hn1,3,3650,11650,-0.85918,0.368955
primary_strict_point_hn1,3,3651,11651,-0.678699,0.510206
primary_strict_point_hn1,3,3652,11652,-0.705904,0.635352
primary_strict_point_hn1,3,3653,11653,-0.929731,0.642379
primary_strict_point_hn1,3,3654,11654,-0.848988,0.899132
primary_strict_point_hn1,3,3655,11655,-0.810104,0.665285
primary_strict_point_hn1,3,3656,11656,-0.919908,0.749904
primary_strict_point_hn1,3,3657,11657,-0.976563,0.602977
primary_strict_point_hn1,3,3658,11658,-0.298247,0.724161
primary_strict_point_hn1,3,3659,11659,-0.637671,0.739716
primary_strict_point_hn1,3,3660,11660,-0.394183,0.628605
primary_strict_point_hn1,3,3661,11661,-0.717137,0.905934
primary_strict_point_hn1,3,3662,11662,-0.491166,0.965415
primary_strict_point_hn1,3,3663,11663,-0.573534,1.01919
primary_strict_point_hn1,3,3664,11664,-0.621155,0.766392
primary_strict_point_hn1,3,3665,11665,-0.743147,0.748105
primary_strict_point_hn1,3,3666,11666,-0.916702,1.02856
primary_strict_point_hn1,3,3667,11667,-0.508471,1.28763
primary_strict_point_hn1,3,3668,11668,-0.56079,1.41808
primary_strict_point_hn1,3,3669,11669,-0.541205,1.47122
primary_strict_point_hn1,3,3670,11670,-0.652825,1.16222
primary_strict_point_hn1,3,3671,11671,-0.508708,1.41107
primary_strict_point_hn1,3,3672,11672,-0.669733,0.484169
primary_strict_point_hn1,3,3673,11673,-0.582275,0.511962
primary_strict_point_hn1,3,3674,11674,-0.562147,0.683018
primary_strict_point_hn1,3,3675,11675,-0.943397,1.15251
primary_strict_point_hn1,3,3676,11676,-0.794636,0.825275
primary_strict_point_hn1,3,3677,11677,-0.342346,0.907505
primary_strict_point_hn1,3,3678,11678,-0.353773,0.796885
primary_strict_point_hn1,3,3679,11679,-0.387334,0.83626
primary_strict_point_hn1,3,3680,11680,-0.376941,0.772679
primary_strict_point_hn1,3,3681,11681,-0.483363,0.638944
primary_strict_point_hn1,3,3682,11682,-1.06605,0.815144
primary_strict_point_hn1,3,3683,11683,-0.880248,0.606715
primary_strict_point_hn1,3,3684,11684,-1.02917,0.558258
primary_strict_point_hn1,3,3685,11685,-1.08429,0.488457
primary_strict_point_hn1,3,3686,11686,-0.831193,0.407894
primary_strict_point_hn1,3,3687,11687,-0.760791,0.486692
primary_strict_point_hn1,3,3688,11688,-0.829727,0.494268
primary_strict_point_hn1,3,3689,11689,-0.478455,0.492105
primary_strict_point_hn1,3,3690,11690,-0.593523,0.457571
primary_strict_point_hn1,3,3691,11691,-0.503588,0.665222
primary_strict_point_hn1,3,3692,11692,-0.64217900000000006,0.570141
primary_strict_point_hn1,3,3693,11693,-0.533677,0.684696
primary_strict_point_hn1,3,3694,11694,-0.655444,0.673227
primary_strict_point_hn1,3,3695,11695,-0.529501,0.478736
primary_strict_point_hn1,3,3696,11696,-0.707549,0.642055
primary_strict_point_hn1,3,3697,11697,-0.721109,0.588435
primary_strict_point_hn1,3,3698,11698,-0.918256,0.497574
primary_strict_point_hn1,3,3699,11699,-1.11473,0.573749
primary_strict_point_hn1,3,3700,11700,-0.896299,0.711651
primary_strict_point_hn1,3,3701,11701,-0.957897,0.743605
primary_strict_point_hn1,3,3702,11702,-0.541745,0.683071
primary_strict_point_hn1,3,3703,11703,-0.54393,0.619248
primary_strict_point_hn1,3,3704,11704,-0.473863,0.597681
primary_strict_point_hn1,3,3705,11705,-0.574371,0.55711
primary_strict_point_hn1,3,3706,11706,-0.749466,0.421957
primary_strict_point_hn1,3,3707,11707,-0.869964,0.488346
primary_strict_point_hn1,3,3708,11708,-0.883173,0.505775
primary_strict_point_hn1,3,3709,11709,-0.759649,0.455271
primary_strict_point_hn1,3,3710,11710,-0.816311,0.609847
primary_strict_point_hn1,3,3711,11711,-0.727563,0.446472
primary_strict_point_hn1,3,3712,11712,-0.671092,0.742319
primary_strict_point_hn1,3,3713,11713,-0.95655,0.600125
primary_strict_point_hn1,3,3714,11714,-0.802373,0.609459
primary_strict_point_hn1,3,3715,11715,-0.500375,0.491015
primary_strict_point_hn1,3,3716,11716,-0.939641,0.618175
primary_strict_point_hn1,3,3717,11717,-0.537493,0.646504
primary_strict_point_hn1,3,3718,11718,-0.405855,0.635109
primary_strict_point_hn1,3,3719,11719,-0.50746,0.61188
primary_strict_point_hn1,3,3720,11720,-0.702027,0.303123
primary_strict_point_hn1,3,3721,11721,-0.637341,0.703076
primary_strict_point_hn1,3,3722,11722,-0.408699,0.624596
primary_strict_point_hn1,3,3723,11723,-0.385838,0.777944
primary_strict_point_hn1,3,3724,11724,-0.156412,0.659339
primary_strict_point_hn1,3,3725,11725,-0.544365,0.749117
primary_strict_point_hn1,3,3726,11726,-0.60154,0.639539
primary_strict_point_hn1,3,3727,11727,-0.552476,0.660656
primary_strict_point_hn1,3,3728,11728,-0.487462,0.758553
primary_strict_point_hn1,3,3729,11729,-0.54591,1.0060500000000001
primary_strict_point_hn1,3,3730,11730,-0.512004,0.763526
primary_strict_point_hn1,3,3731,11731,-0.435195,0.681163
primary_strict_point_hn1,3,3732,11732,-0.507681,0.799043
primary_strict_point_hn1,3,3733,11733,-0.470932,0.713874
primary_strict_point_hn1,3,3734,11734,-1.01423,0.950297
primary_strict_point_hn1,3,3735,11735,-0.667416,0.422291
primary_strict_point_hn1,3,3736,11736,-0.809166,0.453283
primary_strict_point_hn1,3,3737,11737,-0.432586,0.637408
primary_strict_point_hn1,3,3738,11738,-0.426351,0.636925
primary_strict_point_hn1,3,3739,11739,-0.336468,0.747611
primary_strict_point_hn1,3,3740,11740,-0.381255,0.702699
primary_strict_point_hn1,3,3741,11741,-0.510239,0.616726
primary_strict_point_hn1,3,3742,11742,-0.203511,0.644834
primary_strict_point_hn1,3,3743,11743,-0.264967,0.90116
primary_strict_point_hn1,3,3744,11744,-0.576072,0.572775
primary_strict_point_hn1,3,3745,11745,-0.615488,0.470532
primary_strict_point_hn1,3,3746,11746,-0.652492,0.521341
primary_strict_point_hn1,3,3747,11747,-0.738233,0.57451700000000006
primary_strict_point_hn1,3,3748,11748,-0.840331,0.618365
primary_strict_point_hn1,3,3749,11749,-0.757969,0.725146
primary_strict_point_hn1,3,3750,11750,-0.703646,0.544698
primary_strict_point_hn1,3,3751,11751,-0.670772,0.393049
primary_strict_point_hn1,3,3752,11752,-0.596336,0.430753
primary_strict_point_hn1,3,3753,11753,-0.742527,0.407949
primary_strict_point_hn1,3,3754,11754,-0.778456,0.453444
primary_strict_point_hn1,3,3755,11755,-0.429286,0.770886
primary_strict_point_hn1,3,3756,11756,-0.663451,0.661097
primary_strict_point_hn1,3,3757,11757,-0.638934,0.579737
primary_strict_point_hn1,3,3758,11758,-0.61099,0.71713
primary_strict_point_hn1,3,3759,11759,-0.541973,0.719203
primary_strict_point_hn1,3,3760,11760,-0.509579,0.596734
primary_strict_point_hn1,3,3761,11761,-0.520635,0.466904
primary_strict_point_hn1,3,3762,11762,-0.482068,0.588135
primary_strict_point_hn1,3,3763,11763,-0.39085,0.72454
primary_strict_point_hn1,3,3764,11764,-0.410971,0.46837
primary_strict_point_hn1,3,3765,11765,-0.679769,0.847886
primary_strict_point_hn1,3,3766,11766,-0.723173,1.00872
primary_strict_point_hn1,3,3767,11767,-0.685614,1.05082
primary_strict_point_hn1,3,3768,11768,-0.61554,0.653996
primary_strict_point_hn1,3,3769,11769,-0.699451,0.621436
primary_strict_point_hn1,3,3770,11770,-0.688896,0.677391
primary_strict_point_hn1,3,3771,11771,-0.789128,0.824584
primary_strict_point_hn1,3,3772,11772,-0.605729,0.575629
primary_strict_point_hn1,3,3773,11773,-0.728253,0.673671
primary_strict_point_hn1,3,3774,11774,-0.845462,0.57418
primary_strict_point_hn1,3,3775,11775,-0.94469,0.510986
primary_strict_point_hn1,3,3776,11776,-0.807151,0.705354
primary_strict_point_hn1,3,3777,11777,-0.887607,0.461233
primary_strict_point_hn1,3,3778,11778,-0.678393,0.461623
primary_strict_point_hn1,3,3779,11779,-0.489871,0.705517
primary_strict_point_hn1,3,3780,11780,-0.546501,0.55814
primary_strict_point_hn1,3,3781,11781,-0.637213,0.729566
primary_strict_point_hn1,3,3782,11782,-0.747284,0.498102
primary_strict_point_hn1,3,3783,11783,-0.643209,0.444866
primary_strict_point_hn1,3,3784,11784,-0.40009,0.554773
primary_strict_point_hn1,3,3785,11785,-0.590892,0.709783
primary_strict_point_hn1,3,3786,11786,-0.679656,0.632182
primary_strict_point_hn1,3,3787,11787,-0.569795,0.639247
primary_strict_point_hn1,3,3788,11788,-0.571016,0.532278
primary_strict_point_hn1,3,3789,11789,-0.522418,0.467625
primary_strict_point_hn1,3,3790,11790,-0.577001,0.386147
primary_strict_point_hn1,3,3791,11791,-0.60141,0.404571
primary_strict_point_hn1,3,3792,11792,-0.569719,0.651343
primary_strict_point_hn1,3,3793,11793,-0.317672,0.456188
primary_strict_point_hn1,3,3794,11794,-0.679838,0.361326
primary_strict_point_hn1,3,3795,11795,-0.614975,0.384638
primary_strict_point_hn1,3,3796,11796,-0.583034,0.482058
primary_strict_point_hn1,3,3797,11797,-0.546748,0.440516
primary_strict_point_hn1,3,3798,11798,-0.736541,0.433217
primary_strict_point_hn1,3,3799,11799,-0.618345,0.406231
primary_strict_point_hn1,3,3800,11800,-0.510797,0.365616
primary_strict_point_hn1,3,3801,11801,-0.336865,0.493352
primary_strict_point_hn1,3,3802,11802,-0.649189,0.522037
primary_strict_point_hn1,3,3803,11803,-0.682653,0.758588
primary_strict_point_hn1,3,3804,11804,-0.82488,0.731094
primary_strict_point_hn1,3,3805,11805,-0.743602,0.744177
primary_strict_point_hn1,3,3806,11806,-0.547566,0.603747
primary_strict_point_hn1,3,3807,11807,-0.618686,0.669326
primary_strict_point_hn1,3,3808,11808,-0.873517,0.733083
primary_strict_point_hn1,3,3809,11809,-0.638386,0.743595
primary_strict_point_hn1,3,3810,11810,-0.52121,0.596777
primary_strict_point_hn1,3,3811,11811,-0.52588,0.673691
primary_strict_point_hn1,3,3812,11812,-0.476352,0.651668
primary_strict_point_hn1,3,3813,11813,-0.75698,0.648049
primary_strict_point_hn1,3,3814,11814,-0.443501,0.478994
primary_strict_point_hn1,3,3815,11815,-0.144289,0.548814
primary_strict_point_hn1,3,3816,11816,-0.351928,0.494877
primary_strict_point_hn1,3,3817,11817,-0.456007,0.488806
primary_strict_point_hn1,3,3818,11818,-0.475249,0.475649
primary_strict_point_hn1,3,3819,11819,-0.524703,0.416111
primary_strict_point_hn1,3,3820,11820,-0.495032,0.411174
primary_strict_point_hn1,3,3821,11821,-0.455235,0.665199
primary_strict_point_hn1,3,3822,11822,-0.59869000000000006,0.707914
primary_strict_point_hn1,3,3823,11823,-0.27278,0.863884
primary_strict_point_hn1,3,3824,11824,-0.281867,0.808738
primary_strict_point_hn1,3,3825,11825,-0.505178,0.592117
primary_strict_point_hn1,3,3826,11826,-0.212532,0.596732
primary_strict_point_hn1,3,3827,11827,-0.0851377,0.592533
primary_strict_point_hn1,3,3828,11828,-0.60951,0.337921
primary_strict_point_hn1,3,3829,11829,-0.436282,0.567274
primary_strict_point_hn1,3,3830,11830,-0.561432,0.436702
primary_strict_point_hn1,3,3831,11831,-0.535386,0.516633
primary_strict_point_hn1,3,3832,11832,-0.635971,0.489172
primary_strict_point_hn1,3,3833,11833,-0.697365,0.39342
primary_strict_point_hn1,3,3834,11834,-0.988939,0.527493
primary_strict_point_hn1,3,3835,11835,-0.967368,0.762607
primary_strict_point_hn1,3,3836,11836,-0.99292,0.907509
primary_strict_point_hn1,3,3837,11837,-0.602382,0.482107
primary_strict_point_hn1,3,3838,11838,-0.527797,0.459544
primary_strict_point_hn1,3,3839,11839,-0.523339,0.626065
primary_strict_point_hn1,3,3840,11840,-0.70320800000000006,0.676175
primary_strict_point_hn1,3,3841,11841,-0.712718,0.744345
primary_strict_point_hn1,3,3842,11842,-0.675537,1.0385
primary_strict_point_hn1,3,3843,11843,-1.13558,0.873694
primary_strict_point_hn1,3,3844,11844,-0.322986,0.657651
primary_strict_point_hn1,3,3845,11845,-0.87116,0.725406
primary_strict_point_hn1,3,3846,11846,-1.01256,0.871152
primary_strict_point_hn1,3,3847,11847,-1.07646,0.909321
primary_strict_point_hn1,3,3848,11848,-1.03435,0.848743
primary_strict_point_hn1,3,3849,11849,-0.72886,0.678972
primary_strict_point_hn1,3,3850,11850,-0.652867,0.624428
primary_strict_point_hn1,3,3851,11851,-0.191188,0.834302
primary_strict_point_hn1,3,3852,11852,-0.316747,0.736724
primary_strict_point_hn1,3,3853,11853,-0.123019,0.921504
primary_strict_point_hn1,3,3854,11854,-0.108361,0.873062
primary_strict_point_hn1,3,3855,11855,-0.10136,0.806065
primary_strict_point_hn1,3,3856,11856,-0.752556,0.784594
primary_strict_point_hn1,3,3857,11857,-0.735907,0.899518
primary_strict_point_hn1,3,3858,11858,-0.312775,0.803525
primary_strict_point_hn1,3,3859,11859,-0.454341,0.455757
primary_strict_point_hn1,3,3860,11860,-0.15658,0.72241
primary_strict_point_hn1,3,3861,11861,-0.687565,0.509543
primary_strict_point_hn1,3,3862,11862,-0.770136,0.474391
primary_strict_point_hn1,3,3863,11863,-0.920896,0.539062
primary_strict_point_hn1,3,3864,11864,-0.991064,0.394509
primary_strict_point_hn1,3,3865,11865,-0.972345,0.456782
primary_strict_point_hn1,3,3866,11866,-0.955091,0.445228
primary_strict_point_hn1,3,3867,11867,-0.750512,0.318611
primary_strict_point_hn1,3,3868,11868,-0.630774,0.464359
primary_strict_point_hn1,3,3869,11869,-0.562544,0.42765
primary_strict_point_hn1,3,3870,11870,-0.437453,0.624736
primary_strict_point_hn1,3,3871,11871,-0.68004,0.687295
primary_strict_point_hn1,3,3872,11872,-0.755246,0.70103
primary_strict_point_hn1,3,3873,11873,-0.683719,0.509125
primary_strict_point_hn1,3,3874,11874,-0.463338,0.455465
primary_strict_point_hn1,3,3875,11875,-0.644302,0.522384
primary_strict_point_hn1,3,3876,11876,-0.745674,0.502847
primary_strict_point_hn1,3,3877,11877,-0.63832,0.415096
primary_strict_point_hn1,3,3878,11878,-0.743597,0.359387
primary_strict_point_hn1,3,3879,11879,-0.550684,0.380979
primary_strict_point_hn1,3,3880,11880,-0.733616,0.33102
primary_strict_point_hn1,3,3881,11881,-0.80007,0.547512
primary_strict_point_hn1,3,3882,11882,-0.750419,0.489453
primary_strict_point_hn1,3,3883,11883,-0.767061,0.559568
primary_strict_point_hn1,3,3884,11884,-0.76334,0.474888
primary_strict_point_hn1,3,3885,11885,-0.608676,0.522343
primary_strict_point_hn1,3,3886,11886,-0.756113,0.432496
primary_strict_point_hn1,3,3887,11887,-0.612099,0.401545
primary_strict_point_hn1,3,3888,11888,-0.570202,0.37088
primary_strict_point_hn1,3,3889,11889,-0.500716,0.415524
primary_strict_point_hn1,3,3890,11890,-0.547364,0.553543
primary_strict_point_hn1,3,3891,11891,-0.717846,0.547453
primary_strict_point_hn1,3,3892,11892,-0.758233,0.460055
primary_strict_point_hn1,3,3893,11893,-0.790711,0.478996
primary_strict_point_hn1,3,3894,11894,-0.813143,0.534907
primary_strict_point_hn1,3,3895,11895,-0.774158,0.529831
primary_strict_point_hn1,3,3896,11896,-0.85321,0.899657
primary_strict_point_hn1,3,3897,11897,-0.658946,0.518552
primary_strict_point_hn1,3,3898,11898,-0.953474,0.736013
primary_strict_point_hn1,3,3899,11899,-0.86555,0.703829
primary_strict_point_hn1,3,3900,11900,-1.05124,0.838409
primary_strict_point_hn1,3,3901,11901,-0.799303,0.624042
primary_strict_point_hn1,3,3902,11902,-1.01685,0.653914
primary_strict_point_hn1,3,3903,11903,-1.1036,0.590818
primary_strict_point_hn1,3,3904,11904,-0.978401,0.458468
primary_strict_point_hn1,3,3905,11905,-0.709131,0.519245
primary_strict_point_hn1,3,3906,11906,-0.900952,0.623034
primary_strict_point_hn1,3,3907,11907,-0.912835,0.668671
primary_strict_point_hn1,3,3908,11908,-0.786628,0.424615
primary_strict_point_hn1,3,3909,11909,-0.762343,0.375602
primary_strict_point_hn1,3,3910,11910,-0.75301,0.397217
primary_strict_point_hn1,3,3911,11911,-0.777192,0.887653
primary_strict_point_hn1,3,3912,11912,-0.699324,0.678056
primary_strict_point_hn1,3,3913,11913,-0.563416,0.716519
primary_strict_point_hn1,3,3914,11914,-0.541618,0.687899
primary_strict_point_hn1,3,3915,11915,-0.496609,0.678448
primary_strict_point_hn1,3,3916,11916,-0.939899,0.532293
primary_strict_point_hn1,3,3917,11917,-0.940255,0.578216
primary_strict_point_hn1,3,3918,11918,-0.979427,0.654399
primary_strict_point_hn1,3,3919,11919,-0.848849,0.469139
primary_strict_point_hn1,3,3920,11920,-0.931581,0.782705
primary_strict_point_hn1,3,3921,11921,-0.948213,0.787448
primary_strict_point_hn1,3,3922,11922,-0.971486,0.790515
primary_strict_point_hn1,3,3923,11923,-0.919101,0.793213
primary_strict_point_hn1,3,3924,11924,-1.03108,0.653524
primary_strict_point_hn1,3,3925,11925,-1.01257,0.711807
primary_strict_point_hn1,3,3926,11926,-0.99886,0.60301
primary_strict_point_hn1,3,3927,11927,-0.747334,1.21304
primary_strict_point_hn1,3,3928,11928,-0.599444,0.844238
primary_strict_point_hn1,3,3929,11929,-0.580347,0.798228
primary_strict_point_hn1,3,3930,11930,-0.560542,0.715704
primary_strict_point_hn1,3,3931,11931,-0.827305,0.516801
primary_strict_point_hn1,3,3932,11932,-0.713079,0.395101
primary_strict_point_hn1,3,3933,11933,-0.701219,0.550505
primary_strict_point_hn1,3,3934,11934,-0.642841,0.520233
primary_strict_point_hn1,3,3935,11935,-0.686067,0.667344
primary_strict_point_hn1,3,3936,11936,-0.922549,0.842781
primary_strict_point_hn1,3,3937,11937,-0.913146,0.638988
primary_strict_point_hn1,3,3938,11938,-0.847233,0.53899300000000006
primary_strict_point_hn1,3,3939,11939,-0.391016,0.998863
primary_strict_point_hn1,3,3940,11940,-0.381312,0.915578
primary_strict_point_hn1,3,3941,11941,-0.40729,0.756193
primary_strict_point_hn1,3,3942,11942,-0.569494,0.659708
primary_strict_point_hn1,3,3943,11943,-0.557519,1.02145
primary_strict_point_hn1,3,3944,11944,-0.714065,0.766911
primary_strict_point_hn1,3,3945,11945,-0.765431,0.74245
primary_strict_point_hn1,3,3946,11946,-0.366704,0.614217
primary_strict_point_hn1,3,3947,11947,-0.459015,0.521024
primary_strict_point_hn1,3,3948,11948,-0.479549,0.426301
primary_strict_point_hn1,3,3949,11949,-0.419809,0.553531
primary_strict_point_hn1,3,3950,11950,-0.49735,0.492499
primary_strict_point_hn1,3,3951,11951,-0.563102,0.511548
primary_strict_point_hn1,3,3952,11952,-0.584802,0.34047
primary_strict_point_hn1,3,3953,11953,-0.665112,0.553435
primary_strict_point_hn1,3,3954,11954,-0.605313,0.437004
primary_strict_point_hn1,3,3955,11955,-0.553621,0.636112
primary_strict_point_hn1,3,3956,11956,-0.436295,0.401365
primary_strict_point_hn1,3,3957,11957,-0.789609,0.757167
primary_strict_point_hn1,3,3958,11958,-0.650325,0.684819
primary_strict_point_hn1,3,3959,11959,-0.761497,0.592388
primary_strict_point_hn1,3,3960,11960,-0.754498,0.609188
primary_strict_point_hn1,3,3961,11961,-0.879901,0.700732
primary_strict_point_hn1,3,3962,11962,-0.751564,0.488552
primary_strict_point_hn1,3,3963,11963,-0.611449,0.553394
primary_strict_point_hn1,3,3964,11964,-0.559513,0.482832
primary_strict_point_hn1,3,3965,11965,-0.508548,0.755273
primary_strict_point_hn1,3,3966,11966,-0.916479,0.575053
primary_strict_point_hn1,3,3967,11967,-0.639024,0.861209
primary_strict_point_hn1,3,3968,11968,-0.784135,1.1127
primary_strict_point_hn1,3,3969,11969,-0.644691,1.13764
primary_strict_point_hn1,3,3970,11970,-0.672288,1.12539
primary_strict_point_hn1,3,3971,11971,-0.708139,0.686173
primary_strict_point_hn1,3,3972,11972,-0.715582,0.651847
primary_strict_point_hn1,3,3973,11973,-0.709758,0.769645
primary_strict_point_hn1,3,3974,11974,-0.899691,0.459178
primary_strict_point_hn1,3,3975,11975,-0.558075,0.42506
primary_strict_point_hn1,3,3976,11976,-0.611263,0.447744
primary_strict_point_hn1,3,3977,11977,-0.463959,0.504299
primary_strict_point_hn1,3,3978,11978,-0.559858,0.497659
primary_strict_point_hn1,3,3979,11979,-0.63026,0.436189
primary_strict_point_hn1,3,3980,11980,-0.721866,0.473318
primary_strict_point_hn1,3,3981,11981,-0.715146,0.306193
primary_strict_point_hn1,3,3982,11982,-0.777785,0.451705
primary_strict_point_hn1,3,3983,11983,-0.612512,0.383228
primary_strict_point_hn1,3,3984,11984,-0.801966,0.453873
primary_strict_point_hn1,3,3985,11985,-0.737773,0.355354
primary_strict_point_hn1,3,3986,11986,-0.493887,0.634032
primary_strict_point_hn1,3,3987,11987,-0.5619,0.561357
primary_strict_point_hn1,3,3988,11988,-0.900601,0.806463
primary_strict_point_hn1,3,3989,11989,-0.931597,0.772715
primary_strict_point_hn1,3,3990,11990,-0.912638,0.686042
primary_strict_point_hn1,3,3991,11991,-0.508768,0.767
primary_strict_point_hn1,3,3992,11992,-0.514721,0.81107
primary_strict_point_hn1,3,3993,11993,-1.027,0.699812
primary_strict_point_hn1,3,3994,11994,-0.885435,0.530407
primary_strict_point_hn1,3,3995,11995,-0.804362,0.49153
primary_strict_point_hn1,3,3996,11996,-0.785353,0.67464
primary_strict_point_hn1,3,3997,11997,-0.476948,0.475544
primary_strict_point_hn1,3,3998,11998,-0.791693,0.545829
primary_strict_point_hn1,3,3999,11999,-0.679406,0.460771
primary_strict_point_hn1,3,4000,12000,-0.757153,0.356934
primary_strict_point_hn1,4,1,12001,-0.650507,0.375766
primary_strict_point_hn1,4,2,12002,-0.667125,0.351408
primary_strict_point_hn1,4,3,12003,-0.81313,0.40226
primary_strict_point_hn1,4,4,12004,-0.784828,0.483255
primary_strict_point_hn1,4,5,12005,-0.861923,0.449512
primary_strict_point_hn1,4,6,12006,-0.765188,0.568096
primary_strict_point_hn1,4,7,12007,-0.587879,0.583734
primary_strict_point_hn1,4,8,12008,-0.575163,0.594033
primary_strict_point_hn1,4,9,12009,-0.421635,0.463117
primary_strict_point_hn1,4,10,12010,-0.481818,0.452074
primary_strict_point_hn1,4,11,12011,-0.601863,0.460265
primary_strict_point_hn1,4,12,12012,-0.431316,0.463095
primary_strict_point_hn1,4,13,12013,-0.601122,0.376336
primary_strict_point_hn1,4,14,12014,-0.71096,1.01052
primary_strict_point_hn1,4,15,12015,-0.610085,0.665821
primary_strict_point_hn1,4,16,12016,-0.87315,0.76519
primary_strict_point_hn1,4,17,12017,-0.779781,0.915174
primary_strict_point_hn1,4,18,12018,-0.701189,0.702503
primary_strict_point_hn1,4,19,12019,-0.728706,0.745915
primary_strict_point_hn1,4,20,12020,-0.457012,0.611614
primary_strict_point_hn1,4,21,12021,-0.503396,0.71013
primary_strict_point_hn1,4,22,12022,-0.526134,0.400843
primary_strict_point_hn1,4,23,12023,-0.547924,0.509921
primary_strict_point_hn1,4,24,12024,-0.521475,0.531949
primary_strict_point_hn1,4,25,12025,-0.54787,0.769262
primary_strict_point_hn1,4,26,12026,-0.293219,0.822026
primary_strict_point_hn1,4,27,12027,-0.348766,0.683321
primary_strict_point_hn1,4,28,12028,-0.280613,0.838845
primary_strict_point_hn1,4,29,12029,-0.543931,0.771622
primary_strict_point_hn1,4,30,12030,-0.500669,0.924347
primary_strict_point_hn1,4,31,12031,-0.698949,0.754438
primary_strict_point_hn1,4,32,12032,-0.842859,0.607714
primary_strict_point_hn1,4,33,12033,-0.779381,0.591896
primary_strict_point_hn1,4,34,12034,-0.762498,0.464057
primary_strict_point_hn1,4,35,12035,-0.811927,0.504202
primary_strict_point_hn1,4,36,12036,-0.796877,0.578068
primary_strict_point_hn1,4,37,12037,-0.569055,0.585358
primary_strict_point_hn1,4,38,12038,-0.502002,0.519447
primary_strict_point_hn1,4,39,12039,-0.559126,0.467752
primary_strict_point_hn1,4,40,12040,-0.371743,0.532611
primary_strict_point_hn1,4,41,12041,-0.343347,0.729646
primary_strict_point_hn1,4,42,12042,-0.573259,0.467954
primary_strict_point_hn1,4,43,12043,-0.603792,0.611394
primary_strict_point_hn1,4,44,12044,-0.569022,0.486709
primary_strict_point_hn1,4,45,12045,-0.582127,0.621386
primary_strict_point_hn1,4,46,12046,-0.787311,0.455485
primary_strict_point_hn1,4,47,12047,-0.720572,0.609848
primary_strict_point_hn1,4,48,12048,-0.686885,0.438536
primary_strict_point_hn1,4,49,12049,-0.615305,0.506599
primary_strict_point_hn1,4,50,12050,-0.655363,0.408094
primary_strict_point_hn1,4,51,12051,-0.715625,0.363204
primary_strict_point_hn1,4,52,12052,-0.664713,0.544083
primary_strict_point_hn1,4,53,12053,-0.613481,0.520554
primary_strict_point_hn1,4,54,12054,-0.451924,0.491169
primary_strict_point_hn1,4,55,12055,-0.452302,0.574298
primary_strict_point_hn1,4,56,12056,-0.380949,0.706665
primary_strict_point_hn1,4,57,12057,-0.470571,0.454331
primary_strict_point_hn1,4,58,12058,-0.395093,0.613344
primary_strict_point_hn1,4,59,12059,-0.42006,0.747347
primary_strict_point_hn1,4,60,12060,-0.927768,0.405674
primary_strict_point_hn1,4,61,12061,-0.800272,0.401943
primary_strict_point_hn1,4,62,12062,-0.92564,0.435433
primary_strict_point_hn1,4,63,12063,-0.723081,0.564954
primary_strict_point_hn1,4,64,12064,-0.960103,0.583141
primary_strict_point_hn1,4,65,12065,-0.935179,0.401037
primary_strict_point_hn1,4,66,12066,-0.858906,0.498486
primary_strict_point_hn1,4,67,12067,-0.773854,0.363085
primary_strict_point_hn1,4,68,12068,-0.493736,0.471529
primary_strict_point_hn1,4,69,12069,-0.646979,0.440899
primary_strict_point_hn1,4,70,12070,-0.878226,0.552002
primary_strict_point_hn1,4,71,12071,-0.697225,0.594605
primary_strict_point_hn1,4,72,12072,-0.551408,0.695967
primary_strict_point_hn1,4,73,12073,-0.494255,0.490658
primary_strict_point_hn1,4,74,12074,-0.425606,0.431254
primary_strict_point_hn1,4,75,12075,-0.421288,0.422205
primary_strict_point_hn1,4,76,12076,-0.32555,0.424272
primary_strict_point_hn1,4,77,12077,-0.359216,0.482372
primary_strict_point_hn1,4,78,12078,-0.30266,0.474096
primary_strict_point_hn1,4,79,12079,-0.344674,0.64139
primary_strict_point_hn1,4,80,12080,-0.197284,0.773542
primary_strict_point_hn1,4,81,12081,-0.338239,0.520556
primary_strict_point_hn1,4,82,12082,-0.440213,0.573697
primary_strict_point_hn1,4,83,12083,-0.339854,0.559652
primary_strict_point_hn1,4,84,12084,-0.505444,0.499971
primary_strict_point_hn1,4,85,12085,-0.679738,0.573231
primary_strict_point_hn1,4,86,12086,-0.479822,0.821122
primary_strict_point_hn1,4,87,12087,-0.596735,0.46642
primary_strict_point_hn1,4,88,12088,-0.584848,0.460099
primary_strict_point_hn1,4,89,12089,-0.657759,0.536825
primary_strict_point_hn1,4,90,12090,-0.678881,0.435442
primary_strict_point_hn1,4,91,12091,-0.787504,0.425842
primary_strict_point_hn1,4,92,12092,-0.678628,0.456927
primary_strict_point_hn1,4,93,12093,-0.607749,0.493473
primary_strict_point_hn1,4,94,12094,-0.680066,0.676671
primary_strict_point_hn1,4,95,12095,-0.723747,0.583226
primary_strict_point_hn1,4,96,12096,-0.697767,0.463344
primary_strict_point_hn1,4,97,12097,-0.435843,0.627641
primary_strict_point_hn1,4,98,12098,-0.411356,0.76661
primary_strict_point_hn1,4,99,12099,-0.505576,0.652158
primary_strict_point_hn1,4,100,12100,-0.731812,0.54139
primary_strict_point_hn1,4,101,12101,-0.851466,0.580456
primary_strict_point_hn1,4,102,12102,-0.841614,0.480777
primary_strict_point_hn1,4,103,12103,-0.871373,0.585909
primary_strict_point_hn1,4,104,12104,-0.846596,0.612874
primary_strict_point_hn1,4,105,12105,-1.01015,0.598721
primary_strict_point_hn1,4,106,12106,-1.08362,0.633585
primary_strict_point_hn1,4,107,12107,-0.638755,0.422598
primary_strict_point_hn1,4,108,12108,-0.573447,0.486931
primary_strict_point_hn1,4,109,12109,-0.681856,0.580344
primary_strict_point_hn1,4,110,12110,-0.219031,0.74329
primary_strict_point_hn1,4,111,12111,-0.261597,0.664419
primary_strict_point_hn1,4,112,12112,-0.172388,0.59763
primary_strict_point_hn1,4,113,12113,-0.240641,0.758036
primary_strict_point_hn1,4,114,12114,-0.220825,0.566243
primary_strict_point_hn1,4,115,12115,-0.477599,0.444076
primary_strict_point_hn1,4,116,12116,-0.581575,0.466633
primary_strict_point_hn1,4,117,12117,-0.402264,0.805581
primary_strict_point_hn1,4,118,12118,-0.290004,0.613616
primary_strict_point_hn1,4,119,12119,-0.323493,0.541593
primary_strict_point_hn1,4,120,12120,-0.393792,0.602737
primary_strict_point_hn1,4,121,12121,-0.526059,0.355914
primary_strict_point_hn1,4,122,12122,-0.724104,0.533129
primary_strict_point_hn1,4,123,12123,-0.853291,0.843584
primary_strict_point_hn1,4,124,12124,-0.803016,0.85902
primary_strict_point_hn1,4,125,12125,-0.64486,0.54382
primary_strict_point_hn1,4,126,12126,-0.761816,0.566051
primary_strict_point_hn1,4,127,12127,-0.865981,0.748314
primary_strict_point_hn1,4,128,12128,-0.756175,0.795599
primary_strict_point_hn1,4,129,12129,-0.485901,1.04525
primary_strict_point_hn1,4,130,12130,-0.549617,0.867178
primary_strict_point_hn1,4,131,12131,-0.782529,1.24486
primary_strict_point_hn1,4,132,12132,-0.829977,1.49798
primary_strict_point_hn1,4,133,12133,-0.756866,0.806276
primary_strict_point_hn1,4,134,12134,-0.677865,0.849655
primary_strict_point_hn1,4,135,12135,-0.607964,0.88308
primary_strict_point_hn1,4,136,12136,-0.656914,0.926877
primary_strict_point_hn1,4,137,12137,-0.306204,0.709869
primary_strict_point_hn1,4,138,12138,-0.372235,0.84113
primary_strict_point_hn1,4,139,12139,-0.387164,0.852452
primary_strict_point_hn1,4,140,12140,-0.84107,0.581041
primary_strict_point_hn1,4,141,12141,-0.514702,0.595075
primary_strict_point_hn1,4,142,12142,-0.517798,0.759581
primary_strict_point_hn1,4,143,12143,-0.886218,0.684558
primary_strict_point_hn1,4,144,12144,-0.849552,0.730471
primary_strict_point_hn1,4,145,12145,-0.686254,0.577005
primary_strict_point_hn1,4,146,12146,-0.793572,0.75092
primary_strict_point_hn1,4,147,12147,-0.722741,0.675443
primary_strict_point_hn1,4,148,12148,-0.85796,0.806755
primary_strict_point_hn1,4,149,12149,-0.865345,0.810185
primary_strict_point_hn1,4,150,12150,-0.900878,0.97335
primary_strict_point_hn1,4,151,12151,-0.780403,0.726015
primary_strict_point_hn1,4,152,12152,-0.908907,0.83561
primary_strict_point_hn1,4,153,12153,-1.0034,0.712264
primary_strict_point_hn1,4,154,12154,-1.07808,0.55039
primary_strict_point_hn1,4,155,12155,-0.891626,0.619341
primary_strict_point_hn1,4,156,12156,-0.772397,0.531634
primary_strict_point_hn1,4,157,12157,-0.656684,0.582748
primary_strict_point_hn1,4,158,12158,-0.756823,0.654056
primary_strict_point_hn1,4,159,12159,-0.708411,0.716005
primary_strict_point_hn1,4,160,12160,-0.63954,0.390175
primary_strict_point_hn1,4,161,12161,-0.6474,0.595587
primary_strict_point_hn1,4,162,12162,-0.550117,0.558864
primary_strict_point_hn1,4,163,12163,-0.681514,0.451146
primary_strict_point_hn1,4,164,12164,-0.689475,0.406304
primary_strict_point_hn1,4,165,12165,-0.44592,0.513871
primary_strict_point_hn1,4,166,12166,-0.543448,0.560239
primary_strict_point_hn1,4,167,12167,-0.547343,0.433
primary_strict_point_hn1,4,168,12168,-0.48706,0.42878
primary_strict_point_hn1,4,169,12169,-0.528593,0.574087
primary_strict_point_hn1,4,170,12170,-0.737777,0.661167
primary_strict_point_hn1,4,171,12171,-0.719334,0.538906
primary_strict_point_hn1,4,172,12172,-0.740099,0.523737
primary_strict_point_hn1,4,173,12173,-0.715983,0.436693
primary_strict_point_hn1,4,174,12174,-0.587982,0.378565
primary_strict_point_hn1,4,175,12175,-0.635306,0.460396
primary_strict_point_hn1,4,176,12176,-0.752799,0.439667
primary_strict_point_hn1,4,177,12177,-0.826387,0.643139
primary_strict_point_hn1,4,178,12178,-0.222019,0.782032
primary_strict_point_hn1,4,179,12179,-0.216778,0.520341
primary_strict_point_hn1,4,180,12180,-0.376376,0.530005
primary_strict_point_hn1,4,181,12181,-0.673134,0.525837
primary_strict_point_hn1,4,182,12182,-0.666951,0.596066
primary_strict_point_hn1,4,183,12183,-0.734767,0.515118
primary_strict_point_hn1,4,184,12184,-0.679103,0.448803
primary_strict_point_hn1,4,185,12185,-0.698582,0.566098
primary_strict_point_hn1,4,186,12186,-0.53526,0.499057
primary_strict_point_hn1,4,187,12187,-0.564955,0.451218
primary_strict_point_hn1,4,188,12188,-0.42025,0.630986
primary_strict_point_hn1,4,189,12189,-0.635612,0.367735
primary_strict_point_hn1,4,190,12190,-0.767175,0.44792
primary_strict_point_hn1,4,191,12191,-0.763731,0.551375
primary_strict_point_hn1,4,192,12192,-0.812094,0.504576
primary_strict_point_hn1,4,193,12193,-0.376749,0.900603
primary_strict_point_hn1,4,194,12194,-0.4265,1.00441
primary_strict_point_hn1,4,195,12195,-0.363734,0.781182
primary_strict_point_hn1,4,196,12196,-0.42973,0.599999
primary_strict_point_hn1,4,197,12197,-0.901402,0.631041
primary_strict_point_hn1,4,198,12198,-0.699318,0.805472
primary_strict_point_hn1,4,199,12199,-0.524544,1.14755
primary_strict_point_hn1,4,200,12200,-0.430097,1.08707
primary_strict_point_hn1,4,201,12201,-0.354585,0.568942
primary_strict_point_hn1,4,202,12202,-0.209332,0.903106
primary_strict_point_hn1,4,203,12203,-0.447129,0.824953
primary_strict_point_hn1,4,204,12204,-0.569047,0.618296
primary_strict_point_hn1,4,205,12205,-0.365124,0.534047
primary_strict_point_hn1,4,206,12206,-0.819755,0.528023
primary_strict_point_hn1,4,207,12207,-0.53479,0.722512
primary_strict_point_hn1,4,208,12208,-0.469803,0.792442
primary_strict_point_hn1,4,209,12209,-0.466396,0.664312
primary_strict_point_hn1,4,210,12210,-0.476425,0.639166
primary_strict_point_hn1,4,211,12211,-0.52434,0.666428
primary_strict_point_hn1,4,212,12212,-0.376705,0.608214
primary_strict_point_hn1,4,213,12213,-0.385917,0.56929
primary_strict_point_hn1,4,214,12214,-0.379045,0.579898
primary_strict_point_hn1,4,215,12215,-0.749209,0.503908
primary_strict_point_hn1,4,216,12216,-0.728123,0.500096
primary_strict_point_hn1,4,217,12217,-0.675349,0.495499
primary_strict_point_hn1,4,218,12218,-0.7899,0.428265
primary_strict_point_hn1,4,219,12219,-0.637207,0.400582
primary_strict_point_hn1,4,220,12220,-0.575895,0.351119
primary_strict_point_hn1,4,221,12221,-0.543429,0.353186
primary_strict_point_hn1,4,222,12222,-0.685487,0.334051
primary_strict_point_hn1,4,223,12223,-0.550632,0.443695
primary_strict_point_hn1,4,224,12224,-0.667064,0.474248
primary_strict_point_hn1,4,225,12225,-0.882276,0.538864
primary_strict_point_hn1,4,226,12226,-0.787216,0.417863
primary_strict_point_hn1,4,227,12227,-0.617911,0.530125
primary_strict_point_hn1,4,228,12228,-0.648107,0.468265
primary_strict_point_hn1,4,229,12229,-0.535426,0.61669
primary_strict_point_hn1,4,230,12230,-0.504428,0.506017
primary_strict_point_hn1,4,231,12231,-0.517435,0.552022
primary_strict_point_hn1,4,232,12232,-0.550584,0.441328
primary_strict_point_hn1,4,233,12233,-0.57615,0.655472
primary_strict_point_hn1,4,234,12234,-0.634087,0.658885
primary_strict_point_hn1,4,235,12235,-0.568091,0.87336
primary_strict_point_hn1,4,236,12236,-0.482971,0.902426
primary_strict_point_hn1,4,237,12237,-0.30023,0.751458
primary_strict_point_hn1,4,238,12238,-0.208285,0.695396
primary_strict_point_hn1,4,239,12239,-0.312996,0.509283
primary_strict_point_hn1,4,240,12240,-0.36666,0.51983
primary_strict_point_hn1,4,241,12241,-0.340505,0.507101
primary_strict_point_hn1,4,242,12242,-0.682392,0.662521
primary_strict_point_hn1,4,243,12243,-0.779284,0.5612
primary_strict_point_hn1,4,244,12244,-0.494117,0.644389
primary_strict_point_hn1,4,245,12245,-0.431908,0.549113
primary_strict_point_hn1,4,246,12246,-0.57019,0.579238
primary_strict_point_hn1,4,247,12247,-0.422748,0.673246
primary_strict_point_hn1,4,248,12248,-0.571363,0.63441
primary_strict_point_hn1,4,249,12249,-0.740104,0.804687
primary_strict_point_hn1,4,250,12250,-0.647903,0.916931
primary_strict_point_hn1,4,251,12251,-0.896057,0.522671
primary_strict_point_hn1,4,252,12252,-1.0444,0.428343
primary_strict_point_hn1,4,253,12253,-0.940731,0.428654
primary_strict_point_hn1,4,254,12254,-1.01036,0.542018
primary_strict_point_hn1,4,255,12255,-0.78659,0.472639
primary_strict_point_hn1,4,256,12256,-0.604208,0.448487
primary_strict_point_hn1,4,257,12257,-0.551394,0.552637
primary_strict_point_hn1,4,258,12258,-0.505833,0.532706
primary_strict_point_hn1,4,259,12259,-0.559371,0.536063
primary_strict_point_hn1,4,260,12260,-0.581457,0.608481
primary_strict_point_hn1,4,261,12261,-0.575572,0.511424
primary_strict_point_hn1,4,262,12262,-0.391637,0.645172
primary_strict_point_hn1,4,263,12263,-0.535549,0.532485
primary_strict_point_hn1,4,264,12264,-0.33724,0.741937
primary_strict_point_hn1,4,265,12265,-0.419906,0.754728
primary_strict_point_hn1,4,266,12266,-0.492594,0.659645
primary_strict_point_hn1,4,267,12267,-0.450331,0.51596
primary_strict_point_hn1,4,268,12268,-0.38238,0.517248
primary_strict_point_hn1,4,269,12269,-0.49037,0.436085
primary_strict_point_hn1,4,270,12270,-0.435425,0.617895
primary_strict_point_hn1,4,271,12271,-0.361354,0.800658
primary_strict_point_hn1,4,272,12272,-0.4427,0.72829
primary_strict_point_hn1,4,273,12273,-0.404498,0.631059
primary_strict_point_hn1,4,274,12274,-0.685011,0.585397
primary_strict_point_hn1,4,275,12275,-0.584573,0.429291
primary_strict_point_hn1,4,276,12276,-0.711282,0.468687
primary_strict_point_hn1,4,277,12277,-0.750379,0.571632
primary_strict_point_hn1,4,278,12278,-0.781697,0.576699
primary_strict_point_hn1,4,279,12279,-0.739938,0.591719
primary_strict_point_hn1,4,280,12280,-0.716578,0.417023
primary_strict_point_hn1,4,281,12281,-0.585987,0.535887
primary_strict_point_hn1,4,282,12282,-0.683736,0.528107
primary_strict_point_hn1,4,283,12283,-0.611534,0.555701
primary_strict_point_hn1,4,284,12284,-0.782119,0.39438
primary_strict_point_hn1,4,285,12285,-0.823319,0.460997
primary_strict_point_hn1,4,286,12286,-0.818776,0.445023
primary_strict_point_hn1,4,287,12287,-0.892357,0.474184
primary_strict_point_hn1,4,288,12288,-0.804262,0.282023
primary_strict_point_hn1,4,289,12289,-0.852568,0.323123
primary_strict_point_hn1,4,290,12290,-0.715796,0.25335800000000003
primary_strict_point_hn1,4,291,12291,-0.828702,0.480518
primary_strict_point_hn1,4,292,12292,-1.01902,0.504552
primary_strict_point_hn1,4,293,12293,-1.00533,0.532648
primary_strict_point_hn1,4,294,12294,-1.04733,0.451923
primary_strict_point_hn1,4,295,12295,-0.865182,0.75223
primary_strict_point_hn1,4,296,12296,-0.779165,0.646083
primary_strict_point_hn1,4,297,12297,-0.766351,0.503032
primary_strict_point_hn1,4,298,12298,-0.841335,0.482301
primary_strict_point_hn1,4,299,12299,-0.779993,0.770423
primary_strict_point_hn1,4,300,12300,-0.62726,0.749429
primary_strict_point_hn1,4,301,12301,-0.783534,0.689949
primary_strict_point_hn1,4,302,12302,-0.940103,0.612273
primary_strict_point_hn1,4,303,12303,-0.782907,0.507162
primary_strict_point_hn1,4,304,12304,-0.743056,0.613612
primary_strict_point_hn1,4,305,12305,-0.678051,0.456694
primary_strict_point_hn1,4,306,12306,-0.77789,0.439947
primary_strict_point_hn1,4,307,12307,-0.840075,0.635296
primary_strict_point_hn1,4,308,12308,-0.880118,0.609621
primary_strict_point_hn1,4,309,12309,-0.860195,0.625337
primary_strict_point_hn1,4,310,12310,-0.772918,0.578277
primary_strict_point_hn1,4,311,12311,-0.753625,0.522351
primary_strict_point_hn1,4,312,12312,-0.587287,0.527366
primary_strict_point_hn1,4,313,12313,-0.843981,0.926152
primary_strict_point_hn1,4,314,12314,-0.733798,0.777003
primary_strict_point_hn1,4,315,12315,-0.823009,0.729854
primary_strict_point_hn1,4,316,12316,-0.819674,0.590276
primary_strict_point_hn1,4,317,12317,-0.865772,0.594099
primary_strict_point_hn1,4,318,12318,-0.715099,0.534844
primary_strict_point_hn1,4,319,12319,-0.595156,0.443192
primary_strict_point_hn1,4,320,12320,-0.671631,0.585629
primary_strict_point_hn1,4,321,12321,-0.618096,0.494038
primary_strict_point_hn1,4,322,12322,-0.480689,0.543068
primary_strict_point_hn1,4,323,12323,-0.63369,0.514657
primary_strict_point_hn1,4,324,12324,-0.475756,0.454133
primary_strict_point_hn1,4,325,12325,-0.680047,0.435396
primary_strict_point_hn1,4,326,12326,-0.372033,0.499023
primary_strict_point_hn1,4,327,12327,-0.611354,0.533513
primary_strict_point_hn1,4,328,12328,-0.538558,0.487909
primary_strict_point_hn1,4,329,12329,-0.447466,0.434567
primary_strict_point_hn1,4,330,12330,-0.55152,0.545356
primary_strict_point_hn1,4,331,12331,-0.812677,0.406455
primary_strict_point_hn1,4,332,12332,-1.05796,0.547137
primary_strict_point_hn1,4,333,12333,-1.07958,0.546243
primary_strict_point_hn1,4,334,12334,-0.579531,0.754347
primary_strict_point_hn1,4,335,12335,-0.622378,1.44522
primary_strict_point_hn1,4,336,12336,-0.716922,1.29858
primary_strict_point_hn1,4,337,12337,-0.683047,0.931744
primary_strict_point_hn1,4,338,12338,-0.870085,0.626978
primary_strict_point_hn1,4,339,12339,-0.956407,0.72732
primary_strict_point_hn1,4,340,12340,-0.941905,0.728069
primary_strict_point_hn1,4,341,12341,-0.965377,0.794417
primary_strict_point_hn1,4,342,12342,-0.921424,0.763034
primary_strict_point_hn1,4,343,12343,-0.877887,0.418045
primary_strict_point_hn1,4,344,12344,-0.740974,0.404316
primary_strict_point_hn1,4,345,12345,-0.646134,0.779252
primary_strict_point_hn1,4,346,12346,-0.659228,0.670461
primary_strict_point_hn1,4,347,12347,-0.752459,0.576094
primary_strict_point_hn1,4,348,12348,-0.373663,0.682829
primary_strict_point_hn1,4,349,12349,-0.557331,0.496298
primary_strict_point_hn1,4,350,12350,-0.23971,0.570285
primary_strict_point_hn1,4,351,12351,-0.632627,0.640499
primary_strict_point_hn1,4,352,12352,-1.06335,0.7141
primary_strict_point_hn1,4,353,12353,-0.871879,0.517139
primary_strict_point_hn1,4,354,12354,-0.657695,0.61074
primary_strict_point_hn1,4,355,12355,-0.813727,0.625077
primary_strict_point_hn1,4,356,12356,-0.694862,0.642272
primary_strict_point_hn1,4,357,12357,-0.481038,0.442779
primary_strict_point_hn1,4,358,12358,-0.233372,0.550601
primary_strict_point_hn1,4,359,12359,-0.339231,0.423148
primary_strict_point_hn1,4,360,12360,-0.535779,0.571079
primary_strict_point_hn1,4,361,12361,-0.552412,0.593784
primary_strict_point_hn1,4,362,12362,-0.731331,0.540914
primary_strict_point_hn1,4,363,12363,-0.561362,0.417473
primary_strict_point_hn1,4,364,12364,-0.58661,0.489303
primary_strict_point_hn1,4,365,12365,-0.881851,0.485794
primary_strict_point_hn1,4,366,12366,-0.592417,0.397924
primary_strict_point_hn1,4,367,12367,-0.575968,0.489394
primary_strict_point_hn1,4,368,12368,-0.28305,0.546218
primary_strict_point_hn1,4,369,12369,-0.185373,0.853727
primary_strict_point_hn1,4,370,12370,-0.172524,0.722487
primary_strict_point_hn1,4,371,12371,-0.198343,0.760284
primary_strict_point_hn1,4,372,12372,-0.41137,0.528589
primary_strict_point_hn1,4,373,12373,-0.481281,0.518102
primary_strict_point_hn1,4,374,12374,-0.367416,0.49349
primary_strict_point_hn1,4,375,12375,-0.390418,0.483453
primary_strict_point_hn1,4,376,12376,-0.430089,0.557495
primary_strict_point_hn1,4,377,12377,-1.10731,0.568089
primary_strict_point_hn1,4,378,12378,-0.854449,0.641664
primary_strict_point_hn1,4,379,12379,-0.772303,0.690993
primary_strict_point_hn1,4,380,12380,-0.802524,0.761524
primary_strict_point_hn1,4,381,12381,-0.817237,0.751683
primary_strict_point_hn1,4,382,12382,-1.03681,0.925479
primary_strict_point_hn1,4,383,12383,-0.57416,0.43889
primary_strict_point_hn1,4,384,12384,-0.658477,0.398227
primary_strict_point_hn1,4,385,12385,-0.631056,0.462233
primary_strict_point_hn1,4,386,12386,-0.708783,0.652909
primary_strict_point_hn1,4,387,12387,-0.599314,0.429695
primary_strict_point_hn1,4,388,12388,-0.569021,0.410512
primary_strict_point_hn1,4,389,12389,-0.438107,0.554869
primary_strict_point_hn1,4,390,12390,-0.455947,0.748992
primary_strict_point_hn1,4,391,12391,-0.352714,0.510649
primary_strict_point_hn1,4,392,12392,-0.968558,0.490202
primary_strict_point_hn1,4,393,12393,-1.26407,0.64876
primary_strict_point_hn1,4,394,12394,-0.931106,0.693821
primary_strict_point_hn1,4,395,12395,-0.997629,0.562829
primary_strict_point_hn1,4,396,12396,-0.814084,0.524637
primary_strict_point_hn1,4,397,12397,-0.470655,0.329155
primary_strict_point_hn1,4,398,12398,-0.626375,0.446537
primary_strict_point_hn1,4,399,12399,-0.367351,0.409209
primary_strict_point_hn1,4,400,12400,-0.558318,0.636751
primary_strict_point_hn1,4,401,12401,-0.834192,0.384093
primary_strict_point_hn1,4,402,12402,-0.688782,0.543803
primary_strict_point_hn1,4,403,12403,-0.758555,0.356768
primary_strict_point_hn1,4,404,12404,-0.670097,0.591872
primary_strict_point_hn1,4,405,12405,-0.756696,0.632497
primary_strict_point_hn1,4,406,12406,-0.827324,0.549334
primary_strict_point_hn1,4,407,12407,-0.651826,0.658527
primary_strict_point_hn1,4,408,12408,-0.657821,0.576773
primary_strict_point_hn1,4,409,12409,-0.597436,0.623349
primary_strict_point_hn1,4,410,12410,-0.862937,0.951254
primary_strict_point_hn1,4,411,12411,-0.290372,1.04732
primary_strict_point_hn1,4,412,12412,-0.367114,0.933434
primary_strict_point_hn1,4,413,12413,-0.424451,0.586603
primary_strict_point_hn1,4,414,12414,-0.893525,0.62849
primary_strict_point_hn1,4,415,12415,-0.519229,0.635365
primary_strict_point_hn1,4,416,12416,-0.491675,0.751983
primary_strict_point_hn1,4,417,12417,-0.78055,0.472088
primary_strict_point_hn1,4,418,12418,-0.771085,0.415105
primary_strict_point_hn1,4,419,12419,-0.584709,0.456624
primary_strict_point_hn1,4,420,12420,-0.567357,0.54339
primary_strict_point_hn1,4,421,12421,-0.524434,0.469073
primary_strict_point_hn1,4,422,12422,-0.6227,0.410897
primary_strict_point_hn1,4,423,12423,-0.619103,0.574783
primary_strict_point_hn1,4,424,12424,-0.857459,0.704527
primary_strict_point_hn1,4,425,12425,-0.796057,0.703392
primary_strict_point_hn1,4,426,12426,-0.984981,1.16531
primary_strict_point_hn1,4,427,12427,-1.04107,1.24308
primary_strict_point_hn1,4,428,12428,-1.04994,1.18051
primary_strict_point_hn1,4,429,12429,-1.24409,1.27386
primary_strict_point_hn1,4,430,12430,-1.13677,0.491469
primary_strict_point_hn1,4,431,12431,-0.542326,0.858525
primary_strict_point_hn1,4,432,12432,-0.462681,0.961779
primary_strict_point_hn1,4,433,12433,-0.662077,0.565859
primary_strict_point_hn1,4,434,12434,-0.736144,0.34508
primary_strict_point_hn1,4,435,12435,-0.674853,0.71453
primary_strict_point_hn1,4,436,12436,-0.816458,0.810063
primary_strict_point_hn1,4,437,12437,-0.573808,0.661327
primary_strict_point_hn1,4,438,12438,-0.753377,0.656282
primary_strict_point_hn1,4,439,12439,-0.788057,0.716697
primary_strict_point_hn1,4,440,12440,-0.671271,0.57406
primary_strict_point_hn1,4,441,12441,-0.726533,0.574033
primary_strict_point_hn1,4,442,12442,-0.879333,0.502119
primary_strict_point_hn1,4,443,12443,-0.94578,0.661812
primary_strict_point_hn1,4,444,12444,-0.725694,0.549545
primary_strict_point_hn1,4,445,12445,-0.447426,0.469381
primary_strict_point_hn1,4,446,12446,-0.539334,0.62304
primary_strict_point_hn1,4,447,12447,-0.605835,0.634946
primary_strict_point_hn1,4,448,12448,-0.485612,0.541915
primary_strict_point_hn1,4,449,12449,-0.57448,0.46131
primary_strict_point_hn1,4,450,12450,-0.483903,0.495562
primary_strict_point_hn1,4,451,12451,-0.573322,0.437497
primary_strict_point_hn1,4,452,12452,-0.703658,0.365385
primary_strict_point_hn1,4,453,12453,-0.784572,0.333499
primary_strict_point_hn1,4,454,12454,-0.514994,0.444083
primary_strict_point_hn1,4,455,12455,-0.600999,0.363821
primary_strict_point_hn1,4,456,12456,-0.53057,0.41028
primary_strict_point_hn1,4,457,12457,-0.57669,0.449704
primary_strict_point_hn1,4,458,12458,-0.955848,0.578731
primary_strict_point_hn1,4,459,12459,-0.723377,0.599126
primary_strict_point_hn1,4,460,12460,-0.831562,0.542075
primary_strict_point_hn1,4,461,12461,-0.775924,0.579117
primary_strict_point_hn1,4,462,12462,-0.642258,0.578434
primary_strict_point_hn1,4,463,12463,-0.710843,0.572018
primary_strict_point_hn1,4,464,12464,-0.826023,0.365882
primary_strict_point_hn1,4,465,12465,-0.618939,0.388468
primary_strict_point_hn1,4,466,12466,-0.454323,0.577187
primary_strict_point_hn1,4,467,12467,-0.339005,0.648944
primary_strict_point_hn1,4,468,12468,-0.399273,0.551126
primary_strict_point_hn1,4,469,12469,-0.554696,0.635097
primary_strict_point_hn1,4,470,12470,-0.627661,0.582589
primary_strict_point_hn1,4,471,12471,-0.425295,0.682234
primary_strict_point_hn1,4,472,12472,-0.466617,0.499526
primary_strict_point_hn1,4,473,12473,-0.495635,0.558949
primary_strict_point_hn1,4,474,12474,-0.804522,0.386038
primary_strict_point_hn1,4,475,12475,-0.683797,0.499103
primary_strict_point_hn1,4,476,12476,-0.812098,0.563397
primary_strict_point_hn1,4,477,12477,-0.78619000000000006,0.544649
primary_strict_point_hn1,4,478,12478,-0.930299,0.978433
primary_strict_point_hn1,4,479,12479,-0.924112,0.990604
primary_strict_point_hn1,4,480,12480,-0.718847,0.73184
primary_strict_point_hn1,4,481,12481,-0.726819,0.445032
primary_strict_point_hn1,4,482,12482,-0.548998,0.633411
primary_strict_point_hn1,4,483,12483,-0.581283,0.577997
primary_strict_point_hn1,4,484,12484,-0.679748,0.464885
primary_strict_point_hn1,4,485,12485,-0.693052,0.512852
primary_strict_point_hn1,4,486,12486,-0.767129,0.479323
primary_strict_point_hn1,4,487,12487,-0.865205,0.422586
primary_strict_point_hn1,4,488,12488,-1.03919,0.66585
primary_strict_point_hn1,4,489,12489,-0.884052,0.510365
primary_strict_point_hn1,4,490,12490,-0.41535,0.464638
primary_strict_point_hn1,4,491,12491,-0.419476,0.512302
primary_strict_point_hn1,4,492,12492,-0.441208,0.496413
primary_strict_point_hn1,4,493,12493,-0.645866,0.678503
primary_strict_point_hn1,4,494,12494,-0.568994,0.861782
primary_strict_point_hn1,4,495,12495,-0.538294,0.939474
primary_strict_point_hn1,4,496,12496,-0.653287,0.814184
primary_strict_point_hn1,4,497,12497,-0.649746,0.582354
primary_strict_point_hn1,4,498,12498,-0.718785,0.567609
primary_strict_point_hn1,4,499,12499,-0.733734,0.614787
primary_strict_point_hn1,4,500,12500,-0.846179,0.65238
primary_strict_point_hn1,4,501,12501,-0.804788,0.626132
primary_strict_point_hn1,4,502,12502,-0.706628,0.60679
primary_strict_point_hn1,4,503,12503,-0.816187,0.694886
primary_strict_point_hn1,4,504,12504,-1.02493,1.05913
primary_strict_point_hn1,4,505,12505,-0.552641,0.529947
primary_strict_point_hn1,4,506,12506,-0.708866,0.461844
primary_strict_point_hn1,4,507,12507,-1.11857,0.624841
primary_strict_point_hn1,4,508,12508,-0.689113,0.443299
primary_strict_point_hn1,4,509,12509,-0.627888,0.460082
primary_strict_point_hn1,4,510,12510,-0.790168,1.09722
primary_strict_point_hn1,4,511,12511,-0.777927,0.905597
primary_strict_point_hn1,4,512,12512,-0.598812,1.20021
primary_strict_point_hn1,4,513,12513,-0.483786,0.989039
primary_strict_point_hn1,4,514,12514,-0.506307,1.01244
primary_strict_point_hn1,4,515,12515,-0.576582,0.732357
primary_strict_point_hn1,4,516,12516,-0.568478,0.957771
primary_strict_point_hn1,4,517,12517,-0.198886,1.00339
primary_strict_point_hn1,4,518,12518,-0.123886,1.10512
primary_strict_point_hn1,4,519,12519,-0.14083,1.02087
primary_strict_point_hn1,4,520,12520,-0.252687,0.933696
primary_strict_point_hn1,4,521,12521,-0.402156,0.90483
primary_strict_point_hn1,4,522,12522,-0.54502,0.672844
primary_strict_point_hn1,4,523,12523,-0.618626,0.59092
primary_strict_point_hn1,4,524,12524,-0.579058,0.838821
primary_strict_point_hn1,4,525,12525,-0.619159,0.639146
primary_strict_point_hn1,4,526,12526,-0.623569,0.497296
primary_strict_point_hn1,4,527,12527,-0.666246,0.499003
primary_strict_point_hn1,4,528,12528,-0.568533,0.783575
primary_strict_point_hn1,4,529,12529,-0.693714,0.4222
primary_strict_point_hn1,4,530,12530,-0.641226,0.561139
primary_strict_point_hn1,4,531,12531,-0.581549,0.406089
primary_strict_point_hn1,4,532,12532,-0.668189,0.400519
primary_strict_point_hn1,4,533,12533,-0.666176,0.409519
primary_strict_point_hn1,4,534,12534,-0.640794,0.56851
primary_strict_point_hn1,4,535,12535,-0.587332,0.560683
primary_strict_point_hn1,4,536,12536,-0.658783,0.588253
primary_strict_point_hn1,4,537,12537,-0.671387,0.473999
primary_strict_point_hn1,4,538,12538,-0.734661,0.412371
primary_strict_point_hn1,4,539,12539,-0.744901,0.577191
primary_strict_point_hn1,4,540,12540,-0.815462,0.603281
primary_strict_point_hn1,4,541,12541,-1.04475,0.84033
primary_strict_point_hn1,4,542,12542,-1.0194,0.759334
primary_strict_point_hn1,4,543,12543,-0.932177,0.578335
primary_strict_point_hn1,4,544,12544,-1.18354,0.844811
primary_strict_point_hn1,4,545,12545,-1.1517,0.488217
primary_strict_point_hn1,4,546,12546,-1.0741,0.569059
primary_strict_point_hn1,4,547,12547,-0.984713,0.358664
primary_strict_point_hn1,4,548,12548,-0.630157,0.568794
primary_strict_point_hn1,4,549,12549,-0.735946,0.48247
primary_strict_point_hn1,4,550,12550,-0.585031,0.525065
primary_strict_point_hn1,4,551,12551,-0.441097,0.555044
primary_strict_point_hn1,4,552,12552,-0.969851,0.554301
primary_strict_point_hn1,4,553,12553,-1.04437,0.616734
primary_strict_point_hn1,4,554,12554,-0.791837,0.520906
primary_strict_point_hn1,4,555,12555,-0.867816,0.407825
primary_strict_point_hn1,4,556,12556,-0.858442,0.326384
primary_strict_point_hn1,4,557,12557,-0.724956,0.511971
primary_strict_point_hn1,4,558,12558,-0.900299,0.454318
primary_strict_point_hn1,4,559,12559,-0.82506,0.438986
primary_strict_point_hn1,4,560,12560,-0.173716,1.12201
primary_strict_point_hn1,4,561,12561,-0.543361,0.358892
primary_strict_point_hn1,4,562,12562,-0.676902,0.41986
primary_strict_point_hn1,4,563,12563,-0.66875,0.282783
primary_strict_point_hn1,4,564,12564,-0.644567,0.663348
primary_strict_point_hn1,4,565,12565,-0.652685,0.411756
primary_strict_point_hn1,4,566,12566,-0.767073,0.336683
primary_strict_point_hn1,4,567,12567,-0.603337,0.613289
primary_strict_point_hn1,4,568,12568,-0.622886,0.521059
primary_strict_point_hn1,4,569,12569,-0.627623,0.611596
primary_strict_point_hn1,4,570,12570,-0.269657,0.778712
primary_strict_point_hn1,4,571,12571,-0.415748,0.847756
primary_strict_point_hn1,4,572,12572,-0.144537,0.633691
primary_strict_point_hn1,4,573,12573,-0.620386,0.581459
primary_strict_point_hn1,4,574,12574,-0.267585,0.87894
primary_strict_point_hn1,4,575,12575,-0.326031,0.937164
primary_strict_point_hn1,4,576,12576,-0.384111,0.798944
primary_strict_point_hn1,4,577,12577,-0.37052,0.81279
primary_strict_point_hn1,4,578,12578,-0.459593,0.677104
primary_strict_point_hn1,4,579,12579,-0.51984,0.700178
primary_strict_point_hn1,4,580,12580,-0.808582,0.472619
primary_strict_point_hn1,4,581,12581,-0.813062,0.662151
primary_strict_point_hn1,4,582,12582,-0.820759,0.639117
primary_strict_point_hn1,4,583,12583,-0.827982,0.743946
primary_strict_point_hn1,4,584,12584,-0.827238,0.579156
primary_strict_point_hn1,4,585,12585,-0.842394,0.520326
primary_strict_point_hn1,4,586,12586,-0.802359,0.605884
primary_strict_point_hn1,4,587,12587,-0.611645,0.5264
primary_strict_point_hn1,4,588,12588,-0.553062,0.560675
primary_strict_point_hn1,4,589,12589,-0.460895,0.614692
primary_strict_point_hn1,4,590,12590,-0.6837,0.562558
primary_strict_point_hn1,4,591,12591,-0.384114,0.441719
primary_strict_point_hn1,4,592,12592,-0.450962,0.395583
primary_strict_point_hn1,4,593,12593,-0.354228,0.430967
primary_strict_point_hn1,4,594,12594,-0.657126,0.411607
primary_strict_point_hn1,4,595,12595,-0.655595,0.494505
primary_strict_point_hn1,4,596,12596,-0.499957,0.67755
primary_strict_point_hn1,4,597,12597,-0.581384,0.528871
primary_strict_point_hn1,4,598,12598,-0.546636,0.673702
primary_strict_point_hn1,4,599,12599,-0.555317,0.477552
primary_strict_point_hn1,4,600,12600,-0.438676,0.649557
primary_strict_point_hn1,4,601,12601,-0.574713,0.666205
primary_strict_point_hn1,4,602,12602,-0.454435,0.797815
primary_strict_point_hn1,4,603,12603,-0.419684,0.698832
primary_strict_point_hn1,4,604,12604,-0.408003,0.847829
primary_strict_point_hn1,4,605,12605,-0.39725,0.766008
primary_strict_point_hn1,4,606,12606,-0.4334,0.613844
primary_strict_point_hn1,4,607,12607,-0.667039,0.709169
primary_strict_point_hn1,4,608,12608,-0.534225,0.825122
primary_strict_point_hn1,4,609,12609,-0.75048,0.548488
primary_strict_point_hn1,4,610,12610,-0.834965,0.450691
primary_strict_point_hn1,4,611,12611,-0.763038,0.430087
primary_strict_point_hn1,4,612,12612,-0.786746,0.616336
primary_strict_point_hn1,4,613,12613,-0.819716,0.446241
primary_strict_point_hn1,4,614,12614,-0.0691922,1.23309
primary_strict_point_hn1,4,615,12615,-0.0137457,1.16346
primary_strict_point_hn1,4,616,12616,0.0114534,1.02487
primary_strict_point_hn1,4,617,12617,-0.0837868,0.876077
primary_strict_point_hn1,4,618,12618,-0.322203,0.750183
primary_strict_point_hn1,4,619,12619,-0.355261,0.675874
primary_strict_point_hn1,4,620,12620,-0.553622,0.682693
primary_strict_point_hn1,4,621,12621,-0.793689,0.506048
primary_strict_point_hn1,4,622,12622,-0.399004,0.806693
primary_strict_point_hn1,4,623,12623,-0.673218,0.677212
primary_strict_point_hn1,4,624,12624,-0.540032,0.619718
primary_strict_point_hn1,4,625,12625,-0.578994,0.731362
primary_strict_point_hn1,4,626,12626,-0.516861,0.673337
primary_strict_point_hn1,4,627,12627,-0.543522,0.621194
primary_strict_point_hn1,4,628,12628,-0.735961,0.519062
primary_strict_point_hn1,4,629,12629,-0.609409,0.592865
primary_strict_point_hn1,4,630,12630,-0.598252,0.722786
primary_strict_point_hn1,4,631,12631,-0.883907,0.837514
primary_strict_point_hn1,4,632,12632,-0.447832,0.813242
primary_strict_point_hn1,4,633,12633,-0.549678,0.982296
primary_strict_point_hn1,4,634,12634,-0.665017,0.359436
primary_strict_point_hn1,4,635,12635,-0.719404,0.387988
primary_strict_point_hn1,4,636,12636,-0.664178,0.470984
primary_strict_point_hn1,4,637,12637,-0.512181,0.374714
primary_strict_point_hn1,4,638,12638,-0.624975,0.39165
primary_strict_point_hn1,4,639,12639,-0.656723,0.579312
primary_strict_point_hn1,4,640,12640,-0.684129,0.642264
primary_strict_point_hn1,4,641,12641,-0.834966,0.739187
primary_strict_point_hn1,4,642,12642,-0.783123,0.553354
primary_strict_point_hn1,4,643,12643,-0.694258,0.621336
primary_strict_point_hn1,4,644,12644,-0.897331,0.998029
primary_strict_point_hn1,4,645,12645,-0.334827,0.88434
primary_strict_point_hn1,4,646,12646,-0.359623,0.6891
primary_strict_point_hn1,4,647,12647,-0.670799,0.780993
primary_strict_point_hn1,4,648,12648,-0.525424,0.962888
primary_strict_point_hn1,4,649,12649,-0.607762,0.735182
primary_strict_point_hn1,4,650,12650,-0.584412,0.595703
primary_strict_point_hn1,4,651,12651,-0.431329,0.751801
primary_strict_point_hn1,4,652,12652,-0.401302,0.785674
primary_strict_point_hn1,4,653,12653,-0.440793,0.824931
primary_strict_point_hn1,4,654,12654,-0.332099,0.802473
primary_strict_point_hn1,4,655,12655,-0.417351,0.814514
primary_strict_point_hn1,4,656,12656,-1.01695,0.512416
primary_strict_point_hn1,4,657,12657,-0.787207,0.491573
primary_strict_point_hn1,4,658,12658,-0.243444,0.681307
primary_strict_point_hn1,4,659,12659,-0.290245,0.570649
primary_strict_point_hn1,4,660,12660,-0.645926,0.500367
primary_strict_point_hn1,4,661,12661,-0.652234,0.568045
primary_strict_point_hn1,4,662,12662,-0.489147,0.698413
primary_strict_point_hn1,4,663,12663,-0.533263,0.560217
primary_strict_point_hn1,4,664,12664,-0.561477,0.603457
primary_strict_point_hn1,4,665,12665,-0.564359,0.628499
primary_strict_point_hn1,4,666,12666,-0.66313,0.573541
primary_strict_point_hn1,4,667,12667,-0.669175,0.532649
primary_strict_point_hn1,4,668,12668,-0.711954,0.340012
primary_strict_point_hn1,4,669,12669,-0.657862,0.351674
primary_strict_point_hn1,4,670,12670,-0.490622,0.345703
primary_strict_point_hn1,4,671,12671,-0.513697,0.480158
primary_strict_point_hn1,4,672,12672,-0.168028,0.625953
primary_strict_point_hn1,4,673,12673,-0.102253,0.938672
primary_strict_point_hn1,4,674,12674,-0.382827,0.576123
primary_strict_point_hn1,4,675,12675,-0.719333,0.507816
primary_strict_point_hn1,4,676,12676,-0.723478,0.588431
primary_strict_point_hn1,4,677,12677,-0.703172,0.512658
primary_strict_point_hn1,4,678,12678,-0.514433,0.570077
primary_strict_point_hn1,4,679,12679,-0.377378,0.609558
primary_strict_point_hn1,4,680,12680,-0.38352,0.621915
primary_strict_point_hn1,4,681,12681,-0.935624,0.932909
primary_strict_point_hn1,4,682,12682,-0.798773,0.852531
primary_strict_point_hn1,4,683,12683,-0.745312,0.450816
primary_strict_point_hn1,4,684,12684,-0.698504,0.570596
primary_strict_point_hn1,4,685,12685,-0.449649,0.496569
primary_strict_point_hn1,4,686,12686,-0.494587,0.490939
primary_strict_point_hn1,4,687,12687,-0.371342,0.654211
primary_strict_point_hn1,4,688,12688,-0.53692,0.701523
primary_strict_point_hn1,4,689,12689,-0.49483,0.620564
primary_strict_point_hn1,4,690,12690,-0.683923,0.361809
primary_strict_point_hn1,4,691,12691,-0.60592,0.642959
primary_strict_point_hn1,4,692,12692,-0.592369,0.614166
primary_strict_point_hn1,4,693,12693,-0.610772,0.59668
primary_strict_point_hn1,4,694,12694,-0.597501,0.703026
primary_strict_point_hn1,4,695,12695,-0.515568,0.959879
primary_strict_point_hn1,4,696,12696,-0.724565,0.910946
primary_strict_point_hn1,4,697,12697,-0.668825,0.66824
primary_strict_point_hn1,4,698,12698,-0.755582,0.719685
primary_strict_point_hn1,4,699,12699,-0.779517,0.560786
primary_strict_point_hn1,4,700,12700,-0.744199,0.495629
primary_strict_point_hn1,4,701,12701,-0.810339,0.644613
primary_strict_point_hn1,4,702,12702,-0.816748,0.602588
primary_strict_point_hn1,4,703,12703,-0.745898,0.377385
primary_strict_point_hn1,4,704,12704,-0.628442,0.441812
primary_strict_point_hn1,4,705,12705,-0.408843,0.498152
primary_strict_point_hn1,4,706,12706,-0.664287,0.792962
primary_strict_point_hn1,4,707,12707,-0.760634,0.737553
primary_strict_point_hn1,4,708,12708,-0.834444,0.696528
primary_strict_point_hn1,4,709,12709,-0.900201,0.746522
primary_strict_point_hn1,4,710,12710,-0.451892,0.810481
primary_strict_point_hn1,4,711,12711,-0.606612,0.466051
primary_strict_point_hn1,4,712,12712,-0.565925,0.717373
primary_strict_point_hn1,4,713,12713,-0.732114,0.761397
primary_strict_point_hn1,4,714,12714,-1.05447,0.689615
primary_strict_point_hn1,4,715,12715,-0.892414,0.625801
primary_strict_point_hn1,4,716,12716,-0.703799,0.614121
primary_strict_point_hn1,4,717,12717,-0.751398,0.497354
primary_strict_point_hn1,4,718,12718,-0.954198,0.766893
primary_strict_point_hn1,4,719,12719,-0.900844,0.708711
primary_strict_point_hn1,4,720,12720,-1.03548,0.803875
primary_strict_point_hn1,4,721,12721,-0.667717,0.469266
primary_strict_point_hn1,4,722,12722,-0.612507,0.477389
primary_strict_point_hn1,4,723,12723,-0.680212,0.419573
primary_strict_point_hn1,4,724,12724,-0.689771,0.338568
primary_strict_point_hn1,4,725,12725,-0.702401,0.478401
primary_strict_point_hn1,4,726,12726,-0.742719,0.430879
primary_strict_point_hn1,4,727,12727,-0.705573,0.487209
primary_strict_point_hn1,4,728,12728,-0.652269,0.520325
primary_strict_point_hn1,4,729,12729,-0.642399,0.54577
primary_strict_point_hn1,4,730,12730,-0.747197,0.613284
primary_strict_point_hn1,4,731,12731,-0.540426,0.630141
primary_strict_point_hn1,4,732,12732,-0.527691,0.653875
primary_strict_point_hn1,4,733,12733,-0.55113,0.751666
primary_strict_point_hn1,4,734,12734,-0.471742,0.67619
primary_strict_point_hn1,4,735,12735,-0.493528,0.669604
primary_strict_point_hn1,4,736,12736,-0.466917,0.650635
primary_strict_point_hn1,4,737,12737,-0.398899,0.553918
primary_strict_point_hn1,4,738,12738,-0.384677,0.670361
primary_strict_point_hn1,4,739,12739,-1.0987,0.671864
primary_strict_point_hn1,4,740,12740,-1.18031,0.678627
primary_strict_point_hn1,4,741,12741,-1.10309,0.699345
primary_strict_point_hn1,4,742,12742,-1.13646,0.745721
primary_strict_point_hn1,4,743,12743,-0.965089,0.687523
primary_strict_point_hn1,4,744,12744,-1.04108,0.662098
primary_strict_point_hn1,4,745,12745,-0.738837,0.485207
primary_strict_point_hn1,4,746,12746,-0.553689,0.771358
primary_strict_point_hn1,4,747,12747,-0.793081,0.801234
primary_strict_point_hn1,4,748,12748,-0.889513,0.957778
primary_strict_point_hn1,4,749,12749,-0.823243,0.821172
primary_strict_point_hn1,4,750,12750,-0.866104,0.8905
primary_strict_point_hn1,4,751,12751,-0.729566,0.569236
primary_strict_point_hn1,4,752,12752,-0.516754,0.536476
primary_strict_point_hn1,4,753,12753,-0.461749,0.572343
primary_strict_point_hn1,4,754,12754,-0.616931,0.698294
primary_strict_point_hn1,4,755,12755,-0.626908,0.487107
primary_strict_point_hn1,4,756,12756,-0.685741,0.42284
primary_strict_point_hn1,4,757,12757,-0.744026,0.737478
primary_strict_point_hn1,4,758,12758,-0.831258,0.726416
primary_strict_point_hn1,4,759,12759,-0.83048,0.649743
primary_strict_point_hn1,4,760,12760,-0.962014,0.670295
primary_strict_point_hn1,4,761,12761,-0.809086,0.500358
primary_strict_point_hn1,4,762,12762,-0.773127,0.561488
primary_strict_point_hn1,4,763,12763,-0.777058,0.660158
primary_strict_point_hn1,4,764,12764,-0.687652,0.647462
primary_strict_point_hn1,4,765,12765,-0.498531,0.912436
primary_strict_point_hn1,4,766,12766,-0.4283,0.645185
primary_strict_point_hn1,4,767,12767,-0.428605,0.701519
primary_strict_point_hn1,4,768,12768,-0.650084,0.479415
primary_strict_point_hn1,4,769,12769,-0.618381,0.493663
primary_strict_point_hn1,4,770,12770,-0.693275,0.596287
primary_strict_point_hn1,4,771,12771,-0.686557,0.659886
primary_strict_point_hn1,4,772,12772,-0.679567,0.467335
primary_strict_point_hn1,4,773,12773,-0.730883,0.448073
primary_strict_point_hn1,4,774,12774,-0.762426,0.533824
primary_strict_point_hn1,4,775,12775,-1.04816,0.818575
primary_strict_point_hn1,4,776,12776,-0.488903,0.456703
primary_strict_point_hn1,4,777,12777,-0.432275,0.5143
primary_strict_point_hn1,4,778,12778,-0.288201,0.470253
primary_strict_point_hn1,4,779,12779,-0.289939,0.539375
primary_strict_point_hn1,4,780,12780,-0.238324,0.484173
primary_strict_point_hn1,4,781,12781,-0.318226,0.451651
primary_strict_point_hn1,4,782,12782,-0.0794642,0.693817
primary_strict_point_hn1,4,783,12783,-0.193961,0.552655
primary_strict_point_hn1,4,784,12784,-0.336971,0.651422
primary_strict_point_hn1,4,785,12785,-0.339145,0.716898
primary_strict_point_hn1,4,786,12786,-0.330124,0.535977
primary_strict_point_hn1,4,787,12787,-0.561149,0.788532
primary_strict_point_hn1,4,788,12788,-0.55734,0.501175
primary_strict_point_hn1,4,789,12789,-0.66008,0.615741
primary_strict_point_hn1,4,790,12790,-0.890196,0.889231
primary_strict_point_hn1,4,791,12791,-0.955584,0.705958
primary_strict_point_hn1,4,792,12792,-0.692845,0.553781
primary_strict_point_hn1,4,793,12793,-0.679742,0.578785
primary_strict_point_hn1,4,794,12794,-0.647441,0.563231
primary_strict_point_hn1,4,795,12795,-0.654425,0.517947
primary_strict_point_hn1,4,796,12796,-0.528878,0.57506
primary_strict_point_hn1,4,797,12797,-0.585555,0.48242
primary_strict_point_hn1,4,798,12798,-0.679013,0.617447
primary_strict_point_hn1,4,799,12799,-0.757049,0.755813
primary_strict_point_hn1,4,800,12800,-0.632367,0.789237
primary_strict_point_hn1,4,801,12801,-0.512931,0.663512
primary_strict_point_hn1,4,802,12802,-0.559773,0.850652
primary_strict_point_hn1,4,803,12803,-0.641137,0.647416
primary_strict_point_hn1,4,804,12804,-0.782668,0.469502
primary_strict_point_hn1,4,805,12805,-0.767236,0.452169
primary_strict_point_hn1,4,806,12806,-0.854888,0.424354
primary_strict_point_hn1,4,807,12807,-0.816732,0.465851
primary_strict_point_hn1,4,808,12808,-0.566907,0.562932
primary_strict_point_hn1,4,809,12809,-0.634432,0.630393
primary_strict_point_hn1,4,810,12810,-0.626843,0.559757
primary_strict_point_hn1,4,811,12811,-0.588419,0.560123
primary_strict_point_hn1,4,812,12812,-0.52785,0.437436
primary_strict_point_hn1,4,813,12813,-0.808344,0.387773
primary_strict_point_hn1,4,814,12814,-0.729972,0.366697
primary_strict_point_hn1,4,815,12815,-0.668534,0.350978
primary_strict_point_hn1,4,816,12816,-0.647392,0.416713
primary_strict_point_hn1,4,817,12817,-0.782595,0.290132
primary_strict_point_hn1,4,818,12818,-0.865293,0.434332
primary_strict_point_hn1,4,819,12819,-0.702965,0.447578
primary_strict_point_hn1,4,820,12820,-0.707331,0.592825
primary_strict_point_hn1,4,821,12821,-0.71001,0.600585
primary_strict_point_hn1,4,822,12822,-0.527627,0.506906
primary_strict_point_hn1,4,823,12823,-0.609282,0.425563
primary_strict_point_hn1,4,824,12824,-0.692846,0.536199
primary_strict_point_hn1,4,825,12825,-0.636758,0.547803
primary_strict_point_hn1,4,826,12826,-0.831668,0.455575
primary_strict_point_hn1,4,827,12827,-0.885873,0.54592
primary_strict_point_hn1,4,828,12828,-0.791749,0.519052
primary_strict_point_hn1,4,829,12829,-0.807598,0.493102
primary_strict_point_hn1,4,830,12830,-0.582818,0.660806
primary_strict_point_hn1,4,831,12831,-0.730414,0.496976
primary_strict_point_hn1,4,832,12832,-0.828721,0.553382
primary_strict_point_hn1,4,833,12833,-0.805571,0.569668
primary_strict_point_hn1,4,834,12834,-0.663187,0.602677
primary_strict_point_hn1,4,835,12835,-0.757799,0.628892
primary_strict_point_hn1,4,836,12836,-0.793126,0.377208
primary_strict_point_hn1,4,837,12837,-0.973831,0.434086
primary_strict_point_hn1,4,838,12838,-0.896331,0.44487
primary_strict_point_hn1,4,839,12839,-0.795372,0.365815
primary_strict_point_hn1,4,840,12840,-0.627765,0.480298
primary_strict_point_hn1,4,841,12841,-0.722818,0.368018
primary_strict_point_hn1,4,842,12842,-0.599703,0.69888
primary_strict_point_hn1,4,843,12843,-0.627024,0.49541
primary_strict_point_hn1,4,844,12844,-0.793872,0.589816
primary_strict_point_hn1,4,845,12845,-0.8628,0.912483
primary_strict_point_hn1,4,846,12846,-0.739744,0.794388
primary_strict_point_hn1,4,847,12847,-0.773809,0.674117
primary_strict_point_hn1,4,848,12848,-0.69044,0.670715
primary_strict_point_hn1,4,849,12849,-0.674412,0.560357
primary_strict_point_hn1,4,850,12850,-0.765412,0.439645
primary_strict_point_hn1,4,851,12851,-0.680051,0.561601
primary_strict_point_hn1,4,852,12852,-0.698414,0.394681
primary_strict_point_hn1,4,853,12853,-0.798302,0.593939
primary_strict_point_hn1,4,854,12854,-0.702139,0.504962
primary_strict_point_hn1,4,855,12855,-0.579984,0.712085
primary_strict_point_hn1,4,856,12856,-0.609589,0.528159
primary_strict_point_hn1,4,857,12857,-0.443357,0.494467
primary_strict_point_hn1,4,858,12858,-0.485378,0.587527
primary_strict_point_hn1,4,859,12859,-0.666039,0.588163
primary_strict_point_hn1,4,860,12860,-0.66993,0.537946
primary_strict_point_hn1,4,861,12861,-0.615465,0.531674
primary_strict_point_hn1,4,862,12862,-0.719666,0.869076
primary_strict_point_hn1,4,863,12863,-0.769051,0.618803
primary_strict_point_hn1,4,864,12864,-0.564583,0.556348
primary_strict_point_hn1,4,865,12865,-0.803233,0.561822
primary_strict_point_hn1,4,866,12866,-0.608454,0.504108
primary_strict_point_hn1,4,867,12867,-0.732085,0.517919
primary_strict_point_hn1,4,868,12868,-0.812552,0.716238
primary_strict_point_hn1,4,869,12869,-0.7687,0.686218
primary_strict_point_hn1,4,870,12870,-0.644377,0.765364
primary_strict_point_hn1,4,871,12871,-0.790297,0.663727
primary_strict_point_hn1,4,872,12872,-0.83953,0.526472
primary_strict_point_hn1,4,873,12873,-0.687414,0.487723
primary_strict_point_hn1,4,874,12874,-0.881956,0.450136
primary_strict_point_hn1,4,875,12875,-0.91219,0.878418
primary_strict_point_hn1,4,876,12876,-0.840927,0.443268
primary_strict_point_hn1,4,877,12877,-0.518054,0.536708
primary_strict_point_hn1,4,878,12878,-0.80375,0.551762
primary_strict_point_hn1,4,879,12879,-0.742926,0.727038
primary_strict_point_hn1,4,880,12880,-0.712126,0.296586
primary_strict_point_hn1,4,881,12881,-0.632711,0.427869
primary_strict_point_hn1,4,882,12882,-0.509309,0.575199
primary_strict_point_hn1,4,883,12883,-0.579558,0.489393
primary_strict_point_hn1,4,884,12884,-0.677615,0.418699
primary_strict_point_hn1,4,885,12885,-0.705289,0.595234
primary_strict_point_hn1,4,886,12886,-0.756967,0.590923
primary_strict_point_hn1,4,887,12887,-0.541988,0.591806
primary_strict_point_hn1,4,888,12888,-0.524614,0.631305
primary_strict_point_hn1,4,889,12889,-0.642203,0.56701
primary_strict_point_hn1,4,890,12890,-0.738116,0.854068
primary_strict_point_hn1,4,891,12891,-0.857089,0.867561
primary_strict_point_hn1,4,892,12892,-0.715017,0.671591
primary_strict_point_hn1,4,893,12893,-0.782234,0.582943
primary_strict_point_hn1,4,894,12894,-0.704626,0.662443
primary_strict_point_hn1,4,895,12895,-0.808709,0.793253
primary_strict_point_hn1,4,896,12896,-0.58938,0.586297
primary_strict_point_hn1,4,897,12897,-0.634457,0.740181
primary_strict_point_hn1,4,898,12898,-0.630557,0.596288
primary_strict_point_hn1,4,899,12899,-0.634913,0.569893
primary_strict_point_hn1,4,900,12900,-0.689724,0.529779
primary_strict_point_hn1,4,901,12901,-0.546869,0.381472
primary_strict_point_hn1,4,902,12902,-0.840964,0.333929
primary_strict_point_hn1,4,903,12903,-0.851575,0.297192
primary_strict_point_hn1,4,904,12904,-0.879037,0.497098
primary_strict_point_hn1,4,905,12905,-0.832651,0.486634
primary_strict_point_hn1,4,906,12906,-0.889672,0.503217
primary_strict_point_hn1,4,907,12907,-1.59995,1.82417
primary_strict_point_hn1,4,908,12908,-0.904346,0.7329
primary_strict_point_hn1,4,909,12909,-0.759148,0.85477
primary_strict_point_hn1,4,910,12910,-0.768514,0.84854
primary_strict_point_hn1,4,911,12911,-0.66866,0.63141
primary_strict_point_hn1,4,912,12912,-0.679819,0.450211
primary_strict_point_hn1,4,913,12913,-0.733402,0.740707
primary_strict_point_hn1,4,914,12914,-0.51411,0.545789
primary_strict_point_hn1,4,915,12915,-0.690599,0.399886
primary_strict_point_hn1,4,916,12916,-0.723704,0.577597
primary_strict_point_hn1,4,917,12917,-0.701737,0.491691
primary_strict_point_hn1,4,918,12918,-1.24745,1.01674
primary_strict_point_hn1,4,919,12919,-0.427832,0.541689
primary_strict_point_hn1,4,920,12920,-0.65526,0.53863
primary_strict_point_hn1,4,921,12921,-0.731978,0.725937
primary_strict_point_hn1,4,922,12922,-0.469426,0.600079
primary_strict_point_hn1,4,923,12923,-0.604479,0.525408
primary_strict_point_hn1,4,924,12924,-0.685349,0.465706
primary_strict_point_hn1,4,925,12925,-0.648075,0.478049
primary_strict_point_hn1,4,926,12926,-0.158917,0.783849
primary_strict_point_hn1,4,927,12927,-0.1146,0.944766
primary_strict_point_hn1,4,928,12928,-0.26115,1.06702
primary_strict_point_hn1,4,929,12929,-0.880607,0.678987
primary_strict_point_hn1,4,930,12930,-0.846672,0.845995
primary_strict_point_hn1,4,931,12931,-0.882717,0.859665
primary_strict_point_hn1,4,932,12932,-0.769233,0.659451
primary_strict_point_hn1,4,933,12933,-0.492588,0.822562
primary_strict_point_hn1,4,934,12934,-0.456644,0.900777
primary_strict_point_hn1,4,935,12935,-0.355627,1.11305
primary_strict_point_hn1,4,936,12936,-0.316165,0.403901
primary_strict_point_hn1,4,937,12937,-0.515504,0.416207
primary_strict_point_hn1,4,938,12938,-0.617882,0.408127
primary_strict_point_hn1,4,939,12939,-0.596548,0.43291
primary_strict_point_hn1,4,940,12940,-0.604636,0.429964
primary_strict_point_hn1,4,941,12941,-0.584946,0.43416
primary_strict_point_hn1,4,942,12942,-0.504463,0.467458
primary_strict_point_hn1,4,943,12943,-0.578377,0.370241
primary_strict_point_hn1,4,944,12944,-0.675349,0.423652
primary_strict_point_hn1,4,945,12945,-0.641299,0.494782
primary_strict_point_hn1,4,946,12946,-0.604688,0.498965
primary_strict_point_hn1,4,947,12947,-0.523109,0.728787
primary_strict_point_hn1,4,948,12948,-0.555641,0.636981
primary_strict_point_hn1,4,949,12949,-0.461164,0.549739
primary_strict_point_hn1,4,950,12950,-0.451276,0.624999
primary_strict_point_hn1,4,951,12951,-0.457721,0.585979
primary_strict_point_hn1,4,952,12952,-0.692295,0.639611
primary_strict_point_hn1,4,953,12953,-0.747991,0.766403
primary_strict_point_hn1,4,954,12954,-0.518645,0.468623
primary_strict_point_hn1,4,955,12955,-0.440821,0.493207
primary_strict_point_hn1,4,956,12956,-0.699977,0.418278
primary_strict_point_hn1,4,957,12957,-0.495303,0.413528
primary_strict_point_hn1,4,958,12958,-0.500233,0.498315
primary_strict_point_hn1,4,959,12959,-0.230999,0.777008
primary_strict_point_hn1,4,960,12960,-0.982284,0.702979
primary_strict_point_hn1,4,961,12961,-0.49643,0.860797
primary_strict_point_hn1,4,962,12962,-0.449688,0.687158
primary_strict_point_hn1,4,963,12963,-0.651825,0.698645
primary_strict_point_hn1,4,964,12964,-0.586742,0.549553
primary_strict_point_hn1,4,965,12965,-0.635987,0.665943
primary_strict_point_hn1,4,966,12966,-0.646144,0.678727
primary_strict_point_hn1,4,967,12967,-0.884132,1.07203
primary_strict_point_hn1,4,968,12968,-0.931598,1.01282
primary_strict_point_hn1,4,969,12969,-0.728869,0.726736
primary_strict_point_hn1,4,970,12970,-0.888342,0.504859
primary_strict_point_hn1,4,971,12971,-0.44817,0.740779
primary_strict_point_hn1,4,972,12972,-0.507541,0.657484
primary_strict_point_hn1,4,973,12973,-0.533744,0.441456
primary_strict_point_hn1,4,974,12974,-0.548421,0.378872
primary_strict_point_hn1,4,975,12975,-0.476833,0.510338
primary_strict_point_hn1,4,976,12976,-0.276937,0.545163
primary_strict_point_hn1,4,977,12977,-0.385584,0.400721
primary_strict_point_hn1,4,978,12978,-0.416466,0.565387
primary_strict_point_hn1,4,979,12979,-0.413355,0.493446
primary_strict_point_hn1,4,980,12980,-0.444972,0.566887
primary_strict_point_hn1,4,981,12981,-0.408627,0.527061
primary_strict_point_hn1,4,982,12982,-0.392103,0.450351
primary_strict_point_hn1,4,983,12983,-0.805997,0.315088
primary_strict_point_hn1,4,984,12984,-0.805233,0.320872
primary_strict_point_hn1,4,985,12985,-0.654812,0.413877
primary_strict_point_hn1,4,986,12986,-0.808883,0.495045
primary_strict_point_hn1,4,987,12987,-0.825877,0.420735
primary_strict_point_hn1,4,988,12988,-0.794675,0.431978
primary_strict_point_hn1,4,989,12989,-0.759207,0.449839
primary_strict_point_hn1,4,990,12990,-0.81115,0.469728
primary_strict_point_hn1,4,991,12991,-0.71585,0.565126
primary_strict_point_hn1,4,992,12992,-0.839107,0.542469
primary_strict_point_hn1,4,993,12993,-0.683433,0.552558
primary_strict_point_hn1,4,994,12994,-0.766969,0.861828
primary_strict_point_hn1,4,995,12995,-0.793202,0.769456
primary_strict_point_hn1,4,996,12996,-0.639006,0.561756
primary_strict_point_hn1,4,997,12997,-0.673802,0.538462
primary_strict_point_hn1,4,998,12998,-0.806105,0.57315
primary_strict_point_hn1,4,999,12999,-0.644965,0.499269
primary_strict_point_hn1,4,1000,13000,-0.804621,0.573898
primary_strict_point_hn1,4,1001,13001,-0.722314,0.642899
primary_strict_point_hn1,4,1002,13002,-0.467856,0.463325
primary_strict_point_hn1,4,1003,13003,-0.352883,0.682694
primary_strict_point_hn1,4,1004,13004,-0.531793,0.908794
primary_strict_point_hn1,4,1005,13005,0.0714377,1.50081
primary_strict_point_hn1,4,1006,13006,-0.112812,1.61075
primary_strict_point_hn1,4,1007,13007,0.248014,1.33388
primary_strict_point_hn1,4,1008,13008,0.291881,1.16488
primary_strict_point_hn1,4,1009,13009,0.246848,1.10483
primary_strict_point_hn1,4,1010,13010,0.122003,1.08462
primary_strict_point_hn1,4,1011,13011,-0.0192937,1.08214
primary_strict_point_hn1,4,1012,13012,-0.129029,0.840195
primary_strict_point_hn1,4,1013,13013,-0.177667,0.439458
primary_strict_point_hn1,4,1014,13014,-0.258302,0.436777
primary_strict_point_hn1,4,1015,13015,-0.32585,0.43177
primary_strict_point_hn1,4,1016,13016,-0.173722,0.638472
primary_strict_point_hn1,4,1017,13017,-0.49135,0.432799
primary_strict_point_hn1,4,1018,13018,-0.727401,0.499509
primary_strict_point_hn1,4,1019,13019,-0.746638,0.461864
primary_strict_point_hn1,4,1020,13020,-0.162635,0.766002
primary_strict_point_hn1,4,1021,13021,-0.216965,0.705159
primary_strict_point_hn1,4,1022,13022,-0.210023,0.831522
primary_strict_point_hn1,4,1023,13023,-0.606528,0.763498
primary_strict_point_hn1,4,1024,13024,-0.490781,0.424885
primary_strict_point_hn1,4,1025,13025,-0.598352,0.335266
primary_strict_point_hn1,4,1026,13026,-0.659246,0.287386
primary_strict_point_hn1,4,1027,13027,-0.730244,0.3864
primary_strict_point_hn1,4,1028,13028,-0.784393,0.397653
primary_strict_point_hn1,4,1029,13029,-0.484277,0.625784
primary_strict_point_hn1,4,1030,13030,-0.851326,0.447245
primary_strict_point_hn1,4,1031,13031,-0.936353,0.473203
primary_strict_point_hn1,4,1032,13032,-0.801142,0.468915
primary_strict_point_hn1,4,1033,13033,-0.891436,0.402119
primary_strict_point_hn1,4,1034,13034,-0.948686,0.541197
primary_strict_point_hn1,4,1035,13035,-0.86439,0.423012
primary_strict_point_hn1,4,1036,13036,-0.922493,0.712639
primary_strict_point_hn1,4,1037,13037,-0.770514,0.540472
primary_strict_point_hn1,4,1038,13038,-0.831534,0.609963
primary_strict_point_hn1,4,1039,13039,-0.481537,0.510359
primary_strict_point_hn1,4,1040,13040,-0.46737,0.612409
primary_strict_point_hn1,4,1041,13041,-0.412809,0.444109
primary_strict_point_hn1,4,1042,13042,-0.511692,0.46055
primary_strict_point_hn1,4,1043,13043,-0.561458,0.49275
primary_strict_point_hn1,4,1044,13044,-0.342892,0.575077
primary_strict_point_hn1,4,1045,13045,-0.210976,0.603904
primary_strict_point_hn1,4,1046,13046,-0.248545,0.499774
primary_strict_point_hn1,4,1047,13047,-0.240531,0.670399
primary_strict_point_hn1,4,1048,13048,-0.244879,0.584717
primary_strict_point_hn1,4,1049,13049,-0.115619,0.723771
primary_strict_point_hn1,4,1050,13050,-0.762787,0.58431
primary_strict_point_hn1,4,1051,13051,-0.881639,0.786411
primary_strict_point_hn1,4,1052,13052,-0.857667,0.802584
primary_strict_point_hn1,4,1053,13053,-0.927623,0.742059
primary_strict_point_hn1,4,1054,13054,-0.884988,0.634348
primary_strict_point_hn1,4,1055,13055,-1.08911,0.884113
primary_strict_point_hn1,4,1056,13056,-0.73388,0.661763
primary_strict_point_hn1,4,1057,13057,-0.620984,0.770951
primary_strict_point_hn1,4,1058,13058,-0.61693,0.799014
primary_strict_point_hn1,4,1059,13059,-0.957359,0.515612
primary_strict_point_hn1,4,1060,13060,-0.389206,0.427375
primary_strict_point_hn1,4,1061,13061,-0.403773,0.43516
primary_strict_point_hn1,4,1062,13062,-0.312899,0.60503
primary_strict_point_hn1,4,1063,13063,-0.389569,0.619137
primary_strict_point_hn1,4,1064,13064,-0.532552,0.458899
primary_strict_point_hn1,4,1065,13065,-0.550317,0.706779
primary_strict_point_hn1,4,1066,13066,-0.625444,0.587871
primary_strict_point_hn1,4,1067,13067,-0.582388,0.536386
primary_strict_point_hn1,4,1068,13068,-0.701855,0.643983
primary_strict_point_hn1,4,1069,13069,-0.6308,0.585078
primary_strict_point_hn1,4,1070,13070,-0.715514,0.518939
primary_strict_point_hn1,4,1071,13071,-0.701797,0.590946
primary_strict_point_hn1,4,1072,13072,-1.18604,0.860616
primary_strict_point_hn1,4,1073,13073,-1.12814,0.925389
primary_strict_point_hn1,4,1074,13074,-0.49581,0.447967
primary_strict_point_hn1,4,1075,13075,-0.293385,0.403887
primary_strict_point_hn1,4,1076,13076,-0.379416,0.541653
primary_strict_point_hn1,4,1077,13077,-0.747208,0.573594
primary_strict_point_hn1,4,1078,13078,-0.868879,0.522544
primary_strict_point_hn1,4,1079,13079,-0.840593,0.551553
primary_strict_point_hn1,4,1080,13080,-0.818626,0.496074
primary_strict_point_hn1,4,1081,13081,-0.689552,0.4764
primary_strict_point_hn1,4,1082,13082,-0.585911,0.581136
primary_strict_point_hn1,4,1083,13083,-0.637983,0.502029
primary_strict_point_hn1,4,1084,13084,-0.710461,0.522514
primary_strict_point_hn1,4,1085,13085,-0.800235,0.520661
primary_strict_point_hn1,4,1086,13086,-0.801822,0.762804
primary_strict_point_hn1,4,1087,13087,-0.632636,0.75962
primary_strict_point_hn1,4,1088,13088,-0.612653,1.51788
primary_strict_point_hn1,4,1089,13089,-0.233815,1.087
primary_strict_point_hn1,4,1090,13090,-0.361117,0.757804
primary_strict_point_hn1,4,1091,13091,-0.289299,0.684963
primary_strict_point_hn1,4,1092,13092,-0.469313,0.746094
primary_strict_point_hn1,4,1093,13093,-0.461183,0.762951
primary_strict_point_hn1,4,1094,13094,-0.589547,0.761312
primary_strict_point_hn1,4,1095,13095,-0.466767,0.641973
primary_strict_point_hn1,4,1096,13096,-0.416535,0.630054
primary_strict_point_hn1,4,1097,13097,-0.267284,0.673375
primary_strict_point_hn1,4,1098,13098,-0.372823,0.591172
primary_strict_point_hn1,4,1099,13099,-0.269966,0.764
primary_strict_point_hn1,4,1100,13100,-0.216659,0.704709
primary_strict_point_hn1,4,1101,13101,-0.207429,0.804015
primary_strict_point_hn1,4,1102,13102,-0.166028,0.711226
primary_strict_point_hn1,4,1103,13103,-0.0522926,0.673963
primary_strict_point_hn1,4,1104,13104,-0.267319,0.637745
primary_strict_point_hn1,4,1105,13105,0.0727622,0.695082
primary_strict_point_hn1,4,1106,13106,-0.877328,0.543395
primary_strict_point_hn1,4,1107,13107,-0.614081,0.510655
primary_strict_point_hn1,4,1108,13108,-0.748095,0.44398
primary_strict_point_hn1,4,1109,13109,-0.618808,0.402395
primary_strict_point_hn1,4,1110,13110,-0.734268,0.562076
primary_strict_point_hn1,4,1111,13111,-0.646634,0.548285
primary_strict_point_hn1,4,1112,13112,-0.506096,0.551792
primary_strict_point_hn1,4,1113,13113,-0.54055,0.627421
primary_strict_point_hn1,4,1114,13114,-0.858492,0.876104
primary_strict_point_hn1,4,1115,13115,-0.680882,0.562891
primary_strict_point_hn1,4,1116,13116,-0.610073,0.439317
primary_strict_point_hn1,4,1117,13117,-0.535963,0.475254
primary_strict_point_hn1,4,1118,13118,-0.385191,0.675165
primary_strict_point_hn1,4,1119,13119,-0.408294,0.53316
primary_strict_point_hn1,4,1120,13120,-0.366728,0.695622
primary_strict_point_hn1,4,1121,13121,-0.130297,1.03635
primary_strict_point_hn1,4,1122,13122,-0.127649,1.11632
primary_strict_point_hn1,4,1123,13123,-0.295341,0.695202
primary_strict_point_hn1,4,1124,13124,-0.51473,0.706497
primary_strict_point_hn1,4,1125,13125,-0.543603,0.62308
primary_strict_point_hn1,4,1126,13126,-0.516658,0.613974
primary_strict_point_hn1,4,1127,13127,-0.65936,0.612001
primary_strict_point_hn1,4,1128,13128,-0.578651,0.492274
primary_strict_point_hn1,4,1129,13129,-0.649626,0.596063
primary_strict_point_hn1,4,1130,13130,-0.42593,0.840361
primary_strict_point_hn1,4,1131,13131,-0.828709,0.484656
primary_strict_point_hn1,4,1132,13132,-1.31379,0.788249
primary_strict_point_hn1,4,1133,13133,-1.244,0.866074
primary_strict_point_hn1,4,1134,13134,-1.12095,0.625851
primary_strict_point_hn1,4,1135,13135,-1.22234,0.74327
primary_strict_point_hn1,4,1136,13136,-0.983944,0.628065
primary_strict_point_hn1,4,1137,13137,-1.0105,0.47602
primary_strict_point_hn1,4,1138,13138,-0.0405155,0.741061
primary_strict_point_hn1,4,1139,13139,-0.311547,0.412006
primary_strict_point_hn1,4,1140,13140,-0.301334,0.577123
primary_strict_point_hn1,4,1141,13141,-0.630819,0.468391
primary_strict_point_hn1,4,1142,13142,-0.76172,0.466705
primary_strict_point_hn1,4,1143,13143,-0.62465,0.52976
primary_strict_point_hn1,4,1144,13144,-0.408777,0.648141
primary_strict_point_hn1,4,1145,13145,-0.460921,0.651037
primary_strict_point_hn1,4,1146,13146,-0.338461,0.573113
primary_strict_point_hn1,4,1147,13147,-0.368563,0.526529
primary_strict_point_hn1,4,1148,13148,-0.397388,0.63458
primary_strict_point_hn1,4,1149,13149,-0.592795,0.440653
primary_strict_point_hn1,4,1150,13150,-0.622709,0.432455
primary_strict_point_hn1,4,1151,13151,-0.598557,0.416578
primary_strict_point_hn1,4,1152,13152,-0.577475,0.488894
primary_strict_point_hn1,4,1153,13153,-0.647255,0.341429
primary_strict_point_hn1,4,1154,13154,-0.762759,0.345421
primary_strict_point_hn1,4,1155,13155,-0.762304,0.346092
primary_strict_point_hn1,4,1156,13156,-0.709603,0.390886
primary_strict_point_hn1,4,1157,13157,-0.817892,0.677554
primary_strict_point_hn1,4,1158,13158,-1.00861,0.625912
primary_strict_point_hn1,4,1159,13159,-1.00244,0.628144
primary_strict_point_hn1,4,1160,13160,-0.948048,0.505214
primary_strict_point_hn1,4,1161,13161,-0.506863,0.511088
primary_strict_point_hn1,4,1162,13162,-0.536351,0.873399
primary_strict_point_hn1,4,1163,13163,-0.610114,0.588028
primary_strict_point_hn1,4,1164,13164,-0.46816,0.544698
primary_strict_point_hn1,4,1165,13165,-0.444431,0.543438
primary_strict_point_hn1,4,1166,13166,-0.635544,0.62202
primary_strict_point_hn1,4,1167,13167,-0.584206,0.679515
primary_strict_point_hn1,4,1168,13168,-0.566577,0.620723
primary_strict_point_hn1,4,1169,13169,-0.501935,0.677584
primary_strict_point_hn1,4,1170,13170,-0.638369,0.396867
primary_strict_point_hn1,4,1171,13171,-0.681461,0.512371
primary_strict_point_hn1,4,1172,13172,-0.56026,0.485962
primary_strict_point_hn1,4,1173,13173,-0.572319,0.382224
primary_strict_point_hn1,4,1174,13174,-0.67833,0.550652
primary_strict_point_hn1,4,1175,13175,-0.727776,0.488088
primary_strict_point_hn1,4,1176,13176,-0.635779,0.472597
primary_strict_point_hn1,4,1177,13177,-0.651173,0.446306
primary_strict_point_hn1,4,1178,13178,-0.571376,0.591276
primary_strict_point_hn1,4,1179,13179,-0.645426,0.413766
primary_strict_point_hn1,4,1180,13180,-0.612582,0.645586
primary_strict_point_hn1,4,1181,13181,-0.546005,0.52716
primary_strict_point_hn1,4,1182,13182,-0.582426,0.375438
primary_strict_point_hn1,4,1183,13183,-0.628146,0.366956
primary_strict_point_hn1,4,1184,13184,-0.671632,0.408676
primary_strict_point_hn1,4,1185,13185,-0.599109,0.454996
primary_strict_point_hn1,4,1186,13186,-0.718959,0.491415
primary_strict_point_hn1,4,1187,13187,-0.672678,0.570726
primary_strict_point_hn1,4,1188,13188,-0.711115,0.550307
primary_strict_point_hn1,4,1189,13189,-0.818922,0.536153
primary_strict_point_hn1,4,1190,13190,-0.75864,0.476322
primary_strict_point_hn1,4,1191,13191,-0.377381,0.59626
primary_strict_point_hn1,4,1192,13192,-0.431445,0.604803
primary_strict_point_hn1,4,1193,13193,-0.587733,0.533164
primary_strict_point_hn1,4,1194,13194,-0.497465,0.454162
primary_strict_point_hn1,4,1195,13195,-0.722867,0.520575
primary_strict_point_hn1,4,1196,13196,-0.546636,0.874573
primary_strict_point_hn1,4,1197,13197,-0.514511,0.875772
primary_strict_point_hn1,4,1198,13198,-0.907934,0.641972
primary_strict_point_hn1,4,1199,13199,-0.745911,0.830569
primary_strict_point_hn1,4,1200,13200,-0.764,0.756809
primary_strict_point_hn1,4,1201,13201,-0.697684,0.754758
primary_strict_point_hn1,4,1202,13202,-0.755591,0.768337
primary_strict_point_hn1,4,1203,13203,-0.488522,0.955873
primary_strict_point_hn1,4,1204,13204,-0.406072,0.947192
primary_strict_point_hn1,4,1205,13205,-0.487363,0.68783
primary_strict_point_hn1,4,1206,13206,-0.552631,0.46006
primary_strict_point_hn1,4,1207,13207,-0.563646,0.523565
primary_strict_point_hn1,4,1208,13208,-0.655348,0.429008
primary_strict_point_hn1,4,1209,13209,-0.443115,0.507091
primary_strict_point_hn1,4,1210,13210,-0.470254,0.461788
primary_strict_point_hn1,4,1211,13211,-0.436119,0.430942
primary_strict_point_hn1,4,1212,13212,-0.375346,0.749829
primary_strict_point_hn1,4,1213,13213,-1.06137,0.488087
primary_strict_point_hn1,4,1214,13214,-1.08461,0.439397
primary_strict_point_hn1,4,1215,13215,-0.800563,0.553757
primary_strict_point_hn1,4,1216,13216,-0.755887,0.570593
primary_strict_point_hn1,4,1217,13217,-0.836773,0.575951
primary_strict_point_hn1,4,1218,13218,-0.829974,0.454084
primary_strict_point_hn1,4,1219,13219,-0.842869,0.47288
primary_strict_point_hn1,4,1220,13220,-0.819913,0.444527
primary_strict_point_hn1,4,1221,13221,-0.533488,0.942501
primary_strict_point_hn1,4,1222,13222,-0.662599,0.976583
primary_strict_point_hn1,4,1223,13223,-0.485734,0.723398
primary_strict_point_hn1,4,1224,13224,-0.695308,0.690676
primary_strict_point_hn1,4,1225,13225,-0.835414,0.460717
primary_strict_point_hn1,4,1226,13226,-0.975365,0.410737
primary_strict_point_hn1,4,1227,13227,-0.897146,0.380592
primary_strict_point_hn1,4,1228,13228,-0.860271,0.490029
primary_strict_point_hn1,4,1229,13229,-0.962706,0.56352
primary_strict_point_hn1,4,1230,13230,-0.853417,0.575786
primary_strict_point_hn1,4,1231,13231,-0.955022,0.539867
primary_strict_point_hn1,4,1232,13232,-1.0077,0.504645
primary_strict_point_hn1,4,1233,13233,-1.40507,0.727978
primary_strict_point_hn1,4,1234,13234,-0.566323,0.850511
primary_strict_point_hn1,4,1235,13235,-0.543869,0.917416
primary_strict_point_hn1,4,1236,13236,-0.648477,0.663609
primary_strict_point_hn1,4,1237,13237,-0.765193,0.691686
primary_strict_point_hn1,4,1238,13238,-0.790963,0.430031
primary_strict_point_hn1,4,1239,13239,-0.82094,0.390654
primary_strict_point_hn1,4,1240,13240,-0.992303,0.409179
primary_strict_point_hn1,4,1241,13241,-0.46311,0.762744
primary_strict_point_hn1,4,1242,13242,-0.732004,0.795068
primary_strict_point_hn1,4,1243,13243,-0.745487,0.697847
primary_strict_point_hn1,4,1244,13244,-0.494778,0.738504
primary_strict_point_hn1,4,1245,13245,-0.367191,0.782695
primary_strict_point_hn1,4,1246,13246,-0.174755,0.916696
primary_strict_point_hn1,4,1247,13247,-0.175095,0.900275
primary_strict_point_hn1,4,1248,13248,-0.706694,0.686092
primary_strict_point_hn1,4,1249,13249,-0.607547,0.65288
primary_strict_point_hn1,4,1250,13250,-0.613505,0.507697
primary_strict_point_hn1,4,1251,13251,-0.664097,0.41008
primary_strict_point_hn1,4,1252,13252,-0.634965,0.404576
primary_strict_point_hn1,4,1253,13253,-0.723848,0.535594
primary_strict_point_hn1,4,1254,13254,-0.690379,0.548822
primary_strict_point_hn1,4,1255,13255,-0.659315,0.462387
primary_strict_point_hn1,4,1256,13256,-0.498814,0.435635
primary_strict_point_hn1,4,1257,13257,-0.545027,0.855706
primary_strict_point_hn1,4,1258,13258,-0.459441,0.828916
primary_strict_point_hn1,4,1259,13259,-0.396029,0.769825
primary_strict_point_hn1,4,1260,13260,-0.486873,0.79263
primary_strict_point_hn1,4,1261,13261,-0.493746,0.55732
primary_strict_point_hn1,4,1262,13262,-0.522172,0.774082
primary_strict_point_hn1,4,1263,13263,-0.68384,0.624006
primary_strict_point_hn1,4,1264,13264,-0.641066,0.447542
primary_strict_point_hn1,4,1265,13265,-0.6247,0.426196
primary_strict_point_hn1,4,1266,13266,-0.633421,0.364413
primary_strict_point_hn1,4,1267,13267,-0.496947,0.395506
primary_strict_point_hn1,4,1268,13268,-0.664907,0.568369
primary_strict_point_hn1,4,1269,13269,-0.838104,0.526744
primary_strict_point_hn1,4,1270,13270,-0.837288,0.441773
primary_strict_point_hn1,4,1271,13271,-0.935211,0.564757
primary_strict_point_hn1,4,1272,13272,-0.920775,0.60924
primary_strict_point_hn1,4,1273,13273,-1.10179,0.521527
primary_strict_point_hn1,4,1274,13274,-0.876462,0.509328
primary_strict_point_hn1,4,1275,13275,-1.01198,0.474493
primary_strict_point_hn1,4,1276,13276,-1.12904,0.590543
primary_strict_point_hn1,4,1277,13277,-0.978171,0.596919
primary_strict_point_hn1,4,1278,13278,-0.784232,0.540996
primary_strict_point_hn1,4,1279,13279,-0.716229,0.744205
primary_strict_point_hn1,4,1280,13280,-0.708135,0.371411
primary_strict_point_hn1,4,1281,13281,-0.379489,0.562673
primary_strict_point_hn1,4,1282,13282,-0.563882,0.452635
primary_strict_point_hn1,4,1283,13283,-0.612915,0.421224
primary_strict_point_hn1,4,1284,13284,-0.578286,0.378145
primary_strict_point_hn1,4,1285,13285,-0.588481,0.366023
primary_strict_point_hn1,4,1286,13286,-0.725353,0.545521
primary_strict_point_hn1,4,1287,13287,-0.614585,0.779639
primary_strict_point_hn1,4,1288,13288,-0.735155,0.562544
primary_strict_point_hn1,4,1289,13289,-0.470358,0.492805
primary_strict_point_hn1,4,1290,13290,-0.418485,0.452866
primary_strict_point_hn1,4,1291,13291,-0.448135,0.515676
primary_strict_point_hn1,4,1292,13292,-0.455751,0.348824
primary_strict_point_hn1,4,1293,13293,-0.468318,0.453556
primary_strict_point_hn1,4,1294,13294,-0.266897,0.58755
primary_strict_point_hn1,4,1295,13295,-0.697821,0.690378
primary_strict_point_hn1,4,1296,13296,-0.635655,0.4838
primary_strict_point_hn1,4,1297,13297,-0.773333,0.435132
primary_strict_point_hn1,4,1298,13298,-0.748506,0.470798
primary_strict_point_hn1,4,1299,13299,-0.657798,0.469748
primary_strict_point_hn1,4,1300,13300,-0.515786,0.733204
primary_strict_point_hn1,4,1301,13301,-0.658534,0.462663
primary_strict_point_hn1,4,1302,13302,-0.622785,0.474586
primary_strict_point_hn1,4,1303,13303,-0.409867,0.844839
primary_strict_point_hn1,4,1304,13304,-0.840214,0.602242
primary_strict_point_hn1,4,1305,13305,-0.671638,0.665803
primary_strict_point_hn1,4,1306,13306,-0.657406,0.489178
primary_strict_point_hn1,4,1307,13307,-0.735246,0.483275
primary_strict_point_hn1,4,1308,13308,-0.710261,0.499943
primary_strict_point_hn1,4,1309,13309,-0.311304,0.497048
primary_strict_point_hn1,4,1310,13310,-0.388403,0.464406
primary_strict_point_hn1,4,1311,13311,-0.715078,0.542497
primary_strict_point_hn1,4,1312,13312,-0.385604,0.512819
primary_strict_point_hn1,4,1313,13313,-0.423395,0.521403
primary_strict_point_hn1,4,1314,13314,-0.734552,0.859444
primary_strict_point_hn1,4,1315,13315,-0.636177,0.645621
primary_strict_point_hn1,4,1316,13316,-0.379991,0.623504
primary_strict_point_hn1,4,1317,13317,-0.657654,0.458998
primary_strict_point_hn1,4,1318,13318,-0.578013,0.549844
primary_strict_point_hn1,4,1319,13319,-0.547845,0.371926
primary_strict_point_hn1,4,1320,13320,-0.79239,0.574695
primary_strict_point_hn1,4,1321,13321,-0.615281,0.512496
primary_strict_point_hn1,4,1322,13322,-0.690145,0.563784
primary_strict_point_hn1,4,1323,13323,-0.664792,0.543574
primary_strict_point_hn1,4,1324,13324,-0.609249,0.434912
primary_strict_point_hn1,4,1325,13325,-0.710811,0.420964
primary_strict_point_hn1,4,1326,13326,-0.799171,0.467835
primary_strict_point_hn1,4,1327,13327,-0.857655,0.600811
primary_strict_point_hn1,4,1328,13328,-0.791099,0.409073
primary_strict_point_hn1,4,1329,13329,-1.1686,1.00626
primary_strict_point_hn1,4,1330,13330,-1.06646,1.00878
primary_strict_point_hn1,4,1331,13331,-0.98571,0.97431
primary_strict_point_hn1,4,1332,13332,-1.13674,0.950438
primary_strict_point_hn1,4,1333,13333,-0.165402,0.60038
primary_strict_point_hn1,4,1334,13334,-0.39803500000000003,0.931161
primary_strict_point_hn1,4,1335,13335,-0.561303,0.653635
primary_strict_point_hn1,4,1336,13336,-0.664021,0.638109
primary_strict_point_hn1,4,1337,13337,-0.732614,0.597825
primary_strict_point_hn1,4,1338,13338,-0.912392,1.06998
primary_strict_point_hn1,4,1339,13339,-0.910351,1.58653
primary_strict_point_hn1,4,1340,13340,-0.965925,0.505822
primary_strict_point_hn1,4,1341,13341,-1.07305,0.750348
primary_strict_point_hn1,4,1342,13342,-0.824678,0.471528
primary_strict_point_hn1,4,1343,13343,-0.602354,0.470271
primary_strict_point_hn1,4,1344,13344,-0.537285,0.530949
primary_strict_point_hn1,4,1345,13345,-0.41756,0.681034
primary_strict_point_hn1,4,1346,13346,-0.354603,0.633315
primary_strict_point_hn1,4,1347,13347,-0.422186,0.708002
primary_strict_point_hn1,4,1348,13348,-0.641033,0.768147
primary_strict_point_hn1,4,1349,13349,-0.308441,0.799168
primary_strict_point_hn1,4,1350,13350,-0.290171,0.679356
primary_strict_point_hn1,4,1351,13351,-0.298366,0.55523
primary_strict_point_hn1,4,1352,13352,-0.562341,0.296518
primary_strict_point_hn1,4,1353,13353,-0.677135,0.459412
primary_strict_point_hn1,4,1354,13354,-0.700781,0.361802
primary_strict_point_hn1,4,1355,13355,-0.653925,0.409217
primary_strict_point_hn1,4,1356,13356,-0.705609,0.521851
primary_strict_point_hn1,4,1357,13357,-0.449812,0.623655
primary_strict_point_hn1,4,1358,13358,-0.802451,1.04138
primary_strict_point_hn1,4,1359,13359,-0.753877,1.11331
primary_strict_point_hn1,4,1360,13360,-0.713391,1.20025
primary_strict_point_hn1,4,1361,13361,-0.69523,0.873357
primary_strict_point_hn1,4,1362,13362,-0.656465,0.665106
primary_strict_point_hn1,4,1363,13363,-0.731298,0.704036
primary_strict_point_hn1,4,1364,13364,-0.670038,0.723488
primary_strict_point_hn1,4,1365,13365,-0.583713,0.508718
primary_strict_point_hn1,4,1366,13366,-0.492068,0.601383
primary_strict_point_hn1,4,1367,13367,-0.470294,0.517118
primary_strict_point_hn1,4,1368,13368,-0.610623,0.55759
primary_strict_point_hn1,4,1369,13369,-0.678425,0.487367
primary_strict_point_hn1,4,1370,13370,-0.562935,0.673838
primary_strict_point_hn1,4,1371,13371,-0.636913,0.451427
primary_strict_point_hn1,4,1372,13372,-0.722201,0.335074
primary_strict_point_hn1,4,1373,13373,-0.682487,0.534599
primary_strict_point_hn1,4,1374,13374,-0.726592,0.490797
primary_strict_point_hn1,4,1375,13375,-0.730778,0.554019
primary_strict_point_hn1,4,1376,13376,-0.636782,0.554173
primary_strict_point_hn1,4,1377,13377,-0.661283,0.541096
primary_strict_point_hn1,4,1378,13378,-0.634505,0.505987
primary_strict_point_hn1,4,1379,13379,-0.498263,0.63628
primary_strict_point_hn1,4,1380,13380,-0.645694,0.445017
primary_strict_point_hn1,4,1381,13381,-0.778847,0.518792
primary_strict_point_hn1,4,1382,13382,-0.551586,0.505234
primary_strict_point_hn1,4,1383,13383,-0.673329,0.478921
primary_strict_point_hn1,4,1384,13384,-0.997609,0.556801
primary_strict_point_hn1,4,1385,13385,-0.778117,0.496954
primary_strict_point_hn1,4,1386,13386,-0.601402,0.627235
primary_strict_point_hn1,4,1387,13387,-0.597952,0.481477
primary_strict_point_hn1,4,1388,13388,-0.629378,0.460605
primary_strict_point_hn1,4,1389,13389,-0.751401,0.595613
primary_strict_point_hn1,4,1390,13390,-0.610212,0.426288
primary_strict_point_hn1,4,1391,13391,-0.29556,0.440627
primary_strict_point_hn1,4,1392,13392,-0.372966,0.53945
primary_strict_point_hn1,4,1393,13393,-0.393294,0.496837
primary_strict_point_hn1,4,1394,13394,-0.638653,0.444962
primary_strict_point_hn1,4,1395,13395,-0.765212,0.584872
primary_strict_point_hn1,4,1396,13396,-0.979198,0.683549
primary_strict_point_hn1,4,1397,13397,-0.926697,0.796137
primary_strict_point_hn1,4,1398,13398,-0.657547,0.690947
primary_strict_point_hn1,4,1399,13399,-0.569592,0.427716
primary_strict_point_hn1,4,1400,13400,-0.610725,0.412744
primary_strict_point_hn1,4,1401,13401,-0.724244,0.396877
primary_strict_point_hn1,4,1402,13402,-0.803729,0.481299
primary_strict_point_hn1,4,1403,13403,-1.01438,0.687836
primary_strict_point_hn1,4,1404,13404,-1.10583,0.694194
primary_strict_point_hn1,4,1405,13405,-1.01101,0.925903
primary_strict_point_hn1,4,1406,13406,-0.868199,0.582777
primary_strict_point_hn1,4,1407,13407,-0.81166,0.46962
primary_strict_point_hn1,4,1408,13408,-0.871852,0.511472
primary_strict_point_hn1,4,1409,13409,-0.577204,0.545402
primary_strict_point_hn1,4,1410,13410,-0.599718,0.417197
primary_strict_point_hn1,4,1411,13411,-0.782932,0.463072
primary_strict_point_hn1,4,1412,13412,-0.633645,0.359386
primary_strict_point_hn1,4,1413,13413,-0.901308,0.600003
primary_strict_point_hn1,4,1414,13414,-0.696115,0.520191
primary_strict_point_hn1,4,1415,13415,-0.576918,0.556434
primary_strict_point_hn1,4,1416,13416,-0.646034,0.487453
primary_strict_point_hn1,4,1417,13417,-0.631863,0.3492
primary_strict_point_hn1,4,1418,13418,-0.609989,0.559934
primary_strict_point_hn1,4,1419,13419,-0.641191,0.568947
primary_strict_point_hn1,4,1420,13420,-0.499002,0.567425
primary_strict_point_hn1,4,1421,13421,-0.658828,0.486206
primary_strict_point_hn1,4,1422,13422,-0.705058,0.330113
primary_strict_point_hn1,4,1423,13423,-0.626183,0.462615
primary_strict_point_hn1,4,1424,13424,-0.600548,0.410534
primary_strict_point_hn1,4,1425,13425,-0.820363,0.58922
primary_strict_point_hn1,4,1426,13426,-0.625174,0.584399
primary_strict_point_hn1,4,1427,13427,-0.881132,0.485995
primary_strict_point_hn1,4,1428,13428,-0.953517,0.602303
primary_strict_point_hn1,4,1429,13429,-0.964469,0.475922
primary_strict_point_hn1,4,1430,13430,-0.9547,0.497566
primary_strict_point_hn1,4,1431,13431,-0.83899,0.435639
primary_strict_point_hn1,4,1432,13432,-1.00076,0.459529
primary_strict_point_hn1,4,1433,13433,-0.935728,0.348209
primary_strict_point_hn1,4,1434,13434,-0.870168,0.367693
primary_strict_point_hn1,4,1435,13435,-0.839581,0.351093
primary_strict_point_hn1,4,1436,13436,-0.807004,0.368635
primary_strict_point_hn1,4,1437,13437,-0.892497,0.490243
primary_strict_point_hn1,4,1438,13438,-0.840787,0.619356
primary_strict_point_hn1,4,1439,13439,-0.699923,0.488983
primary_strict_point_hn1,4,1440,13440,-0.629688,0.488265
primary_strict_point_hn1,4,1441,13441,-0.775123,0.441907
primary_strict_point_hn1,4,1442,13442,-0.666166,0.490341
primary_strict_point_hn1,4,1443,13443,-0.838913,0.524803
primary_strict_point_hn1,4,1444,13444,-0.976267,0.550914
primary_strict_point_hn1,4,1445,13445,-0.829481,0.414301
primary_strict_point_hn1,4,1446,13446,-0.487631,0.682075
primary_strict_point_hn1,4,1447,13447,-1.03097,0.716057
primary_strict_point_hn1,4,1448,13448,-0.962063,0.663388
primary_strict_point_hn1,4,1449,13449,-1.14128,0.674351
primary_strict_point_hn1,4,1450,13450,-0.895816,0.758463
primary_strict_point_hn1,4,1451,13451,-0.766461,0.578914
primary_strict_point_hn1,4,1452,13452,-0.748181,0.734419
primary_strict_point_hn1,4,1453,13453,-0.620505,0.746633
primary_strict_point_hn1,4,1454,13454,-0.522728,0.798242
primary_strict_point_hn1,4,1455,13455,-0.426498,0.356998
primary_strict_point_hn1,4,1456,13456,-0.366131,0.362236
primary_strict_point_hn1,4,1457,13457,-0.277693,0.651282
primary_strict_point_hn1,4,1458,13458,-0.323088,0.937787
primary_strict_point_hn1,4,1459,13459,-0.467069,0.71131
primary_strict_point_hn1,4,1460,13460,-0.590067,0.79014
primary_strict_point_hn1,4,1461,13461,-0.553084,1.01275
primary_strict_point_hn1,4,1462,13462,-0.0961322,1.12445
primary_strict_point_hn1,4,1463,13463,-0.468291,1.12816
primary_strict_point_hn1,4,1464,13464,-0.621798,0.688514
primary_strict_point_hn1,4,1465,13465,-0.594989,0.900313
primary_strict_point_hn1,4,1466,13466,-0.541564,0.844013
primary_strict_point_hn1,4,1467,13467,-0.537734,0.442818
primary_strict_point_hn1,4,1468,13468,-0.622256,0.516617
primary_strict_point_hn1,4,1469,13469,-0.742615,0.327361
primary_strict_point_hn1,4,1470,13470,-0.765136,0.373469
primary_strict_point_hn1,4,1471,13471,-0.737627,0.524885
primary_strict_point_hn1,4,1472,13472,-0.345029,0.408754
primary_strict_point_hn1,4,1473,13473,-0.884267,0.426818
primary_strict_point_hn1,4,1474,13474,-0.660762,0.631064
primary_strict_point_hn1,4,1475,13475,-0.675829,0.671111
primary_strict_point_hn1,4,1476,13476,-0.871475,0.674672
primary_strict_point_hn1,4,1477,13477,-0.491067,1.00389
primary_strict_point_hn1,4,1478,13478,-0.693615,0.517076
primary_strict_point_hn1,4,1479,13479,-0.668387,0.534997
primary_strict_point_hn1,4,1480,13480,-0.779857,0.495592
primary_strict_point_hn1,4,1481,13481,-0.643986,0.611961
primary_strict_point_hn1,4,1482,13482,-0.633148,0.592761
primary_strict_point_hn1,4,1483,13483,-0.659644,0.515827
primary_strict_point_hn1,4,1484,13484,-1.0492,0.876609
primary_strict_point_hn1,4,1485,13485,-0.666158,0.948748
primary_strict_point_hn1,4,1486,13486,-0.735397,0.843204
primary_strict_point_hn1,4,1487,13487,-0.652589,0.916239
primary_strict_point_hn1,4,1488,13488,-0.698532,0.824848
primary_strict_point_hn1,4,1489,13489,-0.714848,0.948161
primary_strict_point_hn1,4,1490,13490,-0.509111,0.390088
primary_strict_point_hn1,4,1491,13491,-0.672834,0.459009
primary_strict_point_hn1,4,1492,13492,-0.675262,0.390995
primary_strict_point_hn1,4,1493,13493,-0.618998,0.38711
primary_strict_point_hn1,4,1494,13494,-0.67591,0.370325
primary_strict_point_hn1,4,1495,13495,-0.674744,0.411607
primary_strict_point_hn1,4,1496,13496,-0.577185,0.626576
primary_strict_point_hn1,4,1497,13497,-0.55556,0.560329
primary_strict_point_hn1,4,1498,13498,-0.640565,0.608338
primary_strict_point_hn1,4,1499,13499,-0.749435,0.341238
primary_strict_point_hn1,4,1500,13500,-0.82396,0.30992
primary_strict_point_hn1,4,1501,13501,-0.599596,0.484524
primary_strict_point_hn1,4,1502,13502,-0.380817,0.524016
primary_strict_point_hn1,4,1503,13503,-0.644466,0.418366
primary_strict_point_hn1,4,1504,13504,-0.737629,0.591875
primary_strict_point_hn1,4,1505,13505,-0.601899,0.498626
primary_strict_point_hn1,4,1506,13506,-0.299092,0.614129
primary_strict_point_hn1,4,1507,13507,-0.596001,0.430582
primary_strict_point_hn1,4,1508,13508,-0.720084,0.357529
primary_strict_point_hn1,4,1509,13509,-0.660491,0.462362
primary_strict_point_hn1,4,1510,13510,-1.41742,1.14558
primary_strict_point_hn1,4,1511,13511,-0.178611,0.789823
primary_strict_point_hn1,4,1512,13512,-0.11434,0.863736
primary_strict_point_hn1,4,1513,13513,-0.908347,0.853286
primary_strict_point_hn1,4,1514,13514,-0.884414,0.867636
primary_strict_point_hn1,4,1515,13515,-0.894086,1.01409
primary_strict_point_hn1,4,1516,13516,-0.820271,0.611244
primary_strict_point_hn1,4,1517,13517,-0.690646,0.601843
primary_strict_point_hn1,4,1518,13518,-0.510187,0.616728
primary_strict_point_hn1,4,1519,13519,-0.478231,0.640015
primary_strict_point_hn1,4,1520,13520,-0.585271,0.537741
primary_strict_point_hn1,4,1521,13521,-0.666826,0.474282
primary_strict_point_hn1,4,1522,13522,-0.506274,0.369114
primary_strict_point_hn1,4,1523,13523,-0.366626,0.654212
primary_strict_point_hn1,4,1524,13524,-0.274402,0.718974
primary_strict_point_hn1,4,1525,13525,-0.306521,0.432008
primary_strict_point_hn1,4,1526,13526,-0.0148972,0.603127
primary_strict_point_hn1,4,1527,13527,-0.819577,0.443122
primary_strict_point_hn1,4,1528,13528,-1.1484,0.596772
primary_strict_point_hn1,4,1529,13529,-0.824255,0.51023
primary_strict_point_hn1,4,1530,13530,-0.708201,0.537293
primary_strict_point_hn1,4,1531,13531,-0.310279,0.597477
primary_strict_point_hn1,4,1532,13532,-0.37877,0.544417
primary_strict_point_hn1,4,1533,13533,-0.316233,0.542353
primary_strict_point_hn1,4,1534,13534,-0.726141,0.7806
primary_strict_point_hn1,4,1535,13535,-0.744,0.666702
primary_strict_point_hn1,4,1536,13536,-0.64593,0.393205
primary_strict_point_hn1,4,1537,13537,-0.601426,0.435766
primary_strict_point_hn1,4,1538,13538,-0.428463,0.504587
primary_strict_point_hn1,4,1539,13539,-0.347351,0.41931
primary_strict_point_hn1,4,1540,13540,-0.547067,0.40557
primary_strict_point_hn1,4,1541,13541,-0.497838,0.390658
primary_strict_point_hn1,4,1542,13542,-0.457509,0.374474
primary_strict_point_hn1,4,1543,13543,-0.562131,0.366105
primary_strict_point_hn1,4,1544,13544,-0.581905,0.532079
primary_strict_point_hn1,4,1545,13545,-0.524048,0.413587
primary_strict_point_hn1,4,1546,13546,-0.527459,0.354133
primary_strict_point_hn1,4,1547,13547,-0.605884,0.419149
primary_strict_point_hn1,4,1548,13548,-0.712009,0.357314
primary_strict_point_hn1,4,1549,13549,-0.755354,0.461145
primary_strict_point_hn1,4,1550,13550,-0.758501,0.447824
primary_strict_point_hn1,4,1551,13551,-0.633933,0.537873
primary_strict_point_hn1,4,1552,13552,-0.628123,0.682599
primary_strict_point_hn1,4,1553,13553,-0.660869,0.57961
primary_strict_point_hn1,4,1554,13554,-0.210844,0.717297
primary_strict_point_hn1,4,1555,13555,-0.540618,0.537797
primary_strict_point_hn1,4,1556,13556,-0.676932,0.504526
primary_strict_point_hn1,4,1557,13557,-0.708865,0.671572
primary_strict_point_hn1,4,1558,13558,-0.807951,0.49866
primary_strict_point_hn1,4,1559,13559,-0.605309,0.472558
primary_strict_point_hn1,4,1560,13560,-0.595635,0.787075
primary_strict_point_hn1,4,1561,13561,-0.375884,0.78098
primary_strict_point_hn1,4,1562,13562,-0.306649,0.705586
primary_strict_point_hn1,4,1563,13563,-0.221679,0.880536
primary_strict_point_hn1,4,1564,13564,-0.24194,0.646131
primary_strict_point_hn1,4,1565,13565,-0.21862,0.593828
primary_strict_point_hn1,4,1566,13566,-0.288301,0.779554
primary_strict_point_hn1,4,1567,13567,-1.02532,0.780337
primary_strict_point_hn1,4,1568,13568,-0.949639,0.691404
primary_strict_point_hn1,4,1569,13569,-1.19419,0.763185
primary_strict_point_hn1,4,1570,13570,-1.07464,0.644683
primary_strict_point_hn1,4,1571,13571,-1.27287,0.840191
primary_strict_point_hn1,4,1572,13572,-0.656765,0.552243
primary_strict_point_hn1,4,1573,13573,-0.803465,0.600936
primary_strict_point_hn1,4,1574,13574,-0.643911,0.502297
primary_strict_point_hn1,4,1575,13575,-0.979305,0.797925
primary_strict_point_hn1,4,1576,13576,-0.813476,0.640779
primary_strict_point_hn1,4,1577,13577,-0.928037,0.597638
primary_strict_point_hn1,4,1578,13578,-1.03773,0.783444
primary_strict_point_hn1,4,1579,13579,-0.858976,0.71204
primary_strict_point_hn1,4,1580,13580,-0.992662,0.723377
primary_strict_point_hn1,4,1581,13581,-0.980865,0.724877
primary_strict_point_hn1,4,1582,13582,-0.821839,0.348593
primary_strict_point_hn1,4,1583,13583,-0.694527,0.467969
primary_strict_point_hn1,4,1584,13584,-0.997741,0.58261
primary_strict_point_hn1,4,1585,13585,-0.718017,0.690161
primary_strict_point_hn1,4,1586,13586,-0.892333,0.525307
primary_strict_point_hn1,4,1587,13587,-0.696093,0.417221
primary_strict_point_hn1,4,1588,13588,-0.911489,0.305449
primary_strict_point_hn1,4,1589,13589,-0.543396,0.455043
primary_strict_point_hn1,4,1590,13590,-0.641344,0.400094
primary_strict_point_hn1,4,1591,13591,-0.698474,0.373728
primary_strict_point_hn1,4,1592,13592,-0.626163,0.600358
primary_strict_point_hn1,4,1593,13593,-0.554981,0.37394
primary_strict_point_hn1,4,1594,13594,-0.724624,0.431316
primary_strict_point_hn1,4,1595,13595,-0.616245,0.355318
primary_strict_point_hn1,4,1596,13596,-0.638215,0.431048
primary_strict_point_hn1,4,1597,13597,-0.704423,0.418471
primary_strict_point_hn1,4,1598,13598,-0.562802,0.521769
primary_strict_point_hn1,4,1599,13599,-0.540707,0.423698
primary_strict_point_hn1,4,1600,13600,-0.728068,0.550975
primary_strict_point_hn1,4,1601,13601,-0.802469,0.462167
primary_strict_point_hn1,4,1602,13602,-0.686084,0.533233
primary_strict_point_hn1,4,1603,13603,-0.626714,0.520794
primary_strict_point_hn1,4,1604,13604,-0.637464,0.431916
primary_strict_point_hn1,4,1605,13605,-0.643316,0.458126
primary_strict_point_hn1,4,1606,13606,-0.50674,0.355128
primary_strict_point_hn1,4,1607,13607,-0.66719,0.357274
primary_strict_point_hn1,4,1608,13608,-0.749941,0.39769
primary_strict_point_hn1,4,1609,13609,-0.890059,0.579316
primary_strict_point_hn1,4,1610,13610,-0.737057,0.407056
primary_strict_point_hn1,4,1611,13611,-0.874806,0.4751
primary_strict_point_hn1,4,1612,13612,-0.851514,0.491983
primary_strict_point_hn1,4,1613,13613,-0.860981,0.464664
primary_strict_point_hn1,4,1614,13614,-0.767396,0.442288
primary_strict_point_hn1,4,1615,13615,-0.532806,0.543715
primary_strict_point_hn1,4,1616,13616,-0.609619,0.472779
primary_strict_point_hn1,4,1617,13617,-0.398646,0.491646
primary_strict_point_hn1,4,1618,13618,-0.53197,0.54479
primary_strict_point_hn1,4,1619,13619,-0.42229,0.626622
primary_strict_point_hn1,4,1620,13620,-0.567615,0.738974
primary_strict_point_hn1,4,1621,13621,-0.543202,0.587685
primary_strict_point_hn1,4,1622,13622,-0.646681,0.468217
primary_strict_point_hn1,4,1623,13623,-0.637589,0.496596
primary_strict_point_hn1,4,1624,13624,-0.765822,0.33904
primary_strict_point_hn1,4,1625,13625,-0.631151,0.353234
primary_strict_point_hn1,4,1626,13626,-0.639466,0.457703
primary_strict_point_hn1,4,1627,13627,-0.664878,0.348601
primary_strict_point_hn1,4,1628,13628,-0.725417,0.411313
primary_strict_point_hn1,4,1629,13629,-0.624436,0.429849
primary_strict_point_hn1,4,1630,13630,-0.753155,0.46562
primary_strict_point_hn1,4,1631,13631,-0.691396,0.436795
primary_strict_point_hn1,4,1632,13632,-0.544752,0.455546
primary_strict_point_hn1,4,1633,13633,-0.681191,0.515848
primary_strict_point_hn1,4,1634,13634,-0.565156,0.782377
primary_strict_point_hn1,4,1635,13635,-0.6574,0.50394
primary_strict_point_hn1,4,1636,13636,-0.691761,0.484446
primary_strict_point_hn1,4,1637,13637,-0.546946,0.440367
primary_strict_point_hn1,4,1638,13638,-0.614644,0.607446
primary_strict_point_hn1,4,1639,13639,-0.861684,1.06396
primary_strict_point_hn1,4,1640,13640,-0.847848,0.989991
primary_strict_point_hn1,4,1641,13641,-0.87635,0.862169
primary_strict_point_hn1,4,1642,13642,-0.738347,0.480404
primary_strict_point_hn1,4,1643,13643,-0.753949,0.480478
primary_strict_point_hn1,4,1644,13644,-0.269566,1.10756
primary_strict_point_hn1,4,1645,13645,-0.466825,1.63685
primary_strict_point_hn1,4,1646,13646,-0.456062,0.585609
primary_strict_point_hn1,4,1647,13647,-0.539666,0.592438
primary_strict_point_hn1,4,1648,13648,-0.464531,0.474377
primary_strict_point_hn1,4,1649,13649,-0.310219,0.605747
primary_strict_point_hn1,4,1650,13650,-0.568286,0.655318
primary_strict_point_hn1,4,1651,13651,-0.49691,0.552737
primary_strict_point_hn1,4,1652,13652,-0.441359,0.627518
primary_strict_point_hn1,4,1653,13653,-0.662743,0.620955
primary_strict_point_hn1,4,1654,13654,-0.555427,0.492808
primary_strict_point_hn1,4,1655,13655,-0.528748,0.6316
primary_strict_point_hn1,4,1656,13656,-0.585745,0.492182
primary_strict_point_hn1,4,1657,13657,-0.586781,0.511013
primary_strict_point_hn1,4,1658,13658,-0.449545,0.535093
primary_strict_point_hn1,4,1659,13659,-0.632477,0.512167
primary_strict_point_hn1,4,1660,13660,-0.691345,0.4301
primary_strict_point_hn1,4,1661,13661,-0.641452,0.615583
primary_strict_point_hn1,4,1662,13662,-0.553595,0.744148
primary_strict_point_hn1,4,1663,13663,-0.675735,0.535107
primary_strict_point_hn1,4,1664,13664,-0.565801,0.47418
primary_strict_point_hn1,4,1665,13665,-0.60911,0.63772
primary_strict_point_hn1,4,1666,13666,-0.624603,0.460712
primary_strict_point_hn1,4,1667,13667,-0.497941,0.611952
primary_strict_point_hn1,4,1668,13668,-0.578214,0.525279
primary_strict_point_hn1,4,1669,13669,-0.418074,0.647686
primary_strict_point_hn1,4,1670,13670,-0.573291,0.574839
primary_strict_point_hn1,4,1671,13671,-0.535273,0.395591
primary_strict_point_hn1,4,1672,13672,-0.70487,0.443923
primary_strict_point_hn1,4,1673,13673,-0.676572,0.292652
primary_strict_point_hn1,4,1674,13674,-0.703107,0.289871
primary_strict_point_hn1,4,1675,13675,-0.493964,0.401063
primary_strict_point_hn1,4,1676,13676,-0.401947,0.475456
primary_strict_point_hn1,4,1677,13677,-0.488937,0.526819
primary_strict_point_hn1,4,1678,13678,-0.417342,0.564632
primary_strict_point_hn1,4,1679,13679,-0.665414,0.533417
primary_strict_point_hn1,4,1680,13680,-0.764731,0.485014
primary_strict_point_hn1,4,1681,13681,-0.769198,0.577224
primary_strict_point_hn1,4,1682,13682,-0.748984,0.546097
primary_strict_point_hn1,4,1683,13683,-0.795669,0.397908
primary_strict_point_hn1,4,1684,13684,-0.969684,0.430364
primary_strict_point_hn1,4,1685,13685,-0.748057,0.724716
primary_strict_point_hn1,4,1686,13686,-0.642993,0.773047
primary_strict_point_hn1,4,1687,13687,-0.625348,0.618315
primary_strict_point_hn1,4,1688,13688,-0.691951,0.682473
primary_strict_point_hn1,4,1689,13689,-0.360538,0.654979
primary_strict_point_hn1,4,1690,13690,-0.55179,0.632308
primary_strict_point_hn1,4,1691,13691,-0.708367,0.575645
primary_strict_point_hn1,4,1692,13692,-0.763381,0.490689
primary_strict_point_hn1,4,1693,13693,-0.901413,0.574075
primary_strict_point_hn1,4,1694,13694,-0.866829,0.432456
primary_strict_point_hn1,4,1695,13695,-1.03559,0.654968
primary_strict_point_hn1,4,1696,13696,-0.923883,0.551829
primary_strict_point_hn1,4,1697,13697,-0.900584,0.415524
primary_strict_point_hn1,4,1698,13698,-1.16072,0.569771
primary_strict_point_hn1,4,1699,13699,-1.10458,0.655501
primary_strict_point_hn1,4,1700,13700,-0.805722,0.389867
primary_strict_point_hn1,4,1701,13701,-0.713073,0.4809
primary_strict_point_hn1,4,1702,13702,-0.564871,0.482583
primary_strict_point_hn1,4,1703,13703,-1.10815,0.889974
primary_strict_point_hn1,4,1704,13704,-0.470238,0.421179
primary_strict_point_hn1,4,1705,13705,-0.476108,0.456056
primary_strict_point_hn1,4,1706,13706,-0.752108,0.607121
primary_strict_point_hn1,4,1707,13707,-0.690634,0.474378
primary_strict_point_hn1,4,1708,13708,-0.721083,0.583503
primary_strict_point_hn1,4,1709,13709,-0.853436,0.44101
primary_strict_point_hn1,4,1710,13710,-0.586728,0.46631
primary_strict_point_hn1,4,1711,13711,-0.663053,0.491836
primary_strict_point_hn1,4,1712,13712,-0.558928,0.510215
primary_strict_point_hn1,4,1713,13713,-0.713942,0.779184
primary_strict_point_hn1,4,1714,13714,-0.627728,0.713324
primary_strict_point_hn1,4,1715,13715,-0.4113,0.809053
primary_strict_point_hn1,4,1716,13716,-0.577736,0.86424
primary_strict_point_hn1,4,1717,13717,-0.475597,0.608164
primary_strict_point_hn1,4,1718,13718,-0.480099,0.610228
primary_strict_point_hn1,4,1719,13719,-0.336066,0.51173
primary_strict_point_hn1,4,1720,13720,-0.611225,0.359913
primary_strict_point_hn1,4,1721,13721,-0.618195,0.529728
primary_strict_point_hn1,4,1722,13722,-0.497498,0.730662
primary_strict_point_hn1,4,1723,13723,-0.617483,0.554211
primary_strict_point_hn1,4,1724,13724,-0.629053,0.668744
primary_strict_point_hn1,4,1725,13725,-0.493882,0.566151
primary_strict_point_hn1,4,1726,13726,-0.850896,0.62022
primary_strict_point_hn1,4,1727,13727,-0.78577,0.456587
primary_strict_point_hn1,4,1728,13728,-0.533298,0.44165
primary_strict_point_hn1,4,1729,13729,-0.604281,0.391242
primary_strict_point_hn1,4,1730,13730,-0.626139,0.478331
primary_strict_point_hn1,4,1731,13731,-0.611565,0.4341
primary_strict_point_hn1,4,1732,13732,-0.683907,0.442377
primary_strict_point_hn1,4,1733,13733,-0.637155,0.465462
primary_strict_point_hn1,4,1734,13734,-0.660855,0.482925
primary_strict_point_hn1,4,1735,13735,-0.538938,0.403678
primary_strict_point_hn1,4,1736,13736,-0.597754,0.461485
primary_strict_point_hn1,4,1737,13737,-0.599802,0.458663
primary_strict_point_hn1,4,1738,13738,-0.402479,0.436941
primary_strict_point_hn1,4,1739,13739,-0.613423,0.372128
primary_strict_point_hn1,4,1740,13740,-0.6293,0.304919
primary_strict_point_hn1,4,1741,13741,-0.707857,0.296055
primary_strict_point_hn1,4,1742,13742,-0.595036,0.417734
primary_strict_point_hn1,4,1743,13743,-0.62054,0.532826
primary_strict_point_hn1,4,1744,13744,-0.578597,0.644277
primary_strict_point_hn1,4,1745,13745,-0.682556,0.57803
primary_strict_point_hn1,4,1746,13746,-0.62768,0.75575
primary_strict_point_hn1,4,1747,13747,-0.794822,0.49908
primary_strict_point_hn1,4,1748,13748,-0.624737,0.673235
primary_strict_point_hn1,4,1749,13749,-0.492421,0.769423
primary_strict_point_hn1,4,1750,13750,-0.52719,0.590294
primary_strict_point_hn1,4,1751,13751,-0.645177,0.702766
primary_strict_point_hn1,4,1752,13752,-0.530541,0.608122
primary_strict_point_hn1,4,1753,13753,-0.699336,0.657861
primary_strict_point_hn1,4,1754,13754,-0.702209,0.600743
primary_strict_point_hn1,4,1755,13755,-0.788142,0.710262
primary_strict_point_hn1,4,1756,13756,-0.795932,0.512753
primary_strict_point_hn1,4,1757,13757,-0.912205,0.623801
primary_strict_point_hn1,4,1758,13758,-0.917686,0.785555
primary_strict_point_hn1,4,1759,13759,-0.730638,0.481663
primary_strict_point_hn1,4,1760,13760,-0.714843,0.592774
primary_strict_point_hn1,4,1761,13761,-0.787751,0.640086
primary_strict_point_hn1,4,1762,13762,-0.594765,0.471001
primary_strict_point_hn1,4,1763,13763,-0.607985,0.610276
primary_strict_point_hn1,4,1764,13764,-0.59956,0.595059
primary_strict_point_hn1,4,1765,13765,-0.62319,0.570878
primary_strict_point_hn1,4,1766,13766,-0.512258,0.501884
primary_strict_point_hn1,4,1767,13767,-0.598527,0.256061
primary_strict_point_hn1,4,1768,13768,-0.616362,0.258129
primary_strict_point_hn1,4,1769,13769,-0.594598,0.33601
primary_strict_point_hn1,4,1770,13770,-0.496489,0.587251
primary_strict_point_hn1,4,1771,13771,-0.593206,0.389634
primary_strict_point_hn1,4,1772,13772,-0.552437,0.684006
primary_strict_point_hn1,4,1773,13773,-0.733572,0.405868
primary_strict_point_hn1,4,1774,13774,-0.542225,0.693091
primary_strict_point_hn1,4,1775,13775,-0.666528,0.54793
primary_strict_point_hn1,4,1776,13776,-0.638524,0.647049
primary_strict_point_hn1,4,1777,13777,-0.743558,0.524667
primary_strict_point_hn1,4,1778,13778,-0.491153,0.490077
primary_strict_point_hn1,4,1779,13779,-0.554714,0.707586
primary_strict_point_hn1,4,1780,13780,-0.71925,0.758788
primary_strict_point_hn1,4,1781,13781,-0.471223,0.489154
primary_strict_point_hn1,4,1782,13782,-0.507277,0.582764
primary_strict_point_hn1,4,1783,13783,-0.543372,0.479792
primary_strict_point_hn1,4,1784,13784,-0.472046,0.585948
primary_strict_point_hn1,4,1785,13785,-0.905259,0.462839
primary_strict_point_hn1,4,1786,13786,-0.770465,0.566411
primary_strict_point_hn1,4,1787,13787,-0.737181,0.469623
primary_strict_point_hn1,4,1788,13788,-0.895245,0.669667
primary_strict_point_hn1,4,1789,13789,-0.728939,0.4392
primary_strict_point_hn1,4,1790,13790,-0.581021,0.527461
primary_strict_point_hn1,4,1791,13791,-0.635055,0.590323
primary_strict_point_hn1,4,1792,13792,-0.790941,0.48235
primary_strict_point_hn1,4,1793,13793,-0.909073,0.562133
primary_strict_point_hn1,4,1794,13794,-0.844706,0.419514
primary_strict_point_hn1,4,1795,13795,-0.933636,0.409486
primary_strict_point_hn1,4,1796,13796,-0.799794,0.908042
primary_strict_point_hn1,4,1797,13797,-0.687619,0.457438
primary_strict_point_hn1,4,1798,13798,-0.55418,0.582995
primary_strict_point_hn1,4,1799,13799,-0.633574,0.507787
primary_strict_point_hn1,4,1800,13800,-0.425212,0.479265
primary_strict_point_hn1,4,1801,13801,-0.480953,0.648717
primary_strict_point_hn1,4,1802,13802,-0.512945,0.447163
primary_strict_point_hn1,4,1803,13803,-0.586738,0.380544
primary_strict_point_hn1,4,1804,13804,-0.421704,0.689378
primary_strict_point_hn1,4,1805,13805,-0.707349,0.460564
primary_strict_point_hn1,4,1806,13806,-0.703365,0.339818
primary_strict_point_hn1,4,1807,13807,-0.734009,0.419847
primary_strict_point_hn1,4,1808,13808,-0.683507,0.463841
primary_strict_point_hn1,4,1809,13809,-0.810019,0.378727
primary_strict_point_hn1,4,1810,13810,-0.739824,0.273923
primary_strict_point_hn1,4,1811,13811,-0.436889,0.462464
primary_strict_point_hn1,4,1812,13812,-0.627525,0.2323
primary_strict_point_hn1,4,1813,13813,-0.566147,0.432942
primary_strict_point_hn1,4,1814,13814,-0.728149,0.383204
primary_strict_point_hn1,4,1815,13815,-0.5588,0.507641
primary_strict_point_hn1,4,1816,13816,-0.688767,0.529904
primary_strict_point_hn1,4,1817,13817,-0.648222,0.475719
primary_strict_point_hn1,4,1818,13818,-0.812823,0.517816
primary_strict_point_hn1,4,1819,13819,-0.770154,0.563531
primary_strict_point_hn1,4,1820,13820,-0.811492,0.568362
primary_strict_point_hn1,4,1821,13821,-0.828382,0.649711
primary_strict_point_hn1,4,1822,13822,-0.76825,0.707252
primary_strict_point_hn1,4,1823,13823,-0.81219,0.519156
primary_strict_point_hn1,4,1824,13824,-0.801303,0.538929
primary_strict_point_hn1,4,1825,13825,-0.390482,0.459349
primary_strict_point_hn1,4,1826,13826,-0.274855,0.578554
primary_strict_point_hn1,4,1827,13827,-0.599081,0.528905
primary_strict_point_hn1,4,1828,13828,-0.397592,0.582551
primary_strict_point_hn1,4,1829,13829,-0.487496,0.543186
primary_strict_point_hn1,4,1830,13830,-0.5399,0.489198
primary_strict_point_hn1,4,1831,13831,-0.882961,0.564755
primary_strict_point_hn1,4,1832,13832,-1.03621,0.89242
primary_strict_point_hn1,4,1833,13833,-0.910524,0.655307
primary_strict_point_hn1,4,1834,13834,-0.630157,0.622517
primary_strict_point_hn1,4,1835,13835,-0.724699,0.392369
primary_strict_point_hn1,4,1836,13836,-0.623393,0.430692
primary_strict_point_hn1,4,1837,13837,-0.633606,0.572731
primary_strict_point_hn1,4,1838,13838,-0.473434,0.496718
primary_strict_point_hn1,4,1839,13839,-0.565855,0.629554
primary_strict_point_hn1,4,1840,13840,-0.74102,0.518529
primary_strict_point_hn1,4,1841,13841,-0.499007,0.475166
primary_strict_point_hn1,4,1842,13842,-0.516654,0.473559
primary_strict_point_hn1,4,1843,13843,-0.592545,0.333647
primary_strict_point_hn1,4,1844,13844,-0.575789,0.317066
primary_strict_point_hn1,4,1845,13845,-0.625731,0.294477
primary_strict_point_hn1,4,1846,13846,-0.326943,0.696755
primary_strict_point_hn1,4,1847,13847,-0.282476,0.937564
primary_strict_point_hn1,4,1848,13848,-0.169841,0.811217
primary_strict_point_hn1,4,1849,13849,-0.173894,0.900317
primary_strict_point_hn1,4,1850,13850,-0.659006,0.815468
primary_strict_point_hn1,4,1851,13851,-0.40955,0.563542
primary_strict_point_hn1,4,1852,13852,-0.289001,0.59381
primary_strict_point_hn1,4,1853,13853,-0.549093,0.552246
primary_strict_point_hn1,4,1854,13854,-0.939355,1.03212
primary_strict_point_hn1,4,1855,13855,-0.849906,0.865051
primary_strict_point_hn1,4,1856,13856,-0.891555,1.03093
primary_strict_point_hn1,4,1857,13857,-0.904014,0.747592
primary_strict_point_hn1,4,1858,13858,-0.2668,0.542846
primary_strict_point_hn1,4,1859,13859,-0.321606,0.499752
primary_strict_point_hn1,4,1860,13860,-0.222302,0.553828
primary_strict_point_hn1,4,1861,13861,-0.967773,0.531178
primary_strict_point_hn1,4,1862,13862,-0.822032,0.6404
primary_strict_point_hn1,4,1863,13863,-0.883727,0.726783
primary_strict_point_hn1,4,1864,13864,-0.852701,0.779087
primary_strict_point_hn1,4,1865,13865,-0.78808,0.887229
primary_strict_point_hn1,4,1866,13866,-0.773834,0.890137
primary_strict_point_hn1,4,1867,13867,-0.742519,0.796939
primary_strict_point_hn1,4,1868,13868,-0.704124,0.830969
primary_strict_point_hn1,4,1869,13869,-0.703072,0.678883
primary_strict_point_hn1,4,1870,13870,-0.670206,0.533973
primary_strict_point_hn1,4,1871,13871,-0.613314,0.507117
primary_strict_point_hn1,4,1872,13872,-0.742069,0.539942
primary_strict_point_hn1,4,1873,13873,-0.878857,0.62239
primary_strict_point_hn1,4,1874,13874,-0.934764,0.78053
primary_strict_point_hn1,4,1875,13875,-1.16709,0.883863
primary_strict_point_hn1,4,1876,13876,-1.12272,0.915091
primary_strict_point_hn1,4,1877,13877,-0.38971,0.574519
primary_strict_point_hn1,4,1878,13878,-0.592477,1.27852
primary_strict_point_hn1,4,1879,13879,-0.65106,1.20184
primary_strict_point_hn1,4,1880,13880,-0.673533,1.09164
primary_strict_point_hn1,4,1881,13881,-0.686712,0.865182
primary_strict_point_hn1,4,1882,13882,-0.489364,0.812164
primary_strict_point_hn1,4,1883,13883,-0.523115,0.862306
primary_strict_point_hn1,4,1884,13884,-0.335398,0.70177
primary_strict_point_hn1,4,1885,13885,-0.420282,0.706939
primary_strict_point_hn1,4,1886,13886,-0.589704,0.454131
primary_strict_point_hn1,4,1887,13887,-0.592069,0.472682
primary_strict_point_hn1,4,1888,13888,-0.788882,0.760794
primary_strict_point_hn1,4,1889,13889,-0.796811,0.629714
primary_strict_point_hn1,4,1890,13890,-0.975145,0.712844
primary_strict_point_hn1,4,1891,13891,-0.851992,0.505211
primary_strict_point_hn1,4,1892,13892,-0.528109,0.360434
primary_strict_point_hn1,4,1893,13893,-0.741592,0.394125
primary_strict_point_hn1,4,1894,13894,-0.672116,0.344178
primary_strict_point_hn1,4,1895,13895,-0.802874,0.335676
primary_strict_point_hn1,4,1896,13896,-0.714378,0.619751
primary_strict_point_hn1,4,1897,13897,-0.717985,0.516771
primary_strict_point_hn1,4,1898,13898,-0.566051,0.530574
primary_strict_point_hn1,4,1899,13899,-0.924677,0.554136
primary_strict_point_hn1,4,1900,13900,-0.792559,0.86273
primary_strict_point_hn1,4,1901,13901,-0.740673,0.702488
primary_strict_point_hn1,4,1902,13902,-0.8482,0.816847
primary_strict_point_hn1,4,1903,13903,-0.872217,0.46421
primary_strict_point_hn1,4,1904,13904,-0.79396,0.978519
primary_strict_point_hn1,4,1905,13905,-0.650688,0.542226
primary_strict_point_hn1,4,1906,13906,-0.747661,0.509136
primary_strict_point_hn1,4,1907,13907,-0.581424,0.757853
primary_strict_point_hn1,4,1908,13908,-0.431012,0.580171
primary_strict_point_hn1,4,1909,13909,-0.622597,0.582583
primary_strict_point_hn1,4,1910,13910,-0.358799,0.635168
primary_strict_point_hn1,4,1911,13911,-0.481978,0.651667
primary_strict_point_hn1,4,1912,13912,-0.306974,0.60245
primary_strict_point_hn1,4,1913,13913,-0.598593,0.43032
primary_strict_point_hn1,4,1914,13914,-0.49603,0.378263
primary_strict_point_hn1,4,1915,13915,-0.546752,0.323654
primary_strict_point_hn1,4,1916,13916,-0.657663,0.381333
primary_strict_point_hn1,4,1917,13917,-0.429347,0.691665
primary_strict_point_hn1,4,1918,13918,-0.52554,0.678826
primary_strict_point_hn1,4,1919,13919,-0.539806,0.642247
primary_strict_point_hn1,4,1920,13920,-0.843161,1.07337
primary_strict_point_hn1,4,1921,13921,-1.0647200000000001,0.719886
primary_strict_point_hn1,4,1922,13922,-1.05839,0.818916
primary_strict_point_hn1,4,1923,13923,-0.524984,0.670545
primary_strict_point_hn1,4,1924,13924,-0.62471,0.486079
primary_strict_point_hn1,4,1925,13925,-0.772427,0.407786
primary_strict_point_hn1,4,1926,13926,-0.859384,0.877303
primary_strict_point_hn1,4,1927,13927,-0.891768,0.719642
primary_strict_point_hn1,4,1928,13928,-0.59963,0.390513
primary_strict_point_hn1,4,1929,13929,-0.531992,0.608895
primary_strict_point_hn1,4,1930,13930,-0.636624,0.712162
primary_strict_point_hn1,4,1931,13931,-0.653922,0.755294
primary_strict_point_hn1,4,1932,13932,-0.710415,0.490855
primary_strict_point_hn1,4,1933,13933,-0.724657,0.581864
primary_strict_point_hn1,4,1934,13934,-0.747986,0.551853
primary_strict_point_hn1,4,1935,13935,-0.740853,0.554712
primary_strict_point_hn1,4,1936,13936,-0.844895,0.426261
primary_strict_point_hn1,4,1937,13937,-0.831076,0.540206
primary_strict_point_hn1,4,1938,13938,-0.746765,0.470484
primary_strict_point_hn1,4,1939,13939,-0.691821,0.570077
primary_strict_point_hn1,4,1940,13940,-0.667905,0.577687
primary_strict_point_hn1,4,1941,13941,-0.504181,0.525446
primary_strict_point_hn1,4,1942,13942,-0.581469,0.650473
primary_strict_point_hn1,4,1943,13943,-0.281675,0.574249
primary_strict_point_hn1,4,1944,13944,-0.33435,0.620128
primary_strict_point_hn1,4,1945,13945,-0.31585,0.684166
primary_strict_point_hn1,4,1946,13946,-0.411621,0.530787
primary_strict_point_hn1,4,1947,13947,-0.246162,0.573827
primary_strict_point_hn1,4,1948,13948,-0.449568,0.411909
primary_strict_point_hn1,4,1949,13949,-0.411404,0.634146
primary_strict_point_hn1,4,1950,13950,-0.505635,0.49111
primary_strict_point_hn1,4,1951,13951,-0.640605,0.338046
primary_strict_point_hn1,4,1952,13952,-0.710794,0.287404
primary_strict_point_hn1,4,1953,13953,-0.524222,0.549191
primary_strict_point_hn1,4,1954,13954,-0.381883,0.535287
primary_strict_point_hn1,4,1955,13955,-0.338105,0.573896
primary_strict_point_hn1,4,1956,13956,-0.428754,0.496996
primary_strict_point_hn1,4,1957,13957,-0.341444,0.616524
primary_strict_point_hn1,4,1958,13958,-0.349677,0.603965
primary_strict_point_hn1,4,1959,13959,-0.310417,0.600725
primary_strict_point_hn1,4,1960,13960,-0.309308,0.557339
primary_strict_point_hn1,4,1961,13961,-0.12571,0.809344
primary_strict_point_hn1,4,1962,13962,-0.0696566,0.848719
primary_strict_point_hn1,4,1963,13963,-0.233122,0.866403
primary_strict_point_hn1,4,1964,13964,-0.24483,0.725845
primary_strict_point_hn1,4,1965,13965,-0.473699,0.57203
primary_strict_point_hn1,4,1966,13966,-0.27893,0.732616
primary_strict_point_hn1,4,1967,13967,-0.371554,0.884675
primary_strict_point_hn1,4,1968,13968,-0.433897,0.680907
primary_strict_point_hn1,4,1969,13969,-0.424427,0.748339
primary_strict_point_hn1,4,1970,13970,-0.479563,0.556033
primary_strict_point_hn1,4,1971,13971,-0.495899,0.575815
primary_strict_point_hn1,4,1972,13972,-0.60388,0.509074
primary_strict_point_hn1,4,1973,13973,-0.692576,0.670785
primary_strict_point_hn1,4,1974,13974,-0.786862,0.63422
primary_strict_point_hn1,4,1975,13975,-0.809097,0.636636
primary_strict_point_hn1,4,1976,13976,-0.910596,0.752492
primary_strict_point_hn1,4,1977,13977,-0.586413,0.513573
primary_strict_point_hn1,4,1978,13978,-0.61528,0.474136
primary_strict_point_hn1,4,1979,13979,-0.576838,0.67658
primary_strict_point_hn1,4,1980,13980,-0.699168,0.721843
primary_strict_point_hn1,4,1981,13981,-0.790495,0.926949
primary_strict_point_hn1,4,1982,13982,-0.689435,0.83239
primary_strict_point_hn1,4,1983,13983,-0.925008,0.602956
primary_strict_point_hn1,4,1984,13984,-0.597647,0.566835
primary_strict_point_hn1,4,1985,13985,-0.925047,0.712195
primary_strict_point_hn1,4,1986,13986,-0.891072,0.534197
primary_strict_point_hn1,4,1987,13987,-0.930858,0.635176
primary_strict_point_hn1,4,1988,13988,-0.664894,0.717474
primary_strict_point_hn1,4,1989,13989,-0.78733,0.557904
primary_strict_point_hn1,4,1990,13990,-0.666544,0.535452
primary_strict_point_hn1,4,1991,13991,-0.547286,0.570735
primary_strict_point_hn1,4,1992,13992,-0.586082,0.58831
primary_strict_point_hn1,4,1993,13993,-0.510529,0.735492
primary_strict_point_hn1,4,1994,13994,-0.543409,0.733594
primary_strict_point_hn1,4,1995,13995,-0.559225,0.63014
primary_strict_point_hn1,4,1996,13996,-0.566659,0.647849
primary_strict_point_hn1,4,1997,13997,-0.582973,0.810894
primary_strict_point_hn1,4,1998,13998,-0.736359,0.465264
primary_strict_point_hn1,4,1999,13999,-1.0478,0.538614
primary_strict_point_hn1,4,2000,14000,-1.05422,0.753912
primary_strict_point_hn1,4,2001,14001,-1.13057,0.779134
primary_strict_point_hn1,4,2002,14002,-0.964375,0.640134
primary_strict_point_hn1,4,2003,14003,-0.672573,0.634769
primary_strict_point_hn1,4,2004,14004,-0.684044,0.73519
primary_strict_point_hn1,4,2005,14005,-0.754654,1.10997
primary_strict_point_hn1,4,2006,14006,-0.733639,0.613914
primary_strict_point_hn1,4,2007,14007,-0.588226,0.441583
primary_strict_point_hn1,4,2008,14008,-0.453506,0.616819
primary_strict_point_hn1,4,2009,14009,-0.56009,0.446539
primary_strict_point_hn1,4,2010,14010,-0.384544,0.635548
primary_strict_point_hn1,4,2011,14011,-0.520643,0.458072
primary_strict_point_hn1,4,2012,14012,-0.48102,0.611261
primary_strict_point_hn1,4,2013,14013,-0.521434,0.652099
primary_strict_point_hn1,4,2014,14014,-0.502743,0.64378
primary_strict_point_hn1,4,2015,14015,-0.516101,0.488842
primary_strict_point_hn1,4,2016,14016,-0.589221,0.54344
primary_strict_point_hn1,4,2017,14017,-0.489925,0.601702
primary_strict_point_hn1,4,2018,14018,-0.694063,0.476048
primary_strict_point_hn1,4,2019,14019,-0.899088,0.778233
primary_strict_point_hn1,4,2020,14020,-0.938104,0.828968
primary_strict_point_hn1,4,2021,14021,-0.835266,0.482056
primary_strict_point_hn1,4,2022,14022,-0.800695,0.728407
primary_strict_point_hn1,4,2023,14023,-0.535778,0.557268
primary_strict_point_hn1,4,2024,14024,-0.409161,0.612312
primary_strict_point_hn1,4,2025,14025,-0.459239,0.492761
primary_strict_point_hn1,4,2026,14026,-0.541184,0.477937
primary_strict_point_hn1,4,2027,14027,-0.431518,0.773637
primary_strict_point_hn1,4,2028,14028,-0.564925,0.610507
primary_strict_point_hn1,4,2029,14029,-0.482307,0.431808
primary_strict_point_hn1,4,2030,14030,-0.452524,0.818936
primary_strict_point_hn1,4,2031,14031,-0.546558,0.716472
primary_strict_point_hn1,4,2032,14032,-0.621757,0.529732
primary_strict_point_hn1,4,2033,14033,-0.380795,0.574428
primary_strict_point_hn1,4,2034,14034,-0.526211,0.557005
primary_strict_point_hn1,4,2035,14035,-0.481269,0.560949
primary_strict_point_hn1,4,2036,14036,-0.867381,0.346824
primary_strict_point_hn1,4,2037,14037,-0.810635,0.362582
primary_strict_point_hn1,4,2038,14038,-0.786855,0.480681
primary_strict_point_hn1,4,2039,14039,-0.731644,0.533733
primary_strict_point_hn1,4,2040,14040,-0.777934,0.531755
primary_strict_point_hn1,4,2041,14041,-0.764898,0.659822
primary_strict_point_hn1,4,2042,14042,-0.639545,0.699991
primary_strict_point_hn1,4,2043,14043,-0.660224,0.811361
primary_strict_point_hn1,4,2044,14044,-0.702259,0.58467
primary_strict_point_hn1,4,2045,14045,-0.812081,0.512341
primary_strict_point_hn1,4,2046,14046,-0.819623,0.539075
primary_strict_point_hn1,4,2047,14047,-0.666769,0.600416
primary_strict_point_hn1,4,2048,14048,-0.655365,0.527368
primary_strict_point_hn1,4,2049,14049,-0.658396,0.458437
primary_strict_point_hn1,4,2050,14050,-0.762641,0.527597
primary_strict_point_hn1,4,2051,14051,-0.782906,0.522142
primary_strict_point_hn1,4,2052,14052,-0.919377,0.51661
primary_strict_point_hn1,4,2053,14053,-0.936527,0.443811
primary_strict_point_hn1,4,2054,14054,-0.665293,0.487897
primary_strict_point_hn1,4,2055,14055,-0.561457,0.554877
primary_strict_point_hn1,4,2056,14056,-0.548103,0.966267
primary_strict_point_hn1,4,2057,14057,-0.403817,1.02126
primary_strict_point_hn1,4,2058,14058,-0.382534,1.13515
primary_strict_point_hn1,4,2059,14059,-0.23331,1.16169
primary_strict_point_hn1,4,2060,14060,-0.462745,1.07319
primary_strict_point_hn1,4,2061,14061,-0.601212,0.587574
primary_strict_point_hn1,4,2062,14062,-0.570704,0.47088
primary_strict_point_hn1,4,2063,14063,-0.740532,0.651587
primary_strict_point_hn1,4,2064,14064,-0.572284,0.531899
primary_strict_point_hn1,4,2065,14065,-0.632795,0.420851
primary_strict_point_hn1,4,2066,14066,-0.711444,0.355081
primary_strict_point_hn1,4,2067,14067,-0.719117,0.337806
primary_strict_point_hn1,4,2068,14068,-0.418305,0.411918
primary_strict_point_hn1,4,2069,14069,-0.661423,0.373004
primary_strict_point_hn1,4,2070,14070,-0.639611,0.42131
primary_strict_point_hn1,4,2071,14071,-0.659161,0.469092
primary_strict_point_hn1,4,2072,14072,-0.556617,0.360421
primary_strict_point_hn1,4,2073,14073,-0.473552,0.582462
primary_strict_point_hn1,4,2074,14074,-0.607017,0.472063
primary_strict_point_hn1,4,2075,14075,-0.645003,0.449564
primary_strict_point_hn1,4,2076,14076,-0.706302,0.589341
primary_strict_point_hn1,4,2077,14077,-0.56303,0.393566
primary_strict_point_hn1,4,2078,14078,-0.602097,0.45668
primary_strict_point_hn1,4,2079,14079,-0.742857,0.317491
primary_strict_point_hn1,4,2080,14080,-0.79137,0.491535
primary_strict_point_hn1,4,2081,14081,-0.656646,0.313234
primary_strict_point_hn1,4,2082,14082,-0.867603,0.543019
primary_strict_point_hn1,4,2083,14083,-0.6542,0.413082
primary_strict_point_hn1,4,2084,14084,-0.681339,0.452147
primary_strict_point_hn1,4,2085,14085,-0.614629,0.455773
primary_strict_point_hn1,4,2086,14086,-0.614819,0.509711
primary_strict_point_hn1,4,2087,14087,-0.626324,0.585148
primary_strict_point_hn1,4,2088,14088,-0.780075,0.399883
primary_strict_point_hn1,4,2089,14089,-0.704315,0.402342
primary_strict_point_hn1,4,2090,14090,-0.926381,0.466203
primary_strict_point_hn1,4,2091,14091,-0.374627,0.419366
primary_strict_point_hn1,4,2092,14092,-0.614626,0.508947
primary_strict_point_hn1,4,2093,14093,-0.481254,0.51811
primary_strict_point_hn1,4,2094,14094,-0.381201,0.605208
primary_strict_point_hn1,4,2095,14095,-0.494983,0.459751
primary_strict_point_hn1,4,2096,14096,-0.607473,0.498613
primary_strict_point_hn1,4,2097,14097,-0.497712,0.492571
primary_strict_point_hn1,4,2098,14098,-0.543471,0.43897
primary_strict_point_hn1,4,2099,14099,-0.714199,0.3994
primary_strict_point_hn1,4,2100,14100,-0.649676,0.411569
primary_strict_point_hn1,4,2101,14101,-0.56935,0.451788
primary_strict_point_hn1,4,2102,14102,-0.455312,0.436512
primary_strict_point_hn1,4,2103,14103,-0.477573,0.523811
primary_strict_point_hn1,4,2104,14104,-0.584647,0.50848
primary_strict_point_hn1,4,2105,14105,-0.727521,0.576956
primary_strict_point_hn1,4,2106,14106,-0.635317,0.568209
primary_strict_point_hn1,4,2107,14107,-0.514653,0.503887
primary_strict_point_hn1,4,2108,14108,-0.386604,0.99656
primary_strict_point_hn1,4,2109,14109,-0.698987,0.560437
primary_strict_point_hn1,4,2110,14110,-0.982088,0.693937
primary_strict_point_hn1,4,2111,14111,-0.683438,0.477705
primary_strict_point_hn1,4,2112,14112,-0.161407,0.999326
primary_strict_point_hn1,4,2113,14113,-0.164675,1.241
primary_strict_point_hn1,4,2114,14114,0.0253794,1.57566
primary_strict_point_hn1,4,2115,14115,-0.00876088,1.16064
primary_strict_point_hn1,4,2116,14116,0.0240609,1.07515
primary_strict_point_hn1,4,2117,14117,-0.326892,0.451332
primary_strict_point_hn1,4,2118,14118,-0.239215,0.444937
primary_strict_point_hn1,4,2119,14119,-0.256432,0.635381
primary_strict_point_hn1,4,2120,14120,-0.368352,0.653294
primary_strict_point_hn1,4,2121,14121,-0.277802,0.643009
primary_strict_point_hn1,4,2122,14122,-0.595223,0.524774
primary_strict_point_hn1,4,2123,14123,-0.543719,0.693256
primary_strict_point_hn1,4,2124,14124,-0.665135,0.745095
primary_strict_point_hn1,4,2125,14125,-0.543619,0.647004
primary_strict_point_hn1,4,2126,14126,-0.694587,0.388387
primary_strict_point_hn1,4,2127,14127,-0.838205,0.718729
primary_strict_point_hn1,4,2128,14128,-0.871119,0.641838
primary_strict_point_hn1,4,2129,14129,-0.93254,0.476619
primary_strict_point_hn1,4,2130,14130,-0.803464,0.51456
primary_strict_point_hn1,4,2131,14131,-0.927306,0.634892
primary_strict_point_hn1,4,2132,14132,-0.807896,0.483389
primary_strict_point_hn1,4,2133,14133,-0.798986,0.48304
primary_strict_point_hn1,4,2134,14134,-0.985612,0.594601
primary_strict_point_hn1,4,2135,14135,-0.833418,0.525389
primary_strict_point_hn1,4,2136,14136,-0.998301,0.481117
primary_strict_point_hn1,4,2137,14137,-0.898921,0.466209
primary_strict_point_hn1,4,2138,14138,-0.802241,0.49058
primary_strict_point_hn1,4,2139,14139,-0.679446,0.542469
primary_strict_point_hn1,4,2140,14140,-0.730194,0.501053
primary_strict_point_hn1,4,2141,14141,-0.696142,0.551572
primary_strict_point_hn1,4,2142,14142,-0.848436,0.727393
primary_strict_point_hn1,4,2143,14143,-0.827235,0.676823
primary_strict_point_hn1,4,2144,14144,-0.829675,0.913727
primary_strict_point_hn1,4,2145,14145,-1.03033,0.636315
primary_strict_point_hn1,4,2146,14146,-1.0296400000000001,0.952298
primary_strict_point_hn1,4,2147,14147,-1.04313,0.941231
primary_strict_point_hn1,4,2148,14148,-1.0632,0.82219
primary_strict_point_hn1,4,2149,14149,-0.317962,0.715872
primary_strict_point_hn1,4,2150,14150,-0.405955,0.609417
primary_strict_point_hn1,4,2151,14151,-0.317032,0.65631
primary_strict_point_hn1,4,2152,14152,-0.508556,0.36503
primary_strict_point_hn1,4,2153,14153,-0.998091,0.828412
primary_strict_point_hn1,4,2154,14154,-1.2653,0.755325
primary_strict_point_hn1,4,2155,14155,-1.22123,0.693251
primary_strict_point_hn1,4,2156,14156,-1.31729,0.713083
primary_strict_point_hn1,4,2157,14157,-1.24327,0.780656
primary_strict_point_hn1,4,2158,14158,-1.11683,0.624205
primary_strict_point_hn1,4,2159,14159,-0.853496,0.692172
primary_strict_point_hn1,4,2160,14160,-0.841027,0.692676
primary_strict_point_hn1,4,2161,14161,-1.01616,0.625674
primary_strict_point_hn1,4,2162,14162,-1.04594,0.671215
primary_strict_point_hn1,4,2163,14163,-0.763273,0.654151
primary_strict_point_hn1,4,2164,14164,-0.647382,0.551673
primary_strict_point_hn1,4,2165,14165,-0.752609,0.630274
primary_strict_point_hn1,4,2166,14166,-0.736047,0.548761
primary_strict_point_hn1,4,2167,14167,-0.80046,0.646746
primary_strict_point_hn1,4,2168,14168,-0.761111,0.641298
primary_strict_point_hn1,4,2169,14169,-0.653662,0.563558
primary_strict_point_hn1,4,2170,14170,-0.573929,0.600599
primary_strict_point_hn1,4,2171,14171,-0.6564,0.497218
primary_strict_point_hn1,4,2172,14172,-0.57187,0.547183
primary_strict_point_hn1,4,2173,14173,-0.628546,0.768612
primary_strict_point_hn1,4,2174,14174,-0.629447,0.785807
primary_strict_point_hn1,4,2175,14175,-0.711967,0.847571
primary_strict_point_hn1,4,2176,14176,-0.684,0.64217
primary_strict_point_hn1,4,2177,14177,-0.687598,0.42814
primary_strict_point_hn1,4,2178,14178,-0.668388,0.452885
primary_strict_point_hn1,4,2179,14179,-0.650339,0.405533
primary_strict_point_hn1,4,2180,14180,-0.360398,0.425534
primary_strict_point_hn1,4,2181,14181,-0.467353,0.491299
primary_strict_point_hn1,4,2182,14182,-0.452576,0.499437
primary_strict_point_hn1,4,2183,14183,-0.243593,0.599502
primary_strict_point_hn1,4,2184,14184,-0.418625,0.510492
primary_strict_point_hn1,4,2185,14185,-0.537009,0.615444
primary_strict_point_hn1,4,2186,14186,-0.514059,0.610291
primary_strict_point_hn1,4,2187,14187,-0.684812,0.465478
primary_strict_point_hn1,4,2188,14188,-0.454615,0.458522
primary_strict_point_hn1,4,2189,14189,-0.409354,0.440466
primary_strict_point_hn1,4,2190,14190,-0.627232,0.350196
primary_strict_point_hn1,4,2191,14191,-0.67197,0.386803
primary_strict_point_hn1,4,2192,14192,-0.504165,0.356028
primary_strict_point_hn1,4,2193,14193,-0.569217,0.378199
primary_strict_point_hn1,4,2194,14194,-0.59962,0.439048
primary_strict_point_hn1,4,2195,14195,-0.60233,0.474959
primary_strict_point_hn1,4,2196,14196,-0.729945,0.729387
primary_strict_point_hn1,4,2197,14197,-0.820458,0.589206
primary_strict_point_hn1,4,2198,14198,-0.840216,0.544442
primary_strict_point_hn1,4,2199,14199,-0.419174,0.515012
primary_strict_point_hn1,4,2200,14200,-0.603904,0.55931
primary_strict_point_hn1,4,2201,14201,-0.671638,0.533266
primary_strict_point_hn1,4,2202,14202,-0.51252,0.50553
primary_strict_point_hn1,4,2203,14203,-0.564468,0.50055
primary_strict_point_hn1,4,2204,14204,-0.701569,0.377109
primary_strict_point_hn1,4,2205,14205,-0.732352,0.573655
primary_strict_point_hn1,4,2206,14206,-1.03547,0.591506
primary_strict_point_hn1,4,2207,14207,-1.17402,0.761489
primary_strict_point_hn1,4,2208,14208,-1.09472,0.58719
primary_strict_point_hn1,4,2209,14209,-1.04262,0.710566
primary_strict_point_hn1,4,2210,14210,-0.500106,0.739301
primary_strict_point_hn1,4,2211,14211,-0.777921,0.52765
primary_strict_point_hn1,4,2212,14212,-0.747784,0.559393
primary_strict_point_hn1,4,2213,14213,-0.689852,0.425193
primary_strict_point_hn1,4,2214,14214,-0.772539,0.399619
primary_strict_point_hn1,4,2215,14215,-0.678355,0.406559
primary_strict_point_hn1,4,2216,14216,-0.69836,0.274598
primary_strict_point_hn1,4,2217,14217,-0.609686,0.340749
primary_strict_point_hn1,4,2218,14218,-0.52102,0.37052
primary_strict_point_hn1,4,2219,14219,-0.496887,0.339211
primary_strict_point_hn1,4,2220,14220,-0.636271,0.40294
primary_strict_point_hn1,4,2221,14221,-0.678668,0.243119
primary_strict_point_hn1,4,2222,14222,-0.880335,0.40625
primary_strict_point_hn1,4,2223,14223,-0.629958,0.797891
primary_strict_point_hn1,4,2224,14224,-0.56964,0.728906
primary_strict_point_hn1,4,2225,14225,-0.56507,0.649724
primary_strict_point_hn1,4,2226,14226,-0.437741,0.699911
primary_strict_point_hn1,4,2227,14227,-0.367572,0.536509
primary_strict_point_hn1,4,2228,14228,-0.549931,0.451629
primary_strict_point_hn1,4,2229,14229,-0.617849,0.625757
primary_strict_point_hn1,4,2230,14230,-0.597042,0.568138
primary_strict_point_hn1,4,2231,14231,-0.608405,0.511184
primary_strict_point_hn1,4,2232,14232,-0.615975,0.583554
primary_strict_point_hn1,4,2233,14233,-0.570761,0.622862
primary_strict_point_hn1,4,2234,14234,-0.861192,0.554604
primary_strict_point_hn1,4,2235,14235,-0.759921,0.46524
primary_strict_point_hn1,4,2236,14236,-0.595383,0.315464
primary_strict_point_hn1,4,2237,14237,-0.566882,0.667796
primary_strict_point_hn1,4,2238,14238,-0.693762,0.465711
primary_strict_point_hn1,4,2239,14239,-0.577566,0.555594
primary_strict_point_hn1,4,2240,14240,-0.510472,0.49074
primary_strict_point_hn1,4,2241,14241,-0.597286,0.499507
primary_strict_point_hn1,4,2242,14242,-0.770401,0.64054
primary_strict_point_hn1,4,2243,14243,-0.746949,0.520177
primary_strict_point_hn1,4,2244,14244,-0.674418,0.522056
primary_strict_point_hn1,4,2245,14245,-0.877943,0.579124
primary_strict_point_hn1,4,2246,14246,-0.716289,0.551213
primary_strict_point_hn1,4,2247,14247,-0.488004,0.507882
primary_strict_point_hn1,4,2248,14248,-0.459023,0.459939
primary_strict_point_hn1,4,2249,14249,-0.581645,0.35267
primary_strict_point_hn1,4,2250,14250,-0.255908,0.663645
primary_strict_point_hn1,4,2251,14251,-0.707258,0.448795
primary_strict_point_hn1,4,2252,14252,-0.618019,0.449083
primary_strict_point_hn1,4,2253,14253,-0.70486,0.404849
primary_strict_point_hn1,4,2254,14254,-0.732864,0.433501
primary_strict_point_hn1,4,2255,14255,-0.690834,0.44085800000000003
primary_strict_point_hn1,4,2256,14256,-0.737801,0.488809
primary_strict_point_hn1,4,2257,14257,-0.823036,0.478925
primary_strict_point_hn1,4,2258,14258,-0.790446,0.612541
primary_strict_point_hn1,4,2259,14259,-0.649302,0.798532
primary_strict_point_hn1,4,2260,14260,-0.736639,0.809861
primary_strict_point_hn1,4,2261,14261,-0.567516,1.07872
primary_strict_point_hn1,4,2262,14262,-0.929155,0.481507
primary_strict_point_hn1,4,2263,14263,-0.823743,0.356274
primary_strict_point_hn1,4,2264,14264,-0.978492,0.40876
primary_strict_point_hn1,4,2265,14265,-0.638588,0.623289
primary_strict_point_hn1,4,2266,14266,-0.616744,0.544501
primary_strict_point_hn1,4,2267,14267,-0.769277,0.525936
primary_strict_point_hn1,4,2268,14268,-0.906488,0.569567
primary_strict_point_hn1,4,2269,14269,-0.730965,0.565451
primary_strict_point_hn1,4,2270,14270,-0.861022,0.571986
primary_strict_point_hn1,4,2271,14271,-0.784184,0.557798
primary_strict_point_hn1,4,2272,14272,-0.716874,0.523575
primary_strict_point_hn1,4,2273,14273,-0.737031,0.853093
primary_strict_point_hn1,4,2274,14274,-0.843043,0.524045
primary_strict_point_hn1,4,2275,14275,-1.08436,0.780294
primary_strict_point_hn1,4,2276,14276,-0.879081,0.46703
primary_strict_point_hn1,4,2277,14277,-0.527795,0.55748
primary_strict_point_hn1,4,2278,14278,-0.786774,0.569532
primary_strict_point_hn1,4,2279,14279,-0.551042,0.529966
primary_strict_point_hn1,4,2280,14280,-0.759579,0.570513
primary_strict_point_hn1,4,2281,14281,-0.674253,0.587111
primary_strict_point_hn1,4,2282,14282,-0.741689,0.62818
primary_strict_point_hn1,4,2283,14283,-0.78182,0.536013
primary_strict_point_hn1,4,2284,14284,-0.99518,0.668532
primary_strict_point_hn1,4,2285,14285,-0.813169,0.738457
primary_strict_point_hn1,4,2286,14286,-0.793703,0.737673
primary_strict_point_hn1,4,2287,14287,-0.621428,0.354786
primary_strict_point_hn1,4,2288,14288,-0.668886,0.376213
primary_strict_point_hn1,4,2289,14289,-0.625165,0.521892
primary_strict_point_hn1,4,2290,14290,-0.990529,0.495582
primary_strict_point_hn1,4,2291,14291,-0.667278,0.464203
primary_strict_point_hn1,4,2292,14292,-0.567486,0.417477
primary_strict_point_hn1,4,2293,14293,-0.502103,0.606295
primary_strict_point_hn1,4,2294,14294,-0.781919,0.609646
primary_strict_point_hn1,4,2295,14295,-0.996902,0.664531
primary_strict_point_hn1,4,2296,14296,-1.19837,0.614011
primary_strict_point_hn1,4,2297,14297,-0.923455,0.484585
primary_strict_point_hn1,4,2298,14298,-1.07914,0.601527
primary_strict_point_hn1,4,2299,14299,-1.09104,0.527267
primary_strict_point_hn1,4,2300,14300,-1.14648,0.48467
primary_strict_point_hn1,4,2301,14301,-0.962742,0.751669
primary_strict_point_hn1,4,2302,14302,-0.758141,0.542665
primary_strict_point_hn1,4,2303,14303,-0.608894,0.637428
primary_strict_point_hn1,4,2304,14304,-0.648868,0.570558
primary_strict_point_hn1,4,2305,14305,-0.620901,0.527586
primary_strict_point_hn1,4,2306,14306,-0.6838,0.884888
primary_strict_point_hn1,4,2307,14307,-0.673413,0.778083
primary_strict_point_hn1,4,2308,14308,-0.734859,0.906864
primary_strict_point_hn1,4,2309,14309,-0.630201,0.696471
primary_strict_point_hn1,4,2310,14310,-0.793866,0.683429
primary_strict_point_hn1,4,2311,14311,-0.672867,0.636096
primary_strict_point_hn1,4,2312,14312,-0.649818,0.792363
primary_strict_point_hn1,4,2313,14313,-0.533438,0.742161
primary_strict_point_hn1,4,2314,14314,-0.62258,0.647591
primary_strict_point_hn1,4,2315,14315,-0.541724,0.587318
primary_strict_point_hn1,4,2316,14316,-0.697839,0.460056
primary_strict_point_hn1,4,2317,14317,-0.637235,0.515883
primary_strict_point_hn1,4,2318,14318,-0.495989,0.611122
primary_strict_point_hn1,4,2319,14319,-0.527625,0.542013
primary_strict_point_hn1,4,2320,14320,-0.720043,0.497502
primary_strict_point_hn1,4,2321,14321,-0.722478,0.507456
primary_strict_point_hn1,4,2322,14322,-0.780871,0.556564
primary_strict_point_hn1,4,2323,14323,-0.657695,0.752419
primary_strict_point_hn1,4,2324,14324,-0.716013,0.431912
primary_strict_point_hn1,4,2325,14325,-0.564406,0.509306
primary_strict_point_hn1,4,2326,14326,-0.552865,0.567344
primary_strict_point_hn1,4,2327,14327,-0.634462,0.404244
primary_strict_point_hn1,4,2328,14328,-0.555078,0.375508
primary_strict_point_hn1,4,2329,14329,-0.639972,0.439656
primary_strict_point_hn1,4,2330,14330,-0.621052,0.407082
primary_strict_point_hn1,4,2331,14331,-0.544121,0.56526
primary_strict_point_hn1,4,2332,14332,-0.579426,0.802582
primary_strict_point_hn1,4,2333,14333,-0.760626,0.806
primary_strict_point_hn1,4,2334,14334,-0.980881,0.802959
primary_strict_point_hn1,4,2335,14335,-0.862883,0.80867
primary_strict_point_hn1,4,2336,14336,-0.851002,0.710562
primary_strict_point_hn1,4,2337,14337,-0.842476,0.94264
primary_strict_point_hn1,4,2338,14338,-0.906156,0.874499
primary_strict_point_hn1,4,2339,14339,-0.825982,0.809452
primary_strict_point_hn1,4,2340,14340,-0.811135,0.675818
primary_strict_point_hn1,4,2341,14341,-0.855021,0.617391
primary_strict_point_hn1,4,2342,14342,-0.700919,0.553813
primary_strict_point_hn1,4,2343,14343,-0.512129,0.697234
primary_strict_point_hn1,4,2344,14344,-0.553034,0.691383
primary_strict_point_hn1,4,2345,14345,-0.428869,0.63448
primary_strict_point_hn1,4,2346,14346,-0.418594,0.521856
primary_strict_point_hn1,4,2347,14347,-0.755055,0.542292
primary_strict_point_hn1,4,2348,14348,-0.752005,0.537981
primary_strict_point_hn1,4,2349,14349,-0.594896,0.538819
primary_strict_point_hn1,4,2350,14350,-0.588152,0.698589
primary_strict_point_hn1,4,2351,14351,-0.671624,0.625448
primary_strict_point_hn1,4,2352,14352,-0.646976,0.493821
primary_strict_point_hn1,4,2353,14353,-0.623855,0.672155
primary_strict_point_hn1,4,2354,14354,-0.70277,0.485364
primary_strict_point_hn1,4,2355,14355,-0.909098,0.456514
primary_strict_point_hn1,4,2356,14356,-0.926046,0.429519
primary_strict_point_hn1,4,2357,14357,-0.925581,0.464703
primary_strict_point_hn1,4,2358,14358,-0.735439,0.377299
primary_strict_point_hn1,4,2359,14359,-0.773128,0.457368
primary_strict_point_hn1,4,2360,14360,-0.63133,0.364801
primary_strict_point_hn1,4,2361,14361,-0.547655,0.410267
primary_strict_point_hn1,4,2362,14362,-0.589981,0.357391
primary_strict_point_hn1,4,2363,14363,-1.03598,0.471024
primary_strict_point_hn1,4,2364,14364,-0.835609,0.414112
primary_strict_point_hn1,4,2365,14365,-0.922035,0.35227
primary_strict_point_hn1,4,2366,14366,-1.0296,0.502715
primary_strict_point_hn1,4,2367,14367,0.0870351,0.72924
primary_strict_point_hn1,4,2368,14368,-0.121685,0.561672
primary_strict_point_hn1,4,2369,14369,-0.268903,0.472892
primary_strict_point_hn1,4,2370,14370,-0.39387,0.577369
primary_strict_point_hn1,4,2371,14371,-0.571455,0.63917
primary_strict_point_hn1,4,2372,14372,-0.732134,0.570043
primary_strict_point_hn1,4,2373,14373,-0.754763,0.664233
primary_strict_point_hn1,4,2374,14374,-0.71437,0.717996
primary_strict_point_hn1,4,2375,14375,-0.645012,0.626613
primary_strict_point_hn1,4,2376,14376,-0.60571,0.557936
primary_strict_point_hn1,4,2377,14377,-0.842749,0.436935
primary_strict_point_hn1,4,2378,14378,-0.72338,0.289585
primary_strict_point_hn1,4,2379,14379,-0.782058,0.330981
primary_strict_point_hn1,4,2380,14380,-0.941486,0.536845
primary_strict_point_hn1,4,2381,14381,-0.698656,0.535663
primary_strict_point_hn1,4,2382,14382,-0.698251,0.58661
primary_strict_point_hn1,4,2383,14383,-0.702804,0.5503
primary_strict_point_hn1,4,2384,14384,-0.757137,0.657645
primary_strict_point_hn1,4,2385,14385,-0.741807,0.478727
primary_strict_point_hn1,4,2386,14386,-0.609144,0.598593
primary_strict_point_hn1,4,2387,14387,-0.573414,0.569758
primary_strict_point_hn1,4,2388,14388,-0.545111,0.58954
primary_strict_point_hn1,4,2389,14389,-0.683677,0.355875
primary_strict_point_hn1,4,2390,14390,-0.895611,0.552083
primary_strict_point_hn1,4,2391,14391,-0.867973,0.423176
primary_strict_point_hn1,4,2392,14392,-0.919757,0.40646
primary_strict_point_hn1,4,2393,14393,-0.83982,0.381909
primary_strict_point_hn1,4,2394,14394,-0.686096,0.534236
primary_strict_point_hn1,4,2395,14395,-0.714412,0.508558
primary_strict_point_hn1,4,2396,14396,-0.749599,0.88616
primary_strict_point_hn1,4,2397,14397,-0.844082,0.976402
primary_strict_point_hn1,4,2398,14398,-0.813976,0.901442
primary_strict_point_hn1,4,2399,14399,-0.736423,0.974795
primary_strict_point_hn1,4,2400,14400,-0.814848,0.752524
primary_strict_point_hn1,4,2401,14401,-0.640858,0.703469
primary_strict_point_hn1,4,2402,14402,-0.717861,0.635667
primary_strict_point_hn1,4,2403,14403,-0.300713,0.628145
primary_strict_point_hn1,4,2404,14404,-0.699619,0.560312
primary_strict_point_hn1,4,2405,14405,-0.791292,0.553917
primary_strict_point_hn1,4,2406,14406,-0.686342,0.574652
primary_strict_point_hn1,4,2407,14407,-0.73585,0.568458
primary_strict_point_hn1,4,2408,14408,-0.772033,0.415956
primary_strict_point_hn1,4,2409,14409,-0.729814,0.45345800000000003
primary_strict_point_hn1,4,2410,14410,-0.572025,0.763915
primary_strict_point_hn1,4,2411,14411,-0.613435,0.695252
primary_strict_point_hn1,4,2412,14412,-0.704644,0.669112
primary_strict_point_hn1,4,2413,14413,-0.699372,0.475562
primary_strict_point_hn1,4,2414,14414,-0.778499,0.812199
primary_strict_point_hn1,4,2415,14415,-0.488271,1.02069
primary_strict_point_hn1,4,2416,14416,-0.468582,1.03063
primary_strict_point_hn1,4,2417,14417,-0.402976,0.920699
primary_strict_point_hn1,4,2418,14418,-0.416746,1.03604
primary_strict_point_hn1,4,2419,14419,-0.352311,0.960844
primary_strict_point_hn1,4,2420,14420,-0.534276,0.436317
primary_strict_point_hn1,4,2421,14421,-0.799653,0.756173
primary_strict_point_hn1,4,2422,14422,-0.89887,0.671165
primary_strict_point_hn1,4,2423,14423,-0.885872,0.744674
primary_strict_point_hn1,4,2424,14424,-0.630052,0.462605
primary_strict_point_hn1,4,2425,14425,-0.610166,0.479319
primary_strict_point_hn1,4,2426,14426,-0.714204,0.541637
primary_strict_point_hn1,4,2427,14427,-0.73271,0.429974
primary_strict_point_hn1,4,2428,14428,-0.696526,0.584264
primary_strict_point_hn1,4,2429,14429,-0.696507,0.743206
primary_strict_point_hn1,4,2430,14430,-0.714099,0.835941
primary_strict_point_hn1,4,2431,14431,-0.778114,0.631034
primary_strict_point_hn1,4,2432,14432,-0.855707,0.772927
primary_strict_point_hn1,4,2433,14433,-0.462231,0.603023
primary_strict_point_hn1,4,2434,14434,-0.630095,0.836995
primary_strict_point_hn1,4,2435,14435,-0.535897,0.618963
primary_strict_point_hn1,4,2436,14436,-0.500246,0.611975
primary_strict_point_hn1,4,2437,14437,-0.410575,0.758827
primary_strict_point_hn1,4,2438,14438,-0.854747,0.519722
primary_strict_point_hn1,4,2439,14439,-0.779885,0.468615
primary_strict_point_hn1,4,2440,14440,-0.76604,0.493918
primary_strict_point_hn1,4,2441,14441,-0.89776,0.60433
primary_strict_point_hn1,4,2442,14442,-0.906395,0.624033
primary_strict_point_hn1,4,2443,14443,-0.973637,0.631018
primary_strict_point_hn1,4,2444,14444,-0.921247,0.520589
primary_strict_point_hn1,4,2445,14445,-0.731604,0.451086
primary_strict_point_hn1,4,2446,14446,-0.707871,0.519997
primary_strict_point_hn1,4,2447,14447,-0.657552,0.717724
primary_strict_point_hn1,4,2448,14448,-0.864666,0.426373
primary_strict_point_hn1,4,2449,14449,-0.381057,0.460735
primary_strict_point_hn1,4,2450,14450,-0.53482,0.983974
primary_strict_point_hn1,4,2451,14451,-0.667761,0.926579
primary_strict_point_hn1,4,2452,14452,-0.576805,1.08776
primary_strict_point_hn1,4,2453,14453,-0.54913,0.812972
primary_strict_point_hn1,4,2454,14454,-0.609556,0.411316
primary_strict_point_hn1,4,2455,14455,-0.617027,0.489902
primary_strict_point_hn1,4,2456,14456,-0.490988,0.433699
primary_strict_point_hn1,4,2457,14457,-0.466019,0.530371
primary_strict_point_hn1,4,2458,14458,-0.553585,0.666785
primary_strict_point_hn1,4,2459,14459,-0.587062,0.382235
primary_strict_point_hn1,4,2460,14460,-0.533603,0.408086
primary_strict_point_hn1,4,2461,14461,-0.63715,0.429677
primary_strict_point_hn1,4,2462,14462,-0.433007,0.395051
primary_strict_point_hn1,4,2463,14463,-0.690067,0.538461
primary_strict_point_hn1,4,2464,14464,-0.52425600000000006,0.580789
primary_strict_point_hn1,4,2465,14465,-0.799883,0.664079
primary_strict_point_hn1,4,2466,14466,-0.585901,0.809967
primary_strict_point_hn1,4,2467,14467,-0.626842,0.713853
primary_strict_point_hn1,4,2468,14468,-0.597111,0.587749
primary_strict_point_hn1,4,2469,14469,-0.62436,0.517703
primary_strict_point_hn1,4,2470,14470,-1.04424,0.69883
primary_strict_point_hn1,4,2471,14471,-0.878902,0.561402
primary_strict_point_hn1,4,2472,14472,-0.872462,0.498809
primary_strict_point_hn1,4,2473,14473,-0.830686,0.567544
primary_strict_point_hn1,4,2474,14474,-0.775649,0.887038
primary_strict_point_hn1,4,2475,14475,-0.894803,0.692427
primary_strict_point_hn1,4,2476,14476,-0.746525,0.665394
primary_strict_point_hn1,4,2477,14477,-0.887667,0.549228
primary_strict_point_hn1,4,2478,14478,-0.816527,0.523115
primary_strict_point_hn1,4,2479,14479,-0.68481,0.438621
primary_strict_point_hn1,4,2480,14480,-0.719184,0.614734
primary_strict_point_hn1,4,2481,14481,-0.397675,0.705977
primary_strict_point_hn1,4,2482,14482,-0.645265,0.525556
primary_strict_point_hn1,4,2483,14483,-0.34808,0.54819
primary_strict_point_hn1,4,2484,14484,-0.685192,0.52334
primary_strict_point_hn1,4,2485,14485,-0.611408,0.528944
primary_strict_point_hn1,4,2486,14486,-0.70979,0.57883
primary_strict_point_hn1,4,2487,14487,-0.672307,0.427233
primary_strict_point_hn1,4,2488,14488,-0.692328,0.350153
primary_strict_point_hn1,4,2489,14489,-0.730768,0.45433
primary_strict_point_hn1,4,2490,14490,-0.737105,0.413375
primary_strict_point_hn1,4,2491,14491,-0.782099,0.446838
primary_strict_point_hn1,4,2492,14492,-0.754298,0.817733
primary_strict_point_hn1,4,2493,14493,-0.775954,0.716623
primary_strict_point_hn1,4,2494,14494,-0.843808,0.883663
primary_strict_point_hn1,4,2495,14495,-0.806045,0.687461
primary_strict_point_hn1,4,2496,14496,-0.769258,0.789758
primary_strict_point_hn1,4,2497,14497,-0.82346,0.672063
primary_strict_point_hn1,4,2498,14498,-0.842932,0.67942
primary_strict_point_hn1,4,2499,14499,-0.857772,0.587383
primary_strict_point_hn1,4,2500,14500,-0.594465,0.827375
primary_strict_point_hn1,4,2501,14501,-0.509522,0.925482
primary_strict_point_hn1,4,2502,14502,-0.574448,0.849185
primary_strict_point_hn1,4,2503,14503,-0.520599,0.803768
primary_strict_point_hn1,4,2504,14504,-0.505748,0.853764
primary_strict_point_hn1,4,2505,14505,-0.561983,0.606816
primary_strict_point_hn1,4,2506,14506,-0.738067,0.478692
primary_strict_point_hn1,4,2507,14507,-0.804813,0.522792
primary_strict_point_hn1,4,2508,14508,-0.69328,0.960785
primary_strict_point_hn1,4,2509,14509,-0.667022,0.810576
primary_strict_point_hn1,4,2510,14510,-0.656134,1.0591
primary_strict_point_hn1,4,2511,14511,-0.685913,1.16267
primary_strict_point_hn1,4,2512,14512,-0.374401,0.928105
primary_strict_point_hn1,4,2513,14513,-0.306729,0.946614
primary_strict_point_hn1,4,2514,14514,-0.293792,0.850529
primary_strict_point_hn1,4,2515,14515,-0.229464,0.688426
primary_strict_point_hn1,4,2516,14516,-0.174779,0.713583
primary_strict_point_hn1,4,2517,14517,-0.508407,0.532452
primary_strict_point_hn1,4,2518,14518,-0.384889,0.87414
primary_strict_point_hn1,4,2519,14519,-0.328667,0.961716
primary_strict_point_hn1,4,2520,14520,-0.876536,0.473395
primary_strict_point_hn1,4,2521,14521,-1.0059,0.752961
primary_strict_point_hn1,4,2522,14522,-0.64367,0.618422
primary_strict_point_hn1,4,2523,14523,-0.789706,0.494561
primary_strict_point_hn1,4,2524,14524,-0.922951,0.552674
primary_strict_point_hn1,4,2525,14525,-0.752524,0.441925
primary_strict_point_hn1,4,2526,14526,-0.63592,0.650195
primary_strict_point_hn1,4,2527,14527,-0.46745,0.853107
primary_strict_point_hn1,4,2528,14528,-0.49647,0.973907
primary_strict_point_hn1,4,2529,14529,-0.590724,1.14532
primary_strict_point_hn1,4,2530,14530,-0.431396,1.04689
primary_strict_point_hn1,4,2531,14531,-0.705175,0.885333
primary_strict_point_hn1,4,2532,14532,-0.886674,1.05611
primary_strict_point_hn1,4,2533,14533,-0.640082,0.48251
primary_strict_point_hn1,4,2534,14534,-0.645601,0.536743
primary_strict_point_hn1,4,2535,14535,-0.5507,0.612014
primary_strict_point_hn1,4,2536,14536,-0.566243,0.638076
primary_strict_point_hn1,4,2537,14537,-0.454191,0.767629
primary_strict_point_hn1,4,2538,14538,-0.597271,0.634811
primary_strict_point_hn1,4,2539,14539,-0.702435,0.685798
primary_strict_point_hn1,4,2540,14540,-0.917838,0.452588
primary_strict_point_hn1,4,2541,14541,-0.889999,0.643983
primary_strict_point_hn1,4,2542,14542,-0.857309,0.757708
primary_strict_point_hn1,4,2543,14543,-0.833191,0.582606
primary_strict_point_hn1,4,2544,14544,-0.714132,0.65004
primary_strict_point_hn1,4,2545,14545,-0.698954,0.640131
primary_strict_point_hn1,4,2546,14546,-0.759158,0.626067
primary_strict_point_hn1,4,2547,14547,-0.850997,0.757706
primary_strict_point_hn1,4,2548,14548,-0.770255,0.663449
primary_strict_point_hn1,4,2549,14549,-0.392888,0.565328
primary_strict_point_hn1,4,2550,14550,-0.403737,0.497665
primary_strict_point_hn1,4,2551,14551,-0.326905,0.480372
primary_strict_point_hn1,4,2552,14552,-0.311636,0.571419
primary_strict_point_hn1,4,2553,14553,-0.574907,0.420106
primary_strict_point_hn1,4,2554,14554,-0.953488,0.483255
primary_strict_point_hn1,4,2555,14555,-0.775723,0.598312
primary_strict_point_hn1,4,2556,14556,-0.667791,0.613743
primary_strict_point_hn1,4,2557,14557,-0.776414,0.428315
primary_strict_point_hn1,4,2558,14558,-0.577419,0.438041
primary_strict_point_hn1,4,2559,14559,-0.91244,0.415601
primary_strict_point_hn1,4,2560,14560,-0.619143,0.494615
primary_strict_point_hn1,4,2561,14561,-0.611221,0.720597
primary_strict_point_hn1,4,2562,14562,-0.981704,0.815091
primary_strict_point_hn1,4,2563,14563,-0.862204,0.908521
primary_strict_point_hn1,4,2564,14564,-0.687697,0.781353
primary_strict_point_hn1,4,2565,14565,-0.709004,1.1261
primary_strict_point_hn1,4,2566,14566,-0.735011,1.0638
primary_strict_point_hn1,4,2567,14567,-0.217456,1.22835
primary_strict_point_hn1,4,2568,14568,-0.291471,1.27011
primary_strict_point_hn1,4,2569,14569,-0.832095,0.796542
primary_strict_point_hn1,4,2570,14570,-0.517221,0.569976
primary_strict_point_hn1,4,2571,14571,-0.711455,0.464724
primary_strict_point_hn1,4,2572,14572,-0.349432,0.678465
primary_strict_point_hn1,4,2573,14573,-0.676418,0.307427
primary_strict_point_hn1,4,2574,14574,-0.194053,0.535001
primary_strict_point_hn1,4,2575,14575,-0.407226,0.287951
primary_strict_point_hn1,4,2576,14576,-0.134368,0.599261
primary_strict_point_hn1,4,2577,14577,-0.175454,0.621534
primary_strict_point_hn1,4,2578,14578,-0.204697,0.613392
primary_strict_point_hn1,4,2579,14579,-0.174854,0.620933
primary_strict_point_hn1,4,2580,14580,-0.0711504,0.57798
primary_strict_point_hn1,4,2581,14581,-0.0189463,0.582704
primary_strict_point_hn1,4,2582,14582,-0.227559,0.654382
primary_strict_point_hn1,4,2583,14583,-0.340788,0.66943
primary_strict_point_hn1,4,2584,14584,-0.423009,0.35554
primary_strict_point_hn1,4,2585,14585,-0.343214,0.410761
primary_strict_point_hn1,4,2586,14586,-0.404889,0.483695
primary_strict_point_hn1,4,2587,14587,-0.175532,0.742235
primary_strict_point_hn1,4,2588,14588,-0.444638,0.586051
primary_strict_point_hn1,4,2589,14589,-0.360636,0.428325
primary_strict_point_hn1,4,2590,14590,-0.734095,0.592732
primary_strict_point_hn1,4,2591,14591,-0.528881,0.47053
primary_strict_point_hn1,4,2592,14592,-0.387437,1.04031
primary_strict_point_hn1,4,2593,14593,-0.508943,1.07755
primary_strict_point_hn1,4,2594,14594,-0.534934,0.965699
primary_strict_point_hn1,4,2595,14595,-0.555367,0.732088
primary_strict_point_hn1,4,2596,14596,-0.504428,0.543826
primary_strict_point_hn1,4,2597,14597,-0.524906,0.407507
primary_strict_point_hn1,4,2598,14598,-0.322416,0.372563
primary_strict_point_hn1,4,2599,14599,-0.303385,0.558254
primary_strict_point_hn1,4,2600,14600,-0.462334,0.334586
primary_strict_point_hn1,4,2601,14601,-0.70237,0.451745
primary_strict_point_hn1,4,2602,14602,-0.635811,0.407343
primary_strict_point_hn1,4,2603,14603,-0.550556,0.471252
primary_strict_point_hn1,4,2604,14604,-0.673216,0.567878
primary_strict_point_hn1,4,2605,14605,-0.700674,0.495106
primary_strict_point_hn1,4,2606,14606,-0.695757,0.57955
primary_strict_point_hn1,4,2607,14607,-0.814621,0.896945
primary_strict_point_hn1,4,2608,14608,-0.72966,0.81067
primary_strict_point_hn1,4,2609,14609,-0.925034,0.563083
primary_strict_point_hn1,4,2610,14610,-1.0502,0.756786
primary_strict_point_hn1,4,2611,14611,-1.03361,0.710188
primary_strict_point_hn1,4,2612,14612,-0.610089,0.523801
primary_strict_point_hn1,4,2613,14613,-0.645298,0.612633
primary_strict_point_hn1,4,2614,14614,-0.767909,0.667831
primary_strict_point_hn1,4,2615,14615,-0.675258,0.627635
primary_strict_point_hn1,4,2616,14616,-0.515929,0.532395
primary_strict_point_hn1,4,2617,14617,-0.504889,0.483982
primary_strict_point_hn1,4,2618,14618,-0.190009,0.667372
primary_strict_point_hn1,4,2619,14619,-0.260924,0.595309
primary_strict_point_hn1,4,2620,14620,-0.281155,0.495538
primary_strict_point_hn1,4,2621,14621,-0.400668,0.528307
primary_strict_point_hn1,4,2622,14622,-0.2455,0.672115
primary_strict_point_hn1,4,2623,14623,-0.98188,0.896047
primary_strict_point_hn1,4,2624,14624,-0.816178,0.691926
primary_strict_point_hn1,4,2625,14625,-0.78902,0.465525
primary_strict_point_hn1,4,2626,14626,-0.460012,1.11496
primary_strict_point_hn1,4,2627,14627,-0.555711,1.13153
primary_strict_point_hn1,4,2628,14628,-0.372768,1.10956
primary_strict_point_hn1,4,2629,14629,-0.442215,1.34965
primary_strict_point_hn1,4,2630,14630,-0.575554,1.26136
primary_strict_point_hn1,4,2631,14631,-0.691698,0.82062
primary_strict_point_hn1,4,2632,14632,-0.844593,0.46957
primary_strict_point_hn1,4,2633,14633,-0.827351,0.495639
primary_strict_point_hn1,4,2634,14634,-0.677969,0.655061
primary_strict_point_hn1,4,2635,14635,-0.72831,0.637213
primary_strict_point_hn1,4,2636,14636,-0.615296,0.448164
primary_strict_point_hn1,4,2637,14637,-0.540503,0.450574
primary_strict_point_hn1,4,2638,14638,-0.707472,0.377509
primary_strict_point_hn1,4,2639,14639,-0.654872,0.584404
primary_strict_point_hn1,4,2640,14640,-0.467415,0.702689
primary_strict_point_hn1,4,2641,14641,-0.639228,0.733274
primary_strict_point_hn1,4,2642,14642,-0.523697,0.84615
primary_strict_point_hn1,4,2643,14643,-0.549739,0.67252
primary_strict_point_hn1,4,2644,14644,-0.624086,0.723429
primary_strict_point_hn1,4,2645,14645,-0.796567,0.620692
primary_strict_point_hn1,4,2646,14646,-0.631692,0.572657
primary_strict_point_hn1,4,2647,14647,-0.515317,0.564177
primary_strict_point_hn1,4,2648,14648,-0.590247,0.688774
primary_strict_point_hn1,4,2649,14649,-0.58484,0.558644
primary_strict_point_hn1,4,2650,14650,-0.948077,0.655129
primary_strict_point_hn1,4,2651,14651,-0.712856,0.825268
primary_strict_point_hn1,4,2652,14652,-0.604367,0.866392
primary_strict_point_hn1,4,2653,14653,-0.7058,0.893374
primary_strict_point_hn1,4,2654,14654,-0.556376,1.04277
primary_strict_point_hn1,4,2655,14655,-0.527048,0.988589
primary_strict_point_hn1,4,2656,14656,-0.666945,0.768188
primary_strict_point_hn1,4,2657,14657,-0.610269,0.714938
primary_strict_point_hn1,4,2658,14658,-0.74669,0.52896
primary_strict_point_hn1,4,2659,14659,-0.769288,0.479078
primary_strict_point_hn1,4,2660,14660,-0.453508,0.61843
primary_strict_point_hn1,4,2661,14661,-0.510337,0.544853
primary_strict_point_hn1,4,2662,14662,-0.699832,0.528977
primary_strict_point_hn1,4,2663,14663,-1.02078,0.511702
primary_strict_point_hn1,4,2664,14664,-1.18062,0.676469
primary_strict_point_hn1,4,2665,14665,-1.02821,0.705514
primary_strict_point_hn1,4,2666,14666,-0.986939,0.826663
primary_strict_point_hn1,4,2667,14667,-0.901576,0.824559
primary_strict_point_hn1,4,2668,14668,-0.769486,0.651403
primary_strict_point_hn1,4,2669,14669,-0.827615,0.518291
primary_strict_point_hn1,4,2670,14670,-0.622822,0.428792
primary_strict_point_hn1,4,2671,14671,-0.985228,0.457498
primary_strict_point_hn1,4,2672,14672,-0.872211,0.362253
primary_strict_point_hn1,4,2673,14673,-0.926818,0.370399
primary_strict_point_hn1,4,2674,14674,-0.769265,0.38727
primary_strict_point_hn1,4,2675,14675,-0.408571,0.459641
primary_strict_point_hn1,4,2676,14676,-0.30526,0.793678
primary_strict_point_hn1,4,2677,14677,-0.424974,0.762007
primary_strict_point_hn1,4,2678,14678,-0.434513,0.754632
primary_strict_point_hn1,4,2679,14679,-0.354388,0.524377
primary_strict_point_hn1,4,2680,14680,-0.836031,0.630998
primary_strict_point_hn1,4,2681,14681,-0.666832,0.768156
primary_strict_point_hn1,4,2682,14682,-0.739601,0.402204
primary_strict_point_hn1,4,2683,14683,-0.70533,0.366816
primary_strict_point_hn1,4,2684,14684,-0.742188,0.377543
primary_strict_point_hn1,4,2685,14685,-0.760209,0.317816
primary_strict_point_hn1,4,2686,14686,-0.051347,0.755066
primary_strict_point_hn1,4,2687,14687,-0.0495878,0.953201
primary_strict_point_hn1,4,2688,14688,-0.0960341,0.769352
primary_strict_point_hn1,4,2689,14689,-0.505645,0.799597
primary_strict_point_hn1,4,2690,14690,-0.70177,0.814388
primary_strict_point_hn1,4,2691,14691,-0.610966,0.654264
primary_strict_point_hn1,4,2692,14692,-0.829929,0.38713
primary_strict_point_hn1,4,2693,14693,-0.768271,0.599135
primary_strict_point_hn1,4,2694,14694,-0.818288,0.578626
primary_strict_point_hn1,4,2695,14695,-0.824664,0.587768
primary_strict_point_hn1,4,2696,14696,-0.812466,0.803027
primary_strict_point_hn1,4,2697,14697,-0.912272,0.623773
primary_strict_point_hn1,4,2698,14698,-0.912827,0.471772
primary_strict_point_hn1,4,2699,14699,-0.741594,0.379392
primary_strict_point_hn1,4,2700,14700,-0.621002,0.596425
primary_strict_point_hn1,4,2701,14701,-0.833402,0.611027
primary_strict_point_hn1,4,2702,14702,-0.797307,0.759079
primary_strict_point_hn1,4,2703,14703,-0.650805,0.570694
primary_strict_point_hn1,4,2704,14704,-1.28373,0.586917
primary_strict_point_hn1,4,2705,14705,-0.486746,0.539887
primary_strict_point_hn1,4,2706,14706,-0.606969,0.534234
primary_strict_point_hn1,4,2707,14707,-0.582804,0.58612
primary_strict_point_hn1,4,2708,14708,-0.778159,0.540826
primary_strict_point_hn1,4,2709,14709,-0.727758,0.714471
primary_strict_point_hn1,4,2710,14710,-0.761276,0.770532
primary_strict_point_hn1,4,2711,14711,-0.840171,0.790571
primary_strict_point_hn1,4,2712,14712,-0.800642,0.75516
primary_strict_point_hn1,4,2713,14713,-0.930288,0.596007
primary_strict_point_hn1,4,2714,14714,-0.311169,0.482847
primary_strict_point_hn1,4,2715,14715,-0.356665,0.414002
primary_strict_point_hn1,4,2716,14716,-0.405263,0.420693
primary_strict_point_hn1,4,2717,14717,-0.542985,0.530727
primary_strict_point_hn1,4,2718,14718,-0.38306,0.445674
primary_strict_point_hn1,4,2719,14719,-0.948484,0.638824
primary_strict_point_hn1,4,2720,14720,-0.969028,0.554815
primary_strict_point_hn1,4,2721,14721,-1.00533,0.684285
primary_strict_point_hn1,4,2722,14722,-0.669776,0.459321
primary_strict_point_hn1,4,2723,14723,-0.645995,0.583936
primary_strict_point_hn1,4,2724,14724,-0.638697,0.401016
primary_strict_point_hn1,4,2725,14725,-0.724059,0.488287
primary_strict_point_hn1,4,2726,14726,-0.73575,0.454585
primary_strict_point_hn1,4,2727,14727,-0.592482,0.501442
primary_strict_point_hn1,4,2728,14728,-0.702757,0.534807
primary_strict_point_hn1,4,2729,14729,-0.667722,0.388163
primary_strict_point_hn1,4,2730,14730,-0.445222,0.435414
primary_strict_point_hn1,4,2731,14731,-0.545526,0.526787
primary_strict_point_hn1,4,2732,14732,-0.561664,0.601858
primary_strict_point_hn1,4,2733,14733,-0.55262,0.433489
primary_strict_point_hn1,4,2734,14734,-0.253742,0.569037
primary_strict_point_hn1,4,2735,14735,-0.721772,0.397003
primary_strict_point_hn1,4,2736,14736,-0.623284,0.470451
primary_strict_point_hn1,4,2737,14737,-0.625048,0.574848
primary_strict_point_hn1,4,2738,14738,-0.90095,0.630347
primary_strict_point_hn1,4,2739,14739,-0.898712,0.511646
primary_strict_point_hn1,4,2740,14740,-0.698146,0.620675
primary_strict_point_hn1,4,2741,14741,-0.68881,0.586584
primary_strict_point_hn1,4,2742,14742,-0.624075,0.506457
primary_strict_point_hn1,4,2743,14743,-0.810022,0.521811
primary_strict_point_hn1,4,2744,14744,-0.838234,0.646114
primary_strict_point_hn1,4,2745,14745,-0.702081,0.594495
primary_strict_point_hn1,4,2746,14746,-0.707156,0.554305
primary_strict_point_hn1,4,2747,14747,-0.788367,0.655263
primary_strict_point_hn1,4,2748,14748,-0.650886,0.519099
primary_strict_point_hn1,4,2749,14749,-0.564869,0.657249
primary_strict_point_hn1,4,2750,14750,-0.59073,0.577528
primary_strict_point_hn1,4,2751,14751,-0.682759,0.469188
primary_strict_point_hn1,4,2752,14752,-0.784454,0.540401
primary_strict_point_hn1,4,2753,14753,-0.591927,0.467926
primary_strict_point_hn1,4,2754,14754,-0.543261,0.463401
primary_strict_point_hn1,4,2755,14755,-0.588392,0.382797
primary_strict_point_hn1,4,2756,14756,-0.580757,0.444564
primary_strict_point_hn1,4,2757,14757,-0.718105,0.441762
primary_strict_point_hn1,4,2758,14758,-0.487866,0.62873
primary_strict_point_hn1,4,2759,14759,-0.573578,0.532974
primary_strict_point_hn1,4,2760,14760,-0.48097,0.513862
primary_strict_point_hn1,4,2761,14761,-0.683024,0.465372
primary_strict_point_hn1,4,2762,14762,-0.65411300000000006,0.566635
primary_strict_point_hn1,4,2763,14763,-0.579092,0.419332
primary_strict_point_hn1,4,2764,14764,-0.630146,0.334235
primary_strict_point_hn1,4,2765,14765,-0.75576,0.540444
primary_strict_point_hn1,4,2766,14766,-0.843379,0.438155
primary_strict_point_hn1,4,2767,14767,-0.686179,0.582049
primary_strict_point_hn1,4,2768,14768,-0.751647,0.653384
primary_strict_point_hn1,4,2769,14769,-0.723287,0.684785
primary_strict_point_hn1,4,2770,14770,-0.461772,0.743486
primary_strict_point_hn1,4,2771,14771,-0.577499,0.554004
primary_strict_point_hn1,4,2772,14772,-0.601996,0.628321
primary_strict_point_hn1,4,2773,14773,-0.781647,0.577641
primary_strict_point_hn1,4,2774,14774,-0.505298,0.636584
primary_strict_point_hn1,4,2775,14775,-0.426954,0.365809
primary_strict_point_hn1,4,2776,14776,-0.449399,0.47661
primary_strict_point_hn1,4,2777,14777,-0.543745,0.499265
primary_strict_point_hn1,4,2778,14778,-0.654722,0.393718
primary_strict_point_hn1,4,2779,14779,-0.615073,0.538586
primary_strict_point_hn1,4,2780,14780,-0.672317,0.592129
primary_strict_point_hn1,4,2781,14781,-0.821825,0.676604
primary_strict_point_hn1,4,2782,14782,-0.686375,0.454134
primary_strict_point_hn1,4,2783,14783,-0.681372,0.647494
primary_strict_point_hn1,4,2784,14784,-0.65267,0.437999
primary_strict_point_hn1,4,2785,14785,-0.679464,0.639595
primary_strict_point_hn1,4,2786,14786,-0.289726,0.924379
primary_strict_point_hn1,4,2787,14787,-0.366799,0.754656
primary_strict_point_hn1,4,2788,14788,-0.784616,0.624615
primary_strict_point_hn1,4,2789,14789,-0.821049,0.38877
primary_strict_point_hn1,4,2790,14790,-0.843873,0.447609
primary_strict_point_hn1,4,2791,14791,-0.896176,0.5512
primary_strict_point_hn1,4,2792,14792,-0.73098,0.974707
primary_strict_point_hn1,4,2793,14793,-0.937814,0.528343
primary_strict_point_hn1,4,2794,14794,-0.806823,0.709475
primary_strict_point_hn1,4,2795,14795,-0.360466,0.461085
primary_strict_point_hn1,4,2796,14796,-0.436295,0.503661
primary_strict_point_hn1,4,2797,14797,-0.522388,0.459694
primary_strict_point_hn1,4,2798,14798,-0.667114,0.560624
primary_strict_point_hn1,4,2799,14799,-0.689818,0.611112
primary_strict_point_hn1,4,2800,14800,-0.908275,0.449634
primary_strict_point_hn1,4,2801,14801,-0.939022,0.485375
primary_strict_point_hn1,4,2802,14802,-1.05276,0.888963
primary_strict_point_hn1,4,2803,14803,-0.913375,1.03494
primary_strict_point_hn1,4,2804,14804,-0.57301,0.677599
primary_strict_point_hn1,4,2805,14805,-0.676888,0.59412
primary_strict_point_hn1,4,2806,14806,-0.715622,0.598925
primary_strict_point_hn1,4,2807,14807,-0.697332,0.467393
primary_strict_point_hn1,4,2808,14808,-0.551591,0.743373
primary_strict_point_hn1,4,2809,14809,-0.660247,0.579301
primary_strict_point_hn1,4,2810,14810,-0.609737,0.534836
primary_strict_point_hn1,4,2811,14811,-0.557066,0.404524
primary_strict_point_hn1,4,2812,14812,-0.593342,0.414169
primary_strict_point_hn1,4,2813,14813,-0.671669,0.324391
primary_strict_point_hn1,4,2814,14814,-0.660265,0.605148
primary_strict_point_hn1,4,2815,14815,-0.815983,0.724757
primary_strict_point_hn1,4,2816,14816,-0.586256,0.547104
primary_strict_point_hn1,4,2817,14817,-0.628458,0.57762
primary_strict_point_hn1,4,2818,14818,-0.466788,0.600624
primary_strict_point_hn1,4,2819,14819,-0.806784,0.473281
primary_strict_point_hn1,4,2820,14820,-0.628816,0.45315
primary_strict_point_hn1,4,2821,14821,-0.618486,0.496342
primary_strict_point_hn1,4,2822,14822,-0.77539,0.385261
primary_strict_point_hn1,4,2823,14823,-0.778014,0.538262
primary_strict_point_hn1,4,2824,14824,-0.839012,0.570827
primary_strict_point_hn1,4,2825,14825,-0.742841,0.559522
primary_strict_point_hn1,4,2826,14826,-0.741054,0.738208
primary_strict_point_hn1,4,2827,14827,-0.770383,0.664259
primary_strict_point_hn1,4,2828,14828,-0.708633,0.645901
primary_strict_point_hn1,4,2829,14829,-0.152706,0.752011
primary_strict_point_hn1,4,2830,14830,-0.26084,0.577646
primary_strict_point_hn1,4,2831,14831,-0.697316,0.454216
primary_strict_point_hn1,4,2832,14832,-0.874187,0.537824
primary_strict_point_hn1,4,2833,14833,-0.832516,0.521165
primary_strict_point_hn1,4,2834,14834,-0.844822,0.322956
primary_strict_point_hn1,4,2835,14835,-0.81163,0.337955
primary_strict_point_hn1,4,2836,14836,-0.821155,0.575418
primary_strict_point_hn1,4,2837,14837,-0.702426,0.44226
primary_strict_point_hn1,4,2838,14838,-0.830893,0.426461
primary_strict_point_hn1,4,2839,14839,-0.730765,0.373969
primary_strict_point_hn1,4,2840,14840,-0.699801,0.486525
primary_strict_point_hn1,4,2841,14841,-0.730209,0.472219
primary_strict_point_hn1,4,2842,14842,-0.90301,0.66464
primary_strict_point_hn1,4,2843,14843,-0.437687,0.621852
primary_strict_point_hn1,4,2844,14844,-0.404174,0.68222
primary_strict_point_hn1,4,2845,14845,-0.242145,0.739853
primary_strict_point_hn1,4,2846,14846,-0.233363,0.765854
primary_strict_point_hn1,4,2847,14847,-0.279726,0.745082
primary_strict_point_hn1,4,2848,14848,-0.261747,0.341246
primary_strict_point_hn1,4,2849,14849,-0.526266,0.57925
primary_strict_point_hn1,4,2850,14850,-0.458807,0.413148
primary_strict_point_hn1,4,2851,14851,-0.755113,0.51577
primary_strict_point_hn1,4,2852,14852,-0.810504,0.621162
primary_strict_point_hn1,4,2853,14853,-0.697128,0.372241
primary_strict_point_hn1,4,2854,14854,-0.568466,0.405512
primary_strict_point_hn1,4,2855,14855,-0.722137,0.482111
primary_strict_point_hn1,4,2856,14856,-0.703006,0.587265
primary_strict_point_hn1,4,2857,14857,-0.945716,0.474632
primary_strict_point_hn1,4,2858,14858,-1.04707,0.524057
primary_strict_point_hn1,4,2859,14859,-1.0113,0.536098
primary_strict_point_hn1,4,2860,14860,-0.115598,0.845689
primary_strict_point_hn1,4,2861,14861,-0.314415,0.485957
primary_strict_point_hn1,4,2862,14862,-0.469123,0.54692
primary_strict_point_hn1,4,2863,14863,-0.300454,0.525918
primary_strict_point_hn1,4,2864,14864,-0.364458,0.546774
primary_strict_point_hn1,4,2865,14865,-0.283915,0.647503
primary_strict_point_hn1,4,2866,14866,-0.333511,0.683518
primary_strict_point_hn1,4,2867,14867,-0.626672,0.654338
primary_strict_point_hn1,4,2868,14868,-0.839103,0.736563
primary_strict_point_hn1,4,2869,14869,-1.00367,0.880705
primary_strict_point_hn1,4,2870,14870,-1.19007,0.820404
primary_strict_point_hn1,4,2871,14871,-1.21389,0.737174
primary_strict_point_hn1,4,2872,14872,-1.15534,0.706834
primary_strict_point_hn1,4,2873,14873,-1.15485,0.688669
primary_strict_point_hn1,4,2874,14874,-0.884525,0.795486
primary_strict_point_hn1,4,2875,14875,-0.652638,0.586839
primary_strict_point_hn1,4,2876,14876,-0.443908,0.878901
primary_strict_point_hn1,4,2877,14877,-0.588082,0.899092
primary_strict_point_hn1,4,2878,14878,-0.693464,0.837416
primary_strict_point_hn1,4,2879,14879,-0.671218,0.755922
primary_strict_point_hn1,4,2880,14880,-0.610402,0.701932
primary_strict_point_hn1,4,2881,14881,-0.577763,0.581374
primary_strict_point_hn1,4,2882,14882,-0.687065,0.284513
primary_strict_point_hn1,4,2883,14883,-0.609919,0.338459
primary_strict_point_hn1,4,2884,14884,-0.735956,0.440056
primary_strict_point_hn1,4,2885,14885,-0.812658,0.490961
primary_strict_point_hn1,4,2886,14886,-0.642993,0.343333
primary_strict_point_hn1,4,2887,14887,-0.612869,0.402567
primary_strict_point_hn1,4,2888,14888,-0.638724,0.415922
primary_strict_point_hn1,4,2889,14889,-0.387523,0.484516
primary_strict_point_hn1,4,2890,14890,-0.599037,0.245254
primary_strict_point_hn1,4,2891,14891,-0.408205,0.503139
primary_strict_point_hn1,4,2892,14892,-0.490422,0.400333
primary_strict_point_hn1,4,2893,14893,-0.448822,0.481245
primary_strict_point_hn1,4,2894,14894,-0.506791,0.493203
primary_strict_point_hn1,4,2895,14895,-0.422448,0.558378
primary_strict_point_hn1,4,2896,14896,-0.53786,0.443771
primary_strict_point_hn1,4,2897,14897,-0.37555500000000003,0.464102
primary_strict_point_hn1,4,2898,14898,-0.545009,0.50074
primary_strict_point_hn1,4,2899,14899,-0.3642,0.845157
primary_strict_point_hn1,4,2900,14900,-0.326601,0.819962
primary_strict_point_hn1,4,2901,14901,-0.380623,0.736797
primary_strict_point_hn1,4,2902,14902,-0.298316,0.871565
primary_strict_point_hn1,4,2903,14903,-0.703145,0.618891
primary_strict_point_hn1,4,2904,14904,-0.279349,0.742224
primary_strict_point_hn1,4,2905,14905,-0.756625,0.486805
primary_strict_point_hn1,4,2906,14906,-0.706275,0.618708
primary_strict_point_hn1,4,2907,14907,-0.728154,0.537437
primary_strict_point_hn1,4,2908,14908,-0.714842,0.696022
primary_strict_point_hn1,4,2909,14909,-0.619814,0.453187
primary_strict_point_hn1,4,2910,14910,-0.593234,0.437678
primary_strict_point_hn1,4,2911,14911,-0.62786,0.561059
primary_strict_point_hn1,4,2912,14912,-0.264788,0.88618
primary_strict_point_hn1,4,2913,14913,-0.33465,0.783016
primary_strict_point_hn1,4,2914,14914,-0.461807,0.764805
primary_strict_point_hn1,4,2915,14915,-0.434415,0.773343
primary_strict_point_hn1,4,2916,14916,-0.373073,0.709809
primary_strict_point_hn1,4,2917,14917,-0.551548,1.05269
primary_strict_point_hn1,4,2918,14918,-0.545307,1.15124
primary_strict_point_hn1,4,2919,14919,-0.505966,1.05999
primary_strict_point_hn1,4,2920,14920,-0.653888,0.831424
primary_strict_point_hn1,4,2921,14921,-0.692122,0.790283
primary_strict_point_hn1,4,2922,14922,-0.256088,1.12476
primary_strict_point_hn1,4,2923,14923,-0.465375,0.826555
primary_strict_point_hn1,4,2924,14924,-0.980146,1.04392
primary_strict_point_hn1,4,2925,14925,-0.519908,0.327822
primary_strict_point_hn1,4,2926,14926,-0.586753,0.517105
primary_strict_point_hn1,4,2927,14927,-0.683203,0.279328
primary_strict_point_hn1,4,2928,14928,-0.672752,0.426921
primary_strict_point_hn1,4,2929,14929,-0.777581,0.562274
primary_strict_point_hn1,4,2930,14930,-0.817665,0.572391
primary_strict_point_hn1,4,2931,14931,-0.838862,0.651086
primary_strict_point_hn1,4,2932,14932,-0.837797,0.760149
primary_strict_point_hn1,4,2933,14933,-0.663025,0.615706
primary_strict_point_hn1,4,2934,14934,-0.661931,0.658549
primary_strict_point_hn1,4,2935,14935,-0.355052,0.638833
primary_strict_point_hn1,4,2936,14936,-0.502039,0.603199
primary_strict_point_hn1,4,2937,14937,-0.356638,0.493593
primary_strict_point_hn1,4,2938,14938,-0.478053,0.575903
primary_strict_point_hn1,4,2939,14939,-0.461106,0.468404
primary_strict_point_hn1,4,2940,14940,-0.684964,0.545036
primary_strict_point_hn1,4,2941,14941,-0.80056,0.497685
primary_strict_point_hn1,4,2942,14942,-0.762874,0.714114
primary_strict_point_hn1,4,2943,14943,-0.649364,0.622067
primary_strict_point_hn1,4,2944,14944,-0.177998,0.728373
primary_strict_point_hn1,4,2945,14945,-0.173952,0.782857
primary_strict_point_hn1,4,2946,14946,-0.265048,0.719832
primary_strict_point_hn1,4,2947,14947,-0.268556,0.710148
primary_strict_point_hn1,4,2948,14948,-0.0991835,0.676002
primary_strict_point_hn1,4,2949,14949,-0.195046,0.688266
primary_strict_point_hn1,4,2950,14950,-0.609289,0.474778
primary_strict_point_hn1,4,2951,14951,-0.573007,0.376576
primary_strict_point_hn1,4,2952,14952,-0.571706,0.408608
primary_strict_point_hn1,4,2953,14953,-0.941196,0.591254
primary_strict_point_hn1,4,2954,14954,-0.8661,0.511227
primary_strict_point_hn1,4,2955,14955,-0.918961,0.561849
primary_strict_point_hn1,4,2956,14956,-0.952844,0.464753
primary_strict_point_hn1,4,2957,14957,-0.997399,1.00681
primary_strict_point_hn1,4,2958,14958,-0.786794,0.524226
primary_strict_point_hn1,4,2959,14959,-0.717397,0.493899
primary_strict_point_hn1,4,2960,14960,-0.701796,0.72544
primary_strict_point_hn1,4,2961,14961,-0.758299,0.740079
primary_strict_point_hn1,4,2962,14962,-0.774891,0.756299
primary_strict_point_hn1,4,2963,14963,-0.718131,0.794937
primary_strict_point_hn1,4,2964,14964,-0.722659,0.824418
primary_strict_point_hn1,4,2965,14965,-0.613188,0.616374
primary_strict_point_hn1,4,2966,14966,-0.43151,0.478548
primary_strict_point_hn1,4,2967,14967,-0.16991,0.690702
primary_strict_point_hn1,4,2968,14968,-0.253284,0.728233
primary_strict_point_hn1,4,2969,14969,0.0381158,1.13708
primary_strict_point_hn1,4,2970,14970,-0.30135,1.01662
primary_strict_point_hn1,4,2971,14971,-0.524754,0.900881
primary_strict_point_hn1,4,2972,14972,-0.542515,1.00108
primary_strict_point_hn1,4,2973,14973,-0.544434,1.18238
primary_strict_point_hn1,4,2974,14974,-0.649149,0.983761
primary_strict_point_hn1,4,2975,14975,-0.578515,0.995417
primary_strict_point_hn1,4,2976,14976,-0.684062,0.841078
primary_strict_point_hn1,4,2977,14977,-0.405842,1.31486
primary_strict_point_hn1,4,2978,14978,-0.538996,1.24421
primary_strict_point_hn1,4,2979,14979,-0.563551,1.16521
primary_strict_point_hn1,4,2980,14980,-0.73351,1.01041
primary_strict_point_hn1,4,2981,14981,-0.600706,0.815213
primary_strict_point_hn1,4,2982,14982,-0.628571,0.668462
primary_strict_point_hn1,4,2983,14983,-0.672102,0.592777
primary_strict_point_hn1,4,2984,14984,-0.595673,0.50907
primary_strict_point_hn1,4,2985,14985,-0.580056,0.444521
primary_strict_point_hn1,4,2986,14986,-0.732106,0.342294
primary_strict_point_hn1,4,2987,14987,-1.01856,0.666362
primary_strict_point_hn1,4,2988,14988,-0.895563,0.819805
primary_strict_point_hn1,4,2989,14989,-1.09766,0.602871
primary_strict_point_hn1,4,2990,14990,-0.926276,0.55494
primary_strict_point_hn1,4,2991,14991,-0.857779,0.632843
primary_strict_point_hn1,4,2992,14992,-0.662373,0.545951
primary_strict_point_hn1,4,2993,14993,-0.519021,0.751739
primary_strict_point_hn1,4,2994,14994,-0.724836,0.50518
primary_strict_point_hn1,4,2995,14995,-0.866893,0.550558
primary_strict_point_hn1,4,2996,14996,-0.648969,0.693223
primary_strict_point_hn1,4,2997,14997,-0.691828,0.592223
primary_strict_point_hn1,4,2998,14998,-0.674512,0.695936
primary_strict_point_hn1,4,2999,14999,-0.676821,0.663158
primary_strict_point_hn1,4,3000,15000,-0.741716,0.510643
primary_strict_point_hn1,4,3001,15001,-0.509662,0.711696
primary_strict_point_hn1,4,3002,15002,-0.550666,0.734299
primary_strict_point_hn1,4,3003,15003,-0.559821,1.042
primary_strict_point_hn1,4,3004,15004,-0.553134,1.00809
primary_strict_point_hn1,4,3005,15005,-0.541767,1.02014
primary_strict_point_hn1,4,3006,15006,-0.607492,1.12846
primary_strict_point_hn1,4,3007,15007,-0.899661,0.901102
primary_strict_point_hn1,4,3008,15008,-0.954932,0.812775
primary_strict_point_hn1,4,3009,15009,-1.13518,0.767382
primary_strict_point_hn1,4,3010,15010,-1.00935,0.626772
primary_strict_point_hn1,4,3011,15011,-0.948387,0.609298
primary_strict_point_hn1,4,3012,15012,-1.0008,0.531396
primary_strict_point_hn1,4,3013,15013,-0.717637,0.583625
primary_strict_point_hn1,4,3014,15014,-0.438305,0.603992
primary_strict_point_hn1,4,3015,15015,-0.493582,0.463941
primary_strict_point_hn1,4,3016,15016,-0.612145,0.407251
primary_strict_point_hn1,4,3017,15017,-0.592955,0.408618
primary_strict_point_hn1,4,3018,15018,-0.604416,0.359787
primary_strict_point_hn1,4,3019,15019,-0.697935,0.559662
primary_strict_point_hn1,4,3020,15020,-0.530182,0.500556
primary_strict_point_hn1,4,3021,15021,-0.622894,0.836415
primary_strict_point_hn1,4,3022,15022,-0.692541,0.684874
primary_strict_point_hn1,4,3023,15023,-0.893259,0.632119
primary_strict_point_hn1,4,3024,15024,-0.967636,0.580999
primary_strict_point_hn1,4,3025,15025,-0.935118,0.701438
primary_strict_point_hn1,4,3026,15026,-0.889517,0.640349
primary_strict_point_hn1,4,3027,15027,-0.629627,0.626805
primary_strict_point_hn1,4,3028,15028,-0.566282,0.537283
primary_strict_point_hn1,4,3029,15029,-0.53058399999999994,0.787775
primary_strict_point_hn1,4,3030,15030,-0.862373,0.511052
primary_strict_point_hn1,4,3031,15031,-0.743507,0.58903
primary_strict_point_hn1,4,3032,15032,-1.04148,0.483224
primary_strict_point_hn1,4,3033,15033,-0.775635,0.512957
primary_strict_point_hn1,4,3034,15034,-0.829944,0.707418
primary_strict_point_hn1,4,3035,15035,-0.725393,0.496715
primary_strict_point_hn1,4,3036,15036,-0.761833,0.547377
primary_strict_point_hn1,4,3037,15037,-0.623184,0.534537
primary_strict_point_hn1,4,3038,15038,-0.82302,0.504277
primary_strict_point_hn1,4,3039,15039,-0.772945,0.451484
primary_strict_point_hn1,4,3040,15040,-0.795052,0.711698
primary_strict_point_hn1,4,3041,15041,-0.711464,0.484311
primary_strict_point_hn1,4,3042,15042,-0.749297,0.512429
primary_strict_point_hn1,4,3043,15043,-0.59684,0.586291
primary_strict_point_hn1,4,3044,15044,-0.65086,0.638555
primary_strict_point_hn1,4,3045,15045,-0.352715,0.76698
primary_strict_point_hn1,4,3046,15046,-0.252082,0.804575
primary_strict_point_hn1,4,3047,15047,-0.115559,0.914025
primary_strict_point_hn1,4,3048,15048,-0.448468,0.739125
primary_strict_point_hn1,4,3049,15049,-0.31885,0.65224
primary_strict_point_hn1,4,3050,15050,-0.334416,1.14187
primary_strict_point_hn1,4,3051,15051,-0.355903,0.94189
primary_strict_point_hn1,4,3052,15052,-0.499756,0.485306
primary_strict_point_hn1,4,3053,15053,-0.669309,0.501767
primary_strict_point_hn1,4,3054,15054,-0.485507,0.490646
primary_strict_point_hn1,4,3055,15055,-0.368627,0.456216
primary_strict_point_hn1,4,3056,15056,-0.439653,0.390216
primary_strict_point_hn1,4,3057,15057,-0.464308,0.523537
primary_strict_point_hn1,4,3058,15058,-0.435859,0.397216
primary_strict_point_hn1,4,3059,15059,-0.580584,0.42556
primary_strict_point_hn1,4,3060,15060,-0.488967,0.356238
primary_strict_point_hn1,4,3061,15061,-0.434891,0.391732
primary_strict_point_hn1,4,3062,15062,-0.479388,0.443891
primary_strict_point_hn1,4,3063,15063,-0.45322,0.502645
primary_strict_point_hn1,4,3064,15064,-0.615644,0.52803
primary_strict_point_hn1,4,3065,15065,-0.496514,0.532007
primary_strict_point_hn1,4,3066,15066,-0.496616,0.755947
primary_strict_point_hn1,4,3067,15067,-0.466672,0.706569
primary_strict_point_hn1,4,3068,15068,-0.505426,0.573303
primary_strict_point_hn1,4,3069,15069,-0.507308,0.540015
primary_strict_point_hn1,4,3070,15070,-0.604346,0.541492
primary_strict_point_hn1,4,3071,15071,-0.654903,0.372756
primary_strict_point_hn1,4,3072,15072,-0.623051,0.465652
primary_strict_point_hn1,4,3073,15073,-0.747684,0.364795
primary_strict_point_hn1,4,3074,15074,-0.618548,0.440729
primary_strict_point_hn1,4,3075,15075,-0.537801,0.45722
primary_strict_point_hn1,4,3076,15076,-0.512024,0.643512
primary_strict_point_hn1,4,3077,15077,-0.804748,0.652782
primary_strict_point_hn1,4,3078,15078,-0.683812,0.529731
primary_strict_point_hn1,4,3079,15079,-0.588585,0.783652
primary_strict_point_hn1,4,3080,15080,-0.678373,0.598414
primary_strict_point_hn1,4,3081,15081,-0.344073,0.583716
primary_strict_point_hn1,4,3082,15082,-0.595009,0.428899
primary_strict_point_hn1,4,3083,15083,-0.633725,0.461226
primary_strict_point_hn1,4,3084,15084,-0.608697,0.447184
primary_strict_point_hn1,4,3085,15085,-0.815674,0.447152
primary_strict_point_hn1,4,3086,15086,-0.799693,0.636721
primary_strict_point_hn1,4,3087,15087,-0.88465,0.763632
primary_strict_point_hn1,4,3088,15088,-0.728706,0.560618
primary_strict_point_hn1,4,3089,15089,-0.568474,0.371767
primary_strict_point_hn1,4,3090,15090,-0.678361,0.494158
primary_strict_point_hn1,4,3091,15091,-0.355722,0.526524
primary_strict_point_hn1,4,3092,15092,-0.582654,0.468292
primary_strict_point_hn1,4,3093,15093,-0.387253,0.388423
primary_strict_point_hn1,4,3094,15094,-0.713662,0.454033
primary_strict_point_hn1,4,3095,15095,-0.591125,0.427708
primary_strict_point_hn1,4,3096,15096,-0.73091,0.438478
primary_strict_point_hn1,4,3097,15097,-0.606001,0.48388
primary_strict_point_hn1,4,3098,15098,-0.410776,0.555141
primary_strict_point_hn1,4,3099,15099,-0.439524,0.414445
primary_strict_point_hn1,4,3100,15100,-0.57859,0.468121
primary_strict_point_hn1,4,3101,15101,-0.588555,0.605606
primary_strict_point_hn1,4,3102,15102,-0.644943,0.418678
primary_strict_point_hn1,4,3103,15103,-0.644654,0.453513
primary_strict_point_hn1,4,3104,15104,-0.781165,0.540852
primary_strict_point_hn1,4,3105,15105,-0.847906,0.605
primary_strict_point_hn1,4,3106,15106,-0.875747,0.615628
primary_strict_point_hn1,4,3107,15107,-0.868309,0.593229
primary_strict_point_hn1,4,3108,15108,-0.797174,0.798156
primary_strict_point_hn1,4,3109,15109,-0.932997,0.511646
primary_strict_point_hn1,4,3110,15110,-0.714608,0.565701
primary_strict_point_hn1,4,3111,15111,-0.751981,0.583077
primary_strict_point_hn1,4,3112,15112,-0.731533,0.369101
primary_strict_point_hn1,4,3113,15113,-0.694743,0.422352
primary_strict_point_hn1,4,3114,15114,-0.660937,0.389694
primary_strict_point_hn1,4,3115,15115,-0.777382,0.598266
primary_strict_point_hn1,4,3116,15116,-0.738705,0.820653
primary_strict_point_hn1,4,3117,15117,-0.597864,0.654447
primary_strict_point_hn1,4,3118,15118,-0.610655,0.666994
primary_strict_point_hn1,4,3119,15119,-0.518324,0.721612
primary_strict_point_hn1,4,3120,15120,-0.546373,0.71623
primary_strict_point_hn1,4,3121,15121,-0.570354,0.548425
primary_strict_point_hn1,4,3122,15122,-0.59688,0.744549
primary_strict_point_hn1,4,3123,15123,-0.551762,0.582149
primary_strict_point_hn1,4,3124,15124,-0.458754,0.697638
primary_strict_point_hn1,4,3125,15125,-0.423176,0.457422
primary_strict_point_hn1,4,3126,15126,-0.737267,0.412515
primary_strict_point_hn1,4,3127,15127,-0.502135,0.521617
primary_strict_point_hn1,4,3128,15128,-0.689262,0.729067
primary_strict_point_hn1,4,3129,15129,-0.374495,0.711719
primary_strict_point_hn1,4,3130,15130,-0.771992,0.696786
primary_strict_point_hn1,4,3131,15131,-0.602956,0.469466
primary_strict_point_hn1,4,3132,15132,-0.76069,0.529899
primary_strict_point_hn1,4,3133,15133,-0.693677,0.539503
primary_strict_point_hn1,4,3134,15134,-0.836075,0.515297
primary_strict_point_hn1,4,3135,15135,-0.733455,0.610825
primary_strict_point_hn1,4,3136,15136,-0.709649,0.534639
primary_strict_point_hn1,4,3137,15137,-0.714999,0.664778
primary_strict_point_hn1,4,3138,15138,-0.637702,0.916289
primary_strict_point_hn1,4,3139,15139,-0.538636,0.588208
primary_strict_point_hn1,4,3140,15140,-0.558934,0.541403
primary_strict_point_hn1,4,3141,15141,-0.343869,0.575311
primary_strict_point_hn1,4,3142,15142,-0.505802,0.51307
primary_strict_point_hn1,4,3143,15143,-1.13225,0.508986
primary_strict_point_hn1,4,3144,15144,-1.03841,0.532106
primary_strict_point_hn1,4,3145,15145,-1.17998,0.5308
primary_strict_point_hn1,4,3146,15146,-0.972668,0.592129
primary_strict_point_hn1,4,3147,15147,-0.905117,0.474116
primary_strict_point_hn1,4,3148,15148,-0.648738,0.367332
primary_strict_point_hn1,4,3149,15149,-0.542619,0.393276
primary_strict_point_hn1,4,3150,15150,-0.534183,0.588858
primary_strict_point_hn1,4,3151,15151,-0.526772,0.669229
primary_strict_point_hn1,4,3152,15152,-0.0815719,0.557628
primary_strict_point_hn1,4,3153,15153,-0.39674,0.333115
primary_strict_point_hn1,4,3154,15154,-0.139249,0.473485
primary_strict_point_hn1,4,3155,15155,-0.438769,0.392552
primary_strict_point_hn1,4,3156,15156,-0.272339,0.518045
primary_strict_point_hn1,4,3157,15157,-0.507874,0.361628
primary_strict_point_hn1,4,3158,15158,-0.499954,0.377381
primary_strict_point_hn1,4,3159,15159,-0.499196,0.668228
primary_strict_point_hn1,4,3160,15160,-0.441864,0.494915
primary_strict_point_hn1,4,3161,15161,-0.450451,0.631826
primary_strict_point_hn1,4,3162,15162,-0.411107,0.611887
primary_strict_point_hn1,4,3163,15163,-0.46317,0.640332
primary_strict_point_hn1,4,3164,15164,-0.237626,0.58924
primary_strict_point_hn1,4,3165,15165,-0.166093,0.538979
primary_strict_point_hn1,4,3166,15166,-0.308776,0.486561
primary_strict_point_hn1,4,3167,15167,-0.646852,0.361997
primary_strict_point_hn1,4,3168,15168,-0.697191,0.468037
primary_strict_point_hn1,4,3169,15169,-0.690181,0.555509
primary_strict_point_hn1,4,3170,15170,-0.564844,0.77697
primary_strict_point_hn1,4,3171,15171,-0.688405,0.643863
primary_strict_point_hn1,4,3172,15172,-0.638951,0.544349
primary_strict_point_hn1,4,3173,15173,-0.474953,0.488467
primary_strict_point_hn1,4,3174,15174,-0.57813,0.464179
primary_strict_point_hn1,4,3175,15175,-0.672825,0.398703
primary_strict_point_hn1,4,3176,15176,-0.68064499999999994,0.421864
primary_strict_point_hn1,4,3177,15177,-0.587244,0.359072
primary_strict_point_hn1,4,3178,15178,-0.632236,0.403668
primary_strict_point_hn1,4,3179,15179,-0.808486,0.361006
primary_strict_point_hn1,4,3180,15180,-0.449947,0.384157
primary_strict_point_hn1,4,3181,15181,-0.824969,0.418596
primary_strict_point_hn1,4,3182,15182,-0.497301,0.382685
primary_strict_point_hn1,4,3183,15183,-0.923469,0.365249
primary_strict_point_hn1,4,3184,15184,-0.646332,0.371289
primary_strict_point_hn1,4,3185,15185,-0.742805,0.285153
primary_strict_point_hn1,4,3186,15186,-0.554126,0.325493
primary_strict_point_hn1,4,3187,15187,-0.696211,0.415543
primary_strict_point_hn1,4,3188,15188,-0.622188,0.428368
primary_strict_point_hn1,4,3189,15189,-0.804496,0.594625
primary_strict_point_hn1,4,3190,15190,-0.564427,0.651739
primary_strict_point_hn1,4,3191,15191,-0.476794,0.491158
primary_strict_point_hn1,4,3192,15192,-0.658045,0.465654
primary_strict_point_hn1,4,3193,15193,-0.703688,0.438438
primary_strict_point_hn1,4,3194,15194,-0.533815,0.266622
primary_strict_point_hn1,4,3195,15195,-0.471577,0.46903
primary_strict_point_hn1,4,3196,15196,-0.708428,0.579228
primary_strict_point_hn1,4,3197,15197,-0.617558,0.389573
primary_strict_point_hn1,4,3198,15198,-0.567068,0.454859
primary_strict_point_hn1,4,3199,15199,-0.332775,1.02841
primary_strict_point_hn1,4,3200,15200,-0.397018,0.69078
primary_strict_point_hn1,4,3201,15201,-0.407463,0.798303
primary_strict_point_hn1,4,3202,15202,-0.655265,0.594365
primary_strict_point_hn1,4,3203,15203,-0.705949,0.555571
primary_strict_point_hn1,4,3204,15204,-0.351631,0.756695
primary_strict_point_hn1,4,3205,15205,-0.417944,0.65587
primary_strict_point_hn1,4,3206,15206,-0.669149,0.644208
primary_strict_point_hn1,4,3207,15207,-0.657159,0.57747
primary_strict_point_hn1,4,3208,15208,-0.856646,0.659325
primary_strict_point_hn1,4,3209,15209,-0.371605,0.419058
primary_strict_point_hn1,4,3210,15210,-0.319626,0.490331
primary_strict_point_hn1,4,3211,15211,-0.13433,0.916219
primary_strict_point_hn1,4,3212,15212,-0.493576,0.456579
primary_strict_point_hn1,4,3213,15213,-0.49381,0.489903
primary_strict_point_hn1,4,3214,15214,-0.382889,0.629083
primary_strict_point_hn1,4,3215,15215,-0.589523,0.378486
primary_strict_point_hn1,4,3216,15216,-0.640581,0.359481
primary_strict_point_hn1,4,3217,15217,-0.631234,0.403836
primary_strict_point_hn1,4,3218,15218,-1.02991,0.703128
primary_strict_point_hn1,4,3219,15219,-1.08457,0.747979
primary_strict_point_hn1,4,3220,15220,-0.724352,0.430974
primary_strict_point_hn1,4,3221,15221,-0.699158,0.615851
primary_strict_point_hn1,4,3222,15222,-0.897034,0.509956
primary_strict_point_hn1,4,3223,15223,-0.871209,0.473999
primary_strict_point_hn1,4,3224,15224,-0.91737,0.835039
primary_strict_point_hn1,4,3225,15225,-1.20387,0.930528
primary_strict_point_hn1,4,3226,15226,-0.702437,0.624543
primary_strict_point_hn1,4,3227,15227,-0.81436,0.776109
primary_strict_point_hn1,4,3228,15228,-0.568998,0.618921
primary_strict_point_hn1,4,3229,15229,-0.512911,0.650543
primary_strict_point_hn1,4,3230,15230,-0.747043,0.6502
primary_strict_point_hn1,4,3231,15231,-0.690706,0.719957
primary_strict_point_hn1,4,3232,15232,-0.868912,0.750041
primary_strict_point_hn1,4,3233,15233,-0.837278,0.61927
primary_strict_point_hn1,4,3234,15234,-1.0429,0.820361
primary_strict_point_hn1,4,3235,15235,-1.07395,0.947279
primary_strict_point_hn1,4,3236,15236,-0.940504,1.04312
primary_strict_point_hn1,4,3237,15237,-0.973532,1.05508
primary_strict_point_hn1,4,3238,15238,-1.07145,1.17418
primary_strict_point_hn1,4,3239,15239,-1.27566,1.31766
primary_strict_point_hn1,4,3240,15240,-1.51979,1.44757
primary_strict_point_hn1,4,3241,15241,-0.895107,1.22052
primary_strict_point_hn1,4,3242,15242,-0.959056,1.29507
primary_strict_point_hn1,4,3243,15243,-0.726277,0.552777
primary_strict_point_hn1,4,3244,15244,-0.570217,0.740403
primary_strict_point_hn1,4,3245,15245,-0.400889,0.848464
primary_strict_point_hn1,4,3246,15246,-0.737716,0.57527
primary_strict_point_hn1,4,3247,15247,-0.680181,0.69006
primary_strict_point_hn1,4,3248,15248,-0.744234,0.558862
primary_strict_point_hn1,4,3249,15249,-0.763248,0.53075
primary_strict_point_hn1,4,3250,15250,-0.729926,0.570355
primary_strict_point_hn1,4,3251,15251,-0.730804,0.674072
primary_strict_point_hn1,4,3252,15252,-1.09964,0.633137
primary_strict_point_hn1,4,3253,15253,-1.06508,0.460331
primary_strict_point_hn1,4,3254,15254,-1.06664,0.471332
primary_strict_point_hn1,4,3255,15255,-0.791004,0.571658
primary_strict_point_hn1,4,3256,15256,-0.683044,0.586745
primary_strict_point_hn1,4,3257,15257,-0.553452,0.494492
primary_strict_point_hn1,4,3258,15258,-0.576197,0.460649
primary_strict_point_hn1,4,3259,15259,-0.428434,0.43824
primary_strict_point_hn1,4,3260,15260,-0.527965,0.633821
primary_strict_point_hn1,4,3261,15261,-0.609427,0.33024
primary_strict_point_hn1,4,3262,15262,-0.481417,0.396425
primary_strict_point_hn1,4,3263,15263,-0.801404,0.334304
primary_strict_point_hn1,4,3264,15264,-0.523757,0.406119
primary_strict_point_hn1,4,3265,15265,-0.599794,0.492064
primary_strict_point_hn1,4,3266,15266,-0.40344,0.392022
primary_strict_point_hn1,4,3267,15267,-0.323573,0.566179
primary_strict_point_hn1,4,3268,15268,-0.325033,0.543097
primary_strict_point_hn1,4,3269,15269,-0.636007,0.609113
primary_strict_point_hn1,4,3270,15270,-0.75583,0.76186
primary_strict_point_hn1,4,3271,15271,-0.855718,0.84984
primary_strict_point_hn1,4,3272,15272,-0.638371,0.677866
primary_strict_point_hn1,4,3273,15273,-0.449768,0.840751
primary_strict_point_hn1,4,3274,15274,-0.302255,0.968922
primary_strict_point_hn1,4,3275,15275,-0.106549,0.956006
primary_strict_point_hn1,4,3276,15276,-0.151181,0.878977
primary_strict_point_hn1,4,3277,15277,-0.118538,0.894073
primary_strict_point_hn1,4,3278,15278,-0.0513833,0.802961
primary_strict_point_hn1,4,3279,15279,0.0466211,0.852338
primary_strict_point_hn1,4,3280,15280,-0.159318,0.814706
primary_strict_point_hn1,4,3281,15281,-0.448024,0.557157
primary_strict_point_hn1,4,3282,15282,-0.680738,0.436949
primary_strict_point_hn1,4,3283,15283,-0.766412,0.584873
primary_strict_point_hn1,4,3284,15284,-0.990512,0.446755
primary_strict_point_hn1,4,3285,15285,-0.931238,0.556862
primary_strict_point_hn1,4,3286,15286,-0.876907,0.618856
primary_strict_point_hn1,4,3287,15287,-0.78923,0.631413
primary_strict_point_hn1,4,3288,15288,-1.05411,0.58041
primary_strict_point_hn1,4,3289,15289,-0.725925,0.424494
primary_strict_point_hn1,4,3290,15290,-0.488672,0.478711
primary_strict_point_hn1,4,3291,15291,-0.644249,0.524656
primary_strict_point_hn1,4,3292,15292,-0.744534,0.480526
primary_strict_point_hn1,4,3293,15293,-0.943123,0.542047
primary_strict_point_hn1,4,3294,15294,-0.906101,0.624388
primary_strict_point_hn1,4,3295,15295,-0.669875,0.644574
primary_strict_point_hn1,4,3296,15296,-0.607417,0.510139
primary_strict_point_hn1,4,3297,15297,-0.394856,0.424571
primary_strict_point_hn1,4,3298,15298,-0.692983,0.498242
primary_strict_point_hn1,4,3299,15299,-0.77381200000000006,0.50723
primary_strict_point_hn1,4,3300,15300,-0.471912,0.313475
primary_strict_point_hn1,4,3301,15301,-0.444283,0.415168
primary_strict_point_hn1,4,3302,15302,-0.560211,0.457246
primary_strict_point_hn1,4,3303,15303,-0.620355,0.383061
primary_strict_point_hn1,4,3304,15304,-0.566754,0.413731
primary_strict_point_hn1,4,3305,15305,-0.644666,0.400875
primary_strict_point_hn1,4,3306,15306,-0.611318,0.454362
primary_strict_point_hn1,4,3307,15307,-0.580379,0.421903
primary_strict_point_hn1,4,3308,15308,-0.390673,0.482909
primary_strict_point_hn1,4,3309,15309,-0.490532,0.389343
primary_strict_point_hn1,4,3310,15310,-0.60554,0.455153
primary_strict_point_hn1,4,3311,15311,-0.472569,0.594287
primary_strict_point_hn1,4,3312,15312,-0.538971,0.413821
primary_strict_point_hn1,4,3313,15313,-0.495177,0.536175
primary_strict_point_hn1,4,3314,15314,-0.500072,0.429937
primary_strict_point_hn1,4,3315,15315,-0.428519,0.742551
primary_strict_point_hn1,4,3316,15316,-0.53023,0.801024
primary_strict_point_hn1,4,3317,15317,-0.470391,0.61105
primary_strict_point_hn1,4,3318,15318,-0.341081,0.761674
primary_strict_point_hn1,4,3319,15319,-0.35093,0.535408
primary_strict_point_hn1,4,3320,15320,-0.630003,0.825279
primary_strict_point_hn1,4,3321,15321,-0.832949,0.595653
primary_strict_point_hn1,4,3322,15322,-0.805429,0.557843
primary_strict_point_hn1,4,3323,15323,-0.655266,0.627765
primary_strict_point_hn1,4,3324,15324,-0.700753,0.774522
primary_strict_point_hn1,4,3325,15325,-0.666783,0.603312
primary_strict_point_hn1,4,3326,15326,-0.771206,0.641957
primary_strict_point_hn1,4,3327,15327,-0.821326,0.424613
primary_strict_point_hn1,4,3328,15328,-0.712098,0.467106
primary_strict_point_hn1,4,3329,15329,-0.75926,0.548537
primary_strict_point_hn1,4,3330,15330,-0.571769,0.657143
primary_strict_point_hn1,4,3331,15331,-0.531439,0.962651
primary_strict_point_hn1,4,3332,15332,-0.528447,0.934387
primary_strict_point_hn1,4,3333,15333,-0.637637,0.721096
primary_strict_point_hn1,4,3334,15334,-0.418979,0.728282
primary_strict_point_hn1,4,3335,15335,-0.621999,0.472109
primary_strict_point_hn1,4,3336,15336,-0.602891,0.424717
primary_strict_point_hn1,4,3337,15337,-0.384413,0.547272
primary_strict_point_hn1,4,3338,15338,-0.61834,0.535368
primary_strict_point_hn1,4,3339,15339,-0.448964,0.556871
primary_strict_point_hn1,4,3340,15340,-0.482009,0.491324
primary_strict_point_hn1,4,3341,15341,-0.647857,0.727002
primary_strict_point_hn1,4,3342,15342,-0.68971,0.487671
primary_strict_point_hn1,4,3343,15343,-0.616256,0.42094
primary_strict_point_hn1,4,3344,15344,-0.471866,0.420438
primary_strict_point_hn1,4,3345,15345,-0.650085,0.488023
primary_strict_point_hn1,4,3346,15346,-0.620138,0.47785300000000003
primary_strict_point_hn1,4,3347,15347,-0.662346,0.495114
primary_strict_point_hn1,4,3348,15348,-0.624508,0.569775
primary_strict_point_hn1,4,3349,15349,-0.779296,0.707034
primary_strict_point_hn1,4,3350,15350,-0.725173,0.396475
primary_strict_point_hn1,4,3351,15351,-0.545875,0.666409
primary_strict_point_hn1,4,3352,15352,-0.70156,0.556759
primary_strict_point_hn1,4,3353,15353,-0.424798,0.502865
primary_strict_point_hn1,4,3354,15354,-0.54439,0.521478
primary_strict_point_hn1,4,3355,15355,-0.540094,0.803903
primary_strict_point_hn1,4,3356,15356,-0.585525,0.858027
primary_strict_point_hn1,4,3357,15357,-0.530071,0.877056
primary_strict_point_hn1,4,3358,15358,-0.609198,0.80362
primary_strict_point_hn1,4,3359,15359,-0.507204,0.991104
primary_strict_point_hn1,4,3360,15360,-0.909832,0.788186
primary_strict_point_hn1,4,3361,15361,-0.545594,0.61918
primary_strict_point_hn1,4,3362,15362,-0.671864,0.696503
primary_strict_point_hn1,4,3363,15363,-0.663867,0.601407
primary_strict_point_hn1,4,3364,15364,-0.467668,0.899784
primary_strict_point_hn1,4,3365,15365,-0.743737,0.620279
primary_strict_point_hn1,4,3366,15366,-0.736455,0.434002
primary_strict_point_hn1,4,3367,15367,-0.686148,0.532376
primary_strict_point_hn1,4,3368,15368,-0.75745,0.541671
primary_strict_point_hn1,4,3369,15369,-0.677228,0.527396
primary_strict_point_hn1,4,3370,15370,-0.590993,0.449376
primary_strict_point_hn1,4,3371,15371,-0.526776,0.718109
primary_strict_point_hn1,4,3372,15372,-0.553348,0.658355
primary_strict_point_hn1,4,3373,15373,-0.340026,1.01165
primary_strict_point_hn1,4,3374,15374,-0.379032,1.02729
primary_strict_point_hn1,4,3375,15375,-0.534091,0.622917
primary_strict_point_hn1,4,3376,15376,-0.134094,0.819996
primary_strict_point_hn1,4,3377,15377,-0.150042,0.819862
primary_strict_point_hn1,4,3378,15378,-0.625111,0.763598
primary_strict_point_hn1,4,3379,15379,-0.797483,1.0535
primary_strict_point_hn1,4,3380,15380,-0.612568,0.753777
primary_strict_point_hn1,4,3381,15381,-0.418184,0.657762
primary_strict_point_hn1,4,3382,15382,-0.399567,0.584219
primary_strict_point_hn1,4,3383,15383,-0.482614,0.564545
primary_strict_point_hn1,4,3384,15384,-0.660448,0.450087
primary_strict_point_hn1,4,3385,15385,-0.446521,0.620707
primary_strict_point_hn1,4,3386,15386,-0.466131,0.69509
primary_strict_point_hn1,4,3387,15387,-0.556316,0.497362
primary_strict_point_hn1,4,3388,15388,-0.893368,0.506024
primary_strict_point_hn1,4,3389,15389,-0.973443,0.502734
primary_strict_point_hn1,4,3390,15390,-0.982235,0.51453
primary_strict_point_hn1,4,3391,15391,-0.968772,0.465718
primary_strict_point_hn1,4,3392,15392,-0.957749,0.741073
primary_strict_point_hn1,4,3393,15393,-0.702983,0.556076
primary_strict_point_hn1,4,3394,15394,-0.905369,0.607973
primary_strict_point_hn1,4,3395,15395,-0.642949,0.364364
primary_strict_point_hn1,4,3396,15396,-0.721478,0.510067
primary_strict_point_hn1,4,3397,15397,-0.586839,0.400909
primary_strict_point_hn1,4,3398,15398,-0.575084,0.299835
primary_strict_point_hn1,4,3399,15399,-0.591734,0.549068
primary_strict_point_hn1,4,3400,15400,-0.685344,0.362348
primary_strict_point_hn1,4,3401,15401,-0.578538,0.386947
primary_strict_point_hn1,4,3402,15402,-0.48503,0.341036
primary_strict_point_hn1,4,3403,15403,-0.354357,0.548017
primary_strict_point_hn1,4,3404,15404,-0.176345,0.494064
primary_strict_point_hn1,4,3405,15405,-0.287773,0.397827
primary_strict_point_hn1,4,3406,15406,-0.518535,0.498349
primary_strict_point_hn1,4,3407,15407,-0.450885,0.724722
primary_strict_point_hn1,4,3408,15408,-0.43465,0.725241
primary_strict_point_hn1,4,3409,15409,-0.293103,0.678574
primary_strict_point_hn1,4,3410,15410,-0.409885,0.815704
primary_strict_point_hn1,4,3411,15411,-0.731832,0.690236
primary_strict_point_hn1,4,3412,15412,-0.727156,0.679314
primary_strict_point_hn1,4,3413,15413,-0.932102,0.606276
primary_strict_point_hn1,4,3414,15414,-0.936975,0.557723
primary_strict_point_hn1,4,3415,15415,-0.843561,0.866922
primary_strict_point_hn1,4,3416,15416,-0.758447,0.665284
primary_strict_point_hn1,4,3417,15417,-0.716981,0.879062
primary_strict_point_hn1,4,3418,15418,-0.503074,0.645871
primary_strict_point_hn1,4,3419,15419,-0.648861,0.648206
primary_strict_point_hn1,4,3420,15420,-0.478951,0.704096
primary_strict_point_hn1,4,3421,15421,-0.740559,0.544244
primary_strict_point_hn1,4,3422,15422,-0.568708,0.539931
primary_strict_point_hn1,4,3423,15423,-0.372642,0.685204
primary_strict_point_hn1,4,3424,15424,-0.389553,0.692708
primary_strict_point_hn1,4,3425,15425,-0.504842,0.660662
primary_strict_point_hn1,4,3426,15426,-0.566935,0.46777
primary_strict_point_hn1,4,3427,15427,-0.774156,0.564445
primary_strict_point_hn1,4,3428,15428,-0.533357,0.408913
primary_strict_point_hn1,4,3429,15429,-0.840595,0.556677
primary_strict_point_hn1,4,3430,15430,-0.862367,0.420513
primary_strict_point_hn1,4,3431,15431,-0.860584,0.481181
primary_strict_point_hn1,4,3432,15432,-0.70122,0.304824
primary_strict_point_hn1,4,3433,15433,-0.58816,0.466475
primary_strict_point_hn1,4,3434,15434,-0.664823,0.421941
primary_strict_point_hn1,4,3435,15435,-0.835609,0.490403
primary_strict_point_hn1,4,3436,15436,-0.496886,0.476528
primary_strict_point_hn1,4,3437,15437,-0.717182,0.494185
primary_strict_point_hn1,4,3438,15438,-0.740724,0.679952
primary_strict_point_hn1,4,3439,15439,-0.421699,0.592912
primary_strict_point_hn1,4,3440,15440,-0.474853,0.654525
primary_strict_point_hn1,4,3441,15441,-0.497245,0.567856
primary_strict_point_hn1,4,3442,15442,-0.489961,0.571572
primary_strict_point_hn1,4,3443,15443,-0.611807,0.615233
primary_strict_point_hn1,4,3444,15444,-0.505621,0.744332
primary_strict_point_hn1,4,3445,15445,-0.483852,0.658433
primary_strict_point_hn1,4,3446,15446,-0.686305,0.477481
primary_strict_point_hn1,4,3447,15447,-0.422737,0.600957
primary_strict_point_hn1,4,3448,15448,-0.516571,0.424841
primary_strict_point_hn1,4,3449,15449,-0.59606,0.44299
primary_strict_point_hn1,4,3450,15450,-0.558531,0.750474
primary_strict_point_hn1,4,3451,15451,-0.614948,0.508722
primary_strict_point_hn1,4,3452,15452,-0.8034,0.501453
primary_strict_point_hn1,4,3453,15453,-0.786992,0.349671
primary_strict_point_hn1,4,3454,15454,-0.829693,0.475473
primary_strict_point_hn1,4,3455,15455,-0.802542,0.564546
primary_strict_point_hn1,4,3456,15456,-0.645492,0.483978
primary_strict_point_hn1,4,3457,15457,-0.734681,0.444889
primary_strict_point_hn1,4,3458,15458,-0.819551,0.549731
primary_strict_point_hn1,4,3459,15459,-0.7061,0.437423
primary_strict_point_hn1,4,3460,15460,-0.722893,0.584923
primary_strict_point_hn1,4,3461,15461,-0.83002,0.66621
primary_strict_point_hn1,4,3462,15462,-0.703057,0.581572
primary_strict_point_hn1,4,3463,15463,-0.711627,0.608719
primary_strict_point_hn1,4,3464,15464,-0.968092,0.952733
primary_strict_point_hn1,4,3465,15465,-0.955129,0.65546
primary_strict_point_hn1,4,3466,15466,-0.815568,0.533259
primary_strict_point_hn1,4,3467,15467,-1.02076,0.515199
primary_strict_point_hn1,4,3468,15468,-0.879807,0.650499
primary_strict_point_hn1,4,3469,15469,-0.511412,0.9315
primary_strict_point_hn1,4,3470,15470,-0.49042,0.710264
primary_strict_point_hn1,4,3471,15471,-0.909628,0.767406
primary_strict_point_hn1,4,3472,15472,-0.813748,0.581506
primary_strict_point_hn1,4,3473,15473,-0.710576,0.450245
primary_strict_point_hn1,4,3474,15474,-0.535908,0.647927
primary_strict_point_hn1,4,3475,15475,-0.638238,0.614546
primary_strict_point_hn1,4,3476,15476,-0.525205,0.676469
primary_strict_point_hn1,4,3477,15477,-0.641371,0.612095
primary_strict_point_hn1,4,3478,15478,-0.487221,0.523783
primary_strict_point_hn1,4,3479,15479,-0.632371,0.483465
primary_strict_point_hn1,4,3480,15480,-0.727712,0.419989
primary_strict_point_hn1,4,3481,15481,-0.527878,0.401108
primary_strict_point_hn1,4,3482,15482,-0.611147,0.400969
primary_strict_point_hn1,4,3483,15483,-0.806256,0.629373
primary_strict_point_hn1,4,3484,15484,-0.807873,0.598152
primary_strict_point_hn1,4,3485,15485,-0.364764,0.677525
primary_strict_point_hn1,4,3486,15486,-0.403538,0.525374
primary_strict_point_hn1,4,3487,15487,-0.589675,0.611491
primary_strict_point_hn1,4,3488,15488,-0.50921,0.596834
primary_strict_point_hn1,4,3489,15489,-0.619025,0.50111000000000006
primary_strict_point_hn1,4,3490,15490,-0.623776,0.37803
primary_strict_point_hn1,4,3491,15491,-0.468588,0.476231
primary_strict_point_hn1,4,3492,15492,-0.482634,0.500293
primary_strict_point_hn1,4,3493,15493,-0.637817,0.545339
primary_strict_point_hn1,4,3494,15494,-0.336453,0.620822
primary_strict_point_hn1,4,3495,15495,-0.617424,0.97499
primary_strict_point_hn1,4,3496,15496,-0.63022,0.935709
primary_strict_point_hn1,4,3497,15497,-0.312393,0.817297
primary_strict_point_hn1,4,3498,15498,-0.475782,1.2765
primary_strict_point_hn1,4,3499,15499,-0.484959,1.1239
primary_strict_point_hn1,4,3500,15500,-0.631702,1.18002
primary_strict_point_hn1,4,3501,15501,-0.678576,0.693024
primary_strict_point_hn1,4,3502,15502,-0.820411,0.699272
primary_strict_point_hn1,4,3503,15503,-0.89717,0.772875
primary_strict_point_hn1,4,3504,15504,-0.996029,0.63555
primary_strict_point_hn1,4,3505,15505,-1.08612,0.646845
primary_strict_point_hn1,4,3506,15506,-0.929735,0.516653
primary_strict_point_hn1,4,3507,15507,-0.898512,0.5941
primary_strict_point_hn1,4,3508,15508,-0.611564,0.755382
primary_strict_point_hn1,4,3509,15509,-0.841553,0.591716
primary_strict_point_hn1,4,3510,15510,-0.711407,0.469465
primary_strict_point_hn1,4,3511,15511,-0.588876,0.437825
primary_strict_point_hn1,4,3512,15512,-1.00062,0.554116
primary_strict_point_hn1,4,3513,15513,-1.19895,0.563444
primary_strict_point_hn1,4,3514,15514,-0.492105,0.453974
primary_strict_point_hn1,4,3515,15515,-0.658123,0.330475
primary_strict_point_hn1,4,3516,15516,-0.589047,0.504474
primary_strict_point_hn1,4,3517,15517,-0.726943,0.621324
primary_strict_point_hn1,4,3518,15518,-0.601988,0.542448
primary_strict_point_hn1,4,3519,15519,-0.648337,0.567904
primary_strict_point_hn1,4,3520,15520,-0.725783,0.766028
primary_strict_point_hn1,4,3521,15521,-0.664439,0.881809
primary_strict_point_hn1,4,3522,15522,-0.531754,0.591904
primary_strict_point_hn1,4,3523,15523,-0.467663,0.77523
primary_strict_point_hn1,4,3524,15524,-0.724535,0.456061
primary_strict_point_hn1,4,3525,15525,-0.55446,0.609295
primary_strict_point_hn1,4,3526,15526,-0.778711,0.412552
primary_strict_point_hn1,4,3527,15527,-0.677496,0.484616
primary_strict_point_hn1,4,3528,15528,-0.395012,0.471365
primary_strict_point_hn1,4,3529,15529,-0.56166,0.469466
primary_strict_point_hn1,4,3530,15530,-0.410161,0.544805
primary_strict_point_hn1,4,3531,15531,-0.608672,0.517141
primary_strict_point_hn1,4,3532,15532,-0.598163,0.62302
primary_strict_point_hn1,4,3533,15533,-0.599658,0.501279
primary_strict_point_hn1,4,3534,15534,-0.671735,0.520751
primary_strict_point_hn1,4,3535,15535,-0.762781,0.564639
primary_strict_point_hn1,4,3536,15536,-0.463269,0.563672
primary_strict_point_hn1,4,3537,15537,-0.372751,0.552804
primary_strict_point_hn1,4,3538,15538,-0.307727,0.519198
primary_strict_point_hn1,4,3539,15539,-0.318446,0.857047
primary_strict_point_hn1,4,3540,15540,-0.475525,0.687731
primary_strict_point_hn1,4,3541,15541,-0.430947,0.498777
primary_strict_point_hn1,4,3542,15542,-0.440154,0.913456
primary_strict_point_hn1,4,3543,15543,-0.479549,0.849399
primary_strict_point_hn1,4,3544,15544,-0.410459,0.849825
primary_strict_point_hn1,4,3545,15545,-0.376058,0.688246
primary_strict_point_hn1,4,3546,15546,-0.49803,0.572532
primary_strict_point_hn1,4,3547,15547,-0.396662,0.694973
primary_strict_point_hn1,4,3548,15548,-0.528295,0.443522
primary_strict_point_hn1,4,3549,15549,-0.70825,0.478191
primary_strict_point_hn1,4,3550,15550,-0.75101,0.555217
primary_strict_point_hn1,4,3551,15551,-0.769082,0.621814
primary_strict_point_hn1,4,3552,15552,-0.731533,0.662658
primary_strict_point_hn1,4,3553,15553,-0.837914,0.491704
primary_strict_point_hn1,4,3554,15554,-0.734649,0.496299
primary_strict_point_hn1,4,3555,15555,-0.855556,0.627992
primary_strict_point_hn1,4,3556,15556,-0.893771,0.582996
primary_strict_point_hn1,4,3557,15557,-0.817927,0.582289
primary_strict_point_hn1,4,3558,15558,-0.557143,0.677812
primary_strict_point_hn1,4,3559,15559,-0.588014,0.57937
primary_strict_point_hn1,4,3560,15560,-0.546068,0.596392
primary_strict_point_hn1,4,3561,15561,-0.643341,0.506935
primary_strict_point_hn1,4,3562,15562,-0.63324,0.433163
primary_strict_point_hn1,4,3563,15563,-0.68579,0.65105
primary_strict_point_hn1,4,3564,15564,-0.464258,0.600651
primary_strict_point_hn1,4,3565,15565,-0.543092,0.605569
primary_strict_point_hn1,4,3566,15566,-0.367521,0.746515
primary_strict_point_hn1,4,3567,15567,-0.402337,0.846694
primary_strict_point_hn1,4,3568,15568,-0.428035,0.624978
primary_strict_point_hn1,4,3569,15569,-0.355622,0.67796
primary_strict_point_hn1,4,3570,15570,-0.279922,0.730685
primary_strict_point_hn1,4,3571,15571,-0.623212,0.573276
primary_strict_point_hn1,4,3572,15572,-0.604,0.570498
primary_strict_point_hn1,4,3573,15573,-0.417334,0.566718
primary_strict_point_hn1,4,3574,15574,-0.380578,0.59446
primary_strict_point_hn1,4,3575,15575,-0.355967,0.7041
primary_strict_point_hn1,4,3576,15576,-0.377499,0.63002
primary_strict_point_hn1,4,3577,15577,-0.350432,0.722928
primary_strict_point_hn1,4,3578,15578,-0.618974,0.616759
primary_strict_point_hn1,4,3579,15579,-0.494694,0.733319
primary_strict_point_hn1,4,3580,15580,-0.517886,0.353879
primary_strict_point_hn1,4,3581,15581,-0.756447,0.483551
primary_strict_point_hn1,4,3582,15582,-0.62726,0.397866
primary_strict_point_hn1,4,3583,15583,-0.723576,0.423206
primary_strict_point_hn1,4,3584,15584,-0.821776,0.401674
primary_strict_point_hn1,4,3585,15585,-0.87829,0.416454
primary_strict_point_hn1,4,3586,15586,-0.44734,0.575351
primary_strict_point_hn1,4,3587,15587,-0.65267,0.346286
primary_strict_point_hn1,4,3588,15588,-0.427593,0.304503
primary_strict_point_hn1,4,3589,15589,-0.590384,0.33852
primary_strict_point_hn1,4,3590,15590,-0.495825,0.428826
primary_strict_point_hn1,4,3591,15591,-0.762187,0.625975
primary_strict_point_hn1,4,3592,15592,-0.657236,0.681673
primary_strict_point_hn1,4,3593,15593,-0.533622,0.741939
primary_strict_point_hn1,4,3594,15594,-0.560401,0.817872
primary_strict_point_hn1,4,3595,15595,-0.498551,0.765999
primary_strict_point_hn1,4,3596,15596,-0.419368,0.748663
primary_strict_point_hn1,4,3597,15597,-0.345388,0.754019
primary_strict_point_hn1,4,3598,15598,-0.371812,0.761378
primary_strict_point_hn1,4,3599,15599,-0.521372,0.756838
primary_strict_point_hn1,4,3600,15600,-0.737993,0.408833
primary_strict_point_hn1,4,3601,15601,-0.54294,0.356549
primary_strict_point_hn1,4,3602,15602,-0.534642,0.324096
primary_strict_point_hn1,4,3603,15603,-0.596129,0.502499
primary_strict_point_hn1,4,3604,15604,-0.60999,0.356924
primary_strict_point_hn1,4,3605,15605,-0.385198,0.654216
primary_strict_point_hn1,4,3606,15606,-0.602117,0.475733
primary_strict_point_hn1,4,3607,15607,-0.673645,0.908323
primary_strict_point_hn1,4,3608,15608,-0.946772,0.613419
primary_strict_point_hn1,4,3609,15609,-0.995639,0.404775
primary_strict_point_hn1,4,3610,15610,-1.04162,0.500011
primary_strict_point_hn1,4,3611,15611,-1.05259,0.536665
primary_strict_point_hn1,4,3612,15612,-0.324008,0.405295
primary_strict_point_hn1,4,3613,15613,-0.319555,0.358538
primary_strict_point_hn1,4,3614,15614,-0.632535,0.434431
primary_strict_point_hn1,4,3615,15615,-0.833978,0.453114
primary_strict_point_hn1,4,3616,15616,-0.600608,0.710319
primary_strict_point_hn1,4,3617,15617,-0.813399,0.562059
primary_strict_point_hn1,4,3618,15618,-0.856077,0.771341
primary_strict_point_hn1,4,3619,15619,-0.725141,0.530343
primary_strict_point_hn1,4,3620,15620,-0.725146,0.514775
primary_strict_point_hn1,4,3621,15621,-0.820608,0.6524
primary_strict_point_hn1,4,3622,15622,-0.662096,0.54282
primary_strict_point_hn1,4,3623,15623,-0.606984,0.729739
primary_strict_point_hn1,4,3624,15624,-0.523379,0.792931
primary_strict_point_hn1,4,3625,15625,-0.687691,0.587087
primary_strict_point_hn1,4,3626,15626,-0.530047,0.757179
primary_strict_point_hn1,4,3627,15627,-0.396413,0.543284
primary_strict_point_hn1,4,3628,15628,-0.757954,0.694241
primary_strict_point_hn1,4,3629,15629,-0.602764,0.52946
primary_strict_point_hn1,4,3630,15630,-0.644095,0.4971
primary_strict_point_hn1,4,3631,15631,-0.615403,0.413972
primary_strict_point_hn1,4,3632,15632,-0.621518,0.387691
primary_strict_point_hn1,4,3633,15633,-0.671261,0.334867
primary_strict_point_hn1,4,3634,15634,-0.948975,0.596369
primary_strict_point_hn1,4,3635,15635,-0.884613,0.517751
primary_strict_point_hn1,4,3636,15636,-0.916192,0.575634
primary_strict_point_hn1,4,3637,15637,-0.795549,0.579568
primary_strict_point_hn1,4,3638,15638,-0.852815,0.68407
primary_strict_point_hn1,4,3639,15639,-0.623226,0.435425
primary_strict_point_hn1,4,3640,15640,-0.775027,0.555594
primary_strict_point_hn1,4,3641,15641,-0.733469,0.577293
primary_strict_point_hn1,4,3642,15642,-0.671177,0.336634
primary_strict_point_hn1,4,3643,15643,-0.618064,0.559469
primary_strict_point_hn1,4,3644,15644,-0.728486,0.997179
primary_strict_point_hn1,4,3645,15645,-0.680666,1.15109
primary_strict_point_hn1,4,3646,15646,-0.674944,1.06803
primary_strict_point_hn1,4,3647,15647,-0.62561,1.22339
primary_strict_point_hn1,4,3648,15648,-0.62552,0.473677
primary_strict_point_hn1,4,3649,15649,-0.652897,0.421641
primary_strict_point_hn1,4,3650,15650,-0.633456,0.459851
primary_strict_point_hn1,4,3651,15651,-0.687373,0.424616
primary_strict_point_hn1,4,3652,15652,-0.723041,0.494998
primary_strict_point_hn1,4,3653,15653,-0.800399,0.439734
primary_strict_point_hn1,4,3654,15654,-0.766955,0.451415
primary_strict_point_hn1,4,3655,15655,-0.80127,0.504039
primary_strict_point_hn1,4,3656,15656,-0.667643,0.396785
primary_strict_point_hn1,4,3657,15657,-0.731369,0.745913
primary_strict_point_hn1,4,3658,15658,-0.598869,0.525038
primary_strict_point_hn1,4,3659,15659,-0.65358,0.386874
primary_strict_point_hn1,4,3660,15660,-0.533073,0.460246
primary_strict_point_hn1,4,3661,15661,-0.704595,1.0201
primary_strict_point_hn1,4,3662,15662,-0.813473,0.879408
primary_strict_point_hn1,4,3663,15663,-0.657897,0.73512
primary_strict_point_hn1,4,3664,15664,-0.567792,0.415742
primary_strict_point_hn1,4,3665,15665,-0.691837,0.495506
primary_strict_point_hn1,4,3666,15666,-0.622235,0.373602
primary_strict_point_hn1,4,3667,15667,-0.587838,0.464844
primary_strict_point_hn1,4,3668,15668,-0.641378,0.341302
primary_strict_point_hn1,4,3669,15669,-0.423301,0.709493
primary_strict_point_hn1,4,3670,15670,-0.53133300000000006,0.56358
primary_strict_point_hn1,4,3671,15671,-0.452953,0.581204
primary_strict_point_hn1,4,3672,15672,-0.724527,0.598108
primary_strict_point_hn1,4,3673,15673,-0.664705,0.602972
primary_strict_point_hn1,4,3674,15674,-0.624621,0.34441
primary_strict_point_hn1,4,3675,15675,-0.643306,0.415823
primary_strict_point_hn1,4,3676,15676,-0.637403,0.567517
primary_strict_point_hn1,4,3677,15677,-0.408365,0.64384
primary_strict_point_hn1,4,3678,15678,-0.683512,0.57205
primary_strict_point_hn1,4,3679,15679,-0.840674,0.572684
primary_strict_point_hn1,4,3680,15680,-0.607935,0.415246
primary_strict_point_hn1,4,3681,15681,-0.684131,0.537384
primary_strict_point_hn1,4,3682,15682,-0.452947,0.635926
primary_strict_point_hn1,4,3683,15683,-0.492596,0.646415
primary_strict_point_hn1,4,3684,15684,-0.573102,0.670572
primary_strict_point_hn1,4,3685,15685,-0.603893,0.606913
primary_strict_point_hn1,4,3686,15686,-0.495487,0.613236
primary_strict_point_hn1,4,3687,15687,-0.617712,0.587169
primary_strict_point_hn1,4,3688,15688,-0.714545,0.801582
primary_strict_point_hn1,4,3689,15689,-0.683038,0.831619
primary_strict_point_hn1,4,3690,15690,-0.40263,0.657206
primary_strict_point_hn1,4,3691,15691,-0.384156,0.575892
primary_strict_point_hn1,4,3692,15692,-0.640738,0.457035
primary_strict_point_hn1,4,3693,15693,-0.733584,0.511444
primary_strict_point_hn1,4,3694,15694,-0.786156,0.56542
primary_strict_point_hn1,4,3695,15695,-0.520468,0.539677
primary_strict_point_hn1,4,3696,15696,-0.533542,0.338077
primary_strict_point_hn1,4,3697,15697,-0.581795,0.608215
primary_strict_point_hn1,4,3698,15698,-0.615918,0.396414
primary_strict_point_hn1,4,3699,15699,-0.421697,0.494612
primary_strict_point_hn1,4,3700,15700,-0.386871,0.620458
primary_strict_point_hn1,4,3701,15701,-0.776479,0.451671
primary_strict_point_hn1,4,3702,15702,-0.794268,0.605271
primary_strict_point_hn1,4,3703,15703,-0.365749,0.571557
primary_strict_point_hn1,4,3704,15704,-0.303134,0.538179
primary_strict_point_hn1,4,3705,15705,-0.428707,0.44278
primary_strict_point_hn1,4,3706,15706,-0.749283,0.617962
primary_strict_point_hn1,4,3707,15707,-0.654625,0.762617
primary_strict_point_hn1,4,3708,15708,-0.899073,0.622328
primary_strict_point_hn1,4,3709,15709,-0.789375,0.72353
primary_strict_point_hn1,4,3710,15710,-0.893244,0.726604
primary_strict_point_hn1,4,3711,15711,-0.374328,0.437829
primary_strict_point_hn1,4,3712,15712,-0.519199,0.571137
primary_strict_point_hn1,4,3713,15713,-0.589588,0.473698
primary_strict_point_hn1,4,3714,15714,-0.549886,0.539269
primary_strict_point_hn1,4,3715,15715,-0.583136,0.579691
primary_strict_point_hn1,4,3716,15716,-0.542764,0.459373
primary_strict_point_hn1,4,3717,15717,-0.467899,0.665054
primary_strict_point_hn1,4,3718,15718,-0.762806,0.917734
primary_strict_point_hn1,4,3719,15719,-0.597492,0.599231
primary_strict_point_hn1,4,3720,15720,-0.651138,0.560508
primary_strict_point_hn1,4,3721,15721,-0.628372,0.567175
primary_strict_point_hn1,4,3722,15722,-0.718377,0.632463
primary_strict_point_hn1,4,3723,15723,-0.663927,0.462491
primary_strict_point_hn1,4,3724,15724,-0.530834,0.635829
primary_strict_point_hn1,4,3725,15725,-0.48251,0.712492
primary_strict_point_hn1,4,3726,15726,-0.569358,0.579511
primary_strict_point_hn1,4,3727,15727,-0.533292,0.63833
primary_strict_point_hn1,4,3728,15728,-0.548131,0.548577
primary_strict_point_hn1,4,3729,15729,-0.467775,0.62733
primary_strict_point_hn1,4,3730,15730,-0.49089699999999997,0.629946
primary_strict_point_hn1,4,3731,15731,-0.836267,0.542043
primary_strict_point_hn1,4,3732,15732,-0.86161,0.612659
primary_strict_point_hn1,4,3733,15733,-0.740661,0.629488
primary_strict_point_hn1,4,3734,15734,-0.914113,0.761852
primary_strict_point_hn1,4,3735,15735,-0.994367,0.854446
primary_strict_point_hn1,4,3736,15736,-0.62788,0.611047
primary_strict_point_hn1,4,3737,15737,-0.579188,0.562939
primary_strict_point_hn1,4,3738,15738,-0.502588,0.490322
primary_strict_point_hn1,4,3739,15739,-0.643566,0.49017
primary_strict_point_hn1,4,3740,15740,-0.663977,0.486704
primary_strict_point_hn1,4,3741,15741,-0.827964,0.719041
primary_strict_point_hn1,4,3742,15742,-0.878742,0.682055
primary_strict_point_hn1,4,3743,15743,-0.52866,0.561063
primary_strict_point_hn1,4,3744,15744,-0.529467,0.590796
primary_strict_point_hn1,4,3745,15745,-0.594968,0.592328
primary_strict_point_hn1,4,3746,15746,-0.485444,0.48658
primary_strict_point_hn1,4,3747,15747,-1.02086,0.594222
primary_strict_point_hn1,4,3748,15748,-0.866509,0.536708
primary_strict_point_hn1,4,3749,15749,-0.92143,0.561593
primary_strict_point_hn1,4,3750,15750,-0.763659,0.460031
primary_strict_point_hn1,4,3751,15751,-0.739267,0.483609
primary_strict_point_hn1,4,3752,15752,-0.643487,0.46839
primary_strict_point_hn1,4,3753,15753,-0.748277,0.493446
primary_strict_point_hn1,4,3754,15754,-0.803976,0.385754
primary_strict_point_hn1,4,3755,15755,-0.373338,0.730764
primary_strict_point_hn1,4,3756,15756,-0.482524,0.532416
primary_strict_point_hn1,4,3757,15757,-0.0416876,0.707355
primary_strict_point_hn1,4,3758,15758,-0.371882,0.876373
primary_strict_point_hn1,4,3759,15759,-0.47373,1.12398
primary_strict_point_hn1,4,3760,15760,-0.770298,0.78280400000000006
primary_strict_point_hn1,4,3761,15761,-0.794152,0.775858
primary_strict_point_hn1,4,3762,15762,-0.822604,0.533146
primary_strict_point_hn1,4,3763,15763,-0.654467,0.476618
primary_strict_point_hn1,4,3764,15764,-0.657142,0.441036
primary_strict_point_hn1,4,3765,15765,-0.683979,0.356704
primary_strict_point_hn1,4,3766,15766,-0.653782,0.497319
primary_strict_point_hn1,4,3767,15767,-0.59308399999999994,0.349698
primary_strict_point_hn1,4,3768,15768,-0.598109,0.71954
primary_strict_point_hn1,4,3769,15769,-0.606968,0.806586
primary_strict_point_hn1,4,3770,15770,-0.617628,0.61181
primary_strict_point_hn1,4,3771,15771,-0.529438,0.652271
primary_strict_point_hn1,4,3772,15772,-0.710178,0.846238
primary_strict_point_hn1,4,3773,15773,-0.750355,0.975815
primary_strict_point_hn1,4,3774,15774,-0.563822,0.912978
primary_strict_point_hn1,4,3775,15775,-0.615998,1.0854
primary_strict_point_hn1,4,3776,15776,-0.821176,0.589709
primary_strict_point_hn1,4,3777,15777,-0.721122,0.375402
primary_strict_point_hn1,4,3778,15778,-0.563409,0.663449
primary_strict_point_hn1,4,3779,15779,-0.57376,0.403994
primary_strict_point_hn1,4,3780,15780,-0.732619,0.512049
primary_strict_point_hn1,4,3781,15781,-0.532128,0.558779
primary_strict_point_hn1,4,3782,15782,-0.83426,0.546476
primary_strict_point_hn1,4,3783,15783,-0.671821,0.622765
primary_strict_point_hn1,4,3784,15784,-0.663616,0.46548
primary_strict_point_hn1,4,3785,15785,-0.935683,0.690977
primary_strict_point_hn1,4,3786,15786,-0.831006,0.585648
primary_strict_point_hn1,4,3787,15787,-0.272947,0.557786
primary_strict_point_hn1,4,3788,15788,-0.663041,0.893382
primary_strict_point_hn1,4,3789,15789,-0.542835,0.705783
primary_strict_point_hn1,4,3790,15790,-0.374194,0.774947
primary_strict_point_hn1,4,3791,15791,-0.401245,0.670719
primary_strict_point_hn1,4,3792,15792,-0.350378,0.624268
primary_strict_point_hn1,4,3793,15793,-0.448571,0.373518
primary_strict_point_hn1,4,3794,15794,-0.569066,0.377673
primary_strict_point_hn1,4,3795,15795,-0.63321,0.46365
primary_strict_point_hn1,4,3796,15796,-0.59803,0.73297
primary_strict_point_hn1,4,3797,15797,-0.648043,0.553866
primary_strict_point_hn1,4,3798,15798,-0.63817,0.535364
primary_strict_point_hn1,4,3799,15799,-0.583355,0.49193
primary_strict_point_hn1,4,3800,15800,-0.513381,0.363056
primary_strict_point_hn1,4,3801,15801,-0.623672,0.405584
primary_strict_point_hn1,4,3802,15802,-0.662177,0.368022
primary_strict_point_hn1,4,3803,15803,-0.462553,0.675245
primary_strict_point_hn1,4,3804,15804,-0.383459,0.662961
primary_strict_point_hn1,4,3805,15805,-0.428664,0.595442
primary_strict_point_hn1,4,3806,15806,-0.477207,0.45016
primary_strict_point_hn1,4,3807,15807,-0.574668,0.572236
primary_strict_point_hn1,4,3808,15808,-0.636869,0.603072
primary_strict_point_hn1,4,3809,15809,-0.689092,0.673839
primary_strict_point_hn1,4,3810,15810,-0.817144,0.698391
primary_strict_point_hn1,4,3811,15811,-0.861565,0.729667
primary_strict_point_hn1,4,3812,15812,-0.729355,0.813568
primary_strict_point_hn1,4,3813,15813,-1.05107,0.909265
primary_strict_point_hn1,4,3814,15814,-1.0353,0.895461
primary_strict_point_hn1,4,3815,15815,-1.20009,0.767315
primary_strict_point_hn1,4,3816,15816,-1.1919,0.765986
primary_strict_point_hn1,4,3817,15817,-1.18145,0.74541
primary_strict_point_hn1,4,3818,15818,-0.644467,0.670257
primary_strict_point_hn1,4,3819,15819,-0.692243,0.457232
primary_strict_point_hn1,4,3820,15820,-0.779769,0.497518
primary_strict_point_hn1,4,3821,15821,-0.817432,0.323979
primary_strict_point_hn1,4,3822,15822,-0.77606,0.388916
primary_strict_point_hn1,4,3823,15823,-0.737054,0.66968
primary_strict_point_hn1,4,3824,15824,-0.714786,0.443131
primary_strict_point_hn1,4,3825,15825,-0.582238,0.411007
primary_strict_point_hn1,4,3826,15826,-0.142259,0.58656
primary_strict_point_hn1,4,3827,15827,-0.358365,0.442411
primary_strict_point_hn1,4,3828,15828,-0.942355,0.768169
primary_strict_point_hn1,4,3829,15829,-0.69323,0.479225
primary_strict_point_hn1,4,3830,15830,-0.710512,0.72542
primary_strict_point_hn1,4,3831,15831,-0.657045,0.425638
primary_strict_point_hn1,4,3832,15832,-0.667709,0.44403
primary_strict_point_hn1,4,3833,15833,-0.705841,0.4794
primary_strict_point_hn1,4,3834,15834,-0.368766,0.633357
primary_strict_point_hn1,4,3835,15835,-0.567962,0.642197
primary_strict_point_hn1,4,3836,15836,-0.396992,0.444624
primary_strict_point_hn1,4,3837,15837,-0.465355,0.643159
primary_strict_point_hn1,4,3838,15838,-0.4557,0.702667
primary_strict_point_hn1,4,3839,15839,-0.45836,0.605477
primary_strict_point_hn1,4,3840,15840,-0.577426,0.625506
primary_strict_point_hn1,4,3841,15841,-0.525736,0.667141
primary_strict_point_hn1,4,3842,15842,-0.667745,0.426221
primary_strict_point_hn1,4,3843,15843,-0.712684,0.41824
primary_strict_point_hn1,4,3844,15844,-0.888868,0.609305
primary_strict_point_hn1,4,3845,15845,-0.775682,0.551595
primary_strict_point_hn1,4,3846,15846,-0.815329,0.520101
primary_strict_point_hn1,4,3847,15847,-0.80123,0.550495
primary_strict_point_hn1,4,3848,15848,-0.846393,0.501846
primary_strict_point_hn1,4,3849,15849,-0.74785,0.38605
primary_strict_point_hn1,4,3850,15850,-0.84609,0.652095
primary_strict_point_hn1,4,3851,15851,-0.704225,0.749269
primary_strict_point_hn1,4,3852,15852,-0.717862,0.703858
primary_strict_point_hn1,4,3853,15853,-0.742432,0.503513
primary_strict_point_hn1,4,3854,15854,-0.555287,0.592564
primary_strict_point_hn1,4,3855,15855,-0.591446,0.54355
primary_strict_point_hn1,4,3856,15856,-0.551701,0.483718
primary_strict_point_hn1,4,3857,15857,-0.691566,0.52573
primary_strict_point_hn1,4,3858,15858,-0.648387,0.514768
primary_strict_point_hn1,4,3859,15859,-0.617588,0.381237
primary_strict_point_hn1,4,3860,15860,-0.601923,0.388468
primary_strict_point_hn1,4,3861,15861,-0.649702,0.332829
primary_strict_point_hn1,4,3862,15862,-0.462654,0.523957
primary_strict_point_hn1,4,3863,15863,-0.540784,0.519395
primary_strict_point_hn1,4,3864,15864,-0.622142,0.540288
primary_strict_point_hn1,4,3865,15865,-0.57834700000000006,0.417695
primary_strict_point_hn1,4,3866,15866,-0.468038,0.699022
primary_strict_point_hn1,4,3867,15867,-0.717438,0.471767
primary_strict_point_hn1,4,3868,15868,-0.588298,0.408087
primary_strict_point_hn1,4,3869,15869,-0.603889,0.385423
primary_strict_point_hn1,4,3870,15870,-0.707078,0.649192
primary_strict_point_hn1,4,3871,15871,-0.519756,0.737695
primary_strict_point_hn1,4,3872,15872,-0.910005,0.691588
primary_strict_point_hn1,4,3873,15873,-0.501893,1.1603
primary_strict_point_hn1,4,3874,15874,-0.911882,1.01896
primary_strict_point_hn1,4,3875,15875,-1.13385,0.760314
primary_strict_point_hn1,4,3876,15876,-0.863307,0.540197
primary_strict_point_hn1,4,3877,15877,-0.813711,0.536744
primary_strict_point_hn1,4,3878,15878,-0.901514,0.575839
primary_strict_point_hn1,4,3879,15879,-0.892767,0.691575
primary_strict_point_hn1,4,3880,15880,-0.851989,0.677175
primary_strict_point_hn1,4,3881,15881,-0.899462,0.959792
primary_strict_point_hn1,4,3882,15882,-0.647827,0.583144
primary_strict_point_hn1,4,3883,15883,-0.743099,0.711268
primary_strict_point_hn1,4,3884,15884,-0.487735,0.525285
primary_strict_point_hn1,4,3885,15885,-0.631022,0.511618
primary_strict_point_hn1,4,3886,15886,-0.438772,0.54674
primary_strict_point_hn1,4,3887,15887,-0.438865,0.483363
primary_strict_point_hn1,4,3888,15888,-0.632172,0.467301
primary_strict_point_hn1,4,3889,15889,-0.53843,0.566906
primary_strict_point_hn1,4,3890,15890,-0.612442,0.504904
primary_strict_point_hn1,4,3891,15891,-0.607409,0.546469
primary_strict_point_hn1,4,3892,15892,-0.541196,0.68351
primary_strict_point_hn1,4,3893,15893,-0.711936,0.664434
primary_strict_point_hn1,4,3894,15894,-0.623752,0.506679
primary_strict_point_hn1,4,3895,15895,-0.551302,0.565204
primary_strict_point_hn1,4,3896,15896,-0.655348,0.478843
primary_strict_point_hn1,4,3897,15897,-0.580849,0.708032
primary_strict_point_hn1,4,3898,15898,-0.764298,0.558268
primary_strict_point_hn1,4,3899,15899,-0.719952,0.586187
primary_strict_point_hn1,4,3900,15900,-0.80317,0.562726
primary_strict_point_hn1,4,3901,15901,-0.761455,0.494336
primary_strict_point_hn1,4,3902,15902,-0.594656,0.530371
primary_strict_point_hn1,4,3903,15903,-1.03044,0.510471
primary_strict_point_hn1,4,3904,15904,-1.04154,0.536959
primary_strict_point_hn1,4,3905,15905,-0.745448,0.521475
primary_strict_point_hn1,4,3906,15906,-0.790033,0.458455
primary_strict_point_hn1,4,3907,15907,-0.18399,0.567177
primary_strict_point_hn1,4,3908,15908,-0.253566,0.614209
primary_strict_point_hn1,4,3909,15909,-0.958703,0.341067
primary_strict_point_hn1,4,3910,15910,-0.783078,0.391616
primary_strict_point_hn1,4,3911,15911,-0.898941,0.479932
primary_strict_point_hn1,4,3912,15912,-0.907881,0.594015
primary_strict_point_hn1,4,3913,15913,-0.82664,0.469672
primary_strict_point_hn1,4,3914,15914,-0.680741,0.523979
primary_strict_point_hn1,4,3915,15915,-0.756946,0.494076
primary_strict_point_hn1,4,3916,15916,-0.892046,0.548258
primary_strict_point_hn1,4,3917,15917,-0.743723,0.468233
primary_strict_point_hn1,4,3918,15918,-0.670123,0.473184
primary_strict_point_hn1,4,3919,15919,-0.565423,0.393421
primary_strict_point_hn1,4,3920,15920,-0.599359,0.657586
primary_strict_point_hn1,4,3921,15921,-0.55092699999999994,0.426068
primary_strict_point_hn1,4,3922,15922,-0.536414,0.421447
primary_strict_point_hn1,4,3923,15923,-0.590899,0.534561
primary_strict_point_hn1,4,3924,15924,-0.944601,0.640274
primary_strict_point_hn1,4,3925,15925,-0.854676,0.660918
primary_strict_point_hn1,4,3926,15926,-0.850947,0.835369
primary_strict_point_hn1,4,3927,15927,-0.750386,0.758289
primary_strict_point_hn1,4,3928,15928,-0.682089,0.683025
primary_strict_point_hn1,4,3929,15929,-0.702571,0.558112
primary_strict_point_hn1,4,3930,15930,-0.645662,0.551754
primary_strict_point_hn1,4,3931,15931,-0.77723,0.720462
primary_strict_point_hn1,4,3932,15932,-0.593039,0.658037
primary_strict_point_hn1,4,3933,15933,-0.738347,0.359876
primary_strict_point_hn1,4,3934,15934,-0.713226,0.553374
primary_strict_point_hn1,4,3935,15935,-0.944273,0.656695
primary_strict_point_hn1,4,3936,15936,-0.0747852,0.800328
primary_strict_point_hn1,4,3937,15937,-0.0436861,0.82782
primary_strict_point_hn1,4,3938,15938,-0.296794,0.662402
primary_strict_point_hn1,4,3939,15939,-0.282659,0.569747
primary_strict_point_hn1,4,3940,15940,-0.328282,0.644734
primary_strict_point_hn1,4,3941,15941,-0.303127,0.655772
primary_strict_point_hn1,4,3942,15942,-0.30827,0.55013
primary_strict_point_hn1,4,3943,15943,-0.915823,0.502302
primary_strict_point_hn1,4,3944,15944,-0.699117,0.54978
primary_strict_point_hn1,4,3945,15945,-0.686711,0.718521
primary_strict_point_hn1,4,3946,15946,-0.630727,0.620801
primary_strict_point_hn1,4,3947,15947,-0.678234,0.548833
primary_strict_point_hn1,4,3948,15948,-0.707068,0.551116
primary_strict_point_hn1,4,3949,15949,-0.960754,0.523034
primary_strict_point_hn1,4,3950,15950,-0.802899,0.410632
primary_strict_point_hn1,4,3951,15951,-0.874046,0.880658
primary_strict_point_hn1,4,3952,15952,-0.536274,0.589034
primary_strict_point_hn1,4,3953,15953,-0.789488,0.877894
primary_strict_point_hn1,4,3954,15954,-0.813958,0.771012
primary_strict_point_hn1,4,3955,15955,-0.819817,0.496353
primary_strict_point_hn1,4,3956,15956,-0.679848,0.600223
primary_strict_point_hn1,4,3957,15957,-0.733766,0.438679
primary_strict_point_hn1,4,3958,15958,-0.587512,0.430672
primary_strict_point_hn1,4,3959,15959,-0.645761,0.527669
primary_strict_point_hn1,4,3960,15960,-0.369345,0.678437
primary_strict_point_hn1,4,3961,15961,-0.448534,0.512379
primary_strict_point_hn1,4,3962,15962,-0.523292,0.534618
primary_strict_point_hn1,4,3963,15963,-0.66414,0.376391
primary_strict_point_hn1,4,3964,15964,-0.6874,0.623248
primary_strict_point_hn1,4,3965,15965,-0.755871,0.370906
primary_strict_point_hn1,4,3966,15966,-0.426442,0.521014
primary_strict_point_hn1,4,3967,15967,-0.417544,0.60057
primary_strict_point_hn1,4,3968,15968,-0.608989,0.529307
primary_strict_point_hn1,4,3969,15969,-0.477051,0.717134
primary_strict_point_hn1,4,3970,15970,-0.437737,0.764497
primary_strict_point_hn1,4,3971,15971,-0.381312,0.601124
primary_strict_point_hn1,4,3972,15972,-0.358574,0.599923
primary_strict_point_hn1,4,3973,15973,-0.282812,0.567519
primary_strict_point_hn1,4,3974,15974,-0.775327,0.443131
primary_strict_point_hn1,4,3975,15975,-0.63457,0.723867
primary_strict_point_hn1,4,3976,15976,-0.676027,0.588838
primary_strict_point_hn1,4,3977,15977,-0.673745,0.502041
primary_strict_point_hn1,4,3978,15978,-0.464212,0.468315
primary_strict_point_hn1,4,3979,15979,-0.523415,0.551829
primary_strict_point_hn1,4,3980,15980,-0.526139,0.551611
primary_strict_point_hn1,4,3981,15981,-0.469809,0.496336
primary_strict_point_hn1,4,3982,15982,-0.501545,0.611041
primary_strict_point_hn1,4,3983,15983,-0.524212,0.558017
primary_strict_point_hn1,4,3984,15984,-0.764033,0.396538
primary_strict_point_hn1,4,3985,15985,-0.658758,0.738904
primary_strict_point_hn1,4,3986,15986,-0.548295,0.684582
primary_strict_point_hn1,4,3987,15987,-0.483913,0.543576
primary_strict_point_hn1,4,3988,15988,-0.334475,0.725622
primary_strict_point_hn1,4,3989,15989,-0.452621,0.600004
primary_strict_point_hn1,4,3990,15990,-0.494666,0.521983
primary_strict_point_hn1,4,3991,15991,-0.411672,0.555667
primary_strict_point_hn1,4,3992,15992,-0.787703,0.584755
primary_strict_point_hn1,4,3993,15993,-0.831492,0.439666
primary_strict_point_hn1,4,3994,15994,-0.890943,0.484353
primary_strict_point_hn1,4,3995,15995,-0.924483,0.570414
primary_strict_point_hn1,4,3996,15996,-0.30143,0.575276
primary_strict_point_hn1,4,3997,15997,-0.31718,0.698666
primary_strict_point_hn1,4,3998,15998,-1.04231,0.527212
primary_strict_point_hn1,4,3999,15999,-1.01211,0.416172
primary_strict_point_hn1,4,4000,16000,-0.900405,0.480911
