mu,tau
0.304566,0.075245
0.75656,0.145513
0.676028,0.209123
0.656362,0.130492
0.583569,0.171037
0.581944,0.180667
0.499512,0.217733
0.539182,0.0348146
0.54183,0.0427547
0.419571,0.148091
0.602791,0.177367
0.523367,0.313523
0.732715,0.501797
0.629801,1.39451
0.805282,0.306301
0.753042,0.430402
0.551116,0.320927
0.543951,0.333827
0.489239,0.437664
0.512201,0.364994
0.560159,0.462233
0.395442,0.246082
0.35831,0.22007
0.185373,0.715935
-0.257469,0.654864
0.999822,0.433809
0.965137,0.496734
0.899362,0.421299
1.00855,0.707991
1.0523,0.457654
0.34369,0.0947637
0.476759,0.221733
0.475139,0.136668
0.401134,0.173585
0.4053,0.270572
0.566065,0.230693
0.710384,0.486503
0.561414,0.504945
0.119183,0.497542
-0.210607,0.783498
-0.207041,0.857563
-0.101317,0.627337
0.0257872,1.1692
0.0134674,1.21361
0.47393,0.0765768
0.453364,0.505806
0.6319,0.453182
0.758416,0.320948
0.504309,1.2383
0.42982,0.196624
0.582002,0.270662
0.393281,0.355861
0.631363,0.233809
0.486677,0.364522
0.552383,0.153154
0.680002,0.165308
0.668862,0.304233
0.691428,0.155635
1.1086,1.70693
1.11223,0.65974
0.468111,0.308206
0.607028,0.296082
0.267799,0.0524555
0.590461,0.0869685
0.140624,0.556707
0.361629,0.352627
0.30393,0.284655
0.439255,0.0516534
0.477708,0.120416
0.242299,0.281862
0.436961,0.622932
0.501694,0.678297
0.244791,0.961375
0.392938,0.460872
0.430051,0.458639
0.445833,0.285023
0.40674,0.0202189
0.425053,0.166995
-0.0465834,0.931886
0.259507,0.382239
0.65513,0.235801
0.299405,0.921755
0.98512,0.415859
0.929811,0.553049
0.959947,0.373246
0.950589,0.683137
0.97838,0.313262
1.09873,0.688578
0.561229,0.186442
0.639112,0.126351
0.337406,0.172592
0.382087,0.160118
0.220035,0.163794
0.487746,0.0799806
0.565842,0.144154
0.440279,0.186393
0.543953,0.23204
0.69748,0.779462
0.493951,0.576227
0.630746,0.672847
0.763174,0.594819
0.871805,0.793495
0.874342,0.924897
0.851611,0.577777
1.00424,0.312709
1.29771,0.482496
0.868666,0.373512
0.203717,0.109432
0.598971,0.00994949
0.41059,0.0263735
0.346693,0.0106475
0.51037,0.00496768
0.286946,0.0498767
0.541279,0.139951
0.533941,0.0721075
0.635373,0.0897712
0.678603,0.0673295
0.70594,0.15426
0.764881,0.371783
0.197586,0.0590078
0.661304,0.394734
0.637296,0.539061
0.488359,0.660363
0.452045,0.25752
0.498075,0.188953
0.638472,0.361851
0.749693,0.411713
0.654858,0.646127
0.770037,0.367597
0.814441,0.533525
1.04962,0.417641
0.302059,0.129672
0.336925,0.192504
0.740399,0.387095
1.04827,0.34857900000000003
0.893724,0.371242
0.328511,0.37901
0.381263,0.348568
0.658855,0.830334
1.30966,0.648186
0.858582,0.582225
0.323349,0.0526227
0.395429,0.58342
0.487371,0.419818
-0.0250545,0.619332
-0.0868177,0.624141
0.258484,0.811329
0.568334,0.4455
0.463143,0.800943
0.502255,0.791848
0.391867,0.211661
0.607131,0.70502
0.29153,0.156531
0.403343,0.167398
0.494341,0.346493
0.391883,0.176762
0.451529,0.138391
0.435431,0.772398
0.22269,0.582517
0.541177,0.031241
0.309607,0.0390946
0.537565,0.038724
0.214693,0.0156429
0.555191,0.00438395
0.0337879,0.212019
0.0780095,0.286163
-0.547243,0.699877
-0.581029,0.668449
-0.46594,0.757877
-0.56221,0.605878
-0.151297,0.549348
-0.0795762,0.434285
0.24516,0.723091
0.278632,0.195893
0.0569298,0.479141
0.0458701,0.327339
0.221901,0.180181
0.556739,0.121856
0.543412,0.133434
0.670868,0.200074
0.695234,0.169566
0.420155,0.0363135
0.797889,0.313355
0.899496,0.373154
0.73741,0.173003
0.795716,0.591223
0.77668,0.612441
0.476252,0.266082
0.861267,0.224707
0.719974,0.230764
0.586258,0.148182
0.275455,0.007414
0.320165,0.0322405
0.45573,0.185217
0.687947,0.847936
0.724946,0.912532
0.733758,0.880426
0.808196,0.643576
0.73584,0.831465
0.494325,0.30313
0.535931,0.1558
0.576608,0.130601
0.51588,0.186589
0.281418,0.563103
0.704035,0.556905
0.506161,0.686926
0.586717,0.832216
0.544535,0.847539
0.33043,0.0169336
0.520053,0.0909033
0.763784,1.23502
0.378352,0.133821
0.679946,0.230198
0.79969,0.368779
0.784849,0.673309
0.702883,0.582211
0.620339,0.3719
0.619904,0.397974
0.609991,0.487859
0.23179,0.208079
0.316135,0.0782987
0.515287,0.0613431
0.364519,0.228323
0.458424,0.445027
0.621802,0.666898
0.453705,0.0131867
0.533597,0.0130439
0.353682,0.014815
0.632192,0.0641209
0.743092,0.591483
0.383145,0.381551
0.436448,0.465698
0.512407,0.161505
0.361997,0.0659787
0.613201,0.655388
0.274952,0.485187
-0.136178,0.663483
0.508863,0.414244
0.156864,0.419639
0.396925,0.176812
0.797897,0.196931
0.664831,0.420635
0.663677,0.222048
0.614391,0.165975
0.433327,0.112326
0.355609,0.220335
0.497053,0.0728831
0.417575,0.23924
0.600861,0.281772
0.482473,0.700523
0.0528297,0.28264
0.0185562,0.286091
0.828752,0.23206
0.730596,0.173678
0.459087,0.161586
0.81304,0.16182
0.461339,0.336299
0.343335,0.0262471
0.823952,0.257745
0.799116,0.273457
0.455843,0.137649
0.628061,0.178671
0.510107,0.0991455
0.446568,0.0580433
0.288211,0.109297
0.456589,0.134684
0.395938,0.228849
0.262875,0.132917
0.45508,0.17048
0.561142,0.331558
0.446228,0.115274
0.365497,0.136053
0.754716,0.26303
0.490724,0.173012
0.559859,0.70338
0.684912,0.310106
0.81733,0.556499
0.930242,0.401119
0.839271,0.354936
0.759822,0.241448
0.529083,0.259879
0.835164,0.429628
0.649415,0.321535
0.578466,0.302672
1.59361,0.610173
1.21134,0.39664
1.3589,1.11914
1.23593,0.736631
1.14034,0.397673
1.18882,0.306327
1.13344,0.459875
0.70932,0.297621
0.366618,0.567665
0.483134,0.485869
0.639923,0.712961
0.629085,0.840926
0.628213,0.181256
0.511397,0.188852
0.373571,0.0774888
0.554998,0.0805822
0.481539,0.0498991
0.796605,0.184608
0.487542,0.292049
0.409145,0.133143
0.38576,0.144044
0.849256,0.8775
0.661645,0.307972
0.513928,0.29045
0.689387,0.422313
0.34719,0.371684
0.253188,0.308359
0.301735,0.656932
0.576413,0.269336
0.898409,0.590578
0.625819,0.0774805
0.542995,0.099196
0.614729,0.112025
1.2009,1.07181
0.415584,0.0346807
0.662555,0.279701
0.793794,0.541278
0.83133,0.54577
0.821134,0.543894
0.65029,0.312569
0.71661,0.668956
1.06809,1.10797
1.57339,0.43489
1.34886,0.501249
1.15058,0.823667
0.765142,0.645351
0.655912,0.198221
0.346345,0.275744
0.33018,0.178594
0.565086,0.0735562
0.327602,0.0145051
0.456887,0.0137736
0.383549,0.00424787
0.515078,0.00778739
0.36314,0.00648005
0.453752,0.00567209
0.493388,0.00681882
0.474968,0.00990052
0.613976,0.0946542
0.406826,0.106124
0.228862,0.0253255
0.639326,0.0178068
0.604834,0.172597
0.706595,0.605933
1.13385,0.641464
0.956553,0.66025
1.12033,0.656852
0.458159,0.550922
0.48316,0.48693
-0.027208,0.643267
0.140178,0.585522
0.647822,0.16264
0.465089,0.264966
0.123559,0.259329
0.225057,0.388638
0.552653,0.0515306
0.59543,0.0506243
0.635365,0.0813188
0.346937,0.107906
0.486201,0.127175
0.314996,0.0950611
0.498619,0.00337306
0.330917,0.00517325
0.220973,0.00744353
0.404653,0.00538281
0.393578,0.0160052
0.317891,0.0871568
0.647216,0.236635
0.744506,0.116043
0.857178,0.390692
0.852632,0.458305
0.742516,0.202372
1.027,0.501408
0.419079,0.334016
0.83716,0.462117
0.691621,0.271251
0.448069,0.187218
0.375841,0.480918
0.540507,0.0988942
0.296531,0.123546
0.233551,0.204369
0.198991,0.294399
0.225952,0.34692
0.589653,0.00906169
0.612531,0.0170147
0.160342,0.0172084
0.238657,0.0143099
0.349279,0.0303799
0.423733,0.163805
0.265157,0.589426
-0.413294,0.692338
-0.58696,0.817474
-0.413684,0.903771
-0.504329,0.689736
0.661505,0.072344
0.281152,0.0353643
0.351411,0.0873463
0.617261,0.325206
0.302104,0.240353
0.555868,0.240258
0.418338,0.131623
0.552055,0.0252948
0.392214,0.312799
0.44439,0.0702463
0.419881,0.244209
0.416548,0.38401
0.24818,0.479218
0.271318,0.135844
0.113975,0.14841
0.429562,0.280178
0.649652,0.0619494
0.365479,0.130136
0.65101,0.274842
0.146548,0.907179
0.12044,0.778757
-0.0404912,0.710827
-0.114736,0.754921
0.788981,0.195991
0.673086,0.424896
1.03275,0.353192
1.01459,0.383233
1.05857,0.497562
1.04482,0.595398
0.997406,0.442856
1.17422,0.459937
1.22351,0.509873
0.958914,0.3848
0.196306,0.330549
0.380115,0.318097
0.45125,0.225283
0.442117,0.229753
0.179629,0.286725
0.30692,0.0102345
0.315404,0.129674
0.562134,0.00779143
0.60981,0.0777263
0.108423,0.118419
0.393227,0.113115
0.399752,0.0874699
0.464328,0.0739405
0.655909,0.174291
0.421358,0.0716399
0.386552,0.0196287
0.340319,0.292833
0.297717,0.120688
0.825756,0.518528
0.902409,0.440146
0.927069,0.386248
1.0879,0.349298
0.49804,0.358946
0.398462,0.0326153
0.454251,0.0674128
0.457421,0.121656
0.504695,0.110447
0.779892,0.404124
0.45161,0.0538928
0.51703,0.208994
0.417956,0.249219
0.669304,0.126972
0.275814,0.540726
0.440634,0.279221
0.606127,0.130381
0.652273,0.265571
0.547636,0.148419
0.496689,0.217999
0.433137,0.441758
0.39458,0.618888
0.509669,0.47382
0.381163,0.655431
0.461045,0.71811
0.612091,0.573075
0.726496,0.743489
0.743429,0.3525
0.713767,0.455405
0.114842,0.92175
0.0358355,0.331307
0.727727,0.0901409
0.338474,0.297847
0.508071,0.0339872
0.717232,0.567457
0.635545,0.419793
0.69083,0.520486
0.50422,0.27214699999999997
0.859456,1.08449
0.918322,0.540125
0.822522,0.960183
0.446526,0.0838295
0.253542,0.313342
0.181846,0.183617
0.0861936,0.183783
0.307764,0.195591
0.421864,0.321882
0.193184,0.301724
0.325354,0.0368012
0.373996,0.0827575
0.504929,0.0529571
0.585697,0.184112
0.55536,0.0845578
0.473065,0.311468
0.615106,0.128549
0.296915,0.00728542
0.604103,0.0191373
0.280331,0.0208137
0.640336,0.199754
0.192519,0.419393
0.25751,0.883475
0.178186,0.355178
0.340168,0.434266
0.128726,0.461869
0.279729,0.451428
0.61547,0.623352
0.644953,0.361861
1.0826,0.472083
1.13787,0.421583
0.248184,0.282025
0.191839,0.114504
0.401976,0.062476
0.450082,0.929966
0.529694,0.454532
0.617206,0.157013
0.632855,0.172739
0.572699,0.186548
0.739674,0.146202
0.602764,0.131102
0.135709,0.115108
0.227688,0.294563
0.87801,0.589199
0.704551,0.389093
0.305323,0.131812
0.449867,0.572108
0.0860602,0.672117
0.0922398,0.797062
0.225485,0.667922
0.261443,0.280804
0.362853,0.276508
0.60937,0.493166
0.611597,0.395487
0.600318,0.261331
0.586285,0.278332
0.650982,0.236735
0.661384,0.338261
0.493338,1.1147
0.436623,0.811423
0.90414,0.536779
0.604992,0.933977
0.396391,0.302719
0.576202,0.332304
0.307361,0.366155
0.391299,0.229964
0.321778,0.0290711
0.163287,0.0485369
0.573374,0.038752
0.198691,0.0317204
0.665758,1.12199
0.717329,0.801162
0.75996,0.706685
0.488935,0.0461448
0.312514,0.00680462
0.392371,0.00791335
0.547251,0.00529283
0.239082,0.00412471
0.519865,0.00888878
0.493931,0.0124418
0.082707,0.305118
-0.196449,0.620035
0.200928,0.168944
0.567148,0.4716
0.258524,1.07548
-0.150361,0.468374
0.381294,0.53844
0.279043,0.188999
0.573665,0.0230623
0.305626,0.0558869
0.362944,0.219353
0.579526,0.165532
0.528386,0.104737
0.491072,0.197553
0.644579,0.668062
0.12008,0.150293
0.55812,0.686986
0.375416,0.114198
0.432608,0.0521094
0.410921,0.115296
0.427888,0.0906684
0.43074,0.0766553
0.521541,0.0145453
0.531367,0.0202486
0.309589,0.0116753
0.6452,0.358062
0.754439,0.369131
0.817735,0.440336
0.832144,0.362013
0.945377,1.10099
0.645523,0.300188
0.62604,0.684001
0.74218,1.07808
0.684565,0.702825
0.796944,0.648648
0.442797,0.0493057
0.543487,0.267958
0.719255,0.175509
0.712589,0.637417
0.534822,0.237145
0.513864,0.180409
0.571352,0.274724
0.583017,0.263857
0.683702,0.378158
0.265941,0.077896
0.345796,0.224447
0.212697,0.185776
0.31161,0.279386
0.228584,0.34923
0.49535,0.518159
0.551675,0.17396
0.632514,0.136585
0.344375,0.280649
0.480165,0.417473
0.313367,0.0374258
0.505033,0.0390942
0.456876,0.0483185
0.475174,0.0180179
0.469818,0.00651979
0.454108,0.0111054
0.440816,0.0139563
0.348514,0.0308742
0.539097,0.39696
0.642746,0.694522
0.597201,0.541213
0.598638,0.439885
0.559118,0.294146
0.615225,0.703603
0.751534,0.597281
0.640659,0.445764
0.461525,0.0513583
0.440732,0.0889168
0.393493,0.0129864
0.355966,0.342191
0.364893,0.0975948
0.296004,0.135871
0.43571,0.0786601
0.432601,0.0810913
0.401204,0.0329776
0.19678,0.343031
-0.167013,0.594806
0.0915163,0.627367
0.366835,0.161817
0.336615,0.19859
0.532069,0.0721235
0.395667,0.085717
0.327046,0.335806
0.829215,0.451207
0.441465,0.221218
0.304756,0.46097900000000003
0.284097,0.315187
0.574068,0.164134
0.70929,0.685277
0.724153,0.568637
0.919941,0.430028
0.924133,0.594019
0.702082,0.314783
0.989564,0.591744
0.648488,0.337045
0.440387,0.73053
-0.101925,0.355747
-0.274831,0.512251
0.519052,0.450273
0.507618,0.413968
0.123124,0.795193
-0.221715,0.905833
-0.184457,1.02356
-0.132656,0.529695
-0.097629,0.5469
-0.0841506,0.718503
0.285823,0.530833
0.376078,0.698011
0.0727795,0.535417
0.476317,0.370102
0.948905,0.455707
1.09728,0.420695
0.81048,0.724058
0.653991,0.268171
0.203411,0.123125
0.395082,0.0809258
0.450394,0.111
0.653695,0.0542625
0.647824,0.48315
0.202628,0.0615392
0.671631,0.00780468
0.420502,0.24869
0.461344,0.15634
0.419384,0.206449
0.268178,0.0666322
0.415782,0.0673876
0.42054,0.144576
0.606297,0.178821
-0.0258309,0.497302
-0.0251156,0.698105
-0.0931151,0.514221
0.0569005,0.701786
0.255223,0.416882
0.360307,0.859624
0.397671,0.769794
0.805789,0.440663
1.13714,0.862152
0.781949,0.265888
0.601184,0.379894
0.698346,0.380012
0.546183,0.226201
0.371254,0.106662
0.501157,0.0769635
0.344559,0.0363004
0.488406,0.153637
0.0146917,0.435076
0.10455,1.0219800000000001
0.538172,0.357543
0.706656,0.279047
0.649937,0.199177
0.499638,0.552258
0.412875,0.0560172
0.411834,0.0501362
0.191112,0.138881
0.362835,0.117481
0.396413,0.0276353
0.439931,0.045347
0.332758,0.315036
0.390376,0.0803318
0.302009,0.0496129
0.233987,0.572219
0.414403,0.768631
0.279971,0.441477
0.460327,0.670336
0.288652,0.555173
0.39093,0.237891
0.60589,0.262088
0.528039,0.19179
0.366897,0.0104912
0.5561,0.734526
0.727673,0.332146
0.343708,0.0824317
0.389208,0.0327067
0.525634,0.0278462
0.363828,0.113657
0.416926,0.111156
0.218925,0.122714
0.596078,0.36487000000000003
0.649167,0.142576
0.638573,0.13743
0.84081,0.280189
0.523185,0.409996
0.456583,0.48387
0.425967,0.260024
0.438993,0.452902
0.575008,0.167444
0.401301,0.143362
0.629913,0.123728
0.622908,0.235055
0.310573,0.295153
0.309098,0.318774
0.35966,0.116321
0.21277,0.105949
0.607753,0.055849
0.539564,0.33999
0.159172,0.179513
0.169769,0.196353
0.586952,0.612691
0.452778,0.60162
0.832478,0.789658
0.376072,0.299888
0.656945,0.352439
0.28538,0.10154
0.368571,0.103046
0.122866,0.503144
0.226075,0.153944
0.567774,0.0960898
0.696726,0.14818
0.306479,0.116863
0.305338,0.118835
0.539789,0.0963991
0.639157,0.07957
0.378611,0.0988362
0.399964,0.285674
0.758721,0.20913
0.450713,0.227077
0.324777,0.038317
0.319575,0.00444209
0.282334,0.00489393
0.464016,0.00567005
0.724607,0.00749132
0.149532,0.00872322
0.715302,0.00276347
0.629653,0.00258779
0.283389,0.00417785
0.422564,0.00394955
0.347437,0.26449
0.315586,0.12196
0.414874,0.219566
0.421955,0.0735758
0.40886,0.0891755
0.391289,0.171239
0.610052,0.223144
0.526745,0.0878877
0.240465,0.0610501
0.479669,0.0700126
0.121476,0.28014
-0.176016,0.526223
-0.163634,0.538469
0.150407,0.469779
0.356549,0.770352
0.346507,0.899056
0.598142,0.293625
0.52249,0.167749
0.509216,0.0274816
-3.09374e-4,0.239416
0.184065,0.280355
0.564811,0.320576
0.443865,0.151146
0.391493,0.101084
0.461966,0.0525576
0.457759,0.0655188
0.319245,0.11802
0.423386,0.199406
0.522017,0.158571
0.111683,0.163232
0.636211,0.287822
0.411195,0.104232
-0.0450133,0.574023
0.381139,0.748326
0.504103,0.253609
0.947621,0.963492
0.458024,0.254943
0.571489,0.156572
0.585713,0.125252
0.624732,0.109732
0.435147,0.182182
0.492515,0.0622946
0.326946,0.0265152
0.601845,0.0516882
0.192856,1.2216
0.0634896,0.664627
0.370127,0.0642383
0.524255,0.114406
0.298471,0.0042031
0.620571,0.148145
-0.301633,1.27246
-0.23325,0.36013
-0.48541,0.492432
-0.5483,0.40883
-0.538328,0.35113
0.306244,0.214456
0.29076,0.176736
0.342107,0.226377
0.407393,0.149337
0.423665,0.162728
0.356002,0.0963233
0.343477,0.0451274
0.678625,0.309056
0.622272,0.211896
0.630833,0.539038
0.594335,0.503858
0.745018,0.369421
-0.11415,0.51855
-0.0987119,0.413728
0.400107,0.0896291
0.0940893,0.373319
0.19597,0.538131
0.233046,0.568698
0.521221,0.298149
0.422561,0.0624412
0.499733,0.0580645
0.310907,0.414599
0.430971,0.378955
0.733153,0.398207
0.568646,0.512659
0.259577,0.151862
0.488216,0.296359
0.352674,0.257333
0.510667,0.293593
0.580984,0.386614
0.467713,0.12097
0.514054,0.228427
0.433641,0.110896
0.590483,0.38896
0.492739,0.446719
0.66585,0.216641
0.18495,0.112234
0.454681,0.344947
0.436684,0.235057
0.364159,0.362223
0.536979,0.46918
0.602005,0.746826
0.476096,0.00905727
0.375026,0.037166
0.383985,0.260649
0.477064,0.359693
0.592179,0.287723
0.840701,0.479801
0.936078,0.707937
0.958198,0.577396
0.630669,1.38772
0.298445,0.25455
0.584872,0.08581
0.212655,0.0479862
0.537418,0.113513
0.136311,0.147062
0.345201,0.442158
0.739698,0.253457
0.780507,0.183383
0.0642725,0.0913262
0.0554498,0.0922145
1.11257,0.865075
0.233658,0.085395
0.580094,0.184784
0.624035,0.152423
0.540111,0.235896
0.765019,0.481354
0.542843,0.0574156
0.234998,0.0140516
0.559524,0.0266898
0.138822,0.149463
0.580626,0.14689
0.456254,0.121084
0.0547513,1.27733
0.0781398,1.23221
0.0635937,0.531593
0.240088,0.456609
0.429369,0.664897
1.20231,0.560872
1.09231,0.495201
0.940215,0.361631
0.376655,0.026027
0.389898,0.0531753
0.209742,0.145848
0.385314,0.0389441
0.554104,0.059218
0.504011,0.0498829
0.249804,0.0428748
0.513753,0.0483117
0.295952,0.153311
0.261309,0.126921
0.393504,0.0455014
0.43882,0.19722
0.410302,0.183566
0.415118,0.0343827
0.50613,0.0222705
0.437601,0.113957
0.958568,0.370722
0.320328,0.0255854
0.242525,0.224488
0.473324,1.0659
0.597752,0.00905198
0.700197,0.435491
-5.93111e-4,0.90794299999999994
0.0223173,0.727917
0.0264939,0.489757
0.508979,0.487008
1.2067,0.490854
0.120934,0.0895962
0.507375,0.490712
0.332345,0.469967
0.7021,0.268968
0.712631,0.205103
0.558823,0.686675
0.396069,0.707379
0.705119,0.678518
0.88655,0.600109
0.477232,0.112908
0.66205,0.224174
0.517009,0.11867
0.67686,0.322314
0.512409,0.440874
0.375059,0.15811
0.531096,0.216197
0.641261,0.402921
0.723182,0.412607
0.350529,0.0290324
0.409134,0.0588423
0.0012276,0.641482
0.445754,0.0418148
0.213494,0.0951702
0.366364,0.117398
0.382457,0.02578
0.549064,0.101412
0.456983,0.0148599
0.326746,0.0197761
0.467662,0.0489099
0.532214,0.322682
0.843508,0.382387
0.939907,0.435957
0.374204,0.652394
0.566293,0.361616
0.412543,0.513976
0.570892,0.116125
0.336152,0.187877
0.617146,0.0422424
0.666336,0.342453
0.341996,0.17553
0.320293,0.128563
0.326469,0.356558
0.322627,0.258616
0.417697,0.090395
0.255161,0.0874018
0.323275,0.133401
0.517089,0.0404124
0.366957,0.0627323
0.486787,0.0439559
0.335767,0.0336612
0.406201,0.0330158
0.345228,0.0644855
0.715239,0.255929
1.05501,0.559218
1.27608,0.543688
0.613858,0.455887
0.729587,0.737615
0.638594,0.534189
0.627196,0.580013
0.829919,0.480125
0.464635,0.0600018
0.422896,0.021788
0.417513,0.16069
0.442661,0.183445
0.367714,0.163653
0.224595,0.183622
0.343168,0.289494
0.448501,0.0214988
0.494901,0.0892867
0.376737,0.319089
0.872913,0.328823
0.742287,0.467358
0.67011,0.214499
0.649268,0.119901
0.458611,0.273264
0.541024,0.25924
0.572892,0.710308
0.491089,0.365594
0.41184,0.0157404
0.415067,0.0238407
0.420145,0.00198118
0.259313,0.00117831
0.524206,0.00137099
0.344249,1.31448e-5
0.2741,1.68893e-5
0.637383,7.88887e-5
0.279331,1.2963e-4
0.456551,0.0734849
0.309018,0.0428861
0.512487,0.0394396
0.321193,0.0861599
0.464994,0.0413174
0.63168,0.218741
0.865043,0.512763
0.565257,0.414362
0.917636,0.489656
1.14709,0.864217
1.25193,0.952609
1.42682,0.652503
1.74749,0.858697
1.62976,0.723696
1.57727,1.35566
1.54918,0.83748
1.49113,0.664085
1.42862,1.10096
1.26971,0.724124
0.415571,0.0734383
0.257128,0.0626416
0.549254,0.399014
-0.0953245,0.989189
0.429345,0.445043
0.350544,0.337415
0.172769,0.772486
0.398481,0.384947
0.299668,0.326835
0.32365,0.569761
0.297615,0.270439
0.50752,0.518901
0.711933,0.64355
0.67959,0.35707
0.605717,0.306182
0.380989,0.100279
0.69161,0.0993798
0.497988,0.0966953
0.279564,0.11704
-0.120987,1.07333
-0.0734936,0.813507
-0.00805028,0.781855
-0.19736,0.826417
0.377847,0.407996
0.398582,0.351513
0.538514,0.286959
0.612727,0.293737
0.434266,0.19852
0.411696,0.27078
0.894129,0.41716
0.853997,0.344866
0.552277,0.258557
0.580894,0.284565
0.596011,0.243707
0.584287,0.231009
0.777413,0.458823
0.898533,0.371305
0.432813,0.159647
0.516544,0.114528
0.335516,0.0692603
0.446356,0.0747196
0.851796,0.277736
0.243477,0.520713
0.251674,0.415067
0.390842,0.117706
0.520282,0.0620147
0.426419,0.0652841
0.361662,0.0232721
0.36531,0.0154069
0.406535,0.143439
0.646157,0.211709
0.501264,0.0989885
0.405304,0.0838862
0.404155,0.00172609
0.445565,0.00755408
0.431946,0.00771142
0.292457,0.0120314
0.460964,0.0249721
0.572517,0.159014
0.277551,0.0498862
0.489122,0.240791
0.246053,0.223348
0.301737,0.371114
0.504097,0.121839
-0.0421662,0.241793
0.299483,0.119555
0.329191,0.331408
0.724678,0.704795
0.643681,0.597943
0.400834,0.528337
0.422755,0.241347
0.47912,0.279395
0.749031,0.252062
0.685484,0.190106
0.656266,0.0588365
0.237925,0.0420761
0.344651,0.0407628
0.59742,0.0217009
0.149569,0.0260693
0.557968,0.0524615
0.194395,0.081079
0.385839,0.281783
0.399231,0.0511642
0.164787,0.0294638
0.522116,0.223912
-0.208554,1.08264
0.572289,0.144693
0.458896,0.241595
0.552869,0.116689
0.703622,0.483103
0.771267,0.449639
0.76068,0.449247
1.12761,0.631906
0.849365,0.82355
0.207301,0.205397
0.452976,0.375938
0.50312,0.123981
0.567617,0.0976906
0.275484,0.0454955
0.451065,0.095399
0.336341,0.0608037
0.167448,0.156489
0.141416,0.133574
0.292314,0.0592111
0.713004,0.108575
0.303131,0.0713639
0.435841,0.0754951
0.480431,0.0668083
0.289498,0.0309651
0.405316,0.0577173
0.729102,0.348283
0.247867,0.318496
0.355917,0.59093
0.687173,0.571545
0.363141,0.194833
0.549825,0.114926
0.204543,0.099742
0.396604,0.209619
0.464954,0.115311
0.437727,0.0833871
0.54512,0.205392
0.515438,0.252559
0.397326,0.603029
0.380583,0.584061
0.333856,0.588453
0.420609,0.114174
0.502413,1.23535
0.434599,1.21519
0.522711,1.12442
0.897408,0.457036
0.934399,0.379267
0.621755,0.179642
0.658308,0.139039
0.411108,0.315789
0.357918,0.369929
0.445754,0.298682
0.337252,0.208847
0.64901,0.238246
0.581503,0.378477
0.639006,0.554632
0.839804,0.892054
0.530878,0.285454
0.518186,0.240856
0.700505,0.726233
0.723745,0.774794
0.880928,0.723237
0.855485,0.507395
1.03681,0.790818
1.07327,1.00871
0.714457,0.414503
0.745438,0.228741
0.349469,0.336184
0.271509,0.259258
0.421186,0.145689
0.444958,0.155071
0.411329,0.361194
0.512209,0.405317
0.575643,0.0560008
0.61084,0.160374
0.333302,0.434111
0.526937,0.0307588
0.4136,0.125128
0.342,0.0942314
0.384199,0.138292
0.546997,0.29135
0.519353,0.346511
0.434621,0.165565
0.561339,0.300201
0.585092,0.26466
0.721655,0.42007
0.656751,0.518877
0.386249,0.117743
0.76415,0.260076
0.73669,0.265214
0.712819,0.259866
0.748064,0.204866
0.721971,0.207839
0.822619,0.365748
0.329028,0.0892435
0.594319,0.104771
0.138776,0.520984
-0.0848266,0.187255
0.24297,0.0804807
0.648839,0.039444
0.420506,0.147774
0.616041,0.062837
0.223007,0.139145
0.329154,0.10218000000000001
0.0590752,0.267017
0.0903257,0.648596
0.802691,0.0859155
0.526797,0.153081
0.632026,0.21448
0.392634,0.220961
0.359503,0.333497
0.0182066,0.295095
0.144783,0.413125
0.282546,0.567012
0.497779,0.211927
0.520098,0.248704
0.725725,0.222816
0.430443,0.138509
0.401824,0.255921
0.619304,0.36002
0.618504,0.248611
0.295236,0.607249
0.577887,0.279736
0.160634,0.328361
0.237139,0.206713
0.461828,0.0323206
0.38983,0.163045
0.419957,0.178311
0.530339,0.0810249
0.268877,0.2192
0.292982,0.176225
0.38943,0.218216
0.756284,0.54385
0.774869,0.285159
0.129262,0.464637
0.0838785,0.823631
0.497318,0.292176
-0.0840207,0.817569
0.698484,0.317817
-0.0245236,0.430813
0.732402,0.360694
0.277915,0.296791
0.424072,0.205613
0.289738,0.106235
0.492053,0.200156
0.493769,0.232529
0.48537400000000003,0.205155
0.406743,0.214212
-0.042435,0.596385
0.0928603,1.28806
0.106504,0.733233
0.56792,0.660449
0.674933,0.938733
0.680833,1.09337
0.366259,0.0452955
0.240271,0.782573
0.229025,0.385389
0.776158,0.176106
0.988407,0.247093
0.329178,0.164977
0.348349,0.355536
0.528891,0.194931
0.289934,0.0749027
0.163785,0.385042
0.471307,0.00227238
0.377045,3.72946e-4
-0.121902,0.410121
-0.209409,0.499918
0.240093,0.22953
0.461113,0.0493502
0.553302,0.0585356
0.624332,0.101707
0.425286,0.0777056
0.424432,0.0520831
0.577786,0.21513
0.381742,0.0885291
0.447647,0.0888248
0.414643,0.0917633
0.288024,0.0490651
0.349282,0.0708903
0.482452,0.0871463
0.422312,0.0423698
0.289158,0.101628
0.629587,0.189915
0.63864,0.95858
0.654254,0.689578
0.658262,0.408279
0.663038,0.424964
0.653733,0.413178
0.637161,0.454984
0.61725,0.585676
0.635345,0.35678
0.463904,0.179202
0.493414,0.104597
0.594758,0.383806
0.690149,0.500365
0.35227,0.502335
0.409544,0.544067
0.344477,0.476941
0.432275,0.432734
0.818464,0.385509
0.856785,0.591691
0.843692,0.526617
0.614607,0.251511
1.27592,0.520419
1.15309,0.788737
1.24956,0.830504
1.17363,0.661173
1.12117,0.662041
0.740898,0.498506
0.485621,0.823261
0.592391,0.814622
0.719137,0.299502
0.760726,0.397176
0.9044,0.526685
0.902799,0.279505
0.845091,0.387764
0.849498,0.297415
0.384104,0.0479264
0.773364,0.514359
0.135256,0.290499
0.501008,0.385463
0.618789,0.220998
0.306294,0.807903
0.553567,0.343116
0.322386,0.129798
0.432803,0.0754381
0.41053,0.0959037
-0.0376912,0.274285
0.296968,0.350665
0.879238,0.150147
0.762921,0.24019
0.388426,0.354833
0.755842,0.454239
0.643761,0.331829
0.784644,0.233532
0.696822,0.201425
0.62294,0.467232
0.45343,0.343026
0.299315,0.477813
0.315379,0.783703
0.298637,0.736503
0.253752,0.192962
0.160536,0.243219
0.348281,0.0929189
0.205333,0.321364
0.447708,0.132117
0.209339,0.198354
0.142772,0.259802
0.144848,0.272721
0.0912379,0.481274
0.690986,0.677523
0.412713,0.108357
0.522574,0.078208
0.329689,0.124864
0.573674,0.0720494
0.156071,0.530424
0.489207,0.232405
0.383855,0.534532
0.944814,0.699163
0.486302,0.151424
0.492361,0.320516
0.537752,0.72055
0.639836,0.611474
0.748835,0.614166
0.875721,0.633412
0.59787,0.58616
0.711656,0.410267
0.453572,0.139187
0.481459,0.376502
0.308661,0.0858279
0.723815,0.602763
0.822808,0.558301
0.652702,0.371534
0.666149,0.138033
0.647969,0.18847
0.286402,0.064707
0.477603,0.262849
0.445958,0.159123
0.20229,0.352488
0.531448,0.232361
0.683689,0.336452
0.674814,0.183952
0.738276,0.236395
0.773793,0.0688663
0.53277,0.292262
0.700671,0.110769
1.09004,0.508231
1.10633,0.53116
0.793879,0.696933
1.09071,0.663282
0.0400789,0.204813
0.706605,0.326976
0.0656194,0.0868035
0.528925,0.0184348
0.54753,6.26055e-5
0.260954,2.6984e-4
0.588975,1.10278e-4
0.209044,8.25553e-4
0.559527,0.00270955
0.921706,0.50893
0.48346,0.183007
0.649707,0.191587
0.654569,0.213179
0.270412,0.175179
0.144241,0.128043
0.325042,0.127159
0.480986,0.394609
0.269137,0.164132
0.567736,0.24612
0.298616,0.232866
0.421746,0.0357055
0.23283,0.0483058
0.419142,0.0930127
0.211668,0.126636
0.296312,0.0945189
0.493284,0.0204713
0.224539,0.543528
0.254588,0.342285
0.322752,0.396367
0.545286,0.192279
0.477538,0.174062
0.455891,0.50377
0.531008,0.507444
0.645516,0.448594
0.839959,0.255665
0.755493,0.26824
0.634157,0.167415
0.178101,0.733783
0.108598,1.21494
0.547788,0.106907
0.478159,0.162951
0.853133,0.47162
0.845048,0.576145
0.887083,0.385449
0.722806,0.312057
0.8193,0.997087
0.366285,0.155894
0.12433,0.194008
0.700939,0.266686
0.790018,0.398483
0.620465,0.250447
0.657331,0.614054
0.668127,0.608416
0.448091,0.230097
0.606972,0.203114
0.501181,0.533406
0.398442,0.720629
0.453444,0.0224148
0.427136,0.0142209
0.497485,0.0106569
0.375137,0.229745
0.294772,0.072285
0.855601,0.564736
0.839466,0.781871
0.592321,0.50641099999999994
0.75808,0.87355
0.852108,0.545981
0.892299,0.457496
0.802778,0.538909
0.353462,0.278355
0.276899,0.198084
0.330751,0.133821
0.368229,0.0350513
0.426363,0.0327281
0.556312,0.181242
0.483708,0.0657198
0.404514,0.0398724
0.479575,0.0417833
0.466045,0.00406769
0.37251,0.0401563
0.493977,0.00742168
0.369012,0.161835
0.478921,0.309671
0.708075,0.202009
0.311547,0.117221
0.498974,0.017727
0.242708,0.259128
-0.0898545,0.372421
-0.121527,0.433
-0.0564588,0.397406
-0.122615,1.02287
-0.212751,0.433847
0.0418967,0.521763
0.00846279,0.79473
0.362991,0.500159
0.428526,0.419202
0.549465,0.580657
0.584659,0.241026
0.347064,0.174569
0.303186,0.143964
0.319849,0.0739251
0.424077,0.0434301
0.392792,0.0644008
0.74284,0.458284
1.06658,0.715524
1.03393,0.525673
0.417372,0.29382
0.510739,0.101341
0.41863,0.0362688
0.528637,0.0136649
0.60891,0.442684
0.734278,0.541086
0.806716,0.401645
0.930927,0.568286
0.870741,0.635173
0.817078,0.544239
0.8581,0.467414
1.54635,0.636911
0.388188,0.234764
0.454898,0.261986
0.414601,0.242654
0.378767,0.579119
0.519751,0.142655
0.790906,0.655412
0.834517,0.403551
0.289499,0.371361
0.40852,0.0992488
0.284571,0.237764
0.591432,0.119317
0.521696,0.142372
0.259515,0.327504
0.54092,0.0414335
0.393389,0.128796
0.517262,0.120078
0.331849,0.0907938
0.344833,0.138275
0.324939,0.422578
0.326929,0.620624
0.274128,0.448065
0.73808,0.473513
0.533796,0.0584903
0.432313,0.0788181
0.633642,0.0974153
0.333786,0.207061
0.458294,0.058678
0.352359,0.156923
0.26077,0.257189
0.515179,0.371884
0.793125,0.619521
0.819624,0.666514
0.907366,0.938449
0.830768,0.477837
0.736832,0.555534
0.373306,0.462785
0.68201,0.376587
0.596469,0.222436
0.446921,0.102737
1.19714,0.210188
0.187591,0.0647217
0.345625,0.265758
0.371761,0.205241
0.370938,0.0362266
0.609554,0.579974
0.565094,0.995203
0.677954,0.572514
0.657597,0.744256
0.338031,0.836127
0.511066,0.14333
0.542978,0.215355
0.479073,0.0634817
0.584562,0.434099
0.579143,0.254104
0.506528,0.388702
0.304997,0.386109
0.29525,0.406982
0.320539,0.135248
0.343617,0.156714
1.23211,0.524804
1.27701,0.725306
1.94725,1.10036
1.79668,1.09352
1.63447,1.32548
1.54759,1.37911
1.56054,1.00202
1.60781,0.637769
1.32863,0.905219
1.14402,0.636187
1.00701,0.512947
0.67177,0.310092
0.671792,0.257836
0.877079,0.69227
0.651802,1.1531
0.686046,0.157943
0.344963,0.157052
0.420867,0.159498
0.399138,0.177783
0.540894,0.222206
0.3221,0.224495
0.71496,0.506946
0.744509,0.86223
0.362155,0.158446
0.357739,0.154867
0.343811,0.133567
0.638886,0.346736
0.589875,0.628331
0.767568,0.792244
0.393542,0.951206
0.225852,0.561122
0.366698,0.00698051
0.429442,0.00895132
0.380642,0.0127743
0.344077,0.209584
0.346525,0.0879219
0.353659,0.119017
0.571576,0.097111
0.367367,0.063859
0.373709,0.0673868
0.277521,0.107321
0.219834,0.146983
0.511441,0.135091
0.593493,0.220958
0.766573,0.601389
0.681412,0.459661
0.359384,0.210451
0.353879,0.0736608
0.386148,0.105194
0.546251,0.0403667
0.421113,0.175059
0.554365,0.102641
0.801481,0.3992
0.594682,0.879071
0.532245,0.12766
0.366901,0.129363
0.584707,0.139258
0.535591,0.190188
0.476634,0.228185
0.54187,0.221426
-0.105995,0.445607
0.440326,0.987498
0.344201,0.189251
0.00643549,0.65777
-0.0391778,0.456965
0.368137,0.118342
0.424199,0.168585
0.41802,0.105268
0.247305,0.0336679
0.573892,0.0983818
0.340005,0.0982593
0.276563,0.419185
0.776233,0.536251
0.652488,0.263721
0.598062,0.536062
0.670396,1.10052
0.338866,0.451718
0.652092,0.0703709
0.250679,0.116459
0.501951,0.173341
0.623006,0.259661
0.829163,0.457807
1.1912,0.658004
1.15167,0.52598
1.13426,0.752114
0.620175,0.173156
0.557859,0.262174
0.394405,0.41343800000000003
0.840326,0.525868
0.738704,0.819685
0.6507,0.587848
0.526179,0.24286
0.41773,0.254147
0.95866,0.623324
0.541078,0.258847
0.348783,0.0331734
0.226065,0.375721
0.261133,0.401823
0.591237,0.356327
0.389847,0.374339
0.51698,0.208369
0.769121,0.530767
0.344836,0.173641
0.768754,0.180703
0.774709,0.180005
0.720513,0.158982
0.488329,0.483616
0.482128,0.471679
0.783776,1.20549
0.350662,0.412103
0.631629,0.294089
0.0622844,0.201745
0.456103,0.213048
0.47742,0.137682
0.496215,0.175866
0.418822,0.127272
0.306571,0.312898
0.616817,0.313304
0.382213,0.272691
0.582236,0.114532
0.422456,0.126304
0.355162,0.215331
0.419285,0.0873019
0.366604,0.139366
0.62204,0.278677
0.0437937,0.612791
-0.0565799,0.536252
0.394419,0.301788
0.383289,0.4079
0.898881,0.839766
0.83745,0.680598
0.97329,0.381942
0.543166,0.516562
0.190206,0.225808
0.553224,0.215678
0.60464,0.316841
0.530701,0.271805
0.602819,0.527931
0.645464,0.242245
0.544054,0.0774162
0.853866,0.101985
0.520606,0.0418756
0.386869,0.0319478
0.36287,0.0478327
0.709427,0.294708
0.544767,0.426657
0.593066,0.748243
0.392553,0.0283243
0.392607,0.00575652
0.455812,0.00480218
0.487936,0.00396214
0.511247,0.0984773
0.38427,0.088308
0.366774,0.403863
0.936951,0.620788
0.47427,0.127869
0.631846,0.205005
0.623641,0.239963
0.822788,0.450996
0.87776,0.410293
0.545113,0.586281
0.679219,1.2156
0.786752,0.458745
0.811589,0.320804
0.252647,0.456433
0.342976,0.471813
0.427985,0.31652
0.526524,0.382779
0.50014,0.362089
0.370054,0.631807
0.341074,0.110874
0.202575,0.134599
0.45091,0.194162
0.601177,0.250433
0.921997,0.266775
0.76855,0.134396
0.593953,0.200878
0.655507,0.805026
0.609543,0.231906
0.378181,0.145882
0.49177,0.178508
0.2873,0.192033
0.445956,0.191978
0.481879,0.00340464
0.371091,7.15471e-4
0.511303,0.00442867
0.528779,0.0361097
0.65877,0.253456
0.651688,0.425065
0.444037,0.0949388
0.489251,0.0847918
0.502973,0.0514501
0.387062,0.0229804
0.269575,0.0368045
0.496066,0.0326048
0.289366,0.184411
0.679186,0.297807
0.578304,0.443348
0.667642,0.379785
0.431187,0.542611
1.32726,0.680827
1.26519,0.619296
-0.13454,0.975545
0.300337,0.492956
0.295378,0.743012
0.234457,0.541912
0.531802,0.40798
0.507435,0.131382
0.41829,0.0615518
0.345167,0.315692
0.445472,0.0309959
0.395321,0.109167
0.445282,0.559701
0.479744,0.211537
0.367528,0.373363
0.697145,0.0931552
0.593761,0.29844
0.472609,0.0940707
0.469776,0.074959
0.286527,0.371033
0.766749,0.252802
0.336657,0.106187
0.417112,0.028419
0.352591,0.116632
0.538118,0.0504703
0.609935,0.0788568
0.36317,0.0744092
0.59259,0.0287025
0.400451,0.0385738
0.438959,0.0473275
0.41932,0.0172313
0.413292,0.0149403
0.451691,0.0267208
0.46812,0.0167223
0.818591,0.601741
0.464901,0.032589
0.47681,0.0352055
0.664526,0.377781
0.482025,0.664702
0.325417,0.259292
0.710958,0.43735
1.08739,0.703578
0.942679,0.86434
0.335204,0.0801456
0.343737,0.870211
0.287802,0.140716
0.257382,0.139762
0.216195,0.115644
0.407076,0.0904027
0.548652,0.421008
1.01063,0.385634
1.50814,0.515831
1.82256,0.864154
1.23981,0.756021
1.15428,0.541553
1.07738,0.365282
0.791645,0.328518
0.171113,0.389277
0.28877,0.0549801
0.241957,0.0546101
0.549062,0.0507583
0.642066,0.347647
0.911368,0.30803
0.912879,0.756366
0.840009,0.583379
0.693627,0.424657
0.97001,0.415894
0.507844,0.238431
0.646939,0.189938
0.65695,0.185398
0.405077,0.285148
0.67018200000000006,0.279909
0.635008,0.65646
0.628332,0.463676
0.440001,0.0338431
0.351253,0.0528203
0.434948,0.0951736
0.209054,0.0671238
0.406378,0.25898
0.245211,0.372809
0.477137,0.103885
0.228792,0.0483277
0.184626,0.0153798
0.630135,0.0399899
0.37116,0.0462001
0.740494,0.303701
0.279947,0.147274
0.301514,0.336019
0.470213,0.177507
0.241311,0.27941
0.234871,0.293282
0.290218,0.0572533
0.366676,0.0408734
0.269475,0.289251
0.252394,0.368723
0.884503,0.458488
0.758291,0.743437
0.543893,0.256711
0.390956,0.0302588
0.388387,0.0465614
0.252098,0.0177708
0.139919,0.0175842
0.622242,0.0591666
0.507863,0.0883269
0.498653,0.0768142
0.512343,0.226511
0.465948,0.228299
0.682278,0.409923
0.422544,0.177559
0.333983,0.170091
0.373285,0.32437
0.544918,0.302779
0.985536,0.886526
1.13677,0.845022
0.803192,0.773394
0.902799,0.641099
1.12033,0.626224
0.837621,0.275452
0.524262,0.189239
0.299058,0.738367
0.383551,0.623984
0.136708,0.586484
1.01852,0.317908
0.786896,0.25405
1.25566,0.555751
1.01786,0.550578
0.488255,0.252364
0.610604,0.258834
0.682071,0.379794
0.952057,0.689688
0.386519,0.516475
0.288297,0.58565
0.730612,0.442537
0.46798,0.163374
0.498164,0.099338
0.521388,0.115279
1.1434,0.491801
1.23987,0.822308
1.11377,0.676215
1.18334,0.889744
0.976976,0.773457
1.00167,0.582705
0.203688,0.196812
0.316837,0.301247
0.327227,0.511432
0.629482,0.241522
1.07933,0.788152
0.327923,0.233123
-0.0458303,0.556873
0.350486,0.114394
0.492226,0.248777
0.493521,0.19504
0.528405,0.0362804
0.354885,0.00624265
0.431365,0.0378631
0.419747,0.0199993
0.378661,0.0572005
0.41831,0.103636
0.416821,0.115181
0.333434,0.686112
0.331171,0.0575492
0.302463,0.938709
0.225041,0.423578
0.243109,0.272026
0.285854,0.136729
0.593616,0.161944
0.25612,0.0921331
0.191872,0.251084
0.459521,0.743262
0.0627769,0.254867
0.165224,0.157364
0.0471735,0.91791
0.0422668,0.698426
0.931586,0.727156
0.56999,0.263734
0.526385,0.50129
0.570428,0.248124
0.641927,0.482006
0.86377,0.645489
0.682126,0.719589
0.317791,0.163038
0.289436,0.139892
0.309292,0.11062
0.75042,0.448441
0.519314,0.237585
0.627574,0.370249
0.535214,1.30343
0.287609,0.166292
0.369472,0.169828
0.645152,0.434016
0.375158,0.666438
0.590333,0.449089
0.207649,0.395973
0.447127,0.0912
0.366246,0.0799928
0.41592,0.0233708
0.447843,0.0812596
0.279656,0.183643
0.69097,0.405827
0.546059,0.388139
0.518279,0.151013
0.457041,0.186347
0.893011,0.512693
0.40723,0.25396
0.391656,0.232556
0.335625,0.0177345
0.431918,0.12606
0.465105,0.097033
0.176063,0.397664
0.196984,0.715749
0.0322185,0.408501
0.285082,0.374342
0.303016,0.134897
0.308643,0.528244
0.697393,0.755785
0.791886,0.431434
0.807383,0.298102
0.785689,0.368251
0.799129,0.435133
0.806905,0.572891
0.752309,0.216954
0.640659,0.192762
0.946782,1.13525
0.919177,0.89115
0.373795,0.098957
0.400706,0.964238
0.314259,0.282749
0.509263,0.599307
0.38034,0.181494
0.984518,0.666642
0.625459,0.579752
0.3813,0.0231276
0.313282,0.00687544
0.294482,0.0635847
0.205839,0.31391
0.319978,0.262082
0.64413,0.173879
0.690034,0.361677
1.24516,0.482089
0.738628,0.228906
0.604409,0.413615
0.381298,0.0702025
0.407167,0.203006
0.314499,0.211934
0.208722,0.0528528
0.231708,0.0502786
0.676689,0.952819
0.758006,0.500882
0.724262,0.363886
0.313538,0.212272
0.59584,0.173186
0.625691,0.133301
0.172064,0.251115
0.241908,0.248007
0.224048,0.106576
0.446253,0.21429
0.28287,0.595136
0.331063,1.12415
0.404695,0.300959
0.448181,0.28966
0.255257,1.09865
0.377144,0.618471
-0.0264157,0.926525
0.151495,0.532075
0.184302,0.554005
0.582114,0.41034
0.818322,0.553189
0.583805,0.354282
0.77901,0.487942
0.745996,0.302879
0.781671,0.434856
0.364302,0.316105
0.495457,0.553323
0.197305,0.283343
0.572779,0.322219
0.515532,0.457899
0.220647,0.196005
0.288364,0.101836
0.425494,0.330006
0.368017,0.0647127
0.371255,0.104064
0.344381,0.0742393
0.365333,0.137649
0.380719,0.247031
0.447727,0.072454
0.668341,0.12172
0.427867,0.132933
0.557669,0.159119
0.478955,0.0938058
0.394153,0.15697
0.321394,0.0771959
0.421168,0.0421292
0.261808,0.495738
0.633561,0.371119
0.292531,0.250767
0.471434,0.0299719
0.448287,0.0257383
0.426191,0.0496319
0.424771,0.0256485
0.376796,0.00587517
0.379966,0.0952494
0.388956,0.249742
0.503569,0.24678
0.572927,0.179253
0.486236,0.142016
0.872141,0.780337
1.0317,0.421157
1.01941,0.396602
1.22361,0.565883
1.21327,0.649195
1.09453,0.768925
1.02647,0.642682
0.951838,0.886813
0.343935,0.378584
0.501761,0.290511
0.479125,0.286204
0.567507,0.487645
0.527852,0.407565
0.613592,0.290893
0.641175,0.328168
0.649392,0.747716
0.27009,0.378479
0.781641,0.544678
0.997804,0.459042
0.238168,0.190664
0.337017,0.180676
0.553954,0.0724027
0.237007,0.228901
0.328012,0.186861
0.488076,0.465843
0.339595,0.360214
0.40066,0.243322
0.13912,0.147855
0.104774,0.124704
0.62015,0.0615775
0.703611,0.141495
0.660211,0.052257
0.688274,0.0503897
0.410488,0.16984
0.254565,0.0886329
0.442246,0.17433
0.436053,0.220388
0.628581,0.276807
0.580038,1.04861
0.585809,0.872549
0.612903,0.485511
0.123133,0.131972
0.580021,0.954438
0.384118,0.27345
0.411506,0.408997
0.401921,0.541234
0.629672,0.148917
0.457979,0.290456
0.223673,0.575742
0.211891,0.361836
0.487351,0.819063
0.402712,0.42741
0.275539,0.0888931
0.577767,0.0977058
0.857271,0.46111
0.567177,0.488519
0.575084,0.640531
0.621037,0.604374
0.0486399,0.360463
-0.00415182,0.371831
0.0968043,0.253946
0.125339,0.167879
0.388458,0.109196
0.357498,0.0237229
0.426635,0.056316
0.988312,0.412443
1.05792,0.799729
1.25362,0.450895
0.380553,1.05587
0.158981,0.78504
0.981706,0.641586
0.456102,0.122011
0.731678,0.213939
0.345966,0.123341
0.451108,0.0166097
0.341458,0.0234747
0.456985,0.0509456
0.701161,0.202751
0.374954,0.0878156
0.319033,0.599539
0.643364,0.456234
0.540531,0.665077
0.2803,0.0578384
0.495172,0.135526
0.391814,0.110018
0.442489,0.111694
0.436002,0.152673
0.452815,0.122641
0.26101,0.0532688
0.306415,0.120236
0.152171,1.19474
0.515292,0.298715
0.0732449,0.113619
0.753186,0.603639
0.720001,0.686813
0.880512,0.421553
0.881563,0.295972
0.829196,0.531753
0.492656,0.0747885
0.37616,0.505662
0.424326,0.389353
0.146829,0.212193
0.669317,0.109699
0.302168,0.0615708
0.733309,0.258877
0.698922,0.352737
0.587038,0.441314
0.546383,0.232421
0.448995,0.232062
0.414447,0.232973
0.624449,0.158102
0.220125,0.0930768
0.224219,0.117706
1.05967,0.339087
0.897616,0.29875
1.32028,0.901527
0.87944,0.261273
0.468917,0.0708842
0.502335,0.0330465
0.496482,0.292834
0.577921,0.256943
0.592412,0.406217
0.563346,0.297133
0.482618,0.205379
0.332462,0.0820352
0.226867,0.250329
0.304027,0.33864
0.277554,0.135893
0.307262,0.178855
0.374671,0.23583
0.389757,0.626134
0.417614,0.591149
0.440355,0.66052
0.49795,0.463522
0.38934,0.334553
0.688758,0.699016
0.438311,0.200154
0.627075,0.26809500000000003
0.56355,0.767903
0.536189,0.584926
0.580366,0.484895
0.919082,0.484266
0.806853,0.339877
0.869175,0.266842
0.831231,0.327741
0.876869,0.293851
0.607988,0.324365
0.785909,0.517251
0.748832,0.390967
0.706896,0.327119
0.874901,0.39206
0.991279,0.692317
0.910389,0.815347
0.266979,0.648995
0.252244,0.447513
-0.581602,0.954504
-0.676519,0.863394
-0.540963,0.979441
-0.0424201,0.814287
-0.0124529,0.824658
-0.514814,0.842918
-0.531199,0.700526
-0.774663,0.79228
-0.758271,0.80064
0.0955132,0.438749
-0.0399313,0.7722
-0.092483,0.811533
-0.452824,0.815446
-0.178743,1.00933
0.0774491,0.547634
-0.222715,0.632566
-0.525169,1.00972
0.469336,0.184291
0.281683,0.0827415
0.313022,0.429758
0.30272,0.400163
0.462799,0.291133
0.407603,0.307462
0.54206,0.161599
0.485871,0.161641
0.400604,0.112837
0.700811,0.692591
0.563796,0.623659
0.567138,0.213438
0.611984,0.127158
0.497632,0.128379
0.377806,0.900689
0.349892,1.0058
0.268229,0.0343301
0.255164,0.0274027
0.930307,0.277011
1.00381,0.585378
1.02266,0.92272
0.860272,0.584085
0.680984,0.443354
0.626701,0.188027
0.710599,0.208219
0.72969,0.250818
0.62316,0.233237
0.769267,1.01968
0.907695,1.131
0.737734,1.22188
0.230872,0.0660415
0.582361,0.056207
0.354996,0.0204091
0.442674,0.019689
0.894296,0.739259
0.930489,0.902139
0.903263,0.357824
0.857823,0.323998
0.488093,0.317178
1.35083,0.839252
0.570612,0.355371
0.276489,0.124191
0.359918,0.26227
0.558062,0.15477
0.142262,0.122461
0.60119,0.0838819
0.34608,0.415734
0.61564700000000006,0.0793114
0.204159,0.0103601
0.525111,0.00640687
0.301657,0.00606584
0.657358,0.00477561
0.2934,0.00103226
0.366379,0.115059
0.50694,0.0348837
0.274146,0.00763895
0.347069,0.0429492
0.440067,0.392262
0.488878,1.01407
0.463879,0.662546
0.908295,0.414998
0.909097,0.394275
0.773708,0.36134
0.716054,0.394127
1.03422,0.692744
0.990366,0.838801
1.18439,0.656212
0.985072,0.566092
0.305545,0.139245
1.39807,1.06435
1.00176,0.503759
0.520753,0.224272
0.501795,0.214446
0.591289,0.248179
0.609726,0.505619
0.779881,0.460605
0.781575,0.564565
0.586996,0.230226
0.783497,1.09387
0.670254,0.125848
0.344616,0.0773849
0.656394,0.193956
0.642599,0.326318
0.525447,0.127838
0.467461,0.231914
0.799136,0.318413
0.511923,0.28995
0.512359,0.149884
0.49368,0.0972041
0.330577,0.128394
0.410457,0.80201
-0.302791,0.734717
-0.309517,1.08723
-0.325024,0.50639
-0.383956,0.833078
-0.471798,1.02723
-0.885765,1.03514
-0.448663,1.08385
-0.342275,0.969934
-0.35162,0.811747
-0.385847,0.966793
-0.413587,0.912495
-0.844244,1.26374
-0.469706,0.86869
-0.419113,1.68295
-0.276428,0.969323
-0.288086,1.18256
-0.0445305,0.478143
0.135189,0.618132
0.427641,0.0640573
0.436094,0.154869
0.27229,0.161816
0.65015,0.0599512
0.58217,0.0750854
0.537343,0.0797662
0.373776,0.313134
0.251773,0.175486
0.239848,0.200397
0.367707,0.0497165
0.741168,0.269002
0.453381,0.118174
0.400908,0.152749
0.357016,0.119097
0.447612,0.038531
0.350899,0.0307098
0.573659,0.989103
0.685473,0.751611
0.400642,0.174818
0.347547,0.142268
0.293624,0.0914864
0.321566,0.0815484
0.298599,0.0718682
-0.0608856,0.5279
-0.0473069,0.618373
0.145349,0.158411
0.285177,0.201306
0.405911,0.271037
0.481937,0.0222426
0.471031,0.0222786
0.178006,0.315405
0.416841,0.095756
0.357952,0.0189348
0.44949,0.0865273
0.409019,0.099698
0.385969,0.21455
0.433533,0.00892717
0.878987,0.771954
0.863325,1.22358
0.620847,0.4341
0.536599,0.334925
1.04412,0.79862
1.07101,1.4021
1.13312,0.837682
1.01842,0.557136
1.38733,0.729645
0.920058,0.448535
0.498935,0.346814
0.561091,0.611412
0.841524,0.733059
0.832956,0.505307
0.837817,0.473417
0.922729,0.429659
0.779532,0.6678
0.964422,0.516533
0.93989,0.402565
0.751482,0.351901
0.8542,0.847887
1.08453,0.519119
0.952584,0.516628
1.0765,0.471588
1.02349,0.315836
0.756194,0.139293
0.543963,0.10024
0.308851,0.0124785
0.565022,0.0300327
0.228123,0.00464446
0.530841,0.005171
0.45913,0.0126265
0.435169,0.104998
0.563939,0.171657
0.353713,0.197558
0.240189,0.868837
0.305596,0.269143
1.01478,0.693579
1.04483,0.511498
0.964213,1.83899
0.712384,0.435682
1.10185,0.927221
0.827396,0.197374
0.74569,0.594818
0.726683,0.572291
0.582246,0.178397
1.04618,0.724059
0.836808,0.313391
1.01717,0.398091
1.2056,0.480403
0.0687683,0.483268
0.0285106,0.524859
0.565099,0.439935
0.435064,0.238632
0.365837,0.231751
0.252139,0.124941
0.586551,0.370041
0.48131,0.273164
0.595803,0.12087
0.64547,0.224604
0.456086,0.0453725
0.427571,0.078782
0.239227,0.112406
0.411602,0.106837
0.305575,0.0409369
0.428083,0.034403
0.386101,0.0257594
0.920357,0.79482
0.82763,0.706773
0.963201,0.972501
0.462232,0.359644
0.456447,0.808462
0.445135,1.13154
0.228653,0.70643
0.489875,0.784653
0.680055,0.708851
0.568009,0.763517
0.617896,0.428034
0.522196,0.3375
0.480025,0.466661
-0.0551779,0.812835
0.328,0.69419
0.260982,0.312488
0.565278,0.278803
0.343231,0.369305
0.537165,0.49019
0.17081,0.650273
0.129914,0.484345
0.377133,0.364956
0.379131,0.835218
0.302322,0.0743067
0.578707,0.203616
0.666752,0.217938
0.344382,0.0678007
0.260655,0.115308
0.329498,0.613364
0.567754,0.0845585
0.444177,0.149044
0.498996,0.119446
0.370669,0.325291
0.618933,0.459281
0.482954,0.102304
0.338411,0.295934
0.602659,0.391903
0.26195,0.46454
0.450921,0.619344
0.547426,0.548712
0.378039,0.676665
0.624738,0.356415
0.565628,0.202029
0.351677,0.0371637
0.173887,0.205679
0.337353,0.0159656
0.277288,0.0266661
0.242751,0.0724402
0.686681,0.10031
0.484344,0.168149
0.299378,0.149867
0.302999,0.0370757
0.501514,0.00409012
0.561881,0.0352318
0.207952,0.261274
0.292483,0.337351
0.868422,0.601845
0.808539,0.725464
0.881326,0.365009
0.655418,0.587068
0.701841,1.30995
0.719579,1.1665
0.694592,1.23027
0.299475,0.168221
0.492672,0.105065
0.858057,0.137183
0.86038,0.16724
0.843882,0.327982
0.579028,0.213437
0.477955,0.103597
0.283203,0.184826
0.273593,0.326567
0.536628,0.23995
0.893258,0.285936
0.871805,0.38201
0.836918,0.64085
0.989866,0.461644
0.359609,0.36589699999999997
0.300809,0.51691
0.233587,0.842819
0.239415,0.808129
0.598099,0.205501
0.307573,0.155561
0.258021,0.0311152
0.462344,0.12783
0.330153,0.0925702
-0.0754748,0.218887
0.560465,0.277346
0.67003,0.276697
0.752122,0.56026
0.111661,0.570887
0.215967,0.30763
0.276874,0.243475
0.252105,0.429689
1.14561,0.946458
0.925008,0.753293
1.27237,1.13636
1.26002,1.47514
1.2182,1.31233
0.986401,0.865216
1.46701,1.09761
1.40373,1.07123
1.40689,1.18709
0.170822,0.0550508
0.646227,0.113489
0.517787,0.207761
0.696004,0.184429
0.838808,0.372915
1.13589,0.785622
0.897052,0.897233
0.442278,0.314014
0.331678,0.394097
0.313706,0.327964
0.730602,0.374267
1.01226,0.433552
1.04875,0.382435
0.554617,0.428615
0.56539,0.359087
0.498984,0.083078
0.547043,0.102585
0.791082,0.183615
0.830596,0.408673
0.320315,0.033938
0.982649,0.701317
0.344155,0.472645
0.231297,0.312251
0.382913,0.751512
0.722763,0.466578
0.891721,0.509478
0.898589,0.508618
1.11291,0.822929
1.05332,0.42759
-0.0363707,0.338076
0.658634,0.408151
0.555035,0.324081
0.336558,0.244398
0.465425,0.0705859
0.457563,0.0586035
0.656613,0.215176
1.03429,0.365568
1.00325,0.991529
1.0596,0.660258
0.984335,0.835681
1.1404,0.479095
1.31072,0.729826
1.02808,0.801629
0.605803,0.422053
0.456244,0.0971865
0.615976,0.256058
0.430676,0.0800601
0.471871,0.191971
0.240271,0.0643913
0.5376,0.094583
0.286762,0.0983233
0.493273,0.364863
0.372901,0.153026
0.423758,0.28528
0.452332,0.00804509
0.369502,0.0307497
0.468296,0.0431935
0.456908,0.0753255
0.595907,0.219035
0.288284,0.379456
0.541293,0.2944
0.375867,0.183064
0.513078,0.13279
0.623422,0.178589
0.045094,1.0365
0.0199193,1.10173
0.154972,0.348567
0.397732,0.371439
0.255363,0.0840962
0.434516,0.0311409
0.0563571,0.838153
-0.0634636,0.547038
0.321774,0.597098
0.23868,0.62844
0.49576,0.191803
0.498017,0.145336
0.27826,0.198723
0.373248,0.0894471
0.492289,0.22076
0.669842,0.735467
0.373484,0.0839394
1.11314,0.771134
0.977054,0.914428
0.91295,0.746375
0.70524,0.42538
0.942973,0.487304
0.593725,0.138691
0.735789,0.590297
0.23251,0.0610887
0.238013,0.196924
0.20966,0.250052
0.329094,0.121715
0.401256,0.0862311
0.410046,0.0957371
0.516803,0.143611
0.526899,0.452819
0.35437,0.281257
0.681937,0.0842842
0.499349,0.729663
0.389985,0.00704907
0.585435,0.10663
0.598775,0.0822426
0.340633,0.0631978
0.443213,0.00506146
0.307107,0.0132307
0.195625,0.0292166
0.914065,0.391541
0.449601,0.189404
0.358608,0.23339
-0.219833,0.530959
-0.154101,0.718867
0.564643,0.386635
0.358966,0.216802
0.48781,0.237446
0.195859,0.172478
0.167271,0.186764
0.277964,0.207161
0.485725,0.0339478
0.364716,0.263053
0.348706,0.335808
0.300289,0.141246
0.326959,0.946544
0.54363,0.139362
0.379363,0.184566
0.425144,0.563502
0.328058,0.0403836
0.314432,0.0344528
0.57799,0.0783439
0.571967,0.0748411
0.722901,0.233469
1.15278,0.380164
1.1103,0.436028
0.353958,0.117462
0.365559,0.0227856
0.435508,0.0284821
0.518692,0.389938
0.342358,0.23276
0.662168,0.957117
0.647352,0.850319
0.142941,0.282068
0.26687,0.113825
0.374809,0.156281
0.243375,0.371882
0.0414952,0.100758
0.783638,0.294525
0.766609,0.329148
0.743221,0.244453
0.733542,0.261223
0.712057,0.252407
0.797113,0.250711
0.831842,0.256977
0.694588,0.182112
0.542814,0.0818925
0.643178,0.0531787
0.152958,0.105385
0.558272,0.0582018
0.458184,0.236616
0.172084,0.124424
0.390939,0.153342
-0.043496,0.46637
0.640451,0.580367
0.540531,0.711674
0.917668,0.214126
0.855968,0.276271
0.491335,0.318958
0.468597,0.168613
0.413559,0.166474
0.269078,0.0397457
0.619377,0.0193138
0.16691,0.0059701
0.265679,0.0062188
0.39276,0.00723543
0.483415,0.00401056
0.462865,0.145847
0.385363,0.0125615
0.577555,0.157411
0.605699,0.144778
0.232595,0.140643
0.198033,0.124402
0.508449,0.0316903
0.362117,0.155574
0.35311,0.135563
0.384242,0.109984
0.593309,0.0472216
0.694778,0.0460179
0.477346,0.0485036
0.645789,0.0901561
0.331811,0.519077
0.368859,0.108932
0.359888,0.122243
0.356298,0.162464
0.213125,0.13882
0.453262,0.152815
0.30411,0.0755525
0.428067,0.167052
0.590296,0.0803718
0.626291,0.207118
0.561186,0.303462
0.473821,0.0828147
0.170754,0.376138
0.23987,0.188226
0.627518,0.0957385
0.218107,0.14301
0.712276,0.256969
0.589354,0.126838
0.528578,0.227258
0.603177,0.163823
0.463211,0.07087
0.546683,0.0993729
0.53876,0.377501
0.517805,0.295745
0.318534,0.278977
0.323857,0.227806
0.369052,0.150101
0.296156,0.308518
0.509165,0.127899
0.463455,0.110672
0.310756,0.115961
0.504625,0.138901
0.731023,0.282887
0.747379,0.408048
0.79343,0.35551
0.826206,0.350565
0.774887,0.56133
0.406009,0.158999
0.647167,0.0845921
0.655871,0.0932308
0.523854,0.108168
0.389719,0.425891
0.438623,0.569502
0.379887,0.584333
-0.113477,0.819594
-0.16872500000000001,0.694835
-0.141776,1.17666
0.388285,0.0568956
0.454788,0.0996818
0.347321,0.148518
0.569875,0.274841
0.431061,0.36405
0.441223,0.48988
0.200862,0.44038
0.632601,0.0554299
0.661513,0.050087
0.664184,0.0703464
0.420715,0.266491
0.183092,0.0547153
0.625268,0.229341
0.426593,0.406502
0.544187,0.359358
0.325273,0.0224549
0.545289,0.0392224
0.29594,0.0492086
0.419266,0.27568
0.416167,0.643929
0.379705,1.00485
0.49629,0.231495
0.628052,0.698688
0.573358,0.35649
0.862886,0.475366
0.904803,0.96966
0.904803,0.96966
1.04012,0.641199
0.893399,0.423782
1.11693,1.07747
0.746148,0.521332
0.648487,0.284948
0.366562,0.0816801
0.111703,0.0730964
0.471099,0.118281
0.435309,0.133941
0.110721,0.298953
0.0416261,0.29993
0.520902,0.0992973
0.549162,0.258804
0.364891,0.115805
0.693631,0.0804552
1.02628,0.408426
1.00233,0.549668
0.373568,0.159437
0.232643,0.0588883
0.64714,0.202419
0.634806,0.176204
0.63518,0.1865
0.753844,0.293163
0.735073,0.269504
0.395253,0.504009
0.438608,0.445586
0.296171,0.232854
0.464814,0.314102
0.471241,0.305212
0.538792,0.183851
0.597973,0.218962
0.603339,0.248787
0.579497,0.575046
0.476895,0.523184
0.453766,0.519462
0.555067,0.0654037
0.328253,0.0662711
0.596309,0.109314
0.507755,0.0352321
0.460002,0.030018800000000002
0.0595377,0.300491
0.226215,0.0847485
0.50936,0.0436785
0.485169,0.340555
0.436548,0.0814059
0.165619,0.0701665
0.361315,0.0632141
0.544112,0.196829
0.428525,0.107445
0.426044,0.0718917
0.467631,0.233933
0.567399,0.144022
0.533647,0.233253
0.435264,0.187608
0.257153,0.101966
0.218133,0.429915
0.659763,0.939664
0.704418,0.866165
0.680768,0.711254
0.71719,0.535609
0.364502,0.344689
0.305258,0.490865
0.10583,0.659233
0.0668184,0.829433
0.0370606,0.412334
0.0195251,0.291726
-0.052649,0.265879
0.150699,0.14807
0.104204,0.267768
0.504222,0.0325251
0.603929,0.117405
0.373316,0.0870149
0.19113,0.421236
0.43231,0.0907212
0.327807,0.0423863
0.494114,0.0259051
0.257429,0.093249
0.307226,0.0680486
0.281462,0.0410419
0.244801,0.361131
0.225699,0.437203
0.136273,0.361063
0.386745,0.0287333
0.359687,0.351653
0.526351,0.171255
0.615838,0.024613
0.45788,0.212826
0.394762,0.0156579
0.435052,0.0299515
0.473424,0.0350926
0.447307,0.174249
0.557752,0.243364
0.459584,0.310536
0.403353,0.0836975
0.570683,0.0603441
0.525734,0.492891
0.584735,0.290625
0.267655,0.183644
0.487569,0.119416
0.697956,0.296743
0.758033,0.484494
0.362891,0.264571
0.47424,0.0513631
0.107433,0.254962
0.389243,0.0845822
0.332321,0.438896
0.628185,0.346501
0.510355,0.322542
0.650609,0.24615
0.477056,0.304153
0.511658,0.0910812
0.460731,0.101437
0.297718,0.844594
0.39239,0.622906
0.340775,0.317413
0.346569,0.281598
0.742023,0.528132
0.684314,0.346843
0.538169,0.373091
0.511363,0.294992
0.641314,0.535726
1.00927,0.63305
0.246779,0.556513
0.360145,0.776212
0.39794,0.00424403
0.434236,0.00135548
0.448115,0.00217242
0.290891,0.00382948
0.574366,0.0417808
0.267869,0.112374
0.558516,0.462372
0.237401,0.304511
0.514346,0.436713
0.563957,0.397613
0.185674,0.246178
0.880897,0.347991
0.552227,0.287912
0.566664,0.596962
0.669756,0.44896200000000003
0.462379,1.01385
0.689484,0.627031
0.186635,0.365116
0.26645,0.544811
0.225139,0.438271
0.591443,0.140534
0.502256,0.542221
0.84105,0.238836
0.653631,0.394323
0.592142,0.0633861
0.455554,0.0635586
0.662254,0.175168
0.617248,0.235966
0.48673,0.270994
0.495251,0.111796
0.498431,0.0982989
0.27089800000000003,0.324196
-0.771425,0.930677
-0.403579,0.80485
0.369178,0.154367
0.526113,0.0699516
0.756699,0.236395
0.765431,0.229883
0.7148,0.154314
0.115939,0.0153328
0.634713,0.241981
0.223177,0.195494
0.310641,0.0892042
0.379791,0.0233998
0.374738,0.0409094
0.367913,0.0593741
0.354579,0.127807
0.508314,0.176259
0.38554,0.350843
0.449032,0.407076
0.549642,0.260478
0.992412,0.482185
0.69271,0.776556
0.392424,0.148948
0.248685,0.122868
0.748277,0.677856
0.963923,0.350847
0.322455,0.301684
0.748912,0.737698
0.462968,0.340875
0.465838,0.327987
0.451735,0.0531304
0.350101,0.0579647
0.385663,0.214009
0.372109,0.0334185
0.444246,0.040269
0.410471,0.0951656
0.347553,0.111383
0.470032,0.467639
0.485918,0.54587
0.390883,0.254189
0.420213,0.692942
0.6558,0.797899
0.679789,0.787149
0.485165,0.409236
0.556837,0.310096
0.290866,0.12381
0.704513,0.448537
0.377729,0.0762822
0.46538,0.0897773
0.491576,0.0109483
-0.00882222,1.30381
0.0481534,1.37389
0.151968,0.543041
0.321761,1.08273
0.317902,0.184592
0.417489,0.399527
0.444394,0.0514128
0.334527,0.0462741
1.33382,0.918839
0.918698,0.93176
0.253146,0.00605243
0.614642,0.0164297
0.24007,0.00866579
0.649638,0.00550891
0.448667,0.00294704
0.411655,0.0167058
0.445964,0.635962
0.0928749,0.758454
-0.445779,0.415278
0.469024,0.0403609
0.397009,0.0362394
0.373678,0.0693979
0.736387,0.204461
0.560421,0.481866
0.550448,0.136136
0.249017,0.286397
0.330253,0.0650893
0.506432,0.159128
0.328135,0.897733
0.625965,0.325414
0.554231,0.617506
0.544803,0.315954
0.459783,0.237854
0.619155,0.181456
0.217506,0.0998834
0.306414,0.106751
0.521806,0.0155694
0.507687,0.0224911
0.22061,0.0347228
0.724566,0.243956
-0.12861,0.493673
-0.199111,1.39273
0.492031,0.181642
0.614544,0.121787
0.323688,0.278246
0.468835,0.0805527
0.734882,0.11892900000000001
0.666199,0.102846
0.690241,0.128987
0.771072,0.0750834
0.639903,0.450672
0.555181,0.401322
0.566421,0.653614
0.24969,0.341052
1.09486,0.494294
1.11535,0.573075
1.01941,0.684649
0.692072,0.733996
0.558866,0.643543
0.480471,0.165724
0.622553,0.130352
0.308866,0.0766946
0.5121,0.243279
0.227015,0.944742
0.196959,0.362916
0.335641,0.568674
0.329127,0.446356
0.261712,0.727996
0.233848,0.228747
0.496315,0.100981
0.50552,0.122524
0.472014,0.315461
0.449062,0.0409638
0.185256,0.120635
0.403574,0.183104
0.351071,0.180658
0.500195,0.759999
0.580523,0.0101721
0.860537,0.815142
0.348569,0.0728292
0.386332,0.15074100000000001
0.400557,0.263004
0.465116,0.19854
0.372168,0.0854428
0.464522,0.069579
0.225029,0.130875
0.562064,0.102916
0.132366,0.0792242
0.573172,1.03926
0.37925,0.123458
0.403226,0.25918
0.449698,0.173846
0.468947,0.265772
0.391956,0.26802
0.366129,0.265609
0.602202,0.150522
0.546976,0.0833949
0.289544,0.0760234
0.496591,0.0680344
1.01737,0.400582
0.519964,0.0958805
0.362165,0.0411237
0.18251,0.149551
0.474872,0.11131
0.336724,0.101623
0.412922,0.107185
0.16055,0.187062
0.407971,0.145056
0.226267,0.227111
0.258838,0.435721
0.208986,0.332041
0.92256,0.689149
0.963367,0.806258
1.05319,0.576034
0.765074,0.12407
0.559111,0.0253738
0.0911718,0.0525274
0.484153,0.27397
0.244319,0.012827
0.641065,0.424933
0.924822,1.0828
0.322701,0.245468
1.34521,0.774513
1.28314,0.917363
1.22007,1.01134
1.30408,0.884258
1.02889,0.52377
0.137916,0.52132
0.327827,0.137172
0.432743,0.15564
0.401634,0.0687617
0.309847,0.0520663
0.662371,0.207793
0.15294,0.789403
0.601479,0.385446
0.558379,0.228446
0.661672,0.689558
0.306388,0.0117795
0.400939,0.0228507
0.583106,0.435055
0.72813,0.169553
0.312794,0.30253
0.557494,0.100997
0.362816,0.0595316
0.413222,0.0948219
0.440534,0.089454
0.497522,0.117231
0.58575,0.119687
0.33541,0.102496
0.4864,0.427703
0.408697,0.00590814
0.483193,0.00259087
0.507714,0.0242034
0.417375,0.052303
0.599259,0.0387058
0.467635,0.125321
0.571044,0.1848
0.576647,0.0979237
0.132995,0.427571
0.116504,0.517997
0.409907,0.348329
0.864298,0.470876
0.799245,0.598863
0.81174,0.718986
0.683517,0.206772
0.70254,0.41597
0.856265,0.592311
0.86284,0.766559
0.941543,0.418056
0.956739,0.304741
0.874127,0.414528
0.735804,0.179578
0.677092,0.0606407
0.412391,0.352893
0.318434,0.0592113
0.458882,0.0588713
0.654171,0.198802
0.983368,0.501421
0.0761652,0.520707
0.727296,0.551962
0.72223,0.635272
0.962519,0.432292
0.532898,0.257555
0.93785,0.800827
0.539285,0.489772
0.775303,0.234855
1.15391,0.558524
0.739176,0.231714
1.17341,0.393696
1.02246,0.338971
0.763863,0.72522
0.72855,0.411134
0.616127,0.190893
0.53204,0.222696
-0.0588409,0.742715
0.209298,0.229958
0.327656,0.227444
0.424187,0.0431327
0.303088,0.150973
0.464975,0.203319
0.522772,0.0132813
0.391623,0.0117172
0.290225,0.00717513
0.490581,0.0306375
0.2185,0.119885
0.115177,0.380489
0.423559,0.0375751
0.411565,0.00911884
0.387885,0.517407
0.350201,0.347388
0.254336,0.240423
0.581251,0.266612
0.807845,0.517917
0.823025,0.415024
0.68318,0.275022
0.286409,0.254383
0.485777,0.0290769
0.365286,0.00867922
0.47348,0.0158532
0.466127,0.0792291
0.619154,0.132332
0.340695,0.0595312
0.499121,0.195133
0.546222,0.441195
0.32581,0.179144
0.740942,0.583762
0.491838,0.701694
0.494499,0.157123
0.448739,0.300904
0.400838,0.163522
0.424979,0.157806
0.387574,0.222063
0.411921,0.212473
0.429077,0.208451
0.28574,0.0643233
0.559402,0.215092
0.410996,0.106773
0.489642,0.188676
0.173425,0.574933
0.717584,0.290416
0.670336,0.144556
0.500304,0.199531
0.289238,0.302892
0.437825,0.227901
0.633984,0.454201
0.235835,0.532594
0.729265,0.396635
0.544871,0.274575
0.55658,0.225063
0.245318,0.316037
0.547397,0.102864
0.376942,0.719723
0.419139,0.764462
0.670061,0.199314
0.27055,0.00832889
0.49779,0.0213092
0.376443,0.0433803
0.542759,0.270856
0.184172,0.23393
0.181001,0.0485168
0.56012,0.144319
0.295306,0.406092
0.265103,0.335555
0.150689,0.193965
0.366328,0.258213
0.654137,0.302716
0.569883,0.395862
0.688974,0.147532
0.5873,0.315738
0.369868,0.893172
0.534563,0.680767
0.58282,0.44252
0.642249,0.492574
0.387657,0.607077
0.511616,0.54981
0.351248,0.50281
0.13878,0.266684
0.478496,0.18111
0.574883,0.0626361
0.321892,0.197672
0.587079,0.383507
0.530353,0.336763
0.584035,0.662305
0.470096,0.319312
-0.00723129,0.907151
0.0321538,0.637653
0.692493,0.221256
0.456277,0.162817
0.654357,0.119864
0.629793,0.146783
0.396518,0.374812
0.781453,0.253177
0.751283,0.193979
0.764259,0.300928
0.670396,0.160785
0.563519,0.250313
0.627585,0.274365
0.637577,0.350033
0.523293,0.493814
0.386133,0.655151
0.29342,0.953485
0.0644541,0.333647
0.260326,0.15926
0.315669,0.00361252
0.528764,9.92116e-4
0.252558,0.00275726
0.566927,0.00325806
0.380293,0.00624454
0.41274,0.00230386
0.407258,0.00567304
0.418465,0.00265077
0.428866,0.162956
0.476736,0.0582451
0.379037,0.0615616
0.488002,0.130538
0.462511,0.103456
0.728104,0.265202
0.78791,0.295219
0.845866,0.346503
0.575752,0.0284377
0.241604,0.115393
0.680787,0.659325
0.71071,0.553468
0.728527,0.464348
0.732888,0.581115
0.556601,0.275864
0.438273,0.485488
0.493817,0.281169
0.461106,0.234738
0.284198,0.511458
0.356762,0.0559007
0.444663,0.0362269
0.53433,0.0649258
0.212142,0.168254
0.218503,0.158751
0.686336,1.07582
0.278779,0.565309
0.67639,0.338548
0.771539,0.300036
1.01811,0.43142
1.14046,0.681519
0.991065,0.675265
0.956986,0.459863
0.674321,0.186668
0.400157,0.246669
0.535932,0.0219755
0.332997,0.0530259
0.507729,0.371673
0.412582,0.607161
0.350792,0.581651
0.0761296,0.791905
0.0274878,0.838238
0.0702388,0.575079
0.698083,0.329674
0.783024,0.601165
0.714249,0.232062
0.399574,0.129378
0.393174,0.0248647
0.311659,0.460438
0.170538,0.316267
0.347655,0.314621
0.511576,0.859416
0.509092,0.862833
0.444498,0.597197
0.397455,0.618109
0.388541,0.718401
0.555988,0.25838
0.571577,0.317003
0.358664,0.121767
0.523853,0.163287
0.499931,0.0613684
0.23747,0.278728
0.303531,0.124221
0.323352,0.347081
0.241393,0.0631188
0.28751,0.116426
0.38795,0.200807
0.423935,0.187214
0.60608,0.488734
0.53699,0.392601
0.649587,0.356073
0.216687,0.118686
0.34172,0.158054
0.596536,0.235278
0.583524,0.264033
0.53715,0.0412269
0.528972,0.0411201
0.167507,0.0693638
0.347809,0.0815876
0.544717,0.0688107
0.329232,0.150943
0.64689700000000006,0.148766
0.464421,0.170455
0.593609,0.0293129
-0.139047,0.905859
0.161334,0.183842
0.0993479,0.160361
0.577837,0.0182421
0.312553,0.0825103
0.32906,0.0421958
0.661872,0.420984
0.701585,0.194362
0.826761,0.349541
0.494905,0.0588904
0.551764,0.0596233
0.539592,0.260909
0.540886,0.140521
0.464388,0.259341
0.343842,0.0855732
0.514454,0.158809
0.492014,0.237323
0.61546,0.677205
0.564142,0.641706
0.643268,0.426082
0.642845,0.75121
0.586691,0.688943
0.349737,0.257724
0.15174,0.246844
0.279882,0.261799
0.420688,0.248727
0.202394,0.292352
0.470566,0.290098
0.645652,0.189437
0.607558,0.273839
0.242315,0.645896
0.292933,0.330005
0.838078,0.46147
0.560541,0.171569
0.45155,0.14051
0.30676,0.0486593
0.570451,0.0547811
0.184744,0.0451481
0.353375,0.0175558
0.456116,0.00735462
0.411216,0.200292
0.6424,0.182749
0.542198,0.131936
0.660595,0.121568
0.512218,0.0389244
0.331603,0.252547
0.294803,0.444481
0.196737,0.382707
0.372486,0.0126891
0.338154,0.100164
0.610501,0.0809058
0.444342,0.0790429
0.791273,0.181307
0.781178,0.188876
0.500201,0.235712
0.204007,0.0145143
0.564778,0.0238726
0.579366,0.0553342
0.557827,0.0377528
0.700656,0.201672
0.625933,0.239254
0.812218,0.727815
1.00799,0.407947
0.584879,0.825909
0.682592,0.538617
0.0592642,0.570302
0.479833,0.266839
0.828782,0.569699
0.749419,0.0214871
0.696627,0.0214955
0.310224,0.0259806
0.495859,1.59022
0.501924,0.685645
0.447675,1.07312
0.610685,0.757706
0.601836,0.377548
0.666272,0.661284
0.104871,0.648996
0.0353412,0.214383
0.23857,0.632794
0.0223094,0.528732
0.664336,0.335988
0.502327,0.194538
-0.0752396,1.13027
0.462808,0.129579
0.398368,0.322907
0.746413,0.413262
0.475359,0.32102
0.545893,0.326655
0.43523,0.497533
0.640686,0.121283
0.232474,0.112448
0.458897,0.101068
0.343163,0.0124308
0.61078,0.00362862
0.247092,0.00271379
0.221641,8.25131e-4
0.229222,0.00747522
0.599571,0.0216579
0.225032,0.00799363
0.529967,0.0345695
0.439191,0.0822548
0.421325,0.00218324
0.400479,0.0436819
0.4085,0.0210621
0.42379,0.0116154
0.555681,0.00670682
0.593637,0.0184586
0.428578,0.0125521
0.396799,0.0189145
0.344479,0.281105
0.240298,0.311949
0.350299,0.259031
0.550762,0.689816
0.530798,0.0947204
0.254995,0.287021
0.459452,0.0533055
0.481096,0.0199813
0.436278,0.488297
0.521181,0.259957
0.472142,0.544729
0.606127,0.657113
0.451013,0.755158
0.615905,0.620532
0.715499,0.458035
0.662412,0.315822
0.554589,0.20084
0.521215,0.278951
0.463202,0.0244367
0.327294,0.0191598
0.49036,0.0469641
0.375108,0.0948429
0.474331,0.0440351
0.384449,0.0218527
0.391647,0.0526388
0.219545,0.0795622
0.55758,0.018398
0.29804,0.0403255
0.463707,0.162473
0.529034,0.281937
0.396469,0.14835
0.401329,0.287791
0.431556,0.338092
0.419689,0.493998
0.69227,0.214264
0.573939,0.428433
0.974131,0.36184
0.976101,0.821753
1.09458,0.779444
0.940386,0.75946
0.921627,0.633746
0.811239,1.21427
0.94183,0.398484
0.991971,0.323651
0.651819,0.179269
1.11405,0.596249
1.14362,0.443009
1.42872,0.698225
1.38259,0.71518
1.42698,0.880097
1.14046,0.609599
0.821286,0.274452
1.1515,0.568858
0.701398,0.847839
0.712312,0.693307
0.556564,0.324167
0.575742,0.400431
0.605889,0.214429
0.378272,0.314202
0.386742,1.068
0.388072,1.22795
0.475374,0.313632
0.285365,0.636779
0.22738,0.506316
0.262564,0.176861
0.316233,0.0844837
0.459272,0.0774334
0.34774,0.103442
1.0667,0.780949
1.13876,0.662973
0.795866,0.360933
0.423435,0.114577
0.833853,0.536217
0.85214,0.58975
0.807973,0.476618
0.838802,0.269312
0.911147,0.222778
0.917179,0.221089
0.906762,0.222977
0.453397,0.186674
0.495005,0.354092
0.492916,0.00450286
0.309588,0.0304722
0.409816,0.037689
0.295481,0.162584
0.215647,0.0325247
0.62526,0.0208454
0.485041,0.0242427
0.369029,0.00705362
0.321051,0.00676834
0.308377,0.0397157
0.51403,0.0057949
0.314384,0.00470052
0.341986,0.00910606
0.517682,0.120415
0.464146,0.0430061
0.433704,0.44891
0.613601,0.266508
0.515906,0.174427
0.860535,0.793831
0.221881,0.446682
0.104084,0.571387
0.386133,0.225118
-0.102719,1.35169
-0.0507017,0.718318
-0.106419,0.672045
0.237674,0.540411
0.163011,0.0481266
0.232844,0.0869662
0.517006,0.070153
0.413147,0.0242674
0.413753,0.0219325
0.507041,0.206573
0.625338,0.294952
0.520845,0.269784
0.524121,0.281506
0.281008,0.0362373
0.229853,0.0393935
0.281478,0.317293
0.391715,0.13073
0.427412,0.00992034
0.358183,0.137793
0.661557,0.209716
0.913715,0.342128
0.956181,0.452731
1.03178,0.632381
1.04871,0.791045
1.0617,0.505719
0.829949,0.700647
0.288295,0.20656
0.602134,0.419171
0.545436,0.107811
1.1218,0.299792
1.10653,0.315907
0.627502,0.243286
0.177932,0.125661
0.614028,0.0270676
0.280857,0.192735
0.276956,0.182112
0.485279,0.170597
0.454592,0.291982
0.393449,0.114301
0.478552,0.219984
0.479455,0.121843
0.500002,0.113812
0.86155,0.336771
0.854966,0.273789
0.725521,0.234102
0.359173,0.177143
-0.0768593,0.2032
0.148212,0.178615
0.406035,0.108225
0.382607,0.340583
0.16321,0.132948
0.128084,0.365639
0.364467,0.100913
0.640104,0.222631
1.27176,0.741057
1.15568,0.567064
1.11607,0.741463
0.903864,0.780093
0.818824,0.435106
0.795383,0.516696
0.956423,0.439765
0.854649,0.299335
0.812038,0.328213
0.703298,0.488778
0.290512,0.0717389
0.497085,0.457214
0.616089,0.46672400000000003
0.548058,0.568871
0.642394,0.507704
0.711175,0.384594
0.784451,0.455978
0.257293,0.312293
0.659946,0.530179
0.4939,0.0915039
0.429588,0.0683491
0.30052,0.0338207
0.431828,0.0452788
0.629399,0.0589348
0.393203,0.178585
0.632041,0.0776021
0.615767,0.051723
0.432853,0.0963111
0.925841,0.673564
0.924111,0.505521
0.189643,0.429628
0.250014,0.305302
0.39613,0.215465
0.656775,0.510401
0.696419,0.209545
0.63395,0.208193
0.643465,0.255567
0.803596,0.467815
0.798367,0.466365
0.645798,0.194756
0.723399,0.207019
0.704155,0.774369
0.454988,0.158288
0.66386,0.197627
0.619541,0.201327
0.466399,0.297421
0.696145,0.309137
0.432435,0.50995
0.428124,0.568592
0.479575,0.404892
0.485753,0.116734
0.400885,0.24478
1.24146,0.597997
1.01128,0.590058
0.990256,0.60113
0.826447,0.239028
0.335731,0.066352
0.368866,0.182081
0.249088,0.136776
0.437516,0.284997
0.42785,0.185449
0.701547,0.607616
0.63868,0.196916
0.860289,0.29357
0.811477,0.764261
0.31082,0.0585396
0.350717,0.0532304
0.336862,0.0397405
0.599948,0.407174
0.497336,0.661557
0.250869,0.531137
0.333655,0.16782
0.405045,0.0563894
0.386854,0.128797
0.487681,0.361779
0.787624,0.377525
0.733733,0.500486
0.426973,0.135364
0.171362,0.208215
0.285387,0.13445
0.717604,0.247141
0.462483,0.0461908
0.512318,0.015904
0.383861,0.0350888
0.334623,0.171658
0.326962,0.153618
0.519873,0.667874
0.559725,0.29604
0.581065,0.307035
0.142785,0.501912
0.264154,0.317686
0.612809,0.388422
0.329239,0.0410849
0.471258,0.0562261
0.389728,0.00967404
0.492931,0.0799799
0.61112,0.0299459
0.761495,0.0920968
0.272336,0.216927
0.323686,0.546297
0.0771351,0.620213
0.446014,0.133058
0.320815,0.0542121
0.658359,0.216577
0.707397,0.288116
0.753127,0.199121
0.845038,0.262191
0.570888,0.0573908
0.906384,0.458218
0.873724,0.39205
0.533908,0.0975849
0.712932,0.0797139
0.738012,0.258831
0.321407,0.0960636
0.467609,0.158286
0.427331,0.247165
0.459024,0.330418
0.403484,0.265204
0.279346,0.148406
0.776017,1.05568
0.581184,0.0603109
0.266172,0.0724266
1.3925399999999999,1.45706
0.299454,0.0977554
0.736151,0.0942378
0.370655,0.076144
0.549797,0.234307
0.572708,1.07022
0.553882,0.270192
0.49065,0.278811
0.571523,0.459863
0.595477,0.423043
0.706567,0.364528
0.57364,0.493673
0.668292,0.549579
0.573136,0.289621
0.287483,0.0561518
0.395289,0.013381
0.406684,0.0227841
0.368434,0.0661679
0.472894,0.0247456
0.351376,0.0348156
0.514785,0.0308172
0.318578,0.056738
0.412888,0.0556965
0.0996846,0.31304
-0.0332592,0.294268
0.307101,0.0486746
0.505475,0.00592759
0.499305,0.0373369
0.372461,0.0716258
0.584142,0.38335
0.321818,0.520027
0.443132,0.658621
0.44797,0.593688
0.406798,0.250565
0.397195,0.150982
0.316007,0.0741186
0.263147,0.333024
0.476853,0.267269
0.299199,0.0817725
0.418053,0.142101
0.445732,0.0489188
0.15573,0.0539507
0.53919,0.0622642
0.505075,0.0196948
0.234358,0.0628856
0.267839,0.0790693
0.520723,0.0472389
0.431565,0.0790278
0.401223,0.127001
0.222856,0.112779
0.681602,0.0664081
0.559201,0.864466
0.482366,0.926509
0.494455,1.06739
0.365392,0.614695
0.349192,0.480826
0.351488,0.300551
0.622824,0.364174
0.507955,0.683989
0.283731,0.160609
0.388434,0.35644
0.282305,0.211032
0.766055,0.624157
0.915002,0.648603
0.803588,0.758241
0.840538,0.676904
0.64158,0.193221
0.415682,0.105893
0.576097,0.0794811
0.580636,0.207713
0.409976,0.10742
0.553731,0.0695473
0.407194,0.103874
0.495045,0.0205458
0.333578,0.293728
0.555561,0.184254
0.524514,0.160971
0.534718,0.44312
0.452595,0.202154
0.44468,0.330316
0.732243,0.446234
0.717693,0.423865
0.784206,0.378575
0.759578,0.376692
0.805075,0.331642
0.469205,0.116557
0.635694,0.111849
0.446724,0.0488235
0.503951,0.0374024
-0.0284514,0.450017
0.534733,0.0949062
0.319793,0.228273
0.498113,0.0711824
0.357972,0.0885875
0.373839,0.196116
0.310988,0.0568898
0.477867,0.114393
0.473154,0.221665
0.53821,0.150879
0.581179,0.0899134
0.690981,0.121058
0.736969,0.253346
0.931495,0.426122
0.327129,0.0442746
0.282005,0.0587732
0.540407,0.0180616
0.364523,0.0594193
0.615531,0.230398
0.631356,0.233569
0.647659,0.370608
0.396155,0.544036
0.55793,0.351088
0.497676,0.360051
0.218717,0.458298
0.450993,0.62664
0.471236,0.0299904
0.368769,0.0311527
0.403255,0.0902138
0.487755,0.111266
0.218908,0.0867052
0.267284,0.0659249
0.522981,0.0283311
0.457484,0.0995354
0.509161,0.576444
0.723798,0.694024
0.671592,0.643518
0.59246,0.419845
0.821348,0.212166
0.295767,0.112261
0.783547,0.171593
0.201961,0.162104
0.540419,0.0177018
0.429317,0.0488714
0.285907,0.062037
0.49205,0.251768
0.501662,0.197544
0.545502,0.0779187
0.237518,0.0793811
0.335386,0.143916
0.444398,0.0772147
0.509252,0.455597
0.170115,0.0765808
0.860579,0.643407
0.435876,0.0382525
0.35756,0.0351878
0.68646,0.392364
0.318806,0.443253
0.194491,0.486354
0.228252,0.512328
0.196206,0.463803
0.832509,0.788153
0.801151,1.06849
0.68189,0.687847
0.679418,0.692039
0.478364,0.378082
0.292974,0.311698
0.230833,0.550738
0.628256,0.243641
0.654933,0.318587
0.769277,0.755074
0.832324,0.484284
0.480772,0.158553
0.642942,0.558963
0.654505,0.327442
0.573573,0.43947
0.68646,0.29322
0.537365,0.216857
0.735332,0.282933
0.724381,0.206075
0.278123,0.131476
0.760569,0.151011
0.597539,0.163014
0.335994,0.0864957
0.368815,0.0832252
0.25924,0.172749
0.214477,0.119882
0.298501,0.0339748
0.541808,0.0548583
0.600678,0.147598
0.437455,0.378514
0.602715,0.479847
0.531079,0.077849
0.770032,1.02053
0.366198,0.232669
0.482555,0.045194
0.385712,0.0441565
0.440955,0.0187043
0.599638,0.0139765
0.294443,0.00754492
0.594782,0.00939381
0.248605,0.0099367
0.420594,0.127702
0.510671,0.165168
0.498859,0.197214
0.595225,0.200338
0.17459,0.130735
0.194884,0.133668
0.627177,0.107069
0.7505,0.228395
0.203534,0.0618862
1.22109,0.518668
0.505615,0.157704
0.32575,0.724873
0.326959,0.834859
1.05484,0.520217
1.04353,0.386363
0.936387,0.352236
0.965524,0.277898
1.01271,0.471948
1.05007,0.512787
0.795677,0.429277
0.758358,0.522509
0.781902,0.189444
0.768247,0.291614
0.621336,0.0319247
0.593055,0.0343923
0.208653,0.358982
0.212,0.0624152
0.261356,0.126434
0.589159,0.118414
0.133191,0.123904
0.290792,0.434384
0.636689,0.18976
0.483346,0.108747
0.507433,0.0747162
0.44765,0.0962874
0.502999,0.111392
0.494013,0.0932369
0.421165,0.0587743
0.559124,0.204665
0.526121,0.0612951
0.379324,0.207827
0.346804,0.270386
0.522858,0.0740178
0.598977,0.0540716
0.598032,0.270331
0.496803,0.125987
0.355819,0.096159
0.324055,0.00982615
0.274008,0.40382
0.38502,0.603874
0.482023,0.178301
0.887412,0.561797
0.714954,0.246276
0.337801,0.063889
0.431819,0.0123035
0.453226,0.0110221
0.348127,0.00457872
0.257723,0.318515
0.32472,0.0707014
0.294544,0.0604878
0.272185,0.0094069
0.491691,0.408979
0.531775,0.184238
0.337697,0.0303272
0.288691,0.0146944
0.549031,0.125177
0.540698,0.128599
0.341708,0.0819563
0.459716,0.261876
0.452968,0.285232
0.343075,0.00160503
0.251945,0.261109
0.470189,0.0865657
0.993879,0.503986
0.249876,0.308503
0.812416,0.849162
0.83007,1.01267
0.800382,1.22435
0.787795,0.282141
0.514005,0.235604
0.485003,0.0628909
0.321471,0.29912
0.444705,0.433894
0.558845,0.132183
0.376335,0.344701
0.490996,0.400909
0.307617,0.192855
0.620735,0.464042
0.359651,0.110917
0.125208,0.123987
0.0855469,0.329235
-0.0950839,0.30728
0.330871,0.1807
0.451968,0.0197316
0.41098,0.0867447
0.44401,0.092664
0.317054,0.062949
0.723963,0.371444
0.800767,0.172099
0.661382,0.267334
0.718404,0.127236
0.913145,0.392136
1.0837,0.423534
1.08873,0.700627
0.958622,0.576929
0.78764,0.286689
0.475363,0.315521
0.310926,0.80818
0.820393,0.171878
0.606969,0.258009
0.566782,0.377336
0.388154,0.289565
0.615728,1.04588
0.577358,0.701201
0.829583,0.334999
0.315643,0.0440559
0.496188,0.00256687
0.493472,0.0103192
0.358833,0.0314237
0.35105,0.492394
-0.0418098,0.666125
-0.0221907,0.716929
-0.0605609,1.08394
0.00757431,0.521531
-0.0126263,0.620183
0.246983,0.45363
0.232885,0.72634
0.340558,0.699038
0.68083,0.378493
0.578564,0.496874
0.476592,0.730181
0.406835,0.452993
0.662998,0.312422
0.382237,0.254155
0.106578,0.111346
0.314314,0.0187706
0.226334,0.0222387
0.262264,0.0270882
0.426001,0.0269531
0.62078,0.468763
0.589669,0.296585
0.471418,0.529189
0.477476,0.658639
0.3098,0.249496
0.6254,0.129448
0.493285,0.26711
0.582081,0.403277
0.398543,0.178878
0.409985,0.242022
0.478249,0.371977
0.455346,0.318184
0.424898,0.0220613
0.406973,0.251421
0.265633,0.266053
0.627375,0.037766
0.242013,0.0459208
0.570477,0.0342581
0.453616,0.420621
0.439975,0.251593
0.293523,0.130172
0.527729,0.0675184
0.367406,0.0220352
0.441231,0.018679
0.379286,0.240855
0.461757,0.0283358
0.454666,0.0901719
0.458612,0.0487493
0.711173,0.298753
0.865059,0.324711
0.625672,0.22057
0.713242,0.203082
0.32222,0.0715031
0.487027,0.144808
0.439762,0.246945
0.0883737,0.261547
-0.0712888,0.322619
1.21337,0.592371
0.649944,0.165679
0.423456,0.172366
0.396676,0.14876
0.524989,0.208047
-0.41963,0.943546
-0.415693,1.08345
-0.522623,1.1523
-0.572316,1.01939
-0.501219,1.17842
-0.501219,1.17842
0.555092,0.464727
0.417938,0.143865
0.936437,1.09392
0.932889,0.838672
0.936101,0.758931
0.904319,0.218723
0.682696,0.827878
0.468191,0.50578
0.463228,0.202241
0.364416,0.503762
0.520152,0.476655
0.414713,0.512133
0.321258,0.381096
0.498794,0.298897
0.560794,0.418871
0.171867,0.358234
0.575886,0.669354
0.303542,0.0725886
0.435321,0.0667723
0.368738,0.0241007
0.416491,0.094322
0.364057,0.166179
0.45899,0.0905709
0.465729,0.104979
0.368139,0.131659
0.416078,0.182815
0.345358,0.150525
0.307876,0.444082
0.39572,0.778135
0.345882,0.254477
0.41588,0.307364
0.426452,0.134696
0.504051,0.414897
0.44271,0.0844095
0.386794,0.407686
0.443808,0.200926
0.368631,0.0342886
0.487097,0.304821
0.41916,0.0530683
0.101091,0.613445
0.0634455,0.232487
0.112739,0.345101
0.378331,0.0325183
0.555477,0.233226
0.545288,0.0719251
0.252875,0.188468
0.0633009,0.527196
0.201686,0.555122
0.0948301,0.0663545
0.18084,0.169848
0.271647,0.177984
0.501054,0.107143
0.310139,0.100166
0.461858,0.0458622
0.51027,0.291711
0.465454,0.244827
0.486167,0.104437
0.40195,0.40516
0.329117,0.055996
0.488668,0.0800336
0.377924,0.0906166
0.4964,0.324566
0.568705,0.266444
0.508064,0.470079
0.510928,0.550457
0.523439,0.209749
0.241545,0.257534
0.596453,0.185785
0.493054,0.19441
0.352462,0.153246
0.300177,0.203264
0.30846,0.260982
0.245833,0.18085
0.466887,0.0685301
0.317928,0.334942
0.383172,0.0962032
0.431662,0.198906
0.368349,0.0208755
0.427874,0.0216904
0.238701,0.0502479
0.483844,0.0570067
0.467879,0.0585181
0.582295,0.0412437
0.446072,0.0463207
0.449864,0.00292741
0.372733,2.94095e-4
0.35271,0.0582204
0.252114,0.0663557
0.523944,0.0142128
0.300776,0.0269216
0.464078,0.193482
0.511904,0.246221
0.562685,0.142378
0.497066,0.232846
0.572394,0.0847729
0.130033,0.326859
0.990095,0.499937
0.45443,0.221844
0.543251,0.225356
0.42879,0.32647
0.377271,0.356859
0.457058,0.128054
0.19565,0.373777
0.72402,0.194639
0.0953512,0.68141
0.449167,0.0272299
0.514284,0.17218
0.518881,0.149485
0.654786,0.130846
0.551332,0.0937685
0.283947,0.0576415
0.442035,0.0485281
0.4574,0.0669413
0.314719,0.0501843
0.454973,0.123258
0.236765,0.0262943
0.516569,0.0290987
0.381106,0.021483
0.52483,0.0432668
0.28596,0.171048
0.84111,0.318521
0.374823,0.480069
0.37501,0.424013
0.510776,0.284418
0.182187,0.482582
0.266029,0.118607
0.433476,0.263985
0.472422,0.18042
0.249055,0.11728
0.920193,0.716555
0.609271,0.356732
0.977213,0.420203
0.681207,0.647906
0.204127,0.314205
0.501542,0.450935
0.398043,0.253139
0.465667,0.173709
0.502141,0.293359
0.474599,0.0777765
0.281078,0.141746
0.412483,0.131917
0.335938,0.0704729
0.641916,0.257173
0.930971,0.444747
0.702911,0.604498
0.201258,0.577421
0.11665,0.326334
0.518813,0.212763
0.517542,0.551786
0.206686,0.278982
0.493425,0.408177
0.469155,0.503639
0.468454,0.198168
0.828899,0.271947
0.887858,0.384371
0.65144,0.231657
0.664066,0.239732
0.704255,0.386247
0.816809,0.906533
0.964113,0.635968
0.744694,0.542088
0.744854,0.772904
0.629614,0.499391
0.715347,0.448901
0.516748,0.455375
0.445223,0.535971
0.546941,0.527572
0.576461,0.201864
0.466825,0.696974
0.470693,0.49752
0.718977,0.345413
0.775317,0.370111
0.749148,0.508508
0.453469,0.355888
0.973117,0.623298
0.911439,0.872738
0.757766,0.544329
0.777345,0.209878
0.272863,0.0311291
0.853336,0.386597
0.437695,0.298535
0.466889,0.178984
0.439231,0.240343
1.11935,0.87228000000000006
1.30837,1.03408
0.728673,0.220406
0.856524,0.261823
0.368639,0.17407
0.480795,0.038943
0.233493,0.506385
0.506762,0.417333
0.373511,0.132712
0.615238,0.392814
0.650126,0.253682
0.990528,0.438572
0.958263,0.389225
0.861923,0.907916
0.29591,0.134833
0.2422,0.116191
0.434119,0.0315043
0.33097,0.161205
0.225104,0.150997
0.202248,0.29822
0.291386,0.14996
0.291584,0.130068
0.254764,0.375343
0.240327,0.35124
0.507291,0.0937573
0.325533,0.0843915
0.615867,0.245983
0.0678129,0.427726
0.0863716,0.58998
0.214174,0.551038
0.516261,0.552155
0.329581,0.586476
0.426655,0.139562
0.019921,0.556366
0.046078,0.55898
0.511706,0.331033
0.481658,0.214279
1.03069,0.459648
1.04934,0.51776
0.803367,0.545083
1.46479,0.515512
1.6954,0.687284
1.40168,0.53942
1.34117,0.482336
0.976165,0.943021
1.05154,0.760012
1.03099,0.673356
0.421208,0.298617
0.38805,0.0968323
0.402598,0.00933994
0.524128,0.00634679
0.285815,0.00166957
0.401291,0.00222571
0.419255,0.0315713
0.405461,0.0273064
0.734587,0.186632
0.700567,0.171828
0.552016,0.17733
0.440155,0.113599
0.558368,0.255609
0.612857,0.196799
0.366841,0.14122
0.356946,0.201403
0.430158,0.045116
0.188893,0.357879
0.51117,0.0259583
0.511428,0.0340856
0.378997,0.0392254
0.0395438,0.115085
0.448859,0.0621671
0.387299,0.202401
0.540256,0.0491365
0.521338,0.174803
0.569747,0.122568
0.636433,0.0878609
0.363354,0.341444
0.653409,0.34444
0.38553,0.0636444
0.628124,0.138921
0.542923,0.0682071
0.170457,0.356001
0.271081,0.218618
0.42367,0.287803
0.476488,0.0594321
0.386494,0.0928582
0.560674,0.00874712
0.261029,0.0235233
0.692055,0.0456729
0.223514,0.096129
0.3197,0.148417
0.318727,0.0797491
0.0863649,0.62271
0.154693,0.732588
0.307834,0.0127372
0.399986,0.0370136
0.441961,0.0354826
0.512428,0.112497
0.325683,0.618261
0.365507,0.181172
0.380416,0.186977
0.847312,0.391593
0.244661,0.115086
0.300836,0.166189
0.260469,0.11611
0.346991,0.107484
0.119501,0.190725
0.421569,0.0896768
0.45029,0.0974759
0.528637,0.0781644
0.511799,0.0611398
0.207214,0.164645
-0.125921,0.533727
-0.179508,0.29337
0.36738,0.00613975
0.396166,0.00836404
0.401709,0.071026
0.446754,0.207813
0.742102,0.216427
0.75665,0.181194
0.468953,0.144661
0.604338,0.0973991
0.549816,0.12744
0.566638,0.0828766
0.510619,0.0785564
0.593427,0.100029
0.442321,0.00280939
0.34562,0.268607
0.291335,0.527132
0.300583,0.115564
0.583172,0.667504
0.4789,0.251216
0.618493,0.0773739
0.592408,0.586595
0.607186,0.496612
0.701442,0.365496
0.736543,0.387671
0.953916,0.502544
1.03087,0.518786
0.865109,0.567841
0.973271,0.529628
1.27404,0.667063
0.780159,0.46444
0.472641,0.651198
0.492891,0.166223
0.589609,0.626733
0.190882,0.179183
0.454637,0.0293411
0.48539,0.030054
0.28409,0.0994597
0.184326,0.043841
0.500722,0.0924742
0.351245,0.125044
0.507355,0.125218
0.23935,0.381371
0.230416,0.443293
0.166428,0.309213
0.456784,0.10047
0.695236,0.218398
0.219624,0.151794
0.0181392,0.312012
0.204326,0.152548
0.10469,0.245743
0.40733,0.316341
0.467362,0.117203
0.436288,0.691315
0.310938,0.0534455
0.416442,0.0502977
0.492597,0.0275661
0.277282,0.256219
0.249646,0.139064
0.259317,0.26967
0.44546,0.220083
-0.0199296,0.491543
0.135894,0.62408
0.54321,0.0172873
0.306168,0.0130684
0.515387,0.0252155
0.76472,0.224949
0.71164,0.397016
0.814219,0.56952
0.422978,0.190837
0.413274,0.184094
0.385091,0.0945875
0.352495,0.109748
0.479109,0.0366258
0.513597,0.0350201
0.357312,0.373372
0.269588,0.313913
0.246353,0.348085
0.0775033,0.451281
0.428692,0.0500266
0.34916,0.0378643
0.436206,0.109573
0.403757,0.0966474
0.467264,0.36029
0.360995,0.500392
0.682737,0.575586
0.910059,0.869346
0.897385,0.598946
0.911077,0.725501
0.881614,0.369975
0.226446,0.355883
0.561179,0.48393
0.494294,0.299908
0.572672,0.326502
0.636292,0.36079
0.54653,0.322971
0.404946,0.201717
0.465738,0.019038
0.364315,0.0321519
0.573609,0.126676
0.374744,0.355291
0.432692,0.249031
0.402922,0.275565
0.205187,0.116186
0.554346,0.19821
0.330461,0.115242
0.515354,0.141548
0.6432,0.117241
0.48058,0.130801
0.513484,0.258097
0.40812,0.0180634
0.232544,0.0344445
0.520294,0.11036
0.520835,0.410483
0.546816,0.364149
0.721205,0.0964913
0.184806,0.00829022
0.354737,0.365907
0.794966,0.263839
0.363477,0.491163
0.387201,0.341981
0.724604,0.591124
0.616714,0.603924
0.787584,0.190525
1.09961,0.65169
0.221937,0.125351
0.4763,0.0488968
0.362604,0.0414784
0.458802,0.200487
0.403322,0.167199
0.474086,0.352475
0.319362,0.231115
0.382841,0.108898
1.09514,0.334317
0.960431,0.454458
0.816901,0.308586
0.711856,0.26399
0.849173,1.0943
0.864857,0.723916
0.867582,0.347979
1.14708,0.453695
0.480749,0.0439409
0.391409,0.0623066
0.388877,0.289049
0.720867,0.50587
0.477684,0.265671
0.566987,0.249128
0.535573,0.291181
0.655476,0.364543
0.61894,0.367373
0.517214,0.155929
0.281655,0.453191
0.133758,0.246411
0.33017,0.408628
0.365607,0.0235713
0.399119,0.0451706
0.596474,0.142703
0.632889,0.164554
0.37203,0.150371
0.41539,0.356429
0.400139,0.0150947
0.447536,0.0270565
0.414465,0.444334
0.36061,0.0214482
0.602669,0.158663
0.543743,0.110073
0.562063,0.0657753
0.180018,0.108433
0.506374,0.18353
0.609012,0.165108
0.708434,0.237515
0.179661,0.102288
0.722334,0.0709229
0.693968,0.0880894
0.653098,0.0799706
0.228747,0.0734809
0.661964,0.110798
0.948581,0.822089
0.768532,1.17217
0.328207,0.208049
1.08698,0.717309
0.982214,0.467727
0.672567,0.217608
0.142093,0.3201
0.156002,0.314967
0.213534,0.295179
0.413097,0.173647
0.40888,0.335977
0.347121,0.963286
0.470237,0.0107459
0.327255,0.0974844
0.47712,0.0149126
0.397196,0.013183
0.503488,0.302553
0.459678,0.462246
0.37378,0.0453213
0.447785,0.425845
0.629953,0.522674
0.59099,0.415428
1.00652,0.453733
1.42674,0.854758
1.38503,0.768333
1.21846,0.729999
1.34014,1.13585
1.6194,0.717169
1.31426,0.874365
1.05612,0.766471
0.945104,0.62667
0.412721,0.359921
0.44035,0.146268
0.396194,0.157669
0.78103,0.853957
0.653798,0.452861
0.549524,0.79604
0.73303,0.699051
0.639552,0.23854
0.851376,0.626033
0.81995,0.822993
0.857852,0.526663
1.01502,1.1975
0.418476,0.0531017
0.574593,0.225694
0.283531,0.1141
0.286173,0.453969
0.33314,0.669601
0.345792,0.517195
0.572625,0.602818
0.831204,0.384657
0.654927,0.231647
0.588199,0.350443
0.49681,0.443751
0.303818,0.146932
0.458071,0.361057
0.531045,0.0731123
0.329778,0.0830682
0.636421,0.0138692
0.453591,0.0018075
0.711382,0.941763
0.669016,1.05793
0.722165,0.971245
0.754834,0.732287
0.819118,0.786321
0.943276,0.52777
1.23365,1.1416
1.04465,0.965496
1.01103,0.679701
0.83462,0.387965
0.401922,0.424939
0.489415,0.151511
0.355641,0.204896
0.407688,0.312966
0.40372,0.0997367
0.436351,0.0270817
0.499671,0.0293025
0.302728,0.352602
0.360279,0.192005
0.202622,0.390252
0.320265,0.44502
0.577748,0.153504
0.536986,0.551338
0.364039,0.161229
0.37319600000000003,0.148628
0.641544,0.574537
0.691273,0.345579
0.388486,0.088009
0.335071,0.0195302
0.423015,0.487269
0.817974,0.149135
0.689173,0.475312
0.748726,0.706672
0.494879,0.328499
0.51836,0.170664
0.519497,0.377629
0.408902,0.604415
0.415986,0.499169
0.30933,0.13709
0.395925,0.15674
0.469826,0.0781452
0.563663,0.13792
0.389905,0.253045
0.460746,0.946968
0.404698,0.767037
0.496329,0.709015
0.384836,0.328404
0.367279,0.957004
0.380574,0.27151
0.426109,1.05476
0.417008,1.02635
0.376124,0.474792
0.630772,0.773181
0.354572,0.652674
0.654569,0.114049
0.307807,0.269194
0.393798,0.119309
0.389554,0.320402
0.381333,0.485225
0.00879377,0.855681
0.152619,0.358213
0.0548095,0.366221
-0.0353539,0.458514
-0.29115,1.0063
-0.268836,0.646793
-0.429221,0.514999
-0.137787,0.919516
0.491892,0.153404
0.582286,0.136995
0.201928,0.103288
1.36196,0.585895
1.02765,0.523182
0.995136,0.629258
0.31521,0.348324
0.481357,0.147674
0.0852538,0.610266
0.120791,0.329322
0.383449,0.0858487
0.119311,0.289014
0.32546,0.213076
0.323173,0.184016
0.406575,0.124291
0.372506,0.396151
0.569224,0.0931922
0.334216,0.0836189
0.421103,0.113001
0.183272,0.0897113
0.535025,0.145915
0.235738,0.0606459
0.363064,0.0922207
0.477877,0.0142176
0.377785,0.00287299
0.164156,0.156644
0.269669,0.0972393
0.0814231,0.0624794
0.42786,0.0476021
0.704338,0.977308
0.634735,0.469223
0.585755,0.341247
0.65424,0.636834
0.408192,0.396087
0.503178,0.535356
0.381587,0.415192
0.337844,0.499085
0.954856,0.400653
1.32836,1.13363
1.40726,0.778502
0.840998,0.507864
0.661276,0.8196
0.66313,0.663722
0.516778,0.263701
0.507575,0.222658
0.409768,0.146565
0.884428,0.694435
0.832192,0.71604
0.467636,0.2228
0.804847,0.310423
0.878256,0.429104
0.415701,0.0241881
0.356284,0.090071300000000007
0.490198,0.0361494
0.574595,0.0470505
0.460355,0.440475
0.44847,0.416627
0.502238,0.679225
0.603861,0.337902
0.387594,0.254051
-0.0755807,0.795003
-0.100672,0.390024
0.485598,0.0918632
0.491213,0.0698905
0.58687,0.0586534
0.297454,0.250056
0.681228,1.12917
0.812561,0.180261
0.97354,0.482498
0.0977257,0.37877
0.182603,0.411128
0.327846,0.770283
1.06539,0.933185
1.32499,0.455388
1.30143,0.512374
1.30093,0.591833
1.32788,0.720157
1.60557,0.790942
0.978138,0.702279
0.345682,0.521945
0.659323,0.889538
0.531142,0.54411
0.43116,0.216888
0.535515,0.320259
0.516565,0.822439
0.658056,0.609941
0.116958,0.200611
0.492915,0.326036
0.629769,0.569497
0.62202,0.600131
0.56097,0.580138
0.627515,0.511762
0.686224,0.586827
1.00863,0.531797
0.305086,0.267352
0.286899,0.59069
0.273659,0.98958
0.466979,0.181694
0.184842,0.231819
0.470617,0.233253
0.37181,0.139215
0.407978,0.0934906
0.554556,0.115382
0.546419,0.113312
-0.00192943,0.34003100000000003
0.68013,0.206517
0.654412,0.112347
0.360994,0.252343
0.632535,0.108341
0.657287,0.0909454
0.307661,0.181077
0.330389,0.126428
0.689283,0.310144
0.116258,0.344984
0.330873,0.297907
0.325022,0.228902
0.0846747,0.723984
0.516095,0.278833
0.112627,0.482098
0.275494,0.16025
0.799462,0.224818
0.740431,0.491364
0.686104,0.207452
0.354469,0.198613
0.832676,0.9171
0.662891,0.473348
0.323511,0.317775
0.138881,0.316617
0.344407,0.781289
0.759254,0.553051
0.35212,0.0434968
0.41615,0.178684
0.317701,0.0711788
0.333328,0.310642
0.634622,0.0470913
0.358281,0.0908608
0.417043,0.108003
0.444179,0.31247
0.525742,0.147267
0.619872,0.435896
0.63196,0.455744
0.809302,0.432407
0.844165,0.425328
0.527781,0.930141
0.574283,0.170999
0.299029,0.0152866
0.40714,0.0179566
0.241509,0.0104498
0.307707,0.0147191
0.23731,0.257168
0.0964539,0.139645
0.197104,0.209681
0.232424,0.393898
0.265098,0.21692
0.73679,0.318411
0.686816,0.262066
0.464417,0.325574
0.152462,0.0605682
0.639285,0.414518
0.54409,0.214804
0.546241,0.242061
0.737794,0.275391
0.534497,0.371312
0.443849,0.211306
0.398129,0.209353
0.459337,0.167235
0.516609,0.302342
0.78968,0.411075
0.472162,0.175405
0.550419,0.232199
0.93013,0.535754
0.571078,0.630453
0.727167,0.572
0.247181,0.309032
0.352869,0.664807
0.380213,0.623513
0.357955,0.0363138
0.348784,0.0434418
0.522599,0.0246085
0.640379,0.14942
0.598393,0.513621
0.732815,0.62502
0.54249,0.650948
0.566573,0.631668
0.347233,0.179052
0.391466,0.091015
0.441871,0.125454
0.466432,0.0673036
0.568173,0.0785822
0.278042,0.0867932
0.259289,0.216408
0.455057,0.0107741
0.462831,0.105346
0.321187,0.00564234
0.435543,0.041558
0.337138,0.0469365
0.462332,0.0745687
0.43068,0.0964983
0.0704981,0.458688
-0.0250338,0.553492
0.882077,0.436869
0.567336,0.542626
0.712506,0.667712
0.768171,0.621036
0.793692,0.368672
0.751271,0.978782
0.61552,0.599496
0.147532,0.431756
0.301265,0.360455
0.386537,0.0945483
0.460483,0.245964
0.263627,0.322828
0.377827,0.246439
1.15151,0.983372
1.42631,0.8855
1.05505,0.885307
0.681043,0.436155
0.674378,0.423589
0.769117,0.194281
0.445464,0.184311
0.48155,0.614391
0.196759,0.31463
0.291561,0.972225
0.662321,0.329022
0.818466,0.590865
0.919387,0.517006
0.772324,0.361143
0.526517,0.0976495
0.520175,0.180298
0.291915,0.728602
0.449557,0.375366
0.0756618,0.468739
0.400689,0.0775153
0.489347,0.061461
0.449235,0.0301402
0.46058,0.0700699
0.419213,0.100252
0.381902,0.18561
0.185987,0.132437
0.476133,0.0070781
0.413409,0.00302059
0.38508,0.00363186
0.518051,0.0451657
0.340003,0.00830175
0.0746492,0.398822
0.101566,0.255172
0.19082,0.515349
0.12068,0.294268
-0.191899,0.74633
0.384437,0.256192
0.392537,0.279316
0.549954,0.218121
0.352727,0.0943772
0.25847,0.180669
0.884266,0.665447
0.812138,0.361704
0.721111,0.416163
0.6148,0.1393
0.643451,0.127462
0.43987,0.02817
0.43524,0.0230746
0.390148,0.0467568
0.481056,0.490758
0.35552,0.102887
0.355657,0.0660259
0.388037,0.132589
0.579681,0.121834
0.401564,0.423083
0.823041,0.2004
0.0936666,0.280043
0.399749,0.0578966
0.202813,0.282139
0.546761,0.255578
0.342276,0.187259
0.29671,0.0165149
0.351742,0.0254635
0.461739,0.0176345
0.270844,0.00730986
0.545047,0.0836179
0.253772,0.130706
0.261951,0.0694252
0.550064,0.088549
0.733885,0.198587
0.740408,0.199844
0.697674,0.488656
0.501434,0.205674
0.497757,0.354172
0.106531,0.475646
0.947924,0.53357
0.838994,0.372372
0.634409,0.592249
0.584599,0.371801
0.827725,0.70845
0.787488,0.973348
0.694878,0.387244
0.712656,0.516594
0.460984,0.167886
0.807148,0.275997
0.506315,0.240745
0.604249,0.200825
0.463859,1.11634
0.282043,0.174684
0.456999,0.191556
0.413675,0.802051
0.238895,0.228859
0.329233,0.144284
0.332212,0.133159
1.23824,0.836047
1.46936,1.06205
1.34953,0.889062
1.38772,1.04602
0.286895,0.377468
0.409452,0.573029
0.548047,0.216499
0.222272,0.164953
0.26941,0.444024
0.130248,0.493547
0.445068,0.313008
0.432363,0.16848
0.648244,0.285369
0.621626,0.155548
0.659575,0.224277
0.508987,0.449306
0.236356,0.645988
0.399753,0.0421648
0.110509,0.354843
0.138477,0.325398
0.100223,0.46052
0.0926481,0.46753
0.182939,0.415211
0.240051,0.504864
0.259356,1.12414
0.311032,0.212071
0.538703,0.268683
0.611286,0.205746
0.609289,0.331583
0.678706,0.310209
0.769507,0.639541
0.744617,0.681324
0.829032,0.329871
0.571532,0.660153
0.238954,0.505995
0.45345800000000003,0.25852
0.165001,0.330304
0.333279,0.183201
0.363418,0.137904
0.768548,0.382585
0.771372,0.420004
1.09141,0.681443
1.11166,0.528331
0.364303,0.0526668
0.479949,0.0310866
0.486304,0.0838653
0.258649,0.197846
0.197283,0.219554
0.258838,0.292543
0.527161,0.28838
0.140436,0.522383
0.186898,0.290016
0.471518,0.106358
0.282302,0.0887221
0.374723,0.027809
0.444671,0.0495218
0.380087,0.145906
0.308539,0.0780545
0.840644,0.419067
0.672089,0.442668
0.430565,0.133449
0.61507,0.0752878
0.157927,0.0403155
0.0676538,0.0890758
0.119951,0.268723
0.403097,0.169767
0.860008,0.604797
0.842733,0.444955
0.911705,0.75693
0.55511,0.117019
0.517502,0.199029
0.587952,0.286796
0.611848,0.423061
0.640352,0.628637
0.396313,0.0592448
0.63318700000000006,0.12416
0.184689,0.0137595
0.400234,0.245102
0.376924,0.188884
0.424496,0.289253
0.279131,0.489917
0.644338,0.522565
0.399557,0.718325
0.593551,0.564108
0.217033,0.472319
0.191405,0.236459
0.30462,0.286541
0.28714,0.310194
0.322895,0.56656
0.359746,0.240428
0.306656,0.261671
0.48246,0.243186
0.510696,0.245296
0.371322,0.244608
0.338556,0.0431369
0.248864,0.236016
0.288719,0.452957
0.56602,0.0104676
0.464722,0.019587
0.394094,0.0322433
0.455505,0.0573774
0.261354,0.101456
0.716684,0.054528
0.205295,0.176131
0.662545,0.0394513
0.165405,0.166889
0.226562,0.132804
0.474861,0.294035
0.232086,0.266394
0.324935,0.220883
0.588398,0.74078
0.463659,0.177078
0.606986,0.10894
1.03976,0.362468
0.348553,0.49262
1.13522,0.590835
0.983302,0.542627
0.888183,0.801961
0.893956,0.521849
0.630285,0.605654
0.587762,0.369245
0.953831,0.634768
0.970674,0.798211
1.42747,0.853589
1.63014,1.28879
0.419798,0.15708
0.735123,0.579777
0.802564,0.65608
0.452172,0.381006
0.38728,0.862391
0.381764,0.396352
0.456426,0.22051
0.564529,0.432411
0.350025,0.143775
0.375872,0.573451
0.260949,0.267159
0.155909,0.31128
0.579776,0.160656
0.374144,0.174158
0.305485,0.164407
0.379016,0.332739
0.486485,0.0268015
0.556601,0.264436
0.273417,0.257405
0.320508,0.279262
0.583171,0.247563
0.807349,0.515745
0.840573,0.47541
0.794445,0.157151
0.550949,0.341943
0.4911,0.371246
0.310174,0.0277469
0.37817,0.0571684
0.00129895,0.205999
0.355365,0.111306
0.321894,0.245885
0.691344,0.693513
0.672896,0.588183
0.279872,0.122203
0.33618,0.0929655
0.276059,0.159373
0.445162,0.257301
0.722283,0.266446
0.750789,0.235796
0.878718,0.701182
0.702802,0.448502
0.72355,0.813185
0.732786,1.22729
0.700085,0.955971
0.668084,0.801653
0.742765,0.922628
0.485899,0.251916
0.642474,0.253105
0.636268,0.432025
0.548916,0.643226
0.333839,0.340721
0.380786,0.0601967
0.348213,0.255352
0.237643,0.697218
-0.0112464,0.562481
-0.026321,0.51166
-0.0409079,0.491841
0.576178,0.257647
0.626066,0.247925
0.594408,0.177335
0.83422,0.825771
0.832854,1.02529
0.792034,0.988922
0.861581,0.522825
0.855998,0.676613
0.796275,0.350888
0.731934,0.303532
0.914987,0.642197
0.862735,0.61772
0.677595,0.566065
1.09374,0.694889
1.11034,0.484098
1.13742,0.443795
0.991391,0.371003
0.932135,0.335944
0.787995,0.43986
0.747801,0.583093
1.07321,0.670735
1.61382,0.841216
0.913122,0.531645
0.979352,0.512086
0.8566,0.675626
0.464119,0.203689
0.357787,0.178066
0.180376,0.387741
0.167638,0.418568
0.0656826,0.868524
0.154118,1.07984
0.202355,0.387831
0.492096,0.196203
0.503393,0.119491
0.129421,0.422981
0.594178,0.369203
0.649209,0.779185
0.756614,0.494553
1.10698,0.722897
0.393431,0.123572
0.369938,0.0812408
0.537829,0.0444213
0.3344,0.0265703
0.319612,0.215274
0.96318,0.367634
0.996252,0.360839
1.09856,0.302699
0.194514,0.0325649
0.213979,0.0415971
0.309334,0.125123
0.581401,0.22238
0.477674,0.118486
0.490537,0.143994
0.298192,0.194522
0.323407,0.218867
0.731721,0.473124
0.829556,0.637873
0.819588,0.580839
0.878337,1.04302
0.895615,0.412332
0.935948,0.482183
0.902291,0.330515
1.0251,0.545189
1.02779,0.678691
0.452802,0.180456
0.452059,0.119158
0.543635,0.294368
0.510413,0.135579
0.174699,0.865676
0.238622,0.192994
0.393399,0.0429926
0.465337,0.521946
0.471152,0.130941
0.58311,0.0659842
0.356151,0.388769
0.228656,0.048196
0.301971,0.0753435
0.590059,0.507319
-0.00132473,0.200245
0.00123535,0.367389
-0.0926203,0.214756
-0.0472753,0.399758
0.61581,0.537474
0.00728937,0.582227
0.0704857,0.588948
-0.237905,0.763433
0.399447,0.157336
0.142051,0.345557
0.864491,0.621607
0.533659,0.169861
0.49972,0.218978
0.400427,0.0344415
0.220998,0.250964
0.488272,0.00321914
0.365292,0.0110209
0.47431,0.017214
0.54427,0.311392
0.352692,0.0887559
0.312705,0.0795589
0.263356,0.0830668
0.793543,0.216554
0.387444,0.0581908
0.332323,0.0484559
0.495883,0.0588681
0.416668,0.00798235
0.424706,0.0101148
0.468356,0.0733787
0.551517,0.0907419
0.39737,0.163329
0.501472,0.131453
0.370325,0.0327649
0.215629,0.122649
0.272143,0.10033
0.255011,0.0153884
0.623848,0.327854
0.515171,0.109971
-0.162982,0.770431
0.238765,0.355223
0.457858,0.113802
0.504108,0.13533
0.206699,1.22379
0.15051899999999999,0.405835
-0.0194497,0.302595
-0.130409,1.1003
0.487568,0.252157
0.431173,0.217825
0.338232,0.347048
0.393056,0.203607
0.270663,0.0504883
0.44801,0.0809127
0.289459,0.158661
1.01943,0.488214
1.14249,0.484893
1.01669,0.472028
1.05823,0.878764
0.923295,0.595231
0.29537,0.279022
0.38676,0.143377
0.408646,0.341484
0.520196,0.3521
0.459252,0.339775
0.458511,0.354297
0.522815,0.252871
0.024705,0.71279
-0.0688293,0.800218
-0.0978974,0.402535
-0.0942851,0.410808
-0.0453103,0.91284
0.00577,0.718278
0.375221,0.246904
0.46442,0.35326
-0.210722,0.557214
0.0650008,0.370678
0.209856,0.543928
0.433775,0.386553
0.515626,0.50962
0.761839,0.258381
0.328869,0.0387251
0.552411,0.0775313
0.541483,0.143763
0.503336,0.239225
0.493784,0.471522
0.342001,0.120638
0.196544,0.627557
0.368745,0.274059
0.300527,0.400561
0.462618,0.836832
0.423997,0.127201
0.526928,0.0862378
0.532375,0.457823
0.54499,0.327206
0.889919,0.593057
0.783126,0.501999
0.547529,0.133014
0.424559,0.212189
0.439391,0.18255
0.687498,0.0594597
0.252857,0.197721
0.122354,0.476003
0.0332277,1.10292
0.226824,0.244357
0.861216,0.290615
0.872997,0.219339
0.143448,0.321512
0.250311,0.487605
0.433811,0.524441
0.479862,0.42182
0.691502,0.237561
0.252664,0.0563407
0.393482,0.203845
0.296925,0.296743
0.770641,0.285364
0.900944,0.690481
0.534108,0.0972983
0.613573,0.184513
0.744961,0.268242
0.515423,0.302908
0.548146,0.31176
0.731732,0.217493
0.728927,0.354711
0.431728,0.406877
0.704206,0.434555
0.630612,0.508936
0.88509,0.38702
0.860647,0.595295
0.297396,0.307557
0.0688536,0.178732
0.232654,0.0896716
0.71743,0.795976
0.727622,0.431882
0.73564,0.389605
0.745929,0.400189
0.758895,0.443136
0.591299,0.297337
0.29019,0.233182
0.421464,0.0526017
0.41784,0.0736427
0.261229,0.0370248
0.67651,0.0311144
0.310773,0.025412
0.515346,0.0267168
0.55502,0.0467623
0.601785,0.188106
0.176144,0.42115
0.30046,0.112929
0.471234,0.109806
0.229232,0.126967
0.419442,0.0695836
0.130061,0.0355414
0.368632,0.0101801
0.443677,0.00320241
0.452131,0.00373997
0.487241,0.00323338
0.402037,3.5543e-4
0.272668,6.33685e-4
0.555156,0.00183942
0.216623,0.00214892
0.459328,0.0141576
0.445117,0.0479895
0.424131,0.0452824
0.527897,0.145117
0.630022,0.13558
0.421648,0.121043
0.294784,0.131664
1.13705,0.589929
1.21103,0.522398
1.11284,0.503027
0.537489,0.450201
0.492379,0.0270649
0.181356,0.0290917
0.160543,0.0299646
0.585255,0.118749
0.646339,0.0349486
0.536291,0.197543
0.578596,0.0922637
0.580837,0.113566
0.681607,0.133054
0.740282,0.0683907
0.568351,0.0934863
0.325505,0.030814
0.450425,0.0454968
0.498065,0.283525
0.182346,0.0543834
0.764334,0.169327
0.785334,0.268947
0.397042,0.0975795
0.539936,0.16856
0.492872,0.162149
0.551765,0.111118
0.541948,0.1147
0.518283,0.0487302
0.336596,0.0113196
0.314488,0.84241
0.36234,0.13572
0.333945,0.0273576
0.333761,0.100656
0.380378,0.145255
0.847344,0.30466
1.25931,0.913399
0.926369,0.329557
0.866048,0.318076
0.486866,0.421439
0.404082,0.110625
0.225545,0.233022
0.0467432,0.713314
0.0162259,0.845075
-0.0655824,0.669764
-0.0912918,0.938095
-0.0867718,1.13179
-0.107319,0.825395
0.0655446,1.04738
0.0142943,0.803543
0.0380782,0.970893
0.37266,0.195977
0.332512,0.242429
0.433866,0.189533
0.602705,0.363411
0.541053,0.411684
0.693248,0.672967
0.425963,0.310572
0.697545,0.619583
0.87221,0.697545
0.0614952,0.406633
0.165245,0.561437
0.039353,0.507453
0.0055251,0.640836
-0.0278343,0.600154
-0.0332654,0.53797
-0.237088,1.37533
-0.275383,0.906724
-0.237726,0.916651
-0.247929,1.24616
-0.0816425,0.705782
0.587747,0.0407177
0.366861,0.231222
0.430615,0.132634
0.428278,0.704233
0.227337,0.0944269
0.6844,1.31056
0.282692,0.0761947
0.486668,0.0187001
0.680247,0.23667
0.794509,0.688552
0.827836,0.909959
0.729848,0.0305962
0.454894,0.0122082
0.427059,0.0129665
0.397725,0.010332
0.499616,0.0478995
0.4161,0.518691
0.934011,0.749759
0.102184,0.445447
0.065945,0.372897
0.261792,0.236273
0.138903,0.254258
0.289353,0.111115
0.265737,0.174237
0.222883,0.0544017
0.357663,0.12343
0.163872,0.0676898
0.287204,0.0269732
0.728718,0.193
0.721631,0.147903
0.391376,0.111794
0.339484,0.0635753
0.122787,0.122193
0.544697,0.189447
0.614789,0.0612024
0.406662,0.0994945
0.591083,0.0395758
0.413612,0.0985045
0.164515,0.184867
0.312912,0.17846
0.313402,0.0283703
0.440451,0.0871185
0.546087,0.0325113
0.258197,0.12649
0.270813,0.0754524
0.67884,0.608696
0.81463699999999994,0.456716
0.504255,0.311088
0.532916,0.502317
0.593808,0.959354
0.351873,0.530887
0.11731,0.322591
0.171468,0.406712
-0.148847,0.347994
0.239545,0.469538
0.273122,0.31125
0.244944,0.465933
0.220383,0.267342
0.191105,0.278111
0.287244,0.391525
0.271851,0.28204
-0.293383,0.554239
-0.153157,0.600954
-0.00932333,0.436548
-0.443033,0.913405
0.611573,0.308305
0.623156,0.36118
0.444433,0.283308
0.576871,0.252824
0.6717,0.195982
0.703004,0.390423
0.683898,0.266657
0.714834,0.532178
0.742272,0.362379
0.584659,0.151665
0.341773,0.736426
0.2756,0.726902
-0.0885842,0.534078
-0.0181605,1.00126
0.373229,0.17265
0.445271,0.210885
0.353485,0.450019
0.360806,0.231164
0.287803,0.322054
0.190549,0.441238
0.236719,0.124535
0.714024,0.0996384
0.482762,0.0226097
0.376347,0.0306303
0.467055,0.135434
0.410985,0.298707
0.460677,0.0653376
0.408003,0.0426843
0.534949,0.100798
0.501491,0.129601
0.758126,0.181753
0.428656,0.223298
0.657927,0.13619
0.526157,0.0705962
0.48128,0.213805
0.332716,0.0487939
0.401114,0.0478081
0.274676,0.0540077
0.590477,0.0994481
0.427368,0.163007
0.263934,0.311242
0.266377,0.313226
0.55697,0.0297436
0.158607,0.0319806
0.495315,0.0419093
0.31512,0.152286
0.366312,0.127896
0.442746,0.0446086
0.188519,0.120574
0.235942,0.400414
0.456108,0.16151
0.295786,0.013797
0.379635,0.119041
0.221838,0.0637389
0.453398,0.123176
0.410885,0.0933326
0.268849,0.169326
0.364658,0.035531600000000003
0.567032,0.0967823
0.593988,0.0327097
0.158397,0.0534196
0.330641,0.155842
0.248066,0.220985
0.335922,0.075695
0.460844,0.0926349
0.541598,0.158923
0.376036,0.0476717
0.424881,0.249368
0.478662,0.231236
0.475486,0.332584
0.502421,0.321165
0.512641,0.361881
0.526866,0.481738
0.685584,0.737575
0.464966,0.383233
0.256155,0.623564
0.272741,0.705224
0.185858,0.98982
0.208271,0.567885
0.0315917,0.728054
0.323862,0.459689
0.0209766,0.619391
0.466324,0.736669
0.559388,0.218507
0.392415,0.481792
0.296443,0.229102
0.317865,0.29519
0.31828,0.579989
0.223375,0.45874
0.397685,0.574217
0.307598,0.331949
0.532642,0.35968
0.621894,0.550254
0.833611,0.302091
1.0106,0.416731
1.09949,0.506247
1.02351,0.738606
0.809969,0.631389
0.94607,0.364212
0.778225,0.353025
1.06376,0.449373
1.35524,0.965674
1.25152,0.764273
1.26474,0.717217
0.874163,0.418536
0.838181,0.306111
0.190602,0.810198
0.205092,0.706104
0.0224431,0.54276
-0.124791,0.760036
0.716608,0.545005
0.584323,0.780559
0.574817,0.790649
0.620026,0.521985
0.499002,0.444929
0.51977,0.219549
0.515614,0.341875
0.934283,0.84974
1.13946,0.575466
1.22074,0.732175
0.882917,0.404019
0.852917,0.531025
0.969916,0.452983
0.817167,0.585663
0.741411,0.442049
0.797136,0.499992
0.616256,0.234652
0.50482,0.466062
0.558683,0.546483
0.597856,0.42277
0.865916,0.463843
0.679712,0.194978
0.432329,0.735278
0.341935,0.532283
0.344631,0.444458
0.107567,0.363344
0.0182883,0.726455
0.155836,0.475031
0.621047,0.501026
0.611607,0.347134
0.569421,0.136504
0.869502,0.697928
0.86556,0.889374
1.02156,0.728656
0.966003,0.624443
0.663607,0.474306
0.634706,0.401994
0.756352,0.367395
0.821357,0.442246
0.761255,0.350479
0.729995,0.460268
0.626011,0.37762
0.752129,0.261956
0.306499,0.072531
0.435042,0.0296639
0.584457,0.0571405
0.646656,0.0767135
0.439224,0.146352
0.436652,0.335399
0.440313,0.304875
0.501708,0.352498
0.230222,0.337734
0.366648,0.621445
0.417906,0.0313478
0.144174,0.0824004
0.513523,0.404755
0.646178,0.0101153
0.563567,0.00770207
0.166031,0.00406078
0.671917,0.00342783
0.203603,0.0626217
0.617679,0.0726053
0.519741,0.0160783
0.248208,0.149442
0.456302,0.012675
0.339804,0.0243744
0.420933,0.197951
0.559214,0.0502778
0.253207,0.239836
0.223341,0.22917
0.362282,0.157173
0.371336,0.297855
0.120777,0.774286
0.515646,0.331427
0.569019,0.227865
0.278372,0.270504
0.428682,0.172559
0.422875,0.280287
0.465152,0.237817
0.444745,0.195913
0.220695,0.198639
0.525463,0.324878
0.11187,0.36559
0.900515,0.318414
1.3499,0.715431
1.04611,0.741929
1.08262,0.5775
1.15361,0.514749
1.18245,0.512443
1.20734,0.474304
1.2611,0.525503
1.26476,0.581214
0.903347,0.503699
1.07035,0.7917
0.390533,0.408578
0.308931,0.00745253
0.307008,0.00859264
0.597842,0.149078
0.471201,0.174717
0.541995,0.209654
0.406294,0.144811
0.291442,0.146819
1.25953,0.65507
0.796834,0.49348
0.76739,0.361104
0.216156,0.47671
0.189641,0.404636
0.297079,0.386838
0.248039,0.304097
0.267614,0.323458
0.384353,0.946605
0.401467,0.832032
0.603694,0.339248
0.566114,0.339385
0.372741,0.777711
0.418793,1.17512
0.44377,0.78374
0.514557,1.31816
0.34646,0.205418
0.460959,0.244642
0.107759,0.577121
0.0208855,0.797291
0.0604533,0.746679
0.280476,0.360925
0.40683,0.243521
0.363187,0.697123
0.749827,0.653834
0.83725,0.767879
0.79709700000000006,0.513966
0.491483,0.678477
0.282492,0.493766
0.72895,0.901586
0.66914,0.667101
0.5939,0.580198
0.350286,0.169167
0.197631,0.284265
0.258184,0.343203
0.132309,0.494745
0.21384,0.609372
0.266061,0.475352
0.778259,0.648977
0.723429,0.791615
0.62246,0.233366
0.677108,0.398742
0.445544,0.548326
0.435856,0.539128
0.725858,1.07465
0.451256,0.0744646
0.402399,0.036733
0.299752,0.0882645
0.492645,0.100744
0.449582,0.472794
0.344422,0.00662777
0.304083,0.00844234
0.363017,3.39023e-4
0.477303,0.00297959
0.346175,0.00754324
0.500012,0.0371826
0.356221,0.324951
0.383454,0.298441
0.675384,0.564318
0.431068,0.0669706
0.464186,0.0635111
0.63947,0.0762855
0.674779,0.0631548
0.394153,0.0367244
0.433161,0.022667
0.359624,0.16774
0.912658,0.608029
0.631078,0.471282
0.764778,0.591461
0.807435,0.745093
0.309873,0.134937
0.47861,0.276049
0.456645,0.289666
0.483615,0.193611
0.402347,0.0520816
0.508284,0.00808659
0.580846,0.00607219
0.615667,0.00708046
0.694484,0.0101832
0.689098,0.00981987
0.629074,0.00805896
0.198825,0.0524482
0.561961,0.0344849
0.422376,0.0190256
0.187748,0.179724
0.349818,0.176384
0.324058,0.330023
0.504929,0.100727
0.332379,0.132965
0.511196,0.145588
0.389723,0.0441832
0.278061,0.133419
0.20046,0.124253
0.650454,0.230365
0.654742,0.168714
0.630607,0.340796
0.606764,0.159889
0.366538,0.111825
0.289744,0.0994327
0.433452,0.20343
0.438405,0.453957
0.484011,0.111514
0.33052,0.0802192
0.439754,0.0570656
0.303706,0.241566
0.46861,0.159198
0.396684,0.0423388
0.269833,0.0485115
0.170264,0.0420205
0.590845,0.543648
0.313415,0.0111193
0.50952,0.00206513
0.366318,0.0413661
0.40381,0.121096
0.46326,0.155641
0.618403,0.524525
0.381155,0.0987851
0.324942,0.0463426
0.462431,0.218258
0.45688,0.516809
0.664373,0.673707
0.29071,0.405369
0.335658,0.259285
0.241674,0.611524
0.278821,0.415755
0.623934,0.383538
0.909703,0.605482
0.886907,0.377016
0.985916,0.886608
0.941079,0.921435
0.554774,0.171891
0.481836,0.301797
0.63258,0.184164
0.486898,0.690074
0.52956,0.289846
0.317537,0.165335
0.458057,0.108181
0.403474,0.104657
0.674377,0.233901
0.567599,0.188733
0.825237,0.633015
0.707876,0.192109
0.201885,0.11624
0.247581,0.136649
0.475826,0.180013
0.471498,0.341773
0.306984,0.405208
0.512656,0.298824
0.427341,0.280354
0.111797,0.340689
0.346406,0.119736
0.309285,0.0856438
0.528733,0.012822
0.52991,0.0491041
0.400467,0.541071
0.49465,0.306835
0.221517,0.382969
0.30017,0.728049
0.411632,0.645117
0.535162,0.559463
0.540792,0.531104
0.309635,0.525895
0.341255,0.434096
-0.142748,0.30415
0.183995,0.276986
0.32445,0.214238
0.251475,0.566359
0.341042,0.617124
0.47376,0.161412
0.414341,0.0713923
0.446278,0.152463
0.355042,0.382728
0.430221,0.14069
0.559526,0.352622
0.459431,0.311015
0.730458,0.438084
0.820339,0.51153
0.775381,0.316503
0.788306,0.500878
0.513874,0.0428919
0.273562,0.0613561
0.515905,0.187092
0.577414,0.235526
0.71071,0.172701
0.709423,0.647432
0.430644,0.371045
0.639726,0.745089
0.296928,0.197626
0.365131,0.078288
0.316781,0.047407
0.480651,0.00970761
0.279282,0.0128308
0.177967,0.0135581
0.197497,0.0149209
0.813139,0.136618
0.813169,0.41490899999999997
0.859832,0.388919
0.482436,0.450784
0.54207,0.494992
0.251712,0.881913
0.308441,0.114197
0.242396,0.373294
0.143,0.580452
0.682159,0.294658
0.566829,0.29077
0.455115,0.103293
0.58216,0.119242
0.776603,0.844623
0.463434,0.17271
0.425183,0.0300988
0.433068,0.0104652
0.343723,0.0175517
0.335788,0.033081
0.412137,0.348342
0.365545,0.367687
0.419345,0.339776
0.290127,0.178602
0.315154,0.0624984
0.284594,0.0389544
0.47345,0.0250695
0.106692,0.0330833
0.382557,0.0976806
0.401933,0.154652
0.396524,0.616693
0.403615,0.548021
0.423083,0.199326
0.391578,0.0201883
0.42448,0.100429
0.395048,0.154369
0.421167,0.0209074
0.309767,0.0365137
0.397617,0.118778
0.33293,0.0604127
0.537955,0.0886391
0.12392,0.096476
0.313529,0.10577
0.314972,0.0507401
0.539903,0.137258
0.378677,0.107064
0.868892,0.260315
0.904416,0.313777
0.761639,0.437932
-0.158621,0.63562
-0.208454,0.777443
-0.208445,0.591277
-0.239524,0.957965
-0.0143096,0.546424
-0.233258,0.651882
0.0640438,0.495987
-0.0367489,0.773071
0.0562938,0.525195
0.670842,0.163785
0.447632,0.202385
0.193077,0.088985
0.188479,0.0683801
-0.128004,0.182222
0.553302,0.118959
1.1049,1.03112
0.416665,0.0716527
0.589422,0.617762
1.26604,0.597476
0.384842,0.238543
0.369653,0.173821
0.47693,0.547551
0.0173383,0.334782
0.048621,0.308119
0.0883588,0.207061
0.126421,0.225276
0.415514,0.121627
0.411693,0.277235
0.657032,0.534447
0.554405,0.254772
0.537831,0.225861
0.54655,0.576577
0.840362,0.636923
0.502762,0.120285
0.259607,0.107592
0.684058,0.118849
0.369176,0.0963593
0.358153,0.385164
0.491528,0.150055
0.384125,0.00786754
0.350922,0.514496
0.384849,0.25378
0.352151,0.0983575
0.352162,0.0950091
0.228943,0.0869781
0.519465,0.00201279
0.298343,0.0209867
0.350191,0.0371533
0.348448,0.0502048
0.46314,0.0527467
0.214248,0.106721
0.312296,0.133655
0.448842,0.139211
0.428075,0.0703662
0.479257,1.07866
0.626309,0.125797
0.417231,0.138809
0.358232,0.129496
0.511735,0.0329675
0.460245,0.10121
0.399665,0.117171
0.615497,0.0988133
0.141007,0.466372
-0.00299142,0.356202
0.0300921,0.485697
0.335299,0.223161
0.341108,0.0843255
0.353149,0.1618
0.368487,0.0344502
0.424477,0.0463681
0.43186,0.0192868
0.371625,0.00359901
0.340324,0.0219488
0.52756,0.0510533
0.420733,0.0298532
0.414971,0.235515
0.484185,0.135432
0.444439,0.411621
0.40445,0.0295518
0.437803,0.00328502
0.395824,0.0718515
0.313056,0.365285
0.542602,0.220443
0.537675,0.0978785
0.569979,0.130397
0.413946,0.118718
0.362166,0.00775805
0.66154,0.00201403
0.296704,0.00948024
0.464074,0.0547858
0.413916,0.132808
0.411743,0.023726
0.442816,0.100296
0.367632,0.17518
0.558841,0.356449
0.398541,0.207527
0.579849,0.221425
0.496215,0.303479
0.450495,0.37849
0.457204,0.452039
0.054375,0.175609
0.370597,0.804178
0.463028,0.47205
0.406867,0.0439492
0.545335,0.23108
0.519571,0.207317
0.489273,0.280325
0.476001,0.207841
0.304541,0.0505686
0.36461,0.147987
0.565394,0.110019
0.454257,0.0902212
0.245572,0.0673068
0.348307,0.0541446
0.479646,0.367567
0.486364,0.443553
0.48801,0.0434794
0.48122,0.215407
1.04896,0.468042
1.2895,0.678597
1.44278,0.695366
1.53463,0.578431
1.363,0.626359
1.44432,0.571529
1.38451,0.548083
1.40287,0.705587
1.23724,0.581637
1.00196,0.753807
0.953892,0.627086
1.01496,0.713277
0.747211,0.570467
0.779771,0.375857
0.812038,0.57989
0.82276,0.535991
0.652946,0.874465
0.291217,0.188884
0.74757,0.430392
0.720824,0.48957
0.625619,0.53018
0.618648,0.483819
0.32515,0.159558
0.335674,0.0140424
0.378926,0.12988
0.455994,0.109268
0.459808,0.134584
0.284484,0.0755083
0.699439,0.26242
0.839285,0.322377
0.389827,0.0235059
0.425997,0.00373164
0.573427,0.00714315
0.250089,0.00508498
0.227442,0.0055341
0.755725,0.563802
0.796889,0.347936
0.884994,0.492325
0.498046,0.129531
0.957629,0.584351
0.932469,0.374003
0.957673,0.327145
0.979034,0.552577
1.36923,0.696525
1.39122,0.680144
1.3609,0.64628
0.968599,0.670079
0.738252,0.586534
0.734336,1.02599
0.717116,0.252359
0.24669,0.336079
0.204352,0.642125
0.0781357,0.593992
0.0615202,0.516103
0.218853,0.492081
0.105119,0.104274
0.188984,0.00108483
0.37874,0.00413003
0.378289,0.00597685
0.335567,0.00704666
0.508731,0.00516137
0.366769,0.318616
0.471621,0.191654
0.403382,0.616811
0.418184,0.0274988
0.417342,0.031573
0.600213,0.033692
0.321806,0.0109668
0.57496,0.191604
0.539525,0.113574
0.599627,0.0868961
0.531331,0.108608
0.19571,0.12014
0.264797,0.332847
0.369832,0.0956765
0.337618,0.245391
0.375433,0.2394
0.36764,0.392195
0.517131,0.449159
0.444814,0.290393
0.46831,0.150078
0.585991,0.310354
0.0324647,0.581429
0.206712,0.590575
0.253941,0.415418
0.312493,0.253656
0.46082,0.11763
0.494476,0.111023
0.418057,0.095432
0.714019,0.376148
0.608371,0.248267
0.937663,0.843587
0.246569,0.40325
0.138245,0.320267
0.142328,0.212585
0.652559,0.263893
0.233356,0.021845
0.356403,0.0262849
0.235914,0.171588
0.078587,0.183515
0.0617127,0.551088
0.537623,0.0617943
0.489926,0.0521602
0.638699,0.163963
0.65026,0.319436
0.64495,0.315522
0.377201,0.0376629
0.324887,0.0317896
0.52596,0.0346296
0.339111,0.0908644
0.552313,0.092444
0.248332,0.222944
0.456149,0.173155
0.468043,0.1817
0.222369,0.0756125
0.11094,0.0576231
0.645704,0.0913552
0.271038,0.198247
0.479259,0.0761436
0.489414,0.245637
0.360754,0.195346
0.531371,0.408704
0.556262,0.346966
0.429014,0.402709
0.513269,0.0418966
0.30755,0.0921451
0.575072,0.440152
0.490488,0.188841
0.251886,0.180322
1.01014,0.401061
0.330616,0.639071
0.423484,1.04004
0.280325,0.739057
0.368469,0.160491
-0.140973,1.00766
0.341131,0.205085
0.338225,0.297076
0.268501,0.0179644
0.355942,0.00361809
0.277234,0.0636624
0.46697,0.114274
0.33635,0.841245
0.373746,0.36642
0.36799,0.423479
0.224745,0.306961
0.863858,0.830109
0.597145,0.298283
0.309896,0.65891
0.399159,0.386274
0.414167,0.370966
0.280176,0.472823
0.473651,0.0603858
0.287282,0.162364
0.441234,0.271853
0.260491,0.246264
0.264159,0.466478
0.879955,0.334822
0.922085,0.606538
0.663036,0.485182
0.680532,0.280361
0.702136,0.294598
0.555164,0.189976
0.322844,0.0165354
0.523857,0.0368456
-0.0915967,0.565464
-0.254397,1.17864
0.553368,0.0976309
0.406572,0.0591297
1.43933,1.11166
1.4209,1.10584
1.39369,0.646296
0.212145,0.161997
0.181406,0.297321
0.572192,0.383854
0.800085,0.58144
0.813668,0.272096
1.11859,0.81731
0.939052,0.782923
0.971583,0.552411
0.542117,0.360531
0.579971,0.429528
0.547423,0.228389
0.525171,0.427977
0.486254,0.0631329
0.43807,0.276419
0.55225900000000006,0.270047
0.544492,0.234713
0.252782,0.385849
0.459109,0.0989768
0.393548,0.0128937
0.34479,0.0523632
-0.216977,0.6431
0.359137,0.017796
0.589124,0.0224428
0.233774,0.0251552
0.262315,0.020526
0.405409,0.0240038
0.535764,0.119348
0.294395,0.120311
0.453822,0.0824207
0.151814,0.0472635
0.240531,0.142278
0.353974,0.0680441
0.0826593,0.277573
0.0114489,0.415624
0.362644,0.287636
0.399331,0.240929
0.237539,0.282323
0.368183,0.012952
0.96619,0.695241
0.939377,0.843097
0.701475,0.368333
0.699252,0.238411
0.749784,0.342284
0.776271,0.271167
0.502816,0.252647
0.776349,0.56011
0.456177,0.092459
0.515528,0.388943
0.499961,0.201614
0.54675,0.0826546
0.469551,0.138587
0.438798,0.0676691
0.454546,0.077634
0.595017,0.0726205
0.399135,0.103343
0.382432,0.133856
0.408381,0.141452
0.391372,0.036568
0.445726,0.0745835
0.373612,0.223638
0.412671,0.125959
0.491111,0.216961
0.415323,0.158282
0.634166,0.0535689
0.2676,0.0187707
0.462383,0.0358721
0.391,0.260764
0.329523,0.112214
0.207773,0.0767751
0.225417,0.0753199
0.424256,0.171262
0.432338,0.176744
0.522013,0.434122
0.566903,0.592685
0.394345,0.37381
0.134387,0.902617
0.740479,0.237935
0.322688,0.138971
0.43655,0.290813
0.748065,0.226879
1.03035,0.642807
0.67623,0.390563
0.344386,0.159446
0.223251,0.245836
0.166273,0.300319
-0.04951,0.530834
0.179724,0.577928
0.211221,0.53852
0.273264,0.545264
0.247948,0.515871
0.492407,0.0937917
0.621163,0.162686
0.34134,0.0291936
0.462823,0.162705
0.547623,0.157666
0.55225,0.222662
0.588451,0.234685
0.508476,0.143076
0.508879,0.0876225
0.47665,0.0792178
0.406469,0.220026
0.495529,0.225485
0.340478,0.164253
0.535736,0.160706
0.51796,0.204374
0.532127,0.14357
0.690999,0.24427
0.349545,0.313283
0.350738,0.264211
0.346291,0.555906
0.377853,0.454118
0.187608,0.210059
0.535459,0.220463
0.477584,0.112641
0.496525,0.0923023
0.42205,0.0986334
0.292813,0.0834047
0.709222,0.231836
0.470084,0.258023
0.492888,0.283231
0.300674,0.348933
0.275257,0.9216
0.471524,0.269329
0.577957,0.347097
0.759596,0.247187
0.839043,0.823141
0.868566,0.846457
1.00514,0.708942
0.913304,0.44481
0.515835,0.554634
0.528739,0.270333
0.495582,0.145359
0.367029,0.794184
0.588159,0.119953
0.624198,0.153098
0.420768,0.802609
0.615512,0.357577
0.645198,0.658477
0.738783,0.517035
0.777809,0.498978
0.171767,0.215421
0.67636,0.329523
0.785751,0.296663
0.325041,0.427216
0.316096,0.76379
0.425324,1.22349
0.384374,0.248855
0.59878,0.30361
0.58774,0.309651
0.604663,0.464969
0.57373,0.588363
0.513061,0.345696
1.25244,0.763502
1.21431,0.726065
1.18884,0.935528
1.25453,0.557364
1.17158,1.16242
0.743626,0.540987
0.77494,0.338328
0.43884,0.27554
-0.366623,1.05586
-0.481295,1.07361
-0.492838,0.753528
-0.522973,1.1216
0.047079,0.815279
0.534117,0.66051
1.02479,0.763055
1.05831,0.57377
0.944008,0.862916
0.583919,0.463487
0.393776,0.1608
0.27383,0.0832133
0.656045,0.168527
0.760794,0.4629
0.267829,0.378049
0.361745,0.179679
0.350471,0.164907
0.633462,0.608003
0.563748,0.297994
-0.0386228,0.528397
0.180097,0.290739
1.14643,0.789226
0.824779,0.385181
0.832865,0.313513
0.994543,0.577216
0.91673,0.547456
0.490937,0.252883
0.542224,0.345874
0.506544,0.376098
0.139483,0.129519
0.168826,0.203936
0.65856,0.430943
0.378272,0.0566997
0.760476,0.329409
0.844229,0.207065
0.853724,0.390268
0.829189,0.734824
0.749526,0.582077
0.547204,0.403459
0.824983,0.888317
0.729017,0.45148
0.769727,0.410444
0.634327,0.484273
0.627361,0.43227
0.501272,0.278411
0.336477,0.46586
0.371103,0.387345
0.460698,0.0328144
0.456707,0.206338
0.652067,0.267077
0.579642,0.234922
0.574077,0.230142
0.360757,0.0680165
0.504075,0.14685
0.425533,0.634371
0.39993,0.249737
0.42694,0.220702
0.520627,0.847126
0.358531,0.00363008
0.421781,0.00303643
0.368567,0.0290826
0.162483,0.290604
0.0912903,0.301295
0.163606,0.281211
0.227571,0.503367
0.402182,0.38203
0.38003,0.248992
0.331736,0.399667
0.263045,0.294388
0.427335,0.392104
0.211523,0.174627
0.682442,0.450114
0.311764,0.0603494
0.354072,0.278634
0.393962,0.0900861
0.735518,0.260263
0.541202,0.376454
0.841276,0.576219
0.641458,0.674422
0.648993,0.676376
0.482058,0.447806
1.02254,0.687294
0.937503,0.73295
0.632982,0.353161
0.473592,0.082375
0.49181,0.095469
0.233052,0.624928
0.457341,0.100329
0.918403,0.419685
0.821333,0.468793
0.738353,0.480346
0.672115,0.513601
0.622041,0.0766775
0.71358,0.170063
0.566682,0.184775
0.437717,0.570806
0.519242,0.187226
0.897519,0.672747
0.641285,0.373495
0.824386,0.395157
0.0437304,0.38305
0.259966,0.963496
0.471456,0.37578
0.511159,0.412821
0.577596,0.314685
0.692314,0.358999
0.574997,0.565125
0.785537,1.34033
0.749051,0.913881
0.716206,1.06686
0.758518,0.59147
0.779341,0.80435
0.657219,0.405199
0.58555,0.464281
0.268592,0.109491
0.599228,0.132725
0.185578,0.0971565
0.238456,0.118893
0.446018,0.165343
0.566232,0.187071
0.176577,0.423803
0.704327,0.279401
0.29788,0.14516
0.466824,0.594295
0.311653,0.704545
0.522613,0.352135
0.512468,0.250774
0.363428,0.113517
0.570651,0.217627
0.26212800000000003,0.135405
0.202942,0.143988
0.674098,0.158506
0.747515,0.148581
0.611365,0.603806
0.250461,0.207732
0.424994,0.864378
0.428406,1.05914
0.44205,0.838256
0.341522,0.361305
0.455087,0.407652
0.578057,0.416592
0.321268,0.804828
0.351103,0.366851
0.741499,0.41753
0.670619,0.241653
0.863981,0.216304
0.857202,0.210164
0.549243,0.0287971
0.241004,0.0332067
0.58646,0.0204947
0.279753,0.0610482
1.06408,0.697924
0.238186,0.0683736
0.587911,0.135399
0.422132,0.041228
0.548996,0.299617
0.532277,0.202817
1.31042,1.20472
1.49017,0.641023
1.52825,0.682578
0.94872,0.564932
1.04361,0.844714
0.906094,0.643046
0.532106,0.491038
0.260459,0.216183
0.283373,0.106125
0.328563,0.187232
0.347934,0.154474
0.5984,0.0791043
0.521937,0.12667
0.399551,0.200229
0.355884,0.168256
0.479758,0.243731
0.311267,0.210339
0.219351,0.428568
0.632923,0.295519
0.672021,0.655513
0.579436,0.188556
0.553249,0.158085
0.322206,1.02228
0.303794,0.403644
0.291186,0.420472
0.28661,0.304667
0.394211,0.209567
1.16215,0.571432
0.386046,0.353377
0.344787,0.226434
0.263849,0.071663
0.44126,0.0311659
0.299477,0.0556295
0.47524,0.928149
0.489057,1.04779
0.228676,0.160743
0.541828,0.68663
0.856284,0.471967
0.903972,0.373639
0.91351,0.318312
0.772092,0.323209
0.792668,0.363467
0.304984,0.297973
0.246318,0.752252
0.35033,2.01679
0.367768,0.902847
0.764057,0.313578
0.804963,0.906582
0.17683,0.460776
0.650115,0.252974
0.472763,0.41405
0.598783,0.107055
0.54758,0.127069
0.720251,0.440532
0.548527,0.113808
0.710587,0.212842
0.622059,0.0974162
0.221748,0.305748
0.222296,0.311587
0.249384,0.415698
0.287439,0.0188843
0.24699,0.184374
0.521776,0.245973
0.607783,0.627736
0.488161,0.296973
0.753045,0.151741
0.36325,0.718098
0.298851,0.757611
0.54612,0.397536
0.542348,0.317661
0.507021,0.323784
0.628546,0.340206
0.630004,0.341549
0.582717,0.0813824
0.529767,0.28919
0.632055,0.232073
0.367696,0.0138691
0.425628,0.104361
0.352542,0.0572141
0.412349,0.107569
0.415781,0.332588
0.387649,0.128696
0.135039,0.132923
0.420969,0.179548
0.527254,0.139194
0.904446,0.566071
0.753156,1.03319
0.817816,0.756224
0.840107,1.09992
0.784691,0.449666
1.10254,0.929997
1.37795,0.609495
1.48773,0.55849
0.459544,0.55118
0.127664,0.192471
0.205037,0.460251
0.138104,0.372175
0.538309,0.265298
0.518612,0.587166
0.280362,0.210728
0.435293,0.172464
0.519768,0.109108
1.23721,0.834112
1.43759,0.662038
1.41135,0.96218
0.538739,0.230743
1.20759,0.775648
1.03129,0.721728
0.83727,0.702879
0.815125,0.71647400000000006
0.281499,0.104332
0.524397,0.323488
0.547821,0.316011
0.473574,0.64613
0.352587,0.276041
0.390936,0.0585764
0.440157,0.050441
0.429327,0.222117
0.518713,0.149774
0.38968,0.0675446
0.418097,0.00949562
0.476074,0.00942167
0.369318,0.00646791
0.389119,0.00443838
0.378937,0.0188418
0.450112,0.207907
0.437219,0.345664
0.625262,0.0870084
0.462109,0.257033
0.452932,0.259853
0.463709,0.0257908
0.402553,0.12123
0.376904,0.149593
0.614872,0.0294208
0.171798,0.0107084
0.403181,0.0120696
0.575686,0.152703
0.552651,0.134928
0.643146,0.228028
0.568482,0.217705
0.227548,0.427766
0.712059,0.38042
0.16974,0.875612
0.237673,0.134658
0.382575,0.134826
0.887729,0.36565
1.06072,0.402908
0.60196,0.656805
0.515741,0.45699
0.569526,0.428037
0.579773,0.498907
0.349724,0.131156
0.58932,0.329069
0.528904,0.279581
0.58655,0.328323
0.547976,0.254063
0.791855,0.367231
0.860276,0.595432
0.556726,0.169944
0.589803,0.361021
0.580496,0.3729
0.5806,0.532021
0.49841,0.0393754
0.391923,0.0134712
0.462815,0.0102831
0.431187,0.0066066
0.489321,0.0109066
0.475083,0.0374771
0.359896,0.0210984
0.413474,0.194364
0.386758,0.0603974
0.422432,0.0147671
0.271758,0.0111072
0.450252,0.00462255
0.264165,0.146256
0.317219,0.120882
0.342803,0.120607
0.321751,0.230813
-0.134851,0.799515
-0.138986,0.773097
0.0626664,0.325323
0.00433601,0.242477
0.326467,0.154401
0.493767,0.213707
0.267415,0.0461418
0.18007,0.14606
0.186906,0.150977
0.681015,0.0538717
0.236855,0.0746663
0.491288,0.0415279
0.268892,0.0566207
0.282236,0.0737477
0.405768,0.0148654
0.450439,0.00854864
0.399462,0.00141683
0.482788,1.58979e-4
0.312313,0.00135425
0.447579,0.170592
0.515584,0.0905813
0.349976,0.0383152
0.347077,0.0363014
0.820519,0.479594
0.858332,0.962547
0.849021,0.473166
0.877337,0.399668
0.96079,0.414787
0.983194,0.240187
0.967268,0.28505
0.877151,0.457144
0.875082,0.90962
0.968552,0.855953
0.595447,0.376652
0.432905,0.469633
0.461839,0.650237
0.491884,0.298013
1.20111,0.436521
0.915206,0.537366
0.12433,0.310689
0.40309,0.108349
0.479342,0.136368
0.424802,0.147314
0.518164,0.136871
0.50847,0.439118
0.271192,0.0295845
0.408161,0.269709
0.38802,0.0406353
0.914139,0.435798
0.885667,0.344431
0.77326,0.586978
-0.359904,0.957105
-0.60222,0.915294
0.939998,0.682672
0.699642,0.945303
0.473197,0.18469
0.463835,0.296953
0.462543,0.335789
0.362722,0.092515
0.730917,0.423516
0.575677,0.131096
0.642417,0.253728
0.294004,0.0567192
0.391166,0.0491497
0.293128,0.0482084
0.538519,0.25151
-0.263314,0.599103
-0.238123,0.94557
0.512605,0.522494
0.700078,0.326668
0.56629,0.451907
0.638982,0.0782976
0.821644,0.0965738
0.743818,0.142207
0.499276,0.140221
0.328134,0.155319
0.345533,0.123145
0.655562,0.276496
0.511583,0.0399118
0.323246,0.0148099
0.568827,0.0166976
0.436603,0.0119064
0.404572,0.0204013
0.342444,0.242087
0.7445,0.421631
0.706537,0.467711
0.7924,0.491315
0.791043,0.273967
0.271794,0.37543
0.418193,0.3845
0.403273,0.431947
0.486685,0.00140602
0.478818,0.00132695
0.330419,0.030829
0.529629,0.0415308
0.324721,0.00764025
0.463424,0.512719
0.366948,0.105031
0.398471,0.0763064
0.569585,0.310507
0.564816,0.0850238
0.548751,0.216312
0.431943,0.0699905
1.18546,0.746946
0.440603,0.0729983
0.128907,0.186218
0.304629,0.175314
0.430397,0.121723
0.296136,0.114281
0.671409,0.133379
0.24525,0.0551466
0.539238,0.216438
0.365279,0.0470812
0.510085,0.143439
0.609959,0.416706
0.396785,0.071347
0.453923,0.0882615
0.787591,0.445218
0.835965,0.903868
0.357021,0.184059
0.220618,0.123768
0.329619,0.0913562
0.312393,0.0965179
0.515515,0.138991
0.565546,0.234593
1.50984,0.820938
0.985188,0.553332
1.1415,0.786499
1.15801,0.725638
1.20041,0.56365
0.211855,0.0430551
0.342129,0.0628116
0.38553,0.042886
0.349162,0.117698
0.305091,0.237261
0.346127,0.193821
0.28372000000000003,0.592677
0.0657897,0.481258
0.150038,0.240206
0.0668652,0.629218
0.511294,0.0247705
0.466592,0.0238927
0.310604,0.00819056
0.251413,0.0104355
0.591091,0.0831883
0.0723013,0.994206
0.0646754,0.60829
0.0939736,0.649151
-0.0282441,1.29833
0.210091,0.197678
0.211793,0.494797
0.208712,0.353227
0.672251,0.370194
0.616935,0.391834
1.26769,0.907108
1.25673,0.679983
0.979349,1.10135
0.663677,0.623525
0.704725,0.823567
0.735595,0.755601
0.826865,0.471708
0.752732,0.424503
0.520473,0.211244
0.159652,0.0410422
0.460294,0.121646
0.270954,0.2886
0.354423,0.157977
0.409883,0.135386
0.498142,0.109999
0.520474,0.0687648
0.40903,0.0705977
0.471138,0.127038
0.272498,0.0313874
1.19323,0.888268
1.2078,0.754038
1.12638,0.656153
1.07106,0.726229
0.889626,0.245406
0.716055,0.155484
0.352791,0.103769
0.593852,0.130317
0.670821,0.678679
0.792177,0.745435
1.07473,0.482403
1.02017,0.436083
0.959946,0.371812
0.460381,0.779752
0.240281,0.221853
0.32645,0.549276
0.361036,0.447421
0.445836,0.0865731
0.285373,0.135647
0.376174,0.161067
0.312883,0.215726
0.111001,0.214891
0.136746,0.402927
0.650052,0.338225
0.598434,0.364634
0.761403,0.28327
0.665486,0.304017
0.673256,0.161026
0.826033,0.58593
0.457843,0.23343
0.528297,0.387514
0.276249,0.409425
0.378086,0.188181
0.348436,0.15331
0.720758,0.200911
0.512048,0.558468
0.482765,0.12469
0.12152,0.298602
0.346345,0.266208
0.158686,0.518667
0.295958,0.307048
-0.229756,0.552335
0.827911,0.349427
0.822495,0.300354
0.559953,0.674985
0.27115,0.0687076
0.418687,0.0670634
0.331512,0.247645
0.531004,0.289118
0.51111,0.238482
0.499715,0.915518
0.341254,0.159053
1.00223,0.375833
0.427618,0.0128677
0.509916,0.261186
0.735391,0.202657
0.264752,0.0249838
0.338765,0.0300646
0.610599,0.476296
0.657073,0.551479
0.57756,0.857358
0.41995,0.821894
0.411281,0.352175
0.482642,0.192743
0.876485,0.766538
0.782326,0.706081
0.959612,0.326814
0.921484,0.487831
1.35772,0.834585
1.06775,0.546853
0.733419,0.453561
0.746482,0.39038
0.118452,0.739156
0.205899,0.348188
-0.196816,0.600869
0.283972,0.294958
0.220077,0.239446
0.485147,0.107126
0.301951,0.384061
0.466571,0.199131
0.465959,0.128942
0.601362,0.0911302
0.481153,0.332223
0.753073,0.514701
1.60114,1.05082
0.10679,0.39899
0.101111,0.679708
-0.0501805,1.01704
0.589251,0.277816
0.389596,0.429424
1.01018,0.587047
0.85053,0.285809
0.187926,0.0724266
0.116151,0.111202
0.163007,0.107293
0.383761,0.0948055
0.359186,0.0251285
-0.042243,0.295747
1.00481,0.25492
0.56387,0.32887
0.26604,0.16292
0.25008,0.277519
0.368421,0.490742
0.56624,0.255683
0.535765,0.629618
0.515859,0.181665
0.537804,0.246847
0.555886,0.70208
0.630142,0.505371
0.429223,0.137695
0.649477,0.210245
0.622877,0.325928
0.568033,0.289264
0.525748,0.0734307
0.395972,0.0921171
0.461442,0.101495
0.520501,0.161541
0.354953,0.181546
0.388321,0.282178
0.500835,0.24414
0.576673,0.0273168
0.509747,0.463603
0.392838,0.189513
0.874513,0.540091
0.824809,0.290903
0.0550188,0.252422
0.271622,0.055595
0.3894,0.0794647
0.371414,0.221977
0.496536,0.0765116
0.364258,0.239835
0.435364,0.306279
0.473101,0.0274798
0.586186,0.124203
0.447774,0.263847
0.636431,0.0965094
0.607468,0.116274
0.339156,0.0686117
0.346387,0.0328018
0.561282,0.267075
0.762236,0.623724
0.440575,0.380347
0.501919,0.686648
0.712091,0.788437
0.1328,0.136114
0.5039,0.409935
0.526531,0.29023
0.479191,0.126477
0.432375,0.213323
1.04917,0.422435
0.588167,0.454345
0.608689,0.200813
0.513262,0.163573
0.56734,0.164081
0.374972,0.0389523
0.500965,0.0490164
0.30978,0.0610449
0.518257,0.0673605
0.267865,0.0643637
0.26274,0.0585271
1.11038,0.507347
1.10477,0.468187
0.406916,0.0397394
0.377761,0.0332442
0.397783,0.0948723
0.336466,0.158685
0.486884,0.265487
1.03949,0.576408
1.0816,0.79536
0.954914,0.624079
0.64976,0.337014
0.978679,0.422112
0.754511,0.2803
0.537056,0.353722
0.0450323,0.555789
0.0732118,0.456274
0.0294614,1.21226
-0.0060027,0.715262
-0.084174,0.406541
0.0251644,0.519424
0.494822,0.0250968
0.602339,0.0331501
1.00803,0.787985
0.755921,0.80306
0.773878,0.440489
0.588407,0.567625
0.554964,0.277945
0.704067,0.410152
0.482945,0.14733
0.476427,0.202021
1.05574,0.789887
1.02343,0.603817
0.900724,0.502174
1.30818,0.977325
1.04142,0.60629
1.36561,1.15405
1.51829,0.617146
1.59247,0.857179
1.05574,0.485283
0.86404,0.517328
0.735093,0.288227
0.846634,0.26347
0.608968,0.258083
0.680007,0.167218
0.705243,0.386634
0.993534,0.841658
0.808114,0.569115
0.896024,0.604651
0.893978,0.684163
0.69732,0.572364
0.994438,0.676743
0.978864,0.420363
0.984579,0.443326
0.869717,0.609615
0.56362,0.291093
0.648346,0.123598
0.306661,0.150055
0.510845,0.47141
0.34335,0.0402758
0.419453,0.180247
0.216735,0.178817
0.535013,0.401352
0.255925,0.441389
0.540261,0.361079
0.32984,0.0912184
0.562038,0.275308
0.437824,0.176008
0.62698,0.375919
0.852247,0.537703
0.8489,0.753336
0.646521,0.312834
0.651647,0.325183
1.05292,0.774507
0.530092,0.221881
1.07284,0.819964
0.653212,0.424829
0.394901,0.08693
0.421924,0.0452985
0.367186,0.0838796
0.614765,0.0439957
0.374963,0.0390475
0.688998,0.204461
0.341231,0.231314
0.596414,0.177064
0.413999,0.227618
0.727363,0.482602
0.822383,0.296149
0.795817,0.26732
1.11147,0.555048
1.13398,0.551904
1.09853,0.530989
0.774926,0.767626
0.818579,0.361606
0.458086,0.221132
0.393231,0.0856968
0.535353,0.0423802
0.519408,0.157318
0.540161,0.306857
0.531319,0.163187
0.692092,0.158096
0.33153,0.3705
0.362006,0.339429
0.23871,0.534827
0.235682,0.38882100000000003
0.175231,0.428707
0.355566,0.348532
0.401539,0.27442
0.664976,0.264557
0.414983,0.188789
0.518809,0.0225523
0.282927,0.00300319
0.593018,0.00797995
0.580844,0.0190445
0.46294,0.275752
0.483784,0.13538
0.275854,0.0154796
0.455475,0.110486
0.501151,0.122026
0.786279,0.249158
0.00876317,0.302778
0.0542298,0.52627
0.0644097,0.274193
0.107899,0.277585
0.0472027,0.527409
0.0389109,0.541974
0.149031,0.257887
0.191374,0.344403
0.0915197,0.439262
0.581577,0.246737
0.0894424,0.465869
0.104416,0.425229
0.0280336,0.70479
-0.0636269,0.950114
0.672316,0.631041
0.62017,0.178214
0.543474,0.0925561
0.50653,0.0364066
0.504529,0.194776
0.68027,0.204461
0.610312,0.247168
0.634885,0.128553
0.655746,0.57892
0.680358,0.459898
0.457535,0.112096
0.520257,0.239652
0.308106,0.13483
0.525698,0.118085
0.272162,0.304015
0.438998,0.0625453
0.404123,0.0527621
0.383068,0.047031
0.410314,0.216417
0.457711,0.153718
0.529503,0.267358
0.457303,0.034516
0.453544,0.0299465
0.416557,0.229978
0.70958,0.190455
0.531416,0.172235
0.337571,0.210629
0.248767,0.169632
0.29891,0.139083
0.428124,0.133457
0.363315,0.0542275
0.43316,0.0654371
0.798185,0.3657
0.844809,0.134045
0.446237,0.00893643
0.34622000000000003,0.196228
0.6226,0.0746044
0.463527,0.408006
0.391493,0.214146
0.444101,0.223209
0.44948,0.266731
0.334784,0.0280434
0.535708,0.144802
0.176793,0.127406
0.363843,0.111145
0.280128,0.0770224
0.352581,0.109067
0.386814,0.0570508
0.390346,0.127636
0.524208,0.771431
1.22562,0.486666
1.25969,0.61393
0.483971,0.246596
1.06486,0.898461
0.53986,0.170911
0.56474,0.183631
0.598148,0.267362
0.64231,0.240808
0.193595,0.316119
0.379959,0.586415
0.481616,0.703808
0.938834,0.226122
0.29106,0.205538
0.312655,0.373929
0.980062,0.638424
0.97932,0.727779
0.9259,0.845207
1.12912,1.09305
1.1527,0.630985
0.682495,0.282182
0.674192,0.253947
0.459578,0.0662602
0.550735,0.0118432
0.272252,0.0214483
0.46908,0.090107
0.275246,0.0352898
0.464594,0.0592759
0.709417,0.192636
0.885805,0.345254
0.536291,0.0418973
0.648024,0.111311
0.50491,0.230183
0.404323,0.0297735
0.524189,0.0242729
0.359647,0.0574027
0.36313,0.0427641
0.332619,0.0551112
0.402766,0.0185991
0.423441,0.00850385
0.302519,0.100162
1.1051,0.383624
1.10709,0.590215
0.861851,0.892067
0.455269,0.145616
0.236995,0.0944847
0.48542,0.0754252
0.420355,0.228635
0.53636,0.188494
0.53844,0.172919
0.504196,0.246496
0.579042,0.241973
0.38054,0.288852
0.472062,0.133991
0.347143,0.863455
0.385324,0.651109
0.565848,0.845536
0.576566,0.796116
0.280182,0.087697
0.350262,0.192231
0.440861,0.115904
0.353181,0.28376
0.354668,0.0534327
0.484547,0.0301908
0.311128,0.0381804
0.267458,0.0411345
0.272473,0.041669200000000003
0.691015,0.438112
1.02011,0.651099
0.898671,0.641713
0.348324,0.71099
0.166527,0.434096
0.194403,0.646801
0.494488,0.253235
0.498684,0.608731
0.354521,0.495975
0.735271,0.507651
0.519868,0.183743
0.482249,0.298106
0.6694,1.01868
0.900182,0.511641
0.814877,0.7909
0.500941,0.488959
0.6075,0.376518
1.24816,0.710445
0.661322,0.373214
0.636473,0.16088
0.558825,0.999648
0.485851,0.320952
0.474973,0.239426
0.270912,0.043202
0.494762,0.0484565
0.359074,0.0754673
0.255288,0.251862
0.211304,0.414845
0.423285,0.476311
0.485117,0.372857
0.432152,0.389767
0.361182,0.118304
0.392244,0.2894
0.331444,0.0932698
0.434473,0.0678313
1.09315,0.464312
0.782971,0.587661
0.775497,0.570955
0.701997,0.252303
0.361344,0.318064
0.367883,0.463483
0.396307,0.461104
0.554464,0.114659
0.367008,0.0938597
0.589356,0.0263874
0.339807,0.0613279
0.296933,0.56345
0.268651,0.866162
0.373524,1.91439
0.376104,1.05128
0.372612,0.110652
0.420948,0.0273538
0.509364,0.0208411
0.263777,0.0575153
0.4816,0.257277
0.606349,0.31777
0.368724,0.213215
0.640981,0.214233
0.669982,0.334193
0.543828,0.184442
0.275652,0.431831
0.260412,0.387389
0.442104,0.287745
0.235172,0.34386
0.337098,0.143811
0.389054,0.0476254
0.419413,0.347493
0.444614,0.401747
0.414114,0.310966
0.290696,0.352787
0.317893,0.00155495
0.594035,0.0023517
0.24221,0.00471839
0.44561,0.0055346
0.195252,0.183092
0.194105,0.157771
0.133369,0.382066
0.377131,0.0756949
0.603331,0.192794
0.455719,0.134134
0.131726,0.23759
0.495467,0.104997
0.536147,0.100384
0.651093,0.378197
0.787971,0.579668
0.839661,0.707809
0.922318,0.377175
0.494303,0.138274
0.289767,0.340147
0.191764,0.320058
0.305531,0.787192
0.346271,0.629928
0.384244,0.258324
0.319558,0.186104
0.400672,0.138495
0.403453,0.205846
0.516858,0.446194
0.332056,0.713612
0.270197,0.61331
0.28142,0.400187
0.0505669,0.707405
0.0427216,0.773314
0.517019,0.0920352
0.289063,0.0302034
0.298542,0.239188
0.0218525,0.447668
-0.165416,0.425309
0.108054,0.547021
0.127573,0.814152
0.0952424,0.678822
0.361118,0.44934
0.446331,0.0879186
0.58779,0.362209
0.626499,0.261979
0.784217,0.721021
0.738988,0.531912
0.939667,0.648611
0.860132,0.38523
0.614671,0.235063
0.254697,1.01242
0.197747,0.4153
0.680891,0.720588
0.677341,0.697444
1.2938,0.742124
1.33552,0.46051
1.27978,0.418478
1.25587,0.692227
1.15522,0.82651
0.510601,0.13201
0.506702,0.221432
0.667627,0.154327
0.52901,0.260216
-0.0549068,0.682055
-0.100179,1.12933
0.51741,0.152204
0.16733,0.481103
0.302559,0.646856
0.368788,0.269541
0.520396,0.420159
0.566064,0.426301
0.194082,0.165906
0.569683,0.139846
0.569496,0.210657
0.522433,0.276782
0.682992,0.241741
0.735351,0.336598
0.721245,0.46142
0.896067,0.546341
0.569322,0.270651
0.702517,0.754095
0.744146,0.585337
0.66226,0.228512
0.228885,0.273191
0.216311,0.124391
0.669477,0.576704
0.228678,0.561392
1.24484,0.862286
1.47595,0.70163
1.20372,0.433539
1.24107,0.297633
1.23101,0.460195
0.436937,0.32731
0.792664,0.254228
0.541666,0.108393
0.700788,0.132827
0.447055,0.294781
0.791224,0.179141
0.627529,0.496286
0.837436,0.708689
0.832232,0.506006
0.857009,0.674701
0.773876,0.235681
0.433841,0.247748
0.363171,0.101682
0.671595,1.41846
0.687734,0.821158
0.309786,0.152795
0.221408,0.617494
0.128713,0.52361
0.126577,0.605649
0.110403,0.455075
0.26866,0.36164
0.446112,0.100102
0.436665,0.0609071
0.339347,0.0491253
0.420316,0.0858315
0.320378,0.105878
0.463794,0.0374803
0.483487,0.458744
0.328332,0.672939
0.34622000000000003,0.397539
0.249473,0.860316
0.455647,0.21003
0.183285,0.191843
0.357883,0.193882
0.353526,0.652721
0.349968,0.73756
0.369448,0.746952
0.277481,1.00459
0.160357,0.779294
0.163998,1.12683
0.0593135,0.545608
0.106225,0.492027
0.083028,0.599968
0.135412,0.332889
0.0668951,0.47109
0.732318,0.295174
0.514889,0.307889
0.422947,0.542398
0.273941,0.193171
0.370677,0.0348781
0.700718,0.0960721
0.422136,0.0385324
0.533376,0.12232
0.44284,0.257127
0.257976,0.43139
0.194945,0.367871
0.309889,0.473139
0.432323,0.594355
0.383486,0.425709
0.375816,0.608488
0.195091,0.83961
0.0970462,0.624458
0.676343,0.659654
0.690442,0.348712
0.710426,0.59402
0.907381,0.462968
1.13794,0.585456
0.629777,0.421095
0.454352,0.29334
0.608113,0.206097
0.384314,0.0929882
0.332947,0.110273
0.58222,0.0341345
0.342502,0.0799826
0.44572,0.300525
0.513587,0.359593
0.650166,0.43243
0.788505,0.442026
0.73985,0.640201
0.700294,0.852586
0.674466,1.13688
0.592856,0.244845
0.502859,0.599929
0.545607,0.417728
0.672176,0.678787
0.743438,0.201251
0.441246,0.0859381
0.364657,0.229146
0.377669,0.238511
0.32955,0.185346
0.326418,0.331234
0.344768,0.469443
0.347194,0.440003
0.430449,0.520241
0.297978,0.436512
0.351712,0.598018
0.465501,0.571418
0.527898,0.54565
0.500422,0.361278
0.825153,0.441149
0.948845,0.543407
1.23575,0.799468
1.12219,0.550176
1.16538,0.858892
1.04777,0.735914
0.258454,0.0791337
0.612123,0.0314093
0.466833,0.0597228
0.453608,0.0457368
0.368065,0.0618947
0.393858,0.0521531
0.528048,0.278255
1.01747,1.0774
0.844327,0.948399
0.542114,0.215723
0.647453,0.379324
0.83629,0.647776
1.06042,1.07961
0.688109,0.237147
0.660734,0.225086
0.795694,0.214897
0.499509,0.153994
0.700739,0.22388
0.481753,0.0611571
0.543214,0.0116576
0.291521,0.0104523
0.526423,0.0155907
0.241566,0.262655
0.192914,0.089166
0.574218,0.0602448
0.336309,0.792035
0.348382,0.698661
0.407808,0.223669
0.528825,0.390576
0.738556,0.593706
0.768564,0.726539
0.820851,0.498716
0.931395,0.630826
0.804534,0.432136
0.530349,0.541261
0.429383,0.329616
0.594251,0.144716
0.834315,0.284932
0.398145,0.167189
0.337137,0.181057
0.332861,0.077528
0.468817,0.107647
0.509455,0.0333033
0.365122,0.134357
0.445709,0.286493
0.496085,0.276538
0.401124,0.0799568
0.426271,0.178434
0.225252,0.237163
0.13118,0.160268
0.153378,0.184821
0.727755,0.593432
0.541451,0.402207
0.513778,0.622067
0.616523,0.715111
0.900379,0.351473
1.67183,0.760925
1.74615,0.665926
1.72339,0.77935
1.02215,0.79913
1.14773,1.07223
0.35146,0.157614
0.512108,0.341345
0.570654,0.389911
0.494261,0.453434
0.342657,0.0258633
0.461103,0.0264357
0.349196,0.103426
1.37523,1.31868
1.34964,1.14885
0.73796,0.338734
0.418505,0.213871
0.647208,0.194143
0.662368,0.260734
0.703428,0.24006
0.593055,0.231259
0.650633,0.140312
0.252093,0.572584
0.524306,0.450449
0.29154,0.77395099999999994
0.288162,0.352971
0.330989,0.0676087
0.403916,0.0369633
0.35112,0.025485
0.353212,0.0348108
0.457304,0.0938694
0.548562,0.0560473
0.337673,0.063875
0.335731,0.0296764
0.417736,0.0230444
0.47169,0.0644701
0.47025,0.0871365
0.559973,0.107328
0.388738,0.391245
0.647251,0.238576
0.793268,1.37027
0.729542,0.867045
0.533212,1.15756
0.478416,0.588217
0.552682,0.331887
0.577019,0.495234
0.522637,0.235459
0.515,0.379502
0.433578,0.408666
0.593108,0.536908
0.482812,0.788283
0.428043,0.406846
0.265939,0.0451549
0.505018,0.0831122
0.361112,0.198848
0.529071,0.0705196
0.309934,0.076575
0.317496,0.152122
0.272,0.0842905
0.141138,0.110203
0.18827,0.229514
0.291445,0.11544599999999999
0.378526,0.0299258
0.437665,0.0718984
0.735969,0.109863
0.755219,0.0881803
0.690776,0.0755455
0.495632,0.0898618
0.526731,0.242658
0.43628,0.0610191
0.456745,0.0407178
0.633405,0.740669
0.602808,0.176117
0.51592,0.123657
0.677244,0.278151
0.488279,0.339125
0.309732,0.179022
0.362815,0.609899
0.633706,0.521832
0.821983,0.639953
0.995246,0.402389
0.860481,0.528984
0.845091,0.531834
1.19052,0.846341
1.28747,0.804318
1.27561,0.932498
1.1607,0.60565
0.572255,0.330739
0.468865,0.195189
0.508883,0.0220375
0.423386,0.00193297
0.364229,0.01332
0.618411,0.451387
0.602121,0.478488
0.640946,0.444198
0.026092,0.440165
-0.170437,0.868864
-0.185958,1.11893
0.252519,0.415313
0.231975,0.720715
0.0461242,0.724334
0.101499,0.410405
0.56681,0.276413
0.37343,0.0507456
0.387935,0.195452
0.351524,0.0955305
0.440869,0.08735
0.533977,0.534287
0.486924,0.0800335
0.364566,0.0263561
0.491309,0.205162
0.523838,0.0536946
0.514434,0.0635785
0.504866,0.0883573
0.456479,0.0701657
0.365441,0.0234739
0.361521,0.113894
0.165321,0.240887
0.498596,0.101866
0.594202,0.166344
0.848509,0.217192
0.82318499999999994,0.396012
0.406654,0.108478
0.393606,0.127645
0.443441,0.0722669
0.5815,0.388984
0.585479,0.176578
0.665115,0.822054
0.609906,0.577914
0.477215,0.356688
0.501521,0.165669
0.497296,0.487858
0.482718,0.0353353
0.467606,0.138461
0.557819,0.243308
0.377197,0.496612
0.683792,0.311887
0.791829,0.13637
0.683381,0.708894
0.722227,0.701068
0.302857,0.329645
0.316313,0.133228
0.958087,0.564373
0.86392,0.576782
0.390932,0.133528
0.551001,0.147877
-0.183748,0.912496
-0.16542,0.670255
0.276834,0.523398
0.497775,0.486211
0.525118,0.765033
0.547932,0.201086
0.539082,0.229278
0.420284,0.0849849
0.444049,0.218114
0.370943,0.0404185
1.07368,1.1022
0.615247,0.240963
0.753943,0.600528
0.722483,0.358442
0.645025,0.41635
0.552991,0.0236495
0.645859,0.194786
0.523476,0.348186
0.570689,0.129303
0.465995,0.08127
0.458345,0.105346
0.469714,0.17183
0.285025,0.50169
0.491184,0.489964
0.799776,0.26968
0.398843,0.292057
0.457547,0.0594873
0.516361,0.113302
0.578979,0.311004
0.497855,0.113314
0.30334,0.0329497
0.624454,0.102704
0.70326,0.0772354
0.399636,0.533553
0.10314,0.321203
0.0081979,0.269073
0.430351,0.157694
0.284772,0.108923
0.185011,0.138348
0.43967,0.145603
0.432432,0.141537
0.465055,0.279411
0.485945,0.190949
0.00127316,0.899085
-0.00696078,1.04958
0.488957,0.0265118
0.335821,0.179672
0.355498,0.19135
0.451842,0.0361631
0.398603,0.0203869
0.562757,0.00576094
0.25269200000000003,0.0536041
0.679955,0.473276
0.641444,0.295479
0.831316,0.694748
0.886086,0.626306
0.89413,0.667737
0.473473,0.132994
0.333354,0.14949
0.382699,0.528689
0.56015,0.508742
0.818086,0.430724
0.668405,0.460219
0.462542,0.371945
0.431436,0.201125
0.606736,0.160391
0.597678,0.198416
0.323167,0.340471
0.526751,0.0204894
0.28392,0.0284145
0.427155,0.144006
0.467605,0.1626
0.476413,0.97661
0.859647,0.43109
0.913307,0.949272
0.864693,0.817921
0.734113,0.489221
0.770738,0.680849
0.822525,0.666912
0.658326,0.383405
0.136481,0.456173
0.16475,1.06343
0.726175,0.207204
0.629912,0.186689
0.642675,0.530116
0.631968,0.627951
0.719721,1.08534
1.68294,0.511312
1.72845,0.505499
1.32241,0.359827
1.08415,0.256028
0.584774,0.832355
0.539816,1.32179
0.636347,0.147302
0.636143,0.147042
0.52598,0.204544
0.985142,0.398724
0.872209,1.10737
0.978263,0.817531
0.879159,0.539892
1.00685,0.666032
0.444147,1.00972
0.503839,0.297109
0.582374,0.757164
0.614039,0.497045
0.611457,0.482839
0.725352,0.6263
1.6037,0.534311
1.24775,0.34012
1.62668,0.626354
0.640436,0.149161
0.950655,0.632721
1.35595,0.753024
1.39784,0.727234
1.20166,0.941188
1.25331,1.06899
1.25281,1.15987
1.03049,0.650241
1.0694,0.899234
0.854979,0.710282
0.981286,0.849083
0.596969,0.435596
0.433577,0.782642
0.438695,0.213371
0.342124,0.246176
0.35160400000000003,0.423722
0.295882,0.19667
0.665195,0.155863
0.484979,0.043466
0.556725,0.0656988
0.605312,0.0614489
0.507794,0.0935005
0.170966,0.0804943
0.292309,0.176475
0.3255,0.0224819
0.290326,0.174585
0.803644,0.419201
0.581194,0.26607
0.642647,0.334176
0.367454,0.232011
0.432176,0.0442608
0.3266,0.232841
0.474909,0.0859122
0.427855,0.0141093
0.115011,0.306477
0.468802,0.0593911
0.416678,0.102771
0.131078,0.230343
0.317124,0.390411
0.0945416,0.995072
0.00863427,0.562513
0.0711965,0.580232
0.452638,0.316717
0.399459,0.35602
0.385759,0.313919
0.48428,0.838641
0.220046,0.286583
0.233767,0.340119
0.272934,0.248626
0.169697,0.280841
0.448489,0.289655
0.37112,0.595072
0.434122,0.499979
0.337241,0.0274386
0.456532,0.193834
0.956023,0.835848
0.391173,0.417104
0.283638,0.279727
0.505539,0.122886
0.367443,0.251873
0.364902,0.34968
0.307677,0.367871
0.452876,0.0828236
0.476434,0.0961503
0.358276,0.0897034
0.403378,0.103286
0.47961,0.0902298
0.463619,0.159195
0.525773,0.0631233
0.306519,0.311618
0.476237,0.375117
0.401718,0.315168
0.222649,0.0419563
0.577681,0.00503376
0.580388,0.0109324
0.425951,0.0520962
0.197286,0.278157
0.378724,0.0834081
0.532251,0.0714299
0.439915,0.183716
0.424975,0.187219
0.223476,0.0770018
0.414935,0.170611
0.705476,0.333779
0.526093,0.35776
0.0601186,0.800856
0.518981,0.0486045
0.533083,0.116529
0.43052,0.0473743
0.527471,0.0987478
0.376755,0.0662751
0.338266,0.07323
0.230341,0.120418
0.631132,0.0925562
0.581709,0.29444
0.202166,0.140077
0.351397,0.0892137
0.292361,0.124076
0.156701,0.124791
0.407642,0.191849
0.233447,0.289928
0.267184,0.240953
0.237594,0.111063
0.518924,0.651077
0.369323,0.00855629
0.365486,0.00858626
0.325056,0.0655687
0.491415,0.140724
0.404818,0.101155
0.283146,0.191419
1.00289,0.493609
0.623316,0.2608
0.457798,0.044001
0.637072,0.135532
0.531042,0.147276
0.967916,0.435221
0.601766,0.277128
0.636447,0.124877
0.676823,0.373761
0.657385,0.215518
0.522976,0.55527
0.674065,0.516925
0.660798,0.820633
0.598561,0.587087
0.360302,0.424673
0.379522,0.28751
0.602945,0.373412
0.666808,0.46278
0.359101,0.810442
0.143126,0.569339
0.236514,0.682758
0.224519,0.463853
0.340014,0.478117
0.593855,0.405746
0.711473,0.53762
-0.0113006,0.289561
0.113026,0.317731
0.429362,0.0289149
0.489812,0.0618624
0.521391,0.185464
0.527128,0.0566901
0.38216,0.070643
0.177483,0.181957
0.515866,0.209243
0.521025,0.241664
0.265024,0.473027
0.663465,0.694674
0.511248,0.438042
0.642596,0.209444
0.210444,0.340221
0.319684,0.0914321
0.49323,0.427385
0.417646,0.472632
0.453768,0.722703
0.411263,0.459643
0.642448,0.583923
0.579552,0.420792
0.76803,0.466612
0.319539,0.0648863
0.822011,0.541791
0.570186,1.06021
0.684193,0.390945
1.04744,0.900869
0.938164,0.775024
0.748946,0.416502
0.448053,0.304758
0.423402,0.61719
0.400973,0.663053
0.590277,0.760645
0.540305,0.970496
0.332239,0.502589
0.305827,0.227058
0.714389,0.6619
0.859719,0.501088
0.832164,0.355537
0.957956,0.558395
1.3495,1.01855
1.34366,0.770174
1.33813,0.999629
1.3,0.857573
0.793137,0.470373
0.788491,0.293033
0.648001,0.461332
0.468664,0.217157
0.298481,0.547381
0.489965,0.412703
0.531684,0.414136
0.624759,0.643974
0.449373,0.34485
0.28019,0.807263
0.637637,0.50212
0.487882,0.446958
0.642661,0.391276
0.614027,0.753603
0.479072,0.0800152
0.470621,0.0314147
0.318884,0.0370204
1.49449,0.88681
1.37613,0.928553
1.38689,0.912896
0.746329,0.526367
0.535909,0.328462
0.498773,0.184708
0.526228,0.201644
0.571493,0.248662
0.583253,0.255239
0.459639,0.0343412
0.393182,0.0452312
0.617806,0.52152
0.343769,0.106266
0.404655,0.00992199
0.374917,0.752642
0.389585,0.708142
0.336796,0.0517294
0.430842,0.261523
0.823841,0.888616
0.612796,0.654964
0.723374,0.372085
0.568945,0.19968
0.558455,0.178337
0.605937,0.18583
0.732506,0.235472
0.454682,0.217183
0.789852,0.568891
0.261273,0.42793
0.327186,0.258033
0.557144,0.0648917
-0.0185404,0.549724
0.0102496,0.348921
0.237187,0.332512
0.614309,0.0926339
0.546809,0.187205
0.32681,0.369176
0.4708,0.404032
0.374899,0.159765
0.350577,0.272595
0.562362,0.217942
0.296933,0.0253628
0.526591,0.0340273
0.390947,0.087043
0.497503,0.262481
0.38267,0.337638
0.353244,0.441193
0.402751,0.737224
0.18261,0.568498
0.029723,0.743572
1.14528,0.545136
0.947319,0.616382
0.952371,0.606856
0.34625,0.214985
0.186157,0.506874
0.255397,0.221108
0.443928,0.0354201
0.444248,0.180558
0.591513,0.0408081
0.662729,0.118639
0.540772,0.086077
0.589177,0.228003
0.813676,0.122829
0.586959,0.6659
0.550924,0.166238
0.538072,0.553129
0.522768,0.172672
0.462238,0.136582
0.587593,0.560916
0.49982,0.270839
0.136373,0.329617
0.79717,0.412598
0.419216,0.564652
0.52534,0.491752
0.422845,0.111986
0.311718,0.241542
0.460449,0.213398
0.363805,0.125323
0.473134,0.0721348
0.599886,0.0737396
0.387875,0.180224
0.193441,0.213183
0.705008,0.316958
0.74596,0.293716
0.472107,0.128218
0.47619,0.0279846
0.449136,0.230273
0.520763,0.114524
0.448243,0.112748
0.416652,0.0861168
0.315384,0.0742367
0.383904,0.036849
0.0377591,0.574217
0.164019,0.133566
-0.0854297,0.452015
0.353039,0.0382072
0.33295400000000003,0.142642
0.20117,0.0982178
0.160638,0.243796
0.212998,0.0939365
0.428286,0.245602
0.391949,0.176868
0.279837,0.679359
0.777102,0.387719
0.73887,0.37169
0.889337,0.30471
1.20378,1.15874
1.15811,0.885555
0.945338,0.652215
0.348263,0.675166
-0.0312436,0.658418
0.0273601,0.41706
8.85918e-4,0.537173
0.260355,0.309667
0.311386,0.194338
0.34393,0.127595
0.227663,0.26441
-0.26618000000000003,1.04057
-0.0608662,0.763201
0.469642,0.420796
0.509451,0.146148
0.450076,0.155511
0.604217,0.466104
0.153238,0.494697
0.83205,0.432459
0.842173,0.408954
0.867566,0.36936600000000003
1.14903,0.520696
1.0126,0.535606
1.01182,0.673198
0.491179,0.543112
0.179309,0.539047
0.30314,0.180421
0.404834,0.22507
0.548907,0.660903
0.412845,0.0387019
0.553393,0.035951
0.558322,0.0281321
0.378249,0.432322
0.38596,0.411131
0.447383,0.032385
0.48349,0.00222897
0.284355,0.0051526
0.518112,0.0455372
0.195608,0.0998489
1.01565,0.402152
0.892842,0.597892
0.351094,0.0541783
0.493266,0.0939076
0.671756,0.313547
0.657623,0.672877
0.604081,0.567296
0.60474000000000006,0.794319
0.0908591,0.142602
0.484019,0.13288
0.311605,0.13266
0.318076,0.611124
0.216703,0.320714
0.33929,0.228484
0.324142,0.184668
0.412946,0.124644
0.266948,0.0437625
0.478593,0.0944874
0.329892,0.222692
0.370056,0.221885
0.0975912,0.399712
0.371957,0.0853234
0.408376,0.0577935
0.43554,0.0776323
0.183226,0.178978
0.168557,0.200159
0.445896,0.373758
0.469072,0.335564
0.547169,0.179037
0.482622,0.106862
0.515363,0.11359
0.47278,0.141361
0.479165,0.268197
0.562401,0.066006
0.536027,0.0799176
0.448075,0.0371011
0.256208,0.465612
0.23604,0.335802
0.355459,0.00651155
0.50634,0.008982
0.453453,0.0259765
0.297718,0.104526
0.403044,0.0841129
0.937568,0.703757
0.293747,0.259216
0.571653,0.892441
0.543033,0.192375
0.200886,0.204187
0.0412584,0.211708
0.218349,0.0951939
0.391839,0.072271
0.622598,0.0689557
0.237357,0.093879
0.248216,0.205231
0.78497,0.323372
0.949797,0.293353
0.937129,0.479165
0.768683,0.291822
0.535924,0.804661
0.529979,0.979711
0.530875,0.808857
0.344377,0.0953932
0.403283,0.451064
0.309772,0.0396097
0.603876,0.609272
0.542863,0.221227
0.471268,0.213128
0.405176,0.216082
0.671218,0.372271
0.600321,0.895919
0.583206,0.106208
0.707631,0.691668
0.733207,0.586933
0.737498,0.659311
0.3388,0.166173
0.361413,0.179144
0.398669,0.169278
0.596105,0.286913
0.43677,0.112119
0.277501,0.0760957
0.304313,0.679385
0.675715,0.564144
0.381748,0.2982
0.350615,0.0903036
0.269919,0.268668
1.03521,0.395309
1.00407,0.5972
0.642915,0.242995
0.682424,0.39874
1.44004,0.7974
1.50115,0.522149
0.667164,0.931103
0.699888,0.34474900000000003
0.753518,0.633671
0.986089,0.434097
1.08666,0.722331
0.15059,0.0329779
0.190573,0.0166445
0.642502,0.772704
0.567347,0.454623
0.470148,0.337239
0.491799,0.206909
0.702473,0.426906
0.826018,0.573262
0.875089,0.398437
0.799963,0.650943
0.541834,0.327866
0.383132,0.308054
0.50549,0.336579
0.521588,0.198505
0.326034,0.675008
0.500652,0.227466
0.584221,0.390661
0.451815,0.165535
0.818893,0.365361
1.37463,0.727506
0.468129,0.0557328
0.248114,0.357587
0.534885,0.478398
0.708104,0.476787
0.64944,0.485492
0.522339,0.233841
0.670577,0.616551
0.433031,0.11608
0.596239,0.109151
0.370568,0.0580058
1.03513,1.54254
0.869289,0.209057
0.796217,0.315456
0.747158,0.401222
0.742722,0.110289
0.673761,0.0720205
0.568233,0.0591769
0.73853,0.0434378
0.599532,0.068124
0.373827,0.0143881
0.681978,0.311699
0.341221,0.547863
0.606697,0.206423
1.09888,0.650441
0.280891,0.368917
0.359604,0.0668016
0.449246,0.767442
0.331072,0.161921
0.470204,0.120509
0.289638,0.216549
0.568141,0.0278176
0.375358,0.0194784
0.546897,0.130011
0.543058,0.229355
0.456707,0.146421
0.303944,0.0377195
0.471751,0.0395771
0.468954,0.049054
0.551287,0.0388659
0.411702,0.0205504
0.355575,0.175254
0.417907,0.186377
0.43319,0.161515
0.446953,0.274569
0.42542,0.0306892
0.388794,0.0276181
0.324896,0.196725
0.231025,0.22222
0.153161,0.647142
0.395262,0.0293788
0.417713,0.0220428
0.388045,0.0144222
0.421013,0.141912
0.471638,0.0207861
0.483317,0.0200925
0.389143,0.0419443
0.740612,0.275893
0.931082,0.549008
0.593726,0.632298
0.972129,0.736911
0.933691,0.427548
0.810472,0.356673
0.360995,0.270463
1.06496,0.635146
1.0482,0.560273
0.812934,0.428021
0.787332,1.09134
0.731217,0.61465
0.783431,0.62574
0.812628,0.452707
0.24712,0.129648
0.384275,0.0701012
0.519848,0.0599723
0.545615,0.0704898
0.467575,0.0646057
0.319739,0.507165
0.291523,0.570524
0.2612,0.121486
0.369097,0.0448944
0.381645,0.0359334
0.655566,0.0854488
0.253312,0.0303664
0.556675,0.556275
0.445846,0.224507
0.474885,0.186125
0.426426,0.191312
0.373717,0.408709
0.399894,0.569226
0.158704,0.153444
0.39428,0.0638182
0.262666,0.139795
0.535823,0.0349892
0.476794,0.0292268
0.6721,0.0108025
0.37063,0.36461
0.466455,0.0726615
0.488881,0.26764
0.35548,0.119977
0.490049,0.109693
0.363754,0.198803
0.478154,0.36798
0.356567,0.206696
0.440608,0.113526
0.480697,0.10722
0.314681,0.107696
0.350211,0.0665475
0.629223,0.119775
0.240594,0.0283099
0.607203,0.0437772
0.44407,0.00972828
0.423257,0.0108136
0.398687,0.0200199
0.37551,0.00300915
0.565035,0.0239482
0.356967,0.0337154
0.19713,0.0341092
0.548864,0.0162165
0.440153,0.0128075
0.323446,0.0193692
0.512102,0.0314148
0.765164,0.629141
0.757114,0.611155
0.402997,0.0261886
0.522351,0.101799
0.441345,0.0369234
0.410428,0.115896
0.496102,0.455993
0.386998,0.218859
0.643011,0.784384
0.388746,0.236498
0.248082,0.444053
1.03552,0.503759
0.852738,0.265402
0.465871,0.339503
0.546738,0.0554962
0.443117,0.268472
0.567306,0.140597
0.492741,0.09923
0.553608,0.119822
-0.163894,0.809325
-0.347008,1.14047
-0.081341,0.623708
0.558938,0.085137
0.411094,0.0681411
0.566905,0.225601
0.70717,0.5134
0.389868,0.386861
0.333427,0.458223
0.308317,0.430022
0.362643,0.0113749
0.431094,0.0134515
0.227833,0.0188735
0.597526,0.0542879
0.558275,0.0466954
0.537259,0.328322
0.510215,0.399574
-0.0991766,0.742462
-0.0400854,0.476894
0.673982,0.379933
0.673025,0.430259
0.336542,0.780797
0.399908,0.133863
0.377928,0.57594
0.323103,0.0600642
0.623068,0.214616
0.631867,0.252121
0.484554,0.11388
0.372471,0.0432949
0.564571,0.178855
0.329397,0.038399
0.986668,0.554851
0.630545,0.756889
0.750197,0.568662
0.855155,0.820552
0.858619,0.484094
0.581708,0.151591
0.535057,0.179275
0.822457,0.481947
0.836307,0.540805
0.987334,0.707006
0.939896,0.479791
0.824636,0.285629
0.913924,0.323929
0.992944,0.478009
0.999842,0.518635
0.879041,0.669913
0.34576,0.253573
0.448227,0.462286
0.353884,0.444045
0.378516,0.390263
0.401662,0.251075
0.292894,0.453923
0.287232,0.499723
0.23313999999999999,0.501638
0.50581,0.0675629
0.486193,0.0791696
0.21621,0.0812002
0.402259,0.105392
0.540455,0.122305
0.88186,0.2854
0.404594,1.0792
0.408165,1.08019
0.401162,0.0482284
0.504127,0.124556
0.456229,0.21023
0.268445,0.0474007
0.515039,0.120644
0.522331,0.100184
0.347746,0.0850753
0.410411,0.0603534
0.431431,0.0685574
0.457734,0.0786327
0.449338,0.284309
0.270742,0.0106288
0.327057,0.0103336
0.51106,0.0324904
0.396533,0.0608225
0.941546,0.362746
0.909974,0.606327
0.615075,0.297663
0.72882,0.674278
0.75074,1.1011
0.764633,1.25849
0.575273,0.371948
0.385256,0.0555953
0.517987,0.0335735
0.430556,0.0487856
0.00741465,0.963634
0.0480953,0.617731
-0.19148,0.916459
-0.0664556,0.637725
0.0795827,0.479215
0.787412,0.392398
0.767411,0.547904
0.86808,0.419119
0.577633,0.199186
0.53104,0.168525
0.426575,0.169622
0.342233,0.112506
0.518971,0.121564
0.234459,0.0527297
0.51124,0.0626766
0.394981,0.104173
0.536744,0.0487594
0.595977,0.365437
0.289596,0.419671
0.292971,0.45566
0.172018,0.23144700000000001
0.792097,0.383047
0.39247,0.0680233
0.383748,0.035318
0.422574,0.0241185
0.464727,0.0864013
0.908263,0.508769
1.07904,0.624421
1.02935,0.751166
1.03259,0.585222
0.508387,0.416822
0.151105,0.12583
0.276467,0.120881
0.642271,0.273239
0.758901,0.384743
0.885811,0.214801
1.29268,0.603887
1.18111,0.519819
0.333789,0.0639837
0.568586,0.123443
0.484176,0.165343
0.505059,0.127265
0.484817,0.254317
0.450045,0.101181
0.572434,0.114192
0.488792,0.0680483
0.255745,0.00623023
0.479743,0.00764581
0.190304,0.00277873
0.595532,0.00237015
0.543955,0.00327897
0.566757,0.138094
0.531001,0.144221
0.715581,0.123127
0.701066,0.0666028
0.49554,0.130068
0.486026,0.75414
0.496434,0.253941
0.700646,0.519274
0.706615,0.599652
0.71446,0.898799
0.604528,0.266096
0.489647,0.13857
0.334379,0.208631
0.371836,0.151077
0.486101,0.107982
0.467468,0.564399
0.632153,0.242603
0.289301,0.60756
0.46286,0.695756
0.378013,0.578647
0.554185,0.763707
1.34146,0.509454
0.557091,0.674136
0.533024,0.72798
0.504129,1.09064
0.595801,0.175228
0.519806,0.128624
0.730668,0.13714199999999999
0.421296,0.0723777
0.334028,0.0601348
0.0265931,0.228135
0.176317,0.151389
0.171361,0.195788
0.168961,0.880674
0.146847,0.257401
0.187564,0.15567
0.359238,0.270192
0.450605,0.136928
0.567841,0.159739
0.467494,0.110487
0.296827,0.0150135
0.461388,0.00345648
0.381907,0.0205395
0.456574,0.00753733
0.279635,0.0348881
0.920311,0.342223
0.683738,0.183964
0.602992,0.167614
0.612288,0.521376
0.664546,0.36171
0.450922,0.111895
0.723291,0.354088
0.335992,0.0103774
0.382238,0.00535176
0.323814,0.33361
0.40867,0.594157
0.363067,0.849379
0.369726,0.439755
0.350764,0.670787
0.428199,0.0294522
0.422758,0.00540428
0.495886,0.0316954
0.387085,0.00304917
0.449503,0.023673
0.800172,0.442466
0.516159,0.2282
0.571218,0.182612
0.463811,0.216188
0.619119,0.116113
0.680539,0.346535
0.388096,0.0510725
0.456423,0.206637
0.423583,0.162221
0.494743,0.32514
0.277814,0.47915
-0.0261903,0.293929
0.815696,0.354776
0.687228,0.454037
0.3757,0.453846
0.715718,0.43372
0.691437,0.581882
1.01234,0.420275
0.829322,0.499871
0.40149,0.0501632
0.224058,0.156161
0.560059,0.00993777
0.382657,0.00415746
0.391588,0.0124797
0.320802,0.00668266
0.81888,0.715633
0.809687,0.796368
0.620294,0.0333647
0.238283,0.120578
0.154872,0.14717
0.245479,0.228557
0.538225,0.110254
0.356656,0.0721734
0.274299,0.254701
0.22131,0.244022
0.15959,0.519801
0.138239,0.56258
-0.0522705,0.580382
-0.0409106,0.875378
0.271039,0.351689
0.519984,0.0827626
0.627462,0.250329
0.649699,0.121091
0.657945,0.0863475
0.413613,0.312109
0.328831,0.430557
0.718826,0.55633
0.632412,0.223157
0.706795,0.338478
0.183775,0.459083
0.251416,0.460286
0.377287,0.806782
0.388852,0.1929
0.318953,0.078351
0.642722,0.193367
0.449044,0.296539
0.453546,0.345779
0.730266,0.154893
0.188937,0.175244
0.32162,0.320299
-0.0265233,0.913826
0.0469362,0.72302
0.168852,0.542477
0.558185,0.171631
0.614491,0.161196
0.70698,0.152434
0.520913,0.0273957
0.449819,0.015232
0.178238,0.198258
0.265125,0.783445
0.351724,0.0693753
0.460857,0.0389063
0.411226,0.0328634
0.421059,0.214596
0.823744,0.771137
0.829631,0.750382
0.670878,0.332855
0.6616,0.312507
0.431967,0.168281
0.200725,0.17342
0.497557,1.12743
0.375792,0.561789
0.435929,0.919397
0.184736,0.230354
0.281334,0.395121
0.304791,0.935437
0.245929,0.525568
0.0751767,0.361681
0.56687,0.242125
0.599319,0.633395
0.745379,0.19427
0.693452,0.135161
0.409878,0.255372
0.52401,0.0296593
0.562289,0.079352
0.694383,0.594578
0.421273,0.0624693
0.818811,0.28186
0.76642,0.40333
0.679774,0.140947
0.457569,0.11285
0.514847,0.174572
0.54535,0.264423
0.299266,0.0387335
0.422196,0.0613876
0.394696,0.0879478
0.489774,0.0984363
0.293328,0.0590435
0.311653,0.172985
0.237674,0.453847
0.270562,0.432328
0.698214,0.570633
0.75769,0.434515
0.431181,0.391539
0.32408,0.786572
0.303971,0.146097
0.410331,0.364352
0.534487,0.438318
0.53724,0.875045
0.583741,0.422922
0.276301,0.643313
0.284319,0.936031
0.630576,0.291949
0.240639,0.461443
0.589158,0.248279
0.954661,0.388589
1.16625,0.564791
1.2744,0.629754
0.516196,0.0266077
0.276727,0.189071
0.179019,0.350934
0.588215,0.865784
0.257327,0.320712
0.373839,0.684163
0.926049,0.293029
0.729029,0.289489
1.2912,0.782145
0.409903,0.0797066
0.42327,0.0184217
0.468436,0.0224983
0.303231,0.0103497
0.488085,0.0140919
0.312972,0.00338824
0.547141,0.0943754
0.50425,0.567028
0.267546,0.543223
0.259187,0.555331
0.260562,1.09574
0.253688,1.00598
0.260636,1.42619
0.422388,0.52474
0.542673,0.95251
0.610934,0.32054
0.491276,0.364224
0.452494,0.433533
0.714522,0.277199
0.422117,0.0909024
0.492408,0.559794
0.288054,0.406408
0.371129,0.0789062
0.308391,0.174131
0.805003,0.208492
0.765289,0.170211
0.526799,0.420983
0.555304,0.105691
0.559122,0.398243
0.57617,0.351126
0.448709,0.00897216
0.445825,0.0682917
0.333318,0.217663
0.324164,0.0994577
0.480302,0.313176
0.369958,0.0227865
0.452425,0.0560888
0.369055,0.0255293
0.476007,0.00220318
0.59065,0.00361163
0.356146,7.46978e-4
0.383489,0.00445885
0.927358,0.231961
0.310616,0.0636
0.43622,0.24096
0.385766,0.0894172
0.549974,0.134915
0.416007,0.107659
0.359648,0.0849166
0.360605,0.0345299
0.463723,0.231164
0.391145,0.12858
0.187127,0.160699
0.481286,0.0353964
0.301438,0.0343217
0.471855,0.0974204
0.305689,0.0244815
0.293782,0.0418523
0.50553,0.0112465
0.331798,0.171298
0.354583,0.0222557
0.661501,0.121336
0.538878,0.112736
0.485433,0.0992629
0.893614,0.348811
0.848757,0.353877
0.704539,0.215105
0.381088,0.063137
0.335803,0.186071
0.422699,0.157252
0.316008,0.068165
0.291693,0.042101
0.481006,0.0756308
0.325987,0.0759574
0.482515,0.171668
0.422385,0.0568667
0.257088,0.258187
0.335567,0.309493
0.340395,0.613522
0.295739,0.0770091
0.455212,0.187715
0.447923,0.151797
0.540206,0.110334
0.527874,0.395982
0.469339,0.0641247
0.372926,0.0189249
0.532184,0.0184492
0.405216,0.0288363
0.318469,0.0271813
0.396941,0.123398
0.538217,0.0708918
0.479759,0.046054
0.207578,0.247415
0.54811,0.553269
0.506056,0.516205
0.428454,0.439372
0.712846,0.292973
0.0584107,0.325385
0.0455729,0.324909
-0.0083014,0.258462
0.325565,1.07174
0.349712,0.135518
0.352029,0.0541811
0.117539,0.0164415
0.2105,0.0518782
0.194711,0.056996
0.568109,0.11349
0.233671,0.119618
0.329805,0.109896
0.428343,0.134544
0.566074,0.121894
0.541031,0.0932175
0.468465,0.141457
0.742443,0.260924
0.395823,0.063597
0.442461,0.00723297
0.384369,0.136102
0.214185,0.111261
0.626671,0.84971
0.421512,0.138385
0.435463,0.0735927
0.40037,0.00973752
0.451675,0.0489603
0.530359,0.167284
0.59754,0.20191
0.418237,0.0459099
0.542644,0.024155
0.435667,0.355548
0.416106,0.415132
0.732018,0.265656
0.705042,0.35240899999999997
0.556915,0.234697
0.647464,0.315172
0.49856,0.136304
0.663901,0.349235
0.314371,0.110649
0.520288,0.0258946
0.427641,0.241989
0.283961,0.0606389
0.402147,0.117543
0.377255,0.183358
0.35359,0.153035
0.504369,0.566716
0.232769,0.0134573
0.38368,0.0139525
0.516216,0.00812737
0.342933,0.0209488
0.26227,0.0266396
0.535201,0.347625
0.668616,0.10381
0.657618,0.120911
0.481387,0.195644
0.574342,0.00131319
0.276462,0.0038912
0.318597,0.00159997
0.34817,0.0667638
0.998821,0.474372
0.00339556,0.56243
0.565307,0.0861338
0.204883,0.644811
0.526694,0.0724998
0.358298,0.289203
0.607979,0.353777
0.550747,0.370229
0.554131,0.318486
0.599279,0.717403
0.562973,0.435174
0.702196,0.404304
0.322477,0.408019
0.150073,0.270236
0.069615,0.532884
0.100481,0.576337
0.0990822,0.594153
0.119736,0.459215
0.0923146,0.336793
0.140113,0.336641
0.119615,0.674841
0.224455,0.44107
0.131867,0.603926
0.178882,0.60693
0.343053,0.626922
0.33674,0.816735
0.297399,0.228645
0.264546,0.711323
0.148152,0.299429
0.219457,0.349674
0.479295,0.75636
0.434837,0.610704
0.39687,0.242804
0.747765,1.03865
0.384781,0.031947
0.210289,0.718677
-0.0337491,0.530766
-0.229708,0.857128
0.205637,0.243266
0.0590107,0.239375
0.652886,0.226945
0.478439,0.0235857
0.320058,0.0535802
0.313652,0.118962
0.438351,0.014526
0.611942,0.0931716
0.642005,0.0780126
0.54197,0.327971
0.774249,0.451306
0.337737,0.0610357
0.382263,0.079564
0.721285,0.211151
0.636685,0.12741
0.548037,0.308182
0.368013,1.12042
0.370807,0.566439
-0.155174,1.06237
-0.138139,0.835886
0.484463,0.416873
0.319811,0.48583
0.309033,0.555674
0.501856,0.362895
0.57871,0.412528
0.799582,0.606479
0.145449,0.672764
0.757256,0.599401
0.767327,0.572874
0.562561,0.318287
0.817009,0.526447
0.594911,0.293817
0.455166,0.265064
0.435963,0.141168
0.443315,0.147372
0.157433,0.11944
0.322596,0.238722
0.384982,0.112849
0.821865,0.169162
0.820703,0.299732
0.423897,0.463092
0.0279802,0.516095
0.104112,0.536358
0.143836,0.421657
0.290208,0.158702
0.377695,0.0389659
0.320327,0.135775
0.681516,0.382826
0.523303,0.195468
0.521575,0.306452
0.530088,0.219883
0.707462,0.587581
0.626689,0.469582
0.658241,0.678057
0.691375,0.56728
0.311703,0.0769653
0.43263,0.106488
0.270867,0.230405
0.218467,0.45645
0.146196,0.951499
0.636952,0.0244863
0.236149,0.0113692
0.590593,0.0141175
0.454264,0.00837362
0.26196,0.127595
0.454547,0.0438115
0.431342,0.0450534
0.295789,0.0847328
0.526287,0.178683
0.318932,0.0184349
0.364408,0.0429862
0.413643,0.09845
0.403949,8.01281e-5
0.429832,2.97124e-5
0.422702,2.00775e-4
0.404264,0.114492
0.319981,0.100316
0.458963,0.0671224
0.551225,0.0351532
0.653924,0.0940782
0.696957,0.210761
0.56208,0.263694
0.505044,0.363761
0.402994,0.0826594
0.336291,0.241929
0.320355,0.213186
0.435203,0.107585
0.693417,0.591988
0.277728,0.178371
0.0872621,0.435932
0.501009,0.144464
-0.123419,0.51376
0.0194279,0.36628
-0.100597,1.35121
0.013855,0.866869
-0.00817204,0.798193
0.117674,0.556255
0.104687,0.829968
0.440829,0.561159
0.436311,0.617747
0.187147,0.639705
0.182684,1.00645
0.437704,0.095727
0.550153,0.108972
0.577233,0.364763
0.638233,0.170009
0.279632,0.0334937
0.29094,0.107635
0.443171,0.227199
0.394536,0.305189
0.368355,0.275186
0.377727,0.427936
0.369126,0.419563
0.512393,0.20245
0.324075,0.393467
0.476598,1.0258
0.352068,0.0933241
0.619744,0.0880833
0.508682,0.107496
0.441681,0.0362536
0.363832,0.0115124
0.419988,0.014525
0.345893,0.0919522
0.372699,0.0439218
0.325185,0.0233386
0.514952,0.196208
0.259553,0.18001
0.103522,0.173463
0.147741,0.331339
0.473743,0.0881646
0.519766,0.0140607
0.393042,0.0118581
0.415736,0.0339115
0.544659,0.0295148
0.544581,0.0744686
0.511522,0.132635
0.579958,0.293607
0.633071,0.474662
0.586442,0.28895
0.695971,0.341411
0.184594,0.608201
0.309933,0.302218
0.228818,0.0934964
0.134561,0.100932
0.434093,0.161052
0.553381,0.326788
0.6764,0.0596922
0.67837,0.14410800000000001
0.214687,0.64703599999999994
0.403774,0.354072
0.687751,0.307656
0.755268,0.58317
0.635372,0.495094
0.66316,0.956632
0.669468,0.398547
0.692875,0.369702
0.979136,0.609692
0.721319,0.341436
0.74215,0.32698700000000003
0.0882555,0.175618
0.362781,0.279315
0.293153,0.276673
0.383515,0.303794
0.26612,0.163616
0.204827,0.485589
-0.380646,0.979016
-0.39617,1.12821
-0.27255,1.11226
0.427296,0.413172
0.294833,0.2812
0.512753,0.65171
0.0549365,0.284979
0.411482,0.28385
0.134489,0.152555
0.265565,0.257273
0.293988,1.30467
0.304799,1.09968
0.345244,0.603441
0.32801,0.730551
0.150078,0.0791212
0.330378,0.118591
0.485065,0.0579606
0.735388,0.217512
-0.501811,0.919665
-0.0807765,0.527914
-0.0658412,0.560354
0.464048,0.147612
0.617194,0.447179
0.914022,0.516888
0.241456,0.254646
0.430319,1.12272
0.403344,0.383541
0.342782,0.26464
0.596896,0.506526
0.622995,0.561396
0.563345,0.456704
0.0351489,0.801964
0.0446486,0.553385
0.00589929,0.801527
0.0711925,0.419584
0.0550957,0.712057
0.497139,0.549894
0.468901,0.291229
0.489901,0.115638
0.46946,0.47864
0.510726,0.0726308
0.419406,0.205098
0.562331,0.218144
0.613002,0.292223
0.446587,0.0468877
0.427704,0.0542359
0.7437,0.532547
0.795555,0.63708
0.79501,0.493882
0.800037,0.815074
0.661753,0.647202
0.315299,0.0852764
0.447533,0.0879344
0.56853,0.0392164
0.511443,0.0962388
0.717141,0.0622962
0.698146,0.193417
0.603925,0.0590596
0.250966,0.0125612
0.241174,0.144681
0.441776,0.0488818
0.498595,0.0312436
0.0203302,0.539893
0.202633,0.435188
0.187781,0.716116
0.20005,0.311547
0.390082,0.459056
0.414639,0.430427
0.456623,0.683301
0.34076,0.410072
0.244573,0.333028
0.289841,0.260421
0.432828,0.138423
0.486342,0.0286842
0.45601,0.00816799
0.365429,0.00815223
0.559514,0.0174175
0.501846,0.0185643
0.583954,0.343885
0.526606,0.377053
0.393478,0.260035
-0.104683,1.01394
0.41837,0.207803
0.430211,0.292897
1.11458,0.782845
0.702666,0.342352
0.568661,0.154401
0.346345,0.177788
0.253935,0.305709
0.577721,0.193387
0.724267,0.484456
0.405871,0.541508
0.269206,0.733007
0.439893,0.214465
0.567907,0.0389234
0.285117,0.0289676
0.397842,0.281665
0.370021,0.484143
0.366439,0.484421
0.374041,0.193151
0.419423,0.406235
0.531842,0.723495
0.804812,0.418103
0.31704,0.0218346
0.514216,0.114457
0.600837,0.179009
0.452989,0.102141
0.493613,0.0249472
0.494609,0.0580121
0.521757,0.144655
0.768008,0.171576
0.822453,0.516276
0.703045,0.50352
0.757682,0.258008
0.47824,0.123296
0.572776,0.185843
0.231617,0.00616482
0.618112,0.00438879
0.264668,0.019505
0.403612,0.0107013
0.397676,0.0519781
0.312586,0.00538646
0.379518,0.0052427
0.47047,0.0034889
0.347025,0.0181633
0.460847,0.00890297
0.394085,0.138642
0.479697,0.0613161
0.309222,0.0254509
0.330542,0.0122895
0.38425,0.24977
0.457995,0.198644
0.401739,0.0216224
0.413254,0.0867181
0.411549,0.0999452
0.351761,0.103372
0.467782,0.163142
0.838438,0.203823
0.880549,0.212103
0.812309,0.263996
0.341397,0.0692613
0.340713,0.106488
0.594868,0.0202752
0.27742,0.0307627
0.465285,0.0228845
0.413081,0.0180691
0.796263,0.110957
0.131792,0.0441843
0.213727,0.0423417
0.448163,0.0461398
0.455432,0.0672657
0.645598,0.308355
0.355994,0.27549
0.262459,0.364795
0.257571,0.370142
0.354115,0.429048
0.581673,0.149879
0.663559,0.585316
0.46079,0.157761
0.343913,0.269062
0.432572,0.101464
0.174038,0.271894
0.405299,0.0616716
0.34464,0.100094
0.319781,0.236141
0.514859,0.196929
0.418961,0.613879
0.266758,0.189603
0.392756,0.0424214
0.357268,0.0446351
0.450473,0.43623
0.426972,0.370813
0.425743,0.626648
0.176971,0.259144
0.189816,0.254075
0.408461,0.127505
-0.109246,0.800462
-0.10556,0.837294
0.167912,0.573432
0.228136,0.098924
0.257682,0.121367
0.181937,0.592654
0.515774,0.108912
0.367791,0.133548
0.400311,0.118702
0.159972,0.168965
0.447382,0.0990594
0.756274,0.280122
0.439553,0.259375
0.460043,0.314165
0.346632,1.21833
0.302776,0.934025
0.21966,1.0635
0.362706,0.293521
0.291291,0.195987
0.451285,0.0337674
0.350739,0.00363539
0.292369,0.260853
0.467805,0.111946
0.363151,0.111171
0.420723,0.0702559
0.607992,0.15345
0.624176,0.246119
0.422537,0.112026
0.262476,0.0670717
0.958103,0.779985
0.978191,0.385706
0.306426,0.759702
0.405219,0.509757
0.669303,0.518531
0.322795,0.144709
0.103227,0.324363
0.194625,0.38533
0.244709,0.728544
0.273372,0.299365
0.382345,0.400882
-0.0442915,0.640888
-0.108079,1.4281
-0.0637155,0.871484
0.473998,0.0781464
0.48193,0.202737
0.366822,0.270156
0.243581,0.176251
0.239961,0.177999
0.33983,0.112504
0.297343,0.128393
0.291663,0.0890732
0.398594,0.105479
0.311561,0.0276637
0.523616,0.0534864
0.349901,0.113059
0.426267,0.0858822
0.171608,0.0890834
0.295097,0.190009
0.358649,0.121189
0.345499,0.0862593
0.781802,0.175641
0.630674,0.13595
1.31107,0.34477
1.37655,0.363274
1.32153,0.787679
1.33876,0.618061
1.22074,0.792986
0.988391,0.415208
0.980487,0.299139
0.326288,0.263084
0.502619,0.387475
0.458196,0.303908
0.409204,0.206026
0.207028,0.277916
0.195852,0.381912
0.528096,0.777248
0.43998,0.155183
0.482271,0.303252
0.494906,0.275304
0.881251,0.438413
0.867097,0.329524
0.865948,0.269648
0.735699,0.28956
0.473545,0.593794
0.411571,0.297856
0.687946,0.363847
0.253451,0.0966837
0.544584,0.118256
0.428023,0.102324
0.496314,0.0363659
0.519618,0.333986
0.65404,0.337133
0.677812,0.264662
0.465138,0.055419
0.491668,0.185897
0.775042,0.427496
0.0978406,0.0916263
0.118414,0.0889528
0.411037,0.0526365
0.388019,0.0410615
0.523902,0.0587779
0.343757,0.0137316
0.514092,0.0186595
0.462496,0.00615576
0.463722,0.00569761
0.33229,0.0226942
0.449522,0.0564036
0.691896,0.0740354
0.134533,0.015855
0.751683,0.110564
0.0350449,0.184182
0.389961,0.0202666
0.400952,0.0143452
0.471379,0.0459299
0.386825,0.0711003
0.378269,0.0801024
0.598103,0.158197
0.576151,0.127622
0.224437,0.242622
0.550301,0.129381
0.54411,0.400379
0.246103,0.131094
0.496307,0.49319
0.446915,0.601105
0.235836,0.23623
0.20505,0.349802
0.596431,0.59646
0.477524,0.71295
0.521542,0.0893188
0.361706,0.0987679
0.378075,0.360771
0.172552,0.7174
0.511246,0.283317
0.60888,0.379031
0.225746,0.103551
0.444279,0.0634145
0.415916,0.094423000000000007
0.456047,0.0363948
0.535978,0.325665
0.491706,0.196092
0.447805,0.205504
0.284374,0.0959695
0.445601,0.571353
0.433183,0.0622138
0.629928,0.00340238
0.197082,0.0299248
0.463383,0.072714
0.296453,0.127387
0.373466,0.0522729
0.467692,0.00578895
0.352378,0.0231482
0.42151,0.00364712
0.424488,0.0161393
0.467388,0.0134772
0.345324,0.0114866
0.177114,0.0247499
0.511706,0.0657063
0.311061,0.070981
0.653968,0.0673296
0.643429,0.078242
0.548645,0.0701019
0.618933,0.104071
0.365962,0.00589693
0.481278,0.240868
0.39815,0.0679804
0.479375,0.135278
0.0137669,0.708204
0.139719,0.351399
0.681596,0.549189
0.477645,0.404827
0.587833,0.455638
0.58819,0.606798
0.432566,0.448119
0.730158,0.612276
0.503767,0.131227
0.222053,0.161942
0.237474,0.152223
0.328404,0.0961793
0.272662,0.14416
0.212231,0.465951
0.399167,0.0395059
0.718559,0.293546
0.693815,0.215192
0.670145,0.230382
0.377206,0.197258
0.700286,0.519654
1.06703,0.510268
0.216125,0.115382
0.517587,0.110882
0.555434,0.101945
0.215113,0.0857991
0.600137,0.0137985
0.161361,0.0167907
0.60455,0.0885175
0.475715,0.0275874
0.221295,0.103414
0.103691,0.482261
0.537803,0.18861
0.428463,0.225057
1.00683,0.770253
0.890084,0.499143
0.388996,0.160169
0.487135,0.18729
0.358665,0.154337
0.733493,0.323378
0.427304,0.377497
0.585568,0.110411
0.521312,0.295323
0.576115,0.0432939
0.388213,0.135598
0.612155,0.595939
0.481917,0.609491
0.520477,0.136182
0.488111,0.501238
0.445206,0.325511
0.480666,0.204718
0.220136,0.343311
0.254945,0.261877
0.326791,0.199719
0.323482,0.157137
0.377064,0.111022
0.483228,0.094883
0.127781,0.411916
0.111559,0.232571
0.433883,0.247722
0.627945,0.100922
0.477391,0.119042
0.503633,0.109567
0.657058,0.458734
0.876251,0.340588
0.235562,0.116959
0.346528,0.0762549
0.490131,0.00667419
0.330443,0.00230625
0.0404411,0.239804
0.608431,0.0546069
0.500628,0.167685
0.310339,0.137171
0.524567,0.117222
0.808333,0.143538
0.364769,0.264639
0.32992,0.0742684
0.55541,0.272652
0.126022,0.0502957
0.389499,0.132656
0.766214,0.460359
0.400024,0.0194184
0.400065,0.00896693
0.424796,0.00386523
0.396655,0.0178036
0.397044,0.0342923
0.383066,0.120673
0.327487,0.131982
0.68008,0.281744
0.421117,0.0210293
-0.19249,0.490139
0.405943,0.457519
0.257572,0.728306
0.270126,0.207573
0.376436,0.257132
0.348439,0.218564
0.346828,0.428945
0.237377,0.13522700000000001
0.148801,0.241801
0.178076,0.402094
0.130578,0.434809
0.128084,0.43902
0.412278,0.312132
0.356738,0.178148
0.294552,0.133219
0.534438,0.612174
0.209858,0.364699
0.20205,0.378697
0.44709,0.110275
0.276056,0.0764264
0.336623,0.0843544
0.195494,0.983997
0.198851,1.00032
0.815019,0.264778
0.956558,0.428309
0.969014,0.570438
0.896656,0.368021
0.964629,0.495064
1.30775,1.06048
1.28272,0.824957
1.31537,0.710997
0.946959,0.505669
0.733225,0.399249
0.25878,0.508669
0.239565,0.512348
0.336532,0.376476
0.484242,0.177008
0.828346,0.908537
0.95188,0.61151
0.432401,0.414994
0.697957,0.694656
0.665926,0.800298
0.580398,0.364242
1.06352,0.553729
0.200783,0.198822
0.347536,0.291106
0.24351,0.510054
0.461633,0.286392
0.718559,0.288722
0.663002,0.619219
0.831467,0.487801
0.844782,1.02372
0.848091,0.83114
0.765024,0.659594
0.552164,0.321549
0.650989,0.436041
0.446771,0.0784702
0.438794,0.274859
0.549655,0.129005
0.632635,0.134911
0.609359,1.07632
0.293958,0.048686
0.289928,0.0799675
0.0823637,0.54766
0.520206,0.234546
0.586134,0.234941
0.396583,0.201581
0.421029,0.0560323
0.540726,0.0434668
0.328969,0.116746
0.543616,0.0981844
0.530577,0.339676
0.69626999999999994,0.176533
0.484258,0.187167
0.616439,0.0350124
0.631055,0.284364
0.229776,0.11355
0.462359,0.0988924
0.473231,0.387813
0.509149,0.387274
0.50955,0.135989
0.216957,0.0405807
0.395228,0.03652
0.332857,0.0261552
0.408808,0.357091
0.495082,0.246929
0.333355,0.160954
0.82377,0.242044
0.69114,0.114522
0.454859,0.0869577
0.466167,0.0777837
0.785676,0.31315
0.450474,0.758643
0.780686,0.357473
0.755789,0.237355
0.434521,0.0848462
0.420752,0.0566436
0.414977,0.257574
0.696984,0.413874
0.674797,0.392029
0.459971,0.455893
0.449335,0.709926
0.606119,0.787768
0.391293,0.553009
0.8261,0.651906
0.926387,0.71285
1.02175,0.65666
0.840325,0.576414
-0.108302,0.772298
0.00633759,0.688612
0.171568,0.720493
0.394052,0.544694
0.506257,0.210397
0.521972,0.290784
0.523583,0.286868
0.374079,0.15346
0.353004,0.57016
0.42703,0.560928
0.15727,0.537643
0.529404,0.327185
0.527686,0.453219
0.423397,0.902345
0.721839,0.382907
0.461763,0.267396
0.627942,0.516416
0.757043,0.790107
0.472306,0.16613
0.488188,0.217646
0.505055,0.121371
0.481979,0.345627
0.430533,0.488487
0.405228,0.347753
0.44854,0.224378
0.586905,0.393666
0.594884,0.24382
0.463098,0.270712
0.36662,0.301219
0.508367,0.366165
0.44271,0.186278
0.753363,0.428681
0.588921,0.117408
0.531702,0.0641512
0.596472,0.78058399999999994
0.713689,0.435469
0.698304,0.508378
0.799339,0.73612
0.465265,0.0718429
0.441731,0.196719
0.295775,0.194711
0.531052,0.329102
0.324141,0.144706
0.579246,0.0337493
0.0825926,0.274115
0.447733,0.043543
0.404712,0.495994
0.451261,0.200589
0.500383,0.286107
-0.284044,0.566989
0.607733,0.00721858
0.395251,0.00294027
0.429541,0.00441763
0.322286,0.00395159
0.523223,0.00300146
0.354272,0.365826
0.453939,0.152457
0.43055,0.173026
0.873555,0.447212
0.382018,0.329588
0.617713,0.241532
0.43017,0.419568
-0.0404385,0.585224
0.259559,0.730899
0.564947,0.417833
0.592326,0.467283
0.452406,0.488905
0.406695,0.258706
0.342284,0.230942
0.759729,0.417696
0.87151,0.48436
0.853009,0.346361
0.416443,0.296145
0.369172,0.252559
0.416125,0.285103
0.220873,0.48011
0.241079,0.321454
0.22663,0.34588
0.228945,0.201967
0.324398,0.202333
0.673203,0.230839
0.571472,0.137381
0.463209,0.203494
0.547077,0.246263
0.354262,0.0501455
0.21609,0.282934
0.915427,0.826913
0.345371,0.200588
0.374819,0.192693
0.246025,0.155563
0.172855,0.130396
0.443883,0.0902758
0.16302,0.248032
0.505353,0.117442
0.381232,0.103298
0.368588,0.101612
0.635893,0.240258
0.45723,0.348873
0.0774385,0.393509
0.51629100000000006,0.456419
0.488173,0.427574
0.723595,0.52938
0.513628,0.211728
0.418245,0.303577
0.437944,0.0869366
0.507431,0.231233
0.934663,0.807409
0.892469,1.02207
0.828633,0.583064
0.374433,0.432681
0.383538,0.265898
0.505061,0.734141
0.562446,0.352921
0.789122,0.575431
0.547656,0.214365
0.54826,0.305485
0.657986,0.198248
0.428029,0.213432
0.446276,0.123733
0.900834,0.486291
0.877399,0.424656
0.861331,0.3942
0.223998,0.0360174
0.362831,0.00847816
0.318019,0.0119401
0.489286,0.0134122
0.542334,0.165651
0.300791,0.073257
0.316368,0.0593835
0.883004,0.19917
0.805212,0.356985
0.888027,0.524072
0.817721,0.323505
0.808513,0.389322
0.186443,0.171919
0.0316744,0.573607
-0.0998761,0.400083
-0.409863,0.712341
0.182019,0.83782
0.498406,0.37094
0.26447,0.30297
0.204009,0.430861
0.178025,0.579482
0.473642,0.601127
0.21641,1.07489
0.0706873,0.745753
0.45092,0.0213662
0.282399,0.171312
0.301635,0.223774
0.574649,0.0526785
0.205575,0.225587
0.215766,0.228782
0.543626,0.146099
0.531732,0.253375
0.568961,0.261497
0.583802,0.200693
0.547628,0.25201
0.638661,0.326533
0.63749,0.337249
0.70848,0.236647
0.682401,0.465996
0.622651,0.286934
0.654353,0.268601
0.717973,0.950312
0.412848,0.232223
0.407106,0.16157
0.387562,0.276379
0.330747,0.292894
0.664518,0.394338
0.460743,0.122466
0.361731,0.172357
0.276983,0.121965
0.118367,0.261054
0.270875,0.543399
0.361289,0.106849
0.239589,0.240679
0.357923,0.1644
0.296656,0.555482
0.462748,0.0524323
0.428182,0.0619434
0.452493,0.0500233
0.41519,0.0894841
0.405521,0.0780017
0.222472,0.0302407
0.281484,0.388985
0.584236,0.320949
0.378174,0.142706
0.574463,0.0881672
0.63137,0.109605
0.265991,0.0223125
0.258006,0.0195666
0.526587,0.0276716
0.557068,0.233757
0.437771,0.098671
0.55043,0.19047
0.548283,0.400328
0.615926,0.138116
0.538007,0.0636041
0.45879,0.0435182
0.336202,0.0066538
0.601238,0.756994
0.544337,0.591956
0.392527,0.105048
0.209027,0.0568891
0.592627,0.006299
0.269403,0.00272758
0.463883,0.00248339
0.31426,0.0301946
0.491575,0.105452
0.35469,0.0758171
0.469065,0.234779
0.423218,0.52183
0.536687,0.383772
-0.244258,0.778695
-0.244528,0.781261
0.337405,0.564418
0.297876,0.647839
0.530734,0.370902
0.28819,0.289468
0.338438,0.300564
0.24803,0.351882
0.151839,0.216824
0.22523,0.232106
0.213396,0.479082
0.924338,0.524489
0.8849,0.574282
0.837728,0.542048
0.544169,0.226835
0.550186,0.226804
0.49642,0.214569
0.405204,0.0422091
0.346814,0.00576949
0.454026,0.00194456
0.402758,0.17449
0.0658442,0.0725662
0.537987,0.0672235
0.568967,0.084711
0.388772,0.00557653
0.519032,0.0572866
0.417112,0.0516716
0.26313,0.0635232
0.420359,0.170833
0.255976,0.0499747
0.581721,0.445782
0.59435,0.2987
0.653248,0.621681
0.592728,0.553604
0.47948,0.1218
0.752692,0.637429
0.321699,0.314622
0.25621,0.154241
0.556944,0.0444454
0.246097,0.118124
0.298505,0.0972702
0.128495,0.102189
0.38353,0.0996855
0.51757,0.214901
0.595199,0.100384
0.382161,0.316833
0.601676,0.182772
0.524515,0.209626
0.710394,0.695258
0.79009,0.182603
0.672734,0.219222
0.65054,0.0978177
0.486339,0.0125183
0.411955,0.245629
0.345659,0.267954
0.416322,0.107166
0.48259,0.167443
0.626736,0.256531
0.528212,0.377143
0.417097,0.335991
0.351958,0.455552
0.573571,0.166152
0.116251,0.638321
0.236761,0.183794
0.309981,0.123782
0.389216,0.101299
0.520131,0.740827
0.528785,0.209206
0.317709,0.0769403
0.609987,0.43636200000000003
0.809995,0.543291
0.315442,0.175887
0.561091,0.146711
0.244681,0.376673
0.634253,0.0899021
0.643965,0.166954
0.492022,0.258473
0.230419,0.29525
0.312652,0.159053
0.640525,0.174668
0.715829,0.384985
1.06431,0.568834
1.16997,0.684476
1.06237,0.46044
0.222712,0.0829875
0.395411,0.144988
0.369918,0.27211
0.308421,0.295818
0.405083,0.144812
0.259254,0.0178782
0.473622,0.151026
0.330034,0.0236988
0.323736,0.476048
0.23494,0.12433
0.300833,0.0597348
0.394451,0.319122
-0.0763895,0.853144
0.572804,0.337927
0.455304,0.0801946
0.603791,0.300872
0.573908,0.137651
0.667566,1.0937
0.690431,0.734477
0.484232,0.0272185
0.409301,0.0185298
0.44088,0.0483722
0.372906,0.0260226
0.423673,0.0148677
0.342219,0.0669781
0.50832599999999994,0.0059665
0.449865,0.092224
0.266416,0.466266
0.425616,0.131511
0.347307,0.26
0.54471,0.254724
0.576614,0.0833695
0.566652,0.0919174
0.511651,0.16739
0.130448,0.0924581
0.518017,0.0771747
0.183165,0.155087
0.30324,0.17617
0.489794,0.259267
0.468776,0.214473
0.644123,0.272759
0.614221,0.393692
0.421391,0.198766
0.428756,0.229834
0.363758,0.241902
0.957601,0.430536
0.503467,0.145445
0.528679,0.138918
0.488185,0.122839
0.150267,0.0684155
0.305854,0.0494656
0.483225,0.12354
0.322127,0.0452832
0.46728,0.025891
0.435334,0.240854
0.513954,0.267051
0.492615,0.257055
0.518255,0.150607
0.557579,0.311755
0.212413,0.442389
0.734479,0.40926
0.615858,0.36053
0.634421,0.204853
0.919381,0.361384
0.836995,0.685952
0.303949,0.199206
0.24813,0.103185
0.46057,0.225757
0.656889,0.198292
0.594483,0.965632
0.686911,0.452566
0.620081,0.872904
0.796241,0.330261
0.203393,0.419232
0.5698,0.336705
0.3825,0.855042
0.282095,0.474665
0.642582,0.242667
0.541066,0.04646
0.257189,0.370598
0.266005,0.17272
0.107369,0.35328
0.198687,0.223313
0.241008,0.276749
0.439927,0.0565426
0.31986,0.0408101
0.464907,0.0879519
-0.0869489,0.926904
0.0847927,0.306971
0.505683,0.0175645
0.357678,0.0140947
0.499596,0.0234689
0.531743,0.0224415
0.300365,0.161795
0.282503,0.231913
0.396995,0.185977
0.372921,0.12176
0.494896,0.29654
0.501836,0.306918
0.477544,0.224803
0.332266,0.2631
0.292055,0.28954
0.803903,0.204255
0.736017,0.23453
0.855968,0.307028
0.71327,0.309745
1.0606,0.753115
0.893536,0.543325
1.03933,0.586506
0.897665,0.341055
0.205238,0.475981
0.190378,0.883901
0.0157754,0.640344
0.0202228,0.640096
-0.325536,0.952781
-0.261432,0.924561
0.0872857,0.355474
0.234203,0.957179
0.209715,0.922804
0.26476,0.61634
0.588474,0.651191
0.865207,0.796722
0.3698,0.596836
0.374371,0.909569
0.461015,0.228927
0.875997,0.877788
1.09347,0.592287
0.525396,0.0943244
0.640791,0.163712
1.15185,0.456494
0.10362,0.376788
0.0146442,0.333538
0.0623249,0.484182
0.34758,0.160542
0.618168,1.02288
0.660817,1.29507
0.678442,0.950218
0.584984,0.363025
0.513323,0.290281
0.401577,0.102234
0.545174,0.24257600000000001
0.500946,0.0410414
0.468266,0.0682033
0.49216,0.0313498
0.374862,0.37963
0.290302,0.0464398
0.399142,0.0250461
0.153102,0.138425
0.931894,0.512008
0.908922,0.56868
0.71313,0.377345
0.48407,0.394902
0.405326,0.778495
0.826296,0.543705
0.753319,0.369718
0.745316,0.239739
0.694882,0.875174
0.731476,0.628039
0.711918,0.412487
0.496019,0.308085
0.365019,0.350841
0.277733,0.14733
0.369653,0.0733998
0.712308,0.453373
0.675431,0.739399
0.220043,0.360676
0.497572,0.440519
0.360304,0.148458
0.480632,0.231365
0.750896,0.407762
0.37447,0.0975416
0.255816,0.158639
0.57221,0.196848
0.30326,0.0523438
0.288034,0.258418
0.517916,0.290547
0.819233,0.329783
0.596686,0.226518
0.391369,0.276281
0.440112,0.0633209
0.304437,0.144789
0.315845,0.142561
0.431852,0.136712
0.472648,0.342445
0.512955,0.441613
0.645871,0.366653
0.553281,0.338705
0.630108,0.32588
0.659405,0.357209
0.426133,0.797448
0.577186,0.211286
0.611155,0.401102
0.632297,0.113826
0.581621,0.221347
0.447798,0.10638
0.48151,0.0790143
0.340846,0.051235
1.0405,0.565683
0.33967,0.111069
0.548339,0.0205224
0.272188,0.010481
0.523283,0.0444867
0.478035,0.145002
1.11053,1.18444
0.96279,0.68361
1.07014,0.932989
0.794416,0.412646
0.754389,0.321046
0.700844,0.397254
0.272868,0.203357
0.603013,0.137021
0.708927,0.201
0.515348,1.02203
0.516893,1.10879
1.00248,0.173995
0.361376,0.731347
0.293458,0.127658
0.386598,0.109551
0.275969,0.0764042
0.541521,0.090116
0.39576,0.284047
0.343004,0.264845
0.437051,0.122167
-0.0186277,0.335511
0.34932,0.299829
0.6885,0.486915
0.308594,0.206751
0.329854,0.667231
0.315498,0.580148
0.312903,0.225566
0.411725,0.411489
0.682024,0.246243
0.574729,0.208367
0.498466,0.431146
0.395543,0.0164418
0.421231,0.00756012
0.424055,0.00635557
0.388016,0.00775965
0.530823,0.00857237
0.739532,0.010586
0.552754,0.0418574
0.181663,0.228434
0.556997,0.0505233
0.473896,0.0723068
0.444506,0.387295
0.911027,0.449886
0.248928,0.597324
0.345089,0.411409
0.546352,0.0684463
0.302574,0.0515504
0.386971,0.0277048
0.574178,0.493208
0.363231,0.389536
0.249168,0.383198
0.384168,0.667998
0.630529,0.391649
0.496853,0.163851
0.486691,0.142367
-0.0124759,0.424035
0.0393961,0.434469
0.0150847,0.628516
0.564363,0.0981647
0.536097,0.102826
0.191422,0.3223
-0.0241131,0.353116
-0.0361716,0.141667
0.2352,0.114944
0.377268,0.0615836
0.282006,0.0426149
0.359718,0.245686
0.542614,0.326086
0.385634,0.344476
0.435356,0.545576
0.485417,0.71413
0.46703,0.648586
0.437111,0.452588
0.225446,0.504883
0.308068,0.181076
0.320669,0.120111
0.311433,0.255413
0.975215,0.46203
0.573559,0.32949
0.0928792,0.506123
0.170378,0.414817
-0.540579,0.853634
-0.59181,0.749549
-0.606046,0.845251
1.16094,0.458717
0.831281,0.534358
0.578229,0.0904571
0.308242,0.0293357
0.330964,0.0295309
0.465581,0.00981914
0.38432,0.014791
0.478728,0.0368526
0.394886,0.0329215
0.430646,0.448816
0.494571,0.133017
0.465591,0.130141
0.494456,0.121819
0.62916,0.20853
0.718661,0.208812
0.76609,0.333641
0.553311,0.235243
0.616204,0.239684
1.09409,0.65013
1.08305,1.08632
0.454786,0.286788
0.404014,0.137611
0.780239,0.833518
0.610273,0.144681
0.398587,0.0528133
0.539842,0.306093
0.408429,0.411695
0.40623,0.547322
0.386757,0.552301
0.722591,0.614183
0.746783,0.670456
0.728167,0.523672
0.537919,0.334075
0.713872,0.139685
-0.0746125,1.40199
0.270074,0.236498
0.243793,0.451441
1.07643,0.709781
1.01965,0.972902
1.45368,0.538322
1.51315,0.88274300000000006
1.44471,0.737546
1.32761,0.54211
1.32485,0.962192
1.3124,0.439805
1.3091,0.522897
1.30644,0.368219
0.636412,0.0109735
0.476874,0.0167428
0.463517,0.239836
0.303694,0.280236
0.264499,0.334903
0.239982,0.332739
0.647844,0.104043
0.660587,0.171934
0.528427,0.151588
0.628425,0.162905
0.417302,0.133417
0.618586,0.226141
0.485939,0.131155
0.765594,0.131885
0.266662,0.145252
0.420945,0.187846
0.445758,0.11665
0.335064,0.140492
0.39402,0.201026
0.465453,0.440682
0.7586,0.737711
0.742673,0.669481
0.825044,0.781457
-0.0188432,0.397746
0.206476,0.275453
0.522975,0.0727193
0.478263,0.0353138
0.180275,0.26954
0.660996,0.185041
0.347829,0.0374874
0.453802,0.112978
0.330693,0.0783716
0.362674,0.573836
0.297961,0.134519
0.218316,0.526242
0.272694,0.177967
0.347686,0.263847
0.618182,0.346253
0.518536,0.150527
0.541477,0.24696100000000001
0.300567,0.302225
0.706489,0.519991
0.119016,0.610944
0.330862,0.635772
0.266404,0.18126
0.509659,0.45839
0.434297,0.187577
0.412786,0.102124
0.658554,0.247489
0.548861,0.161437
0.522298,0.263889
0.629847,1.05849
0.681849,0.629171
0.691773,0.148019
0.63075,0.241223
0.576936,0.065628
0.314089,0.0968972
0.683662,0.5451
0.874206,0.793113
0.758572,0.496978
0.34852,0.465892
0.412764,0.312731
0.25206,0.280465
0.990893,0.578343
1.3197,0.933082
1.52508,0.89281
0.301474,0.0543482
0.444333,0.0876282
0.385573,0.00788102
0.426214,0.0124852
0.300885,0.0188645
0.553359,0.0282074
0.472242,0.126515
0.631007,0.236229
0.358383,0.142306
0.524602,0.0645079
0.318108,0.0649023
0.45175,0.385652
0.414869,0.218956
0.365623,0.400673
0.230936,0.173699
0.359627,0.222813
0.240911,0.084219
0.30722,0.0544375
0.576796,0.622595
0.793049,0.209718
0.378012,0.0688577
0.601813,0.0617452
0.456765,0.390147
0.775388,0.582539
0.727144,0.586058
0.589004,0.445558
0.724505,0.526529
0.758327,0.420911
0.539032,0.606776
0.52185,0.556693
0.590884,0.40525
0.421069,0.536143
0.348051,0.0172663
0.577193,0.0217496
0.570442,0.0151262
0.547723,0.0108162
0.171913,0.0332199
0.17263,0.0170723
0.238925,0.00778716
0.418914,0.00268003
0.888584,0.22683
0.876751,0.22601
0.435889,0.0316401
0.480781,0.0588449
0.477859,0.315957
1.36723,0.617327
1.47495,0.838806
1.63654,1.11625
1.80319,1.07216
0.481215,0.0363271
0.343987,0.0655045
0.521121,0.446841
0.585546,0.473865
0.591416,0.55535
0.453115,0.0746295
0.580785,0.318419
0.743421,0.277888
1.13287,0.748256
1.12292,0.497678
1.02865,0.700829
1.22937,0.709962
1.30015,0.648449
1.54471,0.837995
1.44678,1.01448
1.00764,0.407913
0.681137,0.339362
0.699049,0.636769
0.639721,0.280975
0.964934,0.869555
1.03922,0.881201
0.909764,0.806629
0.626545,0.428152
0.614451,0.358499
0.62096,0.411688
0.466609,0.398906
-0.0175037,0.627053
0.539555,0.223429
0.473016,0.346504
0.563921,0.210958
0.616641,0.431107
1.05072,0.607535
1.02301,0.489675
0.995939,0.725485
0.312973,0.358199
0.21504,0.255375
0.756237,0.301096
0.574702,0.199747
0.624488,0.270398
0.652741,0.184429
0.369728,0.221802
0.397105,0.349877
0.360441,0.31246
0.525164,0.0701795
0.49356,0.0636231
0.416128,0.03328
0.39433,0.0205823
0.326919,0.652942
0.379462,0.767302
0.375827,0.971448
0.399825,0.122181
0.481008,0.0752271
0.254352,0.213561
0.81832800000000006,0.253885
0.499288,0.392578
0.469227,0.15921
0.471572,0.189792
0.32567,0.149004
0.449982,0.028041
0.585529,0.0319578
0.272706,0.0394138
0.424014,0.00847798
0.433992,0.00717641
0.270987,0.668786
0.291544,0.769107
0.270225,0.836801
0.0857436,0.450792
0.204902,0.813073
0.193171,0.545921
0.160565,0.811755
0.556179,0.342711
0.763267,0.641996
0.461421,0.271458
0.246244,0.395396
0.528656,0.513367
0.632292,0.292676
0.632144,0.486757
0.656606,0.562832
0.633476,0.543622
1.21456,0.583779
1.41565,0.912075
1.44124,0.715967
1.59657,1.01813
1.36065,0.518246
0.748066,0.752677
0.966744,0.464008
0.823296,0.256045
0.408289,0.232127
0.408052,0.758357
0.380251,0.751912
0.335594,0.23722
0.443424,0.652207
0.471767,0.778116
0.41727,0.247975
0.462176,0.301126
-0.0111447,0.930251
-0.0651883,0.571851
0.518836,0.117029
0.00629248,0.274814
0.52412,0.173373
0.403014,0.497516
0.455171,0.15197
0.959969,0.358388
0.734069,0.207809
0.856293,0.240358
0.443773,0.155833
0.417336,0.153985
0.557217,0.143587
0.592991,0.328492
0.518018,0.110587
0.437316,0.455433
0.385777,0.00974383
0.292771,0.0748618
0.734572,0.291081
0.659776,0.259525
0.606089,0.215604
0.876522,0.536574
0.197163,0.349972
0.644913,0.707744
0.712129,0.601896
0.653196,0.431319
0.405681,0.635203
0.382176,0.400125
0.353263,0.215749
0.348784,0.150077
0.677011,0.192459
0.0878948,0.750186
0.0984698,0.645916
0.0664076,0.717738
0.0842148,0.981389
0.532875,0.0990303
0.539579,0.0839367
0.560724,0.0939043
0.240156,0.76422
0.0457457,0.69231
-0.0175139,0.338503
0.706827,0.161392
0.434779,0.111054
0.458742,0.0960103
0.465728,0.104774
0.48242,0.204332
0.483068,0.122407
-0.26498,0.813148
0.465129,0.358072
0.409738,0.286972
0.427532,0.357255
0.37557,0.505479
0.550982,0.115751
0.191367,0.100895
0.379151,0.193433
0.490116,0.0647352
0.348198,0.0378439
0.413947,0.1429
0.17055,0.38906
0.138612,0.401327
0.0858012,0.401607
-0.0411864,0.539208
-0.213647,1.26416
-0.323386,1.11246
0.446572,0.0564627
0.392444,0.0249998
0.385174,0.0632521
0.238708,0.0546532
0.587483,0.261619
0.570529,0.273968
0.511397,0.391365
0.643787,0.27222
0.679785,0.778741
0.647563,0.818494
0.65738,0.71613
0.639503,0.388264
0.722361,0.211112
0.555354,0.166824
0.146351,0.362266
0.0542205,0.375213
0.114758,0.606355
0.16514,0.876647
0.654672,0.39425
0.800795,0.31761
0.457923,0.611713
0.418688,0.424366
0.646603,0.59671
0.682578,0.723462
1.24571,0.721327
0.19812,0.107679
0.62087,0.392759
0.708922,0.874094
0.719609,0.766784
0.360301,0.242989
0.639455,0.0813041
0.647961,0.0412695
0.543286,0.0290323
0.597601,0.180206
0.456869,0.159228
0.379784,0.14741
0.527254,0.083623
0.629997,0.0825704
0.284014,0.0114965
0.585859,0.0121502
0.647336,0.259425
0.750021,0.512829
0.456626,0.0240509
0.298448,0.0458226
0.479263,0.12552
0.490532,0.0783702
0.30606,0.0483532
0.29715,0.319745
0.752761,0.639984
0.32727,0.274341
0.360731,0.733425
0.335372,0.485565
0.0014864,0.861041
0.606062,0.674797
0.430075,0.58857
0.143812,0.872615
0.0805498,0.795141
0.462277,0.322675
0.012775,0.543942
0.258702,0.537202
-0.0700722,0.979126
-0.0554014,0.995221
-0.0676745,1.43054
0.510312,0.0392887
0.678762,0.260265
0.223966,0.220649
0.512932,0.318557
0.637729,0.291354
0.772289,0.294059
0.654842,0.249297
0.826958,0.356275
0.868672,0.405986
1.27444,0.898397
1.37677,0.726189
1.08031,0.922634
0.746578,0.524397
0.641982,0.387091
0.267314,0.14894
0.350179,0.0759488
1.79845,1.19069
1.79367,0.818908
1.79367,0.818908
-0.344895,0.706034
-0.14472,1.30878
0.0560526,0.396267
0.245808,0.723478
0.663605,0.481477
0.650223,0.85107
0.781077,0.344421
0.772571,0.424343
0.789285,0.458087
0.418601,0.17053
0.490604,0.0510495
0.399291,0.177091
0.589537,0.426329
0.663872,0.344827
0.624988,0.200851
0.424823,0.0808771
0.451132,0.0856809
0.420595,0.134424
0.35224,0.167831
0.545055,0.76623
0.269782,0.378604
0.344468,0.375976
0.406428,0.475697
0.0881873,0.656079
0.542513,0.350509
0.55664,0.46063
0.333879,0.178813
0.619992,0.503233
1.04406,0.419099
0.934065,0.343135
0.812485,0.476778
0.432871,0.112083
0.51944,0.506343
0.486045,0.47175
0.448773,0.223003
0.519126,0.262233
0.571814,0.324672
0.269396,0.0683553
0.574528,0.0305276
0.238071,0.0658855
0.35383,0.790801
-0.0151215,0.265364
-0.153933,0.250811
-0.121763,0.224125
-6.83635e-4,0.336629
0.141317,0.275859
0.192608,0.40124
0.437248,0.116166
0.607068,0.163772
0.451526,0.0771974
0.653071,0.0611231
0.409733,0.0751867
0.359923,0.0981472
0.529999,0.161762
0.496818,0.0873943
0.275471,0.0314141
0.251905,0.281804
0.707894,0.128503
0.674449,0.0174521
0.377676,0.21368
0.481535,0.0341389
0.524246,0.168719
0.512648,0.179351
0.646659,0.124113
0.476468,0.128549
0.757436,0.325603
0.783633,0.422041
0.730127,0.324757
0.772582,0.457899
0.797118,0.511294
0.645463,0.273132
0.585114,0.437836
0.475647,0.205715
0.541483,0.293913
0.515759,0.30334
0.68346,0.160648
0.708376,0.114669
0.426221,0.0859783
0.778313,0.219046
0.863423,0.181605
0.871102,0.625032
1.23181,0.615643
0.439857,0.395564
0.388534,0.261088
0.223744,0.651294
0.0187479,0.36709
0.500914,0.388898
0.51274,0.119155
0.545677,0.129843
0.654312,0.233554
0.606715,0.112281
0.53732,0.035178
0.34583,0.0275641
0.378774,0.0426296
0.291055,0.0553149
0.255268,0.0347188
0.586749,0.00875819
0.285036,0.0257011
0.48873,0.0564639
0.435813,0.0346915
0.898873,0.439556
0.577155,0.711314
0.475548,0.36183
0.506417,0.242118
0.528617,0.334287
0.155154,0.183265
0.474121,0.0600681
0.338083,0.00651643
0.233426,0.00506682
0.610401,0.307062
0.345758,0.222946
0.28755,0.0370405
0.410973,0.0061693
0.355942,0.175687
0.358415,0.149482
0.638563,0.0497007
0.513363,0.0555796
0.5147,0.0751693
0.231611,0.228027
0.114699,0.403559
0.328244,1.09092
0.234832,0.341916
-0.11118,0.984862
0.288097,0.624167
0.217932,0.41204
0.543508,0.429531
0.75158,0.749099
0.727124,0.615903
0.301402,0.124747
0.378931,0.0238345
0.393181,0.0482944
0.427914,0.179931
0.478123,0.31174
0.349298,0.715217
0.414508,1.00545
0.536533,0.608369
0.469128,0.297522
0.676304,0.347476
0.496765,0.8147
0.541868,0.474068
0.343719,0.298534
0.338891,0.216166
0.500144,0.336325
0.618269,0.233078
0.541077,0.765884
0.606994,0.248922
0.52784,0.860426
0.338899,0.415074
0.224134,0.112959
0.543238,0.128091
0.590021,0.0795316
0.57288,0.0453977
0.509448,0.400076
0.81025,0.14979
0.424536,0.260017
0.556184,0.0587823
0.589045,0.124862
0.255323,0.0784793
0.684457,0.215653
0.571568,0.253702
0.867131,0.50034
0.521024,1.07311
0.382972,0.418204
0.499009,0.0316556
0.354074,0.0200834
0.459879,1.43758e-4
0.312785,0.00227494
0.486379,0.00275595
0.188497,0.276529
0.153968,0.266994
0.194367,0.275492
0.267562,0.161326
0.135133,0.227806
0.127994,0.165513
0.513248,0.294891
0.48282,0.275252
0.177212,0.512868
0.0173655,0.408206
-0.449698,0.728338
-0.406019,0.559299
-0.402864,0.546682
-0.385398,0.824917
0.820915,0.806835
1.20327,0.653469
0.993732,0.441518
1.13996,0.797354
0.753089,0.275348
0.83372,0.921402
0.665671,0.42948
0.79825,0.801079
0.63097,0.249286
0.353048,0.465052
0.450825,0.260365
0.86371,0.297185
0.892525,0.337575
0.804427,0.49631
0.920296,0.34915
1.07541,0.374241
1.17865,0.545284
0.132394,0.178045
0.167834,0.914019
0.261861,0.0720281
0.247996,0.166104
0.313355,0.406241
0.592812,0.0770655
0.572798,0.0674226
0.241751,0.0139162
0.33068,0.0383055
0.559515,0.0167889
0.620846,0.313776
0.631277,0.0358473
0.354411,0.159168
0.533006,0.0705233
0.502369,0.159339
0.575141,0.320575
0.540864,0.0845218
0.0148636,0.349734
0.0155313,0.529756
0.0176497,0.519117
0.33154,0.137855
0.200822,0.340108
0.682548,0.345905
0.679191,0.386818
0.853207,0.264105
1.02449,0.539334
1.01901,0.743671
0.427511,0.0569706
0.453221,0.0926318
0.402936,0.155677
0.301557,0.197322
0.297564,0.251621
0.477334,0.0905219
0.341961,0.114133
0.32997,0.173952
0.30832,0.150676
0.654697,0.475318
0.657257,0.436903
0.438546,0.279634
0.335978,0.376017
0.46689,0.490302
0.287572,0.147872
0.33616,0.554919
0.301511,0.643595
0.146995,0.515326
0.150655,0.516441
0.491095,0.884654
0.407212,0.00394641
0.528796,0.00640259
0.384438,0.0239051
0.34938,0.199654
0.488876,0.109282
0.393128,0.363648
0.291007,0.842221
0.590534,0.393514
0.432871,0.0888081
0.448795,0.0545572
0.260329,0.18335
0.498871,0.0268544
0.490193,0.213967
0.513813,0.26414
0.416312,0.144419
1.2619,0.635721
0.991885,0.650621
0.523487,0.100296
0.480698,0.0885607
0.57101,0.226713
0.178879,0.18322
0.496725,0.0983356
0.224252,0.745444
0.318851,0.775959
0.298184,0.347251
0.440035,0.291682
0.617713,0.0383105
0.220749,0.0389065
0.985292,0.253475
0.620608,0.192194
0.429965,0.266355
0.132997,0.558995
0.60778,0.310739
0.714675,0.303395
0.899809,0.465465
0.342287,0.280689
0.352571,0.179146
0.473188,0.0892198
0.529101,0.0133808
0.48419,0.0456734
0.895088,0.586903
0.696702,0.283123
0.966461,0.694479
0.944338,0.642157
0.885003,0.370281
0.486405,0.248417
0.395408,0.452781
0.702585,0.776463
0.470479,0.0578592
0.588381,0.0401698
0.400947,0.0517982
0.463733,0.058451500000000003
0.481264,0.0851547
0.823497,0.430212
0.471346,0.0184031
0.352973,0.0815553
0.47048,0.0223444
0.459252,0.143995
0.318871,0.142563
0.477873,0.0842065
0.343292,0.0505049
0.674896,0.259534
0.475383,0.222794
0.709713,0.24837
0.220389,0.194835
0.341499,0.121852
0.830633,0.330146
0.51117,0.07283
0.438351,0.073866
0.545336,0.147449
0.398931,0.0354488
0.498058,0.19538
0.539288,0.214134
0.364593,0.131266
0.303143,0.166055
0.519191,0.0636341
0.259714,0.0497267
0.288553,0.0367102
0.621342,0.138253
0.537671,0.252415
0.502773,0.0911726
0.681836,0.315091
0.533577,0.110991
0.557244,0.861491
0.740871,0.223244
0.694052,0.288405
0.303158,0.13233
0.404039,0.0333771
0.340663,0.0574131
0.341217,0.276141
0.528784,0.166915
0.590257,0.16657
0.121566,0.282231
0.135821,0.384577
0.567609,0.23674
0.46222800000000003,0.199709
0.614907,0.313734
0.656111,0.771692
0.377714,0.0521825
0.366975,0.120263
0.469876,0.182816
0.52269,0.0423883
0.310888,0.115503
0.434934,0.214613
0.425429,0.411109
0.230851,0.188841
0.416942,1.3189
0.366049,0.133833
0.788998,0.448701
0.374874,0.0791669
0.235462,0.207136
0.332179,0.112058
0.547212,0.0899482
0.256735,0.172021
0.354535,0.0376567
0.467671,0.0994656
0.503011,0.0858874
0.498674,0.100966
0.537604,0.242127
0.658604,0.184421
0.677548,0.234018
0.561967,0.136658
0.605246,0.169596
0.627046,0.125788
0.545912,0.195324
0.320223,0.038291
0.535186,0.0421692
0.824589,0.182448
0.832264,0.226269
0.460315,0.380991
0.559424,0.155127
0.384735,0.194965
0.63725,0.482836
0.43947,0.283144
0.470267,0.148043
0.41851,0.0458067
0.333154,0.112382
0.379115,0.199141
0.299159,0.111822
0.37082,0.0335136
0.485347,0.146367
0.564923,0.0688273
0.21031,0.157272
0.58085,0.0279827
0.254497,0.0278777
0.186422,0.22611
0.331607,0.0337426
0.489016,0.0607588
0.476294,0.0926959
0.392143,0.0959759
0.375369,0.127774
0.632055,0.042173
0.226651,0.0217997
0.679363,0.109997
0.469291,0.159921
0.484408,0.188293
0.601368,0.143146
0.106866,0.208073
0.236928,0.301375
0.428489,0.0250657
0.330036,0.0237431
0.375885,0.135923
0.288422,0.363345
0.373776,0.0608521
0.487952,0.816999
0.48404,0.111423
0.281066,0.114832
0.59397200000000006,0.882033
0.457073,0.258953
0.283528,0.149324
0.896511,0.757284
0.879165,0.794315
0.612451,0.367163
0.654668,0.429227
0.688206,0.357258
0.752706,0.508868
1.21558,0.628251
0.951328,0.268691
0.927783,0.431575
0.468512,0.301362
0.41997,0.369951
0.530501,0.648682
0.641506,0.705932
0.504896,0.897411
0.419616,0.640332
0.52166,0.190323
0.846755,0.494972
0.661774,0.433272
0.419941,0.274231
0.710839,0.392998
0.635945,0.410311
1.11554,0.552602
1.09371,0.506436
0.768585,0.373946
0.818626,0.654566
0.849802,0.561234
1.13938,0.674228
0.853073,0.786088
0.816324,0.534132
0.826846,0.569816
0.761894,0.596166
0.603634,0.174694
0.658776,0.373765
0.525305,0.763221
0.471677,0.571591
0.658079,0.538233
0.694091,0.567365
0.299983,0.137271
0.406441,0.222131
0.70827,0.80104
0.814793,0.974096
0.813024,1.10618
0.510627,0.301864
0.519674,0.269177
0.592286,0.199062
0.263998,0.357093
0.539962,0.977792
0.567114,0.588392
0.591513,0.408524
0.635638,0.388441
0.658644,0.708177
0.960476,0.574958
0.431377,0.360573
0.52062,0.179309
0.341666,0.505192
0.394633,0.578999
0.148295,0.644939
1.23897,0.561568
1.21723,0.600162
1.16539,1.03771
1.03949,0.784247
0.744997,0.799858
0.862644,0.403228
0.645672,0.500001
0.699097,0.581739
-0.0916473,0.716862
-0.0393189,0.601075
0.566265,0.375899
0.293275,0.234353
0.591234,0.996111
0.606274,0.465261
0.720513,0.202131
0.317714,0.165771
0.386201,0.00618206
0.395716,0.100707
0.578237,0.0738983
0.315755,0.0892466
0.0879588,0.157524
0.0599621,0.401296
0.362665,0.171867
0.297574,0.0534248
0.136484,0.246025
0.285909,0.0487655
0.340012,0.0366625
0.326234,0.112657
0.19005,0.0792917
0.0749053,0.0568615
0.48434,0.0358499
0.369676,0.231272
0.325667,0.067701
0.174864,0.0159323
0.456584,0.105461
0.299943,0.0563796
0.623905,0.170086
0.218997,0.0524865
0.35023,0.0812595
0.425474,0.129373
0.42652,0.0503446
0.710905,0.219088
0.65243,0.155177
0.898416,0.200627
1.02001,0.31637
1.1195600000000001,0.444683
0.344771,0.0100666
0.438766,0.0833017
0.268517,0.162217
0.234634,0.1212
0.396062,0.112757
0.499725,0.0526069
0.305807,0.103468
0.340942,0.43397
0.230712,0.0170771
0.484925,0.491635
0.48472,0.58753
0.435855,0.161812
0.558786,0.509284
0.355471,0.435504
0.228129,0.613393
0.352332,0.199078
0.398633,0.0707213
0.235483,0.763046
0.70942,0.479128
0.430593,0.617278
0.152467,0.329022
0.183789,0.43195
0.413561,0.538288
0.23164,0.488342
0.1421,0.165712
0.173396,0.109312
0.218047,0.20229
0.371521,0.0485762
0.589337,0.26521
0.416073,0.0229732
0.33021,0.566272
0.269994,0.33497
0.599297,0.0418303
0.638586,0.198297
1.137,0.923029
1.18178,0.747373
1.12343,1.24382
0.831143,0.301922
1.04302,0.456696
1.00548,0.470487
1.13114,0.696547
0.875205,0.593329
0.321256,0.548095
0.283126,0.621033
0.163228,0.123886
0.557516,0.452191
0.504347,0.664211
0.580094,0.0955939
0.395476,0.141881
0.463724,0.159673
0.573274,0.200679
0.31658,0.147451
0.696903,0.163661
0.521116,0.159361
0.612471,0.16879
0.490572,0.0636261
0.305838,0.110574
0.403439,0.20024
0.331492,0.119159
0.350827,0.171643
0.33987,0.187171
0.303172,0.109116
0.243871,0.253946
0.51383,0.19852
0.471282,0.118601
0.56202,0.15211
0.331479,0.0325784
0.431869,0.0341981
0.473998,0.0702439
0.193125,0.0891768
0.185996,0.211953
0.318543,0.0815907
0.359097,0.225193
0.100486,0.368221
0.00818236,0.707175
0.181275,0.212031
0.348625,0.202503
0.30062,0.0850264
0.498747,0.136484
0.218613,0.0664512
0.624556,0.034224
0.467236,0.117198
0.572775,0.135148
1.00389,0.430291
1.05639,0.617034
1.10531,0.709661
1.17716,0.438232
1.31022,0.480527
1.17358,0.447884
1.22586,0.405081
1.60197,0.982628
1.59443,0.897039
1.29877,0.55714
0.997394,0.887864
1.03058,0.665634
1.04417,0.879394
0.991934,0.812951
1.32771,0.58613
0.821351,0.743513
0.690922,0.390073
0.403978,0.83482
0.3681,0.282891
-0.243789,0.626909
-0.324205,0.609269
-0.0267527,0.944868
0.120414,0.357465
0.0749564,0.21408
0.263152,0.580831
0.395286,0.621028
0.109334,0.606845
-0.487147,0.691141
0.0170166,1.11293
-0.0373758,0.317393
0.0857672,0.773432
0.714118,0.518408
0.71489,0.498745
0.560911,0.249781
0.617587,0.465764
0.633791,0.507558
0.578838,0.576962
0.468976,0.0932859
0.500713,0.0636638
0.271256,0.213676
0.67023,0.64716
0.220334,0.0461032
0.602113,0.107885
0.402809,0.0991303
0.372297,0.13435
0.408133,0.0147736
0.469366,0.00292229
0.427892,0.00765734
0.462048,0.0273176
0.366237,0.0554058
0.415079,0.0773703
0.318798,0.197466
0.142376,0.906881
0.06444,0.751674
0.22185,0.506239
0.629925,0.642718
0.629316,0.615397
0.509787,1.00309
0.372388,0.201857
0.826619,0.426623
0.729366,0.21714
0.450008,0.281574
0.320214,0.216907
0.646465,0.34056
0.277838,0.0294862
0.473749,0.662139
0.631984,0.108803
0.343634,0.327325
0.622141,0.381936
-0.563931,0.779858
0.129219,0.736163
0.753154,0.555625
0.416593,0.23988399999999999
0.3822,0.0858087
0.492931,0.0972827
0.440218,0.145677
0.399987,0.0239133
0.356086,0.0962071
0.53269,0.228736
0.350394,0.148872
0.211191,0.238781
0.429707,0.129621
0.340131,0.160589
0.495899,0.125053
0.508976,0.137557
0.548338,0.0786933
0.482964,0.0464146
0.328978,0.173897
0.555348,0.119359
0.366278,0.0758457
0.568475,0.177487
0.620161,0.194297
0.518256,0.189048
0.621172,0.0838951
0.881426,0.298745
0.934549,0.378062
0.912221,0.424256
0.682837,0.298604
0.543421,0.313929
0.597806,0.32977
0.609572,0.293629
0.554154,0.245275
0.773643,1.03554
0.77785,1.36333
0.796507,0.396081
1.13864,0.379842
1.04465,0.421407
1.04095,0.43602
0.99593,0.615652
1.03009,0.430805
0.888969,0.504556
0.84127,0.332893
0.85645,0.311001
0.858282,0.307203
0.827292,0.224335
1.35279,0.897663
1.32603,1.14342
1.43925,0.556637
0.713052,0.697947
0.616968,0.720477
0.75276,0.463822
0.775193,0.976644
0.382578,0.0296216
0.498129,0.421433
0.421918,0.442302
0.528407,0.265375
0.503298,0.100076
0.402442,0.137118
0.632096,0.175202
0.661097,0.13712
0.669257,0.431572
0.600641,0.0429963
0.518731,0.0732241
0.33774,0.174428
0.64466,0.438124
0.667858,0.590722
1.0681,0.460976
0.61944,0.616637
0.941811,0.766501
0.288514,0.690587
0.627414,0.2733
0.61004,0.446225
0.514711,0.290149
0.127613,1.15774
0.406874,0.300155
0.15984,0.265302
0.269659,0.255773
0.213172,0.693223
0.242961,0.43669
0.383686,0.349071
0.618038,0.323179
0.446029,0.0631692
0.450273,0.178209
0.54234,0.195996
0.457939,0.149724
0.513618,0.186501
0.259941,0.0918381
0.297113,0.0797989
0.521661,0.803774
0.54811,0.457586
0.591174,0.20995
0.583663,1.30229
0.599537,0.614822
0.531784,0.291088
-0.551698,1.14593
-0.0356702,0.657042
0.319385,0.537739
0.610101,0.11895
0.343106,0.0772582
0.287509,0.0462424
0.620251,0.158259
0.760331,0.291601
0.245873,0.188564
1.01049,0.676591
0.812861,0.253553
0.15792,0.719679
0.184036,0.991881
0.280443,0.170842
0.672066,0.599054
0.551342,0.228643
0.446696,0.220276
0.458231,0.257031
0.822337,0.904134
0.36608,0.407553
0.476063,0.844954
0.4468,0.506776
0.444683,0.565973
0.0332149,0.561475
0.265044,0.232559
0.380746,0.101242
0.346876,0.0810985
0.333707,0.086303
0.577144,0.025127
0.313248,0.00775868
0.250696,0.00780246
0.583617,0.00127544
0.303583,0.068467
0.399502,0.166195
0.278264,0.159357
0.288034,0.177165
0.329486,0.605901
0.654386,0.25939
0.452043,0.479016
0.260769,0.305136
0.148696,0.523661
0.317381,0.092602
0.399748,0.874752
0.328561,0.321273
0.527951,0.440803
0.607824,0.428491
0.786658,0.437776
0.938457,0.532599
0.556387,0.354071
0.629275,0.13678
0.150509,0.977977
0.249104,0.328409
0.380346,0.0619591
0.51094,0.185584
0.550256,0.379373
0.607586,0.275413
0.451752,0.0453704
0.47029,0.0368084
0.397024,0.0173719
0.419994,0.0201651
0.473,0.770062
0.444239,0.513009
0.660731,0.442961
0.484975,0.227614
0.42872,0.0333522
0.373764,0.011345
0.528477,0.00518957
0.321048,0.00476927
0.533422,0.00223496
0.460044,0.0159481
0.533859,0.120594
0.390387,0.210561
0.410616,0.185972
0.55026,0.211382
0.529216,0.118536
0.298952,0.00459307
0.528823,0.050875
0.119473,0.509609
0.125344,0.881893
0.401217,0.127729
0.390564,0.269675
0.4214,0.0383274
0.259805,0.147671
0.37009,0.163658
0.410102,0.205097
0.605455,0.250601
0.550226,0.141027
0.293043,0.127426
0.4183,0.173349
0.330158,0.905908
0.713355,0.200264
0.697215,0.203803
0.993565,1.15801
0.986487,0.876955
0.687206,0.330843
0.940921,0.296715
0.989306,0.370835
0.886514,0.32437
0.458706,0.22164
0.434428,0.237717
0.402638,0.175337
0.652165,0.134494
0.443892,0.0753469
0.651105,0.178845
0.713449,0.216625
0.616941,0.138277
0.682275,0.114171
0.493712,0.294852
0.467349,0.599738
0.432211,0.0196733
0.288844,0.00783523
0.44157,0.0325341
0.223624,0.3852
0.605086,0.0328716
0.316624,0.6251
0.276086,0.450593
0.104017,0.624984
0.0371444,0.278567
-0.0593207,0.332347
-0.08561,0.70136
0.454894,0.177469
0.307082,0.0183837
0.287232,0.0125721
0.468297,0.0292584
0.357194,0.0434391
0.357101,0.240981
0.242782,0.22334
0.568575,0.396272
0.345645,0.668487
0.413777,0.639906
0.306357,0.462528
0.218392,0.484611
0.544176,0.249308
0.458733,0.0524181
0.464795,0.056575
0.661555,0.0518323
0.657438,0.0955702
0.14394,0.0438996
0.673542,0.00320928
0.159878,0.00807573
0.60434,0.121874
0.204231,0.0912582
0.505812,0.223723
0.513418,0.125024
0.460329,0.121009
0.407287,0.141673
0.397051,0.300619
0.39782,0.453421
0.290618,0.365523
0.106646,0.348017
0.0104123,0.310653
0.113573,0.162253
0.303614,0.158996
0.387528,0.110508
0.254795,0.116997
0.347052,0.0634712
0.334189,0.0120393
0.361124,0.0202773
0.251035,0.0475244
0.431385,0.0256016
0.270963,0.016461
0.48086,0.076878
0.15241,0.446703
0.228253,0.257006
0.236091,0.171597
-0.085029,0.918422
-0.052281,0.592991
0.196433,0.551643
0.487278,0.129006
0.595992,0.205007
0.72728,0.121875
0.642069,0.169335
0.647801,0.331344
0.579886,0.0937999
0.210903,0.0780544
0.996164,0.457245
0.98127,0.435007
0.817492,0.415
0.579834,0.247885
0.390642,0.0797272
0.874276,0.530594
0.295428,0.0759228
0.463809,0.122498
0.560129,0.178449
0.344906,0.115729
0.606181,0.666193
0.567512,0.188495
0.581212,0.16519
0.380453,0.3296
0.469145,0.0545959
0.3249,0.0118965
0.359957,0.0172176
0.605887,0.199396
0.704512,0.355269
0.383591,0.193065
0.509802,0.133527
0.325423,0.612597
0.403136,0.107476
0.445193,0.943832
0.403389,0.410026
0.391501,0.313569
0.675057,0.156321
0.610868,0.255586
0.707707,0.393861
0.331325,0.0512849
0.330134,0.0731079
0.271829,0.0935881
0.264889,0.0474438
0.334141,0.120126
0.375814,0.139055
0.404441,0.0378809
0.407832,0.0677909
0.385425,0.208512
0.699975,0.57388
0.405886,0.832034
0.362163,0.623911
0.260915,0.390467
0.282545,0.0994606
0.698268,0.418833
0.469871,0.183678
0.41316,0.221315
0.409929,0.440502
0.396037,0.294278
0.796892,0.568803
0.643094,0.536314
0.821982,0.171298
0.408824,0.118289
0.538922,0.0529973
0.549722,0.329829
0.552111,0.174684
0.339518,0.17562
0.487702,0.166543
0.528642,0.120241
0.572016,0.115597
0.568933,0.168734
0.431744,0.249679
0.87974,0.611134
0.653679,0.167854
0.544388,0.227201
0.809129,0.175907
0.427503,0.0121378
0.42497,0.0806954
0.484408,0.0318806
0.493822,0.0371026
0.527445,0.0402939
0.388763,0.11928
0.608084,0.403302
0.919573,0.27822
0.273198,0.16074
0.0275863,0.920575
-0.0202214,0.693972
0.0369433,0.544126
0.0587144,0.96497
0.0600911,0.795642
0.414248,0.302261
0.573701,0.308143
0.610153,0.707308
0.456787,0.12211
0.538217,0.32903
0.495782,0.2181
0.180352,0.332339
0.243731,0.344278
0.535277,0.596848
0.537635,0.545257
0.549706,0.525289
0.722557,1.07913
0.736092,0.945205
0.556617,0.3742
0.427753,0.305246
0.570505,0.462428
0.468735,0.464604
1.64861,0.748879
1.59147,0.605285
1.53078,0.597917
0.151803,0.264502
0.546168,0.0510657
0.407841,0.0935372
0.496165,0.145659
0.651767,0.460837
1.36422,0.841046
0.280431,0.117696
0.411464,0.322322
0.318818,0.445585
0.494692,0.302703
0.424681,0.472535
0.490967,0.169634
0.226297,0.0730714
0.345874,0.0299049
0.430535,0.0623725
0.0304844,0.275398
0.607022,0.1802
0.379414,0.11544
1.12807,0.867411
0.325523,0.225127
0.177541,0.697758
0.415642,0.588849
0.716231,0.448014
0.457977,0.408859
0.0516253,0.400163
0.0404682,0.537347
0.59456,0.0880288
0.232515,0.120878
0.591381,0.375871
0.693326,0.0857713
0.365336,0.0363822
0.405653,0.037432
0.414828,0.168202
0.307367,0.496559
0.193211,0.100486
0.356743,0.140737
0.366601,0.238722
0.298599,0.265127
0.405298,0.235688
0.389135,0.0165869
0.545427,0.169989
0.5078,0.0980706
0.452234,0.102536
0.33849,0.19427
0.318375,0.061955
0.531465,0.113174
0.42464,0.235686
0.679796,0.17096
0.593974,0.0881554
0.381616,0.0341362
0.075566,0.058012
-0.00311215,0.0686564
0.302024,0.155931
0.69059,0.433239
0.515197,0.267201
0.465621,0.284074
0.76341,0.307545
0.91597,0.398491
1.0732,0.45338
1.11334,0.559637
1.14268,0.585085
0.493372,0.164053
0.314924,0.145941
0.322233,0.0829357
0.190371,0.0793428
0.478185,0.0392793
0.267015,0.615031
0.0389225,0.163549
0.321885,0.149402
0.334718,0.340155
0.730992,0.231539
0.761671,0.713161
0.659844,0.364005
0.879728,0.644422
0.801318,0.427863
0.788982,0.282463
0.653578,0.161535
0.750518,0.24357
0.549956,0.128545
0.559098,0.111769
0.542641,0.197021
1.05638,0.40001
1.08866,0.435328
1.04376,0.38786
0.856519,0.356922
0.961051,0.600808
1.03798,0.709018
0.768727,0.999305
0.796515,0.816578
0.418011,0.113848
0.431737,0.125499
0.664621,0.0659105
0.305015,0.193333
0.659892,0.362337
0.378397,0.247739
0.888982,0.419142
0.694617,0.188227
0.815518,0.412836
0.312931,0.637286
1.0734,0.414648
0.969715,0.570457
1.36744,0.677132
1.36572,0.553179
0.853163,0.491123
0.988765,0.74504
1.01332,1.03115
1.03862,0.239828
1.4886,1.24538
1.44803,0.956342
1.31651,0.86863
1.16091,0.927577
1.13559,1.08321
1.20686,1.01557
1.2135,1.13785
1.21068,0.883997
1.1383,0.613089
0.667399,0.292292
0.387655,0.813998
0.353351,0.519109
0.706818,0.530715
0.92519,0.408485
0.92586,0.355389
0.621318,0.271942
0.691138,0.517075
0.257667,0.242151
0.240477,0.348516
0.189392,0.433352
0.575421,0.312391
0.537477,0.104179
0.59572,0.235611
0.651225,0.409909
0.791292,0.265364
0.73282,0.12887
0.750899,0.092426
0.838908,0.292803
1.04133,0.210148
0.909212,0.233511
0.895395,0.233524
0.578771,0.111406
0.636267,0.195036
0.722601,0.241085
0.0992813,0.37882
0.810549,0.47152
0.801878,0.296912
0.667976,0.166695
0.403547,0.463999
0.504939,0.0712865
0.584294,0.194436
0.582333,0.0664306
0.418552,0.038918
0.468066,0.119562
0.329848,0.152138
0.505501,0.0105104
0.623746,0.0134231
0.552489,0.0615573
0.36821,0.0894644
0.339463,0.0081757
0.46815,0.0118874
0.447077,0.029901
0.410774,0.186178
0.535515,0.239925
0.376938,0.226298
0.320457,0.344627
0.374223,0.124636
0.607207,0.461366
0.259211,0.548387
0.446656,0.0599287
0.591475,0.184384
0.245916,0.0773359
0.316129,0.0529979
0.33029,0.188366
0.361533,0.122076
0.273578,0.30954
0.51439,0.16593
0.851594,0.657268
1.13939,0.832443
0.642856,0.255569
0.585616,0.172001
0.600362,0.196712
0.533679,0.299776
0.522439,0.23818
0.32153,0.184187
0.669375,0.745172
0.692995,0.646694
0.731419,0.274582
0.536754,0.23412
0.144689,0.168248
0.43156,0.267797
0.353964,0.220646
0.46328,0.30944
0.236963,0.230596
0.425396,0.990508
0.393925,0.655119
0.313259,0.770971
0.223839,0.519287
0.37445,0.317278
0.289616,0.0914341
0.398154,0.112137
0.292868,0.2032
0.200666,0.169379
0.799986,0.366672
0.517748,0.468677
0.667555,0.787005
0.637776,0.779796
0.620707,0.535834
0.558495,0.56895
0.708219,0.235482
0.515641,0.334362
0.519182,0.142064
0.509452,0.214803
0.527429,0.438231
0.454207,0.299918
0.783657,0.587813
1.07577,0.472802
0.960683,0.621666
0.935353,0.784802
0.971163,0.520949
0.823969,0.722678
0.604386,0.496779
0.390381,0.2025
0.418035,0.165272
0.906887,0.262996
0.182152,0.0777875
0.389059,0.11555
0.533049,0.136987
0.471148,0.200143
0.477841,0.0267106
0.435077,0.0210311
0.417719,0.243511
0.615604,0.171356
0.456654,0.165734
0.590024,0.20935
0.347951,0.0307146
0.489412,0.0127807
0.458191,0.00369945
0.348098,0.558577
0.400641,0.0873596
0.406353,0.0288357
0.486959,0.358573
0.281197,0.0162676
0.463871,0.0203092
0.32253,0.0210625
0.332852,0.0285632
0.429488,0.0327112
0.381142,0.179568
0.679001,0.18294
0.47679,0.0353942
0.499372,0.0375649
0.535407,0.0753761
0.359479,0.182031
0.337756,0.132803
0.454361,0.105656
0.282554,0.0809612
0.298741,0.0509466
0.308484,0.0496351
0.36083,0.0433381
0.505143,0.00745093
0.457226,0.0195683
0.224965,0.064178
0.543939,0.0389002
0.28825,0.0900937
0.532611,0.0279352
0.282626,0.354058
0.624683,0.170589
0.385907,0.385534
0.676095,0.524691
0.497119,0.521286
0.3711,0.0545093
0.0955337,0.252524
1.15313,0.909172
0.318847,0.280227
0.255033,0.143441
0.518277,0.0377833
0.615625,0.0132909
0.58347,0.0128491
0.466371,0.0107487
0.406678,0.0187131
0.577175,0.0551233
0.199837,0.0481091
0.800279,0.125674
0.346949,0.170071
-0.0247222,0.653555
0.112113,0.655814
0.448132,0.557592
0.442197,0.433037
0.250595,0.538538
0.306459,0.605185
0.602825,0.280761
0.12066,0.598118
0.119024,0.800264
0.103394,0.8573
0.0726015,1.26461
0.076718,0.687639
0.439271,0.0601646
0.376935,0.0866181
0.39578,0.0961914
0.366827,0.319639
0.320953,0.397193
0.324793,0.696727
0.337196,0.312169
0.0302311,0.837526
0.120203,1.00419
0.0355531,0.575895
0.0852365,0.639158
0.0420329,0.409113
-0.0522158,0.43873
0.313495,0.137482
0.418083,0.0210142
0.42685,0.0173224
0.403502,0.0394187
0.70448,0.0823186
0.66987,0.0282389
0.120664,0.0207399
0.670843,0.198797
0.688793,0.17103
0.624336,0.112984
0.280718,0.865356
0.203392,0.338527
0.428911,0.75789
0.485035,0.485116
0.47727,0.682081
0.406206,0.255538
0.517733,0.258646
0.535888,0.0713629
0.273998,0.0875596
0.294512,0.140184
0.402624,0.0330641
0.410899,0.0322895
0.531568,0.0706891
0.485827,0.435731
0.530649,0.834518
0.555379,0.911184
0.285696,0.409424
0.391595,0.245783
0.422436,0.0279578
0.761461,0.318613
0.252453,0.110967
0.340381,0.0340485
0.344519,0.0306066
0.228591,0.159548
0.244642,0.454301
0.315577,0.29418
0.369068,0.164323
0.429889,0.0343708
0.246626,0.109217
0.378122,0.340152
0.348872,0.188382
0.169377,0.822044
0.486235,0.190827
0.186926,0.728309
0.24704,0.489673
0.191795,0.303631
0.101698,0.469244
0.171674,0.602686
0.03457,0.545017
0.0980189,0.299461
0.252839,0.361134
0.339527,0.0605692
0.371092,0.0582277
0.435448,0.0926411
0.242121,0.640866
0.230673,0.547526
0.267444,1.07901
0.878094,0.676765
0.828765,0.77085
0.944464,0.456395
1.1151199999999999,0.620758
0.824454,0.650763
0.897305,0.890182
0.76106,0.848208
0.878317,0.415298
0.80669,0.385432
0.410929,0.0628836
0.347109,0.306661
0.444674,0.0134155
0.380914,0.00874892
0.295262,0.13653
0.28572,0.232155
0.344648,0.0335992
0.457315,0.0421637
0.380497,0.00869482
0.429637,0.0449832
0.24904,0.0541647
0.507193,0.039054
0.463286,0.0286528
0.650618,0.0351332
0.432834,0.0135576
0.365622,0.00998645
0.543944,0.362815
0.420776,0.113207
0.193438,0.261901
0.189625,0.143489
0.440914,0.0282954
0.32266,0.163691
0.266276,0.0266833
0.290069,0.0543656
0.165948,0.866863
0.252452,0.982756
0.755278,0.28781
0.898336,0.28511
0.544543,0.14997
0.497393,0.284037
0.673818,0.526736
0.584204,0.459623
0.293994,0.528779
0.248544,0.862676
0.282107,0.518404
0.182063,0.557516
0.29913,0.311342
0.534802,0.196834
0.292456,0.0601864
0.422561,0.158572
0.465207,0.21505
0.32967,0.0448628
0.508677,0.00387448
0.67391,0.00760442
0.586404,0.0137371
0.355936,0.00976058
0.355712,0.0448113
0.617347,0.155611
0.422521,0.0597951
0.594548,0.175598
0.725275,0.0892306
0.643746,0.214801
0.463082,0.143849
0.311052,0.0429263
0.365988,0.0350607
0.432416,0.05186
0.565035,0.111609
0.417827,0.21545
0.557677,0.173707
0.726792,0.178485
0.449123,0.0666856
0.246154,0.432799
0.464783,0.435747
0.432576,0.507567
0.469093,0.437426
0.320942,0.3781
0.304375,0.465676
0.203291,0.22056
0.324572,0.0677676
0.493708,0.177307
0.544298,0.310259
0.479465,0.323227
0.69364,0.1593
0.319288,0.169756
0.459776,0.0897809
0.602069,0.0872656
0.484238,0.109504
0.436596,0.0196241
0.378978,0.0998821
0.524696,0.03834
0.358507,0.0565882
0.734389,0.231931
0.592487,0.699802
0.720392,0.153968
0.639239,0.493554
0.327818,0.123899
0.325272,0.0781718
0.302948,0.0573447
0.452382,0.846554
0.351981,0.0226663
0.353176,0.122372
0.343806,0.131719
0.454768,0.102235
0.41547,0.0564281
0.562356,0.502259
0.42958,0.162463
0.429502,0.304484
0.515177,0.0613277
0.715981,0.15616
0.412238,0.0374754
0.360993,0.00382412
0.453546,0.026389
0.212161,1.00504
0.139925,0.806498
0.346365,0.376256
0.378448,0.257189
0.729526,0.438094
0.712999,1.09809
0.714507,0.537814
0.439398,0.13147
0.277359,0.152929
0.58852,0.0892941
0.44264,0.241994
0.391834,0.134107
0.34358,0.158687
0.129302,0.345734
-0.0277556,0.803107
0.0167866,0.742671
0.157969,0.779343
0.351108,0.464847
-0.12098,0.771678
-0.10074,0.974438
-0.151334,0.646933
0.164621,0.475774
0.273456,0.905184
0.279301,0.671702
0.497501,0.375573
0.141765,0.293363
0.681449,0.170106
0.574648,0.333431
0.490583,0.286573
0.298935,0.230478
0.391988,0.134433
0.421651,0.191969
0.438761,0.379548
0.391309,1.28278
0.420197,0.517728
0.619365,0.207169
0.52962,0.299513
0.840737,0.753614
0.383499,0.106012
0.615098,0.404193
-0.102852,0.470272
-0.0528901,0.118742
0.172295,0.140483
0.312272,0.116298
0.181241,0.355138
0.752464,0.285194
0.681685,0.37061500000000003
0.666622,0.245045
0.024591,0.330341
0.125085,0.545002
0.20729,0.367847
0.575935,0.838608
0.166876,0.0413537
0.284458,0.0362986
0.490991,0.0605633
0.339482,0.0835363
0.436654,0.222192
0.625508,0.0907981
0.43719,0.108971
0.397568,0.320113
0.485886,0.144948
0.739775,0.114754
0.703463,0.3007
0.582131,0.485363
0.653128,0.142581
0.255407,0.0963208
0.646989,0.225746
0.499823,0.182127
0.69748,0.203031
0.648504,0.246061
0.75615,0.378455
0.698993,0.53329
0.588521,0.299215
0.496103,0.180752
0.399381,0.389094
0.511202,0.244625
0.478831,0.291157
0.491636,0.429099
0.411884,0.021852
0.518322,0.437533
0.524279,0.25106
0.543252,0.0893586
0.502636,0.36881
0.624829,0.331104
0.00349822,1.15759
-0.0295347,0.835596
0.532654,0.0204804
0.530805,0.0535904
0.376946,0.0141908
0.463495,0.0121883
0.348855,0.0333266
0.509696,0.00528468
0.405463,0.00661353
0.497467,0.00189743
0.484408,0.0164605
0.175721,0.160564
0.385431,0.32161
0.390262,0.157402
0.398551,0.0636225
0.47414,0.0955301
0.460371,0.0873198
0.367895,0.0589788
0.441555,0.0836012
0.581197,0.505017
0.58341,0.344973
0.665187,0.317468
0.744014,0.355051
0.95402,0.473323
1.12086,0.643966
1.1626,0.668171
1.65386,0.626262
1.69285,0.646278
1.38501,0.618219
1.43529,1.18565
1.18468,0.771324
0.796607,0.176833
0.847521,0.225215
0.656645,0.310803
0.891488,0.301924
0.907692,0.511191
0.527279,0.289508
0.584603,0.230086
0.532393,0.284657
0.56754,0.222728
0.436969,0.0952051
0.595908,0.238673
0.560833,0.247898
0.468466,0.116953
0.162786,0.303264
0.589642,0.00616432
0.297075,0.0342972
0.431534,0.0322066
0.106379,0.301085
0.73896,0.267983
0.318986,0.127532
0.730619,0.585908
0.554166,0.103026
0.304665,0.241585
0.38001,0.237648
0.16785,0.16755
0.173262,0.146989
0.48727,0.111928
0.488685,0.0950338
0.400455,0.161124
0.537538,0.492687
0.644892,0.348756
0.817429,0.352117
0.643865,0.417185
0.407032,0.138176
0.313764,0.200566
0.694257,0.565587
0.714099,0.174959
0.66829,0.713458
0.735025,0.540262
0.527617,0.123636
0.450696,0.0835104
0.414557,0.127183
0.265275,0.0918318
0.458992,0.0617457
0.387213,0.0604225
0.237109,0.234148
0.326266,0.212674
0.410977,0.402356
0.566783,0.631137
0.417888,0.363495
0.342725,0.465692
0.400446,0.611149
0.383023,0.390331
0.218261,1.03165
0.36496,0.31489
0.309632,0.85699
0.36414,1.07966
0.268385,0.404831
-0.00672756,0.362183
-0.0329282,0.800332
0.510751,0.029264
0.688761,0.012657
0.669515,0.0106146
0.389323,0.0092495
0.487533,0.015346
0.493133,0.0179551
0.348474,0.013951
0.4228,0.181301
0.369305,0.112248
0.358274,0.120071
0.514906,0.199067
0.386109,0.184302
0.629457,0.639683
0.295371,0.171155
0.428705,0.219913
0.491387,0.0656632
0.398094,0.219124
0.760132,0.398209
0.583986,0.401231
0.586095,0.0667067
0.600099,0.102263
0.724033,0.167754
0.606898,0.150833
0.422727,0.087287
0.496658,0.0420657
0.655701,0.217348
0.463294,0.0414872
0.518265,0.163749
0.874164,0.424003
0.207113,0.0343866
0.589472,0.35591
0.470606,0.0636756
0.47749,0.227755
0.515236,0.162226
0.598281,0.408392
0.621956,0.433083
0.587545,0.511032
0.78089,0.17543
0.234939,0.0811131
0.808702,0.122001
0.72078,0.160186
0.495275,0.0188487
0.302414,0.0619426
0.378709,0.132799
0.183823,0.583008
-0.0825662,1.20404
0.544141,0.0400212
0.491511,0.0423186
0.566584,0.194466
0.527939,0.245373
0.751675,0.615132
0.628302,0.19098300000000001
0.587303,0.15909
0.378165,0.388048
0.303268,0.402672
1.269,0.681688
1.22953,0.654029
0.598417,0.32396200000000003
0.269435,0.313644
0.288002,0.360435
0.232935,0.158484
0.369506,0.312478
0.578549,0.21311
0.404,0.195845
0.391077,0.25442
0.671363,0.498428
0.79011,0.551378
0.466199,0.112157
0.546515,0.119086
0.655262,0.209256
0.771508,0.404251
0.687121,0.625176
0.541143,0.597037
0.457355,0.107232
0.429256,0.105329
0.168985,0.152511
0.379824,0.27758
0.45399,0.19712
0.43022,0.191079
0.297593,0.263657
0.660904,0.735577
0.993515,0.631686
0.848162,0.70925
0.135716,0.491671
0.180936,0.450913
0.213978,0.437035
0.693117,0.874483
0.784114,0.44981
0.592845,0.252247
0.61766,0.263497
0.612539,0.1995
0.553315,0.270245
0.540727,0.109765
0.337832,0.239062
0.519067,0.33238
0.787373,0.278314
0.770359,0.138925
0.725184,0.152622
0.305398,0.0795902
0.666772,0.147884
0.891183,0.230212
-0.444404,0.628497
-0.411647,0.6278
-0.421637,0.53254
-0.0585524,0.603019
-0.0373779,0.616075
0.725404,0.303525
0.212099,0.475583
0.397977,0.0798551
0.294438,0.75965
0.50398,0.11368
0.425049,0.170748
0.461994,0.341256
0.463397,0.1365
0.527073,0.128465
0.270903,0.140954
0.323968,0.186867
0.287415,0.045406
0.39869,0.031352
0.418366,0.033321
0.239932,0.197666
0.234101,0.15175
0.627489,0.051637
0.16766,0.0147016
0.242892,0.0240572
0.221311,0.00820163
0.556804,0.153171
0.284003,0.147127
0.498215,0.266664
0.522371,0.114458
0.662434,0.478694
0.410739,0.153427
0.379207,0.0882586
0.286206,0.0502389
0.414098,0.0961261
0.501285,0.0132805
0.33045,0.0913787
0.28017,0.0760298
0.305862,0.194064
0.533208,0.307668
0.403644,0.259106
0.363276,0.252931
0.686151,0.458631
0.428447,0.378037
0.368786,0.615148
0.551952,0.2385
0.307332,0.0211161
0.270717,0.030184
0.562555,0.106305
0.474777,0.128989
0.325162,0.25212
0.530311,0.272211
0.545289,0.27072
0.331762,0.193994
0.837702,0.583356
0.584703,0.651804
0.641942,0.210161
0.323493,0.174238
0.463316,0.194709
0.438069,0.131839
0.410904,0.019781
0.315138,0.0164647
0.456001,0.0144912
0.378105,0.300573
0.279806,0.264971
0.0804767,0.336598
-0.112456,0.604902
-0.0605864,0.596522
-0.158138,0.868956
-0.290301,1.03883
0.388858,0.573593
-0.361487,0.924685
-0.338464,0.970461
0.273357,0.18329
0.487558,0.0130976
0.340227,0.0156332
0.460532,0.0444578
0.410103,0.190103
0.389311,0.10728
0.627705,0.178629
0.627164,0.0633419
0.354429,0.845925
0.417138,1.11203
0.560494,0.846751
0.284696,0.211122
0.516362,0.00927357
0.343343,0.0171269
0.723937,0.302112
0.6816,0.515464
0.49628,0.253943
0.431055,0.0346082
0.522424,0.0447576
0.246209,0.037094
0.55375,0.0179704
0.441276,0.00887393
0.504383,0.0062892
0.628256,0.0248343
0.505386,0.0423747
0.629138,0.136407
0.398023,0.0899122
0.473902,0.199598
0.457457,0.0448644
0.870706,0.283345
0.513997,0.249023
0.620313,0.402048
0.804071,0.497261
0.450146,0.866937
0.739661,0.478866
0.790357,0.411241
0.812567,0.847723
0.401887,0.0634123
0.46737,0.0113287
0.214557,0.123873
0.391231,0.136838
0.508788,0.236057
0.575665,0.0844437
0.892235,0.615952
0.885092,0.936351
0.233859,0.272558
0.643158,0.177742
0.483842,0.0494489
0.414388,0.0564158
0.657469,0.00251991
0.818595,0.145799
0.660125,0.224696
0.550346,0.216098
0.656668,0.173914
0.563762,0.324886
0.564103,0.0957139
0.686895,0.345039
0.560854,0.0711207
0.601943,0.0725075
0.408837,0.323123
0.518005,0.537458
0.338968,0.216879
0.368194,0.413706
-0.46985,1.10467
-0.429348,1.10633
-0.454933,1.1292
-0.41888,1.04807
1.24752,0.533
1.08826,1.12555
1.01285,0.591479
0.293967,0.411649
0.491674,0.595596
0.454994,0.1864
0.53418,0.0806332
0.481917,0.454989
0.64371,0.138121
0.688272,0.139963
0.634379,0.166648
0.668487,0.239347
0.662077,0.75811
0.160241,0.491922
0.278304,0.525591
0.390276,0.0752821
0.457627,0.167338
0.452318,0.301665
0.543497,0.0818252
0.140258,0.121909
0.320026,0.141622
0.754563,0.250134
0.295485,0.146564
0.330426,0.18149
0.303171,0.116271
0.496689,0.174898
0.337143,0.0750239
0.478029,0.0890825
0.562531,0.0579618
0.348095,0.204553
0.442803,0.0442636
0.446049,0.0335059
0.579741,0.234664
0.261819,0.0605081
0.657027,0.0387894
0.00956876,0.606455
0.0720484,0.7023
0.288718,0.428085
0.274183,0.35991
0.662072,0.151964
0.613403,0.0698187
0.37759,0.189516
0.28113,0.350838
0.49569,0.233041
0.474249,0.07154
0.223434,0.0472889
0.731666,0.115764
0.589045,0.284438
0.275246,0.104969
0.511611,0.00815817
0.358932,0.0180223
0.433522,0.0423466
0.546265,0.128488
0.657639,0.0534158
0.588797,0.17497
0.450792,0.265705
0.0865947,0.406123
0.282351,0.106417
0.473129,0.127193
0.502768,0.245357
0.227839,0.794023
0.303707,0.647731
0.373633,0.588426
0.338559,0.0127838
0.328093,0.535655
0.428672,0.423659
0.253481,0.343415
0.237819,0.852053
0.230033,1.41375
0.42146,0.289479
0.354063,0.591405
0.231049,0.247566
0.397922,0.345279
0.535809,0.242548
0.221375,0.873133
0.143259,0.948027
0.227738,0.315314
0.376515,1.00178
0.47196,0.267081
0.521784,0.138119
0.411085,0.193455
0.613519,0.117719
0.627517,0.120435
0.251159,0.570557
0.133643,0.642983
0.246564,0.215357
0.188088,0.158694
0.858364,0.460541
0.371814,0.00894449
0.348726,0.0331336
0.58624,0.0256966
0.169954,0.0648047
0.24269,0.0747777
0.50704,0.0555364
-0.0126419,0.120093
0.0693553,0.19638
0.0769235,0.255444
0.437259,0.315258
0.663063,0.3215
0.228804,0.0803622
0.515084,0.033162
0.426712,0.0243697
0.393965,0.0960157
-4.29296e-5,0.565834
0.408713,0.341678
0.556349,0.22203
0.27174,0.230382
0.261882,0.434725
0.411221,0.235295
0.3508,0.261929
0.468844,1.04319
0.329015,0.826267
0.312369,0.208495
0.412674,0.424222
0.836992,0.583401
0.774243,0.640648
0.700012,0.485742
0.815366,0.910096
0.768681,0.723637
0.757055,0.568665
0.810578,1.18297
0.833028,0.519947
0.370182,0.452747
0.3579,0.753923
0.495677,0.321305
0.588512,0.909428
0.590788,0.28457
0.48151,0.433105
0.398356,0.115344
0.438988,0.0705592
0.288202,0.136614
0.418809,0.417349
0.479369,0.137721
0.453333,0.412058
0.365065,0.153459
0.407414,0.191675
0.378428,0.136361
0.560006,0.288432
0.346742,0.0137674
0.701425,0.164941
0.483536,0.267497
0.563757,0.524608
0.600653,0.512442
0.711818,0.326436
0.405968,0.307438
0.582906,0.0336145
0.807667,0.241365
0.512603,0.0756368
0.364143,0.0917968
0.51422,0.062925
0.276953,0.145671
0.255134,0.0996661
0.275358,0.174474
0.338255,0.338897
0.394612,0.254657
0.412748,0.133581
0.315923,0.588229
0.41801,0.304533
0.179268,0.252425
0.378695,0.0670121
0.351048,0.0467233
0.449256,0.00240011
0.320202,0.00468643
0.492873,0.00544454
0.696977,0.527165
0.723935,0.451009
0.675706,1.24982
0.373752,0.308836
0.339949,0.552769
0.400408,0.609141
0.398534,0.25524
0.476003,0.267069
0.479875,0.261744
0.596562,0.432328
0.756938,0.641368
0.692741,0.249477
0.576611,0.457971
0.421101,0.0877088
0.386733,0.129004
0.543855,0.0901089
0.284235,0.0140987
0.23452,0.249246
0.207843,0.177847
0.285317,0.168053
0.15833,0.19755
0.422317,0.397819
0.336971,0.199211
0.143352,0.169101
0.153255,0.298712
0.492212,0.10339
0.616088,0.251704
0.359176,0.427138
0.332718,0.590414
0.515926,0.201721
0.638336,0.362075
0.617377,0.584936
0.723699,0.471853
0.661662,0.281055
0.673356,0.280229
0.522682,0.187768
0.509192,0.0801898
0.382462,0.0639307
0.946949,0.500564
0.943949,0.817475
0.681475,0.569821
0.246004,0.0613144
0.522128,0.509404
0.576945,0.157562
0.579132,0.15445
0.563401,0.301586
0.429384,0.123037
0.122312,0.26327
0.367838,0.153653
0.438455,0.0122916
0.485059,0.0128661
0.354563,0.00699032
0.478012,0.00911899
0.423076,0.14812
0.344192,0.063084
0.324129,0.178607
0.314295,0.155178
0.412443,0.0198478
0.274591,0.0092633
0.600433,0.269738
0.473633,0.113307
0.522432,0.0485834
0.302311,0.126401
0.899548,0.528944
0.745118,0.554047
0.453394,0.0683709
0.332507,0.0820511
0.684493,0.483382
0.312855,0.295494
0.392841,0.214946
0.255243,0.372298
0.246255,0.335332
0.0304919,0.582381
0.00954553,0.515273
0.537734,0.186539
0.588655,0.0882997
0.513632,0.146168
0.593717,0.183205
0.612796,0.179943
0.617102,0.391491
0.541728,0.114279
0.463215,0.149854
0.508771,0.163089
0.38423,0.148436
0.47007,0.12828
0.579769,0.275678
0.382395,0.0586524
0.495396,0.0143149
0.37395,0.111464
0.540183,0.262412
0.508457,0.101916
0.512667,0.215738
0.506361,0.262295
0.369428,0.48773300000000003
0.513767,0.286467
0.439253,0.053706
0.630934,0.657727
0.569002,0.232973
0.589873,0.400169
0.312725,0.262624
0.279876,0.595519
0.507443,0.253471
0.575126,0.388245
0.571548,0.129956
0.530862,0.0353354
0.44557,0.106355
0.377018,0.0986751
0.469913,0.121016
0.512186,9.63459e-4
0.345424,7.4904e-4
0.309943,0.0175832
0.471948,0.0118333
0.536891,0.00901484
0.310491,0.0180046
0.632023,0.14279
0.797121,0.790119
0.772897,0.512486
0.697037,0.518666
0.676719,0.429749
0.4684,0.606424
0.264885,0.136631
0.519801,0.0393436
0.423207,2.68971e-4
0.48608,0.00192344
-0.0152132,0.157156
0.0520878,0.292841
0.169707,0.260203
0.14392,0.31499
0.0105218,0.397269
0.316887,0.472387
0.194627,0.461888
0.267795,0.407994
0.0522452,0.525467
0.0060202,0.749771
0.0652431,0.391039
0.31236,0.163904
0.431469,0.313666
0.219348,0.427578
0.311248,0.67919
0.0748614,0.870704
0.158118,0.385752
0.115,0.252106
0.501777,0.0211672
0.523533,0.336255
0.553699,0.294263
0.975018,0.557255
0.79059,0.270132
0.929032,0.689199
0.949435,0.620244
1.03471,1.04488
0.456177,0.0080996
0.374502,0.139062
0.644374,0.290045
0.364709,0.222161
0.885334,0.541732
0.340938,0.154004
0.379936,0.123322
0.296494,0.107267
0.571261,0.0899632
0.4967,0.0775089
0.836374,0.588743
0.432591,0.367412
0.465615,0.505888
0.461767,0.354513
0.729834,0.824702
0.630793,0.517607
0.795603,0.626051
0.146382,0.590117
9.15542e-4,0.532664
0.0678172,0.43873
0.0660835,0.616257
0.603491,0.0235637
0.34476,0.0309984
0.489622,0.238447
0.40156,0.224277
0.473856,0.166802
0.291754,0.425722
0.4559,0.0577602
0.345803,0.0260871
0.392809,0.0219375
0.379287,0.0181006
0.209039,0.199916
0.21485,0.208633
-0.00334077,0.451453
-0.127764,0.841427
0.498646,0.976457
0.45677,1.06955
0.465393,0.988992
0.691561,0.409399
1.02121,0.516781
0.795013,0.320751
0.810707,0.406953
0.200717,0.204813
0.220186,0.383168
0.356718,0.338857
0.165703,0.295267
0.0392741,0.27259
0.532445,0.351786
0.674887,0.518906
0.681078,0.590956
0.629239,0.566155
0.647336,0.751559
0.621686,0.828082
1.10938,0.288927
1.14436,0.43202
1.06437,0.758842
0.835068,0.365544
0.486458,0.0875488
0.487867,0.0749204
0.349345,0.0763283
0.176977,0.536179
0.294915,0.39835
0.104703,0.152712
0.160494,0.166455
0.420684,0.100535
0.422271,0.0979941
0.396383,0.156582
0.335425,0.149201
0.357786,0.0337436
0.823049,0.70845
0.794488,0.38793
0.474065,0.464357
0.353922,0.278903
0.305552,0.0481917
0.151693,0.0412843
0.405679,0.00795132
0.40661,0.00814556
0.410407,0.00197115
0.415868,0.0644358
0.550794,0.116647
0.454896,0.274398
0.280427,0.613251
0.234101,0.607849
0.197038,0.79461
0.204857,0.716242
0.603118,0.187487
0.613349,0.207107
0.634231,0.222162
0.624511,0.121463
0.434575,0.0482631
0.491126,0.0433899
0.496249,0.321805
0.313431,0.0459939
0.622494,0.0737159
0.668062,0.204243
0.18762,0.0586759
0.390667,0.13494
0.478381,0.397584
0.478651,0.222401
0.437015,0.198687
0.331506,0.331605
0.212848,0.926435
0.101568,0.242698
0.184507,0.543596
0.202698,0.51137
0.141586,0.2061
0.454792,0.150719
0.241339,0.293371
0.403627,0.0414001
0.330305,0.027707
0.363674,0.149015
0.537306,0.390087
0.617992,0.303962
0.662293,0.255007
0.567305,0.322509
0.642577,0.741609
0.627255,0.529684
0.380106,0.200455
0.516143,0.288293
0.861447,0.992485
0.473584,0.398783
0.437895,0.179011
0.533364,0.153581
0.458607,0.230457
0.174226,0.332579
0.193352,0.456571
0.338877,0.381738
1.20642,0.629017
1.16857,0.676247
0.961271,0.7876
0.654481,0.335603
0.512424,0.592515
0.627624,0.105377
0.536383,0.0554072
0.387432,0.0909507
0.504017,0.105173
0.4756,0.166482
0.387329,0.329884
0.55321,0.0641152
0.354879,0.0313534
0.472169,0.114944
0.266016,0.0329357
0.803114,0.425089
0.753038,0.909695
0.549649,0.242272
0.662317,0.2572
0.480482,0.243939
0.305154,0.148776
0.403081,0.265376
0.328428,0.333867
0.194707,0.0669458
0.355847,0.251753
0.504239,0.10053
0.23651,0.270478
0.571425,0.416425
0.781134,0.265168
0.570162,0.152537
0.463346,0.32818
0.601143,0.178578
0.638529,0.225774
0.574803,0.0857491
0.547193,0.112628
0.40777,0.118439
0.350983,0.164571
0.506001,0.0992694
0.562018,0.092061
0.30808,0.028602700000000002
0.560454,0.174906
0.278848,0.237319
0.645979,0.408898
0.750569,0.34489
1.2743,0.579335
0.722216,0.244483
0.877639,0.325775
0.540062,1.05215
0.540839,1.14631
0.426057,0.0923569
0.38661,0.22263
0.517677,0.114431
0.403261,0.199577
0.219031,0.300829
0.548324,0.760291
0.591386,0.463538
0.580081,0.639565
0.28234,0.0711796
0.145054,0.0587996
0.168838,0.0500731
0.190365,0.0666868
0.542784,0.057554
0.504911,0.126752
0.433886,0.159918
0.612197,0.672165
0.165494,0.370961
-0.423081,0.543135
0.184348,0.898861
0.464535,0.347493
0.461473,0.477508
0.574373,0.285517
0.370836,0.419886
0.465157,0.528962
0.688942,0.136443
1.07585,0.551431
0.792206,0.495073
0.594819,0.357865
0.704237,0.228009
0.852304,0.203084
0.897206,0.232699
0.569434,0.176665
0.282532,0.0127448
0.542042,0.112335
0.539121,0.451885
0.328239,0.113084
0.603934,0.135515
0.373189,0.0479238
0.366148,0.0291709
0.662764,0.376777
0.361665,0.425204
0.568274,0.31988
0.715721,0.129694
0.872803,0.529657
0.832122,1.17056
0.819977,0.580916
0.829447,0.622864
0.792135,0.729054
0.831372,0.519455
0.990273,0.237141
0.966778,0.292496
0.918301,0.360803
0.516098,0.83045
0.496737,0.788322
0.507636,0.83428
0.3525,0.0499541
0.497551,0.0232526
0.449998,0.0301104
0.522407,0.022179
0.485833,0.141072
0.537714,0.0475155
0.259445,0.039072
0.561254,0.577909
0.488941,0.349392
0.142265,0.319455
0.643427,0.292093
1.03114,0.584555
0.372922,0.387626
0.352056,0.306134
0.62433399999999994,0.556596
0.581251,0.452665
0.478339,0.724353
0.224732,0.572683
0.158278,0.869113
0.213379,0.586101
0.5436,0.448724
0.525558,0.19247
0.527717,0.132638
0.565871,0.149023
0.60111,0.214332
0.515879,0.222909
0.517365,0.204275
0.676665,0.337804
0.5844,0.485304
0.415835,0.201962
0.517933,0.0818023
0.471692,0.273271
0.356964,0.633131
0.814681,0.929113
0.590458,0.341723
0.67194,0.283246
0.373612,0.209904
0.432094,0.143963
0.392924,0.189087
0.393849,0.413089
0.525777,0.747636
0.434444,0.758575
0.459587,0.712778
0.51183,0.410481
0.539101,0.153478
0.548716,0.108489
0.562688,0.157141
0.544042,0.561546
0.382614,0.0142824
0.438515,0.00559363
0.498981,0.0101179
0.511234,0.00895731
0.343271,0.0364172
0.665226,0.408541
0.475321,0.147434
0.541611,0.153856
0.236771,0.0945724
0.453919,0.088832
0.39809,0.258643
0.75719,0.999722
0.38729,0.0676207
0.93805,0.548802
0.164325,0.480145
0.0830394,0.920677
0.0129724,0.598226
0.304075,0.146813
0.176327,0.0862799
0.31102,0.118794
0.409879,0.504587
0.463473,0.356461
0.955585,1.10596
0.74742,0.7392
0.912279,0.787587
0.855435,0.331856
1.29465,0.498204
0.906677,0.688953
0.524935,0.616398
0.635972,0.725868
0.505076,0.389061
0.28095,0.201724
0.513546,0.3766
0.553625,0.688491
0.60155,0.0532853
0.691872,0.0714734
0.634045,0.117997
0.189459,0.523021
0.69613100000000006,0.471691
0.687948,0.645646
0.842936,0.545664
0.974355,0.61328800000000006
0.291893,0.17278
0.445553,0.220329
0.339251,0.770229
0.340193,0.700919
0.445411,0.703251
0.451411,0.660328
0.467749,0.365626
0.45637,0.353841
0.502744,0.241091
0.380415,0.088686
0.277449,0.109987
0.653615,0.107665
0.645224,0.28713
0.608891,0.135915
0.368357,0.3844
0.542096,0.305138
0.671352,0.575419
0.648162,0.529877
0.359899,0.793148
0.444829,0.0393525
0.439584,0.0833724
0.476078,0.0538495
0.446331,0.23555
0.343553,0.199071
0.570809,0.133381
0.526397,0.128418
0.53505,0.70604
0.503068,0.705541
0.446062,0.156192
0.707711,0.313526
0.784531,0.325421
0.506749,0.0555034
0.256548,0.0912909
0.376067,0.272235
0.405468,0.21039
0.473198,0.528996
0.472207,0.306261
0.513802,0.211007
0.312643,0.286888
0.377856,0.19106
0.405127,0.0469714
0.455602,0.0470856
0.442389,0.0579642
0.670865,0.102095
0.583453,0.248105
0.470783,0.282847
0.442937,0.248293
0.662597,0.233921
0.660132,0.115086
0.325359,0.688455
0.264741,0.154073
0.381935,0.0287966
0.608766,0.65631
0.33783,0.502713
0.418511,0.325143
0.284548,0.266323
0.224602,0.251447
0.0903363,0.0731678
0.577244,0.0209879
0.222766,0.0159855
0.75648,0.137248
0.924391,0.377947
0.783466,0.377812
0.471192,0.0281273
0.44813,0.0544916
0.395546,0.0252858
0.381825,0.2536
0.437093,0.157879
0.412138,0.344985
0.429308,0.683046
0.377524,0.507912
0.365046,0.11196
0.557965,0.248791
0.684706,0.583416
0.906548,0.392872
0.493537,0.349554
0.249599,0.118459
0.170482,0.115072
0.206304,0.148022
0.273282,0.0629429
0.796021,0.29953
0.726181,0.321558
0.699714,0.449252
0.710915,0.429565
0.716304,0.0668443
0.444725,0.150747
0.572945,0.0415012
0.443976,0.231552
0.746808,0.449413
1.0154,0.537122
1.01868,0.894499
1.061,0.642097
0.875747,0.517038
0.758974,0.153229
0.365992,0.123049
0.512121,0.136313
0.606281,0.0820089
0.519932,0.378023
0.457537,0.251242
0.253623,0.163186
0.28438,0.193923
0.89279,0.889126
0.97519,0.426333
0.784009,0.331926
0.643374,0.495154
0.628514,0.677254
0.37938499999999997,0.0752275
0.51864,0.0117069
0.67157,0.864218
0.654019,0.82811
0.681287,0.797728
0.667687,0.634209
0.710623,0.682689
0.821943,0.807176
0.778969,0.779833
0.463976,0.63203
0.861929,0.283502
0.878279,0.264323
0.371068,0.0572922
0.184804,0.127037
0.746221,0.167452
0.229957,0.109729
0.601467,0.162531
0.849621,0.219964
0.355458,0.106637
0.396298,0.12776
0.602091,0.15456
0.3363,0.095772
0.249819,0.210924
0.497371,0.202092
0.415995,0.487935
0.493377,0.139977
0.631474,0.201796
0.390465,0.0090212
0.51098,0.0253678
0.289398,0.0265135
0.408081,0.0993631
0.500952,0.103018
0.532154,0.128303
0.560501,0.115489
0.217051,0.215166
0.391198,0.392967
0.45565,0.177323
0.604326,0.201796
0.401637,0.0632604
0.462898,0.150895
0.653191,0.219484
0.47109,0.00482397
0.310174,0.0449753
0.397175,0.127129
0.356097,0.27971
0.251732,0.239537
0.375749,0.656418
0.118099,0.36497
0.222352,0.620216
0.43516,0.512361
0.407485,0.924548
0.745758,0.602646
0.662658,0.789905
0.680531,0.713071
0.992308,0.474787
0.925594,0.660164
1.01652,0.594262
1.18319,0.333273
0.0550254,0.403342
0.396943,0.346667
0.512413,0.123025
0.390896,0.0139157
0.327521,0.0809673
0.237364,2.57386e-4
0.470687,3.33295e-4
0.376118,1.85664e-5
0.429495,0.001142
0.432288,0.115206
0.264909,0.148903
0.662976,0.374428
0.909185,0.363055
0.796704,0.256912
0.700094,0.670262
0.697409,0.616953
0.688996,0.508962
0.739735,0.660182
0.653203,0.354029
0.542552,0.0580006
0.572904,0.053976
0.291025,0.0821424
0.437839,0.197155
0.342338,0.209376
0.297551,0.144977
0.333454,0.322554
0.263309,0.279904
0.0850011,0.437279
0.00512528,0.51578
0.145737,0.62638
0.523247,0.176562
0.464813,0.474315
0.515219,0.434536
0.494374,0.148981
0.495557,0.412939
0.545935,0.335971
0.758939,0.498049
0.674367,0.531003
0.684255,0.502625
1.16125,0.617579
0.804638,0.374964
0.729088,0.412687
0.64222,0.6135
0.77126,0.544787
0.750363,1.03072
0.543833,0.215039
0.346936,0.0781019
0.322721,0.180322
0.208013,0.0394859
0.508546,0.0286595
0.329102,0.10297
0.448869,0.0374245
0.111305,0.439972
0.0675971,0.349012
1.3428,0.475552
1.09777,0.349978
1.03276,0.522318
0.752965,0.642125
0.662833,0.287649
0.178612,1.00793
0.0592385,0.478571
0.0732473,0.500989
0.25243,0.154714
0.469712,0.0266046
0.380627,0.0137012
0.43785,0.0263592
0.371661,0.0213099
0.539939,0.0992917
0.472626,0.0549002
0.19981,0.138441
0.479673,0.0204188
0.563323,0.0769433
0.314668,0.0962673
0.262207,0.076721
0.232648,0.0501828
0.555971,0.139469
0.429909,0.119812
0.345892,0.15086
0.604508,0.125997
0.664157,0.0883795
0.520768,0.186771
0.349708,0.176594
0.317415,0.0975552
1.28819,0.578815
1.43966,0.660562
1.65498,0.827223
1.6562,0.805178
1.61517,0.646697
1.59241,0.607053
1.58421,0.802847
1.58294,0.558084
1.20704,0.570997
1.14685,0.881174
0.827873,0.389644
1.61741,0.62369
1.62137,0.629182
0.0403079,0.460426
0.0558797,0.366203
0.718598,0.170125
0.0120423,0.676619
0.0209438,0.202317
0.40456,0.0189944
0.453123,0.0108246
0.255887,0.190503
0.371017,0.0654929
0.426121,0.0362319
0.304115,0.20114
0.316927,0.171193
1.2082,0.608908
1.35029,0.374445
1.41741,0.638467
1.44452,0.591287
1.11439,0.462264
1.01552,0.358121
0.85559,0.202466
0.314701,0.118958
0.232882,0.115275
0.432434,0.227037
0.307935,0.0715192
0.323669,0.070206
0.393166,0.639958
0.379273,0.723778
0.5084,0.459746
0.5602,0.492926
0.823447,0.717153
0.932145,0.656112
0.491897,0.308109
0.445875,0.388222
0.49221,1.11423
0.112718,0.285545
0.244777,0.33218
0.230968,0.499506
0.260934,0.556685
0.215137,0.653731
0.195043,0.635758
0.130465,0.361275
0.17299900000000001,0.326361
0.24757,0.693337
0.326249,0.705638
0.49001,0.0354535
0.383217,0.0659057
0.525758,0.0470985
0.224086,0.0303891
0.269519,0.0536871
0.673442,0.159337
0.516906,0.35649
0.232367,0.182433
0.420743,0.280433
0.545163,0.0416818
0.398798,0.0507188
0.440824,0.0182861
0.469577,0.0112409
0.369484,0.27407
0.403536,0.187436
0.208939,0.0658255
0.620121,0.201272
0.5006,0.105466
0.617364,0.323242
0.525656,0.299847
0.367675,0.00561511
0.514878,0.0173887
0.290622,0.0479794
0.47584,0.107333
0.362157,0.229583
0.821395,0.4003
0.545491,0.569555
0.353168,0.384417
0.353891,0.317379
-0.0818447,0.713255
-0.054683,0.550588
0.777256,0.525313
0.73829,0.508465
0.434905,0.794131
0.924837,0.378149
1.30939,1.07593
0.527421,0.218758
0.707685,0.585548
0.730741,0.510127
0.998524,0.755663
0.515744,0.418204
0.435946,0.278806
0.643072,0.622903
0.358372,0.649504
0.554502,0.152803
0.382757,0.0738789
0.568711,0.0378344
0.341855,0.0124275
0.249025,0.0492159
0.984268,1.25099
0.993877,0.683025
0.895446,0.466664
0.502237,0.0287888
0.319291,0.0445516
0.768777,0.262621
0.389787,0.0512233
0.626679,0.166849
0.641084,0.189997
0.545019,0.198523
0.560577,0.422799
0.640091,0.282861
0.506861,0.0707793
0.756806,0.40664
1.02934,0.659269
0.805189,0.606677
0.801369,0.7625
0.292804,0.14304
0.409993,0.186329
0.52268,0.208398
0.503237,0.437043
0.237374,0.11543
0.501782,0.479509
0.46299,0.735069
0.458217,0.347706
0.907527,0.414205
0.488929,0.113907
0.162463,0.468377
0.431099,0.00541745
0.422143,0.0183757
0.46513,0.00785662
0.427719,0.0375457
0.472905,0.00659771
0.351559,0.0312129
0.593402,0.549498
0.614514,0.220565
0.579181,0.446329
0.615053,0.234496
0.578372,0.229673
0.581948,0.207796
0.60557,0.101543
0.275851,0.185792
0.501202,0.0301663
0.0732484,0.0136793
0.748399,0.012581
0.513972,0.0158117
0.543652,0.01754
0.405389,0.0851135
0.241466,0.0876176
0.314415,0.158908
0.399893,0.103404
0.519079,0.16753
0.59113,0.165133
0.559158,0.178206
0.59792,0.176855
0.398246,0.698059
0.405368,0.166114
0.412618,0.165798
0.334353,0.0675967
0.48115,0.0384996
0.434911,0.0662706
0.398085,0.0474786
1.09012,0.636926
1.06185,0.368999
1.04388,0.417138
0.408229,0.261261
0.52675,0.15482
0.209354,0.373492
0.392248,0.465924
0.370798,0.263156
0.519993,0.358567
0.425802,0.353782
0.325561,0.306665
0.750691,0.810826
0.832341,0.700671
0.363431,0.0666929
0.488016,0.171491
0.434727,0.213299
0.208866,0.213969
0.106955,0.46902
0.0522101,0.452115
0.0374912,0.724823
0.0421753,0.516923
0.375143,0.491382
0.366939,0.444011
0.514486,0.13084
0.528229,0.119668
0.460627,0.0842522
0.554231,0.131855
0.435576,0.0699551
0.470117,0.0458288
0.465357,0.123876
0.611032,0.556252
0.655698,0.458808
0.714694,0.425478
0.448767,0.186771
0.489413,0.511671
0.498265,0.070536
0.558183,0.250009
0.546513,0.217292
0.621051,0.298819
0.693084,0.377177
0.395812,1.03058
0.550347,0.0284095
0.222222,0.0307261
0.539919,0.158952
0.317231,0.0775465
0.386919,0.0882696
0.459448,0.0201208
0.360812,0.0315246
0.421237,0.109805
0.374029,0.284581
0.452359,0.161727
0.288885,0.463891
0.414551,0.263125
0.484699,0.200912
0.367546,0.124983
0.364435,0.26404
0.720881,0.459054
0.786853,0.491902
0.523708,0.347396
0.446264,0.447454
0.458182,0.41491
0.530524,0.380016
0.584509,0.289594
0.551891,0.238726
-0.275825,0.597894
0.555594,0.13763
0.376062,0.499491
0.533309,0.240548
0.953879,0.563
0.799946,0.425573
0.939884,0.83674
1.04657,0.984612
1.04238,1.09126
1.02288,0.406541
1.02631,0.42928500000000003
1.00032,0.859174
1.05321,1.17132
1.02103,0.54396
1.00925,0.680563
1.06717,0.560329
0.527782,0.525808
0.558148,0.881941
0.476123,0.512647
0.287148,0.187565
0.305912,0.535025
0.17602,0.381232
0.301822,0.175924
0.26059,0.197189
0.370231,0.306758
0.873395,0.514224
0.702487,0.530695
0.480783,0.305135
0.419018,0.414008
0.833686,0.554812
1.00211,0.552536
0.696384,0.337007
0.353126,0.832586
0.465295,0.352157
0.502892,0.16006600000000001
0.471577,0.464031
0.606026,0.250084
0.163308,0.665799
0.503739,0.120563
0.512688,0.275114
0.459724,0.0710394
0.565677,0.284475
0.422912,0.0562459
0.333636,0.0129603
0.471994,0.00546187
0.20662,0.00227997
0.323165,0.00218039
0.440005,0.0175953
0.328635,0.0132349
0.405274,0.0105465
0.494228,0.00357017
0.432436,0.00367466
0.396081,0.00368889
0.361796,0.0363815
0.127903,0.1394
0.382444,0.133115
0.340987,0.133372
0.449476,0.449268
0.360619,0.415292
0.24996,0.412878
0.478221,0.178894
0.34668,0.0847563
0.501532,0.445016
0.514894,0.395816
0.342706,0.0469865
0.385975,0.0751396
0.637254,0.12367
0.321673,0.204076
0.524084,0.849405
0.320727,0.255945
0.210645,0.138801
0.657534,0.470667
0.839503,0.49874
0.768972,0.312583
0.780465,0.371733
0.462028,0.179923
0.350392,0.179822
0.408319,0.113216
0.589028,0.249386
0.490569,0.239756
0.503048,0.280876
0.356642,0.254405
0.502815,0.13497
0.639975,0.938142
0.764877,0.487807
0.612781,0.462442
0.686382,1.0411
0.797502,0.415904
0.356065,0.362007
0.469503,0.219954
0.692483,0.0850825
0.621291,0.376411
0.77373,0.260294
0.401078,0.231034
0.461727,0.186289
0.626164,0.16929
0.645915,0.387655
0.67657,0.499581
0.398659,0.241155
0.291387,0.0890442
0.420421,0.116016
0.540646,0.074614
0.33908,0.256101
0.7164,0.711518
0.640008,0.134237
0.68155,0.994752
0.693074,1.06452
0.411438,0.172543
0.46577,0.186141
0.4601,0.265836
0.557098,0.158774
0.258478,0.0679017
0.898222,0.80561
0.767052,0.304467
0.735377,0.322924
0.0485893,0.430276
0.201097,0.499783
0.884184,0.452584
0.589017,0.128016
0.360311,0.0375885
0.494206,0.0282939
0.355884,0.106957
0.365945,0.033473
0.326904,0.191518
0.554007,0.115413
0.501073,0.187573
0.370711,0.104395
0.335231,0.0912474
0.343647,0.107874
0.326863,0.0709994
0.476295,0.0740464
0.282257,0.734787
0.276663,0.50169
0.339211,0.199256
0.534581,0.140444
0.52185,0.19709
0.616896,0.49668
0.660349,0.665848
0.769681,0.352028
0.668113,0.520435
0.724532,0.517596
0.455869,0.394269
0.432737,0.246205
0.588773,0.203405
0.53704,0.547128
0.547158,0.439607
0.588019,0.406025
0.621622,0.534882
0.585192,0.0524276
0.323558,0.247576
0.399276,0.277623
0.450383,0.3255
0.40155,0.333583
0.376206,0.146145
0.517847,0.0930071
0.492226,0.028369
0.379228,0.151741
0.443344,0.0176408
0.446696,0.00931279
0.427471,0.0719962
0.410259,0.0571856
0.437322,0.858771
0.568866,0.562336
0.853292,0.270178
0.575279,0.173383
0.627729,0.167704
0.597174,0.223069
0.529555,0.517354
0.541557,0.491023
0.232261,0.563719
0.257209,0.226815
0.392707,0.309028
0.443891,0.0656585
0.413093,0.378129
0.373491,0.0327408
0.479971,0.0120934
0.32351799999999997,0.0369392
0.387595,0.0730204
0.288161,0.138046
0.335528,0.125615
0.434695,0.153013
0.470053,0.131657
0.379698,0.135806
0.585303,0.163807
0.413289,0.171896
0.226187,0.472892
0.148985,0.339722
0.368723,0.141567
0.358481,0.118518
0.371619,0.383812
0.611207,0.165196
0.423394,0.390015
0.835191,0.557176
0.939201,0.368491
0.72217,0.739834
0.888621,0.773245
1.01381,0.794879
1.01609,0.825449
1.11225,0.885184
0.709292,0.367092
0.934686,1.09122
0.976938,1.21595
0.924892,0.990549
1.03759,0.577469
0.879626,0.568358
0.427758,0.199668
0.190182,0.324188
0.160351,0.213508
0.400446,0.143617
0.907668,0.754992
0.148877,0.0620349
0.426796,0.11817
0.484449,0.258369
0.432278,0.0545978
0.0982196,0.0764909
0.584142,0.0442321
0.261332,0.129547
0.383824,0.0908721
0.360342,0.231461
0.271426,0.0863318
0.458484,0.060399
0.482429,0.0387098
0.231756,0.29524
0.353582,0.083361
0.519254,0.0247156
0.289522,0.0800942
0.439594,0.0433835
0.253052,0.0089382
0.495738,0.206795
0.116481,0.106784
0.491196,0.0818417
0.474665,0.145955
0.404681,0.183665
0.309139,0.26321
0.0176505,0.505552
-0.0861446,0.738806
0.0876806,0.836343
0.464586,0.378321
0.0673517,0.640692
-0.0344762,0.824364
-0.10512,1.14667
0.103352,0.421702
0.949965,0.76695
0.490633,0.312874
0.611883,0.451627
0.569258,0.171157
0.507129,0.520582
0.358826,0.252347
0.640551,0.112254
0.501312,0.274741
0.33066,0.255865
0.547915,0.0426545
0.429482,0.106628
0.492705,0.0569271
1.16934,0.647477
0.861459,0.489423
0.814952,0.279813
0.474549,0.0677794
0.651169,0.295844
0.461508,0.00758829
0.559573,0.158905
0.519382,0.0380861
0.252485,0.0169089
0.577378,0.217873
0.225552,0.0503407
0.654015,0.0219348
0.540657,0.0573133
0.242145,0.0627622
0.244576,0.0665145
0.489037,0.142412
0.306682,0.0715585
0.27906,0.120632
0.309598,0.303699
0.304827,0.424294
0.0308342,0.781755
0.666955,0.259962
0.237003,0.243393
0.70125,0.0980493
0.293677,0.0244053
0.470256,0.129318
0.363377,0.0870174
0.599734,0.101667
0.320307,0.0380069
0.628535,0.592067
0.50395,0.0863302
0.309074,0.466983
0.381339,0.0933592
0.245409,0.0918945
0.489817,0.683169
0.558512,0.0979004
0.471044,0.183098
0.212689,0.0936379
0.505174,0.289703
1.04939,0.462459
0.77444,0.445256
0.486475,0.230127
0.381408,0.00733144
0.460619,0.00843286
0.291619,0.0285081
0.419202,0.0419322
0.592836,0.0766196
0.699009,0.764013
0.499662,0.259952
0.645146,0.269753
0.677557,0.389551
0.459297,0.68157
0.131639,0.647447
0.119598,0.682848
0.061894,0.345803
-0.0146223,0.643877
-0.14815,0.499281
-0.154955,0.537629
0.00268792,0.35149
-0.141158,0.86129
0.270773,0.38666
0.197128,0.535504
0.349817,0.357378
0.192088,0.609452
0.236937,0.687592
0.443101,0.249424
0.437773,0.369429
0.464498,0.156735
0.294692,0.804032
0.603061,0.270272
0.741062,0.167617
0.50653,0.226653
0.525235,0.0364456
0.514552,0.123687
0.049559,0.706436
0.120457,0.37537
0.3937,0.14001
0.376107,0.124335
0.378529,0.080867
0.49535,0.0962754
0.333004,0.166169
0.333288,0.0546816
0.282317,0.491519
0.217853,0.257169
0.22067,0.181187
0.284657,0.157403
0.439901,0.161772
0.8321,0.321147
-0.239114,0.664007
0.198089,0.797646
0.188422,0.730391
0.146946,0.396821
0.306591,0.948512
0.364468,0.640914
0.130672,0.686265
0.129081,0.733661
0.130461,0.755986
0.56978,0.19319
0.386006,0.0688177
0.273387,0.13071
0.642287,0.165592
1.00934,1.50986
0.580337,0.132944
0.718685,0.520067
1.06994,0.648634
1.0526199999999999,0.649751
0.970208,0.714647
0.887599,0.467849
0.954425,0.43972
1.04268,0.882384
0.947052,0.520274
1.06389,0.72827
1.03796,0.55871
0.894333,0.51246100000000006
0.765792,1.00695
0.98828,0.401772
0.469997,0.315624
0.41279,0.203286
0.534132,0.322203
1.27338,0.918709
1.27498,1.02184
1.30274,0.817664
1.29954,1.42689
1.17217,1.21874
1.14625,0.540531
1.04309,0.517135
1.07858,0.862802
1.10905,0.627304
1.06774,0.923659
1.01425,0.831214
0.942626,0.47226
0.925778,0.948549
0.0968512,0.665494
0.332675,0.448626
0.209796,0.360271
0.207257,0.236348
0.187496,0.268515
0.484345,0.130879
1.00028,0.582669
0.565663,0.268957
0.444825,0.814434
0.750121,0.377671
0.65799,0.248564
0.613019,0.22279
0.575807,0.0750591
0.512637,0.115475
0.509977,0.186017
0.277329,0.378601
0.559308,0.490055
0.506035,0.58793
0.496919,0.457073
0.480174,0.33184
0.308459,0.396299
0.385404,0.261634
0.256338,0.316628
0.445721,0.117203
0.290295,0.0478611
0.548472,0.0908547
0.277872,0.06612
0.230724,0.063535
0.327083,0.0925711
0.516941,0.0527652
0.304334,0.0040462
0.479738,0.0104239
0.448768,0.0124269
0.412293,0.0542457
0.386618,0.159564
0.540124,0.0632303
0.357969,0.0428985
0.543307,0.126904
0.567526,0.633663
0.541193,0.640157
0.397891,0.125912
0.434016,0.121029
0.257205,0.489672
0.320614,0.126397
0.591636,0.415128
0.440522,0.142616
0.78915,0.620119
0.461461,0.547852
0.341802,0.44245
0.68279,0.481559
0.75692,0.574121
0.39831,0.708524
0.260304,0.507464
0.312848,0.137992
0.467681,0.0215072
0.380249,0.0528645
0.307045,0.0470816
0.504115,0.145368
0.413043,0.203436
1.17549,1.30465
1.15103,1.01852
1.12186,0.867954
0.338078,0.245913
0.311017,0.0135356
0.492022,0.0852745
0.340455,0.0248775
0.476601,0.0236661
0.396815,0.0962514
0.696458,0.551349
0.754278,0.311016
0.260331,0.133742
0.114111,0.31716
0.181019,0.251319
0.473368,0.0663797
0.487551,0.0806115
0.436849,0.205313
0.515843,0.222635
0.68643,0.136582
0.354575,0.45726
0.357081,0.467454
0.341113,0.436078
0.502381,0.165629
0.404194,0.0931317
0.376491,0.101258
0.344532,0.153029
-0.035792,0.473932
0.0398855,0.919965
-0.107913,1.00084
-0.1648,0.939246
1.05954,0.651901
1.1327,0.324916
0.61389,0.133642
0.398533,0.160772
0.557447,0.199884
0.485459,0.260582
0.627512,0.153398
0.251662,0.211879
0.24402,0.201313
0.663048,0.255393
0.682245,0.328894
0.26046,0.381698
0.157289,0.339731
0.660439,0.211638
0.569555,0.137546
0.545722,0.127423
1.03251,0.443329
0.973339,0.722851
1.1254,0.750483
0.9927,1.05733
1.00081,1.03891
0.640497,0.354303
0.812769,0.381517
0.827912,0.771071
0.168992,0.452499
0.367766,0.0944518
0.175077,0.395253
0.574389,0.467255
0.54572,0.568325
0.269847,0.182993
0.748954,0.256879
0.711073,0.143659
0.690342,0.139642
0.535873,0.46197
0.8257,0.488311
0.412018,0.0734448
0.363311,0.0685144
0.36442,0.0345713
0.692973,0.540358
0.680793,0.377411
0.747539,0.176327
0.689877,0.284751
0.557612,0.41893
0.770335,0.516409
1.13929,0.765651
1.2222,1.08134
0.316031,0.184087
0.258699,0.111813
0.43116,0.285568
0.454508,0.161177
0.432334,0.429972
0.41948,0.431408
0.755519,0.136059
0.710928,0.286862
0.33899,0.23902
0.290732,0.374596
0.515667,0.57157
0.699119,0.350808
0.671646,0.259975
0.264108,0.147047
0.363612,0.145305
0.866136,0.391045
1.33347,0.549725
1.19723,0.475232
0.962513,0.323064
0.430948,0.726927
0.337353,0.245198
0.325579,0.399655
0.510316,0.602662
0.395786,0.110833
0.364137,0.266731
0.57106,0.155641
0.500782,0.13046
0.559378,0.091276
0.342282,0.031121
0.263999,0.166291
-0.00585324,0.282854
0.0559341,0.231784
-0.0353902,0.200014
0.25331,0.406156
0.145391,0.339127
0.556436,0.202823
0.533759,0.117779
0.78446,0.498153
0.249241,0.210978
0.339954,0.120987
0.51529,0.0960467
0.688097,0.149506
0.469504,0.0825041
0.42155,0.143284
0.421435,0.108317
0.461066,0.152469
0.556313,0.186807
0.264598,0.0641058
0.398492,0.116246
0.272814,0.132909
0.624866,0.0682484
0.258297,0.122928
0.537471,0.0383792
0.266972,0.0907542
0.154719,0.0596021
0.198852,0.0587747
0.575657,0.605947
0.315094,0.164353
0.376122,0.248875
0.977945,0.933061
0.936675,0.529014
0.373138,0.0724978
0.43098,0.112465
0.223531,0.218157
0.294922,0.0608548
0.289375,0.0807158
0.50797,0.0561316
0.331343,0.0904683
-0.0465677,0.126665
0.056149,0.272865
0.0507225,0.288
0.0508704,0.368168
-0.195167,0.790272
0.012096,0.396377
-0.0597726,0.274683
0.793374,0.356251
0.504588,0.909076
0.521805,0.689181
0.412925,0.616594
0.525979,0.262639
0.538172,0.518667
0.506603,0.637211
0.254392,0.270143
0.461114,0.729236
0.467085,0.53779
0.542364,0.464643
0.402882,0.15816
0.427387,0.0474111
0.463829,0.176491
0.232964,0.0254911
0.514523,0.00520097
0.356654,0.00678975
0.386867,0.0464051
0.481469,0.0464057
0.297805,0.0187287
0.672339,0.0432915
0.307811,0.108974
0.64276199999999994,0.44127
0.559945,0.470284
0.202637,0.0654658
0.265614,0.122992
0.275155,0.0790236
0.270129,0.0626935
0.189712,0.0944083
0.333756,0.51564
0.367815,0.347109
0.306675,0.576495
0.293521,0.733679
0.241544,0.298997
0.262244,0.294098
0.200229,0.218238
0.377882,0.0765461
0.485395,0.0782372
0.368015,0.101891
0.586559,0.172607
0.365035,0.287308
0.476515,0.279767
0.506913,0.423007
0.41867,0.3012
0.798545,0.883097
0.672244,0.552787
0.662342,0.516903
0.335015,0.252292
0.648992,0.138883
0.668087,0.145823
0.557677,0.085473
0.681186,0.280293
0.504614,0.0949042
0.565443,0.259197
0.55243,0.255826
0.612921,0.246135
0.265076,0.304931
0.339503,0.280202
0.392209,0.35066
0.397921,0.391374
0.600459,0.0597588
0.593393,0.0922649
0.506519,0.0638277
0.187129,0.134972
0.540787,0.0471141
0.605692,0.0157208
0.239116,0.0412265
0.229076,0.0512736
0.31289,0.0673196
0.387286,0.204585
0.265135,0.0469578
0.449855,0.0464947
0.458847,0.0381791
0.353279,0.0060369
0.478347,0.308104
0.404974,0.15267
0.520191,0.428839
0.657875,0.520795
0.762783,0.455808
0.772045,0.356265
0.285888,0.0222239
0.202145,0.160232
0.202323,0.430196
0.0170565,0.364468
0.087936,0.422007
0.559666,0.16492
0.39236,0.143149
1.03526,0.420859
0.641252,0.230973
0.745223,1.14866
0.632828,0.59614
0.587675,0.664484
0.596737,0.614764
0.291169,0.578517
1.25596,0.393719
1.33941,0.543816
0.840223,1.07571
0.596143,0.229597
0.324374,0.368848
0.349657,0.180592
0.384188,0.189619
0.386878,0.0264565
0.537457,0.147511
0.430659,0.0475699
0.502189,0.119518
0.484113,0.179415
0.311931,0.152187
0.47843,0.681995
0.413565,0.0637463
0.419275,0.0606032
0.607055,0.493362
0.69429,0.442181
0.716814,0.743412
0.351905,0.329308
0.413176,0.308365
0.277121,0.287733
0.242587,0.585769
0.281272,0.555047
-0.209076,0.867411
-0.0806539,0.87153
-0.522736,1.30169
-0.531099,0.947686
-0.538075,1.09294
-0.643753,1.15786
-0.70991,0.789197
-0.799833,1.57301
-0.780229,1.36654
-0.792415,0.794993
-0.747989,1.04188
-0.591864,0.818268
-0.497272,0.665891
-0.885263,1.31416
-0.695513,0.838744
0.279509,0.394366
-0.342317,0.625262
-0.10105600000000001,1.17135
-0.136776,0.530434
-0.340115,0.981473
0.480555,0.0770932
0.332963,0.127662
0.348803,0.0135141
0.420613,0.0239257
0.335312,0.0575953
0.663399,0.225009
0.194058,0.252854
0.574652,0.0816398
0.319861,0.159425
0.748172,0.247606
0.651895,0.425309
0.648998,0.326941
0.638437,0.257416
0.382886,0.144046
0.147015,0.230118
0.378146,0.54549
0.273259,0.469744
0.411941,0.580322
0.550256,0.250012
0.534028,0.93387
0.31021,0.245525
0.325554,0.309341
0.581116,0.071243
0.463782,0.213135
0.56052,0.184622
0.408447,0.192333
0.595531,0.130296
0.620419,0.0830956
0.601261,0.0819581
0.515066,0.12363
0.50801,0.296572
0.328472,0.109796
0.407866,1.15988
0.370727,0.133311
0.00197909,0.529769
0.0320063,0.911515
0.0149274,1.3027
-0.12704,0.695336
1.22306,0.621376
1.02863,0.909509
0.409857,0.268647
0.484501,0.33755
0.0967006,0.215934
0.146682,0.702578
0.15452,0.556137
0.149548,0.715511
0.0898784,0.396826
0.24772,0.141841
0.364412,0.0293739
0.42651,0.133612
0.343493,0.146486
0.509753,0.105967
0.331603,0.177049
0.548036,0.174007
0.281501,0.0454109
0.551577,1.01887
0.34804,0.305768
0.270339,0.364039
0.292265,0.092426
0.159308,0.166345
0.596153,0.0626554
0.213355,0.128692
0.436544,0.0814674
0.549288,0.102421
0.492694,0.712964
0.245151,0.43812
0.305155,0.547204
0.344898,0.3281
0.24895,0.178012
0.524146,0.135594
0.672885,0.153081
0.343479,0.27764
0.540084,0.0474708
0.492155,0.0625129
0.422912,0.252638
0.348536,0.425939
0.457728,0.47042
0.389165,0.465506
0.772182,0.681345
0.356179,0.496369
0.294958,0.60882
0.286935,0.760968
0.23542,0.892019
0.0907662,0.362065
0.0569426,0.349722
0.0810249,0.419301
0.147359,0.341402
0.132033,0.469034
0.451399,0.108279
0.744528,0.131912
0.397786,0.16316
0.536413,0.140593
0.563797,0.0997402
0.683382,0.0768198
0.363626,0.149233
0.651065,0.259049
0.107046,0.415072
0.741283,0.504306
0.270201,1.00226
0.121374,0.514654
0.138855,0.818702
0.447907,0.0734607
0.391788,0.0871593
0.190329,0.169541
0.0636335,0.317574
0.866292,0.126335
0.19902,0.159928
0.358982,0.154544
0.271172,0.452132
0.356871,0.179938
0.199501,0.411685
0.321646,0.0965393
0.486148,0.679495
0.402088,0.0210242
0.479024,0.0833812
0.40668,0.123316
0.569095,0.152936
0.399078,0.134055
0.348017,0.55262
0.463149,0.434432
0.92132,0.336936
0.516319,0.381553
0.468635,0.234121
0.966265,0.428654
0.750857,0.9153
0.577423,0.535984
0.950091,0.42265
0.925739,0.291731
0.902804,0.183403
1.08819,0.327383
1.14681,0.724866
1.02804,0.672667
0.870858,0.794295
0.849295,0.4451
0.955436,0.475895
0.981051,0.570771
0.738341,0.496801
0.482735,0.312646
0.60355,0.328772
0.466634,0.35237
0.746532,0.440403
0.728265,0.310684
0.67637,0.523807
0.681756,0.559439
0.45897,0.349634
0.554762,0.170122
0.252636,0.0331871
0.294777,0.296105
0.366156,0.0222707
0.396036,0.0335123
0.3201,0.186388
0.455535,0.071052100000000007
0.466006,0.329637
0.459178,0.143729
0.0592165,0.544792
0.156166,0.451401
0.114979,0.37209
0.42228,0.0841506
0.342955,0.0796547
0.368385,0.160192
0.58201,0.72062
0.334812,0.402141
0.181654,0.986728
0.516648,0.235106
0.5054,0.148877
0.271655,0.333114
0.270757,0.265598
0.383078,0.441288
0.88958,0.325156
0.615074,0.216349
0.735779,0.587198
0.652373,0.545003
0.608229,0.42082
0.362646,0.00186491
0.357459,0.0086305
0.58294,0.0127753
0.468719,0.248299
0.506733,0.181272
0.313341,0.222335
0.5969,0.00956898
0.589708,0.0601662
0.506239,0.356672
0.629416,0.248918
0.43269,0.308861
0.376223,0.138821
0.479548,0.35549
0.573526,0.370746
0.511614,0.273673
0.559738,0.367444
0.258882,0.119586
0.777548,0.559475
0.407191,0.624615
0.36509,0.453856
0.281119,0.280975
0.511734,0.138428
0.350181,0.076398
0.494262,0.125238
0.641069,0.0695947
0.60168,0.0500899
0.395252,0.23648
0.586874,0.235923
-0.55144,0.638269
0.142384,7.568e-4
0.671828,0.00706535
0.461743,0.0160338
0.352576,0.0587713
0.401762,0.0413287
0.463297,0.295179
0.45639,0.420735
0.253169,0.56184
0.422772,0.929317
0.561146,0.317332
0.533746,0.380498
0.567533,0.405856
0.505709,0.287707
0.335001,0.172453
0.880258,0.340204
0.748959,0.21602
0.74353,0.208956
0.594019,0.226365
0.410827,0.342003
0.440401,0.287171
0.585777,0.278283
0.694973,0.272681
0.450188,0.185367
0.206176,0.42067
0.68663,0.265995
0.401307,0.044271
0.393256,0.0752943
0.460568,0.164797
0.33136,0.0341303
0.519992,0.173827
0.36478,0.0320714
0.257545,0.230589
1.012,0.734658
0.601856,0.555586
0.645887,0.637944
0.223569,0.147507
0.581397,0.0902329
0.709517,0.0541184
0.38513,0.0774297
0.361275,0.16558
0.635379,0.0773754
0.42658,0.0823939
0.46393,0.183332
0.498718,0.0501235
0.509988,0.0564078
0.453779,0.126214
0.688669,0.244901
0.70472,0.298733
0.548287,0.192133
0.539938,0.612724
0.521737,0.446362
0.546646,0.537484
0.377256,0.302263
0.93802,0.91973
0.658732,0.654108
0.88491,0.603016
0.702557,0.339644
0.79555,0.493784
0.339947,0.0818264
0.292376,0.0483157
0.303814,0.0462748
0.172113,0.178033
0.0946749,0.417541
0.103636,0.270563
0.420124,0.0462184
0.465514,0.135675
0.259905,0.22849
0.340721,0.741828
0.508821,0.665313
0.707601,0.344846
0.508321,0.256061
0.86479,0.491049
0.710992,0.496249
0.439885,0.486936
0.589046,0.523084
0.543276,0.3647
0.518536,0.405208
0.658153,0.740311
0.691675,0.630124
0.323094,0.237796
0.487608,0.011541
0.395411,0.00707786
0.428588,0.0214355
0.425265,0.10032
0.382951,0.591237
0.519231,0.0826991
0.13853,0.449775
0.0713207,0.66026
0.0854468,0.715152
0.0351185,0.351712
-0.0367979,0.542001
-0.0629715,0.442632
-0.00196361,0.577956
0.120273,0.407674
0.184378,0.408151
0.258669,0.615474
0.274257,0.491402
0.404821,0.246495
0.290803,0.0759527
0.535014,0.0666363
0.250647,0.507144
0.399838,0.633418
0.321038,0.735454
0.527255,0.677812
0.747848,0.570938
0.514669,0.635933
0.40041,0.326217
0.487946,0.400733
0.391989,0.265205
0.404493,0.29071
0.568995,0.330376
0.429215,0.310542
0.513744,0.124842
0.388356,0.0193406
0.186395,0.17552
0.418883,0.0616888
0.264865,0.0127376
0.322639,0.162575
0.823868,0.187412
0.975413,0.487102
0.887502,0.434552
1.06716,0.735898
1.23309,0.620985
1.22473,0.73964
1.23091,0.563586
1.07665,0.452537
0.911993,0.641035
0.982423,0.975418
1.20528,0.566942
-0.339641,0.687524
-0.365982,0.882924
-0.360604,0.904038
0.40373,0.296393
0.892598,0.344447
1.20083,0.576067
1.29734,0.290483
1.11026,0.272004
0.288697,0.215376
-0.0536035,0.233435
-0.140236,0.820562
0.520845,0.258546
0.459715,0.223943
0.749721,0.164642
0.733469,0.275486
0.731737,0.376657
0.761026,0.317803
0.726519,0.44409
0.382802,0.312653
0.503515,0.0720504
0.267632,0.190218
0.414244,0.015584
0.524809,0.0533079
0.28367,0.134748
0.42272,0.561218
0.345398,0.559638
0.222471,0.748286
0.171462,0.413588
0.117488,0.325892
0.468831,1.07803
0.464009,0.775339
0.362569,0.41739
0.612637,0.416061
0.581892,0.610992
0.352532,0.788975
0.55619,0.217868
0.598178,0.206749
0.399518,0.431891
0.449154,0.328044
0.490478,0.290042
0.488872,0.373403
0.620405,0.382373
0.627143,0.492328
0.204319,0.764026
0.40747,0.577102
0.353375,0.420477
0.0958603,0.258901
0.444786,0.194612
0.298807,0.247019
0.330161,0.159342
0.713439,0.316267
0.844606,0.470844
0.206504,0.619094
0.122278,0.327233
0.803265,0.408682
0.828528,0.402419
0.840529,0.372542
0.835117,0.300218
1.01843,0.650642
0.864055,0.254282
1.01772,0.332929
0.365725,0.0856968
0.469425,0.153507
0.353411,0.0167777
0.509421,0.0103926
0.407191,0.0149864
0.409364,0.141764
0.470265,0.147725
0.425745,0.0923591
0.516584,0.105025
0.366458,0.0654016
0.576816,0.164762
0.131305,0.0699536
0.723742,0.00948777
0.614291,0.0149657
0.194429,0.037577
0.364605,0.068426
0.500464,0.0481755
0.461863,0.0499045
0.648343,0.054136
0.211834,0.299894
0.258581,0.14384
0.381896,0.189543
0.177725,0.0901616
0.305546,0.25168
0.228289,0.154076
0.186619,0.30357
0.66397,0.209126
0.644781,0.232515
0.548106,0.206764
0.597422,0.132953
0.383831,0.0679769
0.499288,0.137982
0.563876,0.252853
0.29317,0.0384171
0.39709,0.0479637
0.411508,0.11798
0.340488,0.121759
0.740298,0.123222
0.803523,0.23158
0.733094,0.468174
0.459938,0.323013
0.579784,0.380542
0.511529,0.465988
0.357856,0.628555
0.384995,0.529562
0.564991,0.117593
0.705436,0.364245
0.390175,0.463694
0.456609,0.578693
0.436639,0.530695
0.00983252,0.625285
0.311029,0.258187
0.403756,0.515804
-0.17156,0.528793
-0.0378661,0.476695
0.263133,0.155319
0.430898,0.0375372
0.404114,0.111713
0.297293,0.118596
1.02698,0.40798
1.05435,0.448327
0.627924,0.259585
1.0606,0.71586
0.282121,0.563499
0.449282,0.561065
0.353985,0.800472
0.350844,0.415634
0.368811,0.347285
0.321324,0.134885
0.640254,0.228942
0.34196,0.0193166
0.54564,0.0587607
0.48724,0.0909415
0.356034,0.266909
0.553966,0.333918
0.496603,0.344006
0.389736,0.100273
0.403442,0.0859847
0.543018,0.0337616
0.396792,0.248917
0.162613,0.108868
0.121523,0.194841
0.365902,0.354514
0.362999,0.0398314
0.517166,0.0525478
0.436166,0.0587074
0.539885,0.214125
0.652428,0.244867
0.337985,0.210986
0.223255,0.146541
0.342884,0.0384956
0.409737,0.0881908
0.455502,0.046866
0.36033,0.0307487
0.264588,0.127641
0.388305,0.187641
0.233668,0.113393
0.227475,0.0718997
0.505194,0.0304784
0.620909,0.328114
0.403299,0.073894
0.352725,0.0957079
0.449999,0.193707
0.41848,0.0940526
0.883555,0.369714
0.281891,0.235924
0.235644,0.249946
0.405293,0.101429
0.38516,0.0734376
0.975684,0.351155
0.939613,0.440746
0.76464,0.157916
0.727335,0.2488
0.730075,0.470836
0.508089,0.861038
0.653337,0.225153
0.354824,0.312783
0.531734,0.348294
0.0922281,0.186204
0.538504,0.112171
0.556151,0.170846
0.101231,0.214649
0.124062,0.589098
0.113714,0.516767
0.350527,0.0157734
0.406693,0.00781859
0.15974,0.00999916
0.608064,0.0189401
0.583267,0.0555468
0.370044,0.0619076
0.47286,0.047958
0.563055,0.215318
0.368365,0.0122474
0.525568,0.00730863
0.282448,0.0597702
0.478165,0.0632826
0.595974,0.0403673
0.448448,0.135828
0.426917,0.139973
0.622464,0.298374
0.572398,0.159658
0.61086,0.232772
0.554432,0.14358
0.38263200000000003,0.214681
0.47817,0.0347522
0.46397,0.0366648
0.368519,0.00389299
0.459686,0.00503279
0.336167,0.017908
0.648118,0.543001
0.811063,0.52212
0.868243,0.691107
0.915354,0.544044
0.946752,0.438695
0.832534,0.447979
0.328208,0.0669451
0.374355,0.140809
0.484643,0.0345939
0.387567,0.0853822
0.425869,0.269764
0.23773,0.124749
0.497534,0.378082
0.710616,0.412392
0.668243,0.911569
0.384538,0.457225
0.214637,0.204756
0.282763,0.138481
0.441827,0.482775
0.245361,0.717315
0.558487,0.211269
0.360932,0.449545
0.468846,0.0269898
0.368378,0.0680325
0.455203,0.122591
0.535316,0.0270265
0.510899,0.0442696
0.325636,0.0819683
0.508376,0.0944819
0.511266,0.263127
0.70684,0.208194
0.131009,0.353843
0.385101,0.125019
0.325089,0.367849
0.420556,0.370598
0.432088,0.0947189
0.290669,0.167801
0.430713,0.233887
0.480335,0.373278
0.60588,1.03353
0.657741,0.86309
0.355759,0.00779255
0.385717,0.0112105
0.439306,0.112765
0.262159,0.324693
0.256956,0.303699
0.169264,0.393522
0.587046,0.1806
0.628035,0.343741
0.624687,0.116738
0.841904,0.507113
0.710847,0.224946
0.836403,0.489676
0.909384,0.515423
0.410937,0.145118
0.325325,0.240572
0.671337,0.191244
0.415424,0.364579
0.439339,0.392586
0.564621,0.582257
0.333001,0.273542
0.9253,0.607705
0.393219,0.0813317
0.579529,0.0343736
0.481784,0.0266847
0.370457,0.0141942
0.485555,0.0381195
0.447201,0.430063
0.293442,0.128069
0.439353,0.267607
0.478257,0.110623
0.249278,0.27227
0.526565,0.111235
0.58656,0.310007
0.389199,0.145514
0.31681,0.29527
0.273019,0.0332532
0.5562,0.178238
0.504205,0.076215
0.926508,1.06692
0.816028,0.464284
0.0595954,0.395102
0.0423517,0.372389
0.204551,0.190425
0.682787,0.0664198
0.6959,0.0846178
0.388425,0.18142
0.306822,0.59081
0.283403,0.254176
0.524266,0.336043
0.846035,0.779869
0.375779,0.339036
0.382582,0.673065
0.602019,0.414296
0.565769,0.240448
0.561931,0.110321
0.556884,0.298722
0.660998,0.326648
0.561083,0.898605
0.781463,0.393326
0.491261,0.154874
0.444719,0.0382033
0.310229,0.4598
0.398061,0.0718703
0.653888,0.472924
0.757209,0.2546
1.14308,0.699051
0.916616,0.701765
0.937359,0.537988
0.837217,0.677911
0.350468,0.138027
0.277728,0.199368
0.151852,0.123657
0.233484,0.070024
0.217063,0.0508322
0.485894,0.0757382
0.202204,0.5412
0.257103,0.130213
0.416853,0.100157
0.506011,0.0550261
-0.215415,0.670119
0.105655,0.522666
-0.0194728,0.519277
0.492535,0.118968
0.238342,0.450194
0.270973,0.477126
0.63072,0.549591
0.736294,0.728066
0.67682,0.609331
0.661025,0.546327
0.60387,0.642218
0.868598,0.603527
0.694534,0.66377
0.66959,0.838376
0.69668,0.832074
0.639324,0.623403
0.256302,0.287964
0.431474,0.704501
0.112047,0.651712
0.587787,0.101707
0.360789,0.0902865
0.388921,0.294258
0.483345,0.364802
0.566797,0.295819
0.657746,0.452919
0.386596,0.931129
0.832763,0.410135
0.68408,0.547898
0.246008,0.533479
0.273058,0.50278
0.534759,0.396626
0.448877,0.388675
0.241051,0.323708
0.0918114,0.357385
0.0581972,0.415805
0.19331,0.352459
0.239534,0.378363
0.548998,0.50604
0.360296,0.200074
0.0677299,0.220095
0.0982782,0.403869
-0.377135,0.598112
-0.137148,0.430069
0.518329,0.0347264
0.26801,0.409821
0.101198,0.587006
0.12159,0.455009
0.070236,0.592877
0.0545571,0.7707
0.360463,0.179674
0.350443,0.197256
0.312546,0.384007
0.356406,0.621758
0.147864,0.80557
0.213711,0.77311
0.296575,0.687372
0.31837,0.853608
0.959773,0.472879
0.141735,0.474583
-0.16584,0.699495
-0.126027,0.450951
0.29264,0.375703
0.276345,0.27837
0.940489,0.834391
0.979418,0.66208
0.523335,0.0382637
0.205112,0.0499423
0.249609,0.0726426
0.460047,0.130251
0.531196,0.190501
0.413507,0.0954818
0.472442,0.184136
0.482864,0.0340839
0.535969,0.0180162
0.493318,0.00449041
0.333043,0.0490586
0.45409,0.0682778
0.406046,0.0560881
0.378868,0.0785933
0.328475,0.143584
0.199497,0.281183
0.429505,0.927137
0.406142,1.07882
0.417361,0.250236
0.32912,0.207222
0.540031,0.443502
1.21936,0.535563
1.28113,0.703928
1.3994,1.10672
1.44573,0.85826
1.41455,1.12248
1.41103,0.678727
0.210702,0.0780798
0.606452,0.161358
0.247855,0.176607
0.554806,0.245165
0.67493,0.204941
0.648066,0.157635
0.666613,0.219468
0.692836,0.162444
0.50357,0.263542
0.494269,0.784916
0.475368,0.543305
0.611734,0.884103
0.496576,0.21118
0.976382,0.453005
0.772677,0.450116
0.70218,0.525203
0.256262,0.073699
0.629527,0.163135
0.540443,0.047886
0.425968,0.145498
0.344924,0.435974
0.529266,0.136111
0.590266,0.0361387
0.281365,0.0913029
0.590466,0.291486
0.6096,0.408475
0.334246,0.462715
0.377022,0.373271
0.393351,0.362451
0.557054,0.199913
0.525821,0.410231
0.527088,0.806638
0.530203,0.6702
0.589135,0.658281
0.530327,0.697203
0.213176,0.119756
0.332759,0.101618
0.41059,0.180283
0.391601,0.0711775
0.321965,0.085459
0.453438,0.0144396
0.395206,0.0285502
0.437459,0.0287561
0.44748,0.00547297
0.387447,0.0147003
0.392762,0.0311757
0.539487,0.057973
0.384518,0.236537
0.365683,0.295149
0.115043,0.617197
0.408393,0.710561
0.4009,1.26343
0.423295,0.46301
0.457895,0.516752
0.363153,0.524667
0.260358,0.846917
0.417536,0.488352
0.398177,0.606619
0.332558,0.568562
0.910683,0.51913
0.87001,0.675854
0.993766,0.685366
-0.205278,0.846967
-0.269138,0.95801
-0.236137,0.936136
0.0197663,0.476956
-0.0328608,1.2767
0.196598,0.477398
0.771314,0.441476
0.650691,0.35813
0.755018,0.272878
0.706093,0.582041
0.745949,0.899188
0.401349,0.0739172
0.441476,0.0673803
0.785604,0.5157
0.687513,0.383444
0.803256,0.399693
0.792044,0.50757
0.705349,0.412013
0.452889,0.889757
0.161721,0.373561
0.366173,0.589236
0.358764,0.321942
0.309428,0.44066
0.274242,0.122791
0.526928,0.0145681
0.66481,0.0170955
0.288663,0.0079476
0.447361,0.324441
0.351433,0.939194
0.45498,0.184346
0.446089,0.115456
0.506311,0.216368
0.611793,0.453429
0.371034,0.150325
0.761889,0.642383
0.75836,0.784983
0.773597,0.590328
0.616979,0.574506
0.514722,0.452684
0.472872,0.358728
0.637794,0.420426
0.551803,0.506316
0.298786,0.136876
0.537399,0.0369773
0.248328,0.0893312
0.504324,0.240845
0.450089,0.183933
0.543439,0.154612
0.596928,0.133515
0.610982,0.151396
0.0970488,0.223914
0.925407,0.581552
0.325009,0.054413
0.596763,0.196472
0.295086,0.0695066
0.607073,0.0317925
0.445139,0.0516962
0.239523,0.184175
0.198789,0.357792
0.316053,0.682437
0.699968,0.391549
0.396436,0.0949865
0.604251,0.24299
0.620107,0.262059
0.499063,0.182887
1.0333,0.460982
1.05424,0.368962
1.49808,1.3251
1.22419,0.547805
0.748776,0.454734
0.350432,0.0432904
0.224411,0.0872095
0.519736,0.0466054
0.626625,0.0611157
0.0566287,0.0449624
0.0819719,0.0719412
0.8298,0.240094
0.805569,0.239266
0.63769,0.113962
0.49554,0.0483623
0.585151,0.308496
0.426727,0.895776
0.472105,0.3417
0.721771,0.591605
0.657479,0.715722
0.695195,0.702257
0.13149,0.169934
0.562385,0.0758213
0.591701,0.11775
0.275345,0.0511663
0.350129,0.192041
0.679414,0.401273
0.348696,0.0983425
0.235968,0.0658142
0.413627,0.0843394
0.365731,0.0219495
0.406176,0.131008
0.362099,0.0548976
0.383023,0.0572241
0.191246,0.130569
0.500079,0.119536
0.490639,0.0835156
0.50293,0.107257
0.45365,0.0655287
0.440283,0.288669
0.0409917,0.47628
0.0243639,0.630261
0.331431,0.764525
0.285527,0.309184
0.511327,0.127353
0.269551,0.0810265
0.486533,0.507489
0.438359,0.135464
0.42603,0.132445
0.38167,0.123591
0.417301,0.0219417
0.566608,0.0420297
0.548717,0.0663952
0.465932,0.233591
0.417393,0.146443
0.255114,0.130298
1.09825,0.914095
1.12741,0.649923
1.10879,0.636735
0.932741,0.747512
0.874006,0.962894
0.91753,1.32019
0.552763,0.159067
0.392626,0.140144
0.408744,0.277562
0.51261,0.625098
0.513239,0.399158
0.502369,0.108606
0.444192,0.489866
0.682801,0.0756691
0.35603,0.147691
0.355554,0.104191
0.681168,0.149481
0.321234,0.126917
0.821555,0.137592
0.762987,0.139579
0.873725,0.350167
0.61014,0.370047
0.918379,0.469279
0.788233,0.619306
0.715665,0.187244
0.315018,0.0661066
0.337831,0.148442
0.567197,0.494563
0.351528,0.240731
0.552751,0.0641622
0.582836,0.0738583
0.612499,0.0692874
0.164426,0.0925843
0.298286,0.234987
0.559417,0.224889
0.520929,0.202758
1.11221,0.760871
1.09149,0.889563
0.477358,0.285102
0.450367,0.30903
0.403873,0.359628
0.698814,0.719707
0.679684,0.520415
0.659194,0.681218
0.685038,0.702896
0.543897,0.195183
0.798816,0.383546
0.550141,0.457876
0.547416,0.323866
0.592399,0.280273
1.23603,0.953991
0.357046,0.131399
0.557119,0.102517
0.489263,0.239362
0.996409,0.551621
1.0763,0.243757
0.433998,0.177794
0.506643,0.0255198
0.427521,0.00201542
0.463178,6.57746e-5
0.354928,3.31461e-5
0.472512,3.9518e-5
0.278853,6.14215e-5
0.630897,9.34516e-5
0.54447,1.08327e-4
0.246578,2.41644e-4
0.517249,0.00325443
0.3976,0.00597819
0.464556,0.0060031
0.366036,0.0246298
0.375558,0.102521
0.351796,0.102022
0.23288,0.25306
0.56046,0.209528
0.407969,0.0892354
0.669865,0.260736
0.759195,0.223723
0.53155,0.137882
0.442282,0.100707
0.406072,0.562306
0.738555,0.597925
0.348405,0.725854
0.355863,0.518314
0.375263,0.435438
0.275708,0.721246
0.446148,0.14562
0.368486,0.108803
0.388956,0.222017
0.387244,0.197143
0.464846,0.11708
0.30465,0.0516566
0.439749,0.119341
0.556061,0.228855
0.506508,0.179698
0.247469,0.387789
0.548343,0.852743
0.506318,0.481383
0.53214,0.269614
0.338447,0.130114
0.40680500000000003,0.0525977
0.421859,0.0704589
0.233606,0.497482
-0.199831,0.977522
0.0974124,0.500094
0.460112,0.0652611
0.31973,0.161584
0.0696224,0.477622
0.806156,0.515698
0.539856,0.305591
0.583559,0.378594
0.568381,0.313783
0.601921,0.13344
0.570721,0.236596
0.463888,0.189619
0.520959,0.200268
0.28068,0.0968568
0.6082,0.112418
0.595363,0.084982
0.330318,0.40553
0.522167,0.308271
0.650497,0.655311
0.691397,0.434752
0.814648,0.49885
0.658359,0.328596
0.729267,0.377751
0.980595,0.706728
0.897875,0.388452
0.987889,0.523438
1.06817,0.532366
0.722822,0.467836
0.807273,0.421387
0.848415,0.403941
0.86693,0.422703
0.994201,0.481116
1.01251,0.647401
1.02279,0.58793
1.08009,0.409587
1.1939,0.630947
0.444673,0.703533
0.198802,0.417781
0.206948,1.06831
0.274915,1.04169
0.203872,0.0908101
0.242582,0.12578
0.468179,0.766746
0.7013,0.526216
0.602469,0.894391
0.574132,1.03142
0.255788,0.531476
0.219788,0.423546
0.347041,0.731132
0.421762,0.31693
0.422117,0.45179
0.349449,0.161494
0.514428,0.159078
0.472258,0.0283762
0.61769,0.018536
0.431507,0.0248114
0.24688,0.386212
0.205561,0.439226
0.224718,0.456253
0.294667,0.115028
0.267039,0.198688
0.260423,0.418566
0.138229,0.934977
0.363537,0.382599
0.392644,0.273761
-0.0205511,0.341934
-0.0265724,0.401392
0.0391766,0.466448
0.393287,0.256172
0.380946,0.258328
0.125137,0.611309
0.161055,0.438274
0.305724,0.250276
0.438181,0.178154
0.0204711,1.01009
0.181289,0.540011
0.126772,0.971334
0.821544,0.435637
0.962724,0.627335
0.176851,0.706893
0.0516265,0.714538
0.444924,0.76433
0.401108,0.867689
-0.0944634,0.553127
0.0212209,0.373117
-0.161501,0.966422
0.341095,0.138301
0.529407,0.148847
0.429323,0.125311
0.151739,0.380793
0.514745,0.459858
0.635897,0.419555
0.678553,0.127286
0.466366,0.295117
0.536161,0.214861
0.480108,0.0646645
0.531657,0.121664
0.899706,0.477437
0.641418,0.158088
0.941928,0.713647
0.811345,0.347572
0.616156,0.160373
0.694061,0.158545
0.443776,0.409185
0.24023,0.434092
0.49579,0.100956
0.573328,0.0920311
0.517138,0.0987662
0.423664,0.0504234
0.411933,0.0357968
0.52835,0.18244
0.461577,0.820752
0.549042,0.232206
0.246242,0.0298764
0.459513,0.007577
0.314589,0.02326
0.276408,0.0390647
0.572017,0.022153
0.301609,0.029773
0.532329,0.0642582
0.429216,0.105085
0.569332,0.158967
0.467295,0.142598
0.357356,0.185458
0.560499,0.257929
0.587431,0.258306
0.132823,0.241421
0.93551,0.617488
1.2094,0.433305
0.124413,0.653038
0.174925,0.581253
0.163249,0.59178
0.696028,0.642313
0.450516,0.365967
0.609681,0.330233
0.622269,0.27836
0.663191,0.209912
0.693876,0.357463
0.821254,0.243963
0.826488,0.664259
0.830553,0.713096
0.826926,0.607085
0.813331,0.429555
0.376341,0.554413
0.335374,0.13204
0.639049,0.0902781
0.697405,0.0787662
0.363466,0.13871
0.756676,0.501343
0.883955,0.843965
0.927481,0.630737
0.805214,0.570377
0.816028,0.201337
0.659148,0.280194
0.858561,0.293551
0.543481,0.233594
0.63891,0.134039
0.499292,0.221998
0.560415,0.306522
0.509609,0.138581
0.38627,0.14149
0.377373,0.0571004
0.440557,0.13508
0.377222,0.0423094
0.638002,0.15801
0.59139,0.109491
0.483906,0.171942
0.575375,0.2048
0.548778,0.30366
0.468803,0.218027
0.262526,0.2778
0.67361,0.674979
0.93745,0.358525
0.911589,0.617481
0.984635,0.614969
0.96785,0.644265
0.9122,0.955039
0.681854,0.263894
0.634796,0.460749
0.0233842,0.376225
-0.306358,0.957591
-0.310497,1.1059
-0.299011,1.08261
0.0916391,0.624495
0.374569,0.160967
0.461101,0.136647
0.577144,0.100914
0.436664,0.0544456
0.397096,0.0685518
0.443894,0.139636
0.177863,0.875904
0.608402,0.227997
0.32829,0.0173983
0.569755,0.0873298
0.372184,0.131216
0.349124,0.329335
0.597651,0.0418538
0.363921,0.0518745
0.489752,0.0115617
0.347985,0.120137
0.771921,0.479786
0.577099,0.537798
1.11373,0.496576
0.62245,0.404876
0.659329,0.252823
0.463415,0.66659
0.588858,0.175541
0.0511003,0.418431
0.183722,0.210253
0.470558,0.0586754
0.460154,0.0562755
0.634707,0.238994
0.0779649,0.562884
0.281628,0.2318
0.348144,0.17679
0.678106,0.276078
0.584153,0.331169
0.020407,0.883082
0.168973,0.432613
0.220246,0.363952
0.207781,0.357933
0.2517,0.833443
0.374703,0.393491
0.27985,0.714276
0.249155,0.599308
0.290689,0.56612
0.370377,0.724514
0.22065,0.219409
0.451631,0.815991
0.54345,0.667127
0.378336,0.207323
0.47385,0.0673936
0.314363,0.0235773
0.423608,0.0559859
0.445223,0.348559
0.193309,0.110276
0.245867,0.277449
0.435592,0.0913388
0.803003,0.605633
0.923052,0.293864
0.757074,0.529496
0.806831,0.395149
0.785483,0.395553
0.436574,0.459201
0.67632,0.595138
0.730526,0.354299
0.774411,0.669351
0.277701,0.176835
0.418311,0.139654
0.305058,0.376142
0.305718,0.364053
0.548475,0.108264
0.531188,0.249013
0.192994,0.0469473
0.515657,0.0504902
0.323683,0.0278953
0.536064,0.0263069
0.488622,0.146371
0.285855,0.0502058
0.524564,0.22717
0.330339,0.0878911
0.282214,0.136735
0.498279,0.0606041
0.490719,0.0543507
0.263761,0.387413
